ticker    ,name                                                            ,sector                ,industry                                             ,country,exchange,achievement_probability,upside_potential     ,price_target_spread_pct,analyst_conviction,eps_revision_momentum,analyst_rating_normalized,expected_return_prob_weighted,confidence_level
CEM       ,Cementir Holding N.V.                                           ,Materials             ,Construction Materials                               ,NL     ,BIT     ,0.73                   ,4.342581423401689    ,50.28901734104046      ,50.0              ,0.01566              ,72.0                     ,3.1700844390832326           ,Low
VAIAS     ,Vaisala Oyj                                                     ,Information Technology,Electronic Equipment Instruments and Components      ,FI     ,HLSE    ,0.75                   ,13.839285714285714   ,13.72549019607843      ,80.0              ,-0.003055            ,85.0                     ,10.379464285714285           ,High
2579      ,Coca-Cola Bottlers Japan Holdings Inc.                          ,Consumer Staples      ,Beverages                                            ,JP     ,TSE     ,0.7999999999999999     ,-14.321890827236917  ,44.33497536945813      ,50.0              ,0.0                  ,70.0                     ,-11.457512661789533          ,Low
HEIJM     ,Koninklijke Heijmans N.V.                                       ,Industrials           ,Construction and Engineering                         ,NL     ,ENXTAM  ,0.75                   ,-20.13232514177694   ,28.007889546351084     ,33.333333333333336,0.09681              ,66.75                    ,-15.099243856332704          ,Medium
500420    ,Torrent Pharmaceuticals Limited                                 ,Health Care           ,Pharmaceuticals                                      ,IN     ,BSE     ,0.9                    ,-0.0994096783299174  ,26.781326781326783     ,63.333333333333336,-0.021025            ,80.5                     ,-0.08946871049692566         ,Medium
6269      ,MODEC Inc.                                                      ,Energy                ,Energy Equipment and Services                        ,JP     ,TSE     ,0.82                   ,-33.82096830372692   ,81.05263157894737      ,66.66666666666667 ,0.0                  ,83.25                    ,-27.733194009056074          ,Low
NHY       ,Norsk Hydro ASA                                                 ,Materials             ,Metals and Mining                                    ,NO     ,OB      ,0.75                   ,-3.28594733162433    ,65.06024096385542      ,25.0              ,-0.02306             ,54.75                    ,-2.4644604987182475          ,Low
9843      ,Nitori Holdings Co. Ltd.                                        ,Consumer Discretionary,Specialty Retail                                     ,JP     ,TSE     ,0.78                   ,-9.74493132766514    ,41.666666666666664     ,27.272727272727273,0.0                  ,63.75                    ,-7.60104643557881            ,Low
IPCALAB   ,Ipca Laboratories Limited                                       ,Health Care           ,Pharmaceuticals                                      ,IN     ,NSEI    ,0.8999999999999999     ,6.368654907768951    ,24.11392405063291      ,72.22222222222223 ,-0.00494             ,79.5                     ,5.731789416992055            ,Medium
9041      ,Kintetsu Group Holdings Co.Ltd.                                 ,Industrials           ,Ground Transportation                                ,JP     ,TSE     ,0.9                    ,-11.137440758293838  ,6.666666666666667      ,0.0               ,0.0                  ,50.0                     ,-10.023696682464454          ,High
TFG       ,The Foschini Group Limited                                      ,Consumer Discretionary,Specialty Retail                                     ,ZA     ,JSE     ,0.12                   ,30.107003891050585   ,45.32710280373832      ,50.0              ,-0.04589             ,75.0                     ,3.61284046692607             ,Low
6460      ,Sega Sammy Holdings Inc.                                        ,Consumer Discretionary,Leisure Products                                     ,JP     ,TSE     ,0.46                   ,38.97662665824384    ,36.36363636363637      ,72.72727272727273 ,0.0                  ,84.0                     ,17.929248262792164           ,Low
INCO      ,PT Vale Indonesia Tbk                                           ,Materials             ,Metals and Mining                                    ,ID     ,IDX     ,0.82                   ,9.613870967741935    ,84.74204171240395      ,78.57142857142857 ,-0.037505            ,84.0                     ,7.883374193548386            ,Low
EXCL      ,PT XLSMART Telecom Sejahtera Tbk                                ,Communication Services,Wireless Telecommunication Services                  ,ID     ,IDX     ,0.55                   ,14.912280701754385   ,88.54961832061069      ,20.0              ,0.0                  ,60.0                     ,8.201754385964913            ,Low
ARCLK     ,Arçelik Anonim Sirketi                                          ,Consumer Discretionary,Household Durables                                   ,TR     ,IBSE    ,0.35000000000000003    ,22.288519637462237   ,71.02711382867025      ,61.53846153846154 ,-0.467935            ,78.75                    ,7.800981873111784            ,Low
1969      ,Takasago Thermal Engineering Co. Ltd.                           ,Industrials           ,Building Products                                    ,JP     ,TSE     ,0.82                   ,-3.8648281219654304  ,59.5959595959596       ,50.0              ,0.0                  ,75.0                     ,-3.1691590600116526          ,Low
JEN       ,Jenoptik AG                                                     ,Information Technology,Electronic Equipment Instruments and Components      ,DE     ,XTRA    ,0.9                    ,-2.386117136659436   ,38.888888888888886     ,77.77777777777777 ,-0.028565            ,90.75                    ,-2.1475054229934925          ,Low
3088      ,MatsukiyoCocokara & Co.                                         ,Consumer Staples      ,Consumer Staples Distribution and Retail             ,JP     ,TSE     ,0.5                    ,27.319025100036377   ,32.57142857142857      ,70.0              ,0.0                  ,80.0                     ,13.659512550018189           ,Medium
6592      ,Mabuchi Motor Co. Ltd.                                          ,Industrials           ,Electrical Equipment                                 ,JP     ,TSE     ,0.77                   ,-9.965849115181621   ,50.0                   ,0.0               ,0.0                  ,52.5                     ,-7.673703818689848           ,Low
1911      ,Sumitomo Forestry Co. Ltd.                                      ,Consumer Discretionary,Household Durables                                   ,JP     ,TSE     ,0.8800000000000001     ,10.893307196863624   ,12.121212121212121     ,100.0             ,0.0                  ,95.0                     ,9.58611033323999             ,High
7984      ,Kokuyo Co. Ltd.                                                 ,Industrials           ,Commercial Services and Supplies                     ,JP     ,TSE     ,0.86                   ,3.4996688010598365   ,10.666666666666666     ,50.0              ,0.0                  ,68.75                    ,3.0097151689114594           ,High
4403      ,NOF Corporation                                                 ,Materials             ,Chemicals                                            ,JP     ,TSE     ,0.53                   ,25.644329896907216   ,28.205128205128204     ,66.66666666666667 ,0.0                  ,85.0                     ,13.591494845360826           ,Medium
TAQA      ,Abu Dhabi National Energy Company PJSC                          ,Utilities             ,Multi-Utilities                                      ,AE     ,ADX     ,0.6                    ,2.73972602739726     ,65.0                   ,25.0              ,0.0                  ,33.25                    ,1.643835616438356            ,Low
COLR      ,Colruyt Group N.V.                                              ,Consumer Staples      ,Consumer Staples Distribution and Retail             ,BE     ,ENXTBR  ,0.6599999999999999     ,6.594656054576464    ,50.82666666666667      ,11.11111111111111 ,0.02051              ,61.0                     ,4.352472996020466            ,Low
4324      ,Dentsu Group Inc.                                               ,Communication Services,Media                                                ,JP     ,TSE     ,0.53                   ,15.156646909398814   ,35.294117647058826     ,20.0              ,0.0                  ,58.25                    ,8.033022861981372            ,Low
2181      ,Persol Holdings Co.Ltd.                                         ,Industrials           ,Professional Services                                ,JP     ,TSE     ,0.37                   ,23.314065510597302   ,46.875                 ,50.0              ,0.0                  ,68.75                    ,8.626204238921002            ,Low
6465      ,Hoshizaki Corporation                                           ,Industrials           ,Machinery                                            ,JP     ,TSE     ,0.7200000000000001     ,19.532226388144974   ,24.495892457057504     ,77.77777777777777 ,0.0                  ,83.25                    ,14.063202999464382           ,Medium
9364      ,Kamigumi Co. Ltd.                                               ,Industrials           ,Transportation Infrastructure                        ,JP     ,TSE     ,0.85                   ,-0.47050307636626854 ,21.818181818181817     ,66.66666666666667 ,0.0                  ,75.0                     ,-0.3999276149113282          ,Medium
TOM       ,Tomra Systems ASA                                               ,Industrials           ,Machinery                                            ,NO     ,OB      ,0.35000000000000003    ,21.156372549019608   ,55.62782122709133      ,62.5              ,-0.04901             ,75.0                     ,7.404730392156863            ,Low
ALKEM     ,Alkem Laboratories Limited                                      ,Health Care           ,Pharmaceuticals                                      ,IN     ,NSEI    ,0.47000000000000003    ,13.836186950485887   ,45.13821138211382      ,23.80952380952381 ,-0.00772             ,57.25                    ,6.5030078667283675           ,Low
9147      ,Nippon Express Holdings Inc.                                    ,Industrials           ,Air Freight and Logistics                            ,JP     ,TSE     ,0.6699999999999999     ,1.3420980553273076   ,46.486486486486484     ,44.44444444444444 ,0.0                  ,69.5                     ,0.899205697069296            ,Low
GMRAIRPORT,GMR Airports Limited                                            ,Industrials           ,Transportation Infrastructure                        ,IN     ,NSEI    ,0.55                   ,20.706157609273635   ,30.837004405286343     ,83.33333333333333 ,-0.00385             ,87.5                     ,11.3883866851005             ,Medium
ADPORTS   ,Abu Dhabi Ports Company PJSC                                    ,Industrials           ,Transportation Infrastructure                        ,AE     ,ADX     ,0.37                   ,32.32514177693762    ,48.57142857142857      ,75.0              ,0.04302              ,81.25                    ,11.96030245746692            ,Low
A298380   ,ABL Bio Inc.                                                    ,Health Care           ,Biotechnology                                        ,KR     ,KOSDAQ  ,0.82                   ,3.036876355748373    ,102.10526315789474     ,83.33333333333333 ,0.0                  ,85.0                     ,2.4902386117136657           ,Low
9007      ,Odakyu Electric Railway Co. Ltd.                                ,Industrials           ,Ground Transportation                                ,JP     ,TSE     ,0.7                    ,4.590354445090064    ,22.22222222222222      ,40.0              ,0.0                  ,65.0                     ,3.2132481115630447           ,Medium
NH        ,Narayana Hrudayalaya Limited                                    ,Health Care           ,Health Care Providers and Services                   ,IN     ,NSEI    ,0.42000000000000004    ,10.451697988789977   ,47.014925373134325     ,27.272727272727273,-0.010705            ,63.75                    ,4.3897131552917905           ,Low
1860      ,Toda Corporation                                                ,Industrials           ,Construction and Engineering                         ,JP     ,TSE     ,0.85                   ,-22.85060477280157   ,33.898305084745765     ,0.0               ,0.0                  ,50.0                     ,-19.423014056881335          ,Medium
A082740   ,Hanwha Engine Co. Ltd.                                          ,Industrials           ,Machinery                                            ,KR     ,KOSE    ,0.8                    ,18.51851851851852    ,28.125                 ,85.71428571428571 ,0.25738              ,91.75                    ,14.814814814814817           ,Medium
FORTIS    ,Fortis Healthcare Limited                                       ,Health Care           ,Health Care Providers and Services                   ,IN     ,NSEI    ,0.75                   ,19.225524952277066   ,21.50045745654163      ,76.47058823529412 ,-0.001465            ,83.75                    ,14.419143714207799           ,Medium
7272      ,Yamaha Motor Co. Ltd.                                           ,Consumer Discretionary,Automobiles                                          ,JP     ,TSE     ,0.78                   ,-11.39240506329114   ,42.857142857142854     ,0.0               ,0.0                  ,50.0                     ,-8.88607594936709            ,Low
5020      ,ENEOS Holdings Inc.                                             ,Energy                ,Oil Gas and Consumable Fuels                         ,JP     ,TSE     ,0.9                    ,-14.766748509294985  ,85.59670781893004      ,75.0              ,0.0                  ,78.25                    ,-13.290073658365486          ,Low
4681      ,Resorttrust Inc.                                                ,Consumer Discretionary,Hotels Restaurants and Leisure                       ,JP     ,TSE     ,0.5700000000000001     ,20.14529198100028    ,18.6046511627907       ,71.42857142857143 ,0.0                  ,87.5                     ,11.48281642917016            ,High
A079550   ,LIG Nex1 Co. Ltd.                                               ,Industrials           ,Aerospace and Defense                                ,KR     ,KOSE    ,0.37                   ,35.43478260869565    ,47.8330658105939       ,85.71428571428571 ,0.029455             ,84.5                     ,13.11086956521739            ,Low
4004      ,Resonac Holdings Corporation                                    ,Materials             ,Chemicals                                            ,JP     ,TSE     ,0.9                    ,-23.323471400394478  ,82.31511254019293      ,83.33333333333333 ,0.0                  ,85.5                     ,-20.99112426035503           ,Low
7936      ,ASICS Corporation                                               ,Consumer Discretionary,Textiles Apparel and Luxury Goods                    ,JP     ,TSE     ,0.82                   ,8.05277525022748     ,42.10526315789474      ,85.71428571428571 ,0.0                  ,85.75                    ,6.603275705186533            ,Low
TENNIND   ,Tenneco Clean Air India Limited                                 ,Consumer Discretionary,Automobile Components                                ,IN     ,NSEI    ,0.8099999999999999     ,8.831400535236396    ,37.21311475409836      ,33.333333333333336,-0.002265            ,66.75                    ,7.15343443354148             ,Low
4543      ,Terumo Corporation                                              ,Health Care           ,Health Care Equipment and Supplies                   ,JP     ,TSE     ,0.25                   ,56.67744342203432    ,44.44444444444444      ,78.57142857142857 ,0.0                  ,85.75                    ,14.16936085550858            ,Low
1928      ,Sands China Ltd.                                                ,Consumer Discretionary,Hotels Restaurants and Leisure                       ,MO     ,SEHK    ,0.6000000000000001     ,24.303783783783782   ,22.811160104712954     ,95.23809523809524 ,-0.033535            ,91.75                    ,14.582270270270271           ,Medium
A402340   ,SK Square Co. Ltd.                                              ,Industrials           ,Industrial Conglomerates                             ,KR     ,KOSE    ,0.85                   ,0.35842293906810035  ,87.5                   ,100.0             ,1.13919              ,91.75                    ,0.3046594982078853           ,Low
ENRIN     ,Siemens Energy India Limited                                    ,Industrials           ,Electrical Equipment                                 ,IN     ,NSEI    ,0.5900000000000001     ,14.04693259370096    ,38.4                   ,0.0               ,-0.016975            ,52.25                    ,8.287690230283568            ,Low
ELK       ,Elkem ASA                                                       ,Materials             ,Chemicals                                            ,NO     ,OB      ,0.53                   ,28.2                 ,31.201248049921997     ,66.66666666666667 ,0.03593              ,79.25                    ,14.946                       ,Medium
RS1       ,RS Group plc                                                    ,Industrials           ,Trading Companies and Distributors                   ,GB     ,LSE     ,0.9                    ,-0.06906077348066299 ,44.2294402211472       ,70.58823529411765 ,0.010395             ,81.0                     ,-0.06215469613259669         ,Low
CAP       ,Capgemini SE                                                    ,Information Technology,IT Services                                          ,FR     ,ENXTPA  ,0.28                   ,66.90510252742013    ,35.42857142857143      ,68.42105263157895 ,0.03023              ,83.25                    ,18.733428707677636           ,Low
UNVR      ,PT Unilever Indonesia Tbk                                       ,Consumer Staples      ,Household Products                                   ,ID     ,IDX     ,0.47000000000000003    ,11.956521739130435   ,81.55339805825243      ,16.666666666666668,0.04957              ,59.75                    ,5.619565217391305            ,Low
BTA       ,BT Group plc                                                    ,Communication Services,Diversified Telecommunication Services               ,GB     ,LSE     ,0.77                   ,-0.6181645268663813  ,82.29665071770334      ,0.0               ,0.01773              ,50.0                     ,-0.47598668568711366         ,Low
9006      ,Keikyu Corporation                                              ,Industrials           ,Ground Transportation                                ,JP     ,TSE     ,0.73                   ,3.008502289077829    ,10.158730158730158     ,25.0              ,0.0                  ,43.75                    ,2.196206671026815            ,High
MINT      ,Minor International Public Company Limited                      ,Consumer Discretionary,Hotels Restaurants and Leisure                       ,TH     ,SET     ,0.6000000000000001     ,29.906542056074766   ,30.93525179856115      ,100.0             ,0.03356              ,96.0                     ,17.943925233644862           ,Medium
NAS       ,Norwegian Air Shuttle ASA                                       ,Industrials           ,Passenger Airlines                                   ,NO     ,OB      ,0.63                   ,12.392783200236616   ,21.05263157894737      ,50.0              ,0.121185             ,70.75                    ,7.807453416149069            ,Medium
KALMAR    ,Kalmar Oyj                                                      ,Industrials           ,Machinery                                            ,FI     ,HLSE    ,0.7799999999999999     ,9.914759982054733    ,30.612244897959183     ,60.0              ,0.023305             ,75.0                     ,7.733512786002691            ,Medium
BSR       ,Binh Son Refining and Petrochemical Joint Stock Company         ,Energy                ,Oil Gas and Consumable Fuels                         ,VN     ,HOSE    ,0.88                   ,-39.3441587755102    ,0.0                    ,0.0               ,0.0                  ,50.0                     ,-34.62285972244898           ,Low
A006260   ,LS Corp.                                                        ,Industrials           ,Electrical Equipment                                 ,KR     ,KOSE    ,0.8                    ,18.951612903225808   ,27.11864406779661      ,100.0             ,-0.05972             ,89.25                    ,15.161290322580648           ,Medium
SCOM      ,Safaricom PLC                                                   ,Communication Services,Wireless Telecommunication Services                  ,KE     ,NASE    ,0.7899999999999999     ,6.0382916053019144   ,53.333333333333336     ,71.42857142857143 ,0.03472              ,82.25                    ,4.770250368188512            ,Low
PHX       ,Phoenix Group Plc                                               ,Information Technology,Software                                             ,AE     ,ADX     ,0.22999999999999998    ,218.56687898089172   ,0.0                    ,                  ,0.0                  ,-25.0                    ,50.27038216560509            ,Low
A214150   ,CLASSYS Inc.                                                    ,Health Care           ,Health Care Equipment and Supplies                   ,KR     ,KOSDAQ  ,0.6200000000000001     ,15.930599369085174   ,47.61904761904762      ,93.75             ,-0.00908             ,86.0                     ,9.87697160883281             ,Low
NAUKRI    ,Info Edge (India) Limited                                       ,Communication Services,Interactive Media and Services                       ,IN     ,NSEI    ,0.22                   ,38.681973534309      ,47.39336492890995      ,63.63636363636363 ,0.837735             ,76.25                    ,8.51003417754798             ,Low
534309    ,NBCC (India) Limited                                            ,Industrials           ,Construction and Engineering                         ,IN     ,BSE     ,0.38                   ,48.827726809378184   ,0.0                    ,50.0              ,-0.007545            ,100.0                    ,18.55453618756371            ,Low
4612      ,Nippon Paint Holdings Co. Ltd.                                  ,Materials             ,Chemicals                                            ,JP     ,TSE     ,0.6799999999999999     ,7.0265239646347135   ,47.82608695652174      ,36.36363636363637 ,0.0                  ,63.75                    ,4.778036295951605            ,Low
TALABAT   ,Talabat Holding plc                                             ,Consumer Discretionary,Hotels Restaurants and Leisure                       ,AE     ,DFM     ,0.23                   ,85.83042973286875    ,56.25                  ,93.33333333333333 ,-0.060915            ,88.25                    ,19.740998838559815           ,Low
QQ        ,QinetiQ Group plc                                               ,Industrials           ,Aerospace and Defense                                ,GB     ,LSE     ,0.6900000000000001     ,15.525672371638143   ,38.80070546737213      ,60.0              ,0.01064              ,77.5                     ,10.712713936430319           ,Low
2501      ,Sapporo Holdings Limited                                        ,Consumer Staples      ,Beverages                                            ,JP     ,TSE     ,0.9                    ,-37.25073118851369   ,42.3728813559322       ,80.0              ,0.0                  ,20.0                     ,-33.52565806966232           ,Low
7747      ,Asahi Intecc Co. Ltd.                                           ,Health Care           ,Health Care Equipment and Supplies                   ,JP     ,TSE     ,0.32                   ,30.76923076923077    ,50.0                   ,80.0              ,0.0                  ,85.0                     ,9.846153846153847            ,Low
SOON      ,Sonova Holding AG                                               ,Health Care           ,Health Care Equipment and Supplies                   ,CH     ,SWX     ,0.56                   ,13.69378473976756    ,62.22222222222222      ,5.2631578947368425,-0.01405             ,52.75                    ,7.668519454269834            ,Low
9735      ,SECOM CO. LTD.                                                  ,Industrials           ,Commercial Services and Supplies                     ,JP     ,TSE     ,0.9                    ,-1.8106995884773662  ,10.896898575020955     ,16.666666666666668,0.0                  ,58.25                    ,-1.6296296296296295          ,High
IRB       ,IRB Infrastructure Developers Limited                           ,Industrials           ,Construction and Engineering                         ,IN     ,NSEI    ,0.63                   ,29.486597001363016   ,35.08771929824562      ,83.33333333333333 ,-0.07035             ,79.25                    ,18.5765561108587             ,Low
6361      ,Ebara Corporation                                               ,Industrials           ,Machinery                                            ,JP     ,TSE     ,0.9                    ,-6.656609466339807   ,44.44444444444444      ,72.72727272727273 ,0.0                  ,85.0                     ,-5.990948519705826           ,Low
4578      ,Otsuka Holdings Co. Ltd.                                        ,Health Care           ,Pharmaceuticals                                      ,JP     ,TSE     ,0.7                    ,1.5588096362777515   ,42.7906976744186       ,66.66666666666667 ,0.0                  ,77.0                     ,1.091166745394426            ,Low
6871      ,Micronics Japan Co. Ltd.                                        ,Information Technology,Semiconductors and Semiconductor Equipment           ,JP     ,TSE     ,0.82                   ,-27.966101694915253  ,48.36601307189542      ,50.0              ,0.0                  ,87.5                     ,-22.932203389830505          ,Low
A310210   ,Voronoi Inc.                                                    ,Health Care           ,Biotechnology                                        ,KR     ,KOSDAQ  ,0.6000000000000001     ,27.058823529411764   ,29.62962962962963      ,100.0             ,0.0                  ,93.75                    ,16.23529411764706            ,Medium
2503      ,Kirin Holdings Company Limited                                  ,Consumer Staples      ,Beverages                                            ,JP     ,TSE     ,0.9                    ,-3.530773683195061   ,40.0                   ,30.76923076923077 ,0.0                  ,61.5                     ,-3.177696314875555           ,Low
7911      ,TOPPAN Holdings Inc.                                            ,Industrials           ,Commercial Services and Supplies                     ,JP     ,TSE     ,0.68                   ,22.699386503067483   ,1.6666666666666667     ,100.0             ,0.0                  ,93.75                    ,15.43558282208589            ,High
7733      ,Olympus Corporation                                             ,Health Care           ,Health Care Equipment and Supplies                   ,JP     ,TSE     ,0.7                    ,7.96221322537112     ,35.0                   ,21.428571428571427,0.0                  ,60.75                    ,5.573549257759784            ,Low
5706      ,Mitsui Kinzoku Company Limited                                  ,Materials             ,Metals and Mining                                    ,JP     ,TSE     ,0.9                    ,-15.22230595327807   ,53.333333333333336     ,88.88888888888889 ,0.0                  ,86.0                     ,-13.700075357950263          ,Low
7912      ,Dai Nippon Printing Co. Ltd.                                    ,Industrials           ,Commercial Services and Supplies                     ,JP     ,TSE     ,0.85                   ,-11.219358893777498  ,28.31858407079646      ,50.0              ,0.0                  ,62.5                     ,-9.536455059710873           ,Medium
COH       ,Cochlear Limited                                                ,Health Care           ,Health Care Equipment and Supplies                   ,AU     ,ASX     ,0.15                   ,50.35618913763678    ,36.72302426790982      ,13.333333333333334,0.015975             ,58.25                    ,7.553428370645517            ,Low
A003230   ,Samyang Foods Co. Ltd.                                          ,Consumer Staples      ,Food Products                                        ,KR     ,KOSE    ,0.30000000000000004    ,51.260504201680675   ,22.22222222222222      ,100.0             ,0.0217               ,91.75                    ,15.378151260504204           ,Medium
4088      ,Air Water Inc.                                                  ,Materials             ,Chemicals                                            ,JP     ,TSE     ,0.52                   ,19.748325553074892   ,56.94915254237288      ,50.0              ,0.0                  ,68.75                    ,10.269129287598945           ,Low
AKER      ,Aker ASA                                                        ,Industrials           ,Industrial Conglomerates                             ,NO     ,OB      ,0.78                   ,-5.793025871766029   ,36.417910447761194     ,40.0              ,0.0                  ,65.0                     ,-4.518560179977503           ,Low
5105      ,Toyo Tire Corporation                                           ,Consumer Discretionary,Automobile Components                                ,JP     ,TSE     ,0.7799999999999999     ,4.119511090991399    ,36.95652173913044      ,54.54545454545455 ,0.0                  ,72.75                    ,3.2132186509732907           ,Low
AC        ,Air Canada                                                      ,Industrials           ,Passenger Airlines                                   ,CA     ,TSX     ,0.4                    ,20.987654320987655   ,57.95918367346939      ,62.5              ,-0.04436             ,76.5                     ,8.395061728395062            ,Low
HUH1V     ,Huhtamäki Oyj                                                   ,Materials             ,Containers and Packaging                             ,FI     ,HLSE    ,0.7200000000000001     ,16.866708780795957   ,33.78378378378378      ,80.0              ,0.03507              ,85.0                     ,12.14403032217309            ,Medium
USFD      ,US Foods Holding Corp.                                          ,Consumer Staples      ,Consumer Staples Distribution and Retail             ,US     ,NYSE    ,0.9                    ,2.0714500150105075   ,35.294117647058826     ,82.3529411764706  ,0.01135              ,88.25                    ,1.8643050135094568           ,Low
SAF       ,Safran SA                                                       ,Industrials           ,Aerospace and Defense                                ,FR     ,ENXTPA  ,0.7799999999999999     ,2.1634615384615383   ,36.76470588235294      ,61.904761904761905,0.03426              ,78.5                     ,1.6874999999999998           ,Low
TXNM      ,TXNM Energy Inc.                                                ,Utilities             ,Electric Utilities                                   ,US     ,NYSE    ,0.73                   ,3.1123481781376516   ,3.6809815950920246     ,16.666666666666668,-0.022645            ,54.25                    ,2.2720141700404857           ,High
ATMU      ,Atmus Filtration Technologies Inc.                              ,Industrials           ,Machinery                                            ,US     ,NYSE    ,0.9                    ,-7.985028072364317   ,16.949152542372882     ,80.0              ,0.025735             ,85.0                     ,-7.1865252651278855          ,High
UI        ,Ubiquiti Inc.                                                   ,Information Technology,Communications Equipment                             ,US     ,NYSE    ,0.9                    ,-13.409993611643474  ,30.95429029671211      ,0.0               ,0.416665             ,50.0                     ,-12.068994250479127          ,Medium
MG        ,Magna International Inc.                                        ,Consumer Discretionary,Automobile Components                                ,CA     ,TSX     ,0.88                   ,-29.045765611633875  ,39.4233261599484       ,15.789473684210526,0.0065               ,55.25                    ,-25.56027373823781           ,Low
TOI       ,Topicus.com Inc.                                                ,Information Technology,Software                                             ,NL     ,TSXV    ,0.30000000000000004    ,123.9016181988743    ,21.905612818045984     ,100.0             ,-0.017085            ,83.25                    ,37.170485459662295           ,Medium
AL        ,Air Lease Corporation                                           ,Industrials           ,Trading Companies and Distributors                   ,US     ,NYSE    ,0.7799999999999999     ,0.4171172562953808   ,0.0                    ,0.0               ,0.01267              ,50.0                     ,0.325351459910397            ,Low
CCO       ,Cameco Corporation                                              ,Energy                ,Oil Gas and Consumable Fuels                         ,CA     ,TSX     ,0.75                   ,13.680654800571652   ,46.285714285714285     ,85.71428571428571 ,-0.026005            ,82.25                    ,10.26049110042874            ,Low
SXT       ,Sensient Technologies Corporation                               ,Materials             ,Chemicals                                            ,US     ,NYSE    ,0.53                   ,28.990648178007095   ,8.333333333333334      ,66.66666666666667 ,0.007795             ,75.0                     ,15.365043534343762           ,High
AAP       ,Advance Auto Parts Inc.                                         ,Consumer Discretionary,Specialty Retail                                     ,US     ,NYSE    ,0.8099999999999999     ,-6.542056074766355   ,81.81818181818181      ,3.7037037037037037,0.01409              ,50.0                     ,-5.299065420560748           ,Low
BME       ,B&M European Value Retail S.A.                                  ,Consumer Discretionary,Broadline Retail                                     ,LU     ,LSE     ,0.48000000000000004    ,10.558319513543394   ,67.5                   ,52.94117647058823 ,-0.144215            ,73.5                     ,5.067993366500829            ,Low
ZTS       ,Zoetis Inc.                                                     ,Health Care           ,Pharmaceuticals                                      ,US     ,NYSE    ,0.56                   ,14.488748519542044   ,46.206896551724135     ,55.0              ,0.02141              ,72.5                     ,8.113699170943546            ,Low
AFG       ,AF Gruppen ASA                                                  ,Industrials           ,Construction and Engineering                         ,NO     ,OB      ,0.9                    ,-10.054347826086957  ,36.858006042296076     ,50.0              ,0.143075             ,25.0                     ,-9.048913043478262           ,Low
H         ,Hydro One Limited                                               ,Utilities             ,Electric Utilities                                   ,CA     ,TSX     ,0.85                   ,-6.144855675579954   ,28.30188679245283      ,14.285714285714286,0.050645             ,44.75                    ,-5.223127324242961           ,Medium
MRNA      ,Moderna Inc.                                                    ,Health Care           ,Biotechnology                                        ,US     ,NasdaqGS,0.83                   ,-26.59246980819323   ,396.7741935483871      ,4.166666666666667 ,0.0                  ,52.0                     ,-22.07174994080038           ,Low
TRP       ,TC Energy Corporation                                           ,Energy                ,Oil Gas and Consumable Fuels                         ,CA     ,TSX     ,0.88                   ,-7.535829865926953   ,37.5                   ,52.17391304347826 ,-0.00122             ,70.75                    ,-6.631530282015719           ,Low
ENB       ,Enbridge Inc.                                                   ,Energy                ,Oil Gas and Consumable Fuels                         ,CA     ,TSX     ,0.85                   ,-3.1377899045020463  ,25.35211267605634      ,39.130434782608695,0.014125             ,67.5                     ,-2.6671214188267394          ,Medium
AEE       ,Ameren Corporation                                              ,Utilities             ,Multi-Utilities                                      ,US     ,NYSE    ,0.75                   ,0.02703433360367667  ,23.423423423423422     ,46.666666666666664,0.003695             ,73.25                    ,0.0202757502027575           ,Medium
539006    ,PTC Industries Limited                                          ,Materials             ,Metals and Mining                                    ,IN     ,BSE     ,0.6000000000000001     ,25.181269334262012   ,17.604868506846337     ,100.0             ,-0.009905            ,100.0                    ,15.108761600557209           ,High
AZJ       ,Aurizon Holdings Limited                                        ,Industrials           ,Ground Transportation                                ,AU     ,ASX     ,0.72                   ,-3.8997214484679668  ,43.82028985507247      ,13.333333333333334,0.04543              ,56.75                    ,-2.807799442896936           ,Low
2050      ,Savola Group Company                                            ,Consumer Staples      ,Food Products                                        ,SA     ,SASE    ,0.25                   ,45.73510501500214    ,41.470588235294116     ,33.333333333333336,0.01228              ,66.75                    ,11.433776253750535           ,Low
JBH       ,JB Hi-Fi Limited                                                ,Consumer Discretionary,Specialty Retail                                     ,AU     ,ASX     ,0.25                   ,25.19561815336463    ,64.58333333333333      ,13.333333333333334,0.051265             ,56.75                    ,6.298904538341158            ,Low
TWE       ,Treasury Wine Estates Limited                                   ,Consumer Staples      ,Beverages                                            ,AU     ,ASX     ,0.83                   ,-0.7633587786259542  ,73.07692307692308      ,6.666666666666667 ,-0.16071             ,51.75                    ,-0.633587786259542           ,Low
S59       ,SIA Engineering Company Limited                                 ,Industrials           ,Transportation Infrastructure                        ,SG     ,SGX     ,0.8                    ,15.606936416184972   ,5.5                    ,75.0              ,0.04575              ,81.25                    ,12.485549132947979           ,High
4631      ,DIC Corporation                                                 ,Materials             ,Chemicals                                            ,JP     ,TSE     ,0.9                    ,-3.5294117647058822  ,12.195121951219512     ,33.333333333333336,0.0                  ,66.75                    ,-3.176470588235294           ,High
5108      ,Bridgestone Corporation                                         ,Consumer Discretionary,Automobile Components                                ,JP     ,TSE     ,0.6499999999999999     ,2.174482577940791    ,52.56410256410256      ,57.142857142857146,0.0                  ,73.0                     ,1.4134136756615139           ,Low
DELTA     ,Delta Electronics (Thailand) Public Company Limited             ,Information Technology,Electronic Equipment Instruments and Components      ,TH     ,SET     ,0.82                   ,-11.805555555555555  ,70.86614173228347      ,37.5              ,0.040215             ,67.25                    ,-9.680555555555555           ,Low
151       ,Want Want China Holdings Limited                                ,Consumer Staples      ,Food Products                                        ,HK     ,SEHK    ,0.47000000000000003    ,15.477822580645162   ,56.61958552298479      ,35.294117647058826,-0.011485            ,67.75                    ,7.2745766129032265           ,Low
ANN       ,Ansell Limited                                                  ,Health Care           ,Health Care Equipment and Supplies                   ,AU     ,ASX     ,0.5800000000000001     ,14.445012787723785   ,16.692645481362295     ,20.0              ,0.03366              ,57.5                     ,8.378107416879796            ,High
KPJ       ,KPJ Healthcare Berhad                                           ,Health Care           ,Health Care Providers and Services                   ,MY     ,KLSE    ,0.75                   ,3.942652329749104    ,23.103448275862068     ,50.0              ,0.011235             ,73.5                     ,2.956989247311828            ,Medium
NLMK      ,Public Joint Stock Company Novolipetsk Steel                    ,Materials             ,Metals and Mining                                    ,RU     ,MISX    ,0.9                    ,3.6923913043478263   ,0.0                    ,100.0             ,0.012545             ,100.0                    ,3.323152173913044            ,Low
1060      ,Damai Entertainment Holdings Limited                            ,Communication Services,Entertainment                                        ,CN     ,SEHK    ,0.52                   ,28.489583333333332   ,41.13498175922172      ,100.0             ,-0.015255            ,94.75                    ,14.814583333333333           ,Low
THEON     ,Theon International Plc                                         ,Industrials           ,Aerospace and Defense                                ,CY     ,ENXTAM  ,0.4                    ,26.523887973640857   ,45.182291666666664     ,55.55555555555556 ,0.028555             ,81.25                    ,10.609555189456344           ,Low
ALCN      ,Alexandria Container&Cargo Handling Company                     ,Industrials           ,Transportation Infrastructure                        ,EG     ,CASE    ,0.9                    ,-6.746031746031746   ,10.212765957446809     ,0.0               ,0.04106              ,50.0                     ,-6.071428571428571           ,High
CDB       ,Celcomdigi Berhad                                               ,Communication Services,Wireless Telecommunication Services                  ,MY     ,KLSE    ,0.48000000000000004    ,13.636363636363637   ,71.17241379310344      ,18.181818181818183,-0.02933             ,60.25                    ,6.545454545454546            ,Low
OTTR      ,Otter Tail Corporation                                          ,Utilities             ,Electric Utilities                                   ,US     ,NasdaqGS,0.9                    ,-5.852994555353902   ,0.0                    ,33.333333333333336,0.02181              ,66.75                    ,-5.267695099818512           ,Low
SON       ,Sonoco Products Company                                         ,Materials             ,Containers and Packaging                             ,US     ,NYSE    ,0.75                   ,2.574027482097929    ,26.41509433962264      ,50.0              ,-0.015525            ,75.0                     ,1.930520611573447            ,Medium
VCT       ,Vicat S.A.                                                      ,Materials             ,Construction Materials                               ,FR     ,ENXTPA  ,0.51                   ,28.45303867403315    ,24.731182795698924     ,60.0              ,0.023765             ,75.0                     ,14.511049723756907           ,Medium
ALPHADHABI,Alpha Dhabi Holding PJSC                                        ,Industrials           ,Industrial Conglomerates                             ,AE     ,ADX     ,0.31                   ,30.952380952380953   ,0.0                    ,0.0               ,0.0                  ,50.0                     ,9.595238095238095            ,Low
3918      ,NagaCorp Ltd.                                                   ,Consumer Discretionary,Hotels Restaurants and Leisure                       ,KH     ,SEHK    ,0.45                   ,44.88478260869565    ,22.523144327576635     ,83.33333333333333 ,0.05026              ,87.5                     ,20.198152173913044           ,Medium
2702      ,McDonald's Holdings Company (Japan) Ltd.                        ,Consumer Discretionary,Hotels Restaurants and Leisure                       ,JP     ,TSE     ,0.68                   ,10.325318246110326   ,0.0                    ,50.0              ,0.0                  ,75.0                     ,7.0212164073550225           ,Low
4013      ,Dr. Sulaiman Al Habib Medical Services Group Company            ,Health Care           ,Health Care Providers and Services                   ,SA     ,SASE    ,0.52                   ,14.953632148377125   ,43.36134453781513      ,41.666666666666664,-0.01403             ,70.5                     ,7.775888717156105            ,Low
4030      ,The National Shipping Company of Saudi Arabia                   ,Energy                ,Oil Gas and Consumable Fuels                         ,SA     ,SASE    ,0.8099999999999999     ,8.431758530183727    ,12.405446293494705     ,50.0              ,-0.117205            ,62.5                     ,6.829724409448818            ,High
EREGL     ,Eregli Demir ve Çelik Fabrikalari T.A.S.                        ,Materials             ,Metals and Mining                                    ,TR     ,IBSE    ,0.6                    ,1.4198782961460445   ,81.14333333333333      ,15.384615384615385,-0.15327             ,55.75                    ,0.8519269776876267           ,Low
SEK       ,SEEK Limited                                                    ,Communication Services,Interactive Media and Services                       ,AU     ,ASX     ,0.32                   ,87.34217171717172    ,33.36141533277169      ,92.85714285714286 ,0.061015             ,89.25                    ,27.94949494949495            ,Medium
SINCH     ,Sinch AB (publ)                                                 ,Information Technology,Software                                             ,SE     ,OM      ,0.09999999999999999    ,57.03517587939699    ,64.0                   ,33.333333333333336,-0.010365            ,64.0                     ,5.703517587939698            ,Low
GMAB      ,Genmab A/S                                                      ,Health Care           ,Biotechnology                                        ,DK     ,CPSE    ,0.52                   ,17.35363612496718    ,85.23489932885906      ,53.333333333333336,0.078385             ,75.0                     ,9.023890784982935            ,Low
7010      ,Saudi Telecom Company                                           ,Communication Services,Diversified Telecommunication Services               ,SA     ,SASE    ,0.7799999999999999     ,8.753907994640464    ,22.587268993839835     ,52.94117647058823 ,0.011085             ,73.5                     ,6.828048235819561            ,Medium
IHG       ,InterContinental Hotels Group PLC                               ,Consumer Discretionary,Hotels Restaurants and Leisure                       ,GB     ,LSE     ,0.77                   ,-5.174180327868853   ,82.99067170898613      ,31.25             ,0.001055             ,62.5                     ,-3.9841188524590168          ,Low
ALBH      ,Aluminium Bahrain B.S.C.                                        ,Materials             ,Metals and Mining                                    ,BH     ,BAX     ,0.5800000000000001     ,46.118721461187214   ,3.125                  ,100.0             ,-0.01468             ,91.75                    ,26.748858447488587           ,High
HACK      ,Hacksaw AB (publ)                                               ,Communication Services,Entertainment                                        ,SE     ,OM      ,0.36                   ,80.90670289855072    ,10.146254024363987     ,100.0             ,0.006115             ,100.0                    ,29.12641304347826            ,High
MMT       ,Métropole Télévision S.A.                                       ,Communication Services,Media                                                ,FR     ,ENXTPA  ,0.54                   ,12.068965517241379   ,38.46153846153846      ,42.857142857142854,-0.02107             ,35.75                    ,6.517241379310345            ,Low
AOT       ,Airports of Thailand Public Company Limited                     ,Industrials           ,Transportation Infrastructure                        ,TH     ,SET     ,0.82                   ,-4.3478260869565215  ,67.27272727272727      ,38.095238095238095,0.05959              ,65.5                     ,-3.5652173913043472          ,Low
AUTO      ,Autotrader Group plc                                            ,Communication Services,Interactive Media and Services                       ,GB     ,LSE     ,0.05                   ,63.363101720758      ,76.0                   ,31.25             ,0.020125             ,62.5                     ,3.1681550860379004           ,Low
ENG       ,Enagás S.A.                                                     ,Utilities             ,Gas Utilities                                        ,ES     ,BME     ,0.75                   ,-6.790945406125166   ,48.57142857142857      ,0.0               ,0.06571              ,54.0                     ,-5.093209054593874           ,Low
ESI       ,Element Solutions Inc                                           ,Materials             ,Chemicals                                            ,US     ,NYSE    ,0.87                   ,5.067985166872682    ,17.647058823529413     ,90.0              ,0.000145             ,92.5                     ,4.409147095179233            ,High
MKSI      ,MKS Inc.                                                        ,Information Technology,Semiconductors and Semiconductor Equipment           ,US     ,NasdaqGS,0.9                    ,-1.6261409833550664  ,64.32748538011695      ,75.0              ,0.02871              ,81.25                    ,-1.4635268850195597          ,Low
BCHN      ,Burckhardt Compression Holding AG                               ,Industrials           ,Machinery                                            ,CH     ,SWX     ,0.48000000000000004    ,23.22695035460993    ,20.0                   ,42.857142857142854,0.038585             ,71.5                     ,11.148936170212767           ,Medium
SGI       ,Somnigroup International Inc.                                   ,Consumer Discretionary,Household Durables                                   ,US     ,NYSE    ,0.85                   ,9.329446064139942    ,34.285714285714285     ,77.77777777777777 ,0.007525             ,86.0                     ,7.930029154518951            ,Medium
IMG       ,IAMGOLD Corporation                                             ,Materials             ,Metals and Mining                                    ,CA     ,TSX     ,0.6300000000000001     ,20.492886178861788   ,32.71257678629163      ,76.92307692307692 ,0.16873              ,80.75                    ,12.910518292682928           ,Medium
MDT       ,Medtronic plc                                                   ,Health Care           ,Health Care Equipment and Supplies                   ,IE     ,NYSE    ,0.63                   ,12.57412805307066    ,18.75                  ,56.25             ,0.000395             ,75.0                     ,7.921700673434517            ,High
EXAS      ,Exact Sciences Corporation                                      ,Health Care           ,Biotechnology                                        ,US     ,NasdaqCM,0.7799999999999999     ,1.7047655947307245   ,12.380952380952381     ,13.636363636363637,-0.04458             ,55.75                    ,1.329717163889965            ,High
ITRI      ,Itron Inc.                                                      ,Information Technology,Electronic Equipment Instruments and Components      ,US     ,NasdaqGS,0.42000000000000004    ,48.83616830796777    ,24.06015037593985      ,80.0              ,0.0562               ,85.0                     ,20.511190689346464           ,Medium
RBA       ,RB Global Inc.                                                  ,Industrials           ,Commercial Services and Supplies                     ,US     ,NYSE    ,0.52                   ,27.45098039215686    ,38.46153846153846      ,80.0              ,0.01303              ,82.5                     ,14.274509803921568           ,Low
CDNS      ,Cadence Design Systems Inc.                                     ,Information Technology,Software                                             ,US     ,NasdaqGS,0.45                   ,30.23442195952715    ,34.61538461538461      ,80.76923076923077 ,0.00573              ,85.5                     ,13.605489881787218           ,Medium
FELE      ,Franklin Electric Co. Inc.                                      ,Industrials           ,Machinery                                            ,US     ,NasdaqGS,0.7                    ,4.185790343308243    ,26.431718061674008     ,40.0              ,-0.00155             ,70.0                     ,2.93005324031577             ,Medium
LPX       ,Louisiana-Pacific Corporation                                   ,Materials             ,Paper and Forest Products                            ,US     ,NYSE    ,0.7                    ,6.814783165990173    ,44.0                   ,58.333333333333336,-0.083945            ,75.0                     ,4.7703482161931205           ,Low
KNF       ,Knife River Corporation                                         ,Materials             ,Construction Materials                               ,US     ,NYSE    ,0.55                   ,16.3798440014857     ,47.87234042553192      ,66.66666666666667 ,-0.054105            ,84.0                     ,9.008914200817136            ,Low
LDOS      ,Leidos Holdings Inc.                                            ,Industrials           ,Professional Services                                ,US     ,NYSE    ,0.48000000000000004    ,27.623369256948383   ,22.22222222222222      ,53.333333333333336,0.017585             ,73.25                    ,13.259217243335225           ,Medium
HRI       ,Herc Holdings Inc.                                              ,Industrials           ,Trading Companies and Distributors                   ,US     ,NYSE    ,0.7                    ,6.8622920517560075   ,45.945945945945944     ,45.45454545454545 ,-0.08077             ,75.0                     ,4.803604436229205            ,Low
LH        ,Labcorp Holdings Inc.                                           ,Health Care           ,Health Care Providers and Services                   ,US     ,NYSE    ,0.82                   ,7.207302834094045    ,27.062706270627064     ,73.6842105263158  ,0.00167              ,84.25                    ,5.9099883239571165           ,Medium
RSI       ,Rush Street Interactive Inc.                                    ,Consumer Discretionary,Hotels Restaurants and Leisure                       ,US     ,NYSE    ,0.42000000000000004    ,49.71927635683094    ,37.5                   ,75.0              ,0.0408               ,84.5                     ,20.882096069868997           ,Low
FLR       ,Fluor Corporation                                               ,Industrials           ,Construction and Engineering                         ,US     ,NYSE    ,0.55                   ,14.335971855760773   ,32.69230769230769      ,50.0              ,-0.017255            ,75.0                     ,7.8847845206684255           ,Medium
PANW      ,Palo Alto Networks Inc.                                         ,Information Technology,Software                                             ,US     ,NasdaqGS,0.29000000000000004    ,36.56783468104223    ,58.771929824561404     ,74.54545454545455 ,0.01585              ,81.75                    ,10.604672057502247           ,Low
RSG       ,Republic Services Inc.                                          ,Industrials           ,Commercial Services and Supplies                     ,US     ,NYSE    ,0.68                   ,10.677958506967782   ,32.388663967611336     ,57.69230769230769 ,0.00303              ,77.0                     ,7.261011784738092            ,Medium
ET        ,Energy Transfer LP                                              ,Energy                ,Oil Gas and Consumable Fuels                         ,US     ,NYSE    ,0.75                   ,17.333333333333332   ,31.818181818181817     ,80.95238095238095 ,-0.03224             ,86.25                    ,13.0                         ,Medium
CZR       ,Caesars Entertainment Inc.                                      ,Consumer Discretionary,Hotels Restaurants and Leisure                       ,US     ,NasdaqGS,0.26                   ,81.91841234840132    ,57.57575757575758      ,68.42105263157895 ,0.0                  ,79.0                     ,21.298787210584344           ,Low
EXE       ,Expand Energy Corporation                                       ,Energy                ,Oil Gas and Consumable Fuels                         ,US     ,NasdaqGS,0.52                   ,27.82316194137434    ,49.62406015037594      ,82.75862068965517 ,-0.01035             ,88.5                     ,14.468044209514657           ,Low
DVN       ,Devon Energy Corporation                                        ,Energy                ,Oil Gas and Consumable Fuels                         ,US     ,NYSE    ,0.87                   ,3.000447828034035    ,60.869565217391305     ,74.07407407407408 ,-0.02517             ,83.75                    ,2.6103896103896105           ,Low
SUNC      ,SunocoCorp LLC                                                  ,Energy                ,Oil Gas and Consumable Fuels                         ,US     ,NYSE    ,0.7000000000000001     ,17.92452830188679    ,15.384615384615385     ,100.0             ,0.1305               ,91.75                    ,12.547169811320755           ,High
USAC      ,USA Compression Partners LP                                     ,Energy                ,Energy Equipment and Services                        ,US     ,NYSE    ,0.85                   ,-2.255639097744361   ,15.384615384615385     ,0.0               ,-0.001375            ,50.0                     ,-1.9172932330827068          ,High
SSRM      ,SSR Mining Inc.                                                 ,Materials             ,Metals and Mining                                    ,US     ,TSX     ,0.63                   ,18.403811015400677   ,51.99656088446997      ,45.45454545454545 ,0.05139              ,70.5                     ,11.594400939702426           ,Low
GPC       ,Genuine Parts Company                                           ,Consumer Discretionary,Distributors                                         ,US     ,NYSE    ,0.75                   ,1.9298722478934494   ,40.0                   ,30.76923076923077 ,-0.01074             ,66.75                    ,1.447404185920087            ,Low
FE        ,FirstEnergy Corp.                                               ,Utilities             ,Electric Utilities                                   ,US     ,NYSE    ,0.88                   ,-0.1996007984031936  ,16.0                   ,56.25             ,-0.0125              ,72.0                     ,-0.17564870259481039         ,High
CE        ,Celanese Corporation                                            ,Materials             ,Chemicals                                            ,US     ,NYSE    ,0.9                    ,-15.038232795242141  ,120.0                  ,41.1764705882353  ,-0.072825            ,69.0                     ,-13.534409515717927          ,Low
WAY       ,Waystar Holding Corp.                                           ,Health Care           ,Health Care Technology                               ,US     ,NasdaqGS,0.36                   ,105.26550647032575   ,30.434782608695652     ,95.65217391304348 ,0.08524              ,92.5                     ,37.895582329317264           ,Medium
VMI       ,Valmont Industries Inc.                                         ,Industrials           ,Construction and Engineering                         ,US     ,NYSE    ,0.88                   ,-2.173227021227358   ,16.559139784946236     ,66.66666666666667 ,0.01108              ,75.0                     ,-1.9124397786800749          ,High
DTE       ,DTE Energy Company                                              ,Utilities             ,Multi-Utilities                                      ,US     ,NYSE    ,0.7799999999999999     ,0.04139643990616807  ,13.10344827586207      ,52.94117647058823 ,0.00202              ,75.0                     ,0.032289223126811095         ,High
ACLS      ,Axcelis Technologies Inc.                                       ,Information Technology,Semiconductors and Semiconductor Equipment           ,US     ,NasdaqGS,0.84                   ,0.47593865679534636  ,6.315789473684211      ,0.0               ,0.03727              ,55.0                     ,0.39978847170809095          ,High
RUSHA     ,Rush Enterprises Inc.                                           ,Industrials           ,Trading Companies and Distributors                   ,US     ,NasdaqGS,0.9                    ,-2.2482893450635384  ,40.0                   ,66.66666666666667 ,-0.024045            ,83.25                    ,-2.0234604105571847          ,Low
KVUE      ,Kenvue Inc.                                                     ,Consumer Staples      ,Personal Care Products                               ,US     ,NYSE    ,0.7999999999999999     ,-3.7433155080213902  ,33.333333333333336     ,14.285714285714286,-0.011925            ,55.25                    ,-2.994652406417112           ,Medium
GEI       ,Gibson Energy Inc.                                              ,Energy                ,Oil Gas and Consumable Fuels                         ,CA     ,TSX     ,0.9                    ,-0.35587188612099646 ,21.428571428571427     ,50.0              ,-0.02073             ,73.0                     ,-0.3202846975088968          ,Medium
EQT       ,EQT Corporation                                                 ,Energy                ,Oil Gas and Consumable Fuels                         ,US     ,NYSE    ,0.82                   ,9.028960817717206    ,46.875                 ,74.07407407407408 ,-0.007335            ,84.25                    ,7.403747870528108            ,Low
VMC       ,Vulcan Materials Company                                        ,Materials             ,Construction Materials                               ,US     ,NYSE    ,0.75                   ,1.6328399206470319   ,53.153153153153156     ,66.66666666666667 ,-0.00688             ,81.5                     ,1.2246299404852738           ,Low
HALO      ,Halozyme Therapeutics Inc.                                      ,Health Care           ,Biotechnology                                        ,US     ,NasdaqGS,0.82                   ,-3.0715005035246725  ,44.15584415584416      ,55.55555555555556 ,0.060095             ,72.25                    ,-2.5186304128902313          ,Low
GKOS      ,Glaukos Corporation                                             ,Health Care           ,Health Care Equipment and Supplies                   ,US     ,NYSE    ,0.67                   ,19.210742669224445   ,71.26436781609195      ,86.66666666666667 ,0.0                  ,88.25                    ,12.871197588380378           ,Low
TFII      ,TFI International Inc.                                          ,Industrials           ,Ground Transportation                                ,CA     ,TSX     ,0.9                    ,-2.297151937415964   ,35.47391678041103      ,68.42105263157895 ,-0.05844             ,77.75                    ,-2.0674367436743677          ,Low
HL        ,Hecla Mining Company                                            ,Materials             ,Metals and Mining                                    ,US     ,NYSE    ,0.38                   ,20.575221238938052   ,75.22935779816514      ,20.0              ,0.15969              ,57.5                     ,7.81858407079646             ,Low
BIPC      ,Brookfield Infrastructure Corporation                           ,Utilities             ,Gas Utilities                                        ,US     ,NYSE    ,0.66                   ,15.012106537530267   ,0.0                    ,0.0               ,0.13082              ,50.0                     ,9.907990314769977            ,Low
ALLE      ,Allegion plc                                                    ,Industrials           ,Building Products                                    ,IE     ,NYSE    ,0.7                    ,0.2785515320334262   ,19.444444444444443     ,25.0              ,0.00669              ,60.5                     ,0.19498607242339833          ,High
TOL       ,Toll Brothers Inc.                                              ,Consumer Discretionary,Household Durables                                   ,US     ,NYSE    ,0.87                   ,-3.6840837948470986  ,44.375                 ,58.8235294117647  ,-0.050655            ,76.5                     ,-3.2051529015169757          ,Low
WSO       ,Watsco Inc.                                                     ,Industrials           ,Trading Companies and Distributors                   ,US     ,NYSE    ,0.89                   ,-8.236026033690658   ,26.597131681877446     ,5.882352941176471 ,-0.027735            ,53.25                    ,-7.330063169984686           ,Medium
SUN       ,Sunoco LP                                                       ,Energy                ,Oil Gas and Consumable Fuels                         ,US     ,NYSE    ,0.85                   ,9.225340278944715    ,15.384615384615385     ,88.88888888888889 ,-0.08454             ,90.75                    ,7.8415392371030075           ,High
CNH       ,CNH Industrial N.V.                                             ,Industrials           ,Machinery                                            ,GB     ,NYSE    ,0.88                   ,-5.882352941176471   ,87.5                   ,57.89473684210526 ,-0.086005            ,76.25                    ,-5.176470588235294           ,Low
KRYS      ,Krystal Biotech Inc.                                            ,Health Care           ,Biotechnology                                        ,US     ,NasdaqGS,0.67                   ,10.68909386869235    ,37.908496732026144     ,100.0             ,0.116355             ,100.0                    ,7.161692892023875            ,Low
SGM       ,Sims Limited                                                    ,Materials             ,Metals and Mining                                    ,AU     ,ASX     ,0.7999999999999999     ,-14.299242424242424  ,63.53591160220994      ,0.0               ,0.07739              ,50.0                     ,-11.439393939393938          ,Low
REC       ,Recordati Industria Chimica e Farmaceutica S.p.A.               ,Health Care           ,Pharmaceuticals                                      ,IT     ,BIT     ,0.43000000000000005    ,20.041753653444676   ,40.0                   ,54.54545454545455 ,0.02034              ,72.75                    ,8.617954070981211            ,Low
CCEP      ,Coca-Cola Europacific Partners PLC                              ,Consumer Staples      ,Beverages                                            ,GB     ,ENXTAM  ,0.75                   ,1.431980906921241    ,29.41176470588235      ,53.84615384615385 ,0.0249               ,75.0                     ,1.0739856801909307           ,Medium
TAVHL     ,TAV Havalimanlari Holding A.S.                                  ,Industrials           ,Transportation Infrastructure                        ,TR     ,IBSE    ,0.6000000000000001     ,22.81728907330567    ,44.13976163582287      ,100.0             ,-0.22901             ,95.75                    ,13.690373443983404           ,Low
VOD       ,Vodafone Group Public Limited Company                           ,Communication Services,Wireless Telecommunication Services                  ,GB     ,LSE     ,0.7999999999999999     ,-12.483574244415243  ,85.56556556556556      ,5.882352941176471 ,0.03537              ,51.5                     ,-9.986859395532193           ,Low
AMRZ      ,Amrize AG                                                       ,Materials             ,Construction Materials                               ,CH     ,SWX     ,0.7                    ,2.190961453256535    ,47.27871837672614      ,69.23076923076923 ,-0.00865             ,75.0                     ,1.5336730172795745           ,Low
ORSTED    ,Ørsted A/S                                                      ,Utilities             ,Independent Power and Renewable Electricity Producers,DK     ,CPSE    ,0.75                   ,-1.192504258943782   ,51.03448275862069      ,24.0              ,-0.080715            ,63.0                     ,-0.8943781942078365          ,Low
PINFRA    ,Promotora y Operadora de Infraestructura S. A. B. de C. V.      ,Industrials           ,Transportation Infrastructure                        ,MX     ,BMV     ,0.6699999999999999     ,0.3060183611016661   ,60.67796610169491      ,60.0              ,0.35064              ,75.0                     ,0.20503230193811625          ,Low
KRZ       ,Kerry Group plc                                                 ,Consumer Staples      ,Food Products                                        ,IE     ,ISE     ,0.48000000000000004    ,24.199743918053777   ,27.835051546391753     ,66.66666666666667 ,0.019395             ,79.25                    ,11.615877080665813           ,Medium
CA        ,Carrefour SA                                                    ,Consumer Staples      ,Consumer Staples Distribution and Retail             ,FR     ,ENXTPA  ,0.7999999999999999     ,-4.336734693877551   ,53.333333333333336     ,6.666666666666667 ,0.00843              ,55.75                    ,-3.4693877551020402          ,Low
4001      ,Abdullah Al-Othaim Markets Company                              ,Consumer Staples      ,Consumer Staples Distribution and Retail             ,SA     ,SASE    ,0.48000000000000004    ,17.647058823529413   ,64.47368421052632      ,0.0               ,-0.212715            ,50.0                     ,8.47058823529412             ,Low
BIOAB     ,BioArctic AB (publ)                                             ,Health Care           ,Biotechnology                                        ,SE     ,OM      ,0.9                    ,-8.441961514587213   ,37.28813559322034      ,40.0              ,0.079995             ,68.75                    ,-7.597765363128492           ,Low
ERA       ,ERAMET S.A.                                                     ,Materials             ,Metals and Mining                                    ,FR     ,ENXTPA  ,0.83                   ,-3.3333333333333335  ,43.10344827586207      ,20.0              ,0.0                  ,45.0                     ,-2.7666666666666666          ,Low
PUIG      ,Puig Brands S.A.                                                ,Consumer Staples      ,Personal Care Products                               ,ES     ,BME     ,0.73                   ,14.320096269554753   ,61.05263157894737      ,70.58823529411765 ,0.02127              ,82.25                    ,10.45367027677497            ,Low
CWY       ,Cleanaway Waste Management Limited                              ,Industrials           ,Commercial Services and Supplies                     ,AU     ,ASX     ,0.45                   ,32.278481012658226   ,31.89792663476874      ,92.3076923076923  ,0.03488              ,84.5                     ,14.525316455696203           ,Medium
SHOT      ,Scandic Hotels Group AB (publ)                                  ,Consumer Discretionary,Hotels Restaurants and Leisure                       ,SE     ,OM      ,0.62                   ,2.7207107162687394   ,64.86486486486487      ,0.0               ,0.02071              ,50.0                     ,1.6868406440866184           ,Low
BRAV      ,Bravida Holding AB (publ)                                       ,Industrials           ,Commercial Services and Supplies                     ,SE     ,OM      ,0.9                    ,9.465891062929666    ,12.560386473429952     ,83.33333333333333 ,0.02127              ,87.5                     ,8.5193019566367              ,High
PAAS      ,Pan American Silver Corp.                                       ,Materials             ,Metals and Mining                                    ,CA     ,TSX     ,0.79                   ,14.269240506329114   ,10.765380895885468     ,60.0              ,0.09848              ,75.0                     ,11.2727                      ,High
OGS       ,ONE Gas Inc.                                                    ,Utilities             ,Gas Utilities                                        ,US     ,NYSE    ,0.75                   ,2.2780102278010226   ,21.59090909090909      ,42.857142857142854,0.00722              ,71.5                     ,1.708507670850767            ,Medium
BTO       ,B2Gold Corp.                                                    ,Materials             ,Metals and Mining                                    ,CA     ,TSX     ,0.33                   ,32.78503401360544    ,47.817043556666704     ,42.857142857142854,0.02318              ,67.75                    ,10.819061224489795           ,Low
ICL       ,ICL Group Ltd                                                   ,Materials             ,Chemicals                                            ,IL     ,NYSE    ,0.84                   ,6.020942408376963    ,12.345679012345679     ,0.0               ,-0.028935            ,50.0                     ,5.057591623036648            ,High
NGD       ,New Gold Inc.                                                   ,Materials             ,Metals and Mining                                    ,CA     ,TSX     ,0.7100000000000001     ,18.965585704831238   ,0.0                    ,40.0              ,0.371865             ,65.0                     ,13.46556585043018            ,Low
OGC       ,OceanaGold Corporation                                          ,Materials             ,Metals and Mining                                    ,CA     ,TSX     ,0.8300000000000001     ,11.797156398104265   ,35.139979312566766     ,90.9090909090909  ,0.115395             ,84.0                     ,9.791639810426542            ,Low
CAMT      ,Camtek Ltd.                                                     ,Information Technology,Semiconductors and Semiconductor Equipment           ,IL     ,NasdaqGM,0.9                    ,-16.666666666666668  ,48.148148148148145     ,75.0              ,0.00198              ,83.25                    ,-15.000000000000002          ,Low
TX        ,Ternium S.A.                                                    ,Materials             ,Metals and Mining                                    ,LU     ,NYSE    ,0.7999999999999999     ,-8.361970217640321   ,42.5                   ,38.46153846153846 ,-0.15054             ,63.5                     ,-6.689576174112257           ,Low
TFPM      ,Triple Flag Precious Metals Corp.                               ,Materials             ,Metals and Mining                                    ,CA     ,TSX     ,0.53                   ,23.27324401136825    ,32.498633168874456     ,63.63636363636363 ,0.07863              ,75.0                     ,12.334819326025173           ,Medium
OR        ,OR Royalties Inc.                                               ,Materials             ,Metals and Mining                                    ,CA     ,TSX     ,0.63                   ,19.52552862300155    ,42.52013577263836      ,61.53846153846154 ,0.07237              ,71.25                    ,12.301083032490975           ,Low
CRL       ,Charles River Laboratories International Inc.                   ,Health Care           ,Life Sciences Tools and Services                     ,US     ,NYSE    ,0.3                    ,33.25069724202045    ,51.16279069767442      ,61.111111111111114,0.006915             ,79.25                    ,9.975209172606135            ,Low
CRH       ,CRH plc                                                         ,Materials             ,Construction Materials                               ,IE     ,NYSE    ,0.6200000000000001     ,11.137572437882035   ,48.57142857142857      ,76.0              ,-0.00668             ,85.5                     ,6.905294911486863            ,Low
CVNA      ,Carvana Co.                                                     ,Consumer Discretionary,Specialty Retail                                     ,US     ,NYSE    ,0.33                   ,45.827864788403765   ,54.0                   ,68.0              ,0.07968              ,78.0                     ,15.123195380173243           ,Low
DASH      ,DoorDash Inc.                                                   ,Consumer Discretionary,Hotels Restaurants and Leisure                       ,US     ,NasdaqGS,0.22                   ,71.51054010228265    ,56.36363636363637      ,77.27272727272727 ,0.005015             ,84.75                    ,15.732318822502183           ,Low
KAI       ,Kadant Inc.                                                     ,Industrials           ,Machinery                                            ,US     ,NYSE    ,0.7                    ,1.7964071856287425   ,25.0                   ,50.0              ,-0.01176             ,68.75                    ,1.2574850299401197           ,Medium
BKD       ,Brookdale Senior Living Inc.                                    ,Health Care           ,Health Care Providers and Services                   ,US     ,NYSE    ,0.9                    ,9.024833434282254    ,33.333333333333336     ,100.0             ,0.0                  ,87.5                     ,8.12235009085403             ,Medium
CNK       ,Cinemark Holdings Inc.                                          ,Communication Services,Entertainment                                        ,US     ,NYSE    ,0.46                   ,28.617363344051448   ,53.125                 ,63.63636363636363 ,-0.13506             ,77.25                    ,13.163987138263666           ,Low
AWR       ,American States Water Company                                   ,Utilities             ,Water Utilities                                      ,US     ,NYSE    ,0.83                   ,-3.8589931900120176  ,0.0                    ,0.0               ,-0.000485            ,50.0                     ,-3.2029643477099743          ,Low
CAKE      ,The Cheesecake Factory Incorporated                             ,Consumer Discretionary,Hotels Restaurants and Leisure                       ,US     ,NasdaqGS,0.7                    ,1.414692347025737    ,36.97478991596638      ,19.047619047619047,-0.00074             ,62.0                     ,0.9902846429180159           ,Low
OPLN      ,OPENLANE Inc.                                                   ,Industrials           ,Commercial Services and Supplies                     ,US     ,NYSE    ,0.5800000000000001     ,15.724381625441696   ,27.480916030534353     ,55.55555555555556 ,0.04135              ,69.5                     ,9.120141342756185            ,Medium
OXY       ,Occidental Petroleum Corporation                                ,Energy                ,Oil Gas and Consumable Fuels                         ,US     ,NYSE    ,0.6                    ,4.189277186889516    ,54.166666666666664     ,7.6923076923076925,-0.08145             ,53.75                    ,2.5135663121337095           ,Low
DRD       ,DRDGOLD Limited                                                 ,Materials             ,Metals and Mining                                    ,ZA     ,NYSE    ,0.53                   ,30.434782608695652   ,0.0                    ,100.0             ,0.347355             ,100.0                    ,16.130434782608695           ,Low
K         ,Kinross Gold Corporation                                        ,Materials             ,Metals and Mining                                    ,CA     ,TSX     ,0.63                   ,19.915937700021335   ,94.1963825024998       ,68.42105263157895 ,0.116695             ,79.0                     ,12.54704075101344            ,Low
GRMN      ,Garmin Ltd.                                                     ,Consumer Discretionary,Household Durables                                   ,CH     ,NYSE    ,0.6499999999999999     ,8.736146037068082    ,53.53319057815846      ,11.11111111111111 ,0.006395             ,58.25                    ,5.678494924094252            ,Low
LCII      ,LCI Industries                                                  ,Consumer Discretionary,Automobile Components                                ,US     ,NYSE    ,0.9                    ,-17.265958123846495  ,34.61538461538461      ,30.0              ,0.02837              ,62.5                     ,-15.539362311461845          ,Medium
ADI       ,Analog Devices Inc.                                             ,Information Technology,Semiconductors and Semiconductor Equipment           ,US     ,NasdaqGS,0.9                    ,-5.665974488282409   ,48.742138364779876     ,69.44444444444444 ,0.04709              ,81.25                    ,-5.0993770394541675          ,Low
CSTM      ,Constellium SE                                                  ,Materials             ,Metals and Mining                                    ,FR     ,NYSE    ,0.9                    ,9.602404465435809    ,2.4206311896703023     ,100.0             ,0.03681              ,93.75                    ,8.642164018892228            ,High
NTR       ,Nutrien Ltd.                                                    ,Materials             ,Chemicals                                            ,CA     ,TSX     ,0.77                   ,-2.318959261946719   ,51.169071523852075     ,52.17391304347826 ,0.02821              ,71.75                    ,-1.7855986316989736          ,Low
COCO      ,The Vita Coco Company Inc.                                      ,Consumer Staples      ,Beverages                                            ,US     ,NasdaqGS,0.87                   ,6.044538706256628    ,26.666666666666668     ,72.72727272727273 ,0.014475             ,84.0                     ,5.258748674443266            ,Medium
OII       ,Oceaneering International Inc.                                  ,Energy                ,Energy Equipment and Services                        ,US     ,NYSE    ,0.7999999999999999     ,-27.601809954751133  ,25.0                   ,0.0               ,0.025535             ,50.0                     ,-22.081447963800905          ,Medium
DAN       ,Dana Incorporated                                               ,Consumer Discretionary,Automobile Components                                ,US     ,NYSE    ,0.9                    ,-1.1680143755615453  ,18.181818181818183     ,75.0              ,0.039105             ,75.0                     ,-1.0512129380053907          ,High
FVI       ,Fortuna Mining Corp.                                            ,Materials             ,Metals and Mining                                    ,CA     ,TSX     ,0.8300000000000001     ,19.731075697211157   ,14.571167124199318     ,75.0              ,-0.030805            ,75.0                     ,16.37679282868526            ,High
CORT      ,Corcept Therapeutics Incorporated                               ,Health Care           ,Pharmaceuticals                                      ,US     ,NasdaqCM,0.06                   ,150.1876407305479    ,77.0                   ,50.0              ,-0.06475             ,70.75                    ,9.011258443832874            ,Low
TXG       ,Torex Gold Resources Inc.                                       ,Materials             ,Metals and Mining                                    ,CA     ,TSX     ,0.38                   ,55.73770491803279    ,34.73684210526316      ,100.0             ,0.03866              ,89.5                     ,21.180327868852462           ,Medium
TPL       ,Texas Pacific Land Corporation                                  ,Energy                ,Oil Gas and Consumable Fuels                         ,US     ,NYSE    ,0.75                   ,-35.03890726561958   ,49.25815421461771      ,0.0               ,0.0                  ,50.0                     ,-26.279180449214685          ,Low
CAR       ,Avis Budget Group Inc.                                          ,Industrials           ,Ground Transportation                                ,US     ,NasdaqGS,0.47000000000000003    ,19.983100971694128   ,45.070422535211264     ,12.5              ,-0.052365            ,56.25                    ,9.392057456696241            ,Low
ARTG      ,Artemis Gold Inc.                                               ,Materials             ,Metals and Mining                                    ,CA     ,TSXV    ,0.4                    ,37.34018551015292    ,41.99434151683855      ,100.0             ,0.06517              ,91.75                    ,14.93607420406117            ,Low
LOPE      ,Grand Canyon Education Inc.                                     ,Consumer Discretionary,Diversified Consumer Services                        ,US     ,NasdaqGS,0.43                   ,42.77732944316841    ,20.0                   ,100.0             ,0.00353              ,91.75                    ,18.394251660562418           ,Medium
FOLD      ,Amicus Therapeutics Inc.                                        ,Health Care           ,Biotechnology                                        ,US     ,NasdaqGM,0.84                   ,1.3277428371767994   ,0.0                    ,0.0               ,0.0555               ,50.0                     ,1.1153039832285114           ,Low
CWAN      ,Clearwater Analytics Holdings Inc.                              ,Information Technology,Software                                             ,US     ,NYSE    ,0.53                   ,6.047516198704104    ,48.87983706720978      ,10.0              ,0.002975             ,52.5                     ,3.205183585313175            ,Low
AWK       ,American Water Works Company Inc.                               ,Utilities             ,Water Utilities                                      ,US     ,NYSE    ,0.7                    ,5.992509363295881    ,25.441696113074205     ,8.333333333333334 ,0.00039              ,56.25                    ,4.194756554307117            ,Medium
LBTYA     ,Liberty Global Ltd.                                             ,Communication Services,Diversified Telecommunication Services               ,BM     ,NasdaqGS,0.42000000000000004    ,19.375573921028465   ,193.07692307692307     ,26.666666666666668,0.0                  ,63.25                    ,8.137741046831955            ,Low
VRSK      ,Verisk Analytics Inc.                                           ,Industrials           ,Professional Services                                ,US     ,NasdaqGS,0.16999999999999998    ,37.96148115446167    ,42.0                   ,44.44444444444444 ,-0.006515            ,66.75                    ,6.453451796258483            ,Low
RGLD      ,Royal Gold Inc.                                                 ,Materials             ,Metals and Mining                                    ,US     ,NasdaqGS,0.76                   ,17.09192590003495    ,29.850746268656717     ,63.63636363636363 ,0.03326              ,77.25                    ,12.989863684026563           ,Medium
TNL       ,Travel + Leisure Co.                                            ,Consumer Discretionary,Hotels Restaurants and Leisure                       ,US     ,NYSE    ,0.75                   ,11.518915866741954   ,24.050632911392405     ,83.33333333333333 ,0.001905             ,87.5                     ,8.639186900056465            ,Medium
BKNG      ,Booking Holdings Inc.                                           ,Consumer Discretionary,Hotels Restaurants and Leisure                       ,US     ,NasdaqGS,0.37                   ,49.132975897212965   ,38.15384615384615      ,76.92307692307692 ,0.01254              ,85.25                    ,18.179201081968795           ,Low
OMC       ,Omnicom Group Inc.                                              ,Communication Services,Media                                                ,US     ,NYSE    ,0.09999999999999999    ,52.89855072463768    ,40.758293838862556     ,54.54545454545455 ,-0.005545            ,72.75                    ,5.289855072463768            ,Low
AGI       ,Alamos Gold Inc.                                                ,Materials             ,Metals and Mining                                    ,CA     ,TSX     ,0.78                   ,18.944489530920304   ,31.31586739936437      ,100.0             ,0.00505              ,90.5                     ,14.776701834117837           ,Medium
EQX       ,Equinox Gold Corp.                                              ,Materials             ,Metals and Mining                                    ,CA     ,TSX     ,0.55                   ,20.601950766372504   ,44.94831623378624      ,91.66666666666667 ,-0.060595            ,85.5                     ,11.331072921504878           ,Low
IVN       ,Ivanhoe Mines Ltd.                                              ,Materials             ,Metals and Mining                                    ,CA     ,TSX     ,0.77                   ,9.407147041593438    ,48.332066096231486     ,86.66666666666667 ,-0.032755            ,86.75                    ,7.2435032220269475           ,Low
CRSP      ,CRISPR Therapeutics AG                                          ,Health Care           ,Biotechnology                                        ,CH     ,NasdaqGM,0.22                   ,45.091388731863574   ,368.83116883116884     ,59.25925925925926 ,0.0                  ,76.0                     ,9.920105521009987            ,Low
RS        ,Reliance Inc.                                                   ,Materials             ,Metals and Mining                                    ,US     ,NYSE    ,0.9                    ,-4.638499839850915   ,16.18320610687023      ,50.0              ,-0.020235            ,72.0                     ,-4.174649855865824           ,High
WES       ,Western Midstream Partners LP                                   ,Energy                ,Oil Gas and Consumable Fuels                         ,US     ,NYSE    ,0.85                   ,-4.44393276536956    ,19.27710843373494      ,7.142857142857143 ,-0.027115            ,53.5                     ,-3.7773428505641258          ,High
PODD      ,Insulet Corporation                                             ,Health Care           ,Health Care Equipment and Supplies                   ,US     ,NasdaqGS,0.22                   ,54.48628161819231    ,46.93333333333333      ,88.46153846153847 ,0.032365             ,89.5                     ,11.986981956002309           ,Low
NDSN      ,Nordson Corporation                                             ,Industrials           ,Machinery                                            ,US     ,NasdaqGS,0.9                    ,-7.77692075522318    ,19.272727272727273     ,45.45454545454545 ,0.013735             ,75.0                     ,-6.999228679700861           ,High
CF        ,CF Industries Holdings Inc.                                     ,Materials             ,Chemicals                                            ,US     ,NYSE    ,0.8099999999999999     ,-3.8664694696809634  ,41.75824175824176      ,9.523809523809524 ,0.067845             ,54.75                    ,-3.13184027044158            ,Low
CLH       ,Clean Harbors Inc.                                              ,Industrials           ,Commercial Services and Supplies                     ,US     ,NYSE    ,0.9                    ,-1.3950770579212621  ,24.074074074074073     ,64.28571428571429 ,-0.01768             ,78.5                     ,-1.255569352129136           ,Medium
CDE       ,Coeur Mining Inc.                                               ,Materials             ,Metals and Mining                                    ,US     ,NYSE    ,0.7100000000000001     ,18.198037466547724   ,37.735849056603776     ,62.5              ,0.093                ,75.0                     ,12.920606601248885           ,Low
GLBE      ,Global-E Online Ltd.                                            ,Consumer Discretionary,Broadline Retail                                     ,IL     ,NasdaqGS,0.24                   ,57.92798483891345    ,42.0                   ,92.3076923076923  ,-0.01318             ,86.5                     ,13.902716361339229           ,Low
IONS      ,Ionis Pharmaceuticals Inc.                                      ,Health Care           ,Biotechnology                                        ,US     ,NasdaqGS,0.64                   ,17.866004962779158   ,73.43157894736842      ,72.72727272727273 ,0.0                  ,79.5                     ,11.434243176178661           ,Low
RIOT      ,Riot Platforms Inc.                                             ,Information Technology,Software                                             ,US     ,NasdaqCM,0.28                   ,70.82785808147175    ,108.0                  ,100.0             ,0.0                  ,93.5                     ,19.83180026281209            ,Low
NPO       ,Enpro Inc.                                                      ,Industrials           ,Machinery                                            ,US     ,NYSE    ,0.9                    ,-5.7330447859736635  ,7.782101167315175      ,66.66666666666667 ,0.00513              ,100.0                    ,-5.159740307376297           ,High
WIE       ,Wienerberger AG                                                 ,Materials             ,Construction Materials                               ,AT     ,WBAG    ,0.6900000000000001     ,11.402359108781127   ,34.11764705882353      ,42.857142857142854,-0.03598             ,67.75                    ,7.867627785058978            ,Medium
FIG       ,Figma Inc.                                                      ,Information Technology,Software                                             ,US     ,NYSE    ,0.06                   ,113.04926764314249   ,127.08333333333333     ,30.0              ,0.1287               ,62.5                     ,6.782956058588549            ,Low
PAF       ,Pan African Resources PLC                                       ,Materials             ,Metals and Mining                                    ,ZA     ,LSE     ,0.8                    ,10.041265474552958   ,16.25                  ,80.0              ,0.12383              ,100.0                    ,8.033012379642367            ,High
WH        ,Wyndham Hotels & Resorts Inc.                                   ,Consumer Discretionary,Hotels Restaurants and Leisure                       ,US     ,NYSE    ,0.76                   ,19.598765432098766   ,38.70967741935484      ,82.3529411764706  ,-0.01208             ,85.25                    ,14.895061728395062           ,Low
BLCO      ,Bausch + Lomb Corporation                                       ,Health Care           ,Health Care Equipment and Supplies                   ,CA     ,NYSE    ,0.57                   ,1.291837933059307    ,46.3768115942029       ,26.666666666666668,-0.01767             ,61.75                    ,0.736347621843805            ,Low
DINO      ,HF Sinclair Corporation                                         ,Energy                ,Oil Gas and Consumable Fuels                         ,US     ,NYSE    ,0.62                   ,5.928583632325303    ,50.0                   ,50.0              ,0.105795             ,70.25                    ,3.6757218520416877           ,Low
TAP       ,Molson Coors Beverage Company                                   ,Consumer Staples      ,Beverages                                            ,US     ,NYSE    ,0.77                   ,-6.050357008643367   ,64.0                   ,9.090909090909092 ,-0.01425             ,56.0                     ,-4.658774896655393           ,Low
WING      ,Wingstop Inc.                                                   ,Consumer Discretionary,Hotels Restaurants and Leisure                       ,US     ,NasdaqGS,0.37                   ,45.499661628693886   ,66.35658914728683      ,74.19354838709677 ,-0.015295            ,84.75                    ,16.83487480261674            ,Low
OEMB      ,OEM International AB (publ)                                     ,Industrials           ,Trading Companies and Distributors                   ,SE     ,OM      ,0.68                   ,12.149532710280374   ,22.22222222222222      ,50.0              ,0.017755             ,100.0                    ,8.261682242990656            ,Medium
4704      ,Trend Micro Incorporated                                        ,Information Technology,Software                                             ,JP     ,TSE     ,0.11000000000000001    ,33.73916251614094    ,49.6551724137931       ,0.0               ,0.0                  ,50.0                     ,3.7113078767755034           ,Low
STMN      ,Straumann Holding AG                                            ,Health Care           ,Health Care Equipment and Supplies                   ,CH     ,SWX     ,0.5800000000000001     ,12.936344969199178   ,40.90909090909091      ,50.0              ,0.011655             ,70.0                     ,7.503080082135524            ,Low
WALMEX    ,Wal-Mart de México S.A.B. de C.V.                               ,Consumer Staples      ,Consumer Staples Distribution and Retail             ,MX     ,BMV     ,0.55                   ,14.804660726525016   ,38.80597014925373      ,27.77777777777778 ,0.03029              ,65.25                    ,8.14256339958876             ,Low
PMR       ,Premier Group Limited                                           ,Consumer Staples      ,Food Products                                        ,ZA     ,JSE     ,0.85                   ,1.0644016772390066   ,21.27659574468085      ,100.0             ,0.11597              ,91.75                    ,0.9047414256531555           ,Medium
FMG       ,Fortescue Ltd                                                   ,Materials             ,Metals and Mining                                    ,AU     ,ASX     ,0.85                   ,-7.862329090051863   ,33.99531275585394      ,43.75             ,0.10568              ,36.0                     ,-6.682979726544083           ,Medium
XRO       ,Xero Limited                                                    ,Information Technology,Software                                             ,NZ     ,ASX     ,0.15000000000000002    ,105.39243434480882   ,87.78769985206327      ,85.71428571428571 ,-0.086005            ,85.75                    ,15.808865151721326           ,Low
SSPG      ,SSP Group plc                                                   ,Consumer Discretionary,Hotels Restaurants and Leisure                       ,GB     ,LSE     ,0.35000000000000003    ,22.340425531914892   ,86.95652173913044      ,37.5              ,0.02344              ,71.75                    ,7.819148936170213            ,Low
SUNN      ,Sunrise Communications AG                                       ,Communication Services,Diversified Telecommunication Services               ,CH     ,SWX     ,0.8099999999999999     ,-7.606360120326601   ,67.44186046511628      ,14.285714285714286,0.0                  ,59.0                     ,-6.161151697464546           ,Low
TLC       ,The Lottery Corporation Limited                                 ,Consumer Discretionary,Hotels Restaurants and Leisure                       ,AU     ,ASX     ,0.75                   ,9.43579766536965     ,21.333333333333332     ,53.333333333333336,0.017965             ,68.25                    ,7.076848249027238            ,Medium
NTGY      ,Naturgy Energy Group S.A.                                       ,Utilities             ,Gas Utilities                                        ,ES     ,BME     ,0.73                   ,3.847626339969372    ,32.25806451612903      ,16.666666666666668,0.05816              ,41.75                    ,2.8087672281776417           ,Medium
GRUMAB    ,Gruma S.A.B. de C.V.                                            ,Consumer Staples      ,Food Products                                        ,MX     ,BMV     ,0.6799999999999999     ,8.811729731289866    ,42.175066312997345     ,30.76923076923077 ,0.03383              ,65.5                     ,5.9919762172771085           ,Low
IMCD      ,IMCD N.V.                                                       ,Industrials           ,Trading Companies and Distributors                   ,NL     ,ENXTAM  ,0.36000000000000004    ,27.127891750327368   ,72.96137339055794      ,66.66666666666667 ,-0.008165            ,78.25                    ,9.766041030117854            ,Low
SPK       ,Spark New Zealand Limited                                       ,Communication Services,Diversified Telecommunication Services               ,NZ     ,NZSE    ,0.22                   ,31.627906976744185   ,49.46996466431096      ,37.5              ,-0.03282             ,65.75                    ,6.9581395348837205           ,Low
YPSN      ,Ypsomed Holding AG                                              ,Health Care           ,Health Care Equipment and Supplies                   ,CH     ,SWX     ,0.25                   ,35.98673300165837    ,40.48780487804878      ,60.0              ,0.057735             ,80.0                     ,8.996683250414593            ,Low
OPL       ,Orange Polska S.A.                                              ,Communication Services,Diversified Telecommunication Services               ,PL     ,WSE     ,0.85                   ,-14.68416735028712   ,56.73076923076923      ,66.66666666666667 ,-0.00959             ,80.5                     ,-12.481542247744052          ,Low
DNL       ,Dyno Nobel Limited                                              ,Materials             ,Chemicals                                            ,AU     ,ASX     ,0.7799999999999999     ,7.6923076923076925   ,21.428571428571427     ,36.36363636363637 ,0.136345             ,63.75                    ,5.999999999999999            ,Medium
2290      ,Yanbu National Petrochemical Company                            ,Materials             ,Chemicals                                            ,SA     ,SASE    ,0.6499999999999999     ,6.837606837606837    ,43.0                   ,10.0              ,-0.296095            ,45.0                     ,4.444444444444444            ,Low
ZEAL      ,Zealand Pharma A/S                                              ,Health Care           ,Biotechnology                                        ,DK     ,CPSE    ,0.30000000000000004    ,90.64298223667751    ,78.74015748031496      ,81.25             ,2.18538              ,87.5                     ,27.19289467100326            ,Low
JMAT      ,Johnson Matthey Plc                                             ,Materials             ,Chemicals                                            ,GB     ,LSE     ,0.9                    ,-3.8461538461538463  ,33.48314606741573      ,50.0              ,-0.037725            ,72.5                     ,-3.4615384615384617          ,Medium
EAST      ,Eastern Company S.A.E                                           ,Consumer Staples      ,Tobacco                                              ,EG     ,CASE    ,0.52                   ,24.335956714215445   ,24.329937691622984     ,100.0             ,-0.044605            ,100.0                    ,12.654697491392032           ,Medium
MEGACPO   ,Megacable Holdings S. A. B. de C. V.                            ,Communication Services,Media                                                ,MX     ,BMV     ,0.52                   ,10.974106041923552   ,54.166666666666664     ,42.857142857142854,0.033735             ,69.75                    ,5.706535141800247            ,Low
PTCT      ,PTC Therapeutics Inc.                                           ,Health Care           ,Biotechnology                                        ,US     ,NasdaqGS,0.45                   ,27.429805615550755   ,72.31638418079096      ,60.0              ,0.059445             ,75.0                     ,12.34341252699784            ,Low
IDA       ,IDACORP Inc.                                                    ,Utilities             ,Electric Utilities                                   ,US     ,NYSE    ,0.88                   ,-0.18023014002495494 ,26.38888888888889      ,62.5              ,0.000685             ,75.0                     ,-0.15860252322196033         ,Medium
SFM       ,Sprouts Farmers Market Inc.                                     ,Consumer Staples      ,Consumer Staples Distribution and Retail             ,US     ,NasdaqGS,0.07999999999999999    ,51.53712296983759    ,62.20095693779904      ,50.0              ,0.023625             ,72.0                     ,4.122969837587006            ,Low
ULS       ,UL Solutions Inc.                                               ,Industrials           ,Professional Services                                ,US     ,NYSE    ,0.25                   ,31.462439303056268   ,32.59098316132537      ,54.54545454545455 ,0.02025              ,75.0                     ,7.865609825764067            ,Medium
LAUR      ,Laureate Education Inc.                                         ,Consumer Discretionary,Diversified Consumer Services                        ,US     ,NasdaqGS,0.7000000000000001     ,12.165660051768766   ,28.205128205128204     ,83.33333333333333 ,0.026995             ,83.25                    ,8.515962036238138            ,Medium
TVTX      ,Travere Therapeutics Inc.                                       ,Health Care           ,Biotechnology                                        ,US     ,NasdaqGM,0.24                   ,50.9705248023005     ,42.857142857142854     ,86.66666666666667 ,0.08868              ,91.75                    ,12.23292595255212            ,Low
GATX      ,GATX Corporation                                                ,Industrials           ,Trading Companies and Distributors                   ,US     ,NYSE    ,0.9                    ,8.299489742788712    ,11.538461538461538     ,100.0             ,0.002015             ,100.0                    ,7.469540768509841            ,High
CG        ,Centerra Gold Inc.                                              ,Materials             ,Metals and Mining                                    ,CA     ,TSX     ,0.63                   ,17.294896766653682   ,75.11424927597842      ,53.84615384615385 ,0.13069              ,73.0                     ,10.89578496299182            ,Low
CC        ,The Chemours Company                                            ,Materials             ,Chemicals                                            ,US     ,NYSE    ,0.83                   ,-26.900584795321638  ,53.333333333333336     ,55.55555555555556 ,-0.10791             ,75.0                     ,-22.327485380116958          ,Low
ONTO      ,Onto Innovation Inc.                                            ,Information Technology,Semiconductors and Semiconductor Equipment           ,US     ,NYSE    ,0.8999999999999999     ,3.57685402568706     ,40.0                   ,71.42857142857143 ,-0.020145            ,82.25                    ,3.2191686231183536           ,Low
LUN       ,Lundin Mining Corporation                                       ,Materials             ,Metals and Mining                                    ,CA     ,TSX     ,0.73                   ,0.3882183908045977   ,46.18220643421659      ,60.869565217391305,0.207595             ,74.0                     ,0.2833994252873563           ,Low
VICR      ,Vicor Corporation                                               ,Industrials           ,Electrical Equipment                                 ,US     ,NasdaqGS,0.9                    ,-15.04231854321621   ,90.56603773584905      ,80.0              ,0.16749              ,80.0                     ,-13.53808668889459           ,Low
ITGR      ,Integer Holdings Corporation                                    ,Health Care           ,Health Care Equipment and Supplies                   ,US     ,NYSE    ,0.75                   ,1.2569832402234637   ,26.436781609195403     ,40.0              ,0.00404              ,65.0                     ,0.9427374301675978           ,Medium
IRTC      ,iRhythm Holdings Inc.                                           ,Health Care           ,Health Care Equipment and Supplies                   ,US     ,NasdaqGS,0.30000000000000004    ,52.55530129672006    ,24.545454545454547     ,93.75             ,0.0                  ,92.25                    ,15.76659038901602            ,Medium
PWR       ,Quanta Services Inc.                                            ,Industrials           ,Construction and Engineering                         ,US     ,NYSE    ,0.9                    ,-6.502823996336438   ,52.6530612244898       ,58.064516129032256,0.004125             ,80.0                     ,-5.852541596702794           ,Low
FIX       ,Comfort Systems USA Inc.                                        ,Industrials           ,Construction and Engineering                         ,US     ,NYSE    ,0.9                    ,-10.310549721588998  ,27.5                   ,75.0              ,0.074185             ,87.5                     ,-9.279494749430098           ,Medium
PRAX      ,Praxis Precision Medicines Inc.                                 ,Health Care           ,Biotechnology                                        ,US     ,NasdaqGS,0.30000000000000004    ,59.18045705279748    ,227.72277227722773     ,81.25             ,0.0                  ,87.5                     ,17.754137115839246           ,Low
CARG      ,CarGurus Inc.                                                   ,Communication Services,Interactive Media and Services                       ,US     ,NasdaqGS,0.25                   ,48.13460131675201    ,22.22222222222222      ,57.142857142857146,0.01533              ,75.0                     ,12.033650329188003           ,Medium
DSV       ,Discovery Silver Corp.                                          ,Materials             ,Metals and Mining                                    ,CA     ,TSX     ,0.65                   ,27.701375245579566   ,26.923076923076923     ,100.0             ,0.123735             ,89.25                    ,18.005893909626717           ,Medium
CWST      ,Casella Waste Systems Inc.                                      ,Industrials           ,Commercial Services and Supplies                     ,US     ,NasdaqGS,0.83                   ,8.947165445430004    ,39.823008849557525     ,70.0              ,0.05172              ,85.0                     ,7.426147319706903            ,Low
EVRG      ,Evergy Inc.                                                     ,Utilities             ,Electric Utilities                                   ,US     ,NasdaqGS,0.83                   ,2.793566332083686    ,17.647058823529413     ,61.53846153846154 ,-0.00905             ,77.0                     ,2.318660055629459            ,High
SO        ,The Southern Company                                            ,Utilities             ,Electric Utilities                                   ,US     ,NYSE    ,0.7899999999999999     ,3.2122169562927856   ,32.6530612244898       ,8.695652173913043 ,-0.00012             ,54.25                    ,2.5376513954713005           ,Medium
LUG       ,Lundin Gold Inc.                                                ,Materials             ,Metals and Mining                                    ,CA     ,TSX     ,0.73                   ,4.024089789214345    ,44.73684210526316      ,0.0               ,0.09331              ,50.0                     ,2.9375855461264715           ,Low
TXRH      ,Texas Roadhouse Inc.                                            ,Consumer Discretionary,Hotels Restaurants and Leisure                       ,US     ,NasdaqGS,0.7799999999999999     ,9.176340519624102    ,36.962025316455694     ,45.16129032258065 ,-0.01946             ,71.75                    ,7.157545605306798            ,Low
LKQ       ,LKQ Corporation                                                 ,Consumer Discretionary,Distributors                                         ,US     ,NasdaqGS,0.47000000000000003    ,20.234604105571847   ,41.46341463414634      ,77.77777777777777 ,-0.013755            ,80.5                     ,9.51026392961877             ,Low
DBX       ,Dropbox Inc.                                                    ,Information Technology,Software                                             ,US     ,NasdaqGS,0.47000000000000003    ,18.222584590297593   ,51.724137931034484     ,25.0              ,0.01639              ,40.75                    ,8.56461475743987             ,Low
CHH       ,Choice Hotels International Inc.                                ,Consumer Discretionary,Hotels Restaurants and Leisure                       ,US     ,NYSE    ,0.9                    ,-0.945110868774991   ,33.944954128440365     ,6.25              ,-0.00397             ,48.5                     ,-0.8505997818974919          ,Medium
LNT       ,Alliant Energy Corporation                                      ,Utilities             ,Electric Utilities                                   ,US     ,NasdaqGS,0.83                   ,1.1378002528445006   ,15.277777777777779     ,66.66666666666667 ,7e-05                ,81.25                    ,0.9443742098609355           ,High
GH        ,Guardant Health Inc.                                            ,Health Care           ,Health Care Providers and Services                   ,US     ,NasdaqGS,0.5900000000000001     ,14.449213161659513   ,95.83333333333333      ,83.33333333333333 ,0.0                  ,89.25                    ,8.525035765379114            ,Low
DTM       ,DT Midstream Inc.                                               ,Energy                ,Oil Gas and Consumable Fuels                         ,US     ,NYSE    ,0.9                    ,-3.911117783950154   ,25.78125               ,42.857142857142854,0.00554              ,69.75                    ,-3.5200060055551385          ,Medium
CTCA      ,Canadian Tire Corporation Limited                               ,Consumer Discretionary,Broadline Retail                                     ,CA     ,TSX     ,0.7                    ,0.20040080160320642  ,28.333333333333332     ,0.0               ,0.01769              ,50.0                     ,0.1402805611222445           ,Medium
ST        ,Sensata Technologies Holding plc                                ,Industrials           ,Electrical Equipment                                 ,US     ,NYSE    ,0.6499999999999999     ,5.748373101952278    ,41.02564102564103      ,43.75             ,0.006045             ,70.25                    ,3.73644251626898             ,Low
TECKB     ,Teck Resources Limited                                          ,Materials             ,Metals and Mining                                    ,CA     ,TSX     ,0.7999999999999999     ,-4.073751090071011   ,72.72727272727273      ,27.77777777777778 ,0.168695             ,64.0                     ,-3.2590008720568084          ,Low
RIG       ,Transocean Ltd.                                                 ,Energy                ,Energy Equipment and Services                        ,CH     ,NYSE    ,0.7999999999999999     ,-31.192660550458715  ,155.55555555555557     ,0.0               ,0.864685             ,52.0                     ,-24.95412844036697           ,Low
NESN      ,Nestlé S.A.                                                     ,Consumer Staples      ,Food Products                                        ,CH     ,SWX     ,0.5                    ,12.46544357878864    ,40.22346368715084      ,45.45454545454545 ,0.038965             ,70.5                     ,6.23272178939432             ,Low
FND       ,Floor & Decor Holdings Inc.                                     ,Consumer Discretionary,Specialty Retail                                     ,US     ,NYSE    ,0.62                   ,7.54985754985755     ,45.033112582781456     ,25.0              ,0.003445             ,62.5                     ,4.680911680911681            ,Low
VC        ,Visteon Corporation                                             ,Consumer Discretionary,Automobile Components                                ,US     ,NasdaqGS,0.45                   ,20.06861063464837    ,30.158730158730158     ,53.84615384615385 ,0.002255             ,75.0                     ,9.030874785591767            ,Medium
EPAM      ,EPAM Systems Inc.                                               ,Information Technology,IT Services                                          ,US     ,NYSE    ,0.27                   ,37.04393821001383    ,43.85964912280702      ,63.1578947368421  ,0.004995             ,79.0                     ,10.001863316703734           ,Low
ELD       ,Eldorado Gold Corporation                                       ,Materials             ,Metals and Mining                                    ,CA     ,TSX     ,0.7                    ,2.172066346302899    ,83.6043039726177       ,55.55555555555556 ,0.052155             ,72.25                    ,1.5204464424120292           ,Low
CENX      ,Century Aluminum Company                                        ,Materials             ,Metals and Mining                                    ,US     ,NasdaqGS,0.48000000000000004    ,32.49348392701998    ,19.672131147540984     ,100.0             ,0.03744              ,100.0                    ,15.596872284969592           ,High
YETI      ,YETI Holdings Inc.                                              ,Consumer Discretionary,Leisure Products                                     ,US     ,NYSE    ,0.9                    ,-10.416666666666666  ,81.3953488372093       ,35.294117647058826,-0.010885            ,65.75                    ,-9.375                       ,Low
ICUI      ,ICU Medical Inc.                                                ,Health Care           ,Health Care Equipment and Supplies                   ,US     ,NasdaqGS,0.55                   ,23.533471359558316   ,15.64245810055866      ,71.42857142857143 ,0.018245             ,78.5                     ,12.943409247757074           ,High
CPRT      ,Copart Inc.                                                     ,Industrials           ,Commercial Services and Supplies                     ,US     ,NasdaqGS,0.41000000000000003    ,25.366764470525474   ,68.08510638297872      ,41.666666666666664,-0.015795            ,66.75                    ,10.400373432915446           ,Low
NEM       ,Newmont Corporation                                             ,Materials             ,Metals and Mining                                    ,US     ,NYSE    ,0.82                   ,7.3131955484896665   ,79.25925925925925      ,76.19047619047619 ,0.11222              ,82.25                    ,5.996820349761526            ,Low
INSM      ,Insmed Incorporated                                             ,Health Care           ,Biotechnology                                        ,US     ,NasdaqGS,0.45                   ,42.52100840336134    ,37.264150943396224     ,95.0              ,0.0                  ,95.0                     ,19.134453781512605           ,Low
WK        ,Workiva Inc.                                                    ,Information Technology,Software                                             ,US     ,NYSE    ,0.30000000000000004    ,69.5462619086065     ,31.428571428571427     ,100.0             ,0.06362              ,95.75                    ,20.863878572581953           ,Medium
POOL      ,Pool Corporation                                                ,Consumer Discretionary,Distributors                                         ,US     ,NasdaqGS,0.5                    ,16.615882330812926   ,33.87096774193548      ,28.571428571428573,-0.009205            ,66.0                     ,8.307941165406463            ,Medium
OLED      ,Universal Display Corporation                                   ,Information Technology,Semiconductors and Semiconductor Equipment           ,US     ,NasdaqGS,0.37                   ,36.10888710968775    ,37.64705882352941      ,77.77777777777777 ,-0.015095            ,86.0                     ,13.360288230584468           ,Low
W         ,Wayfair Inc.                                                    ,Consumer Discretionary,Specialty Retail                                     ,US     ,NYSE    ,0.22                   ,42.61439495084355    ,59.57446808510638      ,57.57575757575758 ,0.277105             ,75.0                     ,9.37516688918558             ,Low
VAL       ,Valaris Limited                                                 ,Energy                ,Energy Equipment and Services                        ,BM     ,NYSE    ,0.7999999999999999     ,-37.47394747811588   ,66.66666666666667      ,0.0               ,0.213295             ,52.75                    ,-29.9791579824927            ,Low
WSC       ,WillScot Holdings Corporation                                   ,Industrials           ,Construction and Engineering                         ,US     ,NasdaqCM,0.6100000000000001     ,11.00832562442183    ,58.333333333333336     ,36.36363636363637 ,-0.05175             ,70.0                     ,6.715078630897318            ,Low
LYV       ,Live Nation Entertainment Inc.                                  ,Communication Services,Entertainment                                        ,US     ,NYSE    ,0.85                   ,7.411385606874329    ,32.35294117647059      ,72.72727272727273 ,0.0                  ,84.0                     ,6.299677765843179            ,Medium
ETSY      ,Etsy Inc.                                                       ,Consumer Discretionary,Broadline Retail                                     ,US     ,NYSE    ,0.21                   ,42.13863984255412    ,43.07692307692308      ,18.75             ,-0.01309             ,57.0                     ,8.849114366936364            ,Low
DE        ,Deere & Company                                                 ,Industrials           ,Machinery                                            ,US     ,NYSE    ,0.85                   ,-12.094473561998274  ,50.37735849056604      ,52.0              ,-0.10105             ,71.0                     ,-10.280302527698533          ,Low
FTI       ,TechnipFMC plc                                                  ,Energy                ,Energy Equipment and Services                        ,US     ,NYSE    ,0.9                    ,-15.254237288135593  ,36.53846153846154      ,68.18181818181819 ,0.02665              ,78.5                     ,-13.728813559322035          ,Low
BRC       ,Brady Corporation                                               ,Industrials           ,Commercial Services and Supplies                     ,US     ,NYSE    ,0.9                    ,4.847918613100799    ,9.900990099009901      ,100.0             ,0.005825             ,100.0                    ,4.36312675179072             ,High
MDGL      ,Madrigal Pharmaceuticals Inc.                                   ,Health Care           ,Biotechnology                                        ,US     ,NasdaqGS,0.37                   ,37.50511071420886    ,61.658841940532085     ,87.5              ,0.0                  ,89.0                     ,13.876890964257278           ,Low
ED        ,Consolidated Edison Inc.                                        ,Utilities             ,Multi-Utilities                                      ,US     ,NYSE    ,0.83                   ,-7.228279985930356   ,39.81042654028436      ,22.22222222222222 ,0.003225             ,44.5                     ,-5.999472388322195           ,Low
CVE       ,Cenovus Energy Inc.                                             ,Energy                ,Oil Gas and Consumable Fuels                         ,CA     ,TSX     ,0.9                    ,-3.0100334448160537  ,31.03448275862069      ,83.33333333333333 ,0.047225             ,86.0                     ,-2.7090301003344486          ,Medium
GTX       ,Garrett Motion Inc.                                             ,Consumer Discretionary,Automobile Components                                ,CH     ,NasdaqGS,0.9                    ,-1.1764705882352942  ,19.047619047619047     ,80.0              ,0.02052              ,75.0                     ,-1.0588235294117647          ,High
TRGP      ,Targa Resources Corp.                                           ,Energy                ,Oil Gas and Consumable Fuels                         ,US     ,NYSE    ,0.9                    ,-4.863995712180088   ,35.2112676056338       ,95.23809523809524 ,0.02603              ,91.75                    ,-4.37759614096208            ,Low
AU        ,AngloGold Ashanti plc                                           ,Materials             ,Metals and Mining                                    ,US     ,NYSE    ,0.85                   ,9.269714077581497    ,47.5                   ,71.42857142857143 ,0.065345             ,75.0                     ,7.879256965944273            ,Low
RNO       ,Renault SA                                                      ,Consumer Discretionary,Automobiles                                          ,FR     ,ENXTPA  ,0.31000000000000005    ,28.201219512195124   ,87.51486325802615      ,50.0              ,0.0                  ,70.0                     ,8.74237804878049             ,Low
ARCAD     ,Arcadis NV                                                      ,Industrials           ,Professional Services                                ,NL     ,ENXTAM  ,0.21                   ,50.987224157955865   ,42.30769230769231      ,60.0              ,-0.0051              ,80.0                     ,10.707317073170731           ,Low
MRP       ,Mr Price Group Limited                                          ,Consumer Discretionary,Specialty Retail                                     ,ZA     ,JSE     ,0.38                   ,36.52694610778443    ,188.60043859649122     ,77.77777777777777 ,0.01844              ,86.0                     ,13.880239520958085           ,Low
MMB       ,Lagardere SA                                                    ,Communication Services,Media                                                ,FR     ,ENXTPA  ,0.32                   ,27.578718783930512   ,46.808510638297875     ,33.333333333333336,-0.00354             ,66.75                    ,8.825190010857764            ,Low
DOFG      ,DOF Group ASA                                                   ,Energy                ,Energy Equipment and Services                        ,NO     ,OB      ,0.8300000000000001     ,14.135206321334504   ,15.384615384615385     ,100.0             ,0.068885             ,95.0                     ,11.73222124670764            ,High
PTT       ,PTT Public Company Limited                                      ,Energy                ,Oil Gas and Consumable Fuels                         ,TH     ,SET     ,0.7999999999999999     ,1.3986013986013985   ,33.6551724137931       ,61.111111111111114,-0.001945            ,79.25                    ,1.1188811188811187           ,Medium
TOP       ,Thai Oil Public Company Limited                                 ,Energy                ,Oil Gas and Consumable Fuels                         ,TH     ,SET     ,0.85                   ,-14.563106796116505  ,63.63636363636363      ,42.10526315789474 ,0.18452              ,69.75                    ,-12.37864077669903           ,Low
QUB       ,Qube Holdings Limited                                           ,Industrials           ,Transportation Infrastructure                        ,AU     ,ASX     ,0.75                   ,7.216494845360825    ,15.384615384615385     ,36.36363636363637 ,0.050285             ,66.0                     ,5.412371134020619            ,High
500002    ,ABB India Limited                                               ,Industrials           ,Electrical Equipment                                 ,IN     ,BSE     ,0.88                   ,-9.114448472294148   ,30.218423551756885     ,23.076923076923077,0.0                  ,57.75                    ,-8.02071465561885            ,Medium
NVG       ,The Navigator Company S.A.                                      ,Materials             ,Paper and Forest Products                            ,PT     ,ENXTLS  ,0.51                   ,22.491145218417945   ,19.27710843373494      ,50.0              ,-0.119185            ,75.0                     ,11.470484061393153           ,High
NEX       ,Nexans S.A.                                                     ,Industrials           ,Electrical Equipment                                 ,FR     ,ENXTPA  ,0.85                   ,-0.436046511627907   ,43.7956204379562       ,40.0              ,0.00581              ,71.75                    ,-0.3706395348837209          ,Low
HOT       ,HOCHTIEF Aktiengesellschaft                                     ,Industrials           ,Construction and Engineering                         ,DE     ,XTRA    ,0.75                   ,-20.086393088552917  ,79.39189189189189      ,11.11111111111111 ,0.06955              ,52.75                    ,-15.064794816414688          ,Low
TLS       ,Telstra Group Limited                                           ,Communication Services,Diversified Telecommunication Services               ,AU     ,ASX     ,0.75                   ,0.20242914979757085  ,24.242424242424242     ,50.0              ,0.04749              ,68.75                    ,0.15182186234817813          ,Medium
Z74       ,Singapore Telecommunications Limited                            ,Communication Services,Diversified Telecommunication Services               ,SG     ,SGX     ,0.87                   ,8.24847250509165     ,34.61900282220132      ,82.3529411764706  ,0.166585             ,85.25                    ,7.176171079429736            ,Medium
WMT       ,Walmart Inc.                                                    ,Consumer Staples      ,Consumer Staples Distribution and Retail             ,US     ,NasdaqGS,0.9                    ,-2.905370079916349   ,67.6923076923077       ,88.63636363636364 ,-0.00191             ,90.0                     ,-2.614833071924714           ,Low
AZE       ,Azelis Group NV                                                 ,Industrials           ,Trading Companies and Distributors                   ,BE     ,ENXTBR  ,0.16                   ,35.91217982226869    ,88.46153846153847      ,46.666666666666664,-0.041165            ,71.75                    ,5.745948771562991            ,Low
JET2      ,Jet2 plc                                                        ,Industrials           ,Passenger Airlines                                   ,GB     ,AIM     ,0.31                   ,41.95583596214511    ,50.0                   ,61.53846153846154 ,0.024355             ,77.0                     ,13.006309148264984           ,Low
BESI      ,BE Semiconductor Industries N.V.                                ,Information Technology,Semiconductors and Semiconductor Equipment           ,NL     ,ENXTAM  ,0.73                   ,2.1566401816118046   ,63.888888888888886     ,54.54545454545455 ,-0.04046             ,73.75                    ,1.5743473325766173           ,Low
MONC      ,Moncler S.p.A.                                                  ,Consumer Discretionary,Textiles Apparel and Luxury Goods                    ,IT     ,BIT     ,0.63                   ,17.403314917127073   ,35.294117647058826     ,41.666666666666664,0.016605             ,65.75                    ,10.964088397790055           ,Low
BH        ,Bumrungrad Hospital Public Company Limited                      ,Health Care           ,Health Care Providers and Services                   ,TH     ,SET     ,0.67                   ,14.4                 ,48.484848484848484     ,86.95652173913044 ,0.017605             ,89.25                    ,9.648000000000001            ,Low
TNE       ,Technology One Limited                                          ,Information Technology,Software                                             ,AU     ,ASX     ,0.18                   ,67.32771442736738    ,67.46666666666667      ,50.0              ,0.048265             ,67.25                    ,12.118988596926128           ,Low
PKN       ,Orlen S.A.                                                      ,Energy                ,Oil Gas and Consumable Fuels                         ,PL     ,WSE     ,0.9                    ,-13.252122554448135  ,27.659574468085108     ,22.22222222222222 ,0.023955             ,36.0                     ,-11.926910299003323          ,Medium
REP       ,Repsol S.A.                                                     ,Energy                ,Oil Gas and Consumable Fuels                         ,ES     ,BME     ,0.7999999999999999     ,-2.884049440847557   ,40.60606060606061      ,20.833333333333332,0.025615             ,62.5                     ,-2.3072395526780456          ,Low
TRUE      ,True Corporation Public Company Limited                         ,Communication Services,Diversified Telecommunication Services               ,TH     ,SET     ,0.6200000000000001     ,13.432835820895523   ,49.3421052631579       ,85.0              ,0.06333              ,88.75                    ,8.328358208955226            ,Low
BXB       ,Brambles Limited                                                ,Industrials           ,Commercial Services and Supplies                     ,AU     ,ASX     ,0.6499999999999999     ,2.5403433476394848   ,33.54567866096878      ,26.666666666666668,0.008325             ,60.0                     ,1.6512231759656648           ,Medium
KBX       ,Knorr-Bremse AG                                                 ,Industrials           ,Machinery                                            ,DE     ,XTRA    ,0.9                    ,-5.303030303030303   ,31.0                   ,46.666666666666664,-0.008155            ,71.75                    ,-4.7727272727272725          ,Medium
AHCS      ,Aamal Company Q.P.S.C.                                          ,Industrials           ,Industrial Conglomerates                             ,QA     ,DSM     ,0.38                   ,35.21288837744534    ,7.659574468085107      ,50.0              ,-0.00229             ,75.0                     ,13.38089758342923            ,High
ALHG      ,Louis Hachette Group S.A.                                       ,Communication Services,Media                                                ,FR     ,ENXTPA  ,0.53                   ,35.333921741688734   ,13.043478260869565     ,100.0             ,-0.092565            ,100.0                    ,18.72697852309503            ,High
MNDI      ,Mondi plc                                                       ,Materials             ,Paper and Forest Products                            ,GB     ,LSE     ,0.71                   ,0.015644555694618274 ,51.51363470462485      ,25.0              ,-0.06148             ,64.5                     ,0.011107634543178974         ,Low
DTC       ,Dubai Taxi Company P.J.S.C.                                     ,Industrials           ,Ground Transportation                                ,AE     ,DFM     ,0.7200000000000001     ,12.190812720848056   ,20.47244094488189      ,83.33333333333333 ,-0.00842             ,83.25                    ,8.777385159010601            ,Medium
APE       ,Eagers Automotive Limited                                       ,Consumer Discretionary,Specialty Retail                                     ,AU     ,ASX     ,0.32                   ,26.67207134171058    ,66.88                  ,40.0              ,0.05705              ,65.0                     ,8.535062829347385            ,Low
FDJU      ,FDJ United                                                      ,Consumer Discretionary,Hotels Restaurants and Leisure                       ,FR     ,ENXTPA  ,0.36                   ,27.08150744960561    ,63.793103448275865     ,18.181818181818183,0.00574              ,59.0                     ,9.74934268185802             ,Low
A007660   ,ISU Petasys Co. Ltd.                                            ,Information Technology,Electronic Equipment Instruments and Components      ,KR     ,KOSE    ,0.30000000000000004    ,58.46456692913386    ,96.8944099378882       ,92.85714285714286 ,0.16892              ,92.25                    ,17.53937007874016            ,Low
QEWS      ,Qatar Electricity & Water Company Q.P.S.C.                      ,Utilities             ,Multi-Utilities                                      ,QA     ,DSM     ,0.5700000000000001     ,26.9280205655527     ,20.253164556962027     ,100.0             ,-0.02497             ,85.0                     ,15.348971722365041           ,Medium
YTL       ,YTL Corporation Berhad                                          ,Utilities             ,Multi-Utilities                                      ,MY     ,KLSE    ,0.33                   ,47.19387755102041    ,8.665511265164644      ,50.0              ,-0.00918             ,75.0                     ,15.573979591836736           ,High
AF        ,Air France-KLM SA                                               ,Industrials           ,Passenger Airlines                                   ,FR     ,ENXTPA  ,0.7999999999999999     ,-4.772049424797614   ,102.9082774049217      ,0.0               ,-0.012845            ,51.25                    ,-3.817639539838091           ,Low
BAMNB     ,Koninklijke BAM Groep nv                                        ,Industrials           ,Construction and Engineering                         ,NL     ,ENXTAM  ,0.9                    ,-0.3147953830010493  ,25.263157894736842     ,50.0              ,0.07848              ,75.0                     ,-0.2833158447009444          ,Medium
ASMDEEB   ,Asmodee Group AB (publ)                                         ,Consumer Discretionary,Leisure Products                                     ,FR     ,OM      ,0.4                    ,37.38779996336325    ,15.333333333333334     ,100.0             ,-0.0202              ,92.75                    ,14.9551199853453             ,High
NK        ,Imerys S.A.                                                     ,Materials             ,Construction Materials                               ,FR     ,ENXTPA  ,0.7999999999999999     ,-4.725609756097561   ,52.0                   ,16.666666666666668,-0.046625            ,62.5                     ,-3.7804878048780486          ,Low
5101      ,The Yokohama Rubber Company Limited                             ,Consumer Discretionary,Automobile Components                                ,JP     ,TSE     ,0.9                    ,-2.098418797103591   ,30.18867924528302      ,50.0              ,0.0                  ,72.5                     ,-1.8885769173932319          ,Medium
UGPA3     ,Ultrapar Participações S.A.                                     ,Consumer Discretionary,Specialty Retail                                     ,BR     ,BOVESPA ,0.7999999999999999     ,-0.8524833209785025  ,64.67289719626169      ,50.0              ,0.189985             ,68.75                    ,-0.681986656782802           ,Low
GFI       ,Gold Fields Limited                                             ,Materials             ,Metals and Mining                                    ,ZA     ,JSE     ,0.73                   ,6.7547706942242485   ,45.52845528455285      ,12.5              ,0.02285              ,53.25                    ,4.930982606783702            ,Low
KIO       ,Kumba Iron Ore Limited                                          ,Materials             ,Metals and Mining                                    ,ZA     ,JSE     ,0.85                   ,-6.103286384976526   ,17.54385964912281      ,12.5              ,0.068805             ,47.0                     ,-5.187793427230047           ,High
RI        ,Pernod Ricard SA                                                ,Consumer Staples      ,Beverages                                            ,FR     ,ENXTPA  ,0.56                   ,11.708412098298677   ,94.13008989952407      ,33.333333333333336,-0.015295            ,64.25                    ,6.55671077504726             ,Low
NICE      ,NICE Ltd.                                                       ,Information Technology,Software                                             ,IL     ,TASE    ,0.35                   ,126.67894894894896   ,0.0                    ,100.0             ,0.02193              ,100.0                    ,44.337632132132136           ,Low
BAB       ,Babcock International Group PLC                                 ,Industrials           ,Aerospace and Defense                                ,GB     ,LSE     ,0.48000000000000004    ,21.78598922247883    ,26.548672566371682     ,66.66666666666667 ,0.048425             ,75.0                     ,10.457274826789838           ,Medium
KRX       ,Kingspan Group plc                                              ,Industrials           ,Building Products                                    ,IE     ,ISE     ,0.6000000000000001     ,10.429447852760736   ,66.66666666666667      ,60.0              ,0.01195              ,76.75                    ,6.257668711656443            ,Low
SNTS      ,Sonatel SA                                                      ,Communication Services,Diversified Telecommunication Services               ,SN     ,BRVM    ,0.45                   ,33.24638199035198    ,0.0                    ,100.0             ,0.03059              ,100.0                    ,14.960871895658391           ,Low
UMI       ,Umicore SA                                                      ,Materials             ,Chemicals                                            ,BE     ,ENXTBR  ,0.88                   ,-5.511811023622047   ,63.888888888888886     ,26.666666666666668,0.06789              ,60.0                     ,-4.850393700787402           ,Low
SNN       ,S.N. Nuclearelectrica S.A.                                      ,Utilities             ,Electric Utilities                                   ,RO     ,BVB     ,0.85                   ,-27.25925925925926   ,25.45824847250509      ,25.0              ,0.047075             ,37.5                     ,-23.17037037037037           ,Medium
SSW       ,Sibanye Stillwater Limited                                      ,Materials             ,Metals and Mining                                    ,ZA     ,JSE     ,0.5800000000000001     ,10.554245283018869   ,50.666666666666664     ,28.571428571428573,0.38518              ,64.25                    ,6.121462264150945            ,Low
ISS       ,ISS A/S                                                         ,Industrials           ,Commercial Services and Supplies                     ,DK     ,CPSE    ,0.86                   ,0.039619651347068144 ,37.62376237623762      ,54.54545454545455 ,0.03113              ,75.0                     ,0.0340729001584786           ,Low
CEMARGOS  ,Cementos Argos S.A.                                             ,Materials             ,Construction Materials                               ,CO     ,BVC     ,0.85                   ,-3.0354131534569984  ,15.652173913043478     ,10.0              ,0.64122              ,50.0                     ,-2.5801011804384486          ,High
MOL       ,MOL Magyar Olaj- és Gázipari Nyilvánosan Muködo Részvénytársaság,Energy                ,Oil Gas and Consumable Fuels                         ,HU     ,BUSE    ,0.72                   ,-10.580021482277122  ,57.05705705705706      ,11.11111111111111 ,0.02674              ,55.5                     ,-7.617615467239528           ,Low
ALKB      ,ALK-Abelló A/S                                                  ,Health Care           ,Pharmaceuticals                                      ,DK     ,CPSE    ,0.76                   ,17.452830188679247   ,4.819277108433735      ,50.0              ,0.053405             ,75.0                     ,13.264150943396228           ,High
PETDAG    ,PETRONAS Dagangan Berhad                                        ,Consumer Discretionary,Specialty Retail                                     ,MY     ,KLSE    ,0.7                    ,3.8536585365853657   ,38.65664631282292      ,11.11111111111111 ,0.06936              ,44.5                     ,2.697560975609756            ,Low
AXIATA    ,Axiata Group Berhad                                             ,Communication Services,Wireless Telecommunication Services                  ,MY     ,KLSE    ,0.32                   ,27.729257641921397   ,88.88888888888889      ,40.0              ,-0.084755            ,71.25                    ,8.873362445414847            ,Low
YTLPOWR   ,YTL Power International Berhad                                  ,Utilities             ,Multi-Utilities                                      ,MY     ,KLSE    ,0.22999999999999998    ,44.93464052287582    ,56.36978579481398      ,50.0              ,-0.00458             ,75.0                     ,10.334967320261438           ,Low
SORIANAB  ,Organización Soriana S. A. B. de C. V.                          ,Consumer Staples      ,Consumer Staples Distribution and Retail             ,MX     ,BMV     ,0.9                    ,-44.73684210526316   ,61.904761904761905     ,85.71428571428571 ,-0.010205            ,21.5                     ,-40.26315789473684           ,Low
PCHEM     ,PETRONAS Chemicals Group Berhad                                 ,Materials             ,Chemicals                                            ,MY     ,KLSE    ,0.86                   ,-2.108433734939759   ,95.07692307692308      ,31.57894736842105 ,0.0                  ,34.25                    ,-1.8132530120481927          ,Low
SFZN      ,Siegfried Holding AG                                            ,Health Care           ,Life Sciences Tools and Services                     ,CH     ,SWX     ,0.45                   ,24.67105263157895    ,40.45734388742304      ,66.66666666666667 ,0.052505             ,77.0                     ,11.101973684210527           ,Low
A068270   ,Celltrion Inc.                                                  ,Health Care           ,Biotechnology                                        ,KR     ,KOSE    ,0.85                   ,9.243697478991596    ,53.84615384615385      ,86.95652173913044 ,0.072985             ,85.75                    ,7.857142857142856            ,Low
STO       ,Santos Limited                                                  ,Energy                ,Oil Gas and Consumable Fuels                         ,AU     ,ASX     ,0.63                   ,10.446268656716418   ,55.58318355653455      ,58.333333333333336,-0.15104             ,79.25                    ,6.581149253731343            ,Low
A011200   ,HMM Co.Ltd                                                      ,Industrials           ,Marine Transportation                                ,KR     ,KOSE    ,0.7899999999999999     ,0.2331002331002331   ,27.906976744186046     ,16.666666666666668,-0.072945            ,54.25                    ,0.18414918414918413          ,Medium
ENJSA     ,Enerjisa Enerji A.S.                                            ,Utilities             ,Electric Utilities                                   ,TR     ,IBSE    ,0.75                   ,1.8050541516245486   ,42.287234042553195     ,42.857142857142854,-0.02461             ,71.5                     ,1.3537906137184115           ,Low
IAM       ,Itissalat Al-Maghrib (IAM) S.A.                                 ,Communication Services,Diversified Telecommunication Services               ,MA     ,CBSE    ,0.9                    ,-2.3233760075865337  ,24.271844660194176     ,66.66666666666667 ,0.031365             ,25.0                     ,-2.0910384068278804          ,Medium
SIKA      ,Sika AG                                                         ,Materials             ,Chemicals                                            ,CH     ,SWX     ,0.51                   ,21.561100447856685   ,58.94736842105263      ,57.142857142857146,-0.01796             ,77.5                     ,10.99616122840691            ,Low
ZEG       ,Zegona Communications plc                                       ,Communication Services,Diversified Telecommunication Services               ,GB     ,LSE     ,0.75                   ,17.238650306748465   ,42.00911569395968      ,85.71428571428571 ,0.34586              ,89.25                    ,12.928987730061348           ,Low
CNA       ,Centrica plc                                                    ,Utilities             ,Multi-Utilities                                      ,GB     ,LSE     ,0.7999999999999999     ,4.465917994254374    ,32.5                   ,71.42857142857143 ,-0.02822             ,75.0                     ,3.572734395403499            ,Medium
BN        ,Danone S.A.                                                     ,Consumer Staples      ,Food Products                                        ,FR     ,ENXTPA  ,0.6799999999999999     ,7.853982300884955    ,37.17948717948718      ,28.571428571428573,0.02172              ,63.0                     ,5.340707964601769            ,Low
BDMS      ,Bangkok Dusit Medical Services Public Company Limited           ,Health Care           ,Health Care Providers and Services                   ,TH     ,SET     ,0.39                   ,25.586854460093896   ,51.58878504672897      ,86.95652173913044 ,0.01904              ,88.0                     ,9.97887323943662             ,Low
KRN       ,Krones AG                                                       ,Industrials           ,Machinery                                            ,DE     ,XTRA    ,0.7                    ,9.285714285714286    ,45.09803921568628      ,66.66666666666667 ,0.015355             ,80.5                     ,6.5                          ,Low
GNC       ,Greencore Group plc                                             ,Consumer Staples      ,Food Products                                        ,IE     ,LSE     ,0.48000000000000004    ,20.147874306839185   ,44.0                   ,60.0              ,-0.028585            ,80.5                     ,9.67097966728281             ,Low
PETGAS    ,PETRONAS Gas Berhad                                             ,Utilities             ,Gas Utilities                                        ,MY     ,KLSE    ,0.75                   ,2.6344676180021955   ,21.97860962566845      ,30.76923076923077 ,0.041825             ,63.5                     ,1.9758507135016465           ,Medium
Y92       ,Thai Beverage Public Company Limited                            ,Consumer Staples      ,Beverages                                            ,TH     ,SGX     ,0.5800000000000001     ,10.553191489361701   ,45.93918398768283      ,33.333333333333336,-0.010165            ,64.5                     ,6.120851063829788            ,Low
285A      ,Kioxia Holdings Corporation                                     ,Information Technology,Semiconductors and Semiconductor Equipment           ,JP     ,TSE     ,0.7799999999999999     ,7.2444736266141385   ,145.30612244897958     ,50.0              ,0.0                  ,77.0                     ,5.650689428759027            ,Low
BAX       ,Baxter International Inc.                                       ,Health Care           ,Health Care Equipment and Supplies                   ,US     ,NYSE    ,0.53                   ,6.114199090449722    ,119.04761904761905     ,11.764705882352942,-0.18579             ,54.5                     ,3.2405255179383525           ,Low
PPL       ,PPL Corporation                                                 ,Utilities             ,Electric Utilities                                   ,US     ,NYSE    ,0.7799999999999999     ,5.7641459545214175   ,25.0                   ,62.5              ,-0.001405            ,79.75                    ,4.496033844526705            ,Medium
OGE       ,OGE Energy Corp.                                                ,Utilities             ,Electric Utilities                                   ,US     ,NYSE    ,0.88                   ,-1.0217113665389528  ,30.107526881720432     ,8.333333333333334 ,0.00296              ,54.25                    ,-0.8991060025542784          ,Medium
RCUS      ,Arcus Biosciences Inc.                                          ,Health Care           ,Biotechnology                                        ,US     ,NYSE    ,0.27                   ,63.84778012684989    ,87.09677419354838      ,75.0              ,0.0                  ,87.5                     ,17.23890063424947            ,Low
MIDD      ,The Middleby Corporation                                        ,Industrials           ,Machinery                                            ,US     ,NasdaqGS,0.83                   ,4.617824681266394    ,25.65597667638484      ,63.63636363636363 ,-0.00751             ,82.5                     ,3.832794485451107            ,Medium
AD        ,Array Digital Infrastructure Inc.                               ,Communication Services,Wireless Telecommunication Services                  ,US     ,NYSE    ,0.81                   ,19.88993710691824    ,22.950819672131146     ,71.42857142857143 ,0.0                  ,79.25                    ,16.110849056603776           ,Medium
ESAB      ,ESAB Corporation                                                ,Industrials           ,Machinery                                            ,US     ,NYSE    ,0.82                   ,7.92167334223409     ,30.240549828178693     ,80.0              ,-0.00205             ,90.0                     ,6.495772140631954            ,Medium
BLDR      ,Builders FirstSource Inc.                                       ,Industrials           ,Building Products                                    ,US     ,NYSE    ,0.6100000000000001     ,18.539178941863504   ,40.44117647058823      ,38.095238095238095,-0.035455            ,67.5                     ,11.30889915453674            ,Low
MGEE      ,MGE Energy Inc.                                                 ,Utilities             ,Electric Utilities                                   ,US     ,NasdaqGS,0.84                   ,0.14478764478764478  ,12.650602409638553     ,33.333333333333336,0.002515             ,33.25                    ,0.1216216216216216           ,High
GRAL      ,GRAIL Inc.                                                      ,Health Care           ,Biotechnology                                        ,US     ,NasdaqGS,0.7100000000000001     ,12.820512820512821   ,22.727272727272727     ,50.0              ,0.0                  ,75.0                     ,9.102564102564104            ,Medium
MATX      ,Matson Inc.                                                     ,Industrials           ,Marine Transportation                                ,US     ,NYSE    ,0.8                    ,17.153779750894067   ,24.210526315789473     ,100.0             ,0.085035             ,100.0                    ,13.723023800715254           ,Medium
CEG       ,Constellation Energy Corporation                                ,Utilities             ,Electric Utilities                                   ,US     ,NasdaqGS,0.25                   ,40.76205665152723    ,50.24630541871921      ,70.0              ,0.002715             ,81.5                     ,10.190514162881808           ,Low
BMRN      ,BioMarin Pharmaceutical Inc.                                    ,Health Care           ,Biotechnology                                        ,US     ,NasdaqGS,0.24                   ,57.00684817103725    ,63.829787234042556     ,75.0              ,-0.08575             ,83.25                    ,13.681643561048938           ,Low
HBM       ,Hudbay Minerals Inc.                                            ,Materials             ,Metals and Mining                                    ,CA     ,TSX     ,0.85                   ,8.862767154105736    ,56.52879240331063      ,95.23809523809524 ,-0.00564             ,90.5                     ,7.533352080989875            ,Low
BCPC      ,Balchem Corporation                                             ,Materials             ,Chemicals                                            ,US     ,NasdaqGS,0.7899999999999999     ,5.635750235053371    ,30.36649214659686      ,50.0              ,0.00298              ,75.0                     ,4.452242685692163            ,Medium
CNP       ,CenterPoint Energy Inc.                                         ,Utilities             ,Multi-Utilities                                      ,US     ,NYSE    ,0.88                   ,-1.2229539040451551  ,28.571428571428573     ,47.05882352941177 ,0.00167              ,72.0                     ,-1.0761994355597366          ,Medium
KODT      ,Koncar - distributivni i specijalni transformatori d.d.         ,Industrials           ,Electrical Equipment                                 ,HR     ,ZGSE    ,0.76                   ,1.3537444717444718   ,33.59368193342538      ,0.0               ,-0.0196              ,50.0                     ,1.0288457985257986           ,Medium
TDS       ,Telephone and Data Systems Inc.                                 ,Communication Services,Wireless Telecommunication Services                  ,US     ,NYSE    ,0.9                    ,7.165370876234503    ,1.9607843137254901     ,100.0             ,0.0                  ,83.25                    ,6.4488337886110525           ,High
POR       ,Portland General Electric Company                               ,Utilities             ,Electric Utilities                                   ,US     ,NYSE    ,0.85                   ,-5.555555555555555   ,30.392156862745097     ,8.333333333333334 ,-0.01599             ,52.0                     ,-4.722222222222222           ,Medium
BABA      ,Alibaba Group Holding Limited                                   ,Consumer Discretionary,Broadline Retail                                     ,HK     ,NYSE    ,0.52                   ,27.462916586399537   ,67.60345192394885      ,78.72340425531915 ,-0.103665            ,89.0                     ,14.28071662492776            ,Low
CQP       ,Cheniere Energy Partners L.P.                                   ,Energy                ,Oil Gas and Consumable Fuels                         ,US     ,NYSE    ,0.85                   ,-6.103286384976526   ,46.42857142857143      ,50.0              ,-0.020385            ,30.0                     ,-5.187793427230047           ,Low
MNSO      ,MINISO Group Holding Limited                                    ,Consumer Discretionary,Broadline Retail                                     ,CN     ,NYSE    ,0.42000000000000004    ,40.49662688116243    ,38.030634896597064     ,94.11764705882354 ,0.009775             ,92.75                    ,17.00858329008822            ,Low
BBIO      ,BridgeBio Pharma Inc.                                           ,Health Care           ,Biotechnology                                        ,US     ,NasdaqGS,0.55                   ,25.58139534883721    ,97.35449735449735      ,95.23809523809524 ,0.0                  ,91.75                    ,14.069767441860465           ,Low
BCC       ,Boise Cascade Company                                           ,Industrials           ,Trading Companies and Distributors                   ,US     ,NYSE    ,0.75                   ,8.092485549132949    ,20.32085561497326      ,42.857142857142854,-0.11115             ,75.0                     ,6.069364161849712            ,Medium
AEP       ,American Electric Power Company Inc.                            ,Utilities             ,Electric Utilities                                   ,US     ,NasdaqGS,0.7799999999999999     ,0.43096813914114207  ,23.754789272030653     ,39.130434782608695,0.00215              ,66.25                    ,0.33615514853009076          ,Medium
SES       ,SECURE Waste Infrastructure Corp.                               ,Energy                ,Oil Gas and Consumable Fuels                         ,CA     ,TSX     ,0.73                   ,6.1571125265392785   ,27.5                   ,44.44444444444444 ,0.00189              ,66.75                    ,4.494692144373674            ,Medium
PTGX      ,Protagonist Therapeutics Inc.                                   ,Health Care           ,Biotechnology                                        ,US     ,NasdaqGM,0.42000000000000004    ,31.91802675174868    ,49.30232558139535      ,91.66666666666667 ,0.0                  ,89.5                     ,13.405571235734447           ,Low
AG        ,First Majestic Silver Corp.                                     ,Materials             ,Metals and Mining                                    ,CA     ,TSX     ,0.5800000000000001     ,15.089514066496164   ,47.22222222222222      ,42.857142857142854,0.19427              ,67.75                    ,8.751918158567776            ,Low
IDYA      ,IDEAYA Biosciences Inc.                                         ,Health Care           ,Biotechnology                                        ,US     ,NasdaqGS,0.27                   ,58.572844400396434   ,100.0                  ,89.47368421052632 ,0.0                  ,90.75                    ,15.814667988107038           ,Low
ADRS      ,Adris grupa d. d.                                               ,Industrials           ,Industrial Conglomerates                             ,HR     ,ZGSE    ,0.9                    ,-0.10542635658914729 ,0.0                    ,0.0               ,-0.00144             ,50.0                     ,-0.09488372093023256         ,Low
REH       ,Reece Limited                                                   ,Industrials           ,Trading Companies and Distributors                   ,AU     ,ASX     ,0.83                   ,-10.591471801925723  ,46.15384615384615      ,6.666666666666667 ,-0.005395            ,46.75                    ,-8.79092159559835            ,Low
ALD       ,Ampol Limited                                                   ,Energy                ,Oil Gas and Consumable Fuels                         ,AU     ,ASX     ,0.7200000000000001     ,17.606364579730197   ,21.176470588235293     ,80.0              ,0.07217              ,82.5                     ,12.676582497405743           ,Medium
GLPG      ,Galapagos NV                                                    ,Health Care           ,Biotechnology                                        ,BE     ,ENXTAM  ,0.7999999999999999     ,-1.622002820874471   ,92.47311827956989      ,30.0              ,0.0                  ,37.5                     ,-1.2976022566995766          ,Low
ALM       ,Almirall S.A.                                                   ,Health Care           ,Pharmaceuticals                                      ,ES     ,BME     ,0.83                   ,1.8656716417910448   ,25.641025641025642     ,66.66666666666667 ,0.008405             ,79.25                    ,1.5485074626865671           ,Medium
BEAN      ,BELIMO Holding AG                                               ,Industrials           ,Building Products                                    ,CH     ,SWX     ,0.6799999999999999     ,5.3977272727272725   ,58.867924528301884     ,25.0              ,0.065655             ,62.5                     ,3.670454545454545            ,Low
GAPB      ,Grupo Aeroportuario del Pacífico S.A.B. de C.V.                 ,Industrials           ,Transportation Infrastructure                        ,MX     ,BMV     ,0.73                   ,0.6780782270735136   ,31.006160164271048     ,20.0              ,0.035735             ,56.75                    ,0.4949971057636649           ,Medium
HLE       ,HELLA GmbH & Co. KGaA                                           ,Consumer Discretionary,Automobile Components                                ,DE     ,XTRA    ,0.78                   ,-22.894424673784105  ,15.384615384615385     ,33.333333333333336,-0.169385            ,33.25                    ,-17.8576512455516            ,High
2282      ,MGM China Holdings Limited                                      ,Consumer Discretionary,Hotels Restaurants and Leisure                       ,MO     ,SEHK    ,0.4                    ,32.54786450662739    ,45.0                   ,82.3529411764706  ,-0.00821             ,86.75                    ,13.019145802650957           ,Low
EXENS     ,Exosens                                                         ,Industrials           ,Aerospace and Defense                                ,FR     ,ENXTPA  ,0.7999999999999999     ,-3.5398230088495577  ,44.03669724770642      ,60.0              ,0.04265              ,75.0                     ,-2.831858407079646           ,Low
NESTLE    ,Nestlé (Malaysia) Berhad                                        ,Consumer Staples      ,Food Products                                        ,MY     ,KLSE    ,0.62                   ,2.293577981651376    ,55.60538116591928      ,15.384615384615385,0.05191              ,55.75                    ,1.4220183486238531           ,Low
DIGI      ,Digi Communications N.V.                                        ,Communication Services,Diversified Telecommunication Services               ,RO     ,BVB     ,0.9                    ,-34.000416088765604  ,81.43097611257163      ,57.142857142857146,0.0                  ,85.0                     ,-30.600374479889044          ,Low
WGS       ,GeneDx Holdings Corp.                                           ,Health Care           ,Health Care Providers and Services                   ,US     ,NasdaqGS,0.30000000000000004    ,88.57459789240156    ,27.647058823529413     ,90.0              ,0.12661              ,97.25                    ,26.572379367720472           ,Medium
OKE       ,ONEOK Inc.                                                      ,Energy                ,Oil Gas and Consumable Fuels                         ,US     ,NYSE    ,0.9                    ,-4.192312158866566   ,36.36363636363637      ,57.142857142857146,-0.0132              ,73.75                    ,-3.77308094297991            ,Low
SOLV      ,Solvac S.A.                                                     ,Materials             ,Chemicals                                            ,BE     ,ENXTBR  ,0.44                   ,25.770142180094787   ,30.428638718794158     ,0.0               ,0.0                  ,50.0                     ,11.338862559241706           ,Medium
EIX       ,Edison International                                            ,Utilities             ,Electric Utilities                                   ,US     ,NYSE    ,0.77                   ,-7.64063811922754    ,48.484848484848484     ,40.0              ,0.014225             ,66.75                    ,-5.883291351805206           ,Low
HIMS      ,Hims & Hers Health Inc.                                         ,Health Care           ,Health Care Providers and Services                   ,US     ,NYSE    ,0.05                   ,90.1840490797546     ,151.61290322580646     ,12.5              ,-0.01616             ,55.0                     ,4.50920245398773             ,Low
ALSN      ,Allison Transmission Holdings Inc.                              ,Industrials           ,Machinery                                            ,US     ,NYSE    ,0.88                   ,-3.642074879021988   ,55.50660792951542      ,20.0              ,-0.023015            ,62.5                     ,-3.2050258935393496          ,Low
SGHC      ,Super Group (SGHC) Limited                                      ,Consumer Discretionary,Hotels Restaurants and Leisure                       ,GG     ,NYSE    ,0.41000000000000003    ,100.89285714285714   ,16.666666666666668     ,100.0             ,0.0                  ,93.75                    ,41.36607142857143            ,High
BWXT      ,BWX Technologies Inc.                                           ,Industrials           ,Aerospace and Defense                                ,US     ,NYSE    ,0.52                   ,12.275449101796408   ,42.666666666666664     ,58.333333333333336,0.01765              ,75.0                     ,6.383233532934132            ,Low
OVV       ,Ovintiv Inc.                                                    ,Energy                ,Oil Gas and Consumable Fuels                         ,US     ,NYSE    ,0.75                   ,17.195823567014703   ,34.54545454545455      ,79.16666666666667 ,-0.04055             ,87.0                     ,12.896867675261028           ,Medium
CWENA     ,Clearway Energy Inc.                                            ,Utilities             ,Independent Power and Renewable Electricity Producers,US     ,NYSE    ,0.9                    ,-0.42189670082020914 ,23.68421052631579      ,83.33333333333333 ,0.39517              ,88.75                    ,-0.37970703073818823         ,Medium
VNOM      ,Viper Energy Inc.                                               ,Energy                ,Oil Gas and Consumable Fuels                         ,US     ,NasdaqGS,0.67                   ,15.254237288135593   ,50.98039215686274      ,94.44444444444444 ,-0.035885            ,90.25                    ,10.220338983050848           ,Low
EMA       ,Emera Incorporated                                              ,Utilities             ,Electric Utilities                                   ,CA     ,TSX     ,0.7999999999999999     ,-0.9124607927003137  ,33.093525179856115     ,20.0              ,0.02543              ,56.75                    ,-0.7299686341602508          ,Medium
KTOS      ,Kratos Defense & Security Solutions Inc.                        ,Industrials           ,Aerospace and Defense                                ,US     ,NasdaqGS,0.4                    ,34.74062429822592    ,55.833333333333336     ,78.94736842105263 ,-0.01101             ,85.5                     ,13.896249719290367           ,Low
AXSM      ,Axsome Therapeutics Inc.                                        ,Health Care           ,Pharmaceuticals                                      ,US     ,NasdaqGM,0.7000000000000001     ,18.922796755145963   ,49.65197215777262      ,95.0              ,0.0                  ,93.75                    ,13.245957728602177           ,Low
PEN       ,Penumbra Inc.                                                   ,Health Care           ,Health Care Equipment and Supplies                   ,US     ,NYSE    ,0.47000000000000003    ,10.22693781314471    ,50.26737967914438      ,15.789473684210526,0.00394              ,55.5                     ,4.806660772178014            ,Low
DPZ       ,Domino's Pizza Inc.                                             ,Consumer Discretionary,Hotels Restaurants and Leisure                       ,US     ,NasdaqGS,0.2                    ,30.22636484687084    ,52.556237218813905     ,47.05882352941177 ,0.000205             ,74.25                    ,6.045272969374168            ,Low
KWR       ,Quaker Chemical Corporation                                     ,Materials             ,Chemicals                                            ,US     ,NYSE    ,0.9                    ,-5.48678487788558    ,17.699115044247787     ,80.0              ,-0.020005            ,80.0                     ,-4.938106390097023           ,High
WCP       ,Whitecap Resources Inc.                                         ,Energy                ,Oil Gas and Consumable Fuels                         ,CA     ,TSX     ,0.85                   ,6.382978723404255    ,21.428571428571427     ,93.75             ,0.006735             ,90.75                    ,5.425531914893617            ,Medium
KEYS      ,Keysight Technologies Inc.                                      ,Information Technology,Electronic Equipment Instruments and Components      ,US     ,NYSE    ,0.9                    ,-3.6443835381782366  ,23.555555555555557     ,69.23076923076923 ,0.011765             ,80.75                    ,-3.279945184360413           ,Medium
HEI       ,HEICO Corporation                                               ,Industrials           ,Aerospace and Defense                                ,US     ,NYSE    ,0.68                   ,14.27884037050403    ,36.05263157894737      ,57.142857142857146,0.036045             ,77.5                     ,9.709611451942742            ,Low
CPK       ,Chesapeake Utilities Corporation                                ,Utilities             ,Gas Utilities                                        ,US     ,NYSE    ,0.83                   ,8.222713864306785    ,13.62862010221465      ,60.0              ,-0.00669             ,75.0                     ,6.824852507374631            ,High
PRIM      ,Primoris Services Corporation                                   ,Industrials           ,Construction and Engineering                         ,US     ,NYSE    ,0.9                    ,-7.524169819251786   ,30.51948051948052      ,57.142857142857146,0.05001              ,75.0                     ,-6.771752837326607           ,Medium
FANG      ,Diamondback Energy Inc.                                         ,Energy                ,Oil Gas and Consumable Fuels                         ,US     ,NasdaqGS,0.87                   ,5.238264159867565    ,33.70786516853933      ,90.625            ,-0.05457             ,90.25                    ,4.557289819084782            ,Medium
FRPT      ,Freshpet Inc.                                                   ,Consumer Staples      ,Food Products                                        ,US     ,NasdaqGM,0.72                   ,6.3201417601890135   ,62.5                   ,61.111111111111114,0.166155             ,77.75                    ,4.550502067336089            ,Low
BSM       ,Black Stone Minerals L.P.                                       ,Energy                ,Oil Gas and Consumable Fuels                         ,US     ,NYSE    ,0.88                   ,-14.473684210526315  ,0.0                    ,0.0               ,0.002375             ,50.0                     ,-12.736842105263158          ,Low
UFPI      ,UFP Industries Inc.                                             ,Industrials           ,Building Products                                    ,US     ,NasdaqGS,0.9                    ,-2.268760907504363   ,24.107142857142858     ,40.0              ,-0.0358              ,70.0                     ,-2.0418848167539267          ,Medium
OGDC      ,Oil and Gas Development Company Limited                         ,Energy                ,Oil Gas and Consumable Fuels                         ,PK     ,KASE    ,0.6200000000000001     ,17.052317296600393   ,60.869565217391305     ,81.81818181818181 ,-0.048575            ,97.25                    ,10.572436723892245           ,Low
A352820   ,HYBE Co. Ltd.                                                   ,Communication Services,Entertainment                                        ,KR     ,KOSE    ,0.8300000000000001     ,10.256410256410257   ,30.232558139534884     ,100.0             ,0.06197              ,92.0                     ,8.512820512820515            ,Medium
VIVT3     ,Telefônica Brasil S.A.                                          ,Communication Services,Diversified Telecommunication Services               ,BR     ,BOVESPA ,0.82                   ,-7.904366918760673   ,45.033112582781456     ,38.46153846153846 ,0.025095             ,71.25                    ,-6.481580873383752           ,Low
OMAB      ,Grupo Aeroportuario del Centro Norte S.A.B. de C.V.             ,Industrials           ,Transportation Infrastructure                        ,MX     ,BMV     ,0.83                   ,-4.4516434317329745  ,34.666666666666664     ,6.25              ,0.06669              ,53.25                    ,-3.694864048338369           ,Medium
NPN       ,Naspers Limited                                                 ,Consumer Discretionary,Broadline Retail                                     ,ZA     ,JSE     ,0.27                   ,75.24932675044883    ,37.033695261047676     ,87.5              ,0.020095             ,87.5                     ,20.317318222621186           ,Low
8046      ,Nan Ya Printed Circuit Board Corporation                        ,Information Technology,Electronic Equipment Instruments and Components      ,TW     ,TWSE    ,0.9                    ,-5.048076923076923   ,124.05063291139241     ,58.333333333333336,0.008605             ,77.0                     ,-4.543269230769231           ,Low
ZAIN      ,Mobile Telecommunications Company K.S.C.P.                      ,Communication Services,Wireless Telecommunication Services                  ,KW     ,KWSE    ,0.6200000000000001     ,13.461538461538462   ,45.76271186440678      ,71.42857142857143 ,0.037575             ,82.25                    ,8.346153846153848            ,Low
PAALB     ,Per Aarsleff Holding A/S                                        ,Industrials           ,Construction and Engineering                         ,DK     ,CPSE    ,0.9                    ,2.3890784982935154   ,3.888888888888889      ,100.0             ,0.054315             ,100.0                    ,2.150170648464164            ,High
CPAXT     ,CP Axtra Public Company Limited                                 ,Consumer Staples      ,Consumer Staples Distribution and Retail             ,TH     ,SET     ,0.38000000000000006    ,12.0                 ,56.81818181818182      ,5.882352941176471 ,-0.059955            ,56.0                     ,4.5600000000000005           ,Low
2049      ,Hiwin Technologies Corporation                                  ,Industrials           ,Machinery                                            ,TW     ,TWSE    ,0.78                   ,-8.405172413793103   ,86.11764705882354      ,12.5              ,-0.097425            ,54.75                    ,-6.556034482758621           ,Low
IOICORP   ,IOI Corporation Berhad                                          ,Consumer Staples      ,Food Products                                        ,MY     ,KLSE    ,0.75                   ,8.040201005025125    ,19.767441860465116     ,33.333333333333336,0.0672               ,63.25                    ,6.030150753768844            ,High
CRDA      ,Croda International Plc                                         ,Materials             ,Chemicals                                            ,GB     ,LSE     ,0.7                    ,2.257853403141361    ,76.8                   ,35.714285714285715,0.011565             ,64.25                    ,1.5804973821989527           ,Low
ATE       ,Alten S.A.                                                      ,Information Technology,IT Services                                          ,FR     ,ENXTPA  ,0.30000000000000004    ,58.93416927899686    ,70.01972386587771      ,75.0              ,0.03935              ,84.5                     ,17.680250783699062           ,Low
TEMN      ,Temenos AG                                                      ,Information Technology,Software                                             ,CH     ,SWX     ,0.5                    ,18.32943925233645    ,62.979037088228516     ,0.0               ,0.019785             ,48.5                     ,9.164719626168225            ,Low
AUSS      ,Austevoll Seafood ASA                                           ,Consumer Staples      ,Food Products                                        ,NO     ,OB      ,0.69                   ,8.51063829787234     ,29.41176470588235      ,50.0              ,-0.1057              ,70.75                    ,5.872340425531914            ,Medium
WOW       ,Woolworths Group Limited                                        ,Consumer Staples      ,Consumer Staples Distribution and Retail             ,AU     ,ASX     ,0.88                   ,-3.3343769567939887  ,28.34008097165992      ,50.0              ,0.03128              ,68.75                    ,-2.93425172197871            ,Medium
ECOPETROL ,Ecopetrol S.A.                                                  ,Energy                ,Oil Gas and Consumable Fuels                         ,CO     ,BVC     ,0.72                   ,-14.549653579676674  ,54.054054054054056     ,25.0              ,-0.10351             ,40.75                    ,-10.475750577367204          ,Low
CUERVO    ,Becle S.A.B. de C.V.                                            ,Consumer Staples      ,Beverages                                            ,MX     ,BMV     ,0.27                   ,45.55256064690027    ,44.44444444444444      ,58.333333333333336,0.22049              ,77.25                    ,12.299191374663073           ,Low
CTEC      ,Convatec Group PLC                                              ,Health Care           ,Health Care Equipment and Supplies                   ,GB     ,LSE     ,0.42000000000000004    ,35.70237050043898    ,36.36981205318151      ,88.88888888888889 ,0.006145             ,87.5                     ,14.994995610184374           ,Low
TEF       ,Telefónica S.A.                                                 ,Communication Services,Diversified Telecommunication Services               ,ES     ,BME     ,0.71                   ,8.962135657858894    ,52.5                   ,13.636363636363637,0.050095             ,44.25                    ,6.363116317079815            ,Low
SPM       ,Saipem SpA                                                      ,Energy                ,Energy Equipment and Services                        ,IT     ,BIT     ,0.85                   ,2.1456633423995166   ,53.25443786982248      ,77.77777777777777 ,-0.04912             ,83.25                    ,1.823813841039589            ,Low
2360      ,Chroma ATE Inc.                                                 ,Information Technology,Electronic Equipment Instruments and Components      ,TW     ,TWSE    ,0.9                    ,-5.238095238095238   ,87.43718592964824      ,92.85714285714286 ,0.147565             ,91.0                     ,-4.714285714285714           ,Low
4015      ,Jamjoom Pharmaceuticals Factory Company                         ,Health Care           ,Pharmaceuticals                                      ,SA     ,SASE    ,0.43000000000000005    ,29.46564885496183    ,3.9504716981132075     ,25.0              ,0.03467              ,56.25                    ,12.670229007633589           ,High
ASURB     ,Grupo Aeroportuario del Sureste S. A. B. de C. V.               ,Industrials           ,Transportation Infrastructure                        ,MX     ,BMV     ,0.7799999999999999     ,4.526878340144608    ,33.54887218045113      ,62.5              ,0.01211              ,76.5                     ,3.530965105312794            ,Medium
ISAE4     ,ISA Energía Brasil S.A.                                         ,Utilities             ,Electric Utilities                                   ,BR     ,BOVESPA ,0.85                   ,-12.570108874958759  ,35.886792452830186     ,7.142857142857143 ,0.065645             ,44.75                    ,-10.684592543714945          ,Low
G13       ,Genting Singapore Limited                                       ,Consumer Discretionary,Hotels Restaurants and Leisure                       ,SG     ,SGX     ,0.47000000000000003    ,12.987012987012987   ,42.52873563218391      ,50.0              ,-0.014195            ,70.25                    ,6.103896103896104            ,Low
MCY       ,Mercury NZ Limited                                              ,Utilities             ,Electric Utilities                                   ,NZ     ,NZSE    ,0.7                    ,9.004739336492891    ,18.840579710144926     ,40.0              ,0.142                ,65.0                     ,6.303317535545023            ,High
JDEP      ,JDE Peet's N.V.                                                 ,Consumer Staples      ,Food Products                                        ,NL     ,ENXTAM  ,0.6499999999999999     ,0.6637168141592921   ,25.11773940345369      ,18.181818181818183,0.061745             ,55.5                     ,0.43141592920353977          ,Medium
TIT       ,Telecom Italia S.p.A.                                           ,Communication Services,Diversified Telecommunication Services               ,IT     ,BIT     ,0.9                    ,-9.82587064676617    ,55.172413793103445     ,58.8235294117647  ,0.0                  ,78.0                     ,-8.843283582089553           ,Low
CHDRAUIB  ,Grupo Comercial Chedraui S.A.B. de C.V.                         ,Consumer Staples      ,Consumer Staples Distribution and Retail             ,MX     ,BMV     ,0.48000000000000004    ,27.792893066204964   ,37.41935483870968      ,33.333333333333336,-0.005945            ,65.0                     ,13.340588671778384           ,Low
2383      ,Elite Material Co. Ltd.                                         ,Information Technology,Electronic Equipment Instruments and Components      ,TW     ,TWSE    ,0.9                    ,-9.681093394077449   ,62.295081967213115     ,100.0             ,0.013285             ,91.0                     ,-8.712984054669704           ,Low
WAPCO     ,Lafarge Africa Plc                                              ,Materials             ,Construction Materials                               ,NG     ,NGSE    ,0.9                    ,-7.93368700265252    ,50.7361203146158       ,66.66666666666667 ,0.182495             ,83.25                    ,-7.140318302387268           ,Low
DOCN      ,DigitalOcean Holdings Inc.                                      ,Information Technology,IT Services                                          ,US     ,NYSE    ,0.9                    ,-14.906103286384976  ,41.37931034482759      ,71.42857142857143 ,0.005015             ,80.25                    ,-13.415492957746478          ,Low
BRSL      ,Brightstar Lottery PLC                                          ,Consumer Discretionary,Hotels Restaurants and Leisure                       ,GB     ,NYSE    ,0.27                   ,44.98141263940521    ,61.53846153846154      ,57.142857142857146,0.027225             ,78.5                     ,12.144981412639407           ,Low
SPXC      ,SPX Technologies Inc.                                           ,Industrials           ,Machinery                                            ,US     ,NYSE    ,0.83                   ,0.41841004184100417  ,20.416666666666668     ,70.0              ,0.01527              ,85.0                     ,0.34728033472803344          ,Medium
ELAN      ,Elanco Animal Health Incorporated                               ,Health Care           ,Pharmaceuticals                                      ,US     ,NYSE    ,0.7799999999999999     ,3.46199761241544     ,38.46153846153846      ,66.66666666666667 ,0.01653              ,81.0                     ,2.700358137684043            ,Low
AWI       ,Armstrong World Industries Inc.                                 ,Industrials           ,Building Products                                    ,US     ,NYSE    ,0.73                   ,5.102856001597763    ,26.128266033254157     ,50.0              ,0.01336              ,75.0                     ,3.725084881166367            ,Medium
AXON      ,Axon Enterprise Inc.                                            ,Industrials           ,Aerospace and Defense                                ,US     ,NasdaqGS,0.22                   ,86.77124304698955    ,50.312772585669784     ,90.0              ,-0.008915            ,85.0                     ,19.0896734703377             ,Low
EXPD      ,Expeditors International of Washington Inc.                     ,Industrials           ,Air Freight and Logistics                            ,US     ,NYSE    ,0.7999999999999999     ,-7.167235494880546   ,61.76470588235294      ,29.41176470588235 ,0.02344              ,39.75                    ,-5.733788395904436           ,Low
EFN       ,Element Fleet Management Corp.                                  ,Industrials           ,Commercial Services and Supplies                     ,CA     ,TSX     ,0.52                   ,22.491145218417945   ,26.50602409638554      ,80.0              ,0.014955             ,82.5                     ,11.695395513577331           ,Medium
WLK       ,Westlake Corporation                                            ,Materials             ,Chemicals                                            ,US     ,NYSE    ,0.85                   ,-16.566746602717824  ,35.92814371257485      ,46.666666666666664,0.0                  ,71.75                    ,-14.08173461231015           ,Low
GDDY      ,GoDaddy Inc.                                                    ,Information Technology,IT Services                                          ,US     ,NYSE    ,0.12                   ,93.5592459605027     ,63.768115942028984     ,56.25             ,0.056195             ,73.5                     ,11.227109515260322           ,Low
WDAY      ,Workday Inc.                                                    ,Information Technology,Software                                             ,US     ,NasdaqGS,0.21                   ,86.95471541337764    ,57.77777777777778      ,69.76744186046511 ,0.01944              ,80.75                    ,18.260490236809304           ,Low
TARS      ,Tarsus Pharmaceuticals Inc.                                     ,Health Care           ,Pharmaceuticals                                      ,US     ,NasdaqGS,0.5800000000000001     ,49.72030273116157    ,14.285714285714286     ,100.0             ,0.0                  ,97.0                     ,28.83777558407371            ,High
MOS       ,The Mosaic Company                                              ,Materials             ,Chemicals                                            ,US     ,NYSE    ,0.5800000000000001     ,11.298482293423271   ,43.03030303030303      ,50.0              ,-0.059865            ,70.0                     ,6.553119730185498            ,Low
RYTM      ,Rhythm Pharmaceuticals Inc.                                     ,Health Care           ,Biotechnology                                        ,US     ,NasdaqGM,0.4                    ,44.28469460589375    ,29.681978798586574     ,93.33333333333333 ,0.0                  ,91.75                    ,17.7138778423575             ,Medium
LTH       ,Life Time Group Holdings Inc.                                   ,Consumer Discretionary,Hotels Restaurants and Leisure                       ,US     ,NYSE    ,0.4                    ,41.08740536820372    ,29.26829268292683      ,90.9090909090909  ,0.049245             ,91.0                     ,16.43496214728149            ,Medium
AS        ,Amer Sports Inc.                                                ,Consumer Discretionary,Textiles Apparel and Luxury Goods                    ,FI     ,NYSE    ,0.6200000000000001     ,15.548857071087667   ,43.91304347826087      ,95.83333333333333 ,0.085135             ,92.75                    ,9.640291384074356            ,Low
MMSI      ,Merit Medical Systems Inc.                                      ,Health Care           ,Health Care Equipment and Supplies                   ,US     ,NasdaqGS,0.6000000000000001     ,29.806514817536126   ,30.18867924528302      ,90.9090909090909  ,0.005205             ,84.0                     ,17.883908890521678           ,Medium
CIFR      ,Cipher Mining Inc.                                              ,Information Technology,Software                                             ,US     ,NasdaqGS,0.35                   ,64.43361753958587    ,129.62962962962962     ,93.33333333333333 ,-0.03121             ,91.0                     ,22.55176613885505            ,Low
ZETA      ,Zeta Global Holdings Corp.                                      ,Information Technology,Software                                             ,US     ,NYSE    ,0.27                   ,90.8150064683053     ,64.40677966101696      ,78.57142857142857 ,-0.015765            ,85.75                    ,24.520051746442434           ,Low
GBTG      ,Global Business Travel Group Inc.                               ,Consumer Discretionary,Hotels Restaurants and Leisure                       ,US     ,NYSE    ,0.19                   ,118.25396825396825   ,49.09090909090909      ,85.71428571428571 ,0.042325             ,92.75                    ,22.46825396825397            ,Low
TREX      ,Trex Company Inc.                                               ,Industrials           ,Building Products                                    ,US     ,NYSE    ,0.7                    ,7.4766355140186915   ,54.34782608695652      ,33.333333333333336,-0.043565            ,70.0                     ,5.233644859813084            ,Low
GPOR      ,Gulfport Energy Corporation                                     ,Energy                ,Oil Gas and Consumable Fuels                         ,US     ,NYSE    ,0.67                   ,13.742216992695004   ,30.603448275862068     ,71.42857142857143 ,-0.02952             ,84.0                     ,9.207285385105653            ,Medium
OPCH      ,Option Care Health Inc.                                         ,Health Care           ,Health Care Providers and Services                   ,US     ,NasdaqGS,0.8300000000000001     ,12.93054771315641    ,22.5                   ,91.66666666666667 ,0.03434              ,87.5                     ,10.732354601919821           ,Medium
PRX       ,Prosus N.V.                                                     ,Consumer Discretionary,Broadline Retail                                     ,NL     ,ENXTAM  ,0.35                   ,64.68650746970944    ,37.12571428571429      ,78.94736842105263 ,0.01735              ,84.25                    ,22.640277614398304           ,Low
GMED      ,Globus Medical Inc.                                             ,Health Care           ,Health Care Equipment and Supplies                   ,US     ,NYSE    ,0.6000000000000001     ,26.007492337382224   ,25.225225225225227     ,73.33333333333333 ,0.047945             ,78.25                    ,15.604495402429338           ,Medium
KOF       ,Coca-Cola FEMSA S.A.B. de C.V.                                  ,Consumer Staples      ,Beverages                                            ,MX     ,NYSE    ,0.9                    ,-3.317367394003903   ,26.605504587155963     ,71.42857142857143 ,-0.005275            ,82.25                    ,-2.9856306546035127          ,Medium
LCID      ,Lucid Group Inc.                                                ,Consumer Discretionary,Automobiles                                          ,US     ,NasdaqGS,0.05                   ,55.6420233463035     ,131.25                 ,10.0              ,0.0                  ,47.5                     ,2.7821011673151754           ,Low
ATRO      ,Astronics Corporation                                           ,Industrials           ,Aerospace and Defense                                ,US     ,NasdaqGS,0.85                   ,3.9771250324928515   ,43.9                   ,80.0              ,0.078735             ,85.0                     ,3.3805562776189237           ,Low
FSLR      ,First Solar Inc.                                                ,Information Technology,Semiconductors and Semiconductor Equipment           ,US     ,NasdaqGS,0.44000000000000006    ,25.85863062264569    ,69.40140845070422      ,70.27027027027027 ,-0.037505            ,80.5                     ,11.377797473964106           ,Low
EXLS      ,ExlService Holdings Inc.                                        ,Industrials           ,Professional Services                                ,US     ,NasdaqGS,0.35                   ,69.77363515312916    ,13.72549019607843      ,77.77777777777777 ,0.00232              ,83.25                    ,24.420772303595207           ,High
KDP       ,Keurig Dr Pepper Inc.                                           ,Consumer Staples      ,Beverages                                            ,US     ,NasdaqGS,0.66                   ,14.516672280229033   ,35.294117647058826     ,68.75             ,0.000135             ,78.25                    ,9.581003704951161            ,Low
CAVA      ,CAVA Group Inc.                                                 ,Consumer Discretionary,Hotels Restaurants and Leisure                       ,US     ,NYSE    ,0.6000000000000001     ,18.11023622047244    ,45.333333333333336     ,62.5              ,-0.03698             ,78.25                    ,10.866141732283467           ,Low
ELG       ,Elmos Semiconductor SE                                          ,Information Technology,Semiconductors and Semiconductor Equipment           ,DE     ,XTRA    ,0.85                   ,-5.833333333333333   ,48.67256637168141      ,40.0              ,0.031795             ,70.0                     ,-4.958333333333333           ,Low
EIF       ,Exchange Income Corporation                                     ,Industrials           ,Passenger Airlines                                   ,CA     ,TSX     ,0.8999999999999999     ,7.8221950971416945   ,37.735849056603776     ,92.3076923076923  ,0.019025             ,86.5                     ,7.0399755874275245           ,Low
CCC       ,CCC Intelligent Solutions Holdings Inc.                         ,Information Technology,Software                                             ,US     ,NasdaqGS,0.21                   ,122.67206477732795   ,54.54545454545455      ,64.28571428571429 ,-0.00857             ,78.5                     ,25.761133603238868           ,Low
KNSA      ,Kiniksa Pharmaceuticals International plc                       ,Health Care           ,Biotechnology                                        ,GB     ,NasdaqGS,0.6000000000000001     ,21.225479391668504   ,21.818181818181817     ,100.0             ,-0.027535            ,96.5                     ,12.735287635001104           ,Medium
TPZ       ,Topaz Energy Corp.                                              ,Energy                ,Oil Gas and Consumable Fuels                         ,CA     ,TSX     ,0.7200000000000001     ,11.770869717079986   ,18.75                  ,100.0             ,0.028615             ,90.5                     ,8.475026196297591            ,High
NRG       ,NRG Energy Inc.                                                 ,Utilities             ,Electric Utilities                                   ,US     ,NYSE    ,0.6100000000000001     ,17.203365245140702   ,127.72277227722772     ,64.28571428571429 ,0.016025             ,78.5                     ,10.49405279953583            ,Low
CECO      ,CECO Environmental Corp.                                        ,Industrials           ,Machinery                                            ,US     ,NasdaqGS,0.9                    ,-22.289613343442003  ,32.520325203252035     ,100.0             ,-0.017675            ,95.75                    ,-20.060652009097804          ,Medium
FERG      ,Ferguson Enterprises Inc.                                       ,Industrials           ,Trading Companies and Distributors                   ,US     ,NYSE    ,0.83                   ,1.0101010101010102   ,37.5                   ,61.53846153846154 ,0.004665             ,79.0                     ,0.8383838383838383           ,Low
MTDR      ,Matador Resources Company                                       ,Energy                ,Oil Gas and Consumable Fuels                         ,US     ,NYSE    ,0.6200000000000001     ,10.878661087866108   ,71.69811320754717      ,84.21052631578948 ,-0.067595            ,88.25                    ,6.744769874476988            ,Low
TEM       ,Tempus AI Inc.                                                  ,Health Care           ,Life Sciences Tools and Services                     ,US     ,NasdaqGS,0.24                   ,63.61886429258903    ,34.11764705882353      ,50.0              ,0.0                  ,71.5                     ,15.268527430221367           ,Medium
RRC       ,Range Resources Corporation                                     ,Energy                ,Oil Gas and Consumable Fuels                         ,US     ,NYSE    ,0.57                   ,6.4679265371306895   ,47.5                   ,16.0              ,-0.020545            ,59.0                     ,3.6867181261644926           ,Low
SUPN      ,Supernus Pharmaceuticals Inc.                                   ,Health Care           ,Pharmaceuticals                                      ,US     ,NasdaqGM,0.6000000000000001     ,20.967741935483872   ,16.260162601626018     ,83.33333333333333 ,-0.079235            ,87.5                     ,12.580645161290326           ,High
TMDX      ,TransMedics Group Inc.                                          ,Health Care           ,Health Care Equipment and Supplies                   ,US     ,NasdaqGM,0.6000000000000001     ,12.831176833025262   ,38.225255972696246     ,69.23076923076923 ,0.100615             ,83.25                    ,7.698706099815158            ,Low
HSIC      ,Henry Schein Inc.                                               ,Health Care           ,Health Care Providers and Services                   ,US     ,NasdaqGS,0.7                    ,0.396470136846144    ,40.76433121019108      ,31.25             ,-0.000265            ,59.5                     ,0.2775290957923008           ,Low
VRRM      ,Verra Mobility Corporation                                      ,Industrials           ,Professional Services                                ,US     ,NasdaqCM,0.30000000000000004    ,63.3097441480675     ,30.0                   ,75.0              ,0.003675             ,84.5                     ,18.992923244420254           ,Medium
ADSK      ,Autodesk Inc.                                                   ,Information Technology,Software                                             ,US     ,NasdaqGS,0.22                   ,61.318225067035726   ,49.597855227882036     ,87.87878787878788 ,0.026175             ,90.75                    ,13.49000951474786            ,Low
IPAR      ,Interparfums Inc.                                               ,Consumer Staples      ,Personal Care Products                               ,US     ,NasdaqGS,0.9                    ,7.589984350547731    ,34.54545454545455      ,80.0              ,1e-05                ,90.0                     ,6.830985915492958            ,Medium
SEI       ,Solaris Energy Infrastructure Inc.                              ,Energy                ,Energy Equipment and Services                        ,US     ,NYSE    ,0.75                   ,15.663076108069928   ,15.267175572519085     ,100.0             ,0.064595             ,90.0                     ,11.747307081052446           ,High
PLNT      ,Planet Fitness Inc.                                             ,Consumer Discretionary,Hotels Restaurants and Leisure                       ,US     ,NYSE    ,0.29000000000000004    ,43.32965821389195    ,65.38461538461539      ,88.23529411764706 ,0.016515             ,88.25                    ,12.565600882028669           ,Low
MELI      ,MercadoLibre Inc.                                               ,Consumer Discretionary,Broadline Retail                                     ,UY     ,NasdaqGS,0.29000000000000004    ,41.70681902769255    ,46.495119787045255     ,92.3076923076923  ,-0.03219             ,90.5                     ,12.094977518030841           ,Low
NOVT      ,Novanta Inc.                                                    ,Information Technology,Electronic Equipment Instruments and Components      ,US     ,NasdaqGS,0.7                    ,5.198442516565339    ,20.77922077922078      ,66.66666666666667 ,-0.01797             ,75.0                     ,3.638909761595737            ,Medium
CYTK      ,Cytokinetics Incorporated                                       ,Health Care           ,Biotechnology                                        ,US     ,NasdaqGS,0.34                   ,34.319348022939934   ,84.26966292134831      ,85.0              ,0.0                  ,83.75                    ,11.668578327799578           ,Low
RGEN      ,Repligen Corporation                                            ,Health Care           ,Life Sciences Tools and Services                     ,US     ,NasdaqGS,0.42000000000000004    ,41.08765757842275    ,31.16883116883117      ,80.95238095238095 ,-0.00466             ,87.0                     ,17.256816182937555           ,Medium
ECG       ,Everus Construction Group Inc.                                  ,Industrials           ,Construction and Engineering                         ,US     ,NYSE    ,0.9                    ,-0.1521491061240015  ,12.380952380952381     ,42.857142857142854,0.10368              ,71.5                     ,-0.13693419551160135         ,High
CURY      ,Currys plc                                                      ,Consumer Discretionary,Specialty Retail                                     ,GB     ,LSE     ,0.75                   ,16.70020120724346    ,34.48275862068966      ,77.77777777777777 ,0.101445             ,90.75                    ,12.525150905432595           ,Medium
PCVX      ,Vaxcyte Inc.                                                    ,Health Care           ,Biotechnology                                        ,US     ,NasdaqGS,0.27                   ,103.3271719038817    ,113.63636363636364     ,90.9090909090909  ,0.0                  ,93.25                    ,27.898336414048064           ,Low
HD        ,The Home Depot Inc.                                             ,Consumer Discretionary,Specialty Retail                                     ,US     ,NYSE    ,0.86                   ,3.567318757192175    ,32.098765432098766     ,56.75675675675676 ,-0.02084             ,76.25                    ,3.0678941311852705           ,Medium
DRS       ,Leonardo DRS Inc.                                               ,Industrials           ,Aerospace and Defense                                ,US     ,NasdaqGS,0.37                   ,31.13034356150013    ,30.0                   ,80.0              ,0.000865             ,87.5                     ,11.518227117755048           ,Medium
JAZZ      ,Jazz Pharmaceuticals plc                                        ,Health Care           ,Pharmaceuticals                                      ,IE     ,NasdaqGS,0.42000000000000004    ,32.28308580361975    ,34.09090909090909      ,93.33333333333333 ,0.0255               ,88.25                    ,13.558896037520295           ,Medium
HPQ       ,HP Inc.                                                         ,Information Technology,Technology Hardware Storage and Peripherals          ,US     ,NYSE    ,0.26                   ,29.80269989615784    ,48.0                   ,5.882352941176471 ,-0.0529              ,48.5                     ,7.7487019730010385           ,Low
XMTR      ,Xometry Inc.                                                    ,Industrials           ,Trading Companies and Distributors                   ,US     ,NasdaqGS,0.55                   ,17.286178274990977   ,32.30769230769231      ,60.0              ,0.00798              ,75.0                     ,9.507398051245039            ,Medium
REZI      ,Resideo Technologies Inc.                                       ,Industrials           ,Building Products                                    ,US     ,NYSE    ,0.5800000000000001     ,25.593078425900085   ,13.333333333333334     ,66.66666666666667 ,-0.009795            ,87.5                     ,14.843985487022051           ,High
CCU       ,Compañía Cervecerías Unidas S.A.                                ,Consumer Staples      ,Beverages                                            ,CL     ,SNSE    ,0.6499999999999999     ,3.338632750397456    ,43.09230769230769      ,12.5              ,0.051125             ,50.0                     ,2.1701112877583464           ,Low
MISC      ,MISC Berhad                                                     ,Industrials           ,Marine Transportation                                ,MY     ,KLSE    ,0.7999999999999999     ,6.389578163771712    ,28.571428571428573     ,64.28571428571429 ,0.033975             ,80.25                    ,5.11166253101737             ,Medium
99SMART   ,99 Speed Mart Retail Holdings Berhad                            ,Consumer Staples      ,Consumer Staples Distribution and Retail             ,MY     ,KLSE    ,0.9                    ,-3.7974683544303796  ,51.05263157894737      ,63.63636363636363 ,0.077635             ,75.0                     ,-3.4177215189873418          ,Low
3037      ,Unimicron Technology Corp.                                      ,Information Technology,Electronic Equipment Instruments and Components      ,TW     ,TWSE    ,0.82                   ,0.27100271002710025  ,105.2027027027027      ,82.3529411764706  ,-0.08433             ,85.25                    ,0.22222222222222218          ,Low
PMETAL    ,Press Metal Aluminium Holdings Berhad                           ,Materials             ,Metals and Mining                                    ,MY     ,KLSE    ,0.82                   ,0.3963011889035667   ,32.89473684210526      ,92.3076923076923  ,0.09571              ,90.5                     ,0.3249669749009247           ,Medium
6770      ,Powerchip Semiconductor Manufacturing Corp.                     ,Information Technology,Semiconductors and Semiconductor Equipment           ,TW     ,TWSE    ,0.88                   ,-12.836767036450079  ,115.0909090909091      ,60.0              ,0.0                  ,70.0                     ,-11.296354992076068          ,Low
DOKA      ,dormakaba Holding AG                                            ,Industrials           ,Building Products                                    ,CH     ,SWX     ,0.43000000000000005    ,27.608346709470304   ,36.477987421383645     ,55.55555555555556 ,0.03434              ,75.0                     ,11.871589085072232           ,Low
1101      ,TCC Group Holdings Co. Ltd.                                     ,Materials             ,Construction Materials                               ,TW     ,TWSE    ,0.18                   ,39.53488372093023    ,46.94444444444444      ,25.0              ,-0.33715             ,66.75                    ,7.116279069767441            ,Low
C6L       ,Singapore Airlines Limited                                      ,Industrials           ,Passenger Airlines                                   ,SG     ,SGX     ,0.9                    ,-9.267241379310345   ,31.35391923990499      ,50.0              ,-0.093595            ,32.25                    ,-8.340517241379311           ,Medium
HMPRO     ,Home Product Center Public Company Limited                      ,Consumer Discretionary,Specialty Retail                                     ,TH     ,SET     ,0.6699999999999999     ,6.950354609929078    ,58.355437665782496     ,36.8421052631579  ,0.002665             ,67.0                     ,4.656737588652482            ,Low
7020      ,Etihad Etisalat Company                                         ,Communication Services,Wireless Telecommunication Services                  ,SA     ,SASE    ,0.65                   ,12.536656891495602   ,21.498371335504885     ,66.66666666666667 ,0.010395             ,79.25                    ,8.148826979472142            ,Medium
FME       ,Fresenius Medical Care AG                                       ,Health Care           ,Health Care Providers and Services                   ,DE     ,XTRA    ,0.57                   ,7.448107448107448    ,79.54545454545455      ,6.25              ,0.059735             ,48.5                     ,4.245421245421245            ,Low
SOLB      ,Solvay SA                                                       ,Materials             ,Chemicals                                            ,BE     ,ENXTBR  ,0.8099999999999999     ,-7.801418439716312   ,65.38461538461539      ,18.75             ,0.000965             ,42.25                    ,-6.319148936170213           ,Low
GRE       ,Grenergy Renovables S.A.                                        ,Utilities             ,Independent Power and Renewable Electricity Producers,ES     ,BME     ,0.9                    ,-8.829174664107486   ,50.526315789473685     ,81.81818181818181 ,-0.00874             ,86.25                    ,-7.946257197696737           ,Low
A036460   ,Korea Gas Corporation                                           ,Utilities             ,Gas Utilities                                        ,KR     ,KOSE    ,0.63                   ,17.857142857142858   ,62.62626262626262      ,63.63636363636363 ,-0.060095            ,77.5                     ,11.25                        ,Low
ISA       ,Interconexión Eléctrica S.A. E.S.P.                             ,Utilities             ,Electric Utilities                                   ,CO     ,BVC     ,0.9                    ,-8.980582524271844   ,9.523809523809524      ,50.0              ,0.05054              ,62.5                     ,-8.08252427184466            ,High
VRLA      ,Verallia Société Anonyme                                        ,Materials             ,Containers and Packaging                             ,FR     ,ENXTPA  ,0.6599999999999999     ,8.698510078878178    ,76.59746018947793      ,20.0              ,-0.062825            ,61.0                     ,5.741016652059597            ,Low
FRVIA     ,Forvia SE                                                       ,Consumer Discretionary,Automobile Components                                ,FR     ,ENXTPA  ,0.88                   ,-5.2774018944519625  ,207.14285714285714     ,23.076923076923077,-0.045825            ,57.75                    ,-4.644113667117727           ,Low
MRDIY     ,Mr D.I.Y. Group (M) Berhad                                      ,Consumer Discretionary,Specialty Retail                                     ,MY     ,KLSE    ,0.82                   ,5.405405405405405    ,51.282051282051285     ,75.0              ,0.041115             ,86.0                     ,4.4324324324324325           ,Low
FALABELLA ,Falabella S.A.                                                  ,Consumer Discretionary,Broadline Retail                                     ,CL     ,SNSE    ,0.8099999999999999     ,1.5783716205657135   ,36.15384615384615      ,25.0              ,0.17743              ,56.75                    ,1.2784810126582278           ,Low
505790    ,Schaeffler India Limited                                        ,Consumer Discretionary,Automobile Components                                ,IN     ,BSE     ,0.45                   ,21.91011981371157    ,21.7239878101872       ,44.44444444444444 ,-0.006705            ,72.25                    ,9.859553916170206            ,Medium
LSG       ,Lerøy Seafood Group ASA                                         ,Consumer Staples      ,Food Products                                        ,NO     ,OB      ,0.6299999999999999     ,2.543068088597211    ,28.0                   ,25.0              ,-0.029315            ,62.5                     ,1.6021328958162426           ,Medium
CPF       ,Charoen Pokphand Foods Public Company Limited                   ,Consumer Staples      ,Food Products                                        ,TH     ,SET     ,0.69                   ,8.685446009389672    ,30.237580993520517     ,28.571428571428573,0.0799               ,62.5                     ,5.992957746478873            ,Medium
DGE       ,Diageo plc                                                      ,Consumer Staples      ,Beverages                                            ,GB     ,LSE     ,0.56                   ,10.577850877192983   ,59.84114549763503      ,52.17391304347826 ,-0.016445            ,74.0                     ,5.923596491228071            ,Low
VID       ,Vidrala S.A.                                                    ,Materials             ,Containers and Packaging                             ,ES     ,BME     ,0.48000000000000004    ,25.006920415224915   ,27.680128435795943     ,61.53846153846154 ,0.02521              ,77.0                     ,12.00332179930796            ,Medium
VCYT      ,Veracyte Inc.                                                   ,Health Care           ,Biotechnology                                        ,US     ,NasdaqGM,0.35                   ,34.19066256639642    ,16.666666666666668     ,66.66666666666667 ,0.11634              ,81.25                    ,11.966731898238747           ,High
EBRO      ,Ebro Foods S.A.                                                 ,Consumer Staples      ,Food Products                                        ,ES     ,BME     ,0.7799999999999999     ,4.381443298969073    ,17.77777777777778      ,60.0              ,0.02448              ,77.5                     ,3.417525773195876            ,High
BVI       ,Bureau Veritas SA                                               ,Industrials           ,Professional Services                                ,FR     ,ENXTPA  ,0.48000000000000004    ,25.0                 ,38.23529411764706      ,66.66666666666667 ,0.01989              ,79.25                    ,12.000000000000002           ,Low
RDOR3     ,Rede D'Or São Luiz S.A.                                         ,Health Care           ,Health Care Providers and Services                   ,BR     ,BOVESPA ,0.49000000000000005    ,22.641509433962263   ,40.96153846153846      ,100.0             ,0.047425             ,92.75                    ,11.09433962264151            ,Low
NVDA      ,NVIDIA Corporation                                              ,Information Technology,Semiconductors and Semiconductor Equipment           ,US     ,NasdaqGS,0.37                   ,36.75400689240195    ,84.8                   ,87.87878787878788 ,0.02531              ,91.25                    ,13.59898255018872            ,Low
MGNS      ,Morgan Sindall Group plc                                        ,Industrials           ,Construction and Engineering                         ,GB     ,LSE     ,0.9                    ,1.8518518518518519   ,12.036363636363637     ,83.33333333333333 ,0.069295             ,87.5                     ,1.6666666666666667           ,High
FGR       ,Eiffage SA                                                      ,Industrials           ,Construction and Engineering                         ,FR     ,ENXTPA  ,0.85                   ,7.0901033973412115   ,38.62068965517241      ,72.22222222222223 ,0.02648              ,77.75                    ,6.02658788774003             ,Low
MTNN      ,MTN Nigeria Communications PLC                                  ,Communication Services,Wireless Telecommunication Services                  ,NG     ,NGSE    ,0.82                   ,-15.976865566370433  ,41.98844939896582      ,57.142857142857146,0.0709               ,75.0                     ,-13.101029764423755          ,Low
SK        ,SEB SA                                                          ,Consumer Discretionary,Household Durables                                   ,FR     ,ENXTPA  ,0.32                   ,44.23076923076923    ,56.0                   ,72.72727272727273 ,-0.070845            ,81.75                    ,14.153846153846155           ,Low
WKL       ,Wolters Kluwer N.V.                                             ,Industrials           ,Professional Services                                ,NL     ,ENXTAM  ,0.21                   ,118.13649111872859   ,54.285714285714285     ,68.75             ,0.023305             ,85.75                    ,24.808663134933003           ,Low
EOAN      ,E.ON SE                                                         ,Utilities             ,Multi-Utilities                                      ,DE     ,XTRA    ,0.9                    ,-3.0694668820678515  ,25.0                   ,44.44444444444444 ,0.03348              ,68.0                     ,-2.762520193861066           ,Medium
FRE       ,Fresenius SE & Co. KGaA                                         ,Health Care           ,Health Care Providers and Services                   ,DE     ,XTRA    ,0.75                   ,11.527832609553888   ,17.699115044247787     ,85.71428571428571 ,0.033105             ,85.75                    ,8.645874457165416            ,High
BID       ,Bid Corporation Limited                                         ,Consumer Staples      ,Consumer Staples Distribution and Retail             ,ZA     ,JSE     ,0.55                   ,16.113744075829384   ,31.953061224489797     ,22.22222222222222 ,0.041705             ,66.75                    ,8.862559241706162            ,Medium
FER       ,Ferrovial SE                                                    ,Industrials           ,Construction and Engineering                         ,NL     ,BME     ,0.7999999999999999     ,-1.5992167101827677  ,44.776119402985074     ,57.142857142857146,0.032715             ,73.75                    ,-1.279373368146214           ,Low
SDZ       ,Sandoz Group AG                                                 ,Health Care           ,Pharmaceuticals                                      ,CH     ,SWX     ,0.7999999999999999     ,-11.960694698354661  ,54.71300766581876      ,56.25             ,0.014225             ,72.0                     ,-9.568555758683729           ,Low
LDO       ,Leonardo S.p.a.                                                 ,Industrials           ,Aerospace and Defense                                ,IT     ,BIT     ,0.5                    ,12.79585798816568    ,50.81967213114754      ,52.63157894736842 ,0.039415             ,71.0                     ,6.39792899408284             ,Low
BEM       ,Bangkok Expressway and Metro Public Company Limited             ,Industrials           ,Transportation Infrastructure                        ,TH     ,SET     ,0.37                   ,47.72727272727273    ,38.15384615384615      ,100.0             ,0.034085             ,100.0                    ,17.65909090909091            ,Low
ALC       ,Alcon Inc.                                                      ,Health Care           ,Health Care Equipment and Supplies                   ,CH     ,SWX     ,0.43000000000000005    ,24.971803278688526   ,43.860779087217054     ,65.51724137931035 ,-0.008225            ,79.25                    ,10.737875409836068           ,Low
GRUPOARGOS,Grupo Argos S.A.                                                ,Materials             ,Construction Materials                               ,CO     ,BVC     ,0.47000000000000003    ,18.258426966292134   ,42.280285035629454     ,50.0              ,0.05573              ,75.0                     ,8.581460674157304            ,Low
2689      ,Nine Dragons Paper (Holdings) Limited                           ,Materials             ,Paper and Forest Products                            ,CN     ,SEHK    ,0.9                    ,-13.553814002089863  ,80.46150684765922      ,54.54545454545455 ,0.435385             ,77.25                    ,-12.198432601880878          ,Low
NKT       ,NKT A/S                                                         ,Industrials           ,Electrical Equipment                                 ,DK     ,CPSE    ,0.75                   ,-1.2875536480686696  ,71.14782608695653      ,9.090909090909092 ,0.031715             ,54.5                     ,-0.9656652360515021          ,Low
OPM       ,OPmobility SE                                                   ,Consumer Discretionary,Automobile Components                                ,FR     ,ENXTPA  ,0.75                   ,0.7109004739336493   ,58.8235294117647       ,50.0              ,0.05378              ,75.0                     ,0.533175355450237            ,Low
1212      ,Astra Industrial Group Company                                  ,Industrials           ,Industrial Conglomerates                             ,SA     ,SASE    ,0.63                   ,16.546762589928058   ,2.4691358024691357     ,50.0              ,0.029385             ,62.5                     ,10.424460431654676           ,High
BAYN      ,Bayer Aktiengesellschaft                                        ,Health Care           ,Pharmaceuticals                                      ,DE     ,XTRA    ,0.73                   ,0.2500815483309775   ,69.41431670281996      ,60.0              ,0.04332              ,71.25                    ,0.1825595302816136           ,Low
GENM      ,Genting Malaysia Berhad                                         ,Consumer Discretionary,Hotels Restaurants and Leisure                       ,MY     ,KLSE    ,0.32                   ,29.14572864321608    ,56.03112840466926      ,53.84615384615385 ,0.025995             ,73.0                     ,9.326633165829147            ,Low
GENTING   ,Genting Berhad                                                  ,Consumer Discretionary,Hotels Restaurants and Leisure                       ,MY     ,KLSE    ,0.37                   ,28.96551724137931    ,80.21390374331551      ,50.0              ,-0.064605            ,73.0                     ,10.717241379310344           ,Low
1686      ,SUNeVision Holdings Ltd.                                        ,Information Technology,IT Services                                          ,HK     ,SEHK    ,0.53                   ,29.657228017883757   ,42.52873563218391      ,100.0             ,-0.021955            ,93.75                    ,15.718330849478392           ,Low
CRCL      ,Circle Internet Group Inc.                                      ,Information Technology,Software                                             ,US     ,NYSE    ,0.15999999999999998    ,78.2145236508994     ,205.60747663551402     ,43.47826086956522 ,0.0                  ,69.5                     ,12.514323784143901           ,Low
CRM       ,Salesforce Inc.                                                 ,Information Technology,Software                                             ,US     ,NYSE    ,0.22                   ,73.94054395951929    ,76.36363636363636      ,74.57627118644068 ,0.018145             ,85.0                     ,16.266919671094243           ,Low
PSTG      ,Pure Storage Inc.                                               ,Information Technology,Technology Hardware Storage and Peripherals          ,US     ,NYSE    ,0.3                    ,35.409614082599866   ,45.0                   ,61.904761904761905,0.01896              ,76.25                    ,10.622884224779959           ,Low
TJX       ,The TJX Companies Inc.                                          ,Consumer Discretionary,Specialty Retail                                     ,US     ,NYSE    ,0.74                   ,9.413440372912081    ,55.02958579881657      ,85.71428571428571 ,0.01144              ,89.25                    ,6.96594587595494             ,Low
LOW       ,Lowe's Companies Inc.                                           ,Consumer Discretionary,Specialty Retail                                     ,US     ,NYSE    ,0.9                    ,-1.1795817530185462  ,37.32394366197183      ,57.142857142857146,-0.001725            ,77.25                    ,-1.0616235777166916          ,Low
KNTK      ,Kinetik Holdings Inc.                                           ,Energy                ,Oil Gas and Consumable Fuels                         ,US     ,NYSE    ,0.64                   ,10.736639383726528   ,32.608695652173914     ,64.28571428571429 ,0.00189              ,73.25                    ,6.8714492055849785           ,Medium
CHE       ,Chemed Corporation                                              ,Health Care           ,Health Care Providers and Services                   ,US     ,NYSE    ,0.52                   ,21.719284899201217   ,20.833333333333332     ,75.0              ,-0.011495            ,81.25                    ,11.294028147584633           ,Medium
TTD       ,The Trade Desk Inc.                                             ,Communication Services,Media                                                ,US     ,NasdaqGM,0.06                   ,93.72336303758233    ,136.0                  ,44.73684210526316 ,-0.01194             ,71.0                     ,5.623401782254939            ,Low
SNPS      ,Synopsys Inc.                                                   ,Information Technology,Software                                             ,US     ,NasdaqGS,0.47000000000000003    ,28.120066805463406   ,40.17857142857143      ,73.07692307692308 ,-0.0295              ,85.0                     ,13.216431398567801           ,Low
SNOW      ,Snowflake Inc.                                                  ,Information Technology,IT Services                                          ,US     ,NYSE    ,0.19                   ,52.50425146744199    ,118.70503597122303     ,79.24528301886792 ,0.033345             ,86.0                     ,9.975807778813978            ,Low
MDLN      ,Medline Inc.                                                    ,Health Care           ,Health Care Equipment and Supplies                   ,US     ,NasdaqGS,0.85                   ,7.744107744107744    ,35.416666666666664     ,81.48148148148148 ,0.000695             ,85.25                    ,6.582491582491582            ,Low
L         ,Loblaw Companies Limited                                        ,Consumer Staples      ,Consumer Staples Distribution and Retail             ,CA     ,TSX     ,0.89                   ,-1.2673150604185086  ,49.25373134328358      ,72.72727272727273 ,0.02474              ,77.25                    ,-1.1279104037724728          ,Low
TKO       ,TKO Group Holdings Inc.                                         ,Communication Services,Entertainment                                        ,US     ,NYSE    ,0.75                   ,12.696493349455865   ,34.33476394849785      ,85.0              ,-0.080615            ,91.25                    ,9.5223700120919              ,Medium
EBAY      ,eBay Inc.                                                       ,Consumer Discretionary,Broadline Retail                                     ,US     ,NasdaqGS,0.45000000000000007    ,15.319252245690702   ,55.78947368421053      ,20.58823529411765 ,0.005345             ,57.25                    ,6.893663510560817            ,Low
HLN       ,Haleon plc                                                      ,Health Care           ,Pharmaceuticals                                      ,GB     ,LSE     ,0.75                   ,5.083088954056696    ,42.325581395348834     ,58.8235294117647  ,0.02463              ,76.5                     ,3.812316715542522            ,Low
NPI       ,Northland Power Inc.                                            ,Utilities             ,Independent Power and Renewable Electricity Producers,CA     ,TSX     ,0.53                   ,12.187659357470679   ,40.90909090909091      ,53.84615384615385 ,0.117685             ,69.25                    ,6.4594594594594605           ,Low
A         ,Agilent Technologies Inc.                                       ,Health Care           ,Life Sciences Tools and Services                     ,US     ,NYSE    ,0.45                   ,35.124393927350766   ,20.58823529411765      ,71.42857142857143 ,-0.00949             ,81.0                     ,15.805977267307846           ,Medium
FTAI      ,FTAI Aviation Ltd.                                              ,Industrials           ,Trading Companies and Distributors                   ,US     ,NasdaqGS,0.8                    ,16.490977309272825   ,27.607361963190183     ,100.0             ,-0.02736             ,89.0                     ,13.19278184741826            ,Medium
ACAD      ,ACADIA Pharmaceuticals Inc.                                     ,Health Care           ,Biotechnology                                        ,US     ,NasdaqGS,0.16999999999999998    ,40.7172038129823     ,74.19354838709677      ,60.0              ,0.060275             ,75.0                     ,6.92192464820699             ,Low
ZM        ,Zoom Communications Inc.                                        ,Information Technology,Software                                             ,US     ,NasdaqGS,0.7                    ,7.991360691144709    ,46.0                   ,46.666666666666664,0.024105             ,72.5                     ,5.593952483801296            ,Low
ODL       ,Odfjell Drilling Ltd.                                           ,Energy                ,Energy Equipment and Services                        ,GB     ,OB      ,0.75                   ,10.344331983805668   ,11.62289190443606      ,100.0             ,-0.035155            ,91.75                    ,7.758248987854252            ,High
WSP       ,WSP Global Inc.                                                 ,Industrials           ,Construction and Engineering                         ,CA     ,TSX     ,0.37                   ,49.18625678119349    ,22.727272727272727     ,100.0             ,0.02341              ,90.5                     ,18.198915009041592           ,Medium
UTHR      ,United Therapeutics Corporation                                 ,Health Care           ,Biotechnology                                        ,US     ,NasdaqGS,0.52                   ,13.055778406451886   ,41.45658263305322      ,64.28571428571429 ,-0.014075            ,80.25                    ,6.789004771354981            ,Low
IONQ      ,IonQ Inc.                                                       ,Information Technology,Technology Hardware Storage and Peripherals          ,US     ,NYSE    ,0.22                   ,108.1501026092055    ,74.64788732394366      ,76.92307692307692 ,0.0                  ,86.5                     ,23.793022574025212           ,Low
PNW       ,Pinnacle West Capital Corporation                               ,Utilities             ,Electric Utilities                                   ,US     ,NYSE    ,0.85                   ,-2.404668477714056   ,29.896907216494846     ,12.5              ,0.0309               ,57.75                    ,-2.0439682060569475          ,Medium
PR        ,Permian Resources Corporation                                   ,Energy                ,Oil Gas and Consumable Fuels                         ,US     ,NYSE    ,0.8999999999999999     ,4.1064198958935805   ,38.888888888888886     ,90.9090909090909  ,-0.02462             ,89.75                    ,3.695777906304222            ,Low
UHS       ,Universal Health Services Inc.                                  ,Health Care           ,Health Care Providers and Services                   ,US     ,NYSE    ,0.6499999999999999     ,4.339678889314765    ,45.714285714285715     ,36.8421052631579  ,0.031415             ,67.0                     ,2.820791278054597            ,Low
STRL      ,Sterling Infrastructure Inc.                                    ,Industrials           ,Construction and Engineering                         ,US     ,NasdaqGS,0.85                   ,5.078009000159901    ,15.869565217391305     ,83.33333333333333 ,0.079985             ,100.0                    ,4.316307650135916            ,High
SMMT      ,Summit Therapeutics Inc.                                        ,Health Care           ,Biotechnology                                        ,US     ,NasdaqGM,0.15                   ,137.71858288770053   ,86.75409909821245      ,68.75             ,0.0                  ,84.5                     ,20.65778743315508            ,Low
PSKY      ,Paramount Skydance Corporation                                  ,Communication Services,Media                                                ,US     ,NasdaqGS,0.16999999999999998    ,35.65891472868217    ,67.85714285714286      ,15.0              ,-0.12964             ,42.0                     ,6.062015503875968            ,Low
NTNX      ,Nutanix Inc.                                                    ,Information Technology,Software                                             ,US     ,NasdaqGS,0.21000000000000002    ,48.46743295019157    ,77.35483870967742      ,66.66666666666667 ,-0.013635            ,77.75                    ,10.17816091954023            ,Low
WTRG      ,Essential Utilities Inc.                                        ,Utilities             ,Water Utilities                                      ,US     ,NYSE    ,0.6499999999999999     ,5.713566574377045    ,16.666666666666668     ,14.285714285714286,-0.00247             ,57.25                    ,3.7138182733450784           ,High
OC        ,Owens Corning                                                   ,Industrials           ,Building Products                                    ,US     ,NYSE    ,0.8099999999999999     ,1.7214397496087637   ,41.02564102564103      ,57.89473684210526 ,-0.04106             ,77.75                    ,1.3943661971830985           ,Low
SARO      ,StandardAero Inc.                                               ,Industrials           ,Aerospace and Defense                                ,US     ,NYSE    ,0.53                   ,22.669283611383708   ,34.666666666666664     ,58.333333333333336,-0.033475            ,77.0                     ,12.014720314033365           ,Medium
STN       ,Stantec Inc.                                                    ,Industrials           ,Construction and Engineering                         ,CA     ,TSX     ,0.42000000000000004    ,45.86846543001686    ,15.028901734104046     ,90.9090909090909  ,0.021135             ,81.75                    ,19.264755480607082           ,High
JOBY      ,Joby Aviation Inc.                                              ,Industrials           ,Passenger Airlines                                   ,US     ,NYSE    ,0.41000000000000003    ,26.262626262626263   ,128.0                  ,9.090909090909092 ,0.0                  ,45.5                     ,10.767676767676768           ,Low
JBTM      ,JBT Marel Corporation                                           ,Industrials           ,Machinery                                            ,US     ,NYSE    ,0.6699999999999999     ,3.5177720776841332   ,47.1976401179941       ,57.142857142857146,0.03137              ,83.25                    ,2.356907292048369            ,Low
FSS       ,Federal Signal Corporation                                      ,Industrials           ,Machinery                                            ,US     ,NYSE    ,0.55                   ,14.532326334135613   ,23.91304347826087      ,42.857142857142854,0.016965             ,70.75                    ,7.992779483774588            ,Medium
ORA       ,Ormat Technologies Inc.                                         ,Utilities             ,Independent Power and Renewable Electricity Producers,US     ,NYSE    ,0.82                   ,8.300194601912175    ,31.25                  ,80.0              ,-0.002505            ,85.0                     ,6.8061595735679825           ,Medium
SWX       ,Southwest Gas Holdings Inc.                                     ,Utilities             ,Gas Utilities                                        ,US     ,NYSE    ,0.82                   ,6.842464196408274    ,17.02127659574468      ,87.5              ,0.00123              ,93.75                    ,5.610820641054785            ,High
URBN      ,Urban Outfitters Inc.                                           ,Consumer Discretionary,Specialty Retail                                     ,US     ,NasdaqGS,0.47000000000000003    ,16.84240524365916    ,48.78048780487805      ,30.76923076923077 ,0.02896              ,63.5                     ,7.915930464519806            ,Low
CHDN      ,Churchill Downs Incorporated                                    ,Consumer Discretionary,Hotels Restaurants and Leisure                       ,US     ,NasdaqGS,0.35                   ,57.44060959211116    ,19.9288256227758       ,100.0             ,-0.005055            ,93.75                    ,20.104213357238905           ,High
HUT       ,Hut 8 Corp.                                                     ,Information Technology,Software                                             ,US     ,NasdaqGS,0.42000000000000004    ,33.65509560051977    ,41.666666666666664     ,100.0             ,4.86209              ,91.75                    ,14.135140152218305           ,Low
CHRD      ,Chord Energy Corporation                                        ,Energy                ,Oil Gas and Consumable Fuels                         ,US     ,NasdaqGS,0.52                   ,20.564595177416194   ,47.15447154471545      ,76.47058823529412 ,-0.024115            ,85.25                    ,10.693589492256422           ,Low
AROC      ,Archrock Inc.                                                   ,Energy                ,Energy Equipment and Services                        ,US     ,NYSE    ,0.9                    ,-2.020820575627679   ,15.625                 ,88.88888888888889 ,0.03437              ,90.75                    ,-1.8187385180649112          ,High
ALKS      ,Alkermes plc                                                    ,Health Care           ,Biotechnology                                        ,IE     ,NasdaqGS,0.29000000000000004    ,35.70566948130278    ,62.22222222222222      ,82.3529411764706  ,0.04374              ,86.75                    ,10.354644149577807           ,Low
SM        ,SM Energy Company                                               ,Energy                ,Oil Gas and Consumable Fuels                         ,US     ,NYSE    ,0.22999999999999998    ,32.805219012115565   ,101.75438596491227     ,38.46153846153846 ,-0.04738             ,71.25                    ,7.54520037278658             ,Low
APG       ,APi Group Corporation                                           ,Industrials           ,Construction and Engineering                         ,US     ,NYSE    ,0.82                   ,0.2026570592208962   ,17.97752808988764      ,90.9090909090909  ,0.00553              ,90.0                     ,0.16617878856113485          ,High
GHC       ,Graham Holdings Company                                         ,Consumer Discretionary,Diversified Consumer Services                        ,US     ,NYSE    ,0.9                    ,-5.926178050071855   ,0.0                    ,100.0             ,0.06213              ,0.0                      ,-5.33356024506467            ,Low
WHD       ,Cactus Inc.                                                     ,Energy                ,Energy Equipment and Services                        ,US     ,NYSE    ,0.85                   ,-8.659757597049008   ,26.923076923076923     ,62.5              ,-0.022685            ,75.0                     ,-7.360793957491657           ,Medium
EE        ,Excelerate Energy Inc.                                          ,Energy                ,Oil Gas and Consumable Fuels                         ,US     ,NYSE    ,0.9                    ,-12.762906309751434  ,57.534246575342465     ,75.0              ,-0.022055            ,85.5                     ,-11.48661567877629           ,Low
GLNG      ,Golar LNG Limited                                               ,Energy                ,Oil Gas and Consumable Fuels                         ,BM     ,NasdaqGS,0.7000000000000001     ,16.25230202578269    ,24.752475247524753     ,87.5              ,-0.01575             ,90.75                    ,11.376611418047885           ,Medium
KGS       ,Kodiak Gas Services Inc.                                        ,Energy                ,Energy Equipment and Services                        ,US     ,NYSE    ,0.9                    ,-10.501193317422434  ,37.77777777777778      ,100.0             ,-0.088535            ,91.75                    ,-9.45107398568019            ,Low
MYRG      ,MYR Group Inc.                                                  ,Industrials           ,Construction and Engineering                         ,US     ,NasdaqGS,0.9                    ,-8.559956196386201   ,19.960079840319363     ,57.142857142857146,0.023985             ,78.5                     ,-7.703960576747582           ,High
DORM      ,Dorman Products Inc.                                            ,Consumer Discretionary,Automobile Components                                ,US     ,NasdaqGS,0.4                    ,31.508729130136466   ,20.28985507246377      ,87.5              ,0.01837              ,87.5                     ,12.603491652054586           ,Medium
TPH       ,Tri Pointe Homes Inc.                                           ,Consumer Discretionary,Household Durables                                   ,US     ,NYSE    ,0.85                   ,-18.050463661850333  ,39.473684210526315     ,50.0              ,-0.030545            ,70.75                    ,-15.342894112572782          ,Low
YOU       ,Clear Secure Inc.                                               ,Information Technology,Software                                             ,US     ,NYSE    ,0.32                   ,21.53846153846154    ,43.037974683544306     ,50.0              ,0.0669               ,68.75                    ,6.892307692307693            ,Low
HAYW      ,Hayward Holdings Inc.                                           ,Industrials           ,Building Products                                    ,US     ,NYSE    ,0.6499999999999999     ,7.719928186714542    ,27.77777777777778      ,10.0              ,0.0106               ,57.5                     ,5.017953321364452            ,Medium
LIVN      ,LivaNova PLC                                                    ,Health Care           ,Health Care Equipment and Supplies                   ,GB     ,NasdaqGS,0.8999999999999999     ,6.382978723404255    ,31.428571428571427     ,75.0              ,0.01078              ,84.0                     ,5.744680851063829            ,Medium
HNI       ,HNI Corporation                                                 ,Industrials           ,Commercial Services and Supplies                     ,US     ,NYSE    ,0.51                   ,42.914251449130525   ,13.986013986013987     ,50.0              ,0.00169              ,100.0                    ,21.88626823905657            ,High
GRBK      ,Green Brick Partners Inc.                                       ,Consumer Discretionary,Household Durables                                   ,US     ,NYSE    ,0.88                   ,-23.067378086611242  ,0.0                    ,0.0               ,-0.00062             ,50.0                     ,-20.299292716217895          ,Low
AVA       ,Avista Corporation                                              ,Utilities             ,Multi-Utilities                                      ,US     ,NYSE    ,0.83                   ,-9.470752089136491   ,33.333333333333336     ,0.0               ,-0.001015            ,54.25                    ,-7.860724233983287           ,Medium
CRGY      ,Crescent Energy Company                                         ,Energy                ,Oil Gas and Consumable Fuels                         ,US     ,NYSE    ,0.53                   ,27.0772238514174     ,53.84615384615385      ,78.57142857142857 ,-0.040965            ,87.5                     ,14.350928641251222           ,Low
TVE       ,Tamarack Valley Energy Ltd.                                     ,Energy                ,Oil Gas and Consumable Fuels                         ,CA     ,TSX     ,0.87                   ,2.9718456725755997   ,25.31645569620253      ,90.0              ,0.0                  ,87.5                     ,2.5855057351407718           ,Medium
ARQT      ,Arcutis Biotherapeutics Inc.                                    ,Health Care           ,Biotechnology                                        ,US     ,NasdaqGS,0.67                   ,19.876256767208044   ,25.806451612903224     ,87.5              ,0.0                  ,87.5                     ,13.31709203402939            ,Medium
CTRI      ,Centuri Holdings Inc.                                           ,Industrials           ,Construction and Engineering                         ,US     ,NYSE    ,0.75                   ,-9.706546275395034   ,50.0                   ,25.0              ,-0.07573             ,68.75                    ,-7.279909706546276           ,Low
CPRX      ,Catalyst Pharmaceuticals Inc.                                   ,Health Care           ,Biotechnology                                        ,US     ,NasdaqCM,0.42000000000000004    ,43.855322646937935   ,17.142857142857142     ,100.0             ,0.041605             ,100.0                    ,18.419235511713936           ,High
MGRC      ,McGrath RentCorp                                                ,Industrials           ,Trading Companies and Distributors                   ,US     ,NasdaqGS,0.56                   ,24.95749744984699    ,6.802721088435374      ,60.0              ,-0.00494             ,83.25                    ,13.976198571914315           ,High
SHOO      ,Steven Madden Ltd.                                              ,Consumer Discretionary,Textiles Apparel and Luxury Goods                    ,US     ,NasdaqGS,0.35000000000000003    ,27.583567236539935   ,46.0                   ,66.66666666666667 ,-0.01089             ,75.0                     ,9.654248532788978            ,Low
BATRK     ,Atlanta Braves Holdings Inc.                                    ,Communication Services,Entertainment                                        ,US     ,NasdaqGS,0.3                    ,45.90088003705419    ,38.095238095238095     ,60.0              ,0.0                  ,80.0                     ,13.770264011116257           ,Low
DRVN      ,Driven Brands Holdings Inc.                                     ,Consumer Discretionary,Diversified Consumer Services                        ,US     ,NasdaqGS,0.52                   ,24.70308788598575    ,33.333333333333336     ,78.57142857142857 ,-0.005865            ,82.25                    ,12.84560570071259            ,Medium
BKV       ,BKV Corporation                                                 ,Energy                ,Oil Gas and Consumable Fuels                         ,US     ,NYSE    ,0.9                    ,4.746317512274959    ,31.25                  ,100.0             ,0.107495             ,97.5                     ,4.271685761047463            ,Medium
SBLK      ,Star Bulk Carriers Corp.                                        ,Industrials           ,Marine Transportation                                ,GR     ,NasdaqGS,0.8999999999999999     ,7.142857142857143    ,36.470588235294116     ,75.0              ,-0.169755            ,81.25                    ,6.428571428571428            ,Low
SDRL      ,Seadrill Limited                                                ,Energy                ,Energy Equipment and Services                        ,US     ,NYSE    ,0.85                   ,-3.891233005157056   ,117.07317073170732     ,42.857142857142854,0.0                  ,64.25                    ,-3.3075480543834974          ,Low
NGVT      ,Ingevity Corporation                                            ,Materials             ,Chemicals                                            ,US     ,NYSE    ,0.9                    ,-7.927386704975839   ,17.02127659574468      ,75.0              ,-0.001485            ,81.25                    ,-7.134648034478255           ,High
APLS      ,Apellis Pharmaceuticals Inc.                                    ,Health Care           ,Biotechnology                                        ,US     ,NasdaqGS,0.4                    ,29.032258064516128   ,128.57142857142858     ,59.09090909090909 ,-0.02539             ,76.25                    ,11.612903225806452           ,Low
LFST      ,LifeStance Health Group Inc.                                    ,Health Care           ,Health Care Providers and Services                   ,US     ,NasdaqGS,0.6000000000000001     ,20.910384068278805   ,35.294117647058826     ,90.0              ,0.60617              ,90.0                     ,12.546230440967285           ,Low
MEL       ,Meliá Hotels International S.A.                                 ,Consumer Discretionary,Hotels Restaurants and Leisure                       ,ES     ,BME     ,0.55                   ,18.02030456852792    ,46.774193548387096     ,53.84615384615385 ,0.037795             ,75.0                     ,9.911167512690357            ,Low
AENA      ,Aena S.M.E. S.A.                                                ,Industrials           ,Transportation Infrastructure                        ,ES     ,BME     ,0.75                   ,-8.270133622246298   ,48.818897637795274     ,13.636363636363637,0.031765             ,58.0                     ,-6.202600216684724           ,Low
IBE       ,Iberdrola S.A.                                                  ,Utilities             ,Electric Utilities                                   ,ES     ,BME     ,0.9                    ,-5.284147557328016   ,34.21052631578947      ,30.434782608695652,0.03978              ,64.25                    ,-4.755732801595214           ,Medium
ITP       ,Interparfums SA                                                 ,Consumer Staples      ,Personal Care Products                               ,FR     ,ENXTPA  ,0.41000000000000003    ,20.385232744783305   ,49.0                   ,33.333333333333336,0.017635             ,66.75                    ,8.357945425361155            ,Low
FEMSAUBD  ,Fomento Económico Mexicano S.A.B. de C.V.                       ,Consumer Staples      ,Beverages                                            ,MX     ,BMV     ,0.6200000000000001     ,13.873214376493316   ,60.267857142857146     ,84.61538461538461 ,-0.09295             ,84.5                     ,8.601392913425856            ,Low
NDX1      ,Nordex SE                                                       ,Industrials           ,Electrical Equipment                                 ,DE     ,XTRA    ,0.73                   ,3.5131744040150563   ,67.27272727272727      ,53.333333333333336,0.18992              ,75.0                     ,2.564617314930991            ,Low
4018      ,Almoosa Health Company                                          ,Health Care           ,Health Care Providers and Services                   ,SA     ,SASE    ,0.6100000000000001     ,15.579227696404793   ,12.154377880184331     ,0.0               ,0.005865             ,50.0                     ,9.503328894806925            ,High
GF        ,Georg Fischer AG                                                ,Industrials           ,Machinery                                            ,CH     ,SWX     ,0.31                   ,32.313231323132314   ,54.42176870748299      ,66.66666666666667 ,0.009615             ,79.25                    ,10.017101710171017           ,Low
NYAX      ,Nayax Ltd.                                                      ,Information Technology,Electronic Equipment Instruments and Components      ,IL     ,TASE    ,0.77                   ,-7.170724637681159   ,47.61597571980354      ,50.0              ,0.0234               ,75.0                     ,-5.521457971014493           ,Low
GL9       ,Glanbia plc                                                     ,Consumer Staples      ,Food Products                                        ,IE     ,ISE     ,0.85                   ,6.275902901124926    ,33.42618384401114      ,90.0              ,0.010905             ,90.0                     ,5.334517465956187            ,Medium
VISTAA    ,Vista Energy S.A.B. de C.V.                                     ,Energy                ,Oil Gas and Consumable Fuels                         ,MX     ,BMV     ,0.29000000000000004    ,41.311315217391304   ,59.206180679860324     ,100.0             ,0.174215             ,100.0                    ,11.98028141304348            ,Low
IGN1L     ,AB Ignitis grupe                                                ,Utilities             ,Electric Utilities                                   ,LT     ,NSEL    ,0.64                   ,27.47747747747748    ,13.074204946996467     ,50.0              ,0.0                  ,100.0                    ,17.585585585585587           ,High
EGIE3     ,Engie Brasil Energia S.A.                                       ,Utilities             ,Independent Power and Renewable Electricity Producers,BR     ,BOVESPA ,0.9                    ,-12.31454005934718   ,21.996615905245346     ,42.857142857142854,0.001795             ,32.25                    ,-11.083086053412464          ,Medium
6505      ,Formosa Petrochemical Corporation                               ,Energy                ,Oil Gas and Consumable Fuels                         ,TW     ,TWSE    ,0.32                   ,26.633165829145728   ,61.904761904761905     ,28.571428571428573,0.04543              ,64.25                    ,8.522613065326633            ,Low
241       ,Alibaba Health Information Technology Limited                   ,Consumer Staples      ,Consumer Staples Distribution and Retail             ,HK     ,SEHK    ,0.75                   ,6.768233387358185    ,113.75159390369787     ,50.0              ,0.04649              ,73.5                     ,5.076175040518638            ,Low
WTC       ,WiseTech Global Limited                                         ,Information Technology,Software                                             ,AU     ,ASX     ,0.15000000000000002    ,130.37893007977476   ,77.5245321451305       ,81.25             ,-0.095575            ,86.0                     ,19.556839511966217           ,Low
SUNWAY    ,Sunway Berhad                                                   ,Industrials           ,Industrial Conglomerates                             ,MY     ,KLSE    ,0.73                   ,0.8771929824561403   ,29.565217391304348     ,16.666666666666668,0.03609              ,58.25                    ,0.6403508771929824           ,Medium
U96       ,Sembcorp Industries Ltd                                         ,Utilities             ,Multi-Utilities                                      ,SG     ,SGX     ,0.66                   ,14.0                 ,31.57894736842105      ,66.66666666666667 ,0.006135             ,79.25                    ,9.24                         ,Medium
6446      ,PharmaEssentia Corporation                                      ,Health Care           ,Biotechnology                                        ,TW     ,TWSE    ,0.9                    ,-3.4482758620689653  ,77.14285714285714      ,85.71428571428571 ,-0.026555            ,82.25                    ,-3.103448275862069           ,Low
TM        ,Telekom Malaysia Berhad                                         ,Communication Services,Diversified Telecommunication Services               ,MY     ,KLSE    ,0.6699999999999999     ,4.314720812182741    ,65.69343065693431      ,61.904761904761905,0.065795             ,79.75                    ,2.890862944162436            ,Low
WEGE3     ,WEG S.A.                                                        ,Industrials           ,Electrical Equipment                                 ,BR     ,BOVESPA ,0.75                   ,-7.063197026022305   ,64.0                   ,21.428571428571427,0.004885             ,55.25                    ,-5.297397769516729           ,Low
A240810   ,Wonik IPS Co. Ltd.                                              ,Information Technology,Semiconductors and Semiconductor Equipment           ,KR     ,KOSDAQ  ,0.85                   ,-10.256410256410257  ,133.6734693877551      ,69.23076923076923 ,0.0163               ,73.0                     ,-8.717948717948719           ,Low
ROVI      ,Laboratorios Farmaceuticos Rovi S.A.                            ,Health Care           ,Pharmaceuticals                                      ,ES     ,BME     ,0.8999999999999999     ,9.090909090909092    ,26.19047619047619      ,77.77777777777777 ,0.033435             ,83.25                    ,8.181818181818182            ,Medium
SCYR      ,Sacyr S.A.                                                      ,Industrials           ,Construction and Engineering                         ,ES     ,BME     ,0.85                   ,3.409090909090909    ,26.373626373626372     ,91.66666666666667 ,-0.023165            ,91.75                    ,2.897727272727273            ,Medium
KLK       ,Kuala Lumpur Kepong Berhad                                      ,Consumer Staples      ,Food Products                                        ,MY     ,KLSE    ,0.6499999999999999     ,8.728557013118063    ,19.02552204176334      ,25.0              ,0.051025             ,61.0                     ,5.67356205852674             ,High
ADEN      ,Adecco Group AG                                                 ,Industrials           ,Professional Services                                ,CH     ,SWX     ,0.56                   ,14.786248830682881   ,94.18897939391964      ,11.764705882352942,0.030215             ,57.25                    ,8.280299345182414            ,Low
HOME      ,Neinor Homes S.A.                                               ,Consumer Discretionary,Household Durables                                   ,ES     ,BME     ,0.85                   ,0.1037344398340249   ,28.497409326424872     ,100.0             ,0.01755              ,96.5                     ,0.08817427385892117          ,Medium
VPK       ,Koninklijke Vopak N.V.                                          ,Energy                ,Oil Gas and Consumable Fuels                         ,NL     ,ENXTAM  ,0.5                    ,14.05109489051095    ,42.0                   ,50.0              ,0.027835             ,75.0                     ,7.025547445255475            ,Low
6488      ,GlobalWafers Co. Ltd.                                           ,Information Technology,Semiconductors and Semiconductor Equipment           ,TW     ,TPEX    ,0.45                   ,20.650953984287316   ,55.81395348837209      ,64.28571428571429 ,-0.07414             ,76.75                    ,9.292929292929292            ,Low
MTELEKOM  ,Magyar Telekom Távközlési Nyilvánosan Müködö Részvénytársaság   ,Communication Services,Diversified Telecommunication Services               ,HU     ,BUSE    ,0.6                    ,1.3451776649746192   ,90.45830202854997      ,25.0              ,0.06615              ,62.5                     ,0.8071065989847716           ,Low
EVN       ,EVN AG                                                          ,Utilities             ,Electric Utilities                                   ,AT     ,WBAG    ,0.78                   ,14.186851211072664   ,31.818181818181817     ,75.0              ,0.052555             ,87.5                     ,11.065743944636678           ,Medium
FNTN      ,freenet AG                                                      ,Communication Services,Wireless Telecommunication Services                  ,DE     ,XTRA    ,0.88                   ,-10.929951690821255  ,39.32203389830509      ,27.272727272727273,0.0201               ,63.75                    ,-9.618357487922705           ,Low
NSISB     ,Novozymes A/S                                                   ,Materials             ,Chemicals                                            ,DK     ,CPSE    ,0.63                   ,16.902375            ,39.56292590291686      ,50.0              ,0.034265             ,72.25                    ,10.648496249999999           ,Low
HAUTO     ,Höegh Autoliners ASA                                            ,Industrials           ,Marine Transportation                                ,NO     ,OB      ,0.86                   ,-24.318206039076376  ,27.325895911295422     ,25.0              ,0.005875             ,37.5                     ,-20.913657193605683          ,Medium
2449      ,King Yuan Electronics Co. Ltd.                                  ,Information Technology,Semiconductors and Semiconductor Equipment           ,TW     ,TWSE    ,0.85                   ,5.2631578947368425   ,78.18181818181819      ,85.71428571428571 ,0.029265             ,89.25                    ,4.473684210526316            ,Low
PIRC      ,Pirelli & C. S.p.A.                                             ,Consumer Discretionary,Automobile Components                                ,IT     ,BIT     ,0.83                   ,9.61478233636079     ,24.268571428571427     ,66.66666666666667 ,0.00614              ,80.0                     ,7.980269339179455            ,Medium
EBO       ,EBOS Group Limited                                              ,Health Care           ,Health Care Providers and Services                   ,AU     ,NZSE    ,0.05                   ,56.48166666666667    ,49.21662814600219      ,62.5              ,0.001405             ,75.0                     ,2.8240833333333337           ,Low
CSMG3     ,Companhia de Saneamento de Minas Gerais                         ,Utilities             ,Water Utilities                                      ,BR     ,BOVESPA ,0.85                   ,-1.4513528041569612  ,76.72727272727273      ,53.84615384615385 ,0.051605             ,69.25                    ,-1.233649883533417           ,Low
CPALL     ,CP ALL Public Company Limited                                   ,Consumer Staples      ,Consumer Staples Distribution and Retail             ,TH     ,SET     ,0.44000000000000006    ,21.82741116751269    ,45.5                   ,95.65217391304348 ,0.03741              ,96.5                     ,9.604060913705585            ,Low
HVN       ,Harvey Norman Holdings Limited                                  ,Consumer Discretionary,Broadline Retail                                     ,AU     ,ASX     ,0.45                   ,21.774193548387096   ,37.086092715231786     ,33.333333333333336,0.0783               ,64.5                     ,9.798387096774194            ,Low
ACS       ,ACS Actividades de Construcción y Servicios S.A.                ,Industrials           ,Construction and Engineering                         ,ES     ,BME     ,0.75                   ,-17.599186164801626  ,71.48148148148148      ,25.0              ,0.067365             ,62.5                     ,-13.19938962360122           ,Low
GRF       ,Grifols S.A.                                                    ,Health Care           ,Biotechnology                                        ,ES     ,BME     ,0.33                   ,36.986301369863014   ,81.33333333333333      ,61.53846153846154 ,-0.018485            ,77.0                     ,12.205479452054796           ,Low
SUBC      ,Subsea 7 S.A.                                                   ,Energy                ,Energy Equipment and Services                        ,LU     ,OB      ,0.7999999999999999     ,-7.499602859412232   ,78.5230726957358       ,40.0              ,0.074965             ,66.75                    ,-5.999682287529786           ,Low
HWDN      ,Howden Joinery Group Plc                                        ,Industrials           ,Trading Companies and Distributors                   ,GB     ,LSE     ,0.83                   ,9.692396982008125    ,34.92063492063492      ,68.75             ,0.016775             ,81.25                    ,8.044689495066743            ,Medium
EMMN      ,Emmi AG                                                         ,Consumer Staples      ,Food Products                                        ,CH     ,SWX     ,0.55                   ,13.242574257425742   ,45.46448087431694      ,66.66666666666667 ,0.03821              ,79.25                    ,7.283415841584159            ,Low
AALB      ,Aalberts N.V.                                                   ,Industrials           ,Machinery                                            ,NL     ,ENXTAM  ,0.7799999999999999     ,8.462199312714777    ,36.96369636963696      ,62.5              ,0.001055             ,81.25                    ,6.600515463917525            ,Low
CIE       ,CIE Automotive S.A.                                             ,Consumer Discretionary,Automobile Components                                ,ES     ,BME     ,0.7000000000000001     ,14.480408858603067   ,31.25                  ,90.9090909090909  ,0.016325             ,93.25                    ,10.136286201022148           ,Medium
FR        ,Valeo SE                                                        ,Consumer Discretionary,Automobile Components                                ,FR     ,ENXTPA  ,0.75                   ,-17.4484052532833    ,118.18181818181819     ,21.428571428571427,-0.00347             ,57.25                    ,-13.086303939962477          ,Low
3653      ,Jentech Precision Industrial Co. Ltd                            ,Information Technology,Semiconductors and Semiconductor Equipment           ,TW     ,TWSE    ,0.55                   ,27.92511700468019    ,89.51219512195122      ,100.0             ,-0.00694             ,89.25                    ,15.358814352574106           ,Low
2308      ,Delta Electronics Inc.                                          ,Information Technology,Electronic Equipment Instruments and Components      ,TW     ,TWSE    ,0.7000000000000001     ,11.11111111111111    ,87.14285714285714      ,85.0              ,0.056445             ,86.75                    ,7.777777777777779            ,Low
2         ,CLP Holdings Limited                                            ,Utilities             ,Electric Utilities                                   ,HK     ,SEHK    ,0.85                   ,-8.972691807542263   ,20.428571428571427     ,50.0              ,-0.023025            ,70.0                     ,-7.6267880364109235          ,Medium
6669      ,Wiwynn Corporation                                              ,Information Technology,Technology Hardware Storage and Peripherals          ,TW     ,TWSE    ,0.24                   ,59.09090909090909    ,50.42016806722689      ,100.0             ,0.11591              ,92.75                    ,14.181818181818182           ,Low
IHH       ,IHH Healthcare Berhad                                           ,Health Care           ,Health Care Providers and Services                   ,MY     ,KLSE    ,0.75                   ,3.057757644394111    ,28.021978021978022     ,66.66666666666667 ,0.03171              ,79.75                    ,2.293318233295583            ,Medium
2301      ,Lite-On Technology Corporation                                  ,Information Technology,Technology Hardware Storage and Peripherals          ,TW     ,TWSE    ,0.47000000000000003    ,18.105849582172702   ,60.37735849056604      ,55.55555555555556 ,0.016225             ,72.25                    ,8.50974930362117             ,Low
QAN       ,Qantas Airways Limited                                          ,Industrials           ,Passenger Airlines                                   ,AU     ,ASX     ,0.52                   ,20.173745173745175   ,32.1285140562249       ,75.0              ,0.056035             ,84.5                     ,10.49034749034749            ,Medium
BS6       ,Yangzijiang Shipbuilding (Holdings) Ltd.                        ,Industrials           ,Machinery                                            ,CN     ,SGX     ,0.52                   ,13.868804664723031   ,72.17144173899685      ,72.72727272727273 ,0.04939              ,84.0                     ,7.211778425655976            ,Low
4904      ,Far EasTone Telecommunications Co. Ltd.                         ,Communication Services,Wireless Telecommunication Services                  ,TW     ,TWSE    ,0.7000000000000001     ,12.622415669205658   ,23.18840579710145      ,71.42857142857143 ,0.00599              ,83.25                    ,8.835690968443961            ,Medium
2912      ,President Chain Store Corporation                               ,Consumer Staples      ,Consumer Staples Distribution and Retail             ,TW     ,TWSE    ,0.16999999999999998    ,33.63228699551569    ,43.624161073825505     ,40.0              ,-0.02008             ,62.5                     ,5.717488789237667            ,Low
5E2       ,Seatrium Limited                                                ,Industrials           ,Machinery                                            ,SG     ,SGX     ,0.22000000000000003    ,28.571428571428573   ,44.44444444444444      ,66.66666666666667 ,-0.01343             ,72.25                    ,6.2857142857142865           ,Low
659       ,CTF Services Limited                                            ,Industrials           ,Industrial Conglomerates                             ,HK     ,SEHK    ,0.9                    ,6.044538706256628    ,13.0                   ,100.0             ,0.03404              ,91.75                    ,5.440084835630965            ,High
TPG       ,TPG Telecom Limited                                             ,Communication Services,Diversified Telecommunication Services               ,AU     ,ASX     ,0.58                   ,8.421052631578947    ,50.970873786407765     ,41.666666666666664,-0.38843             ,64.5                     ,4.884210526315789            ,Low
VAU       ,Vault Minerals Limited                                          ,Materials             ,Metals and Mining                                    ,AU     ,ASX     ,0.3                    ,31.907308377896612   ,67.56756756756756      ,66.66666666666667 ,0.33943              ,80.5                     ,9.572192513368984            ,Low
IVL       ,Indorama Ventures Public Company Limited                        ,Materials             ,Chemicals                                            ,TH     ,SET     ,0.62                   ,6.1946902654867255   ,58.75                  ,64.28571428571429 ,0.0                  ,75.0                     ,3.8407079646017697           ,Low
SIME      ,Sime Darby Berhad                                               ,Industrials           ,Industrial Conglomerates                             ,MY     ,KLSE    ,0.77                   ,-5.793991416309013   ,47.83599088838269      ,43.75             ,0.05019              ,68.75                    ,-4.46137339055794            ,Low
3706      ,MiTAC Holdings Corporation                                      ,Information Technology,Technology Hardware Storage and Peripherals          ,TW     ,TWSE    ,0.30000000000000004    ,54.974489795918366   ,25.51440329218107      ,100.0             ,0.102745             ,87.5                     ,16.492346938775512           ,Medium
6409      ,Voltronic Power Technology Corp.                                ,Industrials           ,Electrical Equipment                                 ,TW     ,TWSE    ,0.06999999999999999    ,66.11295681063123    ,58.666666666666664     ,60.0              ,-0.034615            ,75.0                     ,4.627906976744185            ,Low
5536      ,Acter Group Corporation Limited                                 ,Industrials           ,Construction and Engineering                         ,TW     ,TPEX    ,0.4                    ,34.79623824451411    ,0.0                    ,100.0             ,0.01905              ,75.0                     ,13.918495297805643           ,Low
COPEC     ,Empresas Copec S.A.                                             ,Consumer Discretionary,Specialty Retail                                     ,CL     ,SNSE    ,0.86                   ,-4.213178231292517   ,51.24800233125389      ,0.0               ,-0.111625            ,52.0                     ,-3.623333278911564           ,Low
ETEL      ,Telecom Egypt Company                                           ,Communication Services,Diversified Telecommunication Services               ,EG     ,CASE    ,0.9                    ,-8.363176743206235   ,22.988505747126435     ,83.33333333333333 ,0.21994              ,100.0                    ,-7.526859068885612           ,Medium
3008      ,LARGAN Precision Co.Ltd                                         ,Information Technology,Electronic Equipment Instruments and Components      ,TW     ,TWSE    ,0.52                   ,15.720524017467248   ,58.45283018867924      ,47.36842105263158 ,-0.019095            ,67.0                     ,8.174672489082969            ,Low
2350      ,Saudi Kayan Petrochemical Company                               ,Materials             ,Chemicals                                            ,SA     ,SASE    ,0.62                   ,9.433962264150944    ,82.75862068965517      ,14.285714285714286,0.0                  ,42.75                    ,5.849056603773585            ,Low
BBWI      ,Bath & Body Works Inc.                                          ,Consumer Discretionary,Specialty Retail                                     ,US     ,NYSE    ,0.83                   ,-12.754466140423764  ,185.71428571428572     ,31.25             ,-0.071575            ,65.75                    ,-10.586206896551724          ,Low
BSY       ,Bentley Systems Incorporated                                    ,Information Technology,Software                                             ,US     ,NasdaqGS,0.29000000000000004    ,58.35777126099707    ,38.888888888888886     ,62.5              ,-0.00481             ,78.25                    ,16.92375366568915            ,Low
AUGO      ,Aura Minerals Inc.                                              ,Materials             ,Metals and Mining                                    ,US     ,NasdaqGS,0.9                    ,-6.025428413488115   ,63.23529411764706      ,100.0             ,0.69377              ,91.75                    ,-5.422885572139303           ,Low
LOAR      ,Loar Holdings Inc.                                              ,Industrials           ,Aerospace and Defense                                ,US     ,NYSE    ,0.46                   ,46.60254421346571    ,27.280423280423282     ,100.0             ,0.10881              ,91.75                    ,21.43717033819423            ,Medium
GIL       ,Gildan Activewear Inc.                                          ,Consumer Discretionary,Textiles Apparel and Luxury Goods                    ,CA     ,TSX     ,0.9                    ,-2.9144996458565213  ,43.540671352460045     ,85.71428571428571 ,0.001115             ,82.25                    ,-2.6230496812708695          ,Low
TIGO      ,Millicom International Cellular S.A.                            ,Communication Services,Wireless Telecommunication Services                  ,LU     ,NasdaqGS,0.77                   ,-16.29888905798204   ,49.09090909090909      ,33.333333333333336,-0.002925            ,66.75                    ,-12.550144574646172          ,Low
CCLB      ,CCL Industries Inc.                                             ,Materials             ,Containers and Packaging                             ,CA     ,TSX     ,0.78                   ,12.346536946953902   ,11.34020618556701      ,90.9090909090909  ,0.02549              ,84.0                     ,9.630298818624045            ,High
GOLF      ,Acushnet Holdings Corp.                                         ,Consumer Discretionary,Leisure Products                                     ,US     ,NYSE    ,0.9                    ,-9.602249899558055   ,17.77777777777778      ,11.11111111111111 ,-0.02827             ,56.25                    ,-8.64202490960225            ,High
CAI       ,Caris Life Sciences Inc.                                        ,Health Care           ,Biotechnology                                        ,US     ,NasdaqGS,0.36                   ,84.28709990300679    ,39.473684210526315     ,88.88888888888889 ,0.0                  ,91.75                    ,30.343355965082445           ,Low
XRAY      ,DENTSPLY SIRONA Inc.                                            ,Health Care           ,Health Care Equipment and Supplies                   ,US     ,NasdaqGS,0.88                   ,-3.474903474903475   ,40.0                   ,5.555555555555555 ,-0.03678             ,52.75                    ,-3.057915057915058           ,Low
OS        ,OneStream Inc.                                                  ,Information Technology,Software                                             ,US     ,NasdaqGS,0.84                   ,2.084219481071884    ,4.166666666666667      ,5.0               ,0.13955              ,53.75                    ,1.7507443641003826           ,High
CELH      ,Celsius Holdings Inc.                                           ,Consumer Staples      ,Beverages                                            ,US     ,NasdaqCM,0.22                   ,47.717099373321396   ,63.63636363636363      ,68.18181818181819 ,0.04787              ,79.5                     ,10.497761862130707           ,Low
LKNCY     ,Luckin Coffee Inc.                                              ,Consumer Discretionary,Hotels Restaurants and Leisure                       ,CN     ,OTCPK   ,0.4                    ,32.78463648834019    ,24.132231404958677     ,90.9090909090909  ,0.050715             ,92.5                     ,13.113854595336077           ,Medium
SJM       ,The J. M. Smucker Company                                       ,Consumer Staples      ,Food Products                                        ,US     ,NYSE    ,0.7                    ,2.2346874151813987   ,22.123893805309734     ,31.57894736842105 ,-0.01952             ,61.75                    ,1.564281190626979            ,Medium
VSEC      ,VSE Corporation                                                 ,Industrials           ,Aerospace and Defense                                ,US     ,NasdaqGS,0.78                   ,12.997138063752097   ,32.49781659388646      ,100.0             ,-0.003945            ,97.25                    ,10.137767689726635           ,Medium
DCI       ,Donaldson Company Inc.                                          ,Industrials           ,Machinery                                            ,US     ,NYSE    ,0.72                   ,-12.296729398867166  ,47.916666666666664     ,12.5              ,0.009185             ,56.25                    ,-8.853645167184359           ,Low
BCO       ,The Brink's Company                                             ,Industrials           ,Commercial Services and Supplies                     ,US     ,NYSE    ,0.75                   ,11.714744815976738   ,23.28767123287671      ,100.0             ,0.00657              ,100.0                    ,8.786058611982554            ,Medium
HRL       ,Hormel Foods Corporation                                        ,Consumer Staples      ,Food Products                                        ,US     ,NYSE    ,0.6000000000000001     ,13.540790580319596   ,22.22222222222222      ,40.0              ,-0.043215            ,62.5                     ,8.12447434819176             ,Medium
KBR       ,KBR Inc.                                                        ,Industrials           ,Professional Services                                ,US     ,NYSE    ,0.39                   ,40.43583535108959    ,34.48275862068966      ,60.0              ,-0.00223             ,77.5                     ,15.76997578692494            ,Medium
BLD       ,TopBuild Corp.                                                  ,Consumer Discretionary,Household Durables                                   ,US     ,NYSE    ,0.9                    ,-9.239426393174805   ,36.4                   ,73.33333333333333 ,-0.01465             ,85.0                     ,-8.315483753857324           ,Low
DUOL      ,Duolingo Inc.                                                   ,Consumer Discretionary,Diversified Consumer Services                        ,US     ,NasdaqGS,0.10999999999999999    ,122.08403659944923   ,74.8                   ,52.17391304347826 ,0.226015             ,69.5                     ,13.429244025939415           ,Low
DELL      ,Dell Technologies Inc.                                          ,Information Technology,Technology Hardware Storage and Peripherals          ,US     ,NYSE    ,0.32                   ,40.43748404119499    ,53.93939393939394      ,72.0              ,0.024535             ,80.0                     ,12.939994893182398           ,Low
ACOX      ,ATCO Ltd.                                                       ,Utilities             ,Multi-Utilities                                      ,CA     ,TSX     ,0.9                    ,-3.0694668820678515  ,25.0                   ,42.857142857142854,0.034705             ,71.5                     ,-2.762520193861066           ,Medium
CSHUN     ,Chartwell Retirement Residences                                 ,Health Care           ,Health Care Providers and Services                   ,CA     ,TSX     ,0.9                    ,5.070808588396528    ,13.043478260869565     ,100.0             ,0.0                  ,88.75                    ,4.5637277295568754           ,High
TLN       ,Talen Energy Corporation                                        ,Utilities             ,Independent Power and Renewable Electricity Producers,US     ,NasdaqGS,0.49000000000000005    ,22.909477037430317   ,42.85961123110151      ,93.75             ,-0.001375            ,89.0                     ,11.225643748340856           ,Low
VTRS      ,Viatris Inc.                                                    ,Health Care           ,Pharmaceuticals                                      ,US     ,NasdaqGS,0.88                   ,-11.223842739378567  ,57.142857142857146     ,45.45454545454545 ,-0.00696             ,72.75                    ,-9.87698161065314            ,Low
LI        ,Li Auto Inc.                                                    ,Consumer Discretionary,Automobiles                                          ,CN     ,NasdaqGS,0.41000000000000003    ,26.225352112676056   ,98.17520127718744      ,32.142857142857146,-0.31705             ,64.25                    ,10.752394366197183           ,Low
ESTC      ,Elastic N.V.                                                    ,Information Technology,Software                                             ,NL     ,NYSE    ,0.22999999999999998    ,72.97385090141303    ,41.31455399061033      ,67.85714285714286 ,0.04358              ,79.5                     ,16.783985707324995           ,Low
FCN       ,FTI Consulting Inc.                                             ,Industrials           ,Professional Services                                ,US     ,NYSE    ,0.7799999999999999     ,9.022787298077514    ,14.084507042253522     ,33.333333333333336,0.005085             ,66.75                    ,7.03777409250046             ,High
NTAP      ,NetApp Inc.                                                     ,Information Technology,Technology Hardware Storage and Peripherals          ,US     ,NasdaqGS,0.43000000000000005    ,24.97559070494044    ,37.5                   ,38.095238095238095,0.00684              ,65.5                     ,10.739504003124392           ,Low
FAE       ,Faes Farma S.A.                                                 ,Health Care           ,Pharmaceuticals                                      ,ES     ,BME     ,0.85                   ,-4.02621722846442    ,30.24390243902439      ,50.0              ,-0.01575             ,75.0                     ,-3.4222846441947565          ,Medium
FWONK     ,Formula One Group                                               ,Communication Services,Entertainment                                        ,US     ,NasdaqGS,0.42000000000000004    ,40.268848626534194   ,35.0                   ,73.33333333333333 ,0.069855             ,83.25                    ,16.912916423144363           ,Low
LNTH      ,Lantheus Holdings Inc.                                          ,Health Care           ,Health Care Equipment and Supplies                   ,US     ,NasdaqGM,0.64                   ,15.307004900547708   ,75.0                   ,78.57142857142857 ,-0.02168             ,88.5                     ,9.796483136350533            ,Low
TFX       ,Teleflex Incorporated                                           ,Health Care           ,Health Care Equipment and Supplies                   ,US     ,NYSE    ,0.43000000000000005    ,21.927710843373493   ,31.620553359683793     ,8.333333333333334 ,-0.010895            ,52.0                     ,9.428915662650603            ,Medium
Q         ,Qnity Electronics Inc.                                          ,Information Technology,Semiconductors and Semiconductor Equipment           ,US     ,NYSE    ,0.9                    ,-1.51311666218999    ,25.454545454545453     ,88.88888888888889 ,-0.003545            ,91.75                    ,-1.361804995970991           ,Medium
CTRA      ,Coterra Energy Inc.                                             ,Energy                ,Oil Gas and Consumable Fuels                         ,US     ,NYSE    ,0.74                   ,5.19604717883328     ,42.42424242424242      ,73.91304347826087 ,-0.06956             ,82.5                     ,3.845074912336627            ,Low
RVMD      ,Revolution Medicines Inc.                                       ,Health Care           ,Biotechnology                                        ,US     ,NasdaqGS,0.4                    ,33.423320527463396   ,75.4863813229572       ,100.0             ,0.0                  ,94.75                    ,13.369328210985358           ,Low
IEP       ,Icahn Enterprises L.P.                                          ,Industrials           ,Industrial Conglomerates                             ,US     ,NasdaqGS,0.45                   ,48.883374689826304   ,0.0                    ,100.0             ,0.0                  ,100.0                    ,21.99751861042184            ,Low
MNST      ,Monster Beverage Corporation                                    ,Consumer Staples      ,Beverages                                            ,US     ,NasdaqGS,0.6499999999999999     ,0.6381934216985763   ,46.34146341463415      ,50.0              ,0.019285             ,73.0                     ,0.41482572410407453          ,Low
RUN       ,Sunrun Inc.                                                     ,Industrials           ,Electrical Equipment                                 ,US     ,NasdaqGS,0.6000000000000001     ,17.07700366684128    ,58.165548098434        ,60.869565217391305,-0.00783             ,78.25                    ,10.246202200104769           ,Low
CRNX      ,Crinetics Pharmaceuticals Inc.                                  ,Health Care           ,Pharmaceuticals                                      ,US     ,NasdaqGS,0.24                   ,103.74707259953162   ,57.47126436781609      ,93.33333333333333 ,0.0                  ,91.75                    ,24.89929742388759            ,Low
ZS        ,Zscaler Inc.                                                    ,Information Technology,Software                                             ,US     ,NasdaqGS,0.28                   ,80.05851901868107    ,54.6875                ,79.59183673469387 ,0.021185             ,85.25                    ,22.416385325230703           ,Low
TPC       ,Tutor Perini Corporation                                        ,Industrials           ,Construction and Engineering                         ,US     ,NYSE    ,0.8                    ,11.795987430505196   ,9.72972972972973       ,100.0             ,0.198485             ,100.0                    ,9.436789944404158            ,High
SMR       ,NuScale Power Corporation                                       ,Industrials           ,Electrical Equipment                                 ,US     ,NYSE    ,0.10999999999999999    ,95.66736547868624    ,160.71428571428572     ,17.647058823529413,0.0                  ,59.5                     ,10.523410202655485           ,Low
INDV      ,Indivior Pharmaceuticals Inc.                                   ,Health Care           ,Pharmaceuticals                                      ,US     ,NasdaqGS,0.53                   ,38.80855986119144    ,29.166666666666668     ,100.0             ,0.122035             ,92.75                    ,20.568536726431464           ,Medium
VISN      ,Vistance Networks Inc.                                          ,Information Technology,Communications Equipment                             ,US     ,NasdaqGS,0.5800000000000001     ,26.302083333333332   ,6.185567010309279      ,66.66666666666667 ,0.120295             ,83.25                    ,15.255208333333334           ,High
ACMR      ,ACM Research Inc.                                               ,Information Technology,Semiconductors and Semiconductor Equipment           ,US     ,NasdaqGM,0.9                    ,-34.45404071560765   ,62.8235294117647       ,85.71428571428571 ,-0.060215            ,85.75                    ,-31.008636644046884          ,Low
FTDR      ,Frontdoor Inc.                                                  ,Consumer Discretionary,Diversified Consumer Services                        ,US     ,NasdaqGS,0.6499999999999999     ,0.635593220338983    ,36.8421052631579       ,20.0              ,0.02702              ,60.0                     ,0.4131355932203389           ,Low
ACIW      ,ACI Worldwide Inc.                                              ,Information Technology,Software                                             ,US     ,NasdaqGS,0.32                   ,51.66835187057634    ,16.666666666666668     ,83.33333333333333 ,0.01998              ,91.75                    ,16.533872598584427           ,High
ALHC      ,Alignment Healthcare Inc.                                       ,Health Care           ,Health Care Providers and Services                   ,US     ,NasdaqGS,0.55                   ,26.300148588410103   ,47.05882352941177      ,83.33333333333333 ,0.086785             ,89.5                     ,14.465081723625557           ,Low
DRX       ,Drax Group plc                                                  ,Utilities             ,Independent Power and Renewable Electricity Producers,GB     ,LSE     ,0.55                   ,11.457109283196239   ,46.38903531892462      ,40.0              ,0.06075              ,61.0                     ,6.301410105757932            ,Low
SJ        ,Stella-Jones Inc.                                               ,Materials             ,Paper and Forest Products                            ,CA     ,TSX     ,0.73                   ,0.22271714922049     ,24.747474747474747     ,55.55555555555556 ,0.0157               ,69.5                     ,0.16258351893095768          ,Medium
KYMR      ,Kymera Therapeutics Inc.                                        ,Health Care           ,Biotechnology                                        ,US     ,NasdaqGM,0.37                   ,43.30823415108088    ,40.67796610169491      ,95.65217391304348 ,0.0                  ,92.5                     ,16.024046635899925           ,Low
CMO       ,Cementos Molins S.A.                                            ,Materials             ,Construction Materials                               ,ES     ,BDM     ,0.9                    ,-3.8922155688622753  ,0.0                    ,100.0             ,0.01506              ,100.0                    ,-3.502994011976048           ,Low
LGND      ,Ligand Pharmaceuticals Incorporated                             ,Health Care           ,Pharmaceuticals                                      ,US     ,NasdaqGM,0.6000000000000001     ,27.835500190393297   ,23.404255319148938     ,88.88888888888889 ,0.040695             ,93.75                    ,16.70130011423598            ,Medium
EOSE      ,Eos Energy Enterprises Inc.                                     ,Industrials           ,Electrical Equipment                                 ,US     ,NasdaqCM,0.2                    ,35.13513513513514    ,66.66666666666667      ,37.5              ,0.0                  ,68.75                    ,7.027027027027028            ,Low
ENGI      ,Engie SA                                                        ,Utilities             ,Multi-Utilities                                      ,FR     ,ENXTPA  ,0.9                    ,-0.34495975469528556 ,22.307692307692307     ,73.6842105263158  ,0.05216              ,83.0                     ,-0.310463779225757           ,Medium
CPNG      ,Coupang Inc.                                                    ,Consumer Discretionary,Broadline Retail                                     ,US     ,NYSE    ,0.18                   ,88.45700824499411    ,71.875                 ,70.58823529411765 ,-0.082915            ,82.25                    ,15.92226148409894            ,Low
TDW       ,Tidewater Inc.                                                  ,Energy                ,Energy Equipment and Services                        ,US     ,NYSE    ,0.77                   ,-3.474903474903475   ,44.44444444444444      ,14.285714285714286,-0.067025            ,53.5                     ,-2.675675675675676           ,Low
WPP       ,WPP plc                                                         ,Communication Services,Media                                                ,GB     ,LSE     ,0.30000000000000004    ,28.252106998900697   ,74.28571428571429      ,15.384615384615385,-0.02548             ,46.25                    ,8.47563209967021             ,Low
TCOM      ,Trip.com Group Limited                                          ,Consumer Discretionary,Hotels Restaurants and Leisure                       ,SG     ,NasdaqGS,0.30000000000000004    ,60.89362483924307    ,33.57054116271422      ,90.3225806451613  ,0.365105             ,93.0                     ,18.268087451772924           ,Medium
INTU      ,Intuit Inc.                                                     ,Information Technology,Software                                             ,US     ,NasdaqGS,0.22                   ,92.16324486730095    ,48.33876221498371      ,74.28571428571429 ,0.007415             ,84.25                    ,20.275913870806207           ,Low
EME       ,EMCOR Group Inc.                                                ,Industrials           ,Construction and Engineering                         ,US     ,NYSE    ,0.9                    ,-6.0962513423740665  ,24.867021276595743     ,66.66666666666667 ,0.010265             ,83.25                    ,-5.48662620813666            ,Medium
RKLB      ,Rocket Lab Corporation                                          ,Industrials           ,Aerospace and Defense                                ,US     ,NasdaqCM,0.45                   ,22.738730723606167   ,78.52612503775295      ,66.66666666666667 ,0.0                  ,80.0                     ,10.232428825622776           ,Low
SHAK      ,Shake Shack Inc.                                                ,Consumer Discretionary,Hotels Restaurants and Leisure                       ,US     ,NYSE    ,0.46                   ,24.78729438457175    ,53.63636363636363      ,46.15384615384615 ,-0.015715            ,72.0                     ,11.402155416903007           ,Low
SOUN      ,SoundHound AI Inc.                                              ,Information Technology,Software                                             ,US     ,NasdaqGM,0.25                   ,111.1260053619303    ,95.23809523809524      ,77.77777777777777 ,0.0                  ,89.0                     ,27.781501340482574           ,Low
PEG       ,Public Service Enterprise Group Incorporated                    ,Utilities             ,Multi-Utilities                                      ,US     ,NYSE    ,0.7799999999999999     ,4.202848211184439    ,31.11111111111111      ,42.857142857142854,0.00209              ,71.5                     ,3.2782216047238624           ,Medium
AAOI      ,Applied Optoelectronics Inc.                                    ,Information Technology,Communications Equipment                             ,US     ,NasdaqGM,0.77                   ,-3.283850652271705   ,81.3953488372093       ,50.0              ,0.0                  ,66.75                    ,-2.5285650022492128          ,Low
CON       ,Concentra Group Holdings Parent Inc.                            ,Health Care           ,Health Care Providers and Services                   ,US     ,NYSE    ,0.52                   ,23.194562446898896   ,20.689655172413794     ,100.0             ,0.03212              ,92.75                    ,12.061172472387426           ,Medium
BIDU      ,Baidu Inc.                                                      ,Communication Services,Interactive Media and Services                       ,CN     ,NasdaqGS,0.45                   ,32.099700751769944   ,98.22697190670414      ,76.47058823529412 ,-0.02026             ,86.0                     ,14.444865338296475           ,Low
LNG       ,Cheniere Energy Inc.                                            ,Energy                ,Oil Gas and Consumable Fuels                         ,US     ,NYSE    ,0.52                   ,20.476470854658274   ,25.56390977443609      ,95.45454545454545 ,0.001265             ,91.0                     ,10.647764844422303           ,Medium
RR        ,Rolls-Royce Holdings plc                                        ,Industrials           ,Aerospace and Defense                                ,GB     ,LSE     ,0.85                   ,2.2816679779701023   ,55.76923076923077      ,76.47058823529412 ,0.077745             ,83.75                    ,1.939417781274587            ,Low
ONC       ,BeOne Medicines AG                                              ,Health Care           ,Biotechnology                                        ,CH     ,NasdaqGS,0.64                   ,16.305949663362902   ,77.7639751552795       ,92.5925925925926  ,0.03718              ,89.75                    ,10.435807784552258           ,Low
CRWV      ,CoreWeave Inc.                                                  ,Information Technology,IT Services                                          ,US     ,NasdaqGS,0.46                   ,24.947938359017076   ,175.0                  ,56.666666666666664,0.0                  ,76.75                    ,11.476051645147855           ,Low
AMBP      ,Ardagh Metal Packaging S.A.                                     ,Materials             ,Containers and Packaging                             ,LU     ,NYSE    ,0.7999999999999999     ,-11.522633744855968  ,32.55813953488372      ,0.0               ,-0.0039              ,53.25                    ,-9.218106995884774           ,Medium
PRM       ,Perimeter Solutions Inc.                                        ,Materials             ,Chemicals                                            ,US     ,NYSE    ,0.48000000000000004    ,25.85812356979405    ,12.121212121212121     ,50.0              ,0.13863              ,62.5                     ,12.411899313501145           ,High
LASR      ,nLIGHT Inc.                                                     ,Information Technology,Electronic Equipment Instruments and Components      ,US     ,NasdaqGS,0.9                    ,-6.2739097169089515  ,30.612244897959183     ,85.71428571428571 ,0.89767              ,89.25                    ,-5.6465187452180565          ,Medium
VST       ,Vistra Corp.                                                    ,Utilities             ,Independent Power and Renewable Electricity Producers,US     ,NYSE    ,0.37                   ,36.74266721091609    ,83.58208955223881      ,90.47619047619048 ,-0.116905            ,91.75                    ,13.594786868038954           ,Low
AMBA      ,Ambarella Inc.                                                  ,Information Technology,Semiconductors and Semiconductor Equipment           ,US     ,NasdaqGS,0.25                   ,51.03458692040477    ,35.0                   ,60.0              ,0.68262              ,76.75                    ,12.758646730101193           ,Low
WULF      ,TeraWulf Inc.                                                   ,Information Technology,Software                                             ,US     ,NasdaqCM,0.4                    ,41.45141451414514    ,86.95652173913044      ,92.85714285714286 ,0.0                  ,92.25                    ,16.580565805658058           ,Low
SRE       ,Sempra                                                          ,Utilities             ,Multi-Utilities                                      ,US     ,NYSE    ,0.83                   ,4.45241612154463     ,25.252525252525253     ,66.66666666666667 ,-0.00369             ,79.25                    ,3.6955053808820426           ,Medium
CWT       ,California Water Service Group                                  ,Utilities             ,Water Utilities                                      ,US     ,NYSE    ,0.8                    ,11.683848797250858   ,11.538461538461538     ,100.0             ,-0.004885            ,100.0                    ,9.347079037800688            ,High
ENI       ,Eni S.p.A.                                                      ,Energy                ,Oil Gas and Consumable Fuels                         ,IT     ,BIT     ,0.83                   ,-8.710954685437747   ,33.13253012048193      ,26.08695652173913 ,0.02783              ,62.0                     ,-7.230092388913329           ,Medium
NAMS      ,NewAmsterdam Pharma Company N.V.                                ,Health Care           ,Biotechnology                                        ,NL     ,NasdaqGM,0.37                   ,36.71181056887092    ,48.717136321295726     ,92.85714285714286 ,0.0                  ,91.0                     ,13.583369910482242           ,Low
INSW      ,International Seaways Inc.                                      ,Energy                ,Oil Gas and Consumable Fuels                         ,US     ,NYSE    ,0.9                    ,0.07818608287724785  ,21.875                 ,100.0             ,0.044065             ,95.0                     ,0.07036747458952307          ,Medium
HGV       ,Hilton Grand Vacations Inc.                                     ,Consumer Discretionary,Hotels Restaurants and Leisure                       ,US     ,NYSE    ,0.71                   ,6.014712245781047    ,67.34693877551021      ,30.0              ,-0.057755            ,62.5                     ,4.270445694504543            ,Low
PRVA      ,Privia Health Group Inc.                                        ,Health Care           ,Health Care Providers and Services                   ,US     ,NasdaqGS,0.32                   ,38.45466726217061    ,45.16129032258065      ,90.47619047619048 ,0.01391              ,89.25                    ,12.305493523894595           ,Low
WRBY      ,Warby Parker Inc.                                               ,Consumer Discretionary,Specialty Retail                                     ,US     ,NYSE    ,0.37                   ,26.892252894033838   ,59.64912280701754      ,69.23076923076923 ,0.01304              ,80.75                    ,9.95013357079252             ,Low
AAON      ,AAON Inc.                                                       ,Industrials           ,Building Products                                    ,US     ,NasdaqGS,0.67                   ,16.785431512272368   ,21.1864406779661       ,83.33333333333333 ,-0.046875            ,87.5                     ,11.246239113222487           ,Medium
VIPS      ,Vipshop Holdings Limited                                        ,Consumer Discretionary,Broadline Retail                                     ,CN     ,NYSE    ,0.52                   ,14.966932725199545   ,47.477833098605515     ,52.17391304347826 ,0.0132               ,70.75                    ,7.7828050171037635           ,Low
QBRA      ,Quebecor Inc.                                                   ,Communication Services,Diversified Telecommunication Services               ,CA     ,TSX     ,0.9                    ,7.628398791540786    ,0.0                    ,100.0             ,0.0                  ,100.0                    ,6.865558912386708            ,Low
QBTS      ,D-Wave Quantum Inc.                                             ,Information Technology,Software                                             ,US     ,NYSE    ,0.22                   ,103.35536349771225   ,63.65                  ,87.5              ,0.0                  ,90.75                    ,22.738179969496695           ,Low
CU        ,Canadian Utilities Limited                                      ,Utilities             ,Multi-Utilities                                      ,CA     ,TSX     ,0.9                    ,-6.338488346765411   ,9.30232558139535       ,14.285714285714286,0.024585             ,57.25                    ,-5.70463951208887            ,High
IBP       ,Installed Building Products Inc.                                ,Consumer Discretionary,Household Durables                                   ,US     ,NYSE    ,0.72                   ,-26.34881896626863   ,51.282051282051285     ,14.285714285714286,0.007795             ,46.5                     ,-18.971149655713415          ,Low
BVN       ,Compañía de Minas Buenaventura S.A.A.                           ,Materials             ,Metals and Mining                                    ,PE     ,NYSE    ,0.85                   ,-18.99367755532139   ,58.53658536585366      ,33.333333333333336,0.142755             ,58.25                    ,-16.14462592202318           ,Low
NXST      ,Nexstar Media Group Inc.                                        ,Communication Services,Media                                                ,US     ,NasdaqGS,0.87                   ,8.1408426334458      ,24.0                   ,75.0              ,-0.042695            ,84.5                     ,7.082533091097846            ,Medium
MASI      ,Masimo Corporation                                              ,Health Care           ,Health Care Equipment and Supplies                   ,US     ,NasdaqGS,0.33                   ,40.22281982328083    ,26.301369863013697     ,66.66666666666667 ,0.03293              ,77.75                    ,13.273530541682675           ,Medium
PRMB      ,Primo Brands Corporation                                        ,Consumer Staples      ,Beverages                                            ,US     ,NYSE    ,0.7000000000000001     ,19.936034115138593   ,75.55555555555556      ,76.92307692307692 ,-0.00289             ,78.75                    ,13.955223880597016           ,Low
DDS       ,Dillard's Inc.                                                  ,Consumer Discretionary,Broadline Retail                                     ,US     ,NYSE    ,0.82                   ,-18.72314684121543   ,45.80152671755725      ,66.66666666666667 ,0.043255             ,25.0                     ,-15.352980409796652          ,Low
ACA       ,Arcosa Inc.                                                     ,Industrials           ,Construction and Engineering                         ,US     ,NYSE    ,0.87                   ,1.5925315760571115   ,15.444015444015443     ,83.33333333333333 ,0.004485             ,95.0                     ,1.385502471169687            ,High
MP        ,MP Materials Corp.                                              ,Materials             ,Metals and Mining                                    ,US     ,NYSE    ,0.51                   ,36.136481130449766   ,31.645569620253166     ,100.0             ,0.0                  ,95.0                     ,18.42960537652938            ,Medium
MIRM      ,Mirum Pharmaceuticals Inc.                                      ,Health Care           ,Biotechnology                                        ,US     ,NasdaqGM,0.8999999999999999     ,9.117361784675072    ,40.0                   ,100.0             ,0.0                  ,95.0                     ,8.205625606207564            ,Low
HAFNI     ,Hafnia Limited                                                  ,Energy                ,Oil Gas and Consumable Fuels                         ,SG     ,OB      ,0.7000000000000001     ,13.636363636363637   ,16.666666666666668     ,100.0             ,0.0033               ,91.75                    ,9.545454545454547            ,High
UCB       ,UCB SA                                                          ,Health Care           ,Pharmaceuticals                                      ,BE     ,ENXTBR  ,0.75                   ,1.9677996422182469   ,45.6140350877193       ,68.42105263157895 ,0.066475             ,79.0                     ,1.4758497316636852           ,Low
VU        ,Vusion S.A.                                                     ,Information Technology,Electronic Equipment Instruments and Components      ,FR     ,ENXTPA  ,0.2                    ,113.15570358034971   ,31.25                  ,75.0              ,0.0709               ,87.5                     ,22.631140716069943           ,Medium
SGO       ,Compagnie de Saint-Gobain S.A.                                  ,Industrials           ,Building Products                                    ,FR     ,ENXTPA  ,0.51                   ,21.065375302663437   ,61.81818181818182      ,63.1578947368421  ,0.012315             ,76.25                    ,10.743341404358352           ,Low
ARGX      ,argenx SE                                                       ,Health Care           ,Biotechnology                                        ,NL     ,ENXTBR  ,0.6200000000000001     ,17.80474040632054    ,51.60239520958084      ,73.33333333333333 ,0.1197               ,83.25                    ,11.038939051918737           ,Low
PRY       ,Prysmian S.p.A.                                                 ,Industrials           ,Electrical Equipment                                 ,IT     ,BIT     ,0.75                   ,1.0305112143867448   ,70.0                   ,57.89473684210526 ,0.049855             ,76.25                    ,0.7728834107900586           ,Low
H2O       ,S.P.E.E.H. Hidroelectrica S.A.                                  ,Utilities             ,Independent Power and Renewable Electricity Producers,RO     ,BVB     ,0.9                    ,-20.689655172413794  ,34.78260869565217      ,55.55555555555556 ,-0.015105            ,25.0                     ,-18.620689655172416          ,Medium
1COV      ,Covestro AG                                                     ,Materials             ,Chemicals                                            ,DE     ,XTRA    ,0.7799999999999999     ,3.3677892630876958   ,0.0                    ,0.0               ,0.0                  ,50.0                     ,2.6268756252084025           ,Low
GEST      ,Gestamp Automoción S.A.                                         ,Consumer Discretionary,Automobile Components                                ,ES     ,BME     ,0.5                    ,10.201511335012594   ,47.714285714285715     ,30.76923076923077 ,-0.048585            ,63.5                     ,5.100755667506297            ,Low
GET       ,Getlink SE                                                      ,Industrials           ,Transportation Infrastructure                        ,FR     ,ENXTPA  ,0.7999999999999999     ,-0.28169014084507044 ,42.3728813559322       ,37.5              ,0.07217              ,68.75                    ,-0.22535211267605634         ,Low
HAG       ,Hensoldt AG                                                     ,Industrials           ,Aerospace and Defense                                ,DE     ,XTRA    ,0.56                   ,13.428217821782178   ,53.46426623022368      ,13.333333333333334,-0.00725             ,55.25                    ,7.519801980198021            ,Low
DNP       ,Dino Polska S.A.                                                ,Consumer Staples      ,Consumer Staples Distribution and Retail             ,PL     ,WSE     ,0.31000000000000005    ,20.379746835443036   ,43.953732912723446     ,35.714285714285715,-0.012255            ,69.25                    ,6.317721518987343            ,Low
IDR       ,Indra Sistemas S.A.                                             ,Information Technology,IT Services                                          ,ES     ,BME     ,0.7799999999999999     ,7.632093933463796    ,76.36363636363636      ,58.8235294117647  ,0.045885             ,78.0                     ,5.953033268101761            ,Low
RED       ,Redeia Corporación S.A.                                         ,Utilities             ,Electric Utilities                                   ,ES     ,BME     ,0.73                   ,3.8798498122653315   ,39.33734939759036      ,36.36363636363637 ,0.02056              ,64.75                    ,2.832290362953692            ,Low
TEP       ,Teleperformance SE                                              ,Industrials           ,Professional Services                                ,FR     ,ENXTPA  ,0.11                   ,92.45573518090839    ,92.0                   ,68.75             ,-0.009455            ,78.25                    ,10.170130869899923           ,Low
CLN       ,Clariant AG                                                     ,Materials             ,Chemicals                                            ,CH     ,SWX     ,0.8099999999999999     ,-3.6505086774386597  ,90.6832298136646       ,6.25              ,-0.003345            ,53.25                    ,-2.956912028725314           ,Low
SEPL      ,Seplat Energy Plc                                               ,Energy                ,Oil Gas and Consumable Fuels                         ,NG     ,LSE     ,0.65                   ,18.212345679012344   ,30.43905088144373      ,66.66666666666667 ,0.125015             ,100.0                    ,11.838024691358024           ,Medium
ELPE      ,HELLENiQ ENERGY Holdings S.A.                                   ,Energy                ,Oil Gas and Consumable Fuels                         ,GR     ,ATSE    ,0.7999999999999999     ,-1.3850415512465375  ,33.70786516853933      ,10.0              ,0.36273              ,52.75                    ,-1.10803324099723            ,Medium
FII       ,Lisi S.A.                                                       ,Industrials           ,Aerospace and Defense                                ,FR     ,ENXTPA  ,0.9                    ,-10.169491525423728  ,32.075471698113205     ,75.0              ,0.047585             ,87.5                     ,-9.152542372881356           ,Medium
VIS       ,Viscofan S.A.                                                   ,Consumer Staples      ,Food Products                                        ,ES     ,BME     ,0.55                   ,20.418848167539267   ,24.202898550724637     ,83.33333333333333 ,0.00891              ,87.5                     ,11.230366492146597           ,Medium
CIRSA     ,Cirsa Enterprises S.A.                                          ,Consumer Discretionary,Hotels Restaurants and Leisure                       ,ES     ,BME     ,0.4                    ,35.226504394861394   ,29.0                   ,100.0             ,-0.014055            ,93.25                    ,14.090601757944558           ,Medium
SOP       ,Sopra Steria Group SA                                           ,Information Technology,IT Services                                          ,FR     ,ENXTPA  ,0.28                   ,66.39935846030473    ,55.42168674698795      ,83.33333333333333 ,0.007135             ,89.5                     ,18.591820368885326           ,Low
ENO       ,Elecnor S.A.                                                    ,Industrials           ,Construction and Engineering                         ,ES     ,BME     ,0.9                    ,-0.3546099290780142  ,4.448398576512456      ,33.333333333333336,0.302055             ,66.75                    ,-0.3191489361702128          ,High
GNS       ,Genus plc                                                       ,Health Care           ,Biotechnology                                        ,GB     ,LSE     ,0.8999999999999999     ,5.6105610561056105   ,29.6875                ,80.0              ,0.102875             ,90.0                     ,5.049504950495049            ,Medium
2382      ,Quanta Computer Inc.                                            ,Information Technology,Technology Hardware Storage and Peripherals          ,TW     ,TWSE    ,0.49000000000000005    ,24.125874125874127   ,49.29577464788732      ,83.33333333333333 ,-0.001905            ,84.75                    ,11.821678321678323           ,Low
F34       ,Wilmar International Limited                                    ,Consumer Staples      ,Food Products                                        ,SG     ,SGX     ,0.86                   ,-13.169014084507042  ,34.67964314679643      ,8.333333333333334 ,-0.026525            ,54.25                    ,-11.325352112676056          ,Medium
3044      ,Tripod Technology Corporation                                   ,Information Technology,Electronic Equipment Instruments and Components      ,TW     ,TWSE    ,0.82                   ,0.9020618556701031   ,44.699872286079184     ,100.0             ,0.006825             ,91.75                    ,0.7396907216494845           ,Low
THAI      ,Thai Airways International Public Company Limited               ,Industrials           ,Passenger Airlines                                   ,TH     ,SET     ,0.31000000000000005    ,28.467153284671532   ,71.5909090909091       ,53.84615384615385 ,0.029905             ,75.0                     ,8.824817518248176            ,Low
V03       ,Venture Corporation Limited                                     ,Information Technology,Electronic Equipment Instruments and Components      ,SG     ,SGX     ,0.72                   ,-10.225197808886184  ,49.898305084745765     ,22.22222222222222 ,0.000155             ,61.0                     ,-7.362142422398052           ,Low
1476      ,Eclat Textile Co. Ltd.                                          ,Consumer Discretionary,Textiles Apparel and Luxury Goods                    ,TW     ,TWSE    ,0.42000000000000004    ,21.830985915492956   ,54.72061657032755      ,68.75             ,-0.03757             ,79.75                    ,9.169014084507042            ,Low
E5H       ,Golden Agri-Resources Ltd                                       ,Consumer Staples      ,Food Products                                        ,SG     ,SGX     ,0.73                   ,0.034482758620689655 ,0.0                    ,0.0               ,0.05733              ,50.0                     ,0.02517241379310345          ,Low
6285      ,WNC Corporation                                                 ,Information Technology,Communications Equipment                             ,TW     ,TWSE    ,0.9                    ,-24.41860465116279   ,43.84615384615385      ,100.0             ,-0.05037             ,91.75                    ,-21.976744186046513          ,Low
7030      ,Mobile Telecommunications Company Saudi Arabia                  ,Communication Services,Wireless Telecommunication Services                  ,SA     ,SASE    ,0.72                   ,-1.8087855297157622  ,52.63157894736842      ,22.22222222222222 ,-0.002655            ,41.75                    ,-1.3023255813953487          ,Low
BIMBOA    ,Grupo Bimbo S.A.B. de C.V.                                      ,Consumer Staples      ,Food Products                                        ,MX     ,BMV     ,0.62                   ,2.4016502136437308   ,51.798561151079134     ,0.0               ,0.015045             ,52.0                     ,1.489023132459113            ,Low
YPFD      ,YPF Sociedad Anónima                                            ,Energy                ,Oil Gas and Consumable Fuels                         ,AR     ,BASE    ,0.12                   ,77.85910338517841    ,56.0298353909465       ,66.66666666666667 ,0.0                  ,83.25                    ,9.343092406221409            ,Low
RENT3     ,Localiza Rent a Car S.A.                                        ,Industrials           ,Ground Transportation                                ,BR     ,BOVESPA ,0.87                   ,6.920684292379471    ,34.54545454545455      ,100.0             ,-0.037795            ,91.75                    ,6.02099533437014             ,Medium
DANGCEM   ,Dangote Cement Plc                                              ,Materials             ,Construction Materials                               ,NG     ,NGSE    ,0.9                    ,-7.95470191380972    ,7.742418009797689      ,33.333333333333336,0.209905             ,66.75                    ,-7.159231722428748           ,High
LIVEPOLC1 ,El Puerto de Liverpool S.A.B. de C.V.                           ,Consumer Discretionary,Broadline Retail                                     ,MX     ,BMV     ,0.57                   ,8.197680085778341    ,90.09009009009009      ,0.0               ,0.00769              ,53.25                    ,4.672677648893654            ,Low
FRAGUAB   ,Corporativo Fragua S.A.B. de C.V.                               ,Consumer Staples      ,Consumer Staples Distribution and Retail             ,MX     ,BMV     ,0.35                   ,167.4959355741238    ,0.0                    ,100.0             ,0.0                  ,100.0                    ,58.62357745094332            ,Low
4161      ,BinDawood Holding Company                                       ,Consumer Staples      ,Consumer Staples Distribution and Retail             ,SA     ,SASE    ,0.64                   ,14.826175869120654   ,37.399821905609976     ,0.0               ,-0.04222             ,54.25                    ,9.488752556237218            ,Low
ASELS     ,ASELSAN Elektronik Sanayi ve Ticaret Anonim Sirketi             ,Industrials           ,Aerospace and Defense                                ,TR     ,IBSE    ,0.73                   ,9.181141439205955    ,64.6969696969697       ,45.45454545454545 ,-0.08878             ,72.75                    ,6.702233250620347            ,Low
BUACEMENT ,BUA Cement Plc                                                  ,Materials             ,Construction Materials                               ,NG     ,NGSE    ,0.9                    ,-23.231770833333332  ,50.496963940432174     ,75.0              ,0.392525             ,18.75                    ,-20.908593749999998          ,Low
2002      ,China Steel Corporation                                         ,Materials             ,Metals and Mining                                    ,TW     ,TWSE    ,0.78                   ,-4.30622009569378    ,44.0                   ,22.22222222222222 ,0.0                  ,61.0                     ,-3.3588516746411483          ,Low
3702      ,WPG Holdings Limited                                            ,Information Technology,Electronic Equipment Instruments and Components      ,TW     ,TWSE    ,0.6100000000000001     ,11.627906976744185   ,25.0                   ,0.0               ,0.01288              ,41.75                    ,7.0930232558139545           ,Medium
TIMECOM   ,TIME dotCom Berhad                                              ,Communication Services,Diversified Telecommunication Services               ,MY     ,KLSE    ,0.9                    ,-2.684563758389262   ,18.620689655172413     ,77.77777777777777 ,0.048475             ,86.0                     ,-2.4161073825503356          ,High
2395      ,Advantech Co. Ltd.                                              ,Information Technology,Technology Hardware Storage and Peripherals          ,TW     ,TWSE    ,0.63                   ,18.0327868852459     ,27.77777777777778      ,66.66666666666667 ,-0.003495            ,75.0                     ,11.360655737704917           ,Medium
2379      ,Realtek Semiconductor Corp.                                     ,Information Technology,Semiconductors and Semiconductor Equipment           ,TW     ,TWSE    ,0.4                    ,21.323529411764707   ,25.974025974025974     ,47.05882352941177 ,-0.028875            ,69.0                     ,8.529411764705882            ,Medium
5269      ,ASMedia Technology Inc.                                         ,Information Technology,Semiconductors and Semiconductor Equipment           ,TW     ,TWSE    ,0.12000000000000001    ,60.62992125984252    ,68.62745098039215      ,80.0              ,-0.002405            ,82.5                     ,7.275590551181103            ,Low
OCDO      ,Ocado Group plc                                                 ,Consumer Staples      ,Consumer Staples Distribution and Retail             ,GB     ,LSE     ,0.29                   ,32.93118856121537    ,107.89915966386555     ,21.428571428571427,0.0                  ,62.5                     ,9.550044682752457            ,Low
3998      ,Bosideng International Holdings Limited                         ,Consumer Discretionary,Textiles Apparel and Luxury Goods                    ,HK     ,SEHK    ,0.55                   ,20.53941908713693    ,18.9328743545611       ,100.0             ,-0.00802             ,94.75                    ,11.296680497925314           ,High
BEKB      ,NV Bekaert SA                                                   ,Materials             ,Metals and Mining                                    ,BE     ,ENXTBR  ,0.75                   ,-14.367816091954023  ,61.74496644295302      ,16.666666666666668,0.019315             ,58.25                    ,-10.775862068965516          ,Low
TRMDA     ,TORM plc                                                        ,Energy                ,Oil Gas and Consumable Fuels                         ,GB     ,CPSE    ,0.5499999999999999     ,6.632813474734872    ,49.47265702698844      ,33.333333333333336,0.04739              ,58.25                    ,3.648047411104179            ,Low
KOEI      ,KONCAR - Elektroindustrija d.d.                                 ,Industrials           ,Electrical Equipment                                 ,HR     ,ZGSE    ,0.86                   ,5.564127906976744    ,8.800668391251213      ,66.66666666666667 ,-0.001515            ,100.0                    ,4.78515                      ,High
SLR       ,Solaria Energía y Medio Ambiente S.A.                           ,Utilities             ,Independent Power and Renewable Electricity Producers,ES     ,BME     ,0.57                   ,0.3818876159301691   ,89.1304347826087       ,25.0              ,0.09324              ,64.0                     ,0.2176759410801964           ,Low
UNTR      ,PT United Tractors Tbk                                          ,Energy                ,Oil Gas and Consumable Fuels                         ,ID     ,IDX     ,0.7                    ,7.142857142857143    ,50.476190476190474     ,47.36842105263158 ,-0.01442             ,71.0                     ,5.0                          ,Low
RHC       ,Ramsay Health Care Limited                                      ,Health Care           ,Health Care Providers and Services                   ,AU     ,ASX     ,0.77                   ,-2.5182778229082046  ,55.638888888888886     ,14.285714285714286,0.01646              ,57.25                    ,-1.9390739236393175          ,Low
AIXA      ,AIXTRON SE                                                      ,Information Technology,Semiconductors and Semiconductor Equipment           ,DE     ,XTRA    ,0.9                    ,-7.7733860342556     ,64.28571428571429      ,46.666666666666664,-0.01421             ,70.0                     ,-6.99604743083004            ,Low
HT        ,Hrvatski Telekom d.d.                                           ,Communication Services,Diversified Telecommunication Services               ,HR     ,ZGSE    ,0.7999999999999999     ,-5.664233576642336   ,22.337511606313836     ,25.0              ,0.027095             ,41.75                    ,-4.531386861313869           ,Medium
CMBT      ,Cmb.Tech NV                                                     ,Energy                ,Oil Gas and Consumable Fuels                         ,BE     ,ENXTBR  ,0.9                    ,2.273062730627306    ,4.598426901428778      ,75.0              ,0.21546              ,81.25                    ,2.0457564575645755           ,High
6515      ,WinWay Technology Co. Ltd.                                      ,Information Technology,Semiconductors and Semiconductor Equipment           ,TW     ,TWSE    ,0.9                    ,-26.073926073926074  ,125.67567567567568     ,100.0             ,-0.005755            ,93.75                    ,-23.466533466533466          ,Low
HIK       ,Hikma Pharmaceuticals PLC                                       ,Health Care           ,Pharmaceuticals                                      ,GB     ,LSE     ,0.38                   ,40.68294229549778    ,41.717412567554774     ,75.0              ,-0.02002             ,86.25                    ,15.459518072289157           ,Low
VIE       ,Veolia Environnement SA                                         ,Utilities             ,Multi-Utilities                                      ,FR     ,ENXTPA  ,0.87                   ,7.623318385650224    ,35.55555555555556      ,82.3529411764706  ,0.029645             ,85.25                    ,6.6322869955156944           ,Low
POT       ,Port of Tauranga Limited                                        ,Industrials           ,Transportation Infrastructure                        ,NZ     ,NZSE    ,0.7999999999999999     ,-13.924050632911392  ,36.76470588235294      ,20.0              ,0.048325             ,50.0                     ,-11.139240506329113          ,Low
RBREW     ,Royal Unibrew A/S                                               ,Consumer Staples      ,Beverages                                            ,DK     ,CPSE    ,0.7                    ,1.8010963194988254   ,43.84615384615385      ,60.0              ,0.039575             ,76.75                    ,1.2607674236491777           ,Low
DEME      ,DEME Group NV                                                   ,Industrials           ,Construction and Engineering                         ,BE     ,ENXTBR  ,0.9                    ,-4.761904761904762   ,33.333333333333336     ,85.71428571428571 ,0.04935              ,92.75                    ,-4.285714285714286           ,Medium
AKE       ,Arkema S.A.                                                     ,Materials             ,Chemicals                                            ,FR     ,ENXTPA  ,0.9                    ,-2.8213166144200628  ,66.12903225806451      ,50.0              ,-0.078155            ,76.5                     ,-2.5391849529780566          ,Low
FDR       ,Fluidra S.A.                                                    ,Industrials           ,Machinery                                            ,ES     ,BME     ,0.6499999999999999     ,5.49645390070922     ,44.07096171802054      ,56.25             ,0.012415             ,72.0                     ,3.5726950354609923           ,Low
G24       ,Scout24 SE                                                      ,Communication Services,Interactive Media and Services                       ,DE     ,XTRA    ,0.32                   ,72.64081931236284    ,39.49152542372882      ,76.47058823529412 ,0.042945             ,79.5                     ,23.245062179956108           ,Low
SBMO      ,SBM Offshore N.V.                                               ,Energy                ,Energy Equipment and Services                        ,NL     ,ENXTAM  ,0.7000000000000001     ,18.085284280936456   ,57.91290802237485      ,87.5              ,0.148935             ,87.5                     ,12.65969899665552            ,Low
2324      ,Compal Electronics Inc.                                         ,Information Technology,Technology Hardware Storage and Peripherals          ,TW     ,TWSE    ,0.72                   ,-1.1437908496732025  ,48.59504132231405      ,25.0              ,-0.122445            ,37.5                     ,-0.8235294117647058          ,Low
SYENS     ,Syensqo SA/NV                                                   ,Materials             ,Chemicals                                            ,BE     ,ENXTBR  ,0.83                   ,1.25                 ,28.395061728395063     ,66.66666666666667 ,-0.03656             ,79.25                    ,1.0374999999999999           ,Medium
EN        ,Bouygues SA                                                     ,Industrials           ,Construction and Engineering                         ,FR     ,ENXTPA  ,0.7799999999999999     ,4.9521092317098026   ,27.184466019417474     ,50.0              ,0.008315             ,67.5                     ,3.8626452007336454           ,Medium
AWC       ,Asset World Corp Public Company Limited                         ,Consumer Discretionary,Hotels Restaurants and Leisure                       ,TH     ,SET     ,0.71                   ,2.0                  ,109.80392156862744     ,50.0              ,0.020965             ,75.0                     ,1.42                         ,Low
STLAM     ,Stellantis N.V.                                                 ,Consumer Discretionary,Automobiles                                          ,NL     ,BIT     ,0.05000000000000002    ,30.0468773627703     ,93.02325581395348      ,28.571428571428573,0.0                  ,62.0                     ,1.5023438681385155           ,Low
27        ,Galaxy Entertainment Group Limited                              ,Consumer Discretionary,Hotels Restaurants and Leisure                       ,HK     ,SEHK    ,0.7000000000000001     ,13.953488372093023   ,31.020408163265305     ,100.0             ,0.011765             ,94.25                    ,9.767441860465118            ,Medium
PEOLES    ,Industrias Peñoles S.A.B. de C.V.                               ,Materials             ,Metals and Mining                                    ,MX     ,BMV     ,0.9                    ,-11.925395629238885  ,13.903743315508022     ,33.333333333333336,0.19459              ,33.25                    ,-10.732856066314996          ,High
CMOCTEZ   ,Corporación Moctezuma S.A.B. de C.V.                            ,Materials             ,Construction Materials                               ,MX     ,BMV     ,0.73                   ,6.748466257668712    ,0.0                    ,0.0               ,0.0                  ,50.0                     ,4.926380368098159            ,Low
TENAGA    ,Tenaga Nasional Berhad                                          ,Utilities             ,Electric Utilities                                   ,MY     ,KLSE    ,0.78                   ,13.180515759312321   ,23.164556962025316     ,85.71428571428571 ,0.0142               ,88.0                     ,10.28080229226361            ,Medium
ADMR      ,PT Alamtri Minerals Indonesia Tbk                               ,Materials             ,Metals and Mining                                    ,ID     ,IDX     ,0.7                    ,7.238605898123325    ,82.5                   ,60.0              ,-0.047885            ,75.0                     ,5.067024128686327            ,Low
384       ,China Gas Holdings Limited                                      ,Utilities             ,Gas Utilities                                        ,HK     ,SEHK    ,0.6699999999999999     ,7.6345431789737175   ,56.97674418604651      ,41.1764705882353  ,-0.06823             ,72.0                     ,5.11514392991239             ,Low
CCOLA     ,Coca-Cola Içecek Anonim Sirketi                                 ,Consumer Staples      ,Beverages                                            ,TR     ,IBSE    ,0.78                   ,11.954459203036054   ,35.02824858757062      ,85.71428571428571 ,-0.070245            ,91.0                     ,9.324478178368123            ,Low
ACT       ,AlzChem Group AG                                                ,Materials             ,Chemicals                                            ,DE     ,XTRA    ,0.8300000000000001     ,19.863013698630137   ,12.4                   ,100.0             ,0.051745             ,100.0                    ,16.486301369863014           ,High
ENELCHILE ,Enel Chile S.A.                                                 ,Utilities             ,Electric Utilities                                   ,CL     ,SNSE    ,0.6000000000000001     ,11.812319934147345   ,17.177914110429448     ,42.857142857142854,-0.09948             ,66.75                    ,7.087391960488408            ,High
C52       ,ComfortDelGro Corporation Limited                               ,Industrials           ,Ground Transportation                                ,SG     ,SGX     ,0.67                   ,13.333333333333334   ,19.41176470588235      ,88.88888888888889 ,0.006435             ,89.0                     ,8.933333333333334            ,High
MTNGH     ,Scancom Plc                                                     ,Communication Services,Wireless Telecommunication Services                  ,GH     ,GHSE    ,0.77                   ,2.0618556701030926   ,40.80808080808081      ,100.0             ,0.050955             ,91.75                    ,1.5876288659793814           ,Low
VK        ,Vallourec S.A.                                                  ,Energy                ,Energy Equipment and Services                        ,FR     ,ENXTPA  ,0.55                   ,15.10002740476843    ,41.904761904761905     ,63.63636363636363 ,-0.00772             ,79.5                     ,8.305015072622636            ,Low
A015760   ,Korea Electric Power Corporation                                ,Utilities             ,Electric Utilities                                   ,KR     ,KOSE    ,0.85                   ,7.023411371237458    ,62.5                   ,75.0              ,0.110795             ,81.25                    ,5.969899665551839            ,Low
S58       ,SATS Ltd.                                                       ,Industrials           ,Transportation Infrastructure                        ,SG     ,SGX     ,0.9                    ,5.283505154639175    ,13.708690330477356     ,87.5              ,0.024215             ,87.5                     ,4.755154639175258            ,High
IAG       ,International Consolidated Airlines Group S.A.                  ,Industrials           ,Passenger Airlines                                   ,GB     ,LSE     ,0.7000000000000001     ,13.725806451612904   ,61.421885446846446     ,76.47058823529412 ,0.0521               ,83.75                    ,9.608064516129033            ,Low
PARKIN    ,Parkin Company P.J.S.C.                                         ,Industrials           ,Commercial Services and Supplies                     ,AE     ,DFM     ,0.8099999999999999     ,4.559748427672956    ,29.32330827067669      ,37.5              ,0.04718              ,68.75                    ,3.6933962264150937           ,Medium
300413    ,Mango Excellent Media Co. Ltd.                                  ,Communication Services,Entertainment                                        ,CN     ,SZSE    ,0.6200000000000001     ,19.047619047619047   ,91.52                  ,73.33333333333333 ,-0.05696             ,85.0                     ,11.809523809523812           ,Low
OV8       ,Sheng Siong Group Ltd                                           ,Consumer Staples      ,Consumer Staples Distribution and Retail             ,SG     ,SGX     ,0.85                   ,-4.850746268656716   ,20.392156862745097     ,50.0              ,0.02536              ,72.0                     ,-4.1231343283582085          ,Medium
MBRF3     ,Marfrig Global Foods S.A.                                       ,Consumer Staples      ,Food Products                                        ,BR     ,BOVESPA ,0.28                   ,34.57446808510638    ,56.126482213438734     ,46.666666666666664,5.11479              ,70.0                     ,9.680851063829788            ,Low
TRE       ,Técnicas Reunidas S.A.                                          ,Energy                ,Energy Equipment and Services                        ,ES     ,BME     ,0.7                    ,6.811145510835913    ,46.3768115942029       ,44.44444444444444 ,0.085435             ,69.5                     ,4.767801857585138            ,Low
ANE       ,Corporación Acciona Energías Renovables S.A.                    ,Utilities             ,Independent Power and Renewable Electricity Producers,ES     ,BME     ,0.73                   ,5.116279069767442    ,38.49557522123894      ,4.545454545454546 ,0.02295              ,54.75                    ,3.734883720930233            ,Low
CLNX      ,Cellnex Telecom S.A.                                            ,Communication Services,Diversified Telecommunication Services               ,ES     ,BME     ,0.46                   ,21.951219512195124   ,71.23287671232876      ,62.5              ,0.0                  ,80.25                    ,10.097560975609758           ,Low
PNN       ,Pennon Group Plc                                                ,Utilities             ,Water Utilities                                      ,GB     ,LSE     ,0.73                   ,2.827763496143959    ,38.333333333333336     ,53.84615384615385 ,-0.016355            ,69.25                    ,2.06426735218509             ,Low
868       ,Xinyi Glass Holdings Limited                                    ,Industrials           ,Building Products                                    ,HK     ,SEHK    ,0.85                   ,-10.997067448680351  ,44.59088412959912      ,42.857142857142854,-0.055665            ,65.5                     ,-9.347507331378297           ,Low
688082    ,ACM Research (Shanghai) Inc.                                    ,Information Technology,Semiconductors and Semiconductor Equipment           ,CN     ,SHSE    ,0.5700000000000001     ,28.05863664232763    ,17.6278563656148       ,100.0             ,0.0                  ,91.75                    ,15.993422886126751           ,High
COL       ,Coles Group Limited                                             ,Consumer Staples      ,Consumer Staples Distribution and Retail             ,AU     ,ASX     ,0.7799999999999999     ,8.843537414965986    ,37.083333333333336     ,50.0              ,0.06186              ,70.25                    ,6.897959183673469            ,Low
PPB       ,PPB Group Berhad                                                ,Consumer Staples      ,Food Products                                        ,MY     ,KLSE    ,0.55                   ,10.454545454545455   ,26.419753086419753     ,50.0              ,0.034655             ,75.0                     ,5.750000000000001            ,Medium
MYOR      ,PT Mayora Indah Tbk                                             ,Consumer Staples      ,Food Products                                        ,ID     ,IDX     ,0.47000000000000003    ,20.88888888888889    ,69.8529411764706       ,87.5              ,-0.04095             ,87.5                     ,9.817777777777778            ,Low
TGSU2     ,Transportadora de Gas del Sur S.A.                              ,Energy                ,Oil Gas and Consumable Fuels                         ,AR     ,BASE    ,0.38                   ,52.06035983749275    ,0.0                    ,100.0             ,0.025365             ,100.0                    ,19.782936738247244           ,Low
ASTOR     ,Astor Enerji A.S.                                               ,Industrials           ,Electrical Equipment                                 ,TR     ,IBSE    ,0.52                   ,22.045079714128644   ,42.310810810810814     ,100.0             ,-0.01034             ,91.75                    ,11.463441451346895           ,Low
TRALT     ,Turk Altin Isletmeleri A.S.                                     ,Materials             ,Metals and Mining                                    ,TR     ,IBSE    ,0.83                   ,-8.262108262108262   ,70.39337474120083      ,20.0              ,0.43017              ,65.0                     ,-6.857549857549857           ,Low
PSG       ,Prosegur Compañía de Seguridad S.A.                             ,Industrials           ,Commercial Services and Supplies                     ,ES     ,BME     ,0.6000000000000001     ,13.345521023765997   ,65.48387096774194      ,55.55555555555556 ,0.003055             ,77.75                    ,8.007312614259599            ,Low
TRIG      ,The Renewables Infrastructure Group Limited                     ,Utilities             ,Independent Power and Renewable Electricity Producers,GG     ,LSE     ,0.22                   ,38.005780346820806   ,47.12041884816754      ,37.5              ,0.0                  ,64.25                    ,8.361271676300577            ,Low
RMV       ,Rightmove plc                                                   ,Communication Services,Interactive Media and Services                       ,GB     ,LSE     ,0.21                   ,33.72093023255814    ,73.04347826086956      ,6.25              ,0.020575             ,54.75                    ,7.081395348837209            ,Low
C07       ,Jardine Cycle & Carriage Limited                                ,Industrials           ,Industrial Conglomerates                             ,SG     ,SGX     ,0.7999999999999999     ,-12.875591016548464  ,35.91980436117207      ,25.0              ,0.012525             ,43.75                    ,-10.30047281323877           ,Low
EDP       ,EDP S.A.                                                        ,Utilities             ,Electric Utilities                                   ,PT     ,ENXTLS  ,0.75                   ,7.833993937980881    ,48.648648648648646     ,59.09090909090909 ,0.04206              ,76.25                    ,5.8754954534856605           ,Low
PSON      ,Pearson plc                                                     ,Consumer Discretionary,Diversified Consumer Services                        ,GB     ,LSE     ,0.49                   ,27.17391304347826    ,39.31623931623932      ,45.45454545454545 ,0.010155             ,68.25                    ,13.315217391304348           ,Low
002270    ,Huaming Power Equipment Co.Ltd                                  ,Industrials           ,Machinery                                            ,CN     ,SZSE    ,0.9                    ,-14.277268696423294  ,79.3103448275862       ,92.85714285714286 ,0.04758              ,89.25                    ,-12.849541826780964          ,Low
AMS       ,Amadeus IT Group S.A.                                           ,Consumer Discretionary,Hotels Restaurants and Leisure                       ,ES     ,BME     ,0.09999999999999999    ,55.61015561015561    ,48.68421052631579      ,59.09090909090909 ,0.03134              ,73.75                    ,5.5610155610155605           ,Low
DESN      ,Dottikon ES Holding AG                                          ,Health Care           ,Pharmaceuticals                                      ,CH     ,SWX     ,0.33                   ,23.134328358208954   ,23.03030303030303      ,50.0              ,0.0                  ,62.5                     ,7.634328358208955            ,Medium
TBS       ,Tiger Brands Limited                                            ,Consumer Staples      ,Food Products                                        ,ZA     ,JSE     ,0.6                    ,1.3267240122466832   ,42.589928057553955     ,25.0              ,0.090125             ,56.25                    ,0.7960344073480099           ,Low
S63       ,Singapore Technologies Engineering Ltd                          ,Industrials           ,Aerospace and Defense                                ,SG     ,SGX     ,0.88                   ,-0.0999000999000999  ,46.8                   ,33.333333333333336,0.02883              ,63.25                    ,-0.08791208791208792         ,Low
EB5       ,First Resources Limited                                         ,Consumer Staples      ,Food Products                                        ,SG     ,SGX     ,0.8999999999999999     ,2.526315789473684    ,32.2339151266256       ,100.0             ,0.148665             ,96.5                     ,2.2736842105263153           ,Medium
FCC       ,Fomento de Construcciones y Contratas S.A.                      ,Industrials           ,Commercial Services and Supplies                     ,ES     ,BME     ,0.45                   ,24.110320284697508   ,25.089605734767026     ,66.66666666666667 ,-0.055615            ,79.25                    ,10.849644128113878           ,Medium
AKSEN     ,Aksa Enerji Üretim A.S.                                         ,Utilities             ,Independent Power and Renewable Electricity Producers,TR     ,IBSE    ,0.9                    ,-0.2789400278940028  ,43.60839160839161      ,57.142857142857146,-0.05563             ,78.5                     ,-0.2510460251046025          ,Low
SISE      ,Türkiye Sise Ve Cam Fabrikalari A.S.                            ,Industrials           ,Industrial Conglomerates                             ,TR     ,IBSE    ,0.5800000000000001     ,12.939039160274525   ,44.68275245755139      ,45.45454545454545 ,-0.12158             ,70.5                     ,7.5046427129592255           ,Low
ICHB      ,Industrias CH S. A. B. de C. V.                                 ,Materials             ,Metals and Mining                                    ,MX     ,BMV     ,0.66                   ,10.17897091722595    ,0.0                    ,0.0               ,0.0                  ,50.0                     ,6.718120805369128            ,Low
RICHTER   ,Gedeon Richter PLC                                              ,Health Care           ,Pharmaceuticals                                      ,HU     ,BUSE    ,0.7                    ,2.5641025641025643   ,35.958333333333336     ,57.142857142857146,0.002685             ,75.0                     ,1.794871794871795            ,Low
A111770   ,Youngone Corporation                                            ,Consumer Discretionary,Textiles Apparel and Luxury Goods                    ,KR     ,KOSE    ,0.74                   ,4.74090407938258     ,52.63157894736842      ,100.0             ,0.07845              ,89.0                     ,3.508269018743109            ,Low
ANA       ,Acciona S.A.                                                    ,Utilities             ,Electric Utilities                                   ,ES     ,BME     ,0.85                   ,-5.666842382709541   ,55.88153115395362      ,50.0              ,0.093925             ,33.25                    ,-4.81681602530311            ,Low
ASII      ,PT Astra International Tbk                                      ,Industrials           ,Industrial Conglomerates                             ,ID     ,IDX     ,0.77                   ,3.9473684210526314   ,43.399638336347195     ,82.6086956521739  ,-0.00786             ,82.5                     ,3.039473684210526            ,Low
FPH       ,Fisher & Paykel Healthcare Corporation Limited                  ,Health Care           ,Health Care Equipment and Supplies                   ,NZ     ,NZSE    ,0.42000000000000004    ,11.99125921879268    ,43.90243902439025      ,8.333333333333334 ,0.055325             ,54.25                    ,5.036328871892926            ,Low
A277810   ,Rainbow Robotics Co.Ltd.                                        ,Industrials           ,Machinery                                            ,KR     ,KOSDAQ  ,0.9                    ,-29.925373134328357  ,47.07135250266241      ,100.0             ,-0.31794             ,87.5                     ,-26.932835820895523          ,Low
INRETC1   ,InRetail Perú Corp.                                             ,Consumer Staples      ,Consumer Staples Distribution and Retail             ,PA     ,BVL     ,0.46                   ,30.753138075313807   ,34.666666666666664     ,83.33333333333333 ,-0.017455            ,79.25                    ,14.146443514644352           ,Medium
PROX      ,Proximus PLC                                                    ,Communication Services,Diversified Telecommunication Services               ,BE     ,ENXTBR  ,0.7999999999999999     ,-14.029850746268657  ,62.5                   ,15.384615384615385,0.023925             ,53.75                    ,-11.223880597014924          ,Low
CPLE3     ,Companhia Paranaense de Energia - COPEL                         ,Utilities             ,Electric Utilities                                   ,BR     ,BOVESPA ,0.85                   ,3.8681948424068766   ,31.03448275862069      ,100.0             ,0.10375              ,90.5                     ,3.2879656160458453           ,Medium
TGN       ,S.N.T.G.N. Transgaz S.A.                                        ,Utilities             ,Gas Utilities                                        ,RO     ,BVB     ,0.9                    ,-17.825537294563844  ,0.0                    ,100.0             ,0.81878              ,0.0                      ,-16.04298356510746           ,Low
NPH       ,Northam Platinum Holdings Limited                               ,Materials             ,Metals and Mining                                    ,ZA     ,JSE     ,0.66                   ,18.083670715249664   ,32.91428571428571      ,25.0              ,0.55765              ,59.5                     ,11.935222672064778           ,Medium
ENELAM    ,Enel Américas S.A.                                              ,Utilities             ,Electric Utilities                                   ,CL     ,SNSE    ,0.38                   ,39.83576923076923    ,13.492109333384676     ,50.0              ,-0.04605             ,75.0                     ,15.137592307692307           ,High
968       ,Xinyi Solar Holdings Limited                                    ,Information Technology,Semiconductors and Semiconductor Equipment           ,CN     ,SEHK    ,0.62                   ,2.272727272727273    ,147.22222222222223     ,47.61904761904762 ,-0.05641             ,72.5                     ,1.4090909090909092           ,Low
ENELGXCH  ,Enel Generación Chile S.A.                                      ,Utilities             ,Independent Power and Renewable Electricity Producers,CL     ,SNSE    ,0.75                   ,13.414465768555592   ,0.0                    ,100.0             ,0.0                  ,100.0                    ,10.060849326416694           ,Low
EDPR      ,EDP Renováveis S.A.                                             ,Utilities             ,Independent Power and Renewable Electricity Producers,ES     ,ENXTLS  ,0.6499999999999999     ,1.0479041916167664   ,66.66666666666667      ,50.0              ,-0.040915            ,73.0                     ,0.681137724550898            ,Low
ACX       ,Acerinox S.A.                                                   ,Materials             ,Metals and Mining                                    ,ES     ,BME     ,0.7000000000000001     ,10.518292682926829   ,37.93103448275862      ,73.33333333333333 ,-0.221               ,83.25                    ,7.362804878048781            ,Low
PLZL      ,Public Joint Stock Company Polyus                               ,Materials             ,Metals and Mining                                    ,RU     ,MISX    ,0.35                   ,159.32239732569246   ,0.0                    ,100.0             ,0.0                  ,100.0                    ,55.76283906399236            ,Low
MYNLD     ,Maynilad Water Services Inc.                                    ,Utilities             ,Water Utilities                                      ,PH     ,PSE     ,0.85                   ,0.1001001001001001   ,16.0                   ,100.0             ,-0.000175            ,91.75                    ,0.08508508508508508          ,High
CMRY      ,PT Cisarua Mountain Dairy Tbk                                   ,Consumer Staples      ,Food Products                                        ,ID     ,IDX     ,0.47000000000000003    ,25.925925925925927   ,40.44117647058823      ,100.0             ,0.027095             ,94.25                    ,12.185185185185187           ,Low
SNG       ,SNGN Romgaz SA                                                  ,Energy                ,Oil Gas and Consumable Fuels                         ,RO     ,BVB     ,0.9                    ,-33.686067019400355  ,13.962765957446809     ,60.0              ,0.10169              ,25.0                     ,-30.31746031746032           ,High
ACKB      ,Ackermans & Van Haaren NV                                       ,Industrials           ,Construction and Engineering                         ,BE     ,ENXTBR  ,0.85                   ,-3.43027591349739    ,44.78764478764479      ,57.142857142857146,0.07368              ,78.5                     ,-2.9157345264727814          ,Low
MRO       ,Melrose Industries PLC                                          ,Industrials           ,Aerospace and Defense                                ,GB     ,LSE     ,0.55                   ,14.096573208722742   ,55.972696245733786     ,56.25             ,0.013565             ,72.0                     ,7.753115264797509            ,Low
PGEO      ,PT Pertamina Geothermal Energy Tbk                              ,Utilities             ,Independent Power and Renewable Electricity Producers,ID     ,IDX     ,0.22                   ,50.847457627118644   ,64.6067415730337       ,100.0             ,-0.009445            ,94.5                     ,11.186440677966102           ,Low
BAS       ,BASF SE                                                         ,Materials             ,Chemicals                                            ,DE     ,XTRA    ,0.6499999999999999     ,1.8010963194988254   ,50.0                   ,33.333333333333336,0.021305             ,67.75                    ,1.1707126076742365           ,Low
BIM       ,bioMérieux S.A.                                                 ,Health Care           ,Health Care Equipment and Supplies                   ,FR     ,ENXTPA  ,0.45                   ,25.067385444743934   ,32.758620689655174     ,38.46153846153846 ,0.033495             ,69.25                    ,11.280323450134771           ,Medium
SYRE      ,Spyre Therapeutics Inc.                                         ,Health Care           ,Biotechnology                                        ,US     ,NasdaqGS,0.27                   ,59.70515970515971    ,51.282051282051285     ,94.11764705882354 ,0.0                  ,100.0                    ,16.12039312039312            ,Low
ADT       ,ADT Inc.                                                        ,Consumer Discretionary,Diversified Consumer Services                        ,US     ,NYSE    ,0.55                   ,16.27906976744186    ,15.555555555555555     ,40.0              ,0.010185             ,70.0                     ,8.953488372093025            ,High
TGNA      ,TEGNA Inc.                                                      ,Communication Services,Media                                                ,US     ,NYSE    ,0.73                   ,5.011933174224343    ,4.545454545454546      ,0.0               ,-0.030575            ,50.0                     ,3.6587112171837703           ,High
VERA      ,Vera Therapeutics Inc.                                          ,Health Care           ,Biotechnology                                        ,US     ,NasdaqGM,0.27                   ,72.90383704405495    ,91.78082191780823      ,85.71428571428571 ,0.0                  ,91.0                     ,19.68403600189484            ,Low
EOG       ,EOG Resources Inc.                                              ,Energy                ,Oil Gas and Consumable Fuels                         ,US     ,NYSE    ,0.66                   ,10.163174024683178   ,36.26315789473684      ,46.875            ,-0.01181             ,72.0                     ,6.707694856290898            ,Low
DNLI      ,Denali Therapeutics Inc.                                        ,Health Care           ,Biotechnology                                        ,US     ,NasdaqGS,0.24                   ,70.48481619605754    ,46.875                 ,100.0             ,0.0                  ,98.5                     ,16.916355887053808           ,Low
DKL       ,Delek Logistics Partners LP                                     ,Energy                ,Oil Gas and Consumable Fuels                         ,US     ,NYSE    ,0.7999999999999999     ,-16.257054432914618  ,28.26086956521739      ,25.0              ,-0.02305             ,62.5                     ,-13.005643546331694          ,Medium
MTZ       ,MasTec Inc.                                                     ,Industrials           ,Construction and Engineering                         ,US     ,NYSE    ,0.9                    ,-3.5357845137832524  ,49.23076923076923      ,90.0              ,0.02839              ,92.5                     ,-3.1822060624049273          ,Low
SHC       ,Sotera Health Company                                           ,Health Care           ,Life Sciences Tools and Services                     ,US     ,NasdaqGS,0.7000000000000001     ,16.822429906542055   ,40.0                   ,80.0              ,0.01719              ,82.5                     ,11.77570093457944            ,Low
DYN       ,Dyne Therapeutics Inc.                                          ,Health Care           ,Biotechnology                                        ,US     ,NasdaqGS,0.19                   ,154.18275418275417   ,111.39240506329114     ,87.5              ,0.0                  ,89.0                     ,29.29472329472329            ,Low
ACLX      ,Arcellx Inc.                                                    ,Health Care           ,Biotechnology                                        ,US     ,NasdaqGS,0.22                   ,62.043795620437955   ,46.846846846846844     ,90.0              ,0.0                  ,91.25                    ,13.64963503649635            ,Low
EFR       ,Energy Fuels Inc.                                               ,Energy                ,Oil Gas and Consumable Fuels                         ,US     ,TSX     ,0.4                    ,51.32743362831859    ,29.239766081871345     ,77.77777777777777 ,0.0                  ,90.75                    ,20.530973451327437           ,Medium
NUVL      ,Nuvalent Inc.                                                   ,Health Care           ,Biotechnology                                        ,US     ,NasdaqGS,0.4                    ,38.861337036302324   ,28.571428571428573     ,100.0             ,0.0                  ,94.5                     ,15.54453481452093            ,Medium
EDR       ,Endeavour Silver Corp.                                          ,Materials             ,Metals and Mining                                    ,CA     ,TSX     ,0.42000000000000004    ,34.29106808244847    ,41.86046511627907      ,100.0             ,-0.37668             ,93.75                    ,14.402248594628357           ,Low
SATS      ,EchoStar Corporation                                            ,Communication Services,Media                                                ,US     ,NasdaqGS,0.52                   ,10.472823685373399   ,58.4                   ,50.0              ,0.0                  ,72.0                     ,5.445868316394168            ,Low
EWTX      ,Edgewise Therapeutics Inc.                                      ,Health Care           ,Pharmaceuticals                                      ,US     ,NasdaqGS,0.34                   ,38.28723758747084    ,84.33734939759036      ,83.33333333333333 ,0.0                  ,85.5                     ,13.017660779740087           ,Low
APA       ,APA Corporation                                                 ,Energy                ,Oil Gas and Consumable Fuels                         ,US     ,NasdaqGS,0.7999999999999999     ,-10.458452722063038  ,76.0                   ,3.5714285714285716,-0.00275             ,51.75                    ,-8.366762177650429           ,Low
IRON      ,Disc Medicine Inc.                                              ,Health Care           ,Biotechnology                                        ,US     ,NasdaqGM,0.35                   ,110.00893655049151   ,38.297872340425535     ,100.0             ,0.0                  ,98.0                     ,38.503127792672025           ,Low
GPCR      ,Structure Therapeutics Inc.                                     ,Health Care           ,Pharmaceuticals                                      ,US     ,NasdaqGM,0.45                   ,45.568716997288426   ,49.01960784313726      ,100.0             ,0.0                  ,93.25                    ,20.50592264877979            ,Low
AMRX      ,Amneal Pharmaceuticals Inc.                                     ,Health Care           ,Pharmaceuticals                                      ,US     ,NasdaqGS,0.9                    ,1.214574898785425    ,33.333333333333336     ,100.0             ,0.016225             ,85.0                     ,1.0931174089068825           ,Medium
MARA      ,MARA Holdings Inc.                                              ,Information Technology,Software                                             ,US     ,NasdaqCM,0.06                   ,133.5858585858586    ,118.91891891891892     ,53.333333333333336,0.070555             ,75.0                     ,8.015151515151516            ,Low
BTSG      ,BrightSpring Health Services Inc.                               ,Health Care           ,Health Care Providers and Services                   ,US     ,NasdaqGS,0.7000000000000001     ,15.80030880082347    ,37.77777777777778      ,100.0             ,0.07928              ,97.0                     ,11.060216160576429           ,Low
GSAT      ,Globalstar Inc.                                                 ,Communication Services,Diversified Telecommunication Services               ,US     ,NasdaqGS,0.84                   ,3.23010323010323     ,24.193548387096776     ,50.0              ,0.0                  ,83.25                    ,2.713286713286713            ,Medium
XENE      ,Xenon Pharmaceuticals Inc.                                      ,Health Care           ,Biotechnology                                        ,CA     ,NasdaqGM,0.4                    ,32.5940212150434     ,40.0                   ,100.0             ,0.0                  ,96.25                    ,13.03760848601736            ,Low
SQM       ,Sociedad Química y Minera de Chile S.A.                         ,Materials             ,Chemicals                                            ,CL     ,NYSE    ,0.75                   ,5.062755605697363    ,80.53691275167785      ,38.888888888888886,-0.041095            ,66.25                    ,3.797066704273022            ,Low
COGT      ,Cogent Biosciences Inc.                                         ,Health Care           ,Biotechnology                                        ,US     ,NasdaqGS,0.37                   ,45.086230495483164   ,71.69811320754717      ,84.61538461538461 ,0.0                  ,88.5                     ,16.68190528332877            ,Low
CORZ      ,Core Scientific Inc.                                            ,Information Technology,Software                                             ,US     ,NasdaqGS,0.43                   ,45.73991031390135    ,65.38461538461539      ,88.23529411764706 ,0.0                  ,91.25                    ,19.66816143497758            ,Low
RNA       ,Avidity Biosciences Inc.                                        ,Health Care           ,Biotechnology                                        ,US     ,NasdaqGM,0.85                   ,-1.1939069575957184  ,33.333333333333336     ,14.285714285714286,0.0                  ,57.25                    ,-1.0148209139563606          ,Medium
NIO       ,NIO Inc.                                                        ,Consumer Discretionary,Automobiles                                          ,CN     ,NYSE    ,0.31                   ,31.0                 ,80.2421158146349       ,46.15384615384615 ,0.0                  ,71.25                    ,9.61                         ,Low
NTRA      ,Natera Inc.                                                     ,Health Care           ,Biotechnology                                        ,US     ,NasdaqGS,0.47000000000000003    ,28.497308829947148   ,43.0188679245283       ,90.0              ,0.0                  ,88.75                    ,13.39373515007516            ,Low
WBD       ,Warner Bros. Discovery Inc.                                     ,Communication Services,Entertainment                                        ,US     ,NasdaqGS,0.75                   ,4.501607717041801    ,44.44444444444444      ,30.0              ,0.2014               ,63.75                    ,3.376205787781351            ,Low
HE        ,Hawaiian Electric Industries Inc.                               ,Utilities             ,Electric Utilities                                   ,US     ,NYSE    ,0.9                    ,-25.68370986920333   ,20.0                   ,66.66666666666667 ,-0.034935            ,16.75                    ,-23.115338882282998          ,Medium
FRO       ,Frontline plc                                                   ,Energy                ,Oil Gas and Consumable Fuels                         ,CY     ,NYSE    ,0.8999999999999999     ,3.4928848641655885   ,18.75                  ,100.0             ,-0.015325            ,93.75                    ,3.1435963777490294           ,High
TA        ,TransAlta Corporation                                           ,Utilities             ,Independent Power and Renewable Electricity Producers,CA     ,TSX     ,0.22                   ,35.13513513513514    ,52.0                   ,63.63636363636363 ,-0.13489             ,79.5                     ,7.72972972972973             ,Low
VRDN      ,Viridian Therapeutics Inc.                                      ,Health Care           ,Biotechnology                                        ,US     ,NasdaqCM,0.27                   ,57.70609318996416    ,47.72727272727273      ,94.44444444444444 ,0.0                  ,93.0                     ,15.580645161290324           ,Low
M         ,Macy's Inc.                                                     ,Consumer Discretionary,Broadline Retail                                     ,US     ,NYSE    ,0.62                   ,8.645399907535829    ,80.85106382978724      ,0.0               ,0.051395             ,50.0                     ,5.360147942672214            ,Low
GTLS      ,Chart Industries Inc.                                           ,Industrials           ,Machinery                                            ,US     ,NYSE    ,0.6499999999999999     ,1.5621221647240895   ,20.476190476190474     ,0.0               ,-0.005105            ,50.0                     ,1.015379407070658            ,Medium
RDNT      ,RadNet Inc.                                                     ,Health Care           ,Health Care Providers and Services                   ,US     ,NasdaqGM,0.53                   ,31.57894736842105    ,13.114754098360656     ,100.0             ,-0.05199             ,93.75                    ,16.736842105263158           ,High
AES       ,The AES Corporation                                             ,Utilities             ,Independent Power and Renewable Electricity Producers,US     ,NYSE    ,0.82                   ,-1.71990171990172    ,96.875                 ,35.714285714285715,0.012635             ,66.0                     ,-1.4103194103194103          ,Low
TGTX      ,TG Therapeutics Inc.                                            ,Health Care           ,Biotechnology                                        ,US     ,NasdaqCM,0.15                   ,61.40350877192982    ,97.82608695652173      ,66.66666666666667 ,0.6842               ,83.25                    ,9.210526315789473            ,Low
HOLN      ,Holcim AG                                                       ,Materials             ,Construction Materials                               ,CH     ,SWX     ,0.45000000000000007    ,14.416475972540045   ,47.5                   ,25.0              ,-0.01382             ,61.25                    ,6.487414187643021            ,Low
CAF       ,Construcciones y Auxiliar de Ferrocarriles S.A.                 ,Industrials           ,Machinery                                            ,ES     ,BME     ,0.9                    ,-0.3367003367003367  ,27.027027027027028     ,40.0              ,0.052655             ,65.0                     ,-0.30303030303030304         ,Medium
QXO       ,QXO Inc.                                                        ,Industrials           ,Trading Companies and Distributors                   ,US     ,NYSE    ,0.6200000000000001     ,10.823790173623937   ,80.0                   ,100.0             ,-0.050695            ,95.25                    ,6.710749907646842            ,Low
LLYVK     ,Liberty Live Holdings Inc.                                      ,Consumer Discretionary,Diversified Consumer Services                        ,US     ,NasdaqGS,0.81                   ,13.721703679862676   ,0.0                    ,100.0             ,0.0                  ,100.0                    ,11.114579980688768           ,Low
ATRL      ,AtkinsRéalis Group Inc.                                         ,Industrials           ,Construction and Engineering                         ,CA     ,TSX     ,0.45                   ,33.923630326508025   ,30.578512396694215     ,93.33333333333333 ,0.052085             ,86.75                    ,15.265633646928611           ,Medium
603103    ,Hengdian Entertainment Co.LTD                                   ,Communication Services,Entertainment                                        ,CN     ,SHSE    ,0.9                    ,-48.42406876790831   ,0.0                    ,0.0               ,0.0                  ,50.0                     ,-43.58166189111748           ,Low
002138    ,Shenzhen Sunlord Electronics Co.Ltd.                            ,Information Technology,Electronic Equipment Instruments and Components      ,CN     ,SZSE    ,0.73                   ,22.94667677533485    ,5.549845837615622      ,100.0             ,0.00306              ,95.0                     ,16.75107404599444            ,High
688100    ,Willfar Information Technology Co. Ltd.                         ,Information Technology,Electronic Equipment Instruments and Components      ,CN     ,SHSE    ,0.6000000000000001     ,25.83868665239115    ,24.579315560597465     ,100.0             ,0.012555             ,93.75                    ,15.503211991434693           ,Medium
603005    ,China Wafer Level CSP Co. Ltd.                                  ,Information Technology,Semiconductors and Semiconductor Equipment           ,CN     ,SHSE    ,0.9                    ,-6.962025316455696   ,0.0                    ,50.0              ,0.0                  ,100.0                    ,-6.265822784810126           ,Low
2082      ,ACWA Power Company                                              ,Utilities             ,Independent Power and Renewable Electricity Producers,SA     ,SASE    ,0.76                   ,-15.806626833242802  ,116.12903225806453     ,66.66666666666667 ,-0.05911             ,19.5                     ,-12.01303639326453           ,Low
360       ,Life360 Inc.                                                    ,Information Technology,Software                                             ,US     ,ASX     ,0.17                   ,104.35967302452316   ,62.22222222222222      ,77.77777777777777 ,0.236725             ,86.0                     ,17.74114441416894            ,Low
SWDY      ,El Sewedy Electric Company                                      ,Industrials           ,Electrical Equipment                                 ,EG     ,CASE    ,0.7799999999999999     ,9.653591441670912    ,14.169570267131244     ,50.0              ,0.070195             ,62.5                     ,7.52980132450331             ,High
ARYN      ,ARYZTA AG                                                       ,Consumer Staples      ,Food Products                                        ,CH     ,SWX     ,0.26                   ,34.98713768115942    ,45.66484461079894      ,33.333333333333336,0.01958              ,65.0                     ,9.096655797101448            ,Low
ONT       ,Oxford Nanopore Technologies plc                                ,Health Care           ,Life Sciences Tools and Services                     ,GB     ,LSE     ,0.32                   ,47.05882352941177    ,80.0                   ,75.0              ,0.0                  ,79.25                    ,15.058823529411766           ,Low
LTMC      ,Lottomatica Group S.p.A.                                        ,Consumer Discretionary,Hotels Restaurants and Leisure                       ,IT     ,BIT     ,0.45                   ,36.385896180215475   ,25.134649910233392     ,100.0             ,0.04293              ,92.25                    ,16.373653281096963           ,Medium
BNZL      ,Bunzl plc                                                       ,Industrials           ,Trading Companies and Distributors                   ,GB     ,LSE     ,0.51                   ,10.694183864915573   ,58.47457627118644      ,19.047619047619047,0.007025             ,58.25                    ,5.454033771106942            ,Low
RHIM      ,RHI Magnesita N.V.                                              ,Materials             ,Construction Materials                               ,AT     ,LSE     ,0.5700000000000001     ,17.240322580645163   ,40.52470112396649      ,66.66666666666667 ,0.00081              ,79.25                    ,9.826983870967744            ,Low
PAMP      ,Pampa Energía S.A.                                              ,Utilities             ,Electric Utilities                                   ,AR     ,BASE    ,0.68                   ,16.41421947449768    ,35.40449637103912      ,33.333333333333336,0.0                  ,66.75                    ,11.161669242658425           ,Low
AGHOL     ,AG Anadolu Grubu Holding A.S.                                   ,Industrials           ,Industrial Conglomerates                             ,TR     ,IBSE    ,0.7200000000000001     ,18.60400444938821    ,30.269636576787807     ,100.0             ,-0.020435            ,100.0                    ,13.394883203559512           ,Medium
ICT       ,International Container Terminal Services Inc.                  ,Industrials           ,Transportation Infrastructure                        ,PH     ,PSE     ,0.8999999999999999     ,0.7794224924012157   ,17.921591679200684     ,90.9090909090909  ,0.048395             ,88.75                    ,0.7014802431610941           ,High
100       ,MiniMax Group Inc.                                              ,Information Technology,Software                                             ,KY     ,SEHK    ,0.8099999999999999     ,2.9438382352941175   ,0.0                    ,50.0              ,0.0                  ,75.0                     ,2.384508970588235            ,Low
BVT       ,The Bidvest Group Limited                                       ,Industrials           ,Industrial Conglomerates                             ,ZA     ,JSE     ,0.68                   ,19.906542056074766   ,7.274616783580151      ,66.66666666666667 ,0.036655             ,79.25                    ,13.536448598130843           ,High
SN        ,Smith & Nephew plc                                              ,Health Care           ,Health Care Equipment and Supplies                   ,GB     ,LSE     ,0.7899999999999999     ,2.9818867924528303   ,35.10564231848795      ,44.44444444444444 ,-0.00476             ,68.0                     ,2.355690566037736            ,Low
GALP      ,Galp Energia SGPS S.A.                                          ,Energy                ,Oil Gas and Consumable Fuels                         ,PT     ,ENXTLS  ,0.6799999999999999     ,0.08481764206955046  ,61.016949152542374     ,60.0              ,0.07744              ,75.0                     ,0.057675996607294305         ,Low
SESGL     ,SES S.A.                                                        ,Communication Services,Media                                                ,LU     ,BDL     ,0.33                   ,52.4390243902439     ,0.0                    ,100.0             ,0.0                  ,75.0                     ,17.304878048780488           ,Low
IBRX      ,ImmunityBio Inc.                                                ,Health Care           ,Biotechnology                                        ,US     ,NasdaqGS,0.32                   ,51.38772077375946    ,188.88888888888889     ,100.0             ,0.0                  ,95.0                     ,16.444070647603027           ,Low
OPAP      ,Organization of Football Prognostics S.A.                       ,Consumer Discretionary,Hotels Restaurants and Leisure                       ,GR     ,ATSE    ,0.5                    ,18.302227573750752   ,39.69465648854962      ,10.0              ,0.04931              ,53.25                    ,9.151113786875376            ,Low
VG        ,Venture Global Inc.                                             ,Energy                ,Oil Gas and Consumable Fuels                         ,US     ,NYSE    ,0.4600000000000001     ,17.521367521367523   ,109.0909090909091      ,38.888888888888886,-0.07728             ,66.75                    ,8.059829059829061            ,Low
NCLH      ,Norwegian Cruise Line Holdings Ltd.                             ,Consumer Discretionary,Hotels Restaurants and Leisure                       ,US     ,NYSE    ,0.4                    ,25.639832480223358   ,77.77777777777777      ,58.333333333333336,0.00461              ,77.0                     ,10.255932992089344           ,Low
CRDO      ,Credo Technology Group Holding Ltd                              ,Information Technology,Semiconductors and Semiconductor Equipment           ,KY     ,NasdaqGS,0.27                   ,85.27667984189723    ,83.55555555555556      ,93.33333333333333 ,0.52184              ,90.0                     ,23.024703557312254           ,Low
MDB       ,MongoDB Inc.                                                    ,Information Technology,IT Services                                          ,US     ,NasdaqGM,0.37                   ,23.507057546145493   ,60.43956043956044      ,67.44186046511628 ,0.180355             ,81.5                     ,8.697611292073832            ,Low
AERO      ,Grupo Aeroméxico S.A.B. de C.V.                                 ,Industrials           ,Passenger Airlines                                   ,MX     ,NYSE    ,0.22                   ,58.333333333333336   ,43.50877192982456      ,100.0             ,-0.002305            ,86.0                     ,12.833333333333334           ,Low
KNT       ,K92 Mining Inc.                                                 ,Materials             ,Metals and Mining                                    ,CA     ,TSX     ,0.68                   ,25.0                 ,28.571428571428573     ,100.0             ,0.1474               ,87.5                     ,17.0                         ,Medium
CS        ,Capstone Copper Corp.                                           ,Materials             ,Metals and Mining                                    ,CA     ,TSX     ,0.8300000000000001     ,13.493064312736443   ,33.333333333333336     ,94.73684210526316 ,0.018                ,88.25                    ,11.199243379571248           ,Medium
CRC       ,California Resources Corporation                                ,Energy                ,Oil Gas and Consumable Fuels                         ,US     ,NYSE    ,0.76                   ,14.195361911454674   ,33.84615384615385      ,92.3076923076923  ,0.00722              ,90.5                     ,10.788475052705552           ,Medium
SEE       ,Sealed Air Corporation                                          ,Materials             ,Containers and Packaging                             ,US     ,NYSE    ,0.7                    ,3.9232053422370616   ,22.948938611589213     ,22.22222222222222 ,0.01279              ,58.25                    ,2.746243739565943            ,Medium
ACHR      ,Archer Aviation Inc.                                            ,Industrials           ,Aerospace and Defense                                ,US     ,NYSE    ,0.2                    ,92.02363367799114    ,103.84615384615384     ,66.66666666666667 ,0.0                  ,77.75                    ,18.404726735598228           ,Low
SRRK      ,Scholar Rock Holding Corporation                                ,Health Care           ,Biotechnology                                        ,US     ,NasdaqGS,0.85                   ,8.742931709438887    ,36.0                   ,100.0             ,0.0                  ,95.25                    ,7.431491953023054            ,Low
KR        ,The Kroger Co.                                                  ,Consumer Staples      ,Consumer Staples Distribution and Retail             ,US     ,NYSE    ,0.76                   ,2.456140350877193    ,28.767123287671232     ,45.833333333333336,0.000675             ,73.0                     ,1.8666666666666667           ,Medium
ADMA      ,ADMA Biologics Inc.                                             ,Health Care           ,Biotechnology                                        ,US     ,NasdaqGM,0.30000000000000004    ,86.45121193287757    ,43.333333333333336     ,100.0             ,-0.002075            ,100.0                    ,25.935363579863274           ,Low
CRWD      ,CrowdStrike Holdings Inc.                                       ,Information Technology,Software                                             ,US     ,NasdaqGS,0.45                   ,29.177916395121496   ,63.6036036036036       ,66.66666666666667 ,-0.004755            ,79.25                    ,13.130062377804673           ,Low
VSNT      ,Versant Media Group Inc.                                        ,Communication Services,Media                                                ,US     ,NasdaqGS,0.53                   ,18.384401114206128   ,55.88235294117647      ,0.0               ,-0.063125            ,50.0                     ,9.743732590529248            ,Low
AZO       ,AutoZone Inc.                                                   ,Consumer Discretionary,Specialty Retail                                     ,US     ,NYSE    ,0.76                   ,8.2122047815539      ,43.11377245508982      ,68.96551724137932 ,-0.03915             ,83.0                     ,6.2412756339809645           ,Low
GTLB      ,GitLab Inc.                                                     ,Information Technology,Software                                             ,US     ,NasdaqGS,0.13                   ,69.20473773265651    ,76.0                   ,53.57142857142857 ,0.05214              ,75.0                     ,8.996615905245347            ,Low
SE        ,Sea Limited                                                     ,Consumer Discretionary,Broadline Retail                                     ,SG     ,NYSE    ,0.19                   ,72.38148772718756    ,48.369565217391305     ,91.17647058823529 ,-0.018855            ,93.25                    ,13.752482668165637           ,Low
TGT       ,Target Corporation                                              ,Consumer Staples      ,Consumer Staples Distribution and Retail             ,US     ,NYSE    ,0.78                   ,-13.614374568071872  ,77.0                   ,15.789473684210526,-0.021025            ,59.25                    ,-10.61921216309606           ,Low
ASTS      ,AST SpaceMobile Inc.                                            ,Communication Services,Diversified Telecommunication Services               ,US     ,NasdaqGS,0.83                   ,-1.5270876257423343  ,115.6923076923077      ,10.0              ,0.0                  ,60.0                     ,-1.2674827293661373          ,Low
FLUT      ,Flutter Entertainment plc                                       ,Consumer Discretionary,Hotels Restaurants and Leisure                       ,US     ,NYSE    ,0.18                   ,119.70120635935127   ,76.36363636363636      ,85.18518518518519 ,-0.039475            ,87.0                     ,21.54621714468323            ,Low
BOX       ,Box Inc.                                                        ,Information Technology,Software                                             ,US     ,NYSE    ,0.13                   ,63.86373436826218    ,50.0                   ,40.0              ,-0.03312             ,70.0                     ,8.302285467874084            ,Low
KTB       ,Kontoor Brands Inc.                                             ,Consumer Discretionary,Textiles Apparel and Luxury Goods                    ,US     ,NYSE    ,0.46                   ,24.51823302697895    ,80.95238095238095      ,55.55555555555556 ,0.003755             ,77.75                    ,11.278387192410317           ,Low
BWLPG     ,BW LPG Limited                                                  ,Energy                ,Oil Gas and Consumable Fuels                         ,SG     ,OB      ,0.9                    ,2.928319697923222    ,33.620579493754626     ,75.0              ,-0.102625            ,81.25                    ,2.6354877281309              ,Medium
ONON      ,On Holding AG                                                   ,Consumer Discretionary,Textiles Apparel and Luxury Goods                    ,CH     ,NYSE    ,0.29000000000000004    ,37.82843894899536    ,90.9186591373303       ,77.77777777777777 ,0.034985             ,84.25                    ,10.970247295208656           ,Low
KLR       ,Keller Group plc                                                ,Industrials           ,Construction and Engineering                         ,GB     ,LSE     ,0.8999999999999999     ,4.18848167539267     ,35.678391959798994     ,83.33333333333333 ,0.03591              ,91.75                    ,3.7696335078534027           ,Low
SHP       ,Shoprite Holdings Ltd                                           ,Consumer Staples      ,Consumer Staples Distribution and Retail             ,ZA     ,JSE     ,0.55                   ,22.54171632896305    ,16.717325227963524     ,75.0              ,0.04457              ,84.5                     ,12.397943980929679           ,High
SHA0      ,Schaeffler AG                                                   ,Consumer Discretionary,Automobile Components                                ,DE     ,XTRA    ,0.9                    ,-19.043238270469182  ,73.86363636363636      ,54.54545454545455 ,-0.137845            ,77.25                    ,-17.138914443422266          ,Low
BUCN      ,Bucher Industries AG                                            ,Industrials           ,Machinery                                            ,CH     ,SWX     ,0.9                    ,2.187902187902188    ,11.838790931989925     ,40.0              ,0.012765             ,65.0                     ,1.9691119691119692           ,High
NOS       ,NOS S.G.P.S. S.A.                                               ,Communication Services,Diversified Telecommunication Services               ,PT     ,ENXTLS  ,0.7999999999999999     ,-17.52577319587629   ,42.5                   ,0.0               ,0.06608              ,53.75                    ,-14.02061855670103           ,Low
6805      ,Fositek Corp.                                                   ,Information Technology,Electronic Equipment Instruments and Components      ,TW     ,TWSE    ,0.6000000000000001     ,21.823294498381877   ,15.978270612020731     ,100.0             ,0.01315              ,90.75                    ,13.093976699029128           ,High
OYAKC     ,OYAK Çimento Fabrikalari A.S.                                   ,Materials             ,Construction Materials                               ,TR     ,IBSE    ,0.6300000000000001     ,29.9963530269876     ,3.0579323888343386     ,100.0             ,0.0                  ,100.0                    ,18.89770240700219            ,High
D01       ,DFI Retail Group Holdings Limited                               ,Consumer Staples      ,Consumer Staples Distribution and Retail             ,HK     ,SGX     ,0.82                   ,6.796116504854369    ,29.545454545454547     ,87.5              ,0.0136               ,87.5                     ,5.572815533980582            ,Medium
GRG       ,Greggs plc                                                      ,Consumer Discretionary,Hotels Restaurants and Leisure                       ,GB     ,LSE     ,0.56                   ,10.755441741357235   ,51.15606936416185      ,29.41176470588235 ,0.006485             ,62.5                     ,6.0230473751600515           ,Low
MTS       ,Metcash Limited                                                 ,Consumer Staples      ,Consumer Staples Distribution and Retail             ,AU     ,ASX     ,0.46                   ,20.795107033639145   ,30.379746835443036     ,66.66666666666667 ,0.027355             ,75.0                     ,9.565749235474007            ,Medium
RADL3     ,Raia Drogasil S.A.                                              ,Consumer Staples      ,Consumer Staples Distribution and Retail             ,BR     ,BOVESPA ,0.74                   ,5.973025048169557    ,49.340363636363634     ,73.33333333333333 ,0.04321              ,81.75                    ,4.420038535645472            ,Low
HO        ,Thales S.A.                                                     ,Industrials           ,Aerospace and Defense                                ,FR     ,ENXTPA  ,0.5                    ,15.00815660685155    ,53.191489361702125     ,44.44444444444444 ,0.03047              ,70.75                    ,7.504078303425775            ,Low
SIGN      ,SIG Group AG                                                    ,Materials             ,Containers and Packaging                             ,CH     ,SWX     ,0.9                    ,-2.274322169059011   ,88.07814081013154      ,50.0              ,-0.04466             ,73.25                    ,-2.04688995215311            ,Low
788       ,China Tower Corporation Limited                                 ,Communication Services,Diversified Telecommunication Services               ,CN     ,SEHK    ,0.53                   ,21.86376021798365    ,14.104284053304713     ,58.333333333333336,0.007235             ,75.0                     ,11.587792915531335           ,High
TABGD     ,Tab Gida Sanayi ve Ticaret A.S.                                 ,Consumer Discretionary,Hotels Restaurants and Leisure                       ,TR     ,IBSE    ,0.5700000000000001     ,22.779723502304147   ,16.8268075906798       ,80.0              ,0.03543              ,90.0                     ,12.984442396313366           ,High
4263      ,SAL Saudi Logistics Services Company                            ,Industrials           ,Air Freight and Logistics                            ,SA     ,SASE    ,0.9                    ,-1.5659955257270695  ,14.829545454545455     ,0.0               ,0.0                  ,50.0                     ,-1.4093959731543626          ,High
KNIN      ,Kuehne + Nagel International AG                                 ,Industrials           ,Marine Transportation                                ,CH     ,SWX     ,0.88                   ,-4.607206142941524   ,49.53560371517028      ,0.0               ,-0.00068             ,50.0                     ,-4.054341405788541           ,Low
PAL       ,Palfinger AG                                                    ,Industrials           ,Machinery                                            ,AT     ,WBAG    ,0.8                    ,14.656290531776913   ,14.705882352941176     ,100.0             ,0.039095             ,100.0                    ,11.725032425421531           ,High
EGL       ,Mota-Engil SGPS S.A.                                            ,Industrials           ,Construction and Engineering                         ,PT     ,ENXTLS  ,0.22                   ,43.376413570274636   ,54.929577464788736     ,66.66666666666667 ,0.020335             ,100.0                    ,9.54281098546042             ,Low
BEI       ,Beiersdorf Aktiengesellschaft                                   ,Consumer Staples      ,Personal Care Products                               ,DE     ,XTRA    ,0.6499999999999999     ,1.408450704225352    ,74.07407407407408      ,57.89473684210526 ,0.01061              ,73.75                    ,0.9154929577464787           ,Low
INCH      ,Inchcape plc                                                    ,Consumer Discretionary,Distributors                                         ,GB     ,LSE     ,0.68                   ,12.366230677764566   ,33.86243386243386      ,70.0              ,0.01948              ,85.0                     ,8.409036860879906            ,Medium
TQM       ,TAQA Morocco S.A.                                               ,Utilities             ,Independent Power and Renewable Electricity Producers,MA     ,CBSE    ,0.48000000000000004    ,24.923076923076923   ,0.0                    ,50.0              ,-0.011965            ,25.0                     ,11.963076923076924           ,Low
FORN      ,Forbo Holding AG                                                ,Industrials           ,Building Products                                    ,CH     ,SWX     ,0.83                   ,-14.046121593291405  ,29.26829268292683      ,25.0              ,-0.02107             ,62.5                     ,-11.658280922431866          ,Medium
ITRK      ,Intertek Group plc                                              ,Industrials           ,Professional Services                                ,GB     ,LSE     ,0.5900000000000001     ,26.51685393258427    ,37.47779751332149      ,65.0              ,0.02053              ,78.75                    ,15.644943820224722           ,Low
669       ,Techtronic Industries Company Limited                           ,Industrials           ,Machinery                                            ,HK     ,SEHK    ,0.9                    ,-1.6506745362563238  ,35.24133183244843      ,94.44444444444444 ,-0.00797             ,87.5                     ,-1.4856070826306915          ,Low
522       ,ASMPT Limited                                                   ,Information Technology,Semiconductors and Semiconductor Equipment           ,SG     ,SEHK    ,0.9                    ,-4.990403071017274   ,61.91919191919192      ,66.66666666666667 ,-0.075165            ,76.25                    ,-4.491362763915547           ,Low
AHT       ,Ashtead Group plc                                               ,Industrials           ,Trading Companies and Distributors                   ,GB     ,LSE     ,0.5                    ,14.635078333970196   ,65.0                   ,47.05882352941177 ,-0.009255            ,70.5                     ,7.317539166985098            ,Low
CPR       ,Davide Campari-Milano N.V.                                      ,Consumer Staples      ,Beverages                                            ,IT     ,BIT     ,0.7999999999999999     ,-4.45859872611465    ,104.76190476190476     ,28.571428571428573,0.027605             ,60.75                    ,-3.5668789808917194          ,Low
EVK       ,Evonik Industries AG                                            ,Materials             ,Chemicals                                            ,DE     ,XTRA    ,0.8099999999999999     ,-11.727616645649432  ,58.57142857142857      ,7.142857142857143 ,-0.072655            ,48.25                    ,-9.49936948297604            ,Low
MAIRE     ,Maire S.p.A.                                                    ,Industrials           ,Construction and Engineering                         ,IT     ,BIT     ,0.9                    ,-6.7357512953367875  ,17.36111111111111      ,75.0              ,0.04719              ,81.25                    ,-6.062176165803109           ,High
CENER     ,Cenergy Holdings SA                                             ,Industrials           ,Electrical Equipment                                 ,BE     ,ENXTBR  ,0.9                    ,-12.820512820512821  ,43.529411764705884     ,60.0              ,0.04594              ,80.0                     ,-11.53846153846154           ,Low
ADRO      ,PT Alamtri Resources Indonesia Tbk                              ,Energy                ,Oil Gas and Consumable Fuels                         ,ID     ,IDX     ,0.72                   ,6.494594594594594    ,80.0                   ,61.53846153846154 ,-0.03583             ,77.0                     ,4.6761081081081075           ,Low
RAIL3     ,Rumo S.A.                                                       ,Industrials           ,Ground Transportation                                ,BR     ,BOVESPA ,0.38                   ,22.774708410067525   ,50.0                   ,60.0              ,0.02353              ,76.75                    ,8.65438919582566             ,Low
WHL       ,Woolworths Holdings Limited                                     ,Consumer Discretionary,Broadline Retail                                     ,ZA     ,JSE     ,0.5800000000000001     ,14.0754369825207     ,32.25806451612903      ,22.22222222222222 ,0.007055             ,61.0                     ,8.163753449862007            ,Medium
ADS       ,adidas AG                                                       ,Consumer Discretionary,Textiles Apparel and Luxury Goods                    ,DE     ,XTRA    ,0.28                   ,43.30429170700226    ,53.14118441792389      ,70.0              ,0.025815             ,82.0                     ,12.125201677960632           ,Low
SY1       ,Symrise AG                                                      ,Materials             ,Chemicals                                            ,DE     ,XTRA    ,0.37                   ,29.468980021030493   ,61.92893401015228      ,66.66666666666667 ,0.016715             ,77.75                    ,10.903522607781282           ,Low
IMPN      ,Implenia AG                                                     ,Industrials           ,Construction and Engineering                         ,CH     ,SWX     ,0.73                   ,1.1673151750972763   ,61.53846153846154      ,50.0              ,-0.006965            ,75.0                     ,0.8521400778210118           ,Low
THYAO     ,Türk Hava Yollari Anonim Ortakligi                              ,Industrials           ,Passenger Airlines                                   ,TR     ,IBSE    ,0.53                   ,22.214234363767073   ,72.94117647058823      ,92.3076923076923  ,-0.046805            ,90.5                     ,11.77354421279655            ,Low
TTKOM     ,Türk Telekomünikasyon Anonim Sirketi                            ,Communication Services,Diversified Telecommunication Services               ,TR     ,IBSE    ,0.67                   ,18.776671408250355   ,40.83832335329341      ,75.0              ,0.36683              ,83.25                    ,12.580369843527738           ,Low
SIX2      ,Sixt SE                                                         ,Industrials           ,Ground Transportation                                ,DE     ,XTRA    ,0.35                   ,46.04150653343582    ,44.21052631578947      ,75.0              ,-0.008015            ,89.25                    ,16.114527286702536           ,Low
AMP       ,Amplifon S.p.A.                                                 ,Health Care           ,Health Care Providers and Services                   ,IT     ,BIT     ,0.36                   ,22.730573710965867   ,53.25443786982248      ,29.41176470588235 ,-0.029845            ,60.25                    ,8.183006535947712            ,Low
WEIR      ,The Weir Group PLC                                              ,Industrials           ,Machinery                                            ,GB     ,LSE     ,0.7999999999999999     ,-5.4209919261822375  ,42.98780487804878      ,57.142857142857146,0.01518              ,73.75                    ,-4.33679354094579            ,Low
VTY       ,Vistry Group PLC                                                ,Consumer Discretionary,Household Durables                                   ,GB     ,LSE     ,0.75                   ,-8.479692645444567   ,49.17541229385307      ,5.555555555555555 ,0.003285             ,57.0                     ,-6.359769484083426           ,Low
IG        ,Italgas S.p.A.                                                  ,Utilities             ,Gas Utilities                                        ,IT     ,BIT     ,0.88                   ,-7.918968692449355   ,40.0                   ,37.5              ,0.04397              ,65.75                    ,-6.968692449355433           ,Low
GPGI      ,GPGI Inc.                                                       ,Information Technology,Technology Hardware Storage and Peripherals          ,US     ,NYSE    ,0.87                   ,1.5022330491270808   ,40.0                   ,83.33333333333333 ,0.004945             ,87.5                     ,1.3069427527405604           ,Low
BTE       ,Baytex Energy Corp.                                             ,Energy                ,Oil Gas and Consumable Fuels                         ,CA     ,TSX     ,0.7799999999999999     ,5.2631578947368425   ,40.0                   ,36.36363636363637 ,-0.472495            ,61.25                    ,4.105263157894736            ,Low
MDA       ,MDA Space Ltd.                                                  ,Industrials           ,Aerospace and Defense                                ,CA     ,TSX     ,0.46                   ,31.088825214899714   ,48.08743169398907      ,100.0             ,0.032575             ,86.0                     ,14.300859598853869           ,Low
AEO       ,American Eagle Outfitters Inc.                                  ,Consumer Discretionary,Specialty Retail                                     ,US     ,NYSE    ,0.77                   ,-1.8838304552590266  ,60.0                   ,9.090909090909092 ,0.136985             ,50.0                     ,-1.4505494505494505          ,Low
STUB      ,StubHub Holdings Inc.                                           ,Communication Services,Entertainment                                        ,US     ,NYSE    ,0.06                   ,127.51895991332611   ,157.14285714285714     ,50.0              ,0.0                  ,73.25                    ,7.651137594799566            ,Low
ANF       ,Abercrombie & Fitch Co.                                         ,Consumer Discretionary,Specialty Retail                                     ,US     ,NYSE    ,0.38                   ,33.40448239060832    ,40.0                   ,58.333333333333336,-0.01423             ,77.0                     ,12.693703308431163           ,Low
OKTA      ,Okta Inc.                                                       ,Information Technology,IT Services                                          ,US     ,NasdaqGS,0.31                   ,34.655053862021546   ,59.57446808510638      ,63.63636363636363 ,0.02817              ,79.5                     ,10.743066697226679           ,Low
AVGO      ,Broadcom Inc.                                                   ,Information Technology,Semiconductors and Semiconductor Equipment           ,US     ,NasdaqGS,0.37                   ,40.23433896115878    ,43.85964912280702      ,87.5              ,0.096505             ,93.75                    ,14.886705415628747           ,Low
WIX       ,Wix.com Ltd.                                                    ,Information Technology,IT Services                                          ,IL     ,NasdaqGS,0.25                   ,127.50252780586452   ,57.142857142857146     ,90.9090909090909  ,-0.014175            ,88.75                    ,31.87563195146613            ,Low
BFB       ,Brown-Forman Corporation                                        ,Consumer Staples      ,Beverages                                            ,US     ,NYSE    ,0.62                   ,0.1669449081803005   ,45.0                   ,10.526315789473685,-0.01181             ,46.0                     ,0.10350584307178631          ,Low
LNR       ,Linamar Corporation                                             ,Consumer Discretionary,Automobile Components                                ,CA     ,TSX     ,0.83                   ,3.782530818670319    ,18.274111675126903     ,66.66666666666667 ,0.03272              ,83.25                    ,3.1395005794963646           ,High
APGE      ,Apogee Therapeutics Inc.                                        ,Health Care           ,Biotechnology                                        ,US     ,NasdaqGM,0.32                   ,43.84774269696076    ,55.38461538461539      ,82.3529411764706  ,0.0                  ,93.75                    ,14.031277663027442           ,Low
CPX       ,Capital Power Corporation                                       ,Utilities             ,Independent Power and Renewable Electricity Producers,CA     ,TSX     ,0.6000000000000001     ,24.33392539964476    ,39.61038961038961      ,75.0              ,-0.124345            ,79.25                    ,14.600355239786857           ,Low
TOU       ,Tourmaline Oil Corp.                                            ,Energy                ,Oil Gas and Consumable Fuels                         ,CA     ,TSX     ,0.63                   ,13.268608414239482   ,35.714285714285715     ,69.56521739130434 ,-0.07303             ,80.5                     ,8.359223300970873            ,Low
DLTR      ,Dollar Tree Inc.                                                ,Consumer Staples      ,Consumer Staples Distribution and Retail             ,US     ,NasdaqGS,0.72                   ,-0.047596382674916705,67.46031746031746      ,11.11111111111111 ,0.01083              ,56.5                     ,-0.03426939552594003         ,Low
VEEV      ,Veeva Systems Inc.                                              ,Health Care           ,Health Care Technology                               ,US     ,NYSE    ,0.13                   ,83.79185572339325    ,51.5625                ,61.76470588235294 ,0.02293              ,75.0                     ,10.892941244041124           ,Low
WN        ,George Weston Limited                                           ,Consumer Staples      ,Consumer Staples Distribution and Retail             ,CA     ,TSX     ,0.62                   ,6.414136483452114    ,41.28440366972477      ,50.0              ,0.026955             ,68.75                    ,3.976764619740311            ,Low
DY        ,Dycom Industries Inc.                                           ,Industrials           ,Construction and Engineering                         ,US     ,NYSE    ,0.9                    ,-6.428370917937682   ,37.5                   ,100.0             ,0.05805              ,97.75                    ,-5.785533826143913           ,Low
ATH       ,Athabasca Oil Corporation                                       ,Energy                ,Oil Gas and Consumable Fuels                         ,CA     ,TSX     ,0.85                   ,-4.40324449594438    ,30.303030303030305     ,55.55555555555556 ,0.016115             ,72.25                    ,-3.742757821552723           ,Medium
NXE       ,NexGen Energy Ltd.                                              ,Energy                ,Oil Gas and Consumable Fuels                         ,CA     ,TSX     ,0.55                   ,20.177103099304237   ,47.36842105263158      ,100.0             ,0.0                  ,87.5                     ,11.097406704617331           ,Low
8TRA      ,Traton SE                                                       ,Industrials           ,Machinery                                            ,DE     ,XTRA    ,0.75                   ,-12.232583653318706  ,81.25                  ,5.882352941176471 ,-0.026435            ,54.5                     ,-9.17443773998903            ,Low
PGSUS     ,Pegasus Hava Tasimaciligi Anonim Sirketi                        ,Industrials           ,Passenger Airlines                                   ,TR     ,IBSE    ,0.51                   ,36.40531866116461    ,35.63025210084034      ,72.72727272727273 ,0.03045              ,84.0                     ,18.56671251719395            ,Low
4002      ,Mouwasat Medical Services Company                               ,Health Care           ,Health Care Providers and Services                   ,SA     ,SASE    ,0.16999999999999998    ,31.004366812227076   ,42.22222222222222      ,55.55555555555556 ,0.000965             ,75.0                     ,5.270742358078603            ,Low
AADI      ,PT Adaro Andalan Indonesia Tbk                                  ,Energy                ,Oil Gas and Consumable Fuels                         ,ID     ,IDX     ,0.7000000000000001     ,14.84                ,46.127946127946124     ,80.0              ,0.022725             ,87.5                     ,10.388000000000002           ,Low
GBF       ,Bilfinger SE                                                    ,Industrials           ,Commercial Services and Supplies                     ,DE     ,XTRA    ,0.9                    ,3.8365304420350292   ,24.899598393574298     ,75.0              ,0.028435             ,87.5                     ,3.4528773978315264           ,Medium
6781      ,Advanced Energy Solution Holding Co. Ltd.                       ,Industrials           ,Electrical Equipment                                 ,TW     ,TWSE    ,0.45                   ,45.81497797356828    ,23.867069486404834     ,75.0              ,0.0114               ,81.25                    ,20.61674008810573            ,Medium
MGROS     ,Migros Ticaret A.S.                                             ,Consumer Staples      ,Consumer Staples Distribution and Retail             ,TR     ,IBSE    ,0.55                   ,22.06846321922797    ,31.014319809069214     ,100.0             ,-0.06235             ,94.25                    ,12.137654770575384           ,Medium
CMM       ,Capricorn Metals Ltd                                            ,Materials             ,Metals and Mining                                    ,AU     ,ASX     ,0.37                   ,32.83018867924528    ,73.86363636363636      ,85.71428571428571 ,0.234595             ,89.25                    ,12.147169811320754           ,Low
220       ,Uni-President China Holdings Ltd                                ,Consumer Staples      ,Food Products                                        ,CN     ,SEHK    ,0.25                   ,38.021628498727736   ,47.606581555053694     ,60.869565217391305,0.02002              ,76.0                     ,9.505407124681934            ,Low
GGPS3     ,GPS Participações e Empreendimentos S.A.                        ,Industrials           ,Commercial Services and Supplies                     ,BR     ,BOVESPA ,0.67                   ,17.647058823529413   ,45.45454545454545      ,100.0             ,0.00963              ,92.5                     ,11.823529411764708           ,Low
1519      ,J&T Global Express Limited                                      ,Industrials           ,Air Freight and Logistics                            ,CN     ,SEHK    ,0.52                   ,23.38375350140056    ,57.658312144327404     ,90.47619047619048 ,0.0137               ,89.25                    ,12.159551820728291           ,Low
CPFE3     ,CPFL Energia S.A.                                               ,Utilities             ,Electric Utilities                                   ,BR     ,BOVESPA ,0.83                   ,-9.53882538431218    ,43.57298474945534      ,0.0               ,0.04997              ,48.0                     ,-7.917225068979109           ,Low
TW        ,Taylor Wimpey plc                                               ,Consumer Discretionary,Household Durables                                   ,GB     ,LSE     ,0.71                   ,4.721030042918455    ,67.21311475409836      ,50.0              ,-0.011995            ,73.5                     ,3.351931330472103            ,Low
601360    ,360 Security Technology Inc.                                    ,Information Technology,Software                                             ,CN     ,SHSE    ,0.88                   ,-14.728682170542635  ,0.0                    ,0.0               ,0.0                  ,50.0                     ,-12.96124031007752           ,Low
ITV       ,ITV plc                                                         ,Communication Services,Media                                                ,GB     ,LSE     ,0.62                   ,2.484472049689441    ,49.696969696969695     ,0.0               ,0.00616              ,50.0                     ,1.5403726708074532           ,Low
ENKAI     ,Enka Insaat ve Sanayi A.S.                                      ,Industrials           ,Construction and Engineering                         ,TR     ,IBSE    ,0.9                    ,3.837586547972305    ,23.850969424594066     ,57.142857142857146,0.23212              ,78.5                     ,3.4538278931750743           ,Medium
TWEKA     ,TKH Group N.V.                                                  ,Industrials           ,Electrical Equipment                                 ,NL     ,ENXTAM  ,0.6000000000000001     ,23.425692695214106   ,26.53061224489796      ,87.5              ,-0.087855            ,100.0                    ,14.055415617128466           ,Medium
SCHO      ,Aktieselskabet Schouw & Co.                                     ,Consumer Staples      ,Food Products                                        ,DK     ,CPSE    ,0.9                    ,-0.8498583569405099  ,0.0                    ,100.0             ,-0.004445            ,100.0                    ,-0.764872521246459           ,Low
GFTU      ,Grafton Group plc                                               ,Industrials           ,Trading Companies and Distributors                   ,IE     ,LSE     ,0.67                   ,17.742590336987412   ,16.379310344827587     ,100.0             ,0.02221              ,97.5                     ,11.887535525781567           ,High
RENE      ,REN - Redes Energéticas Nacionais SGPS S.A.                     ,Utilities             ,Multi-Utilities                                      ,PT     ,ENXTLS  ,0.85                   ,-10.785619174434087  ,37.3134328358209       ,44.44444444444444 ,-0.04175             ,72.25                    ,-9.167776298268974           ,Low
ANDR      ,Andritz AG                                                      ,Industrials           ,Machinery                                            ,AT     ,WBAG    ,0.87                   ,4.353835521769177    ,18.67549668874172      ,100.0             ,0.01883              ,91.75                    ,3.7878369039391844           ,High
HBR       ,Harbour Energy plc                                              ,Energy                ,Oil Gas and Consumable Fuels                         ,GB     ,LSE     ,0.54                   ,25.234023402340235   ,62.4321701944155       ,50.0              ,-0.376305            ,72.5                     ,13.626372637263728           ,Low
2010      ,Saudi Basic Industries Corporation                              ,Materials             ,Chemicals                                            ,SA     ,SASE    ,0.6499999999999999     ,6.0344827586206895   ,73.17073170731707      ,13.333333333333334,-0.229075            ,57.25                    ,3.9224137931034475           ,Low
CSAN3     ,Cosan S.A.                                                      ,Consumer Discretionary,Specialty Retail                                     ,BR     ,BOVESPA ,0.31                   ,30.718954248366014   ,175.0                  ,53.84615384615385 ,0.0                  ,75.0                     ,9.522875816993464            ,Low
ENT       ,Entain Plc                                                      ,Consumer Discretionary,Hotels Restaurants and Leisure                       ,IM     ,LSE     ,0.38                   ,81.48148148148148    ,38.87269193391642      ,85.0              ,0.110475             ,88.75                    ,30.962962962962962           ,Low
BNJ       ,Banijay Group N.V.                                              ,Communication Services,Entertainment                                        ,FR     ,ENXTAM  ,0.28                   ,37.64705882352941    ,25.641025641025642     ,33.333333333333336,0.028545             ,66.75                    ,10.541176470588237           ,Medium
TCELL     ,Turkcell Iletisim Hizmetleri A.S.                               ,Communication Services,Wireless Telecommunication Services                  ,TR     ,IBSE    ,0.67                   ,17.717478052673584   ,49.6271186440678       ,100.0             ,-0.06224             ,93.75                    ,11.870710295291302           ,Low
DUE       ,Dürr Aktiengesellschaft                                         ,Industrials           ,Machinery                                            ,DE     ,XTRA    ,0.45                   ,25.79957356076759    ,61.016949152542374     ,66.66666666666667 ,-0.033335            ,80.5                     ,11.609808102345417           ,Low
SOBO      ,South Bow Corporation                                           ,Energy                ,Oil Gas and Consumable Fuels                         ,CA     ,TSX     ,0.75                   ,-6.636098981077147   ,57.780514803323925     ,0.0               ,0.028295             ,50.0                     ,-4.97707423580786            ,Low
GAP       ,The Gap Inc.                                                    ,Consumer Discretionary,Specialty Retail                                     ,US     ,NYSE    ,0.6699999999999999     ,8.42067220816769     ,61.333333333333336     ,63.1578947368421  ,0.00582              ,79.0                     ,5.641850379472352            ,Low
ROST      ,Ross Stores Inc.                                                ,Consumer Discretionary,Specialty Retail                                     ,US     ,NasdaqGS,0.75                   ,3.0324615854279027   ,37.53086419753087      ,66.66666666666667 ,0.01037              ,82.0                     ,2.274346189070927            ,Low
CNQ       ,Canadian Natural Resources Limited                              ,Energy                ,Oil Gas and Consumable Fuels                         ,CA     ,TSX     ,0.88                   ,-6.120238310164289   ,34.61538461538461      ,52.17391304347826 ,0.00112              ,72.75                    ,-5.385809712944575           ,Medium
TTC       ,The Toro Company                                                ,Industrials           ,Machinery                                            ,US     ,NYSE    ,0.88                   ,-10.080927165551005  ,15.555555555555555     ,50.0              ,-0.02495             ,70.75                    ,-8.871215905684885           ,High
GALD      ,Galderma Group AG                                               ,Health Care           ,Pharmaceuticals                                      ,CH     ,SWX     ,0.55                   ,13.663140604467806   ,47.72135427956713      ,53.333333333333336,0.027425             ,75.0                     ,7.514727332457293            ,Low
COST      ,Costco Wholesale Corporation                                    ,Consumer Staples      ,Consumer Staples Distribution and Retail             ,US     ,NasdaqGS,0.8099999999999999     ,3.0948079491006206   ,52.857142857142854     ,58.333333333333336,0.00594              ,77.75                    ,2.5067944387715024           ,Low
SRP       ,Serco Group plc                                                 ,Industrials           ,Commercial Services and Supplies                     ,GB     ,LSE     ,0.73                   ,7.6716016150740245   ,71.875                 ,54.54545454545455 ,0.03681              ,70.5                     ,5.600269179004037            ,Low
STVN      ,Stevanato Group S.p.A.                                          ,Health Care           ,Life Sciences Tools and Services                     ,IT     ,NYSE    ,0.19                   ,74.89069331667707    ,69.64285714285714      ,72.72727272727273 ,0.011845             ,81.75                    ,14.229231730168644           ,Low
HCM       ,HUTCHMED (China) Limited                                        ,Health Care           ,Pharmaceuticals                                      ,HK     ,AIM     ,0.12                   ,56.89767441860465    ,102.07511931936087     ,57.142857142857146,1.36257              ,79.25                    ,6.827720930232558            ,Low
BURL      ,Burlington Stores Inc.                                          ,Consumer Discretionary,Specialty Retail                                     ,US     ,NYSE    ,0.65                   ,14.925422495617951   ,51.798561151079134     ,72.22222222222223 ,0.016005             ,83.25                    ,9.701524622151668            ,Low
JD        ,JD.com Inc.                                                     ,Consumer Discretionary,Broadline Retail                                     ,CN     ,NasdaqGS,0.35                   ,48.52726602800295    ,89.7537353976527       ,82.5              ,-0.050615            ,89.5                     ,16.98454310980103            ,Low
ERO       ,Ero Copper Corp.                                                ,Materials             ,Metals and Mining                                    ,CA     ,TSX     ,0.5800000000000001     ,10.047846889952153   ,54.34782608695652      ,56.25             ,-0.011885            ,73.5                     ,5.827751196172249            ,Low
MRVL      ,Marvell Technology Inc.                                         ,Information Technology,Semiconductors and Semiconductor Equipment           ,US     ,NasdaqGS,0.37                   ,46.29182037908663    ,57.391304347826086     ,73.33333333333333 ,0.00444              ,82.75                    ,17.127973540262055           ,Low
GWRE      ,Guidewire Software Inc.                                         ,Information Technology,Software                                             ,US     ,NYSE    ,0.22                   ,106.25049200976147   ,53.43511450381679      ,75.0              ,0.02135              ,82.75                    ,23.375108242147522           ,Low
CIEN      ,Ciena Corporation                                               ,Information Technology,Communications Equipment                             ,US     ,NYSE    ,0.82                   ,-16.096341142405898  ,78.43137254901961      ,52.94117647058823 ,0.191705             ,69.0                     ,-13.198999736772835          ,Low
PLUG      ,Plug Power Inc.                                                 ,Industrials           ,Electrical Equipment                                 ,US     ,NasdaqCM,0.48000000000000004    ,19.047619047619047   ,277.77777777777777     ,9.090909090909092 ,0.0                  ,54.75                    ,9.142857142857144            ,Low
BILI      ,Bilibili Inc.                                                   ,Communication Services,Interactive Media and Services                       ,CN     ,NasdaqGS,0.74                   ,0.5388888888888889   ,56.926562413659724     ,79.41176470588235 ,0.084205             ,89.0                     ,0.39877777777777773          ,Low
VSCO      ,Victoria's Secret & Co.                                         ,Consumer Discretionary,Specialty Retail                                     ,US     ,NYSE    ,0.6000000000000001     ,11.035189613939187   ,35.38461538461539      ,50.0              ,0.10971              ,70.0                     ,6.621113768363513            ,Low
BJ        ,BJ's Wholesale Club Holdings Inc.                               ,Consumer Staples      ,Consumer Staples Distribution and Retail             ,US     ,NYSE    ,0.9                    ,-0.27242654212881884 ,47.80487804878049      ,37.5              ,0.004825             ,70.75                    ,-0.24518388791593695         ,Low
BBY       ,Best Buy Co. Inc.                                               ,Consumer Discretionary,Specialty Retail                                     ,US     ,NYSE    ,0.30000000000000004    ,21.580547112462007   ,45.0                   ,29.62962962962963 ,0.0004               ,64.75                    ,6.474164133738603            ,Low
RGTI      ,Rigetti Computing Inc.                                          ,Information Technology,Semiconductors and Semiconductor Equipment           ,US     ,NasdaqCM,0.21                   ,148.60161591050343   ,66.6                   ,66.66666666666667 ,0.0                  ,81.25                    ,31.20633934120572            ,Low
IOT       ,Samsara Inc.                                                    ,Information Technology,Software                                             ,US     ,NYSE    ,0.12000000000000001    ,75.69546120058565    ,52.083333333333336     ,78.26086956521739 ,0.11173              ,85.75                    ,9.083455344070279            ,Low
COO       ,The Cooper Companies Inc.                                       ,Health Care           ,Health Care Equipment and Supplies                   ,US     ,NasdaqGS,0.63                   ,12.664176406795999   ,28.877005347593585     ,52.63157894736842 ,0.008785             ,71.0                     ,7.978431136281479            ,Medium
POU       ,Paramount Resources Ltd.                                        ,Energy                ,Oil Gas and Consumable Fuels                         ,CA     ,TSX     ,0.67                   ,10.628210193599369   ,25.0                   ,77.77777777777777 ,0.0                  ,83.25                    ,7.1209008297115775           ,Medium
ELHA      ,Elvalhalcor Hellenic Copper and Aluminium Industry S.A.         ,Materials             ,Metals and Mining                                    ,GR     ,ATSE    ,0.9                    ,-17.822838847385274  ,7.792207792207792      ,50.0              ,0.04059              ,75.0                     ,-16.04055496264675           ,High
EKTAB     ,Elekta AB (publ)                                                ,Health Care           ,Health Care Equipment and Supplies                   ,SE     ,OM      ,0.7999999999999999     ,-6.955736224028907   ,133.98058252427185     ,21.428571428571427,0.00463              ,44.75                    ,-5.564588979223125           ,Low
YCA       ,Yellow Cake plc                                                 ,Energy                ,Oil Gas and Consumable Fuels                         ,JE     ,AIM     ,0.7000000000000001     ,17.9568345323741     ,48.6080615868369       ,100.0             ,0.0                  ,96.5                     ,12.56978417266187            ,Low
RTO       ,Rentokil Initial plc                                            ,Industrials           ,Commercial Services and Supplies                     ,GB     ,LSE     ,0.55                   ,13.122171945701357   ,54.0                   ,52.94117647058823 ,-0.002155            ,69.0                     ,7.217194570135747            ,Low
IMP       ,Impala Platinum Holdings Limited                                ,Materials             ,Metals and Mining                                    ,ZA     ,JSE     ,0.48000000000000004    ,29.18956293897158    ,68.68450704225351      ,62.5              ,0.60346              ,78.25                    ,14.01099021070636            ,Low
RKT       ,Reckitt Benckiser Group plc                                     ,Consumer Staples      ,Household Products                                   ,GB     ,LSE     ,0.7799999999999999     ,4.346629560915275    ,28.858639767437037     ,50.0              ,0.02265              ,72.25                    ,3.390371057513914            ,Medium
ELI       ,Elia Group SA/NV                                                ,Utilities             ,Electric Utilities                                   ,BE     ,ENXTBR  ,0.9                    ,-3.8461538461538463  ,28.0                   ,93.33333333333333 ,0.025115             ,90.0                     ,-3.4615384615384617          ,Medium
SAX       ,Ströer SE & Co. KGaA                                            ,Communication Services,Media                                                ,DE     ,XTRA    ,0.22999999999999998    ,58.20029027576197    ,96.5137614678899       ,70.0              ,-0.035315            ,82.5                     ,13.386066763425253           ,Low
SYSR      ,Systemair AB (publ)                                             ,Industrials           ,Building Products                                    ,SE     ,OM      ,0.7000000000000001     ,16.844602609727165   ,27.411167512690355     ,75.0              ,0.0655               ,100.0                    ,11.791221826809016           ,Medium
DHL       ,Deutsche Post AG                                                ,Industrials           ,Air Freight and Logistics                            ,DE     ,XTRA    ,0.7999999999999999     ,-9.516063440422936   ,50.561797752808985     ,10.0              ,0.03251              ,55.0                     ,-7.612850752338348           ,Low
ENEV3     ,Eneva S.A.                                                      ,Utilities             ,Independent Power and Renewable Electricity Producers,BR     ,BOVESPA ,0.8300000000000001     ,12.639925373134329   ,31.055900621118013     ,90.0              ,0.08019              ,87.5                     ,10.491138059701493           ,Medium
R3NK      ,RENK Group AG                                                   ,Industrials           ,Machinery                                            ,DE     ,XTRA    ,0.66                   ,22.523461939520335   ,32.6241134751773       ,78.57142857142857 ,0.025955             ,85.75                    ,14.865484880083422           ,Medium
AEFES     ,Anadolu Efes Biracilik ve Malt Sanayii Anonim Sirketi           ,Consumer Staples      ,Beverages                                            ,TR     ,IBSE    ,0.75                   ,18.72146118721461    ,52.30769230769231      ,71.42857142857143 ,0.01908              ,85.75                    ,14.041095890410958           ,Low
2310      ,Sahara International Petrochemical Company                      ,Materials             ,Chemicals                                            ,SA     ,SASE    ,0.38000000000000006    ,19.34426229508197    ,65.38461538461539      ,20.0              ,0.0                  ,58.25                    ,7.350819672131149            ,Low
UMG       ,Universal Music Group N.V.                                      ,Communication Services,Entertainment                                        ,NL     ,ENXTAM  ,0.2                    ,39.30348258706468    ,78.57142857142857      ,55.0              ,0.034525             ,75.0                     ,7.860696517412936            ,Low
LREN3     ,Lojas Renner S.A.                                               ,Consumer Discretionary,Specialty Retail                                     ,BR     ,BOVESPA ,0.66                   ,25.91119946984758    ,31.57894736842105      ,73.33333333333333 ,0.01288              ,83.25                    ,17.101391650099405           ,Medium
1913      ,Prada S.p.A.                                                    ,Consumer Discretionary,Textiles Apparel and Luxury Goods                    ,IT     ,SEHK    ,0.38                   ,41.62965616045845    ,83.96513500071651      ,72.72727272727273 ,0.0022               ,79.5                     ,15.819269340974213           ,Low
2618      ,JD Logistics Inc.                                               ,Industrials           ,Air Freight and Logistics                            ,CN     ,SEHK    ,0.30000000000000004    ,52.408849557522124   ,59.66136730499007      ,89.47368421052632 ,-0.019205            ,86.75                    ,15.72265486725664            ,Low
ARI       ,African Rainbow Minerals Limited                                ,Materials             ,Metals and Mining                                    ,ZA     ,JSE     ,0.82                   ,6.813582190240612    ,54.73684210526316      ,83.33333333333333 ,0.19805              ,91.75                    ,5.587137395997302            ,Low
COTN      ,Comet Holding AG                                                ,Information Technology,Electronic Equipment Instruments and Components      ,CH     ,SWX     ,0.7799999999999999     ,3.257103257103257    ,66.44295302013423      ,55.55555555555556 ,-0.10771             ,80.5                     ,2.5405405405405403           ,Low
MTNU      ,MTN Uganda Limited                                              ,Communication Services,Diversified Telecommunication Services               ,UG     ,UGSE    ,0.9                    ,-32.65576668139638   ,0.0                    ,100.0             ,0.039565             ,100.0                    ,-29.390190013256742          ,Low
MTEL      ,PT Dayamitra Telekomunikasi Tbk.                                ,Communication Services,Diversified Telecommunication Services               ,ID     ,IDX     ,0.42000000000000004    ,36.36363636363637    ,20.0                   ,100.0             ,-0.01738             ,98.0                     ,15.272727272727275           ,Medium
3665      ,BizLink Holding Inc.                                            ,Industrials           ,Electrical Equipment                                 ,TW     ,TWSE    ,0.32                   ,36.63003663003663    ,78.28418230563003      ,91.66666666666667 ,0.06779              ,85.5                     ,11.72161172161172            ,Low
VBBR3     ,Vibra Energia S.A.                                              ,Consumer Discretionary,Specialty Retail                                     ,BR     ,BOVESPA ,0.9                    ,-2.3006618342262843  ,41.48225806451613      ,87.5              ,0.02675              ,86.0                     ,-2.070595650803656           ,Low
6274      ,Taiwan Union Technology Corporation                             ,Information Technology,Electronic Equipment Instruments and Components      ,TW     ,TPEX    ,0.7000000000000001     ,12.781954887218046   ,71.66666666666667      ,100.0             ,-0.011175            ,93.25                    ,8.947368421052632            ,Low
LHA       ,Deutsche Lufthansa AG                                           ,Industrials           ,Passenger Airlines                                   ,DE     ,XTRA    ,0.88                   ,-3.3391915641476273  ,65.3409090909091       ,27.77777777777778 ,0.047955             ,61.0                     ,-2.9384885764499122          ,Low
CASY      ,Casey's General Stores Inc.                                     ,Consumer Staples      ,Consumer Staples Distribution and Retail             ,US     ,NasdaqGS,0.9                    ,-0.5797014387408764  ,30.211480362537763     ,66.66666666666667 ,0.03131              ,82.0                     ,-0.5217312948667888          ,Medium
KFY       ,Korn Ferry                                                      ,Industrials           ,Professional Services                                ,US     ,NYSE    ,0.43                   ,31.47150089825249    ,19.875776397515526     ,80.0              ,0.001355             ,90.0                     ,13.532745386248571           ,High
DML       ,Denison Mines Corp.                                             ,Energy                ,Oil Gas and Consumable Fuels                         ,CA     ,TSX     ,0.7200000000000001     ,16.27906976744186    ,45.833333333333336     ,100.0             ,0.0                  ,91.75                    ,11.72093023255814            ,Low
LMN       ,Lumine Group Inc.                                               ,Information Technology,Software                                             ,CA     ,TSXV    ,0.30000000000000004    ,173.224043715847     ,30.0                   ,100.0             ,-0.01114             ,87.5                     ,51.9672131147541             ,Medium
SCR       ,Strathcona Resources Ltd.                                       ,Energy                ,Oil Gas and Consumable Fuels                         ,CA     ,TSX     ,0.49                   ,13.194198797311637   ,28.125                 ,22.22222222222222 ,0.0938               ,55.5                     ,6.4651574106827026           ,Medium
ABM       ,ABM Industries Incorporated                                     ,Industrials           ,Commercial Services and Supplies                     ,US     ,NYSE    ,0.44                   ,20.197708380139293   ,39.25233644859813      ,25.0              ,-0.009145            ,62.5                     ,8.88699168726129             ,Low
ALA       ,AltaGas Ltd.                                                    ,Utilities             ,Gas Utilities                                        ,CA     ,TSX     ,0.75                   ,6.7853170189098995   ,20.833333333333332     ,60.0              ,0.01244              ,77.5                     ,5.088987764182424            ,Medium
YMM       ,Full Truck Alliance Co. Ltd.                                    ,Industrials           ,Ground Transportation                                ,CN     ,NYSE    ,0.25                   ,42.74683544303797    ,59.95462741272797      ,78.57142857142857 ,-0.004505            ,87.5                     ,10.686708860759493           ,Low
INGM      ,Ingram Micro Holding Corporation                                ,Information Technology,Electronic Equipment Instruments and Components      ,US     ,NYSE    ,0.47000000000000003    ,11.265646731571627   ,45.833333333333336     ,42.857142857142854,-0.007195            ,69.75                    ,5.294853963838665            ,Low
SECTB     ,Sectra AB (publ)                                                ,Health Care           ,Health Care Technology                               ,SE     ,OM      ,0.33999999999999997    ,34.83764446890479    ,36.734693877551024     ,50.0              ,0.055025             ,25.0                     ,11.844799119427629           ,Low
THO       ,THOR Industries Inc.                                            ,Consumer Discretionary,Automobiles                                          ,US     ,NYSE    ,0.57                   ,0.6185207770711735   ,48.484848484848484     ,17.647058823529413,-0.03429             ,60.25                    ,0.3525568429305688           ,Low
AQN       ,Algonquin Power & Utilities Corp.                               ,Utilities             ,Multi-Utilities                                      ,CA     ,TSX     ,0.86                   ,0.6875               ,13.552302061259873     ,27.272727272727273,0.001085             ,57.5                     ,0.5912499999999999           ,High
EMBJ3     ,Embraer S.A.                                                    ,Industrials           ,Aerospace and Defense                                ,BR     ,BOVESPA ,0.7799999999999999     ,4.909952606635071    ,27.139357525380294     ,50.0              ,-0.017175            ,66.75                    ,3.8297630331753547           ,Medium
1326      ,Formosa Chemicals & Fibre Corporation                           ,Materials             ,Chemicals                                            ,TW     ,TWSE    ,0.88                   ,-14.792899408284024  ,108.33333333333333     ,12.5              ,0.0                  ,43.75                    ,-13.017751479289942          ,Low
6618      ,JD Health International Inc.                                    ,Consumer Staples      ,Consumer Staples Distribution and Retail             ,CN     ,SEHK    ,0.49000000000000005    ,28.546268656716418   ,49.71462998655716      ,89.47368421052632 ,0.125105             ,92.0                     ,13.987671641791046           ,Low
3293      ,International Games System Co.Ltd.                              ,Communication Services,Entertainment                                        ,TW     ,TPEX    ,0.46                   ,33.79765395894428    ,32.87671232876713      ,100.0             ,0.000595             ,87.5                     ,15.54692082111437            ,Medium
FRAS      ,Frasers Group Plc                                               ,Consumer Discretionary,Specialty Retail                                     ,GB     ,LSE     ,0.6499999999999999     ,7.5                  ,59.800664451827245     ,37.5              ,0.018635             ,68.75                    ,4.874999999999999            ,Low
2385      ,Chicony Electronics Co. Ltd.                                    ,Information Technology,Technology Hardware Storage and Peripherals          ,TW     ,TWSE    ,0.46                   ,29.707112970711297   ,30.322580645161292     ,66.66666666666667 ,-0.04015             ,75.0                     ,13.665271966527197           ,Medium
8299      ,Phison Electronics Corp.                                        ,Information Technology,Semiconductors and Semiconductor Equipment           ,TW     ,TPEX    ,0.9                    ,-33.9622641509434    ,163.75510204081633     ,87.5              ,-0.010305            ,81.25                    ,-30.566037735849058          ,Low
CUAN      ,PT Petrindo Jaya Kreasi Tbk                                     ,Energy                ,Oil Gas and Consumable Fuels                         ,ID     ,IDX     ,0.43000000000000005    ,93.43204419889503    ,0.0                    ,100.0             ,389.990105           ,100.0                    ,40.175779005524866           ,Low
TLKM      ,Perusahaan Perseroan (Persero) PT Telekomunikasi Indonesia Tbk  ,Communication Services,Diversified Telecommunication Services               ,ID     ,IDX     ,0.6000000000000001     ,15.942028985507246   ,37.5                   ,69.56521739130434 ,-0.031555            ,81.5                     ,9.56521739130435             ,Low
000975    ,Shanjin International Gold Co. Ltd.                             ,Materials             ,Metals and Mining                                    ,CN     ,SZSE    ,0.9                    ,-9.414155096512022   ,0.0                    ,100.0             ,0.02786              ,95.75                    ,-8.47273958686082            ,Low
002920    ,Huizhou Desay SV Automotive Co. Ltd.                            ,Consumer Discretionary,Automobile Components                                ,CN     ,SZSE    ,0.5                    ,12.533637772160157   ,68.84057971014492      ,52.94117647058823 ,-0.02067             ,72.0                     ,6.266818886080078            ,Low
3661      ,Alchip Technologies Limited                                     ,Information Technology,Semiconductors and Semiconductor Equipment           ,TW     ,TWSE    ,0.38                   ,37.57396449704142    ,40.53763440860215      ,92.85714285714286 ,-0.03713             ,85.75                    ,14.27810650887574            ,Low
IMI       ,IMI plc                                                         ,Industrials           ,Machinery                                            ,GB     ,LSE     ,0.8999999999999999     ,0.8833922261484098   ,24.518388791593694     ,80.0              ,0.020305             ,85.0                     ,0.7950530035335688           ,Medium
6055      ,China Tobacco International (HK) Company Limited                ,Consumer Discretionary,Distributors                                         ,HK     ,SEHK    ,0.9                    ,-6.0798548094373865  ,4.830917874396135      ,100.0             ,0.00677              ,96.5                     ,-5.471869328493648           ,High
600989    ,Ningxia Baofeng Energy Group Co. Ltd.                           ,Materials             ,Chemicals                                            ,CN     ,SHSE    ,0.82                   ,9.14025184541902     ,46.54863735826537      ,100.0             ,0.01601              ,98.0                     ,7.495006513243595            ,Low
603659    ,Shanghai Putailai New Energy Technology Group Co.Ltd.           ,Materials             ,Chemicals                                            ,CN     ,SHSE    ,0.87                   ,-2.758132956152758   ,76.36363636363636      ,60.0              ,0.09073              ,77.5                     ,-2.3995756718528995          ,Low
1513      ,Chung-Hsin Electric and Machinery Manufacturing Corp.           ,Industrials           ,Electrical Equipment                                 ,TW     ,TWSE    ,0.78                   ,16.819571865443425   ,21.98952879581152      ,100.0             ,-0.013325            ,95.0                     ,13.119266055045872           ,Medium
MPARK     ,MLP Saglik Hizmetleri A.S.                                      ,Health Care           ,Health Care Providers and Services                   ,TR     ,IBSE    ,0.75                   ,18.160919540229884   ,38.20304209409268      ,85.71428571428571 ,-0.04225             ,89.25                    ,13.620689655172413           ,Low
000063    ,ZTE Corporation                                                 ,Information Technology,Communications Equipment                             ,CN     ,SZSE    ,0.22                   ,42.6264800861141     ,72.0                   ,69.23076923076923 ,-0.14135             ,84.5                     ,9.377825618945103            ,Low
600299    ,Bluestar Adisseo Company                                        ,Materials             ,Chemicals                                            ,CN     ,SHSE    ,0.62                   ,4.9504950495049505   ,45.283018867924525     ,40.0              ,0.02472              ,75.0                     ,3.0693069306930694           ,Low
2060      ,National Industrialization Company                              ,Materials             ,Chemicals                                            ,SA     ,SASE    ,0.32                   ,25.405405405405407   ,43.10344827586207      ,0.0               ,0.0                  ,45.0                     ,8.12972972972973             ,Low
MFPC      ,Misr Fertilizer Production Company                              ,Materials             ,Chemicals                                            ,EG     ,CASE    ,0.83                   ,-11.419753086419753  ,48.78048780487805      ,33.333333333333336,0.023775             ,58.25                    ,-9.478395061728394           ,Low
1216      ,Uni-President Enterprises Corp.                                 ,Consumer Staples      ,Food Products                                        ,TW     ,TWSE    ,0.55                   ,17.847411444141688   ,31.213872832369944     ,33.333333333333336,-0.03424             ,63.75                    ,9.816076294277929            ,Medium
G1A       ,GEA Group Aktiengesellschaft                                    ,Industrials           ,Machinery                                            ,DE     ,XTRA    ,0.88                   ,-1.7107309486780715  ,33.22784810126582      ,25.0              ,0.01525              ,62.5                     ,-1.5054432348367028          ,Medium
NXSN      ,NextVision Stabilized Systems Ltd.                              ,Information Technology,Electronic Equipment Instruments and Components      ,IL     ,TASE    ,0.78                   ,12.19433628318584    ,20.189210251491566     ,100.0             ,0.01736              ,100.0                    ,9.511582300884957            ,Medium
COPN      ,Cosmo Pharmaceuticals N.V.                                      ,Health Care           ,Pharmaceuticals                                      ,IE     ,SWX     ,0.7000000000000001     ,10.586568457538995   ,56.693431669316524     ,83.33333333333333 ,-0.351165            ,100.0                    ,7.410597920277297            ,Low
CSU       ,Constellation Software Inc.                                     ,Information Technology,Software                                             ,CA     ,TSX     ,0.18                   ,95.30416222890774    ,47.68592809059324      ,83.33333333333333 ,0.01004              ,87.5                     ,17.154749201203394           ,Low
MTN       ,Vail Resorts Inc.                                               ,Consumer Discretionary,Hotels Restaurants and Leisure                       ,US     ,NYSE    ,0.32                   ,25.81893984514592    ,55.62130177514793      ,36.36363636363637 ,-0.04678             ,68.25                    ,8.262060750446695            ,Low
HSAI      ,Hesai Group                                                     ,Consumer Discretionary,Automobile Components                                ,CN     ,NasdaqGS,0.55                   ,23.777864077669904   ,48.12504706207174      ,100.0             ,0.187995             ,95.25                    ,13.077825242718449           ,Low
HPE       ,Hewlett Packard Enterprise Company                              ,Information Technology,Technology Hardware Storage and Peripherals          ,US     ,NYSE    ,0.55                   ,14.587924195680916   ,38.46153846153846      ,47.61904761904762 ,0.00506              ,71.5                     ,8.023358307624504            ,Low
66        ,MTR Corporation Limited                                         ,Industrials           ,Ground Transportation                                ,HK     ,SEHK    ,0.75                   ,-19.36368623148656   ,46.08843537414966      ,7.142857142857143 ,-0.011705            ,48.25                    ,-14.52276467361492           ,Low
PTNR      ,Partner Communications Company Ltd.                             ,Communication Services,Wireless Telecommunication Services                  ,IL     ,TASE    ,0.7999999999999999     ,-5.0                 ,21.05263157894737      ,0.0               ,0.093855             ,62.5                     ,-3.9999999999999996          ,Medium
AVI       ,AVI Limited                                                     ,Consumer Staples      ,Food Products                                        ,ZA     ,JSE     ,0.85                   ,7.716757902171993    ,22.131147540983605     ,80.0              ,0.07063              ,85.0                     ,6.559244216846194            ,Medium
2083      ,Power and Water Utility Company for Jubail and Yanbu            ,Utilities             ,Multi-Utilities                                      ,SA     ,SASE    ,0.35                   ,86.15384615384616    ,1.6528925619834711     ,100.0             ,-0.22868             ,87.5                     ,30.153846153846153           ,High
AP        ,Aboitiz Power Corporation                                       ,Utilities             ,Independent Power and Renewable Electricity Producers,PH     ,PSE     ,0.6200000000000001     ,12.209302325581396   ,51.523316062176164     ,75.0              ,-0.02633             ,81.25                    ,7.569767441860467            ,Low
CKN       ,Clarkson PLC                                                    ,Industrials           ,Marine Transportation                                ,GB     ,LSE     ,0.82                   ,8.241082410824108    ,17.045454545454547     ,100.0             ,0.012045             ,100.0                    ,6.757687576875768            ,High
SPX       ,Spirax Group plc                                                ,Industrials           ,Machinery                                            ,GB     ,LSE     ,0.6499999999999999     ,1.5625               ,57.69230769230769      ,41.1764705882353  ,0.01359              ,67.75                    ,1.0156249999999998           ,Low
3105      ,WIN Semiconductors Corp.                                        ,Information Technology,Semiconductors and Semiconductor Equipment           ,TW     ,TPEX    ,0.83                   ,-58.53658536585366   ,191.1764705882353      ,18.75             ,0.09856              ,40.0                     ,-48.58536585365854           ,Low
GALE      ,Galenica AG                                                     ,Health Care           ,Health Care Providers and Services                   ,CH     ,SWX     ,0.83                   ,-12.549407114624506  ,23.728813559322035     ,0.0               ,0.04719              ,50.0                     ,-10.41600790513834           ,Medium
ROR       ,Rotork plc                                                      ,Industrials           ,Machinery                                            ,GB     ,LSE     ,0.7799999999999999     ,5.558524853019776    ,29.11392405063291      ,64.70588235294117 ,0.020155             ,76.5                     ,4.335649385355425            ,Medium
PSN       ,Persimmon Plc                                                   ,Consumer Discretionary,Household Durables                                   ,GB     ,LSE     ,0.8999999999999999     ,6.907894736842105    ,31.93846153846154      ,78.94736842105263 ,0.035035             ,84.25                    ,6.217105263157894            ,Medium
1308      ,SITC International Holdings Company Limited                     ,Industrials           ,Marine Transportation                                ,HK     ,SEHK    ,0.9                    ,-0.8068556361239289  ,32.253980701241396     ,50.0              ,0.075385             ,75.0                     ,-0.726170072511536           ,Medium
J36       ,Jardine Matheson Holdings Limited                               ,Industrials           ,Industrial Conglomerates                             ,BM     ,SGX     ,0.82                   ,4.986876640419948    ,17.625                 ,100.0             ,0.00436              ,95.75                    ,4.089238845144357            ,High
4142      ,Riyadh Cables Group Company                                     ,Industrials           ,Electrical Equipment                                 ,SA     ,SASE    ,0.6499999999999999     ,5.015673981191223    ,32.83582089552239      ,33.333333333333336,0.044785             ,33.25                    ,3.2601880877742944           ,Medium
BOSS      ,Hugo Boss AG                                                    ,Consumer Discretionary,Textiles Apparel and Luxury Goods                    ,DE     ,XTRA    ,0.6599999999999999     ,0.5434782608695652   ,83.78378378378379      ,0.0               ,0.0159               ,53.5                     ,0.35869565217391297          ,Low
002709    ,Guangzhou Tinci Materials Technology Co. Ltd.                   ,Materials             ,Chemicals                                            ,CN     ,SZSE    ,0.32                   ,34.104046242774565   ,100.86206896551724     ,80.0              ,-0.010355            ,91.75                    ,10.913294797687861           ,Low
9863      ,Zhejiang Leapmotor Technology Co. Ltd.                          ,Consumer Discretionary,Automobiles                                          ,CN     ,SEHK    ,0.22                   ,82.71797703180212    ,56.005037789464396     ,92.0              ,0.31705              ,92.75                    ,18.197954946996468           ,Low
BNTX      ,BioNTech SE                                                     ,Health Care           ,Biotechnology                                        ,DE     ,NasdaqGS,0.34                   ,35.01993010295646    ,50.993175026023884     ,75.0              ,0.0                  ,86.25                    ,11.906776235005196           ,Low
FNV       ,Franco-Nevada Corporation                                       ,Materials             ,Metals and Mining                                    ,CA     ,TSX     ,0.5800000000000001     ,10.59513769738564    ,57.55831855347111      ,56.25             ,0.04903              ,73.5                     ,6.145179864483672            ,Low
IHS       ,IHS Holding Limited                                             ,Communication Services,Diversified Telecommunication Services               ,GB     ,NYSE    ,0.62                   ,5.548854041013269    ,125.71428571428571     ,57.142857142857146,0.0                  ,75.0                     ,3.4402895054282268           ,Low
ARMK      ,Aramark                                                         ,Consumer Discretionary,Hotels Restaurants and Leisure                       ,US     ,NYSE    ,0.55                   ,20.574653668547974   ,39.361702127659576     ,80.0              ,-0.01099             ,86.75                    ,11.316059517701387           ,Low
PEY       ,Peyto Exploration & Development Corp.                           ,Energy                ,Oil Gas and Consumable Fuels                         ,CA     ,TSX     ,0.9                    ,-4.030710172744722   ,20.0                   ,72.72727272727273 ,-0.002425            ,79.5                     ,-3.6276391554702494          ,Medium
ORCL      ,Oracle Corporation                                              ,Information Technology,Software                                             ,US     ,NYSE    ,0.08                   ,71.72474085175472    ,89.0909090909091       ,64.44444444444444 ,0.033235             ,80.25                    ,5.737979268140378            ,Low
DIE       ,D'Ieteren Group SA                                              ,Consumer Discretionary,Distributors                                         ,BE     ,ENXTBR  ,0.8900000000000001     ,14.636642784032754   ,21.875                 ,100.0             ,-0.0165              ,94.5                     ,13.026612077789153           ,Medium
PRIO3     ,Prio S.A.                                                       ,Energy                ,Oil Gas and Consumable Fuels                         ,BR     ,BOVESPA ,0.9                    ,6.544901065449011    ,19.642857142857142     ,92.85714285714286 ,-0.007735            ,89.25                    ,5.89041095890411             ,High
HUBN      ,Huber+Suhner AG                                                 ,Industrials           ,Electrical Equipment                                 ,CH     ,SWX     ,0.9                    ,-3.270509977827051   ,54.44126074498568      ,75.0              ,0.044965             ,81.25                    ,-2.943458980044346           ,Low
3533      ,Lotes Co. Ltd.                                                  ,Information Technology,Electronic Equipment Instruments and Components      ,TW     ,TWSE    ,0.9                    ,-0.9118541033434651  ,39.263803680981596     ,71.42857142857143 ,-0.03608             ,80.25                    ,-0.8206686930091186          ,Low
2222      ,Saudi Arabian Oil Company                                       ,Energy                ,Oil Gas and Consumable Fuels                         ,SA     ,SASE    ,0.75                   ,7.6923076923076925   ,27.5                   ,47.36842105263158 ,-0.00307             ,69.75                    ,5.769230769230769            ,Medium
LISN      ,Chocoladefabriken Lindt & Sprüngli AG                           ,Consumer Staples      ,Food Products                                        ,CH     ,SWX     ,0.88                   ,-5.537459283387622   ,36.206896551724135     ,0.0               ,0.047765             ,54.5                     ,-4.872964169381107           ,Low
FHZN      ,Flughafen Zürich AG                                             ,Industrials           ,Transportation Infrastructure                        ,CH     ,SWX     ,0.6799999999999999     ,2.7070063694267517   ,31.007751937984494     ,11.764705882352942,0.066605             ,54.5                     ,1.840764331210191            ,Medium
2502      ,Asahi Group Holdings Ltd.                                       ,Consumer Staples      ,Beverages                                            ,JP     ,TSE     ,0.38                   ,30.562923666371944   ,40.63205417607224      ,71.42857142857143 ,0.0                  ,78.5                     ,11.613910993221339           ,Low
STF       ,STEF SA                                                         ,Industrials           ,Ground Transportation                                ,FR     ,ENXTPA  ,0.83                   ,9.500805152979066    ,11.029411764705882     ,60.0              ,-0.07472             ,80.0                     ,7.885668276972624            ,High
BKW       ,BKW AG                                                          ,Utilities             ,Electric Utilities                                   ,CH     ,SWX     ,0.43000000000000005    ,13.079019073569482   ,34.45783132530121      ,20.0              ,0.00644              ,60.0                     ,5.623978201634878            ,Medium
8996      ,Kaori Heat Treatment Co. Ltd.                                   ,Industrials           ,Machinery                                            ,TW     ,TWSE    ,0.9                    ,-12.251655629139073  ,72.45283018867924      ,100.0             ,-0.01746             ,93.75                    ,-11.026490066225167          ,Low
P911      ,Dr. Ing. h.c. F. Porsche AG                                     ,Consumer Discretionary,Automobiles                                          ,DE     ,XTRA    ,0.6499999999999999     ,7.655502392344498    ,48.888888888888886     ,4.761904761904762 ,-0.272665            ,48.75                    ,4.976076555023923            ,Low
BIMAS     ,BIM Birlesik Magazalar A.S.                                     ,Consumer Staples      ,Consumer Staples Distribution and Retail             ,TR     ,IBSE    ,0.75                   ,16.48339222614841    ,35.79575789933505      ,92.85714285714286 ,-0.151125            ,91.0                     ,12.362544169611308           ,Low
IDL       ,ID Logistics Group SA                                           ,Industrials           ,Air Freight and Logistics                            ,FR     ,ENXTPA  ,0.6300000000000001     ,27.064803049555273   ,13.8                   ,100.0             ,0.017195             ,100.0                    ,17.050825921219825           ,High
4958      ,Zhen Ding Technology Holding Limited                            ,Information Technology,Electronic Equipment Instruments and Components      ,TW     ,TWSE    ,0.75                   ,5.337078651685394    ,58.666666666666664     ,70.0              ,-0.07996             ,77.5                     ,4.002808988764045            ,Low
BFIT      ,Basic-Fit N.V.                                                  ,Consumer Discretionary,Hotels Restaurants and Leisure                       ,NL     ,ENXTAM  ,0.75                   ,1.6785022595222725   ,69.84126984126983      ,55.55555555555556 ,-0.13216             ,77.75                    ,1.2588766946417045           ,Low
1548      ,Genscript Biotech Corporation                                   ,Health Care           ,Life Sciences Tools and Services                     ,CN     ,SEHK    ,0.16999999999999998    ,91.08554817275747    ,39.945754932258865     ,100.0             ,0.0577               ,95.0                     ,15.484543189368768           ,Low
HILS      ,Hill & Smith PLC                                                ,Materials             ,Metals and Mining                                    ,GB     ,LSE     ,0.65                   ,15.84051724137931    ,37.2093023255814       ,57.142857142857146,0.023                ,78.5                     ,10.296336206896552           ,Low
VNET      ,VNET Group Inc.                                                 ,Information Technology,IT Services                                          ,CN     ,NasdaqGS,0.82                   ,8.694927536231884    ,138.6509243394956      ,85.71428571428571 ,0.0                  ,85.75                    ,7.1298405797101445           ,Low
LEGN      ,Legend Biotech Corporation                                      ,Health Care           ,Biotechnology                                        ,US     ,NasdaqGS,0.18                   ,275.4266211604096    ,106.06060606060606     ,83.33333333333333 ,0.0                  ,84.75                    ,49.57679180887372            ,Low
RHM       ,Rheinmetall AG                                                  ,Industrials           ,Aerospace and Defense                                ,DE     ,XTRA    ,0.4                    ,32.54511512134412    ,37.55868544600939      ,76.19047619047619 ,-0.036745            ,84.25                    ,13.018046048537649           ,Low
CAN       ,Canal+ SA                                                       ,Communication Services,Media                                                ,FR     ,LSE     ,0.45                   ,30.0                 ,43.48717948717949      ,77.77777777777777 ,0.084665             ,83.25                    ,13.5                         ,Low
ITX       ,Industria de Diseño Textil S.A.                                 ,Consumer Discretionary,Specialty Retail                                     ,ES     ,BME     ,0.7                    ,3.8380651945320716   ,43.037974683544306     ,62.5              ,0.02956              ,78.25                    ,2.68664563617245             ,Low
VIK       ,Viking Holdings Ltd                                             ,Consumer Discretionary,Hotels Restaurants and Leisure                       ,BM     ,NYSE    ,0.9                    ,-0.2924754054772667  ,38.666666666666664     ,63.1578947368421  ,0.01323              ,77.75                    ,-0.26322786492954003         ,Low
BZ        ,Kanzhun Limited                                                 ,Industrials           ,Professional Services                                ,CN     ,NasdaqGS,0.27                   ,54.18360277136259    ,39.199988017045754     ,90.9090909090909  ,0.0424               ,91.0                     ,14.629572748267899           ,Low
PATH      ,UiPath Inc.                                                     ,Information Technology,Software                                             ,US     ,NYSE    ,0.18                   ,50.17667844522968    ,30.11764705882353      ,4.761904761904762 ,0.07144              ,53.75                    ,9.031802120141343            ,Medium
MANU      ,Manchester United plc                                           ,Communication Services,Entertainment                                        ,GB     ,NYSE    ,0.27                   ,48.502866972477065   ,47.011649143399914     ,66.66666666666667 ,-0.12968             ,83.25                    ,13.09577408256881            ,Low
DSG       ,The Descartes Systems Group Inc.                                ,Information Technology,Software                                             ,CA     ,TSX     ,0.45                   ,49.686167243496705   ,0.0                    ,85.71428571428571 ,-0.013895            ,82.25                    ,22.358775259573516           ,Low
AVAV      ,AeroVironment Inc.                                              ,Industrials           ,Aerospace and Defense                                ,US     ,NasdaqGS,0.28                   ,60.12629679747406    ,48.42253521126761      ,94.11764705882354 ,-0.035735            ,89.75                    ,16.83536310329274            ,Low
NTSK      ,Netskope Inc.                                                   ,Information Technology,Software                                             ,US     ,NasdaqGS,0.22                   ,127.08158116063919   ,40.74074074074074      ,93.33333333333333 ,0.0                  ,91.0                     ,27.95794785534062            ,Low
WDO       ,Wesdome Gold Mines Ltd.                                         ,Materials             ,Metals and Mining                                    ,CA     ,TSX     ,0.53                   ,26.368997472620052   ,18.333333333333332     ,37.5              ,0.06582              ,62.5                     ,13.975568660488628           ,High
CLASB     ,Clas Ohlson AB (publ)                                           ,Consumer Discretionary,Specialty Retail                                     ,SE     ,OM      ,0.83                   ,-7.089765580331618   ,24.615384615384617     ,0.0               ,0.119235             ,50.0                     ,-5.884505431675243           ,Medium
BOY       ,Bodycote plc                                                    ,Industrials           ,Machinery                                            ,GB     ,LSE     ,0.87                   ,2.514506769825919    ,31.446540880503143     ,87.5              ,-0.00455             ,87.5                     ,2.1876208897485494           ,Medium
2381      ,Arabian Drilling Company                                        ,Energy                ,Energy Equipment and Services                        ,SA     ,SASE    ,0.52                   ,10.647181628392484   ,44.339622641509436     ,45.45454545454545 ,-0.075655            ,68.25                    ,5.536534446764092            ,Low
1303      ,Nan Ya Plastics Corporation                                     ,Materials             ,Chemicals                                            ,TW     ,TWSE    ,0.85                   ,-14.974619289340101  ,80.59701492537313      ,25.0              ,-0.012515            ,56.25                    ,-12.728426395939085          ,Low
000408    ,Zangge Mining Company Limited                                   ,Materials             ,Chemicals                                            ,CN     ,SZSE    ,0.9                    ,-52.71673508814296   ,0.0                    ,100.0             ,0.0                  ,100.0                    ,-47.445061579328666          ,Low
601138    ,Foxconn Industrial Internet Co. Ltd.                            ,Information Technology,Electronic Equipment Instruments and Components      ,CN     ,SHSE    ,0.27                   ,62.10045662100457    ,50.25352112676056      ,94.11764705882354 ,0.047305             ,91.25                    ,16.767123287671236           ,Low
2357      ,ASUSTeK Computer Inc.                                           ,Information Technology,Technology Hardware Storage and Peripherals          ,TW     ,TWSE    ,0.21                   ,32.88718929254302    ,58.273381294964025     ,25.0              ,-0.002985            ,60.5                     ,6.906309751434034            ,Low
HAR       ,Harmony Gold Mining Company Limited                             ,Materials             ,Metals and Mining                                    ,ZA     ,JSE     ,0.33                   ,35.787567893783944   ,41.111111111111114     ,42.857142857142854,0.197005             ,71.5                     ,11.809897404948702           ,Low
2368      ,Gold Circuit Electronics Ltd.                                   ,Information Technology,Electronic Equipment Instruments and Components      ,TW     ,TWSE    ,0.9                    ,-3.4981905910735827  ,28.5                   ,100.0             ,0.040965             ,97.25                    ,-3.1483715319662244          ,Medium
293       ,Cathay Pacific Airways Limited                                  ,Industrials           ,Passenger Airlines                                   ,HK     ,SEHK    ,0.72                   ,-14.007782101167315  ,56.10859728506787      ,7.142857142857143 ,0.032405             ,55.25                    ,-10.085603112840467          ,Low
ERG       ,ERG S.p.A.                                                      ,Utilities             ,Independent Power and Renewable Electricity Producers,IT     ,BIT     ,0.6499999999999999     ,7.339449541284404    ,43.162393162393165     ,22.22222222222222 ,-0.001895            ,61.0                     ,4.770642201834862            ,Low
URC       ,Universal Robina Corporation                                    ,Consumer Staples      ,Food Products                                        ,PH     ,PSE     ,0.38                   ,25.08361204013378    ,43.850267379679146     ,58.333333333333336,0.01373              ,75.0                     ,9.531772575250836            ,Low
600132    ,Chongqing Brewery Co. Ltd.                                      ,Consumer Staples      ,Beverages                                            ,CN     ,SHSE    ,0.6000000000000001     ,11.788617886178862   ,38.34710743801653      ,61.904761904761905,0.011895             ,76.25                    ,7.073170731707318            ,Low
AVOL      ,Avolta AG                                                       ,Consumer Discretionary,Specialty Retail                                     ,CH     ,SWX     ,0.73                   ,3.3484911120297642   ,40.0                   ,53.333333333333336,0.02427              ,70.0                     ,2.4443985117817277           ,Low
2356      ,Inventec Corporation                                            ,Information Technology,Technology Hardware Storage and Peripherals          ,TW     ,TWSE    ,0.57                   ,4.74090407938258     ,50.526315789473685     ,25.0              ,-0.004625            ,56.25                    ,2.7023153252480703           ,Low
WCH       ,Wacker Chemie AG                                                ,Materials             ,Chemicals                                            ,DE     ,XTRA    ,0.7999999999999999     ,-13.771712158808933  ,66.18705035971223      ,7.142857142857143 ,0.0                  ,55.25                    ,-11.017369727047145          ,Low
551       ,Yue Yuen Industrial (Holdings) Limited                          ,Consumer Discretionary,Textiles Apparel and Luxury Goods                    ,HK     ,SEHK    ,0.75                   ,0.8951477969882878   ,104.9694591083718      ,60.0              ,-0.02241             ,78.25                    ,0.6713608477412158           ,Low
UN0       ,Uniper SE                                                       ,Utilities             ,Independent Power and Renewable Electricity Producers,DE     ,XTRA    ,0.9                    ,-14.407988587731811  ,11.666666666666666     ,66.66666666666667 ,0.01374              ,25.0                     ,-12.96718972895863           ,High
6415      ,Silergy Corp.                                                   ,Information Technology,Semiconductors and Semiconductor Equipment           ,KY     ,TWSE    ,0.83                   ,-7.857142857142857   ,125.5813953488372      ,40.0              ,-0.11684             ,65.0                     ,-6.5214285714285705          ,Low
CMIN3     ,CSN Mineração S.A.                                              ,Materials             ,Metals and Mining                                    ,BR     ,BOVESPA ,0.6699999999999999     ,0.7326007326007326   ,58.18181818181818      ,38.46153846153846 ,0.02383              ,34.5                     ,0.49084249084249076          ,Low
3260      ,ADATA Technology Co. Ltd.                                       ,Information Technology,Semiconductors and Semiconductor Equipment           ,TW     ,TPEX    ,0.9                    ,-31.972789115646258  ,0.0                    ,100.0             ,0.449835             ,75.0                     ,-28.775510204081634          ,Low
A000990   ,DB HiTek CO. LTD.                                               ,Information Technology,Semiconductors and Semiconductor Equipment           ,KR     ,KOSE    ,0.9                    ,5.376344086021505    ,38.775510204081634     ,75.0              ,0.110255             ,91.75                    ,4.838709677419355            ,Low
A017800   ,Hyundai Elevator Co. Ltd                                        ,Industrials           ,Machinery                                            ,KR     ,KOSE    ,0.9                    ,-6.098741529525653   ,0.0                    ,100.0             ,0.004765             ,75.0                     ,-5.488867376573088           ,Low
6088      ,FIT Hon Teng Limited                                            ,Information Technology,Electronic Equipment Instruments and Components      ,TW     ,SEHK    ,0.73                   ,23.330308529945555   ,14.695018762416305     ,100.0             ,-0.083975            ,90.0                     ,17.031125226860254           ,High
000661    ,Changchun High-Tech Industry (Group) Co. Ltd.                   ,Health Care           ,Pharmaceuticals                                      ,CN     ,SZSE    ,0.4                    ,71.93865873197528    ,7.667731629392971      ,100.0             ,0.0                  ,93.75                    ,28.775463492790113           ,High
2404      ,United Integrated Services Co. Ltd.                             ,Industrials           ,Construction and Engineering                         ,TW     ,TWSE    ,0.63                   ,25.677139761646803   ,0.0                    ,100.0             ,0.27307              ,75.0                     ,16.176598049837487           ,Low
FAN       ,Volution Group plc                                              ,Industrials           ,Building Products                                    ,GB     ,LSE     ,0.7                    ,5.9077809798270895   ,28.571428571428573     ,57.142857142857146,0.037995             ,75.0                     ,4.1354466858789625           ,Medium
KARN      ,Kardex Holding AG                                               ,Industrials           ,Machinery                                            ,CH     ,SWX     ,0.45                   ,39.26499032882012    ,32.22222222222222      ,85.71428571428571 ,0.01956              ,89.25                    ,17.669245647969053           ,Medium
VIV       ,Vivendi SE                                                      ,Communication Services,Entertainment                                        ,FR     ,ENXTPA  ,0.36                   ,34.58950201884253    ,26.666666666666668     ,37.5              ,0.01558              ,62.5                     ,12.452220726783311           ,Medium
RUI       ,Rubis                                                           ,Utilities             ,Gas Utilities                                        ,FR     ,ENXTPA  ,0.7                    ,6.32183908045977     ,54.054054054054056     ,70.0              ,0.06667              ,83.25                    ,4.425287356321839            ,Low
4017      ,Dr. Soliman Abdel Kader Fakeeh Hospital Company                 ,Health Care           ,Health Care Providers and Services                   ,SA     ,SASE    ,0.43000000000000005    ,27.82936738247243    ,9.080590238365494      ,20.0              ,-0.05915             ,60.0                     ,11.966627974463146           ,High
ALE       ,Allegro.eu S.A.                                                 ,Consumer Discretionary,Broadline Retail                                     ,LU     ,WSE     ,0.42000000000000004    ,40.48680150839904    ,29.282576866764277     ,70.58823529411765 ,0.01082              ,81.0                     ,17.0044566335276             ,Medium
ACLN      ,Accelleron Industries AG                                        ,Industrials           ,Electrical Equipment                                 ,CH     ,SWX     ,0.9                    ,-8.205594405594406   ,28.052199350936267     ,30.0              ,0.030275             ,62.5                     ,-7.385034965034965           ,Medium
4031      ,Saudi Ground Services Company                                   ,Industrials           ,Transportation Infrastructure                        ,SA     ,SASE    ,0.39                   ,49.08256880733945    ,14.23076923076923      ,66.66666666666667 ,0.0175               ,75.0                     ,19.142201834862387           ,High
CEL       ,Cellcom Israel Ltd.                                             ,Communication Services,Wireless Telecommunication Services                  ,IL     ,TASE    ,0.7999999999999999     ,-1.3070152040544145  ,21.62162162162162      ,0.0               ,0.0                  ,62.5                     ,-1.0456121632435316          ,Medium
S         ,SentinelOne Inc.                                                ,Information Technology,Software                                             ,US     ,NYSE    ,0.28                   ,44.196106705118964   ,70.0                   ,66.66666666666667 ,-0.00252             ,81.25                    ,12.37490987743331            ,Low
CPB       ,The Campbell's Company                                          ,Consumer Staples      ,Food Products                                        ,US     ,NasdaqGS,0.6299999999999999     ,1.7293997965412005   ,113.33333333333333     ,5.0               ,-0.049335            ,51.25                    ,1.089521871820956            ,Low
UEC       ,Uranium Energy Corp.                                            ,Energy                ,Oil Gas and Consumable Fuels                         ,US     ,NYSEAM  ,0.67                   ,15.97938144329897    ,63.888888888888886     ,88.88888888888889 ,0.0                  ,89.0                     ,10.70618556701031            ,Low
ALH       ,Alliance Laundry Holdings Inc.                                  ,Industrials           ,Machinery                                            ,US     ,NYSE    ,0.4                    ,32.59195893926433    ,32.25806451612903      ,87.5              ,0.0229               ,90.75                    ,13.036783575705734           ,Medium
TTAN      ,ServiceTitan Inc.                                               ,Information Technology,Software                                             ,US     ,NasdaqGS,0.30000000000000004    ,108.00127510360217   ,32.95019157088122      ,83.33333333333333 ,0.25958              ,87.5                     ,32.40038253108065            ,Medium
RBRK      ,Rubrik Inc.                                                     ,Information Technology,Software                                             ,US     ,NYSE    ,0.28                   ,98.90009165902842    ,46.08294930875576      ,95.83333333333333 ,0.0                  ,95.75                    ,27.69202566452796            ,Low
EMPA      ,Empire Company Limited                                          ,Consumer Staples      ,Consumer Staples Distribution and Retail             ,CA     ,TSX     ,0.84                   ,7.274213322435635    ,13.333333333333334     ,25.0              ,0.007685             ,59.5                     ,6.1103391908459335           ,High
DG        ,Dollar General Corporation                                      ,Consumer Staples      ,Consumer Staples Distribution and Retail             ,US     ,NYSE    ,0.7999999999999999     ,-9.646385855434218   ,64.74820143884892      ,38.70967741935484 ,0.042985             ,67.75                    ,-7.717108684347374           ,Low
ULTA      ,Ulta Beauty Inc.                                                ,Consumer Discretionary,Specialty Retail                                     ,US     ,NasdaqGS,0.73                   ,1.331577407082236    ,50.541516245487365     ,53.57142857142857 ,0.030415             ,74.0                     ,0.9720515071700322           ,Low
BMW       ,Bayerische Motoren Werke Aktiengesellschaft                     ,Consumer Discretionary,Automobiles                                          ,DE     ,XTRA    ,0.6                    ,4.611923509561305    ,49.46236559139785      ,20.833333333333332,0.01022              ,60.75                    ,2.767154105736783            ,Low
ADBE      ,Adobe Inc.                                                      ,Information Technology,Software                                             ,US     ,NasdaqGS,0.13                   ,51.53237110277683    ,83.75                  ,41.02564102564103 ,0.004745             ,68.5                     ,6.699208243360988            ,Low
DKS       ,DICK'S Sporting Goods Inc.                                      ,Consumer Discretionary,Specialty Retail                                     ,US     ,NYSE    ,0.43000000000000005    ,21.73913043478261    ,44.89795918367347      ,50.0              ,-0.054365            ,74.0                     ,9.347826086956523            ,Low
EDV       ,Endeavour Mining plc                                            ,Materials             ,Metals and Mining                                    ,GB     ,TSX     ,0.67                   ,13.007651559741024   ,82.8125                ,100.0             ,0.02266              ,89.5                     ,8.715126545026488            ,Low
DTG       ,Daimler Truck Holding AG                                        ,Industrials           ,Machinery                                            ,DE     ,XTRA    ,0.7                    ,4.408352668213457    ,51.111111111111114     ,52.94117647058823 ,-0.019605            ,70.5                     ,3.0858468677494195           ,Low
4291      ,National Company for Learning and Education                     ,Consumer Discretionary,Diversified Consumer Services                        ,SA     ,SASE    ,0.53                   ,18.773946360153257   ,9.67741935483871       ,0.0               ,-0.017715            ,50.0                     ,9.950191570881227            ,High
BNR       ,Brenntag SE                                                     ,Industrials           ,Trading Companies and Distributors                   ,DE     ,XTRA    ,0.8099999999999999     ,-14.118859498454139  ,56.0                   ,6.666666666666667 ,-0.045515            ,48.25                    ,-11.436276193747851          ,Low
2207      ,Hotai Motor Co.Ltd.                                             ,Consumer Discretionary,Specialty Retail                                     ,TW     ,TWSE    ,0.38                   ,23.13296903460838    ,0.0                    ,50.0              ,-0.049585            ,75.0                     ,8.790528233151184            ,Low
GOTO      ,PT GoTo Gojek Tokopedia Tbk                                     ,Consumer Discretionary,Broadline Retail                                     ,ID     ,IDX     ,0.30000000000000004    ,52.54237288135593    ,64.44444444444444      ,73.07692307692308 ,0.0                  ,83.75                    ,15.762711864406782           ,Low
HTWS      ,Helios Towers plc                                               ,Communication Services,Diversified Telecommunication Services               ,GB     ,LSE     ,0.87                   ,8.281086729362592    ,36.057901085645355     ,100.0             ,-0.0159              ,96.5                     ,7.204545454545455            ,Low
8464      ,Nien Made Enterprise Co. LTD.                                   ,Consumer Discretionary,Household Durables                                   ,TW     ,TWSE    ,0.5800000000000001     ,25.0                 ,23.2                   ,90.0              ,-0.03634             ,90.0                     ,14.500000000000002           ,Medium
BAVA      ,Bavarian Nordic A/S                                             ,Health Care           ,Biotechnology                                        ,DK     ,CPSE    ,0.48000000000000004    ,40.625               ,9.25925925925926       ,100.0             ,-0.01991             ,100.0                    ,19.5                         ,High
SDF       ,K+S Aktiengesellschaft                                          ,Materials             ,Chemicals                                            ,DE     ,XTRA    ,0.89                   ,-13.934426229508198  ,186.5079365079365      ,14.285714285714286,0.193835             ,46.5                     ,-12.401639344262296          ,Low
A000100   ,Yuhan Corporation                                               ,Health Care           ,Pharmaceuticals                                      ,KR     ,KOSE    ,0.3                    ,37.86764705882353    ,92.66666666666667      ,68.42105263157895 ,-0.16563             ,77.75                    ,11.360294117647058           ,Low
RWE       ,RWE Aktiengesellschaft                                          ,Utilities             ,Independent Power and Renewable Electricity Producers,DE     ,XTRA    ,0.78                   ,10.11011011011011    ,33.63636363636363      ,78.94736842105263 ,0.054955             ,83.0                     ,7.8858858858858865           ,Medium
2609      ,Yang Ming Marine Transport Corporation                          ,Industrials           ,Marine Transportation                                ,TW     ,TWSE    ,0.5800000000000001     ,12.570356472795497   ,26.666666666666668     ,20.0              ,-0.07542             ,60.0                     ,7.290806754221389            ,Medium
9904      ,Pou Chen Corporation                                            ,Consumer Discretionary,Textiles Apparel and Luxury Goods                    ,TW     ,TWSE    ,0.63                   ,15.39708265802269    ,19.10112359550562      ,33.333333333333336,-0.037355            ,75.0                     ,9.700162074554294            ,High
2105      ,Cheng Shin Rubber Ind. Co. Ltd.                                 ,Consumer Discretionary,Automobile Components                                ,TW     ,TWSE    ,0.12                   ,30.47001620745543    ,53.41614906832298      ,0.0               ,-0.104145            ,37.5                     ,3.6564019448946516           ,Low
2347      ,Synnex Technology International Corporation                     ,Information Technology,Electronic Equipment Instruments and Components      ,TW     ,TWSE    ,0.8099999999999999     ,3.3478893740902476   ,8.450704225352112      ,66.66666666666667 ,0.030315             ,75.0                     ,2.7117903930131004           ,High
INF       ,Informa plc                                                     ,Communication Services,Media                                                ,GB     ,LSE     ,0.32                   ,30.37180106228875    ,44.44444444444444      ,73.33333333333333 ,0.01311              ,81.75                    ,9.7189763399324              ,Low
REY       ,Reply S.p.A.                                                    ,Information Technology,IT Services                                          ,IT     ,BIT     ,0.36                   ,79.04863709246392    ,32.23880597014925      ,83.33333333333333 ,0.04439              ,89.5                     ,28.457509353287012           ,Medium
ZAL       ,Zalando SE                                                      ,Consumer Discretionary,Specialty Retail                                     ,DE     ,XTRA    ,0.19                   ,83.81277425646026    ,79.57559681697613      ,75.0              ,0.03273              ,84.5                     ,15.92442710872745            ,Low
BANB      ,Bachem Holding AG                                               ,Health Care           ,Life Sciences Tools and Services                     ,CH     ,SWX     ,0.5                    ,19.06614785992218    ,79.34640522875817      ,54.54545454545455 ,0.04928              ,70.5                     ,9.53307392996109             ,Low
ACE       ,ACEA S.p.A.                                                     ,Utilities             ,Multi-Utilities                                      ,IT     ,BIT     ,0.9                    ,-0.7148530579825259  ,12.0                   ,80.0              ,0.07918              ,90.0                     ,-0.6433677521842733          ,High
RRTL      ,RTL Group S.A.                                                  ,Communication Services,Media                                                ,LU     ,XTRA    ,0.89                   ,-5.660377358490566   ,31.428571428571427     ,14.285714285714286,-0.18869             ,46.5                     ,-5.037735849056603           ,Medium
ANTARCHILE,AntarChile S.A.                                                 ,Industrials           ,Industrial Conglomerates                             ,CL     ,SNSE    ,0.55                   ,19.78887970034538    ,18.274111675126903     ,50.0              ,0.00873              ,75.0                     ,10.883883835189959           ,High
AVIO      ,Avio S.p.A.                                                     ,Industrials           ,Aerospace and Defense                                ,IT     ,BIT     ,0.68                   ,16.27906976744186    ,81.25                  ,80.0              ,-0.053355            ,85.0                     ,11.069767441860467           ,Low
1402      ,Far Eastern New Century Corporation                             ,Industrials           ,Industrial Conglomerates                             ,TW     ,TWSE    ,0.6799999999999999     ,5.633802816901408    ,0.0                    ,0.0               ,0.093735             ,50.0                     ,3.830985915492957            ,Low
GEBN      ,Geberit AG                                                      ,Industrials           ,Building Products                                    ,CH     ,SWX     ,0.7999999999999999     ,-3.9968652037617556  ,47.183673469387756     ,16.666666666666668,0.051555             ,47.25                    ,-3.197492163009404           ,Low
4164      ,Nahdi Medical Company                                           ,Consumer Staples      ,Consumer Staples Distribution and Retail             ,SA     ,SASE    ,0.48000000000000004    ,28.427925665494726   ,32.06883066093078      ,62.5              ,-0.004               ,75.0                     ,13.64540431943747            ,Medium
OTEL      ,Oman Telecommunications Company SAOG                            ,Communication Services,Diversified Telecommunication Services               ,OM     ,MSM     ,0.9                    ,-6.197654941373535   ,28.125                 ,50.0              ,-0.00171             ,68.75                    ,-5.577889447236181           ,Medium
19        ,Swire Pacific Limited                                           ,Industrials           ,Industrial Conglomerates                             ,HK     ,SEHK    ,0.9                    ,-2.5                 ,29.487179487179485     ,75.0              ,0.008885             ,81.25                    ,-2.25                        ,Medium
HYPE3     ,Hypera S.A.                                                     ,Health Care           ,Pharmaceuticals                                      ,BR     ,BOVESPA ,0.3                    ,32.083510864933956   ,33.064516129032256     ,57.142857142857146,-0.003415            ,71.5                     ,9.625053259480186            ,Medium
3324      ,Auras Technology Co. Ltd.                                       ,Information Technology,Technology Hardware Storage and Peripherals          ,TW     ,TPEX    ,0.47000000000000003    ,22.065727699530516   ,66.92307692307692      ,71.42857142857143 ,0.00872              ,80.25                    ,10.370892018779344           ,Low
688256    ,Cambricon Technologies Corporation Limited                      ,Information Technology,Semiconductors and Semiconductor Equipment           ,CN     ,SHSE    ,0.35                   ,78.46307598957776    ,21.23                  ,85.71428571428571 ,0.0                  ,91.75                    ,27.462076596352215           ,Medium
EMSTEEL   ,EMSTEEL Building Materials PJSC                                 ,Materials             ,Construction Materials                               ,AE     ,ADX     ,0.6300000000000001     ,23.015873015873016   ,0.0                    ,100.0             ,-3e-05               ,100.0                    ,14.500000000000002           ,Low
1102      ,Asia Cement Corporation                                         ,Materials             ,Construction Materials                               ,TW     ,TWSE    ,0.47000000000000003    ,17.812061711079945   ,48.57142857142857      ,33.333333333333336,0.02365              ,60.0                     ,8.371669004207575            ,Low
JFC       ,Jollibee Foods Corporation                                      ,Consumer Discretionary,Hotels Restaurants and Leisure                       ,PH     ,PSE     ,0.29000000000000004    ,44.36958614051973    ,45.333333333333336     ,81.81818181818181 ,-0.008745            ,86.25                    ,12.867179980750723           ,Low
2588      ,BOC Aviation Limited                                            ,Industrials           ,Trading Companies and Distributors                   ,SG     ,SEHK    ,0.8999999999999999     ,1.7131370328425821   ,15.922692447727325     ,100.0             ,0.007395             ,92.25                    ,1.5418233295583237           ,High
3491      ,Universal Microwave Technology Inc.                             ,Information Technology,Electronic Equipment Instruments and Components      ,TW     ,TPEX    ,0.9                    ,-42.142857142857146  ,115.18518518518519     ,100.0             ,-0.074695            ,93.75                    ,-37.92857142857143           ,Low
A196170   ,ALTEOGEN Inc.                                                   ,Health Care           ,Biotechnology                                        ,KR     ,KOSDAQ  ,0.27                   ,20.418848167539267   ,69.56521739130434      ,40.0              ,0.17638              ,68.75                    ,5.513089005235602            ,Low
2345      ,Accton Technology Corporation                                   ,Information Technology,Communications Equipment                             ,TW     ,TWSE    ,0.5900000000000001     ,12.068965517241379   ,56.61538461538461      ,100.0             ,0.0879               ,96.5                     ,7.120689655172415            ,Low
2354      ,Foxconn Technology Co. Ltd.                                     ,Information Technology,Electronic Equipment Instruments and Components      ,TW     ,TWSE    ,0.9                    ,-8.006814310051107   ,0.0                    ,100.0             ,-0.084835            ,0.0                      ,-7.206132879045996           ,Low
6139      ,L&K Engineering Co. Ltd.                                        ,Industrials           ,Commercial Services and Supplies                     ,TW     ,TWSE    ,0.9                    ,-37.37957610789981   ,0.0                    ,100.0             ,-0.00632             ,75.0                     ,-33.64161849710983           ,Low
3045      ,Taiwan Mobile Co. Ltd.                                          ,Communication Services,Wireless Telecommunication Services                  ,TW     ,TWSE    ,0.8099999999999999     ,9.859154929577464    ,9.401709401709402      ,14.285714285714286,-0.015265            ,53.5                     ,7.985915492957745            ,High
2027      ,Ta Chen Stainless Pipe Co. Ltd.                                 ,Materials             ,Metals and Mining                                    ,TW     ,TWSE    ,0.78                   ,19.143239625167336   ,24.719101123595507     ,100.0             ,-0.04622             ,87.5                     ,14.931726907630523           ,Medium
2615      ,Wan Hai Lines Ltd.                                              ,Industrials           ,Marine Transportation                                ,TW     ,TWSE    ,0.7                    ,8.666666666666666    ,20.858895705521473     ,25.0              ,0.01335              ,33.25                    ,6.0666666666666655           ,Medium
2317      ,Hon Hai Precision Industry Co. Ltd.                             ,Information Technology,Electronic Equipment Instruments and Components      ,TW     ,TWSE    ,0.37                   ,32.819383259911895   ,63.018242122719734     ,90.0              ,0.026235             ,86.75                    ,12.1431718061674             ,Low
3231      ,Wistron Corporation                                             ,Information Technology,Technology Hardware Storage and Peripherals          ,TW     ,TWSE    ,0.29000000000000004    ,44.48669201520912    ,54.73684210526316      ,86.66666666666667 ,0.008405             ,88.25                    ,12.901140684410647           ,Low
2603      ,Evergreen Marine Corporation (Taiwan) Ltd.                      ,Industrials           ,Marine Transportation                                ,TW     ,TWSE    ,0.57                   ,6.182795698924731    ,78.48101265822785      ,11.11111111111111 ,0.057275             ,52.75                    ,3.5241935483870965           ,Low
MOVE      ,Medacta Group SA                                                ,Health Care           ,Health Care Equipment and Supplies                   ,CH     ,SWX     ,0.6300000000000001     ,21.085195154777928   ,32.33972053980212      ,80.0              ,0.04284              ,85.0                     ,13.283672947510096           ,Medium
DIC       ,Dubai Investments PJSC                                          ,Industrials           ,Industrial Conglomerates                             ,AE     ,DFM     ,0.9                    ,-17.83132530120482   ,35.77712609970674      ,50.0              ,0.047525             ,37.5                     ,-16.048192771084338          ,Low
002916    ,Shennan Circuits Co. Ltd.                                       ,Information Technology,Electronic Equipment Instruments and Components      ,CN     ,SZSE    ,0.64                   ,10.914893617021276   ,76.4361404181853       ,93.33333333333333 ,0.126345             ,93.25                    ,6.985531914893617            ,Low
2327      ,Yageo Corporation                                               ,Information Technology,Electronic Equipment Instruments and Components      ,TW     ,TWSE    ,0.7000000000000001     ,13.28125             ,78.44827586206897      ,84.61538461538461 ,-0.007505            ,82.75                    ,9.296875                     ,Low
316       ,Orient Overseas (International) Limited                         ,Industrials           ,Marine Transportation                                ,HK     ,SEHK    ,0.72                   ,-20.6313190862196    ,76.50935486656398      ,28.571428571428573,0.00796              ,32.25                    ,-14.854549742078113          ,Low
BKG       ,The Berkeley Group Holdings plc                                 ,Consumer Discretionary,Household Durables                                   ,GB     ,LSE     ,0.88                   ,-6.630581867388362   ,35.65217391304348      ,26.31578947368421 ,0.031085             ,61.75                    ,-5.834912043301759           ,Low
603929    ,L&K Engineering (Suzhou) Co.Ltd.                                ,Industrials           ,Construction and Engineering                         ,CN     ,SHSE    ,0.43000000000000005    ,60.52595721487941    ,0.0                    ,100.0             ,0.114455             ,93.75                    ,26.02616160239815            ,Low
1504      ,TECO Electric & Machinery Co. Ltd.                              ,Industrials           ,Electrical Equipment                                 ,TW     ,TWSE    ,0.6                    ,7.769423558897243    ,126.74418604651163     ,66.66666666666667 ,-0.06012             ,70.75                    ,4.661654135338345            ,Low
3038      ,Kobe Bussan Co. Ltd.                                            ,Consumer Staples      ,Consumer Staples Distribution and Retail             ,JP     ,TSE     ,0.7899999999999999     ,9.038360483447189    ,31.325301204819276     ,11.11111111111111 ,0.0                  ,56.25                    ,7.1403047819232786           ,Medium
HLMA      ,Halma plc                                                       ,Information Technology,Electronic Equipment Instruments and Components      ,GB     ,LSE     ,0.7799999999999999     ,6.360235168359166    ,30.90452261306533      ,38.888888888888886,0.078715             ,66.75                    ,4.960983431320149            ,Medium
GEB       ,Grupo Energía Bogotá S.A. E.S.P.                                ,Utilities             ,Gas Utilities                                        ,CO     ,BVC     ,0.67                   ,13.7123745819398     ,29.41176470588235      ,100.0             ,0.01758              ,87.5                     ,9.187290969899667            ,Medium
8210      ,Chenbro Micom Co. Ltd.                                          ,Information Technology,Technology Hardware Storage and Peripherals          ,TW     ,TWSE    ,0.6000000000000001     ,23.076923076923077   ,52.916666666666664     ,87.5              ,0.0635               ,87.5                     ,13.846153846153848           ,Low
DLG       ,De'Longhi S.p.A.                                                ,Consumer Discretionary,Household Durables                                   ,IT     ,BIT     ,0.8999999999999999     ,9.147609147609147    ,25.0                   ,88.88888888888889 ,0.032775             ,89.0                     ,8.232848232848232            ,Medium
6442      ,EZconn Corporation                                              ,Information Technology,Communications Equipment                             ,TW     ,TWSE    ,0.38                   ,53.84615384615385    ,0.0                    ,100.0             ,0.0                  ,100.0                    ,20.461538461538463           ,Low
1503      ,Shihlin Electric & Engineering Corp.                            ,Industrials           ,Electrical Equipment                                 ,TW     ,TWSE    ,0.78                   ,16.07565011820331    ,26.476578411405296     ,100.0             ,-0.04905             ,87.5                     ,12.539007092198583           ,Medium
1910      ,Samsonite Group S.A.                                            ,Consumer Discretionary,Textiles Apparel and Luxury Goods                    ,LU     ,SEHK    ,0.5700000000000001     ,21.188631790744466   ,38.24167887665354      ,100.0             ,-0.01408             ,95.25                    ,12.077520120724348           ,Low
600765    ,AVIC Heavy Machinery Co. Ltd.                                   ,Industrials           ,Machinery                                            ,CN     ,SHSE    ,0.8999999999999999     ,1.1122345803842264   ,0.0                    ,100.0             ,0.0                  ,100.0                    ,1.0010111223458036           ,Low
600038    ,Avicopter Plc                                                   ,Industrials           ,Aerospace and Defense                                ,CN     ,SHSE    ,0.5                    ,34.31656570977087    ,0.0                    ,100.0             ,0.0                  ,100.0                    ,17.158282854885435           ,Low
BLTE      ,Belite Bio Inc                                                  ,Health Care           ,Pharmaceuticals                                      ,US     ,NasdaqCM,0.9                    ,9.836813876526303    ,7.792207792207792      ,100.0             ,0.0                  ,93.75                    ,8.853132488873673            ,High
SMTC      ,Semtech Corporation                                             ,Information Technology,Semiconductors and Semiconductor Equipment           ,US     ,NasdaqGS,0.9                    ,-2.4278252884118694  ,32.94117647058823      ,93.33333333333333 ,0.008255             ,93.25                    ,-2.1850427595706825          ,Medium
LEN       ,Lennar Corporation                                              ,Consumer Discretionary,Household Durables                                   ,US     ,NYSE    ,0.78                   ,-14.131501472031402  ,75.23809523809524      ,21.05263157894737 ,-0.147995            ,44.75                    ,-11.022571148184495          ,Low
JOYY      ,JOYY Inc.                                                       ,Communication Services,Interactive Media and Services                       ,SG     ,NasdaqGS,0.49000000000000005    ,27.492644655116052   ,42.30769230769231      ,91.66666666666667 ,0.05165              ,91.75                    ,13.471395881006867           ,Low
FIZZ      ,National Beverage Corp.                                         ,Consumer Staples      ,Beverages                                            ,US     ,NasdaqGS,0.9                    ,-3.7138927097661623  ,0.0                    ,100.0             ,-0.00635             ,0.0                      ,-3.3425034387895463          ,Low
ARIS      ,Aris Mining Corporation                                         ,Materials             ,Metals and Mining                                    ,CA     ,TSX     ,0.53                   ,42.65325310267018    ,30.083439885055956     ,100.0             ,0.122425             ,91.75                    ,22.606224144415194           ,Medium
PACS      ,PACS Group Inc.                                                 ,Health Care           ,Health Care Providers and Services                   ,US     ,NYSE    ,0.75                   ,16.371330335889976   ,18.181818181818183     ,100.0             ,-0.006235            ,90.0                     ,12.278497751917481           ,High
RLX       ,RLX Technology Inc.                                             ,Consumer Staples      ,Tobacco                                              ,CN     ,NYSE    ,0.55                   ,25.029787234042555   ,13.596759921040093     ,75.0              ,0.04827              ,87.5                     ,13.766382978723406           ,High
PBH       ,Premium Brands Holdings Corporation                             ,Consumer Staples      ,Food Products                                        ,CA     ,TSX     ,0.75                   ,18.853637496405636   ,39.516129032258064     ,91.66666666666667 ,-0.00294             ,83.25                    ,14.140228122304226           ,Low
BKE       ,The Buckle Inc.                                                 ,Consumer Discretionary,Specialty Retail                                     ,US     ,NYSE    ,0.73                   ,2.899906454630496    ,0.0                    ,0.0               ,0.01615              ,50.0                     ,2.116931711880262            ,Low
DOCU      ,DocuSign Inc.                                                   ,Information Technology,Software                                             ,US     ,NasdaqGS,0.15999999999999998    ,76.26059794734493    ,89.87341772151899      ,30.434782608695652,0.016015             ,62.0                     ,12.201695671575187           ,Low
1877      ,Shanghai Junshi Biosciences Co. Ltd.                            ,Health Care           ,Biotechnology                                        ,CN     ,SEHK    ,0.09999999999999999    ,60.16433239962652    ,52.661831918664305     ,40.0              ,0.0                  ,75.0                     ,6.016433239962651            ,Low
600862    ,Avic Aviation High-Technology Co. Ltd.                          ,Industrials           ,Machinery                                            ,CN     ,SHSE    ,0.65                   ,20.950965824665676   ,0.0                    ,100.0             ,0.01706              ,91.75                    ,13.61812778603269            ,Low
688630    ,Circuit Fabology Microelectronics Equipment Co.Ltd.             ,Information Technology,Semiconductors and Semiconductor Equipment           ,CN     ,SHSE    ,0.68                   ,23.705408515535098   ,0.0                    ,100.0             ,-0.140045            ,87.5                     ,16.119677790563866           ,Low
000050    ,Tianma Microelectronics Co. Ltd.                                ,Information Technology,Electronic Equipment Instruments and Components      ,CN     ,SZSE    ,0.88                   ,-24.352331606217618  ,27.397260273972602     ,33.333333333333336,0.0                  ,33.25                    ,-21.430051813471504          ,Medium
600588    ,Yonyou Network Technology Co.Ltd.                               ,Information Technology,Software                                             ,CN     ,SHSE    ,0.57                   ,8.561643835616438    ,96.34069400630915      ,29.41176470588235 ,0.0                  ,63.25                    ,4.88013698630137             ,Low
000429    ,Guangdong Provincial Expressway Development Co. Ltd.            ,Industrials           ,Transportation Infrastructure                        ,CN     ,SZSE    ,0.6000000000000001     ,20.016680567139282   ,6.462821403752606      ,100.0             ,0.00865              ,93.75                    ,12.010008340283571           ,High
002179    ,Jonhon Optronic Technology Co. Ltd.                             ,Information Technology,Electronic Equipment Instruments and Components      ,CN     ,SZSE    ,0.32                   ,45.8151064450277     ,43.2                   ,100.0             ,0.0                  ,100.0                    ,14.660834062408865           ,Low
600372    ,AVIC Airborne Systems Co. Ltd.                                  ,Industrials           ,Aerospace and Defense                                ,CN     ,SHSE    ,0.9                    ,-19.05354919053549   ,0.0                    ,100.0             ,0.0                  ,87.5                     ,-17.148194271481945          ,Low
