2026-03-24 20:39:10,558 - __main__ - INFO - --------------------------------------------------------------------------------
2026-03-24 20:39:14,745 - __main__ - INFO - Parallel MCMC: R̂=1.0000, converged=True, posterior mean=33.44
2026-03-24 20:39:14,746 - __main__ - INFO -   R̂=1.0000, converged=True, posterior mean=33.44
2026-03-24 20:39:14,903 - __main__ - INFO -    ✓ er_mcse_convergence.html
2026-03-24 20:39:14,904 - __main__ - INFO -   ⏱ Step 7a completed in 4.3s
2026-03-24 20:39:14,905 - __main__ - INFO - 
2026-03-24 20:39:14,905 - __main__ - INFO - 🧮 Step 7b: Per-category Bayesian probability analytics...
2026-03-24 20:39:14,906 - __main__ - INFO - --------------------------------------------------------------------------------
2026-03-24 20:39:14,952 - root - INFO - Loaded view category mapping from DB: 17 views, 689 total features
2026-03-24 20:39:14,952 - __main__ - INFO -   Feature categories from 17 views → 17 categories, 689 total features
2026-03-24 20:49:55,145 - __main__ - INFO - Category Analyst Sentiment: 26 features analyzed (parallel)
2026-03-24 20:49:55,145 - __main__ - INFO - Category Balance Sheet: 58 features analyzed (parallel)
2026-03-24 20:49:55,146 - __main__ - INFO - Category Cash Flow: 81 features analyzed (parallel)
2026-03-24 20:49:55,146 - __main__ - INFO - Category Composite Scores: 30 features analyzed (parallel)
2026-03-24 20:49:55,146 - __main__ - INFO - Category Cost Structure: 43 features analyzed (parallel)
2026-03-24 20:49:55,146 - __main__ - INFO - Category Dividend Features: 26 features analyzed (parallel)
2026-03-24 20:49:55,146 - __main__ - INFO - Category Earnings Quality: 68 features analyzed (parallel)
2026-03-24 20:49:55,146 - __main__ - INFO - Category Employment Metrics: 17 features analyzed (parallel)
2026-03-24 20:49:55,146 - __main__ - INFO - Category Growth Metrics: 62 features analyzed (parallel)
2026-03-24 20:49:55,146 - __main__ - INFO - Category Leverage & Liquidity: 71 features analyzed (parallel)
2026-03-24 20:49:55,146 - __main__ - INFO - Category Momentum: 21 features analyzed (parallel)
2026-03-24 20:49:55,146 - __main__ - INFO - Category Profitability: 68 features analyzed (parallel)
2026-03-24 20:49:55,146 - __main__ - INFO - Category Quality & Risk: 44 features analyzed (parallel)
2026-03-24 20:49:55,146 - __main__ - INFO - Category Technical Analysis: 11 features analyzed (parallel)
2026-03-24 20:49:55,146 - __main__ - INFO - Category Temporal Features: 16 features analyzed (parallel)
2026-03-24 20:49:55,146 - __main__ - INFO - Category Unusual Items: 9 features analyzed (parallel)
2026-03-24 20:49:55,146 - __main__ - INFO - Category Valuation Ratios: 38 features analyzed (parallel)
2026-03-24 20:49:58,963 - __main__ - INFO - Category analytics cached → 47bd44b8fe5f2b0e1baab0a82efecf03.pkl
2026-03-24 20:49:58,964 - __main__ - INFO -   ✓ Analyzed 17 categories
2026-03-24 20:49:58,964 - __main__ - INFO -     Analyst Sentiment: 26 features — 26 posteriors
2026-03-24 20:49:58,964 - __main__ - INFO -     Balance Sheet: 58 features — 58 posteriors
2026-03-24 20:49:58,964 - __main__ - INFO -     Cash Flow: 81 features — 81 posteriors
2026-03-24 20:49:58,965 - __main__ - INFO -     Composite Scores: 30 features — 30 posteriors
2026-03-24 20:49:58,965 - __main__ - INFO -     Cost Structure: 43 features — 43 posteriors
2026-03-24 20:49:58,965 - __main__ - INFO -     Dividend Features: 26 features — 26 posteriors
2026-03-24 20:49:58,966 - __main__ - INFO -     Earnings Quality: 68 features — 68 posteriors
2026-03-24 20:49:58,966 - __main__ - INFO -     Employment Metrics: 17 features — 17 posteriors
2026-03-24 20:49:58,966 - __main__ - INFO -     Growth Metrics: 62 features — 62 posteriors
2026-03-24 20:49:58,966 - __main__ - INFO -     Leverage & Liquidity: 71 features — 71 posteriors
2026-03-24 20:49:58,966 - __main__ - INFO -     Momentum: 21 features — 21 posteriors
2026-03-24 20:49:58,966 - __main__ - INFO -     Profitability: 68 features — 68 posteriors
2026-03-24 20:49:58,967 - __main__ - INFO -     Quality & Risk: 44 features — 44 posteriors
2026-03-24 20:49:58,967 - __main__ - INFO -     Technical Analysis: 11 features — 11 posteriors
2026-03-24 20:49:58,967 - __main__ - INFO -     Temporal Features: 16 features — 16 posteriors
2026-03-24 20:49:58,967 - __main__ - INFO -     Unusual Items: 9 features — 9 posteriors
2026-03-24 20:49:58,967 - __main__ - INFO -     Valuation Ratios: 38 features — 38 posteriors
2026-03-24 20:49:58,967 - __main__ - INFO -   ⏱ Step 7b completed in 644.1s
2026-03-24 20:49:58,967 - __main__ - INFO - 
2026-03-24 20:49:58,967 - __main__ - INFO - 🧪 Step 8: Building InferenceData (ArviZ)...
2026-03-24 20:49:58,968 - __main__ - INFO - --------------------------------------------------------------------------------
2026-03-24 20:50:00,754 - __main__ - INFO -    ✓ MC InferenceData: 25000 draws, 5535 equities
2026-03-24 20:50:05,899 - finance_ml.analytics.inference_schema - INFO - Built InferenceData: 4 chains × 4000 draws × 6379 equities
2026-03-24 20:50:29,370 - __main__ - INFO -    ✓ Beat InferenceData: 4 chains × 4000 draws
2026-03-24 20:51:24,051 - __main__ - INFO -    ✓ Credit Risk InferenceData: 6379 equities
2026-03-24 20:51:24,053 - __main__ - INFO -    ✓ EquityCoordinates: 6379 tickers, 6379 sectors
2026-03-24 20:51:24,053 - __main__ - INFO -    Building per-view feature InferenceData...
2026-03-24 20:51:24,347 - __main__ - INFO - 
2026-03-24 20:51:24,348 - __main__ - INFO -   ⏱ Step 8 completed in 85.4s
2026-03-24 20:51:24,354 - __main__ - INFO -   ✓ Enriched df (mv_equities) with 8 viz-critical columns
2026-03-24 20:51:24,360 - __main__ - INFO -   ✓ Enriched beat with 1 viz-critical columns
2026-03-24 20:51:24,365 - __main__ - INFO -   ⚠️ Viz column coverage gaps after enrichment: {'create_distress_early_warning_dashboard': ['distress_probability', 'survival_probability', 'ruin_probability']}
2026-03-24 20:51:24,365 - __main__ - INFO - 
2026-03-24 20:51:24,365 - __main__ - INFO - 📈 Step 9: Generating visualizations...
2026-03-24 20:51:24,365 - __main__ - INFO - --------------------------------------------------------------------------------
2026-03-24 20:51:24,447 - __main__ - INFO -    ✓ er_mc_distribution.html
2026-03-24 20:51:24,594 - __main__ - INFO -    ✓ er_sector_risk_reward.html
2026-03-24 20:51:24,635 - __main__ - INFO -    ✓ er_var_analysis.html
2026-03-24 20:51:24,669 - __main__ - INFO -    ✓ er_posterior_return_forest.html
2026-03-24 20:51:24,790 - __main__ - INFO -    ✓ er_kalman_vs_raw.html
2026-03-24 20:51:24,828 - __main__ - INFO -    ✓ er_tri_model_agreement.html
2026-03-24 20:51:24,872 - __main__ - INFO -    ✓ er_sector_heatmap.html
2026-03-24 20:51:24,897 - __main__ - INFO -    ✓ er_strong_consensus.html
2026-03-24 20:51:25,163 - __main__ - INFO -    ✓ er_tri_model_posterior.html
2026-03-24 20:51:25,205 - __main__ - INFO -    ✓ er_beat_vs_achievement.html
2026-03-24 20:51:25,262 - __main__ - INFO -    ✓ er_beat_probability_posterior.html
2026-03-24 20:51:25,316 - __main__ - INFO -    ✓ er_earnings_probability_dashboard.html
2026-03-24 20:51:25,383 - __main__ - INFO -    ✓ er_revision_momentum.html
2026-03-24 20:51:25,451 - __main__ - INFO -    ✓ er_gaap_divergence.html
2026-03-24 20:51:25,505 - __main__ - INFO -    ✓ er_enhanced_beat_probability.html
2026-03-24 20:51:25,661 - __main__ - INFO -    ✓ er_quality_risk_quadrant.html
2026-03-24 20:51:25,717 - __main__ - INFO -    ✓ er_distress_early_warning.html
2026-03-24 20:51:25,747 - __main__ - INFO -    ✓ er_piotroski_fscore.html
2026-03-24 20:51:25,873 - __main__ - INFO -    ✓ er_altman_zscore.html
2026-03-24 20:51:25,908 - __main__ - INFO -    ✓ er_beneish_mscore.html
2026-03-24 20:51:25,971 - __main__ - INFO -    ✓ er_accounting_anomaly_dashboard.html
2026-03-24 20:51:26,075 - __main__ - INFO -    ✓ er_anomaly_severity_dashboard.html
2026-03-24 20:51:26,131 - __main__ - INFO -    ✓ er_anomaly_conditional_probability.html
2026-03-24 20:51:26,185 - __main__ - INFO -    ✓ er_mcmc_anomaly_posterior.html
2026-03-24 20:51:26,243 - __main__ - INFO -    ✓ er_mcmc_credit_risk_posterior.html
2026-03-24 20:51:26,274 - __main__ - INFO -    ✓ er_mcmc_dividend_cut_posterior.html
2026-03-24 20:51:26,311 - __main__ - INFO -    ✓ er_mcmc_price_target_posterior.html
2026-03-24 20:51:26,365 - __main__ - INFO -    ✓ er_ruin_probability_diagnostic.html
2026-03-24 20:51:26,641 - __main__ - INFO -    ✓ er_expected_returns_summary_posterior.html
2026-03-24 20:51:26,696 - __main__ - INFO -    ✓ er_model_dispersion_dashboard.html
2026-03-24 20:51:27,064 - __main__ - INFO -    ✓ er_return_distribution_fit.html
2026-03-24 20:51:27,145 - __main__ - INFO -    ✓ er_sector_return_analytics.html
2026-03-24 20:51:27,168 - __main__ - INFO -    ✓ er_screening_summary.html
2026-03-24 20:51:27,193 - __main__ - INFO -    ✓ er_price_target_drift.html
2026-03-24 20:51:27,220 - __main__ - INFO -    ✓ er_valuation_multiples.html
2026-03-24 20:51:27,681 - __main__ - INFO -    ✓ er_valuation_distribution.html
2026-03-24 20:51:28,051 - __main__ - INFO -    ✓ er_relative_valuation_matrix.html
2026-03-24 20:51:28,193 - __main__ - INFO -    ✓ er_valuation_vs_growth.html
2026-03-24 20:51:28,324 - __main__ - INFO -    ✓ er_historical_valuation_percentile.html
2026-03-24 20:51:28,432 - __main__ - INFO -    ✓ er_earnings_surprise.html
2026-03-24 20:51:28,478 - __main__ - INFO -    ✓ er_eps_trajectory.html
2026-03-24 20:51:28,503 - __main__ - INFO -    ✓ er_earnings_quality_decomposition.html
2026-03-24 20:51:28,605 - __main__ - INFO -    ✓ er_beat_rate_heatmap.html
2026-03-24 20:51:28,717 - __main__ - INFO -    ✓ er_earnings_consistency_matrix.html
2026-03-24 20:51:28,751 - __main__ - INFO -    ✓ er_growth_waterfall.html
2026-03-24 20:51:28,857 - __main__ - INFO -    ✓ er_growth_consistency_matrix.html
2026-03-24 20:51:29,029 - __main__ - INFO -    ✓ er_growth_vs_profitability.html
2026-03-24 20:51:29,083 - __main__ - INFO -    ✓ er_growth_acceleration.html
2026-03-24 20:51:29,219 - __main__ - INFO -    ✓ er_sustainable_growth.html
2026-03-24 20:51:29,540 - __main__ - INFO -    ✓ er_bayesian_sentiment_ridge.html
2026-03-24 20:51:29,567 - __main__ - INFO -    ✓ er_mcmc_category_sentiment_posterior.html
2026-03-24 20:51:29,659 - __main__ - INFO -    ✓ er_bayesian_profitability_ridge.html
2026-03-24 20:51:29,660 - __main__ - INFO -    📊 Generating ArviZ diagnostic visualizations...
2026-03-24 20:51:29,953 - finance_ml.analytics.visualizations.arviz_diagnostics - INFO - Resampled posterior R̂: <xarray.Dataset> Size: 16B
Dimensions:                ()
Data variables:
    posterior_return       float64 8B 1.001
    posterior_uncertainty  float64 8B 1.009
2026-03-24 20:51:29,956 - __main__ - INFO -    ✓ er_resampled_trace.png
2026-03-24 20:51:29,957 - __main__ - INFO -    ✓ er_resampled_posterior_hdi.png
2026-03-24 20:51:32,983 - __main__ - INFO -    ✓ er_model_alignment_forest.png
2026-03-24 20:51:32,984 - __main__ - INFO -    ✓ er_model_alignment_pair.png
2026-03-24 20:51:45,941 - __main__ - INFO -    ✓ er_agreement_by_sector.png
2026-03-24 20:51:46,260 - __main__ - INFO -    ✓ er_hierarchical_shrinkage.png
2026-03-24 20:53:40,804 - __main__ - INFO -    ✓ er_category_analyst_sentiment_ridge.png
2026-03-24 20:53:40,805 - __main__ - INFO -    ✓ er_category_analyst_sentiment_forest.png
2026-03-24 20:53:40,805 - __main__ - INFO -    ✓ er_category_balance_sheet_ridge.png
2026-03-24 20:53:40,805 - __main__ - INFO -    ✓ er_category_balance_sheet_forest.png
2026-03-24 20:53:40,805 - __main__ - INFO -    ✓ er_category_cash_flow_ridge.png
2026-03-24 20:53:40,805 - __main__ - INFO -    ✓ er_category_cash_flow_forest.png
2026-03-24 20:53:40,806 - __main__ - INFO -    ✓ er_category_composite_scores_ridge.png
2026-03-24 20:53:40,807 - __main__ - INFO -    ✓ er_category_composite_scores_forest.png
2026-03-24 20:53:40,807 - __main__ - INFO -    ✓ er_category_cost_structure_ridge.png
2026-03-24 20:53:40,807 - __main__ - INFO -    ✓ er_category_cost_structure_forest.png
2026-03-24 20:53:40,807 - __main__ - INFO -    ✓ er_category_dividend_features_ridge.png
2026-03-24 20:53:40,807 - __main__ - INFO -    ✓ er_category_dividend_features_forest.png
2026-03-24 20:53:40,807 - __main__ - INFO -    ✓ er_category_earnings_quality_ridge.png
2026-03-24 20:53:40,808 - __main__ - INFO -    ✓ er_category_earnings_quality_forest.png
2026-03-24 20:53:40,808 - __main__ - INFO -    ✓ er_category_employment_metrics_ridge.png
2026-03-24 20:53:40,808 - __main__ - INFO -    ✓ er_category_employment_metrics_forest.png
2026-03-24 20:53:40,808 - __main__ - INFO -    ✓ er_category_growth_metrics_ridge.png
2026-03-24 20:53:40,808 - __main__ - INFO -    ✓ er_category_growth_metrics_forest.png
2026-03-24 20:53:40,808 - __main__ - INFO -    ✓ er_category_leverage_and_liquidity_ridge.png
2026-03-24 20:53:40,808 - __main__ - INFO -    ✓ er_category_leverage_and_liquidity_forest.png
2026-03-24 20:53:40,808 - __main__ - INFO -    ✓ er_category_momentum_ridge.png
2026-03-24 20:53:40,808 - __main__ - INFO -    ✓ er_category_momentum_forest.png
2026-03-24 20:53:40,809 - __main__ - INFO -    ✓ er_category_profitability_ridge.png
2026-03-24 20:53:40,809 - __main__ - INFO -    ✓ er_category_profitability_forest.png
2026-03-24 20:53:40,809 - __main__ - INFO -    ✓ er_category_quality_and_risk_ridge.png
2026-03-24 20:53:40,809 - __main__ - INFO -    ✓ er_category_quality_and_risk_forest.png
2026-03-24 20:53:40,809 - __main__ - INFO -    ✓ er_category_technical_analysis_ridge.png
2026-03-24 20:53:40,809 - __main__ - INFO -    ✓ er_category_technical_analysis_forest.png
2026-03-24 20:53:40,809 - __main__ - INFO -    ✓ er_category_temporal_features_forest.png
2026-03-24 20:53:40,809 - __main__ - INFO -    ✓ er_category_unusual_items_ridge.png
2026-03-24 20:53:40,810 - __main__ - INFO -    ✓ er_category_unusual_items_forest.png
2026-03-24 20:53:40,810 - __main__ - INFO -    ✓ er_category_valuation_ratios_ridge.png
2026-03-24 20:53:40,810 - __main__ - INFO -    ✓ er_category_valuation_ratios_forest.png
2026-03-24 20:53:40,833 - __main__ - INFO -   ⏱ Step 9 completed in 136.5s
2026-03-24 20:53:40,833 - __main__ - INFO - 
2026-03-24 20:53:40,833 - __main__ - INFO - 💾 Step 10: Exporting results...
2026-03-24 20:53:40,834 - __main__ - INFO - --------------------------------------------------------------------------------
2026-03-24 20:53:40,864 - root - INFO - Exporting 6378 rows to analytics.kalman_filtered_price_targets
2026-03-24 20:53:40,865 - root - INFO - Exporting 5535 rows to analytics.monte_carlo_simulation
2026-03-24 20:53:40,875 - root - INFO - Exporting 5535 rows to analytics.expected_returns_tri_model
2026-03-24 20:53:40,911 - root - INFO - Exporting 6379 rows to analytics.price_target_achievement
2026-03-24 20:53:41,497 - root - INFO - Export complete: analytics.monte_carlo_simulation
2026-03-24 20:53:41,552 - __main__ - INFO - Exported 5535 rows → analytics.monte_carlo_simulation
2026-03-24 20:53:41,578 - root - INFO - Exporting 50 rows to analytics.strong_consensus_picks
2026-03-24 20:53:41,646 - root - INFO - Export complete: analytics.kalman_filtered_price_targets
2026-03-24 20:53:41,648 - __main__ - INFO - Exported 6378 rows → analytics.kalman_filtered_price_targets
2026-03-24 20:53:41,789 - root - INFO - Export complete: analytics.expected_returns_tri_model
2026-03-24 20:53:41,847 - __main__ - INFO - Exported 5535 rows → analytics.expected_returns_tri_model
2026-03-24 20:53:41,933 - root - INFO - Export complete: analytics.strong_consensus_picks
2026-03-24 20:53:41,934 - __main__ - INFO - Exported 50 rows → analytics.strong_consensus_picks
2026-03-24 20:53:42,116 - __main__ - INFO - Export skipped (unchanged): analytics.earnings_probability_analysis
2026-03-24 20:53:42,302 - root - INFO - Exporting 6379 rows to analytics.dividend_safety_analysis
2026-03-24 20:53:42,306 - root - INFO - Exporting 5535 rows to analytics.expected_returns_summary
2026-03-24 20:53:42,702 - root - INFO - Export complete: analytics.price_target_achievement
2026-03-24 20:53:42,703 - __main__ - INFO - Exported 6379 rows → analytics.price_target_achievement
2026-03-24 20:53:43,603 - root - INFO - Export complete: analytics.dividend_safety_analysis
2026-03-24 20:53:43,604 - __main__ - INFO - Exported 6379 rows → analytics.dividend_safety_analysis
2026-03-24 20:53:43,921 - root - INFO - Exporting 6379 rows to analytics.credit_risk_analysis
2026-03-24 20:53:43,934 - __main__ - INFO - Export skipped (unchanged): analytics.quality_stocks
2026-03-24 20:53:44,613 - root - INFO - Exporting 6379 rows to analytics.accounting_anomaly_analysis
2026-03-24 20:53:47,730 - root - INFO - Export complete: analytics.expected_returns_summary
2026-03-24 20:53:47,745 - __main__ - INFO - Exported 5535 rows → analytics.expected_returns_summary
2026-03-24 20:53:49,106 - __main__ - INFO - Export skipped (unchanged): analytics.earnings_quality_stocks
2026-03-24 20:54:08,845 - root - INFO - Export complete: analytics.credit_risk_analysis
2026-03-24 20:54:08,845 - __main__ - INFO - Exported 6379 rows → analytics.credit_risk_analysis
2026-03-24 20:54:08,850 - __main__ - INFO - Export skipped (unchanged): analytics.value_stocks
2026-03-24 20:54:08,863 - __main__ - INFO - Export skipped (unchanged): analytics.dividend_quality_stocks
2026-03-24 20:54:09,090 - __main__ - INFO - Export skipped (unchanged): analytics.growth_momentum_stocks
2026-03-24 20:54:09,107 - __main__ - INFO - Export skipped (unchanged): analytics.valuation_reversion_stocks
2026-03-24 20:54:09,190 - __main__ - INFO - Export skipped (unchanged): analytics.garp_stocks
2026-03-24 20:54:09,202 - __main__ - INFO - Export skipped (unchanged): analytics.high_yield_safe_dividend_stocks
2026-03-24 20:54:09,285 - __main__ - INFO - Export skipped (unchanged): analytics.healthy_stocks
2026-03-24 20:54:09,530 - __main__ - INFO - Export skipped (unchanged): analytics.integrity_filtered_growth_stocks
2026-03-24 20:54:09,840 - __main__ - INFO - Export skipped (unchanged): analytics.sector_relative_ranking
2026-03-24 20:54:10,001 - __main__ - INFO - Export skipped (unchanged): analytics.screen_fcf_compounders
2026-03-24 20:54:10,014 - __main__ - INFO - Export skipped (unchanged): analytics.screen_low_vol_quality
2026-03-24 20:54:10,158 - __main__ - INFO - Export skipped (unchanged): analytics.screen_total_return_leaders
2026-03-24 20:54:11,196 - root - INFO - Export complete: analytics.accounting_anomaly_analysis
2026-03-24 20:54:11,196 - __main__ - INFO - Exported 6379 rows → analytics.accounting_anomaly_analysis
2026-03-24 20:54:11,199 - __main__ - INFO -    ✓ monte_carlo_simulation → analytics.monte_carlo_simulation
2026-03-24 20:54:11,199 - __main__ - INFO -    ✓ kalman_filtered_price_targets → analytics.kalman_filtered_price_targets
2026-03-24 20:54:11,199 - __main__ - INFO -    ✓ expected_returns_tri_model → analytics.expected_returns_tri_model
2026-03-24 20:54:11,200 - __main__ - INFO -    ✓ strong_consensus_picks → analytics.strong_consensus_picks
2026-03-24 20:54:11,200 - __main__ - INFO -    ✓ earnings_probability_analysis → analytics.earnings_probability_analysis (cached)
2026-03-24 20:54:11,200 - __main__ - INFO -    ✓ price_target_achievement → analytics.price_target_achievement
2026-03-24 20:54:11,200 - __main__ - INFO -    ✓ dividend_safety_analysis → analytics.dividend_safety_analysis
2026-03-24 20:54:11,200 - __main__ - INFO -    ✓ quality_stocks → analytics.quality_stocks (cached)
2026-03-24 20:54:11,200 - __main__ - INFO -    ✓ expected_returns_summary → analytics.expected_returns_summary
2026-03-24 20:54:11,200 - __main__ - INFO -    ✓ earnings_quality_stocks → analytics.earnings_quality_stocks (cached)
2026-03-24 20:54:11,200 - __main__ - INFO -    ✓ credit_risk_analysis → analytics.credit_risk_analysis
2026-03-24 20:54:11,201 - __main__ - INFO -    ✓ value_stocks → analytics.value_stocks (cached)
2026-03-24 20:54:11,201 - __main__ - INFO -    ✓ dividend_quality_stocks → analytics.dividend_quality_stocks (cached)
2026-03-24 20:54:11,201 - __main__ - INFO -    ✓ growth_momentum_stocks → analytics.growth_momentum_stocks (cached)
2026-03-24 20:54:11,201 - __main__ - INFO -    ✓ valuation_reversion_stocks → analytics.valuation_reversion_stocks (cached)
2026-03-24 20:54:11,201 - __main__ - INFO -    ✓ garp_stocks → analytics.garp_stocks (cached)
2026-03-24 20:54:11,202 - __main__ - INFO -    ✓ high_yield_safe_dividend_stocks → analytics.high_yield_safe_dividend_stocks (cached)
2026-03-24 20:54:11,202 - __main__ - INFO -    ✓ healthy_stocks → analytics.healthy_stocks (cached)
2026-03-24 20:54:11,202 - __main__ - INFO -    ✓ integrity_filtered_growth_stocks → analytics.integrity_filtered_growth_stocks (cached)
2026-03-24 20:54:11,202 - __main__ - INFO -    ✓ sector_relative_ranking → analytics.sector_relative_ranking (cached)
2026-03-24 20:54:11,202 - __main__ - INFO -    ✓ screen_fcf_compounders → analytics.screen_fcf_compounders (cached)
2026-03-24 20:54:11,202 - __main__ - INFO -    ✓ screen_low_vol_quality → analytics.screen_low_vol_quality (cached)
2026-03-24 20:54:11,203 - __main__ - INFO -    ✓ screen_total_return_leaders → analytics.screen_total_return_leaders (cached)
2026-03-24 20:54:11,203 - __main__ - INFO -    ✓ accounting_anomaly_analysis → analytics.accounting_anomaly_analysis
2026-03-24 20:54:12,362 - root - INFO - Exporting 6379 rows to analytics.earnings_probability_analysis
2026-03-24 20:54:13,987 - root - INFO - Export complete: analytics.earnings_probability_analysis
2026-03-24 20:54:14,250 - root - INFO - Exported 6379 rows to outputs\analytics\earnings_probability_analysis.csv
2026-03-24 20:54:14,366 - root - INFO - Exported 6379 rows to outputs\analytics\earnings_probability_analysis.json
2026-03-24 20:54:14,367 - root - INFO - Exporting 6379 rows to analytics.eps_streak_analysis
2026-03-24 20:54:15,285 - root - INFO - Export complete: analytics.eps_streak_analysis
2026-03-24 20:54:15,434 - root - INFO - Exported 6379 rows to outputs\analytics\eps_streak_analysis.csv
2026-03-24 20:54:15,505 - root - INFO - Exported 6379 rows to outputs\analytics\eps_streak_analysis.json
2026-03-24 20:54:15,508 - root - INFO - Exporting 8 rows to analytics.probability_analytics_summary
2026-03-24 20:54:15,550 - root - INFO - Export complete: analytics.probability_analytics_summary
2026-03-24 20:54:15,552 - root - INFO - Exported 8 rows to outputs\analytics\probability_analytics_summary.csv
2026-03-24 20:54:15,553 - root - INFO - Exported 8 rows to outputs\analytics\probability_analytics_summary.json
2026-03-24 20:54:15,553 - finance_ml.analytics.probability_analytics - INFO - Exported probability analytics results to database and outputs\analytics
2026-03-24 20:54:15,554 - __main__ - INFO -    ✓ earnings_probability_analysis_db → analytics.earnings_probability_analysis
2026-03-24 20:54:15,554 - __main__ - INFO -    ✓ earnings_probability_analysis_csv → outputs\analytics\earnings_probability_analysis.csv
2026-03-24 20:54:15,554 - __main__ - INFO -    ✓ eps_streak_analysis_db → analytics.eps_streak_analysis
2026-03-24 20:54:15,554 - __main__ - INFO -    ✓ eps_streak_analysis_csv → outputs\analytics\eps_streak_analysis.csv
2026-03-24 20:54:15,555 - __main__ - INFO -    ✓ probability_analytics_summary_db → analytics.probability_analytics_summary
2026-03-24 20:54:15,555 - __main__ - INFO -    ✓ probability_analytics_summary_csv → outputs\analytics\probability_analytics_summary.csv
2026-03-24 20:54:15,555 - __main__ - INFO -   ⏱ Step 10 completed in 34.7s
2026-03-24 20:54:15,555 - __main__ - INFO - 
2026-03-24 20:54:15,555 - __main__ - INFO - ================================================================================
2026-03-24 20:54:15,556 - __main__ - INFO - ✅ EXPECTED RETURNS ANALYTICS v3.6 COMPLETE
2026-03-24 20:54:15,556 - __main__ - INFO - ================================================================================
2026-03-24 20:54:15,556 - __main__ - INFO - 
2026-03-24 20:54:15,556 - __main__ - INFO -   Data sources:
2026-03-24 20:54:15,556 - __main__ - INFO -     mv_expected_returns:       6,379 stocks × 685 features
2026-03-24 20:54:15,556 - __main__ - INFO -     mv_all_stock_features:     6,379 stocks × 733 features
2026-03-24 20:54:15,557 - __main__ - INFO - 
2026-03-24 20:54:15,557 - __main__ - INFO -   Models:
2026-03-24 20:54:15,557 - __main__ - INFO -     Monte Carlo simulations:   5,535
2026-03-24 20:54:15,557 - __main__ - INFO -     Price target achievements: 6,379
2026-03-24 20:54:15,557 - __main__ - INFO -     Kalman-filtered targets:   6,378
2026-03-24 20:54:15,557 - __main__ - INFO -     Earnings beat analyses:    6,379
2026-03-24 20:54:15,558 - __main__ - INFO -     Credit risk analyses:      6,379
2026-03-24 20:54:15,558 - __main__ - INFO -     Dividend safety analyses:  6,379
2026-03-24 20:54:15,558 - __main__ - INFO -     Accounting anomaly analyses: 6,379
2026-03-24 20:54:15,558 - __main__ - INFO - 
2026-03-24 20:54:15,558 - __main__ - INFO -   Alignment:
2026-03-24 20:54:15,558 - __main__ - INFO -     Tri-model aligned:         5,535
2026-03-24 20:54:15,558 - __main__ - INFO -     Strong consensus picks:    50
2026-03-24 20:54:15,559 - __main__ - INFO -     Quad-model full consensus: 1547
2026-03-24 20:54:15,559 - __main__ - INFO -     Expected returns summary:  5,535 stocks, 1547 full consensus
2026-03-24 20:54:15,559 - __main__ - INFO -     MC ↔ Kalman correlation:   0.955
2026-03-24 20:54:15,559 - __main__ - INFO - 
2026-03-24 20:54:15,559 - __main__ - INFO -   Screening:
2026-03-24 20:54:15,560 - __main__ - INFO -     quality: 958 stocks
2026-03-24 20:54:15,560 - __main__ - INFO -     earnings_quality: 1,162 stocks
2026-03-24 20:54:15,560 - __main__ - INFO -     value: 1,054 stocks
2026-03-24 20:54:15,560 - __main__ - INFO -     growth: 2,821 stocks
2026-03-24 20:54:15,560 - __main__ - INFO -     garp: 923 stocks
2026-03-24 20:54:15,560 - __main__ - INFO -     dividend: 15 stocks
2026-03-24 20:54:15,560 - __main__ - INFO -     healthy: 1,428 stocks
2026-03-24 20:54:15,561 - __main__ - INFO -     valuation_reversion: 448 stocks
2026-03-24 20:54:15,561 - __main__ - INFO -     integrity_growth: 1,072 stocks
2026-03-24 20:54:15,561 - __main__ - INFO -     high_yield_safe: 45 stocks
2026-03-24 20:54:15,561 - __main__ - INFO -     sector_relative: 6,379 stocks
2026-03-24 20:54:15,561 - __main__ - INFO -     low_vol_quality: 2,277 stocks
2026-03-24 20:54:15,561 - __main__ - INFO -     fcf_compounders: 963 stocks
2026-03-24 20:54:15,562 - __main__ - INFO -     total_return_leaders: 6,379 stocks
2026-03-24 20:54:15,562 - __main__ - INFO - 
2026-03-24 20:54:15,562 - __main__ - INFO -   Probability Analytics:
2026-03-24 20:54:15,562 - __main__ - INFO -     Categories analyzed:       17
2026-03-24 20:54:15,562 - __main__ - INFO - 
2026-03-24 20:54:15,562 - __main__ - INFO -   Outputs: outputs\analytics/
2026-03-24 20:54:15,562 - __main__ - INFO - 
2026-03-24 20:57:00,363 - __main__ - INFO - ================================================================================
2026-03-24 20:57:00,364 - __main__ - INFO - Expected Returns Analytics Pipeline v3.6
2026-03-24 20:57:00,365 - __main__ - INFO - ================================================================================
2026-03-24 20:57:00,365 - __main__ - INFO - 
2026-03-24 20:57:00,365 - __main__ - INFO - 🔧 Numba: True, Joblib: True, ArviZ: True
2026-03-24 20:57:00,366 - __main__ - INFO -    n_jobs=-1, max_features/cat=100, caching=on (TTL=24.0h)
2026-03-24 20:57:00,451 - __main__ - INFO - Cache cleanup (full purge): removed 1 files from .cache
2026-03-24 20:57:00,451 - __main__ - INFO -    🧹 Cleaned 1 expired cache files
2026-03-24 20:57:00,452 - __main__ - INFO - 📦 Step 1: Loading feature data (v3.6: equities MV + feature views + all stock features MV)...
2026-03-24 20:57:00,452 - __main__ - INFO - --------------------------------------------------------------------------------
2026-03-24 20:57:00,454 - root - INFO - Loading equities data from localhost:5432/postgres (view: public.mv_equities)
2026-03-24 20:57:03,179 - root - INFO - Loaded 6379 rows from public.mv_equities
2026-03-24 20:57:03,181 - root - INFO - Backfill complete. Columns: 677
2026-03-24 20:57:03,214 - root - INFO - Loaded 25 feature categories from database
2026-03-24 20:57:03,214 - __main__ - INFO - Loaded 25 feature categories (310 total features)
2026-03-24 20:57:03,215 - __main__ - INFO - All feature categories have ≥80%% coverage
2026-03-24 20:57:03,215 - __main__ - INFO - Loaded expected returns data: 6379 stocks × 677 features
2026-03-24 20:57:03,215 - __main__ - INFO - ✓ Loaded mv_equities: 6,379 stocks × 677 features
2026-03-24 20:57:03,249 - root - INFO - Loaded 32 identifier columns from public.vw_identifier_columns
2026-03-24 20:57:03,249 - root - INFO - Loading view: public.vw_features_analyst_sentiment
2026-03-24 20:57:03,563 - root - INFO - Loaded 6379 rows from vw_features_analyst_sentiment
2026-03-24 20:57:03,564 - root - INFO - Loading view: public.vw_features_balance_sheet
2026-03-24 20:57:03,963 - root - INFO - Loaded 6379 rows from vw_features_balance_sheet
2026-03-24 20:57:03,964 - root - INFO - Loading view: public.vw_features_cashflow
2026-03-24 20:57:04,504 - root - INFO - Loaded 6379 rows from vw_features_cashflow
2026-03-24 20:57:04,504 - root - INFO - Loading view: public.vw_features_composite_scores
2026-03-24 20:57:04,790 - root - INFO - Loaded 6379 rows from vw_features_composite_scores
2026-03-24 20:57:04,790 - root - INFO - Loading view: public.vw_features_cost_structure
2026-03-24 20:57:05,114 - root - INFO - Loaded 6379 rows from vw_features_cost_structure
2026-03-24 20:57:05,114 - root - INFO - Loading view: public.vw_features_dividends
2026-03-24 20:57:05,309 - root - INFO - Loaded 6379 rows from vw_features_dividends
2026-03-24 20:57:05,310 - root - INFO - Loading view: public.vw_features_earnings
2026-03-24 20:57:05,822 - root - INFO - Loaded 6379 rows from vw_features_earnings
2026-03-24 20:57:05,823 - root - INFO - Loading view: public.vw_features_employment
2026-03-24 20:57:06,022 - root - INFO - Loaded 6379 rows from vw_features_employment
2026-03-24 20:57:06,023 - root - INFO - Loading view: public.vw_features_growth
2026-03-24 20:57:06,506 - root - INFO - Loaded 6379 rows from vw_features_growth
2026-03-24 20:57:06,507 - root - INFO - Loading view: public.vw_features_leverage_liquidity
2026-03-24 20:57:07,077 - root - INFO - Loaded 6379 rows from vw_features_leverage_liquidity
2026-03-24 20:57:07,077 - root - INFO - Loading view: public.vw_features_momentum
2026-03-24 20:57:07,361 - root - INFO - Loaded 6379 rows from vw_features_momentum
2026-03-24 20:57:07,361 - root - INFO - Loading view: public.vw_features_profitability
2026-03-24 20:57:07,859 - root - INFO - Loaded 6379 rows from vw_features_profitability
2026-03-24 20:57:07,859 - root - INFO - Loading view: public.vw_features_quality_risk
2026-03-24 20:57:08,263 - root - INFO - Loaded 6379 rows from vw_features_quality_risk
2026-03-24 20:57:08,264 - root - INFO - Loading view: public.vw_features_technical_analysis
2026-03-24 20:57:08,422 - root - INFO - Loaded 6379 rows from vw_features_technical_analysis
2026-03-24 20:57:08,422 - root - INFO - Loading view: public.vw_features_temporal
2026-03-24 20:57:08,603 - root - INFO - Loaded 6379 rows from vw_features_temporal
2026-03-24 20:57:08,604 - root - INFO - Loading view: public.vw_features_unusual_items
2026-03-24 20:57:08,767 - root - INFO - Loaded 6379 rows from vw_features_unusual_items
2026-03-24 20:57:08,768 - root - INFO - Loading view: public.vw_features_valuation_ratios
2026-03-24 20:57:09,158 - root - INFO - Loaded 6379 rows from vw_features_valuation_ratios
2026-03-24 20:57:10,338 - root - INFO - Backfill complete. Columns: 718
2026-03-24 20:57:10,385 - __main__ - INFO - Kalman momentum filter applied to 5 columns
2026-03-24 20:57:11,086 - __main__ - INFO - Loaded all stock features: 6379 stocks × 728 features, 17 view specs
2026-03-24 20:57:11,086 - __main__ - INFO - ✓ Loaded feature views: 6,379 stocks × 728 features
2026-03-24 20:57:11,087 - __main__ - INFO -   View specs loaded: 17 views
2026-03-24 20:57:11,087 - root - INFO - Loading feature data from localhost:5432/postgres (view: public.mv_all_stock_features, earnings_date_filter: 2026-01-01)
2026-03-24 20:57:15,040 - root - INFO - Loaded 6379 rows from public.mv_all_stock_features
2026-03-24 20:57:15,041 - __main__ - INFO - Loaded mv_all_stock_features: 6379 rows × 818 columns
2026-03-24 20:57:15,041 - __main__ - INFO - ✓ Loaded mv_all_stock_features: 6,379 stocks × 818 features
2026-03-24 20:57:15,105 - __main__ - INFO -   Schema metadata: 674 columns
2026-03-24 20:57:15,106 - __main__ - INFO -   Feature registry: 74 functions
2026-03-24 20:57:15,146 - __main__ - INFO -   mv_equities spec unavailable: DataFrame must contain a 'ticker' column
2026-03-24 20:57:15,147 - __main__ - INFO - 
2026-03-24 20:57:15,147 - __main__ - INFO - 📦 Step 1b: Pre-computing historical target drift enrichment...
2026-03-24 20:57:15,148 - __main__ - INFO - --------------------------------------------------------------------------------
2026-03-24 20:57:15,178 - root - INFO - Loaded 674 column definitions from public.equities_schema_metadata
2026-03-24 20:57:15,178 - root - INFO - Cached equities schema: 674 columns across 26 roles
2026-03-24 20:57:15,179 - __main__ - INFO - Column lists derived from equities schema (46 total columns)
2026-03-24 20:57:15,179 - __main__ - INFO - Historical price/target coverage: 40 / 40 columns available (historical_prices=9, historical_targets=7, historical_targets_high=8, historical_targets_low=8, historical_targets_median=8)
2026-03-24 20:57:15,197 - __main__ - INFO - Historical target drift enrichment: 12 derived columns added
2026-03-24 20:57:15,198 - __main__ - INFO - ✓ Historical drift enrichment complete (12 derived columns)
2026-03-24 20:57:15,198 - __main__ - INFO -   ⏱ Step 1 completed in 14.7s
2026-03-24 20:57:15,199 - __main__ - INFO - 
2026-03-24 20:57:15,199 - __main__ - INFO - 🎲 Step 2: Monte Carlo price target simulation (50,000 samples)...
2026-03-24 20:57:15,199 - __main__ - INFO - --------------------------------------------------------------------------------
2026-03-24 20:57:23,504 - __main__ - INFO - Monte Carlo simulation: 5535 stocks processed
2026-03-24 20:57:23,508 - __main__ - INFO - ✓ 5,535 stocks simulated
2026-03-24 20:57:23,509 - __main__ - INFO -   Mean upside:  33.6%
2026-03-24 20:57:23,509 - __main__ - INFO -   Median upside: 24.8%
2026-03-24 20:57:23,510 - __main__ - INFO -   Positive prob (mean): 85.5%
2026-03-24 20:57:23,511 - __main__ - INFO - Computed price_target_mc for 5535 / 5535 stocks (mean=7190.40)
2026-03-24 20:57:23,512 - __main__ - INFO -   Monte Carlo targets (5,535 stocks): implied return=19.2%
2026-03-24 20:57:23,653 - __main__ - INFO - Monte Carlo: computed detailed statistics for 5 / 5 columns
2026-03-24 20:57:29,995 - __main__ - INFO - MCMC Student-t: μ=23.93 (±0.33), df=2.0
2026-03-24 20:57:29,995 - __main__ - INFO - 
  📐 Best-fit distribution: t (AIC=54343.7, KS p=0.000)
2026-03-24 20:57:29,996 - __main__ - INFO - 
  📉 VaR 1%: -26.5%  |  CVaR 5%: -20.8%
2026-03-24 20:57:29,996 - __main__ - INFO -      Downside deviation: 16.37
2026-03-24 20:57:29,996 - __main__ - INFO -      Gain/Loss ratio: 3.45
2026-03-24 20:57:29,996 - __main__ - INFO - 
  🏷️  Tiers: High-conviction=3198, Moderate=1706, Speculative=17, Avoid=627
2026-03-24 20:57:29,997 - __main__ - INFO -   ⏱ Step 2 completed in 14.8s
2026-03-24 20:57:29,997 - __main__ - INFO - 
2026-03-24 20:57:29,997 - __main__ - INFO - 🎯 Step 3: Price target achievement model...
2026-03-24 20:57:29,997 - __main__ - INFO - --------------------------------------------------------------------------------
2026-03-24 20:57:30,017 - __main__ - INFO - Price target achievement: merged 26 sentiment columns from feature views
2026-03-24 20:57:30,023 - __main__ - INFO - Price target: merged 36 risk columns
2026-03-24 20:57:35,412 - finance_ml.analytics.probability_analytics - INFO - MH sampler for price target: acceptance_rate=0.224, mean_posterior=32.492
2026-03-24 20:57:51,500 - __main__ - INFO - Price target achievement: 6379 stocks processed
2026-03-24 20:57:51,504 - __main__ - INFO - ✓ 6,379 stocks analyzed
2026-03-24 20:57:51,505 - __main__ - INFO -   Mean achievement prob: 0.451
2026-03-24 20:57:51,505 - __main__ - INFO -   Mean prob-weighted return: 8.2%
2026-03-24 20:57:51,511 - __main__ - INFO - Computed price_target_prob_weighted for 6379 / 6379 stocks (mean=5875.85)
2026-03-24 20:57:51,514 - __main__ - INFO -   Prob-weighted targets (6,379 stocks): implied return=6.5%
2026-03-24 20:57:51,688 - __main__ - INFO - Price Target Achievement: computed detailed statistics for 5 / 5 columns
2026-03-24 20:57:51,699 - __main__ - INFO -   ⏱ Step 3 completed in 21.7s
2026-03-24 20:57:51,700 - __main__ - INFO - 
2026-03-24 20:57:51,700 - __main__ - INFO - 📐 Step 4: Kalman-filtered price targets...
2026-03-24 20:57:51,700 - __main__ - INFO - --------------------------------------------------------------------------------
2026-03-24 20:57:52,403 - __main__ - INFO - Kalman filter: 6378 stocks processed
2026-03-24 20:57:52,405 - __main__ - INFO - ✓ 6,378 stocks filtered
2026-03-24 20:57:52,406 - __main__ - INFO -   Mean filtered upside: 24.7%
2026-03-24 20:57:52,490 - __main__ - INFO - Kalman Filter: computed detailed statistics for 3 / 3 columns
2026-03-24 20:57:52,497 - __main__ - INFO -   ⏱ Step 4 completed in 0.8s
2026-03-24 20:57:52,497 - __main__ - INFO - 
2026-03-24 20:57:52,497 - __main__ - INFO - 📊 Step 5: Bayesian earnings beat analysis...
2026-03-24 20:57:52,497 - __main__ - INFO - --------------------------------------------------------------------------------
2026-03-24 20:57:54,387 - __main__ - INFO - Earnings beat analysis: 6379 stocks processed
2026-03-24 20:57:55,537 - __main__ - INFO - EPS streak enrichment: 8 columns added
2026-03-24 20:59:34,016 - __main__ - INFO - Resampled beat enrichment: 12 columns added
2026-03-24 20:59:34,357 - __main__ - INFO - ✓ 6,379 stocks analyzed
2026-03-24 20:59:34,358 - __main__ - INFO -   Mean P(beat): 0.435
2026-03-24 20:59:34,359 - __main__ - INFO -   Classified as 'likely_beat': 2843
2026-03-24 20:59:34,359 - __main__ - INFO -   ⏱ Step 5 completed in 101.9s
2026-03-24 20:59:34,359 - __main__ - INFO - 
2026-03-24 20:59:34,359 - __main__ - INFO - 🔬 Step 5b: Accounting anomaly detection & analytics...
2026-03-24 20:59:34,360 - __main__ - INFO - --------------------------------------------------------------------------------
2026-03-24 20:59:34,382 - __main__ - INFO - Accounting anomaly analysis: merged 32 columns from feature views
2026-03-24 20:59:42,081 - finance_ml.analytics.probability_analytics - INFO - MH sampler for anomaly scores: acceptance_rate=0.202, threshold=33.79, mean_posterior=35.091
2026-03-24 20:59:53,755 - finance_ml.analytics.probability_analytics - INFO - Anomaly MCMC converged: R̂=1.0000
2026-03-24 20:59:53,756 - finance_ml.analytics.probability_analytics - INFO - AccountingAnomalyProbabilityModel: severity computed for 6379 stocks, 820 multi-flag alerts, mean conditional P(anomaly)=0.304
2026-03-24 21:00:01,884 - __main__ - INFO - MCMC anomaly posterior: location=34.097
2026-03-24 21:00:01,885 - __main__ - INFO - Accounting anomaly analysis: 6379 stocks processed
2026-03-24 21:00:01,889 - __main__ - INFO -   Anomaly tier distribution:
2026-03-24 21:00:01,889 - __main__ - INFO -     Clean: 2,039 (32.0%)
2026-03-24 21:00:01,890 - __main__ - INFO -     Watch: 3,118 (48.9%)
2026-03-24 21:00:01,890 - __main__ - INFO -     Flag: 1,163 (18.2%)
2026-03-24 21:00:01,890 - __main__ - INFO -     Alert: 59 (0.9%)
2026-03-24 21:00:01,891 - __main__ - INFO -   Anomaly score — mean: 35.1, median: 33.8, std: 16.0, max: 100.0
2026-03-24 21:00:01,892 - __main__ - INFO -   Stocks with ≥1 flagged feature: 5,827, ≥10 flags: 820
2026-03-24 21:00:01,892 - __main__ - INFO -   Per-feature anomaly flags:
2026-03-24 21:00:01,892 - __main__ - INFO -     discontinued_ops_impact: 77 stocks flagged
2026-03-24 21:00:01,893 - __main__ - INFO -     ebit_adjustment_pct_fy: 1,914 stocks flagged
2026-03-24 21:00:01,893 - __main__ - INFO -     ebit_adjustment_pct_ltm: 268 stocks flagged
2026-03-24 21:00:01,893 - __main__ - INFO -     ebitda_adjustment_pct_fy: 1,708 stocks flagged
2026-03-24 21:00:01,893 - __main__ - INFO -     ebitda_adjustment_pct_ltm: 107 stocks flagged
2026-03-24 21:00:01,894 - __main__ - INFO -     ebitda_adjustment_ratio: 141 stocks flagged
2026-03-24 21:00:01,894 - __main__ - INFO -     eps_adjustment_pct: 770 stocks flagged
2026-03-24 21:00:01,894 - __main__ - INFO -     eps_adjustment_ratio: 750 stocks flagged
2026-03-24 21:00:01,894 - __main__ - INFO -     eps_adjustment_ratio_comp: 750 stocks flagged
2026-03-24 21:00:01,894 - __main__ - INFO -     eps_adjustment_spread_fy: 1,831 stocks flagged
2026-03-24 21:00:01,895 - __main__ - INFO -     eps_adjustment_spread_ltm: 1,047 stocks flagged
2026-03-24 21:00:01,895 - __main__ - INFO -     eps_growth_accel: 372 stocks flagged
2026-03-24 21:00:01,895 - __main__ - INFO -     eps_surprise_pct: 647 stocks flagged
2026-03-24 21:00:01,895 - __main__ - INFO -     exceptional_items_frequency: 511 stocks flagged
2026-03-24 21:00:01,895 - __main__ - INFO -     exceptional_items_to_ebitda: 2,953 stocks flagged
2026-03-24 21:00:01,896 - __main__ - INFO -     forward_eps_gaap_adj_spread: 1,686 stocks flagged
2026-03-24 21:00:01,896 - __main__ - INFO -     gaap_adj_eps_gap_pct: 1,522 stocks flagged
2026-03-24 21:00:01,896 - __main__ - INFO -     gaap_revision_1m: 1,108 stocks flagged
2026-03-24 21:00:01,896 - __main__ - INFO -     gaap_revision_1y: 563 stocks flagged
2026-03-24 21:00:01,896 - __main__ - INFO -     gaap_revision_3m: 956 stocks flagged
2026-03-24 21:00:01,897 - __main__ - INFO -     gaap_revision_6m: 822 stocks flagged
2026-03-24 21:00:01,897 - __main__ - INFO -     gaap_revision_momentum: 1,221 stocks flagged
2026-03-24 21:00:01,897 - __main__ - INFO -     gaap_vs_norm_revision_spread: 1,071 stocks flagged
2026-03-24 21:00:01,898 - __main__ - INFO -     goodwill_change_rate: 1,275 stocks flagged
2026-03-24 21:00:01,898 - __main__ - INFO -     net_income_adjustment_pct: 172 stocks flagged
2026-03-24 21:00:01,898 - __main__ - INFO -     net_income_adjustment_ratio_fy: 2,146 stocks flagged
2026-03-24 21:00:01,898 - __main__ - INFO -     net_income_adjustment_ratio_ltm: 728 stocks flagged
2026-03-24 21:00:01,898 - __main__ - INFO -     restructuring_intensity: 102 stocks flagged
2026-03-24 21:00:01,899 - __main__ - INFO -     revenue_surprise_pct: 833 stocks flagged
2026-03-24 21:00:01,899 - __main__ - INFO -     revision_quality_divergence: 944 stocks flagged
2026-03-24 21:00:01,900 - __main__ - INFO -   Mahalanobis distance — computed: 1,312, mean: 3.77, p95: 8.50
2026-03-24 21:00:01,900 - __main__ - INFO -   Sector-relative outliers (|z| > 2): 256
2026-03-24 21:00:01,901 - __main__ - INFO -   Severity score — mean: 38.03, median: 34.50, max: 100.00
2026-03-24 21:00:01,902 - __main__ - INFO -   Conditional P(anomaly) — mean: 0.304, median: 0.280, max: 0.469
2026-03-24 21:00:01,902 - __main__ - INFO -   Multi-flag alerts: 820
2026-03-24 21:00:01,903 - __main__ - INFO -   Stocks in top 10% risk rank: 638
2026-03-24 21:00:01,903 - __main__ - INFO -   Benford's Law chi² p-value: 0.0006 (⚠️ suspicious)
2026-03-24 21:00:01,904 - __main__ - INFO -   Best-fit distributions per feature:
2026-03-24 21:00:01,905 - __main__ - INFO -     asset_sale_boost: student_t (mean KS p=0.000)
2026-03-24 21:00:01,905 - __main__ - INFO -     discontinued_ops_impact: student_t (mean KS p=0.000)
2026-03-24 21:00:01,906 - __main__ - INFO -     ebit_adjustment_pct_fy: student_t (mean KS p=0.000)
2026-03-24 21:00:01,907 - __main__ - INFO -     ebit_adjustment_pct_ltm: student_t (mean KS p=0.000)
2026-03-24 21:00:01,908 - __main__ - INFO -     ebitda_adjustment_pct_fy: student_t (mean KS p=0.000)
2026-03-24 21:00:01,908 - __main__ - INFO -     ebitda_adjustment_pct_ltm: student_t (mean KS p=0.000)
2026-03-24 21:00:01,909 - __main__ - INFO -     ebitda_adjustment_ratio: student_t (mean KS p=0.000)
2026-03-24 21:00:01,910 - __main__ - INFO -     eps_adjustment_pct: student_t (mean KS p=0.000)
2026-03-24 21:00:01,911 - __main__ - INFO -     eps_adjustment_ratio_comp: student_t (mean KS p=0.000)
2026-03-24 21:00:01,912 - __main__ - INFO -     eps_adjustment_ratio: student_t (mean KS p=0.000)
2026-03-24 21:00:01,912 - __main__ - INFO -     eps_adjustment_spread_fy: student_t (mean KS p=0.000)
2026-03-24 21:00:01,913 - __main__ - INFO -     eps_adjustment_spread_ltm: student_t (mean KS p=0.000)
2026-03-24 21:00:01,913 - __main__ - INFO -     eps_growth_accel: student_t (mean KS p=0.146)
2026-03-24 21:00:01,914 - __main__ - INFO -     eps_surprise_pct: student_t (mean KS p=0.000)
2026-03-24 21:00:01,915 - __main__ - INFO -     exceptional_items_frequency: student_t (mean KS p=0.000)
2026-03-24 21:00:01,916 - __main__ - INFO -     exceptional_items_to_ebitda: student_t (mean KS p=0.000)
2026-03-24 21:00:01,916 - __main__ - INFO -     forward_eps_gaap_adj_spread: student_t (mean KS p=0.000)
2026-03-24 21:00:01,917 - __main__ - INFO -     gaap_adj_eps_gap_pct: student_t (mean KS p=0.000)
2026-03-24 21:00:01,919 - __main__ - INFO -     gaap_revision_1m: student_t (mean KS p=0.000)
2026-03-24 21:00:01,919 - __main__ - INFO -     gaap_revision_1y: student_t (mean KS p=0.002)
2026-03-24 21:00:01,921 - __main__ - INFO -     gaap_revision_3m: student_t (mean KS p=0.000)
2026-03-24 21:00:01,922 - __main__ - INFO -     gaap_revision_6m: student_t (mean KS p=0.001)
2026-03-24 21:00:01,923 - __main__ - INFO -     gaap_revision_momentum: student_t (mean KS p=0.000)
2026-03-24 21:00:01,924 - __main__ - INFO -     gaap_vs_norm_revision_spread: student_t (mean KS p=0.000)
2026-03-24 21:00:01,925 - __main__ - INFO -     goodwill_change_rate: student_t (mean KS p=0.000)
2026-03-24 21:00:01,926 - __main__ - INFO -     net_income_adjustment_pct: student_t (mean KS p=0.000)
2026-03-24 21:00:01,926 - __main__ - INFO -     net_income_adjustment_ratio_fy: student_t (mean KS p=0.000)
2026-03-24 21:00:01,927 - __main__ - INFO -     net_income_adjustment_ratio_ltm: student_t (mean KS p=0.000)
2026-03-24 21:00:01,928 - __main__ - INFO -     restructuring_intensity: student_t (mean KS p=0.000)
2026-03-24 21:00:01,929 - __main__ - INFO -     revenue_surprise_pct: student_t (mean KS p=0.000)
2026-03-24 21:00:01,930 - __main__ - INFO -     revision_quality_divergence: student_t (mean KS p=0.000)
2026-03-24 21:00:01,939 - root - INFO - Exporting 6379 rows to analytics.accounting_anomaly_analysis
2026-03-24 21:00:04,819 - root - INFO - Export complete: analytics.accounting_anomaly_analysis
2026-03-24 21:00:04,819 - __main__ - INFO -   ✓ Exported 6,379 rows → analytics.accounting_anomaly_analysis
2026-03-24 21:00:04,820 - __main__ - INFO - ✓ Accounting anomaly analysis complete: 6,379 stocks
2026-03-24 21:00:04,822 - __main__ - INFO -   ⏱ Step 5b completed in 30.5s
2026-03-24 21:00:04,822 - __main__ - INFO - 
2026-03-24 21:00:04,822 - __main__ - INFO - 🛡️ Step 5c: Credit risk & dividend safety analysis...
2026-03-24 21:00:04,822 - __main__ - INFO - --------------------------------------------------------------------------------
2026-03-24 21:00:04,841 - __main__ - INFO - Credit risk analysis: merged 49 risk columns from feature views
2026-03-24 21:00:12,730 - finance_ml.analytics.probability_analytics - INFO - Sector-adjusted distress: 3442 / 6379 stocks flagged (vs 1425 with global threshold)
2026-03-24 21:00:12,816 - __main__ - INFO - Hierarchical MCMC credit risk: 36 sectors enriched
2026-03-24 21:00:13,113 - __main__ - INFO - Ruin probability enrichment: 7 columns added
2026-03-24 21:00:13,113 - __main__ - INFO - Credit risk analysis: 6379 stocks processed
2026-03-24 21:00:13,117 - __main__ - INFO - ✓ Credit risk: 6,379 stocks, 3727 high/distressed
2026-03-24 21:00:13,118 - __main__ - INFO -   Mean ruin probability: 0.048
2026-03-24 21:00:13,128 - __main__ - INFO -   Merged 820 anomaly columns into credit risk DataFrame
2026-03-24 21:00:18,999 - finance_ml.analytics.probability_analytics - INFO - Hierarchical sector MCMC for dividend FCF coverage: 31 sectors
2026-03-24 21:00:19,008 - __main__ - INFO - Dividend safety analysis: 6379 stocks processed
2026-03-24 21:00:19,012 - __main__ - INFO - ✓ Dividend safety: 6,379 stocks, 3155 at risk
2026-03-24 21:00:19,013 - __main__ - INFO -   ⏱ Step 5c completed in 14.2s
2026-03-24 21:00:19,013 - __main__ - INFO - 
2026-03-24 21:00:19,013 - __main__ - INFO - 🔍 Step 5d: Running stock screening strategies...
2026-03-24 21:00:19,013 - __main__ - INFO - --------------------------------------------------------------------------------
2026-03-24 21:00:19,057 - __main__ - INFO -   ✓ Productivity frontier scores added
2026-03-24 21:00:19,060 - __main__ - INFO -    Reporting lag sentiment: corr=-0.021, p=0.2191, hypothesis=not confirmed
2026-03-24 21:00:19,060 - __main__ - INFO - Quality screen: 0 stocks
2026-03-24 21:00:19,061 - __main__ - WARNING - Quality screen returned 0 stocks — applying adaptive fallback.
2026-03-24 21:00:19,061 - __main__ - WARNING - Adaptive screening: quality returned 0 stocks (0.0% < 0.0% threshold). Applying percentile-based fallback (top 10%).
2026-03-24 21:00:19,067 - __main__ - INFO - Adaptive screening: quality fallback using piotroski_f_score >= 6.00 → 958 stocks
2026-03-24 21:00:20,015 - __main__ - INFO - Earnings quality screen: 1162 stocks
2026-03-24 21:00:21,246 - __main__ - INFO - Value screen: 1054 stocks
2026-03-24 21:00:22,391 - __main__ - INFO - Growth screen: 2821 stocks
2026-03-24 21:00:23,472 - __main__ - INFO - GARP screen: 923 stocks
2026-03-24 21:00:24,303 - __main__ - INFO - Dividend screen: 15 stocks
2026-03-24 21:00:24,983 - __main__ - INFO - Financial health screen: 1428 stocks
2026-03-24 21:00:25,460 - __main__ - INFO - Valuation reversion screen: 448 stocks
2026-03-24 21:00:26,606 - __main__ - INFO - Integrity growth screen: 1072 stocks
2026-03-24 21:00:27,179 - __main__ - INFO - High-yield safe dividend screen: 45 stocks
2026-03-24 21:00:27,197 - __main__ - INFO - Sector-relative ranking: 6379 stocks
2026-03-24 21:00:28,507 - __main__ - INFO - Low-volatility quality screen: 2277 stocks
2026-03-24 21:00:28,959 - __main__ - INFO - FCF compounders screen: 963 stocks
2026-03-24 21:00:28,974 - __main__ - INFO - Total return leaders screen: 6379 stocks
2026-03-24 21:00:28,974 - __main__ - INFO -   ✓ quality: 958 stocks
2026-03-24 21:00:28,974 - __main__ - INFO -   ✓ earnings_quality: 1,162 stocks
2026-03-24 21:00:28,975 - __main__ - INFO -   ✓ value: 1,054 stocks
2026-03-24 21:00:28,975 - __main__ - INFO -   ✓ growth: 2,821 stocks
2026-03-24 21:00:28,975 - __main__ - INFO -   ✓ garp: 923 stocks
2026-03-24 21:00:28,976 - __main__ - INFO -   ✓ dividend: 15 stocks
2026-03-24 21:00:28,976 - __main__ - INFO -   ✓ healthy: 1,428 stocks
2026-03-24 21:00:28,976 - __main__ - INFO -   ✓ valuation_reversion: 448 stocks
2026-03-24 21:00:28,976 - __main__ - INFO -   ✓ integrity_growth: 1,072 stocks
2026-03-24 21:00:28,976 - __main__ - INFO -   ✓ high_yield_safe: 45 stocks
2026-03-24 21:00:28,977 - __main__ - INFO -   ✓ sector_relative: 6,379 stocks
2026-03-24 21:00:28,977 - __main__ - INFO -   ✓ low_vol_quality: 2,277 stocks
2026-03-24 21:00:28,977 - __main__ - INFO -   ✓ fcf_compounders: 963 stocks
2026-03-24 21:00:28,977 - __main__ - INFO -   ✓ total_return_leaders: 6,379 stocks
2026-03-24 21:00:28,977 - __main__ - INFO -   ⏱ Step 5d completed in 10.0s
2026-03-24 21:00:28,978 - __main__ - INFO - 
2026-03-24 21:00:28,978 - __main__ - INFO - 🧪 Step 5e: Resampled Bayesian posterior returns...
2026-03-24 21:00:28,978 - __main__ - INFO - --------------------------------------------------------------------------------
2026-03-24 21:00:51,841 - __main__ - INFO - Resampled posterior returns: 6378 stocks, mean posterior=-3.99%
2026-03-24 21:00:52,106 - __main__ - INFO -   ✓ Resampled posteriors: 6,378 stocks
2026-03-24 21:00:52,107 - __main__ - INFO -   Mean posterior return: -3.99%
2026-03-24 21:00:52,108 - __main__ - INFO -   ⏱ Step 5e completed in 23.1s
2026-03-24 21:00:52,109 - __main__ - INFO - 
2026-03-24 21:00:52,109 - __main__ - INFO - 🔗 Step 6: Cross-model alignment...
2026-03-24 21:00:52,111 - __main__ - INFO - --------------------------------------------------------------------------------
2026-03-24 21:00:52,228 - __main__ - INFO - Tri-model alignment: 5535 stocks, 4794 strong bullish
2026-03-24 21:00:52,241 - __main__ - INFO - Strong consensus picks: 50 stocks
2026-03-24 21:00:52,270 - __main__ - INFO - Quad-model alignment: 5535 stocks, full consensus (4/4): 1547
2026-03-24 21:00:52,270 - __main__ - INFO -   Tri-model coverage: 5,535 stocks
2026-03-24 21:00:52,272 - __main__ - INFO -     Strong Bearish (0/3): 497
2026-03-24 21:00:52,273 - __main__ - INFO -     Bearish (1/3): 95
2026-03-24 21:00:52,273 - __main__ - INFO -     Bullish (2/3): 149
2026-03-24 21:00:52,274 - __main__ - INFO -     Strong Bullish (3/3): 4794
2026-03-24 21:00:52,274 - __main__ - INFO -   Strong consensus picks: 50
2026-03-24 21:00:52,274 - __main__ - INFO -   Quad-model (4/4): 1547 stocks
2026-03-24 21:00:52,316 - __main__ - INFO -   MC ↔ Kalman correlation: 0.955
2026-03-24 21:00:52,316 - __main__ - INFO -   ⏱ Step 6 completed in 0.2s
2026-03-24 21:00:52,316 - __main__ - INFO - 
2026-03-24 21:00:52,317 - __main__ - INFO - 📋 Step 7: Building expected_returns_summary (4-model merge)...
2026-03-24 21:00:52,317 - __main__ - INFO - --------------------------------------------------------------------------------
2026-03-24 21:00:52,359 - __main__ - INFO - Enriched expected_returns_summary with 43 anomaly columns
2026-03-24 21:00:52,372 - __main__ - INFO - Enriched expected_returns_summary with 21 credit risk columns
2026-03-24 21:00:52,388 - __main__ - INFO - Enriched expected_returns_summary with 11 dividend safety columns
2026-03-24 21:00:52,622 - __main__ - INFO - Enriched expected_returns_summary with 33 columns from mv_all_stock_features
2026-03-24 21:00:52,627 - __main__ - INFO - Expected returns summary: 5535 stocks, 1547 strong bullish (4/4)
2026-03-24 21:00:52,628 - __main__ - INFO -   ✓ 5,535 stocks in expected_returns_summary
2026-03-24 21:00:52,628 - __main__ - INFO -   Full consensus (4/4): 1547 stocks
2026-03-24 21:00:52,755 - __main__ - INFO - Quality scoring: 11 High, 1667 Above Avg
2026-03-24 21:00:52,759 - __main__ - INFO -   High-quality full consensus: 734 stocks
2026-03-24 21:00:52,809 - __main__ - INFO - Added z-scores and percentile ranks for 3 return metrics
2026-03-24 21:00:52,811 - __main__ - INFO -   Agreement distribution:
2026-03-24 21:00:52,813 - __main__ - INFO -     Strong Bearish (0/4): 379
2026-03-24 21:00:52,814 - __main__ - INFO -     Bearish (1/4): 187
2026-03-24 21:00:52,815 - __main__ - INFO -     Neutral (2/4): 127
2026-03-24 21:00:52,815 - __main__ - INFO -     Bullish (3/4): 3295
2026-03-24 21:00:52,815 - __main__ - INFO -     Strong Bullish (4/4): 1547
2026-03-24 21:00:52,913 - __main__ - INFO - Cross-model diagnostics: tail agreement=95.6%, mean dispersion=9.98
2026-03-24 21:00:52,915 - __main__ - INFO - 
  🔬 Cross-Model Diagnostics:
2026-03-24 21:00:52,916 - __main__ - INFO -      Direction agreement: 95.6%
2026-03-24 21:00:52,916 - __main__ - INFO -      Mean inter-model dispersion: 9.98
2026-03-24 21:00:52,916 - __main__ - INFO -      Kendall τ (expected_upside_pct ↔ filtered_upside): 0.918 (p=0.0000)
2026-03-24 21:00:52,917 - __main__ - INFO -      Kendall τ (expected_upside_pct ↔ expected_return_prob_weighted): 0.476 (p=0.0000)
2026-03-24 21:00:52,917 - __main__ - INFO -      Kendall τ (filtered_upside ↔ expected_return_prob_weighted): 0.501 (p=0.0000)
2026-03-24 21:00:52,974 - __main__ - INFO - 
  🏢 Sector Analytics: 59 sectors
2026-03-24 21:00:53,034 - __main__ - INFO -    Hierarchical MCMC: 39 sector posteriors (Bayesian shrinkage)
2026-03-24 21:00:53,035 - __main__ - INFO -      Metals and Mining: raw=40.2% → posterior=40.0% (shrinkage=0.96)
2026-03-24 21:00:53,035 - __main__ - INFO -      Household Durables: raw=38.7% → posterior=38.2% (shrinkage=0.92)
2026-03-24 21:00:53,035 - __main__ - INFO -      Semiconductors and Semiconductor Equipment: raw=14.8% → posterior=15.6% (shrinkage=0.95)
2026-03-24 21:00:53,036 - __main__ - INFO -      Energy Equipment and Services: raw=7.7% → posterior=10.9% (shrinkage=0.88)
2026-03-24 21:00:53,036 - __main__ - INFO -      Ground Transportation: raw=26.2% → posterior=27.0% (shrinkage=0.88)
2026-03-24 21:00:53,574 - finance_ml.analytics.statistical_analysis - INFO - Multi-level hierarchical MCMC: 9 levels, 306 total groups for 'expected_upside_pct'
2026-03-24 21:00:53,575 - __main__ - INFO -    Multi-level MCMC: 9 category levels, 306 group posteriors
2026-03-24 21:00:53,576 - __main__ - INFO -      [region] Europe: raw=42.2% → posterior=42.2% (n=1563, shrink=0.99)
2026-03-24 21:00:53,576 - __main__ - INFO -      [region] United States and Canada: raw=37.4% → posterior=37.4% (n=1717, shrink=0.99)
2026-03-24 21:00:53,577 - __main__ - INFO -      [region] Latin America and Caribbean: raw=33.2% → posterior=33.2% (n=231, shrink=0.96)
2026-03-24 21:00:53,577 - __main__ - INFO -      [region] Africa / Middle East: raw=31.0% → posterior=31.1% (n=288, shrink=0.97)
2026-03-24 21:00:53,577 - __main__ - INFO -      [region] Asia / Pacific: raw=22.4% → posterior=22.5% (n=1736, shrink=0.99)
2026-03-24 21:00:53,578 - __main__ - INFO -      [country] GB: raw=58.3% → posterior=57.8% (n=292, shrink=0.97)
2026-03-24 21:00:53,578 - __main__ - INFO -      [country] LU: raw=65.0% → posterior=57.2% (n=24, shrink=0.66)
2026-03-24 21:00:53,579 - __main__ - INFO -      [country] DE: raw=51.5% → posterior=51.0% (n=171, shrink=0.94)
2026-03-24 21:00:53,579 - __main__ - INFO -      [country] NL: raw=49.1% → posterior=48.1% (n=57, shrink=0.85)
2026-03-24 21:00:53,579 - __main__ - INFO -      [country] SE: raw=47.6% → posterior=47.3% (n=167, shrink=0.94)
2026-03-24 21:00:53,579 - __main__ - INFO -      [country] IT: raw=47.3% → posterior=46.9% (n=103, shrink=0.91)
2026-03-24 21:00:53,579 - __main__ - INFO -      [country] IE: raw=48.0% → posterior=46.6% (n=32, shrink=0.76)
2026-03-24 21:00:53,579 - __main__ - INFO -      [country] MT: raw=118.1% → posterior=44.4% (n=3, shrink=0.03)
2026-03-24 21:00:53,580 - __main__ - INFO -      [country] JE: raw=43.3% → posterior=42.2% (n=3, shrink=0.03)
2026-03-24 21:00:53,580 - __main__ - INFO -      [country] BE: raw=42.2% → posterior=42.2% (n=40, shrink=0.80)
2026-03-24 21:00:53,580 - __main__ - INFO -      [country] MX: raw=43.4% → posterior=41.6% (n=46, shrink=0.82)
2026-03-24 21:00:53,580 - __main__ - INFO -      [country] FR: raw=41.0% → posterior=41.0% (n=158, shrink=0.94)
2026-03-24 21:00:53,581 - __main__ - INFO -      [country] SI: raw=-1.3% → posterior=40.9% (n=3, shrink=0.03)
2026-03-24 21:00:53,581 - __main__ - INFO -      [country] HU: raw=10.2% → posterior=40.6% (n=4, shrink=0.05)
2026-03-24 21:00:53,581 - __main__ - INFO -      [country] CZ: raw=6.0% → posterior=39.4% (n=5, shrink=0.08)
2026-03-24 21:00:53,581 - __main__ - INFO -      [country] CY: raw=3.5% → posterior=39.2% (n=5, shrink=0.08)
2026-03-24 21:00:53,581 - __main__ - INFO -      [country] AE: raw=41.6% → posterior=39.2% (n=34, shrink=0.77)
2026-03-24 21:00:53,582 - __main__ - INFO -      [country] ZA: raw=40.7% → posterior=38.7% (n=38, shrink=0.79)
2026-03-24 21:00:53,582 - __main__ - INFO -      [country] US: raw=38.2% → posterior=38.2% (n=1513, shrink=0.99)
2026-03-24 21:00:53,582 - __main__ - INFO -      [country] HR: raw=9.0% → posterior=37.5% (n=7, shrink=0.14)
2026-03-24 21:00:53,582 - __main__ - INFO -      [country] TR: raw=38.0% → posterior=36.9% (n=52, shrink=0.84)
2026-03-24 21:00:53,582 - __main__ - INFO -      [country] PT: raw=17.3% → posterior=36.0% (n=10, shrink=0.25)
2026-03-24 21:00:53,583 - __main__ - INFO -      [country] DK: raw=32.6% → posterior=34.7% (n=35, shrink=0.78)
2026-03-24 21:00:53,583 - __main__ - INFO -      [country] HK: raw=36.9% → posterior=34.4% (n=49, shrink=0.83)
2026-03-24 21:00:53,583 - __main__ - INFO -      [country] KY: raw=40.8% → posterior=33.8% (n=5, shrink=0.08)
2026-03-24 21:00:53,584 - __main__ - INFO -      [country] SG: raw=39.1% → posterior=33.7% (n=25, shrink=0.68)
2026-03-24 21:00:53,584 - __main__ - INFO -      [country] ID: raw=37.5% → posterior=33.6% (n=29, shrink=0.74)
2026-03-24 21:00:53,585 - __main__ - INFO -      [country] SA: raw=33.8% → posterior=33.5% (n=73, shrink=0.88)
2026-03-24 21:00:53,585 - __main__ - INFO -      [country] CH: raw=32.2% → posterior=33.0% (n=113, shrink=0.92)
2026-03-24 21:00:53,585 - __main__ - INFO -      [country] PE: raw=13.4% → posterior=32.2% (n=4, shrink=0.05)
2026-03-24 21:00:53,585 - __main__ - INFO -      [country] AU: raw=33.8% → posterior=32.2% (n=58, shrink=0.85)
2026-03-24 21:00:53,585 - __main__ - INFO -      [country] RO: raw=-15.4% → posterior=32.1% (n=8, shrink=0.18)
2026-03-24 21:00:53,586 - __main__ - INFO -      [country] QA: raw=34.0% → posterior=32.0% (n=12, shrink=0.32)
2026-03-24 21:00:53,586 - __main__ - INFO -      [country] BR: raw=31.7% → posterior=31.8% (n=123, shrink=0.92)
2026-03-24 21:00:53,586 - __main__ - INFO -      [country] CA: raw=31.4% → posterior=31.7% (n=204, shrink=0.95)
2026-03-24 21:00:53,586 - __main__ - INFO -      [country] ES: raw=29.2% → posterior=31.2% (n=54, shrink=0.84)
2026-03-24 21:00:53,587 - __main__ - INFO -      [country] MA: raw=33.3% → posterior=31.2% (n=4, shrink=0.05)
2026-03-24 21:00:53,587 - __main__ - INFO -      [country] CO: raw=14.2% → posterior=31.1% (n=6, shrink=0.11)
2026-03-24 21:00:53,587 - __main__ - INFO -      [country] IL: raw=30.7% → posterior=30.8% (n=23, shrink=0.64)
2026-03-24 21:00:53,587 - __main__ - INFO -      [country] GR: raw=21.0% → posterior=30.6% (n=19, shrink=0.55)
2026-03-24 21:00:53,587 - __main__ - INFO -      [country] GH: raw=-15.8% → posterior=29.7% (n=3, shrink=0.03)
2026-03-24 21:00:53,588 - __main__ - INFO -      [country] KW: raw=15.4% → posterior=29.4% (n=6, shrink=0.11)
2026-03-24 21:00:53,588 - __main__ - INFO -      [country] FI: raw=27.6% → posterior=29.3% (n=80, shrink=0.89)
2026-03-24 21:00:53,588 - __main__ - INFO -      [country] AT: raw=24.1% → posterior=28.9% (n=29, shrink=0.74)
2026-03-24 21:00:53,588 - __main__ - INFO -      [country] CL: raw=24.1% → posterior=28.4% (n=18, shrink=0.52)
2026-03-24 21:00:53,589 - __main__ - INFO -      [country] EG: raw=25.0% → posterior=28.3% (n=16, shrink=0.46)
2026-03-24 21:00:53,589 - __main__ - INFO -      [country] PL: raw=21.8% → posterior=25.3% (n=49, shrink=0.83)
2026-03-24 21:00:53,589 - __main__ - INFO -      [country] IN: raw=24.4% → posterior=24.3% (n=212, shrink=0.95)
2026-03-24 21:00:53,589 - __main__ - INFO -      [country] CN: raw=24.3% → posterior=24.2% (n=713, shrink=0.99)
2026-03-24 21:00:53,589 - __main__ - INFO -      [country] BM: raw=16.6% → posterior=23.3% (n=21, shrink=0.60)
2026-03-24 21:00:53,590 - __main__ - INFO -      [country] NZ: raw=24.9% → posterior=22.7% (n=6, shrink=0.11)
2026-03-24 21:00:53,590 - __main__ - INFO -      [country] VN: raw=24.3% → posterior=22.7% (n=6, shrink=0.11)
2026-03-24 21:00:53,590 - __main__ - INFO -      [country] PH: raw=19.1% → posterior=22.2% (n=5, shrink=0.08)
2026-03-24 21:00:53,590 - __main__ - INFO -      [country] TH: raw=21.7% → posterior=22.0% (n=23, shrink=0.64)
2026-03-24 21:00:53,590 - __main__ - INFO -      [country] NO: raw=19.3% → posterior=21.8% (n=80, shrink=0.89)
2026-03-24 21:00:53,590 - __main__ - INFO -      [country] OM: raw=-5.5% → posterior=19.2% (n=12, shrink=0.32)
2026-03-24 21:00:53,590 - __main__ - INFO -      [country] MY: raw=17.7% → posterior=18.9% (n=31, shrink=0.76)
2026-03-24 21:00:53,591 - __main__ - INFO -      [country] KR: raw=17.9% → posterior=18.3% (n=111, shrink=0.92)
2026-03-24 21:00:53,591 - __main__ - INFO -      [country] TW: raw=16.0% → posterior=16.6% (n=101, shrink=0.91)
2026-03-24 21:00:53,591 - __main__ - INFO -      [country] NG: raw=-17.8% → posterior=15.2% (n=12, shrink=0.32)
2026-03-24 21:00:53,591 - __main__ - INFO -      [country] JP: raw=14.7% → posterior=14.9% (n=359, shrink=0.97)
2026-03-24 21:00:53,593 - __main__ - INFO -      [trading_country] GB: raw=59.8% → posterior=59.2% (n=292, shrink=0.97)
2026-03-24 21:00:53,593 - __main__ - INFO -      [trading_country] DE: raw=55.0% → posterior=54.3% (n=180, shrink=0.95)
2026-03-24 21:00:53,593 - __main__ - INFO -      [trading_country] SE: raw=48.0% → posterior=47.7% (n=170, shrink=0.94)
2026-03-24 21:00:53,594 - __main__ - INFO -      [trading_country] BE: raw=47.5% → posterior=46.4% (n=39, shrink=0.80)
2026-03-24 21:00:53,594 - __main__ - INFO -      [trading_country] IT: raw=45.3% → posterior=45.0% (n=101, shrink=0.91)
2026-03-24 21:00:53,594 - __main__ - INFO -      [trading_country] IE: raw=32.5% → posterior=41.7% (n=4, shrink=0.05)
2026-03-24 21:00:53,595 - __main__ - INFO -      [trading_country] MX: raw=43.2% → posterior=41.2% (n=42, shrink=0.81)
2026-03-24 21:00:53,595 - __main__ - INFO -      [trading_country] SI: raw=-1.3% → posterior=40.9% (n=3, shrink=0.03)
2026-03-24 21:00:53,595 - __main__ - INFO -      [trading_country] HU: raw=-6.5% → posterior=40.8% (n=3, shrink=0.03)
2026-03-24 21:00:53,596 - __main__ - INFO -      [trading_country] FR: raw=40.2% → posterior=40.4% (n=158, shrink=0.94)
2026-03-24 21:00:53,596 - __main__ - INFO -      [trading_country] CZ: raw=-0.7% → posterior=40.0% (n=4, shrink=0.05)
2026-03-24 21:00:53,596 - __main__ - INFO -      [trading_country] US: raw=39.4% → posterior=39.4% (n=1702, shrink=0.99)
2026-03-24 21:00:53,596 - __main__ - INFO -      [trading_country] AE: raw=40.7% → posterior=38.4% (n=32, shrink=0.76)
2026-03-24 21:00:53,597 - __main__ - INFO -      [trading_country] NL: raw=37.5% → posterior=38.3% (n=51, shrink=0.84)
2026-03-24 21:00:53,597 - __main__ - INFO -      [trading_country] HR: raw=9.0% → posterior=37.5% (n=7, shrink=0.14)
2026-03-24 21:00:53,597 - __main__ - INFO -      [trading_country] TR: raw=38.1% → posterior=37.0% (n=51, shrink=0.84)
2026-03-24 21:00:53,597 - __main__ - INFO -      [trading_country] HK: raw=37.5% → posterior=36.7% (n=163, shrink=0.94)
2026-03-24 21:00:53,598 - __main__ - INFO -      [trading_country] DK: raw=33.4% → posterior=35.4% (n=34, shrink=0.77)
2026-03-24 21:00:53,598 - __main__ - INFO -      [trading_country] PT: raw=15.5% → posterior=34.5% (n=11, shrink=0.29)
2026-03-24 21:00:53,598 - __main__ - INFO -      [trading_country] GR: raw=24.0% → posterior=33.8% (n=16, shrink=0.46)
2026-03-24 21:00:53,598 - __main__ - INFO -      [trading_country] ID: raw=37.5% → posterior=33.6% (n=29, shrink=0.74)
2026-03-24 21:00:53,598 - __main__ - INFO -      [trading_country] SA: raw=33.8% → posterior=33.5% (n=73, shrink=0.88)
2026-03-24 21:00:53,599 - __main__ - INFO -      [trading_country] CA: raw=33.2% → posterior=33.4% (n=204, shrink=0.95)
2026-03-24 21:00:53,599 - __main__ - INFO -      [trading_country] PE: raw=13.2% → posterior=32.6% (n=3, shrink=0.03)
2026-03-24 21:00:53,599 - __main__ - INFO -      [trading_country] ES: raw=30.7% → posterior=32.5% (n=54, shrink=0.84)
2026-03-24 21:00:53,599 - __main__ - INFO -      [trading_country] QA: raw=34.0% → posterior=32.0% (n=12, shrink=0.32)
2026-03-24 21:00:53,599 - __main__ - INFO -      [trading_country] BR: raw=31.3% → posterior=31.5% (n=119, shrink=0.92)
2026-03-24 21:00:53,600 - __main__ - INFO -      [trading_country] CH: raw=30.2% → posterior=31.4% (n=95, shrink=0.90)
2026-03-24 21:00:53,600 - __main__ - INFO -      [trading_country] MA: raw=33.3% → posterior=31.2% (n=4, shrink=0.05)
2026-03-24 21:00:53,600 - __main__ - INFO -      [trading_country] CO: raw=14.2% → posterior=31.1% (n=6, shrink=0.11)
2026-03-24 21:00:53,600 - __main__ - INFO -      [trading_country] ZA: raw=29.8% → posterior=30.1% (n=36, shrink=0.78)
2026-03-24 21:00:53,600 - __main__ - INFO -      [trading_country] GH: raw=-15.8% → posterior=29.7% (n=3, shrink=0.03)
2026-03-24 21:00:53,601 - __main__ - INFO -      [trading_country] CL: raw=25.7% → posterior=29.5% (n=17, shrink=0.49)
2026-03-24 21:00:53,601 - __main__ - INFO -      [trading_country] AU: raw=30.7% → posterior=29.4% (n=55, shrink=0.85)
2026-03-24 21:00:53,601 - __main__ - INFO -      [trading_country] KW: raw=15.4% → posterior=29.4% (n=6, shrink=0.11)
2026-03-24 21:00:53,601 - __main__ - INFO -      [trading_country] FI: raw=27.3% → posterior=29.0% (n=79, shrink=0.89)
2026-03-24 21:00:53,602 - __main__ - INFO -      [trading_country] EG: raw=25.0% → posterior=28.3% (n=16, shrink=0.46)
2026-03-24 21:00:53,602 - __main__ - INFO -      [trading_country] RO: raw=-13.8% → posterior=28.2% (n=10, shrink=0.25)
2026-03-24 21:00:53,602 - __main__ - INFO -      [trading_country] IL: raw=-10.0% → posterior=27.9% (n=5, shrink=0.08)
2026-03-24 21:00:53,602 - __main__ - INFO -      [trading_country] AT: raw=17.4% → posterior=26.4% (n=23, shrink=0.64)
2026-03-24 21:00:53,603 - __main__ - INFO -      [trading_country] PL: raw=21.5% → posterior=24.7% (n=54, shrink=0.84)
2026-03-24 21:00:53,603 - __main__ - INFO -      [trading_country] IN: raw=23.8% → posterior=23.7% (n=211, shrink=0.95)
2026-03-24 21:00:53,603 - __main__ - INFO -      [trading_country] NO: raw=21.1% → posterior=23.1% (n=98, shrink=0.91)
2026-03-24 21:00:53,603 - __main__ - INFO -      [trading_country] VN: raw=24.3% → posterior=22.7% (n=6, shrink=0.11)
2026-03-24 21:00:53,603 - __main__ - INFO -      [trading_country] PH: raw=19.1% → posterior=22.2% (n=5, shrink=0.08)
2026-03-24 21:00:53,604 - __main__ - INFO -      [trading_country] TH: raw=21.8% → posterior=22.0% (n=22, shrink=0.62)
2026-03-24 21:00:53,604 - __main__ - INFO -      [trading_country] NZ: raw=16.0% → posterior=21.8% (n=6, shrink=0.11)
2026-03-24 21:00:53,604 - __main__ - INFO -      [trading_country] CN: raw=20.1% → posterior=20.2% (n=568, shrink=0.98)
2026-03-24 21:00:53,605 - __main__ - INFO -      [trading_country] OM: raw=-5.5% → posterior=19.2% (n=12, shrink=0.32)
2026-03-24 21:00:53,605 - __main__ - INFO -      [trading_country] MY: raw=17.7% → posterior=18.9% (n=31, shrink=0.76)
2026-03-24 21:00:53,605 - __main__ - INFO -      [trading_country] SG: raw=11.1% → posterior=18.4% (n=13, shrink=0.36)
2026-03-24 21:00:53,605 - __main__ - INFO -      [trading_country] KR: raw=17.9% → posterior=18.3% (n=111, shrink=0.92)
2026-03-24 21:00:53,606 - __main__ - INFO -      [trading_country] TW: raw=16.0% → posterior=16.6% (n=102, shrink=0.91)
2026-03-24 21:00:53,606 - __main__ - INFO -      [trading_country] NG: raw=-20.4% → posterior=16.3% (n=11, shrink=0.29)
2026-03-24 21:00:53,606 - __main__ - INFO -      [trading_country] JP: raw=14.7% → posterior=14.9% (n=359, shrink=0.97)
2026-03-24 21:00:53,607 - __main__ - INFO -      [exchange] AIM: raw=92.2% → posterior=88.9% (n=96, shrink=0.91)
2026-03-24 21:00:53,608 - __main__ - INFO -      [exchange] NasdaqGM: raw=91.5% → posterior=86.9% (n=107, shrink=0.91)
2026-03-24 21:00:53,608 - __main__ - INFO -      [exchange] NasdaqCM: raw=83.0% → posterior=77.5% (n=71, shrink=0.88)
2026-03-24 21:00:53,608 - __main__ - INFO -      [exchange] XTRA: raw=52.7% → posterior=52.6% (n=175, shrink=0.95)
2026-03-24 21:00:53,608 - __main__ - INFO -      [exchange] DB: raw=97.8% → posterior=52.4% (n=3, shrink=0.03)
2026-03-24 21:00:53,608 - __main__ - INFO -      [exchange] OM: raw=49.0% → posterior=48.9% (n=168, shrink=0.94)
2026-03-24 21:00:53,609 - __main__ - INFO -      [exchange] ENXTBR: raw=47.5% → posterior=46.4% (n=39, shrink=0.80)
2026-03-24 21:00:53,609 - __main__ - INFO -      [exchange] ISE: raw=32.5% → posterior=45.9% (n=4, shrink=0.05)
2026-03-24 21:00:53,609 - __main__ - INFO -      [exchange] BIT: raw=45.3% → posterior=45.5% (n=101, shrink=0.91)
2026-03-24 21:00:53,609 - __main__ - INFO -      [exchange] LSE: raw=44.0% → posterior=44.6% (n=196, shrink=0.95)
2026-03-24 21:00:53,610 - __main__ - INFO -      [exchange] BMV: raw=43.2% → posterior=42.9% (n=42, shrink=0.81)
2026-03-24 21:00:53,610 - __main__ - INFO -      [exchange] NasdaqGS: raw=42.7% → posterior=42.7% (n=620, shrink=0.98)
2026-03-24 21:00:53,610 - __main__ - INFO -      [exchange] ADX: raw=42.0% → posterior=40.8% (n=20, shrink=0.57)
2026-03-24 21:00:53,610 - __main__ - INFO -      [exchange] NYSEAM: raw=70.1% → posterior=40.7% (n=5, shrink=0.08)
2026-03-24 21:00:53,611 - __main__ - INFO -      [exchange] ENXTPA: raw=40.2% → posterior=40.3% (n=158, shrink=0.94)
2026-03-24 21:00:53,611 - __main__ - INFO -      [exchange] CNSX: raw=90.2% → posterior=39.7% (n=3, shrink=0.03)
2026-03-24 21:00:53,611 - __main__ - INFO -      [exchange] LJSE: raw=-1.3% → posterior=39.7% (n=3, shrink=0.03)
2026-03-24 21:00:53,612 - __main__ - INFO -      [exchange] ENXTAM: raw=37.5% → posterior=39.2% (n=51, shrink=0.84)
2026-03-24 21:00:53,612 - __main__ - INFO -      [exchange] BUSE: raw=-6.5% → posterior=39.2% (n=3, shrink=0.03)
2026-03-24 21:00:53,612 - __main__ - INFO -      [exchange] DFM: raw=38.5% → posterior=39.0% (n=12, shrink=0.32)
2026-03-24 21:00:53,612 - __main__ - INFO -      [exchange] TSXV: raw=67.2% → posterior=38.0% (n=8, shrink=0.18)
2026-03-24 21:00:53,613 - __main__ - INFO -      [exchange] IBSE: raw=38.1% → posterior=37.9% (n=51, shrink=0.84)
2026-03-24 21:00:53,613 - __main__ - INFO -      [exchange] SEP: raw=-0.7% → posterior=37.4% (n=4, shrink=0.05)
2026-03-24 21:00:53,613 - __main__ - INFO -      [exchange] SEHK: raw=37.5% → posterior=36.8% (n=163, shrink=0.94)
2026-03-24 21:00:53,613 - __main__ - INFO -      [exchange] IDX: raw=37.5% → posterior=36.5% (n=29, shrink=0.74)
2026-03-24 21:00:53,614 - __main__ - INFO -      [exchange] SASE: raw=33.8% → posterior=33.7% (n=73, shrink=0.88)
2026-03-24 21:00:53,614 - __main__ - INFO -      [exchange] CPSE: raw=33.4% → posterior=33.7% (n=34, shrink=0.77)
2026-03-24 21:00:53,614 - __main__ - INFO -      [exchange] ZGSE: raw=9.0% → posterior=33.5% (n=7, shrink=0.14)
2026-03-24 21:00:53,614 - __main__ - INFO -      [exchange] DSM: raw=34.0% → posterior=32.7% (n=12, shrink=0.32)
2026-03-24 21:00:53,614 - __main__ - INFO -      [exchange] JSE: raw=29.8% → posterior=31.7% (n=36, shrink=0.78)
2026-03-24 21:00:53,615 - __main__ - INFO -      [exchange] BVL: raw=13.2% → posterior=31.6% (n=3, shrink=0.03)
2026-03-24 21:00:53,615 - __main__ - INFO -      [exchange] BOVESPA: raw=31.3% → posterior=31.4% (n=119, shrink=0.92)
2026-03-24 21:00:53,615 - __main__ - INFO -      [exchange] CBSE: raw=33.3% → posterior=31.3% (n=4, shrink=0.05)
2026-03-24 21:00:53,615 - __main__ - INFO -      [exchange] ASX: raw=30.7% → posterior=30.9% (n=55, shrink=0.85)
2026-03-24 21:00:53,615 - __main__ - INFO -      [exchange] BME: raw=30.7% → posterior=30.8% (n=54, shrink=0.84)
2026-03-24 21:00:53,616 - __main__ - INFO -      [exchange] TSX: raw=30.7% → posterior=30.7% (n=192, shrink=0.95)
2026-03-24 21:00:53,616 - __main__ - INFO -      [exchange] SWX: raw=30.2% → posterior=30.5% (n=95, shrink=0.90)
2026-03-24 21:00:53,616 - __main__ - INFO -      [exchange] ENXTLS: raw=15.5% → posterior=30.1% (n=11, shrink=0.29)
2026-03-24 21:00:53,616 - __main__ - INFO -      [exchange] BVC: raw=14.2% → posterior=29.3% (n=6, shrink=0.11)
2026-03-24 21:00:53,616 - __main__ - INFO -      [exchange] GHSE: raw=-15.8% → posterior=28.4% (n=3, shrink=0.03)
2026-03-24 21:00:53,617 - __main__ - INFO -      [exchange] KWSE: raw=15.4% → posterior=27.9% (n=6, shrink=0.11)
2026-03-24 21:00:53,617 - __main__ - INFO -      [exchange] TASE: raw=-10.0% → posterior=27.7% (n=5, shrink=0.08)
2026-03-24 21:00:53,617 - __main__ - INFO -      [exchange] ATSE: raw=24.0% → posterior=27.6% (n=16, shrink=0.46)
2026-03-24 21:00:53,617 - __main__ - INFO -      [exchange] HLSE: raw=27.3% → posterior=27.5% (n=79, shrink=0.89)
2026-03-24 21:00:53,617 - __main__ - INFO -      [exchange] NYSE: raw=27.2% → posterior=27.4% (n=895, shrink=0.99)
2026-03-24 21:00:53,618 - __main__ - INFO -      [exchange] SNSE: raw=25.7% → posterior=27.1% (n=17, shrink=0.49)
2026-03-24 21:00:53,618 - __main__ - INFO -      [exchange] CASE: raw=25.0% → posterior=26.8% (n=16, shrink=0.46)
2026-03-24 21:00:53,618 - __main__ - INFO -      [exchange] NSEI: raw=25.8% → posterior=25.7% (n=151, shrink=0.94)
2026-03-24 21:00:53,618 - __main__ - INFO -      [exchange] SGX: raw=11.1% → posterior=25.6% (n=13, shrink=0.36)
2026-03-24 21:00:53,619 - __main__ - INFO -      [exchange] OTCPK: raw=28.4% → posterior=24.4% (n=4, shrink=0.05)
2026-03-24 21:00:53,619 - __main__ - INFO -      [exchange] HOSE: raw=24.3% → posterior=22.8% (n=6, shrink=0.11)
2026-03-24 21:00:53,619 - __main__ - INFO -      [exchange] WSE: raw=21.5% → posterior=22.1% (n=54, shrink=0.84)
2026-03-24 21:00:53,619 - __main__ - INFO -      [exchange] NZSE: raw=16.0% → posterior=22.0% (n=6, shrink=0.11)
2026-03-24 21:00:53,620 - __main__ - INFO -      [exchange] PSE: raw=19.1% → posterior=22.0% (n=5, shrink=0.08)
2026-03-24 21:00:53,620 - __main__ - INFO -      [exchange] SET: raw=21.8% → posterior=21.9% (n=22, shrink=0.62)
2026-03-24 21:00:53,620 - __main__ - INFO -      [exchange] WBAG: raw=17.4% → posterior=21.6% (n=23, shrink=0.64)
2026-03-24 21:00:53,620 - __main__ - INFO -      [exchange] SHSE: raw=21.4% → posterior=21.5% (n=302, shrink=0.97)
2026-03-24 21:00:53,621 - __main__ - INFO -      [exchange] OB: raw=21.1% → posterior=21.2% (n=98, shrink=0.91)
2026-03-24 21:00:53,621 - __main__ - INFO -      [exchange] BVB: raw=-13.8% → posterior=20.6% (n=10, shrink=0.25)
2026-03-24 21:00:53,621 - __main__ - INFO -      [exchange] KOSE: raw=19.5% → posterior=19.4% (n=98, shrink=0.91)
2026-03-24 21:00:53,621 - __main__ - INFO -      [exchange] BSE: raw=18.6% → posterior=19.4% (n=60, shrink=0.86)
2026-03-24 21:00:53,622 - __main__ - INFO -      [exchange] SZSE: raw=18.7% → posterior=18.9% (n=266, shrink=0.96)
2026-03-24 21:00:53,622 - __main__ - INFO -      [exchange] KLSE: raw=17.7% → posterior=18.0% (n=31, shrink=0.76)
2026-03-24 21:00:53,622 - __main__ - INFO -      [exchange] TWSE: raw=16.5% → posterior=16.5% (n=84, shrink=0.89)
2026-03-24 21:00:53,622 - __main__ - INFO -      [exchange] TPEX: raw=14.0% → posterior=15.2% (n=18, shrink=0.52)
2026-03-24 21:00:53,622 - __main__ - INFO -      [exchange] TSE: raw=14.7% → posterior=14.7% (n=359, shrink=0.97)
2026-03-24 21:00:53,622 - __main__ - INFO -      [exchange] KOSDAQ: raw=6.2% → posterior=14.0% (n=13, shrink=0.36)
2026-03-24 21:00:53,623 - __main__ - INFO -      [exchange] MSM: raw=-5.5% → posterior=11.2% (n=12, shrink=0.32)
2026-03-24 21:00:53,623 - __main__ - INFO -      [exchange] NGSE: raw=-20.4% → posterior=5.0% (n=11, shrink=0.29)
2026-03-24 21:00:53,624 - __main__ - INFO -      [unit] GBP: raw=60.0% → posterior=59.1% (n=290, shrink=0.97)
2026-03-24 21:00:53,625 - __main__ - INFO -      [unit] SEK: raw=47.7% → posterior=46.9% (n=169, shrink=0.94)
2026-03-24 21:00:53,625 - __main__ - INFO -      [unit] MXN: raw=43.2% → posterior=41.3% (n=42, shrink=0.81)
2026-03-24 21:00:53,625 - __main__ - INFO -      [unit] EUR: raw=40.7% → posterior=40.7% (n=730, shrink=0.99)
2026-03-24 21:00:53,626 - __main__ - INFO -      [unit] USD: raw=39.4% → posterior=39.3% (n=1706, shrink=0.99)
2026-03-24 21:00:53,626 - __main__ - INFO -      [unit] AED: raw=40.7% → posterior=39.0% (n=32, shrink=0.76)
2026-03-24 21:00:53,626 - __main__ - INFO -      [unit] TRY: raw=38.1% → posterior=37.4% (n=51, shrink=0.84)
2026-03-24 21:00:53,626 - __main__ - INFO -      [unit] HKD: raw=37.5% → posterior=37.3% (n=163, shrink=0.94)
2026-03-24 21:00:53,626 - __main__ - INFO -      [unit] IDR: raw=37.5% → posterior=36.5% (n=29, shrink=0.74)
2026-03-24 21:00:53,627 - __main__ - INFO -      [unit] SAR: raw=33.8% → posterior=33.8% (n=73, shrink=0.88)
2026-03-24 21:00:53,627 - __main__ - INFO -      [unit] QAR: raw=34.0% → posterior=33.7% (n=12, shrink=0.32)
2026-03-24 21:00:53,627 - __main__ - INFO -      [unit] MAD: raw=33.3% → posterior=33.5% (n=4, shrink=0.05)
2026-03-24 21:00:53,627 - __main__ - INFO -      [unit] DKK: raw=33.4% → posterior=33.5% (n=34, shrink=0.77)
2026-03-24 21:00:53,628 - __main__ - INFO -      [unit] CAD: raw=33.2% → posterior=33.2% (n=204, shrink=0.95)
2026-03-24 21:00:53,628 - __main__ - INFO -      [unit] VND: raw=24.3% → posterior=32.6% (n=6, shrink=0.11)
2026-03-24 21:00:53,628 - __main__ - INFO -      [unit] PHP: raw=19.1% → posterior=32.4% (n=5, shrink=0.08)
2026-03-24 21:00:53,629 - __main__ - INFO -      [unit] HUF: raw=-6.5% → posterior=32.4% (n=3, shrink=0.03)
2026-03-24 21:00:53,629 - __main__ - INFO -      [unit] GHS: raw=-15.8% → posterior=32.1% (n=3, shrink=0.03)
2026-03-24 21:00:53,629 - __main__ - INFO -      [unit] CZK: raw=-0.7% → posterior=31.8% (n=4, shrink=0.05)
2026-03-24 21:00:53,629 - __main__ - INFO -      [unit] NZD: raw=16.0% → posterior=31.7% (n=6, shrink=0.11)
2026-03-24 21:00:53,630 - __main__ - INFO -      [unit] KWD: raw=15.4% → posterior=31.6% (n=6, shrink=0.11)
2026-03-24 21:00:53,630 - __main__ - INFO -      [unit] BRL: raw=31.3% → posterior=31.5% (n=119, shrink=0.92)
2026-03-24 21:00:53,630 - __main__ - INFO -      [unit] COP: raw=14.2% → posterior=31.5% (n=6, shrink=0.11)
2026-03-24 21:00:53,630 - __main__ - INFO -      [unit] AUD: raw=30.7% → posterior=31.2% (n=55, shrink=0.85)
2026-03-24 21:00:53,630 - __main__ - INFO -      [unit] ZAR: raw=29.8% → posterior=30.6% (n=36, shrink=0.78)
2026-03-24 21:00:53,630 - __main__ - INFO -      [unit] CHF: raw=30.2% → posterior=30.6% (n=95, shrink=0.90)
2026-03-24 21:00:53,630 - __main__ - INFO -      [unit] ILS: raw=-10.0% → posterior=30.2% (n=5, shrink=0.08)
2026-03-24 21:00:53,630 - __main__ - INFO -      [unit] CLP: raw=25.7% → posterior=29.7% (n=17, shrink=0.49)
2026-03-24 21:00:53,630 - __main__ - INFO -      [unit] EGP: raw=25.0% → posterior=29.6% (n=16, shrink=0.46)
2026-03-24 21:00:53,631 - __main__ - INFO -      [unit] THB: raw=21.8% → posterior=26.3% (n=22, shrink=0.62)
2026-03-24 21:00:53,631 - __main__ - INFO -      [unit] SGD: raw=10.5% → posterior=26.1% (n=12, shrink=0.32)
2026-03-24 21:00:53,631 - __main__ - INFO -      [unit] INR: raw=23.8% → posterior=24.2% (n=211, shrink=0.95)
2026-03-24 21:00:53,631 - __main__ - INFO -      [unit] PLN: raw=21.5% → posterior=23.4% (n=54, shrink=0.84)
2026-03-24 21:00:53,632 - __main__ - INFO -      [unit] NOK: raw=21.1% → posterior=22.3% (n=98, shrink=0.91)
2026-03-24 21:00:53,632 - __main__ - INFO -      [unit] RON: raw=-13.8% → posterior=21.7% (n=10, shrink=0.25)
2026-03-24 21:00:53,632 - __main__ - INFO -      [unit] MYR: raw=17.7% → posterior=21.6% (n=31, shrink=0.76)
2026-03-24 21:00:53,632 - __main__ - INFO -      [unit] OMR: raw=-5.5% → posterior=20.9% (n=12, shrink=0.32)
2026-03-24 21:00:53,633 - __main__ - INFO -      [unit] CNY: raw=20.1% → posterior=20.3% (n=568, shrink=0.98)
2026-03-24 21:00:53,633 - __main__ - INFO -      [unit] KRW: raw=17.9% → posterior=19.2% (n=111, shrink=0.92)
2026-03-24 21:00:53,633 - __main__ - INFO -      [unit] NGN: raw=-20.4% → posterior=18.1% (n=11, shrink=0.29)
2026-03-24 21:00:53,633 - __main__ - INFO -      [unit] TWD: raw=16.0% → posterior=17.6% (n=102, shrink=0.91)
2026-03-24 21:00:53,633 - __main__ - INFO -      [unit] JPY: raw=14.7% → posterior=15.2% (n=359, shrink=0.97)
2026-03-24 21:00:53,635 - __main__ - INFO -      [sector] Health Care: raw=58.7% → posterior=58.4% (n=722, shrink=0.99)
2026-03-24 21:00:53,635 - __main__ - INFO -      [sector] Consumer Discretionary: raw=40.1% → posterior=40.2% (n=800, shrink=0.99)
2026-03-24 21:00:53,635 - __main__ - INFO -      [sector] Communication Services: raw=34.4% → posterior=33.9% (n=247, shrink=0.96)
2026-03-24 21:00:53,636 - __main__ - INFO -      [sector] Information Technology: raw=34.0% → posterior=33.9% (n=846, shrink=0.99)
2026-03-24 21:00:53,636 - __main__ - INFO -      [sector] Materials: raw=31.1% → posterior=30.9% (n=605, shrink=0.98)
2026-03-24 21:00:53,636 - __main__ - INFO -      [sector] Consumer Staples: raw=28.5% → posterior=28.4% (n=505, shrink=0.98)
2026-03-24 21:00:53,637 - __main__ - INFO -      [sector] Industrials: raw=27.8% → posterior=27.9% (n=1253, shrink=0.99)
2026-03-24 21:00:53,637 - __main__ - INFO -      [sector] Utilities: raw=12.3% → posterior=12.7% (n=232, shrink=0.96)
2026-03-24 21:00:53,637 - __main__ - INFO -      [sector] Energy: raw=9.3% → posterior=10.2% (n=325, shrink=0.97)
2026-03-24 21:00:53,638 - __main__ - INFO -      [industry] Biotechnology: raw=89.1% → posterior=87.7% (n=208, shrink=0.95)
2026-03-24 21:00:53,638 - __main__ - INFO -      [industry] Software: raw=64.6% → posterior=63.2% (n=218, shrink=0.96)
2026-03-24 21:00:53,639 - __main__ - INFO -      [industry] Health Care Technology: raw=56.4% → posterior=57.0% (n=27, shrink=0.71)
2026-03-24 21:00:53,639 - __main__ - INFO -      [industry] Professional Services: raw=59.9% → posterior=56.6% (n=88, shrink=0.90)
2026-03-24 21:00:53,639 - __main__ - INFO -      [industry] Life Sciences Tools and Services: raw=52.4% → posterior=53.2% (n=64, shrink=0.86)
2026-03-24 21:00:53,639 - __main__ - INFO -      [industry] Pharmaceuticals: raw=50.8% → posterior=51.3% (n=172, shrink=0.95)
2026-03-24 21:00:53,640 - __main__ - INFO -      [industry] Interactive Media and Services: raw=54.2% → posterior=50.6% (n=47, shrink=0.82)
2026-03-24 21:00:53,640 - __main__ - INFO -      [industry] Leisure Products: raw=50.3% → posterior=47.5% (n=28, shrink=0.72)
2026-03-24 21:00:53,640 - __main__ - INFO -      [industry] Health Care Equipment and Supplies: raw=46.1% → posterior=47.0% (n=125, shrink=0.93)
2026-03-24 21:00:53,640 - __main__ - INFO -      [industry] Entertainment: raw=47.5% → posterior=46.0% (n=82, shrink=0.89)
2026-03-24 21:00:53,640 - __main__ - INFO -      [industry] Hotels Restaurants and Leisure: raw=45.5% → posterior=45.2% (n=163, shrink=0.94)
2026-03-24 21:00:53,641 - __main__ - INFO -      [industry] Distributors: raw=54.8% → posterior=44.9% (n=12, shrink=0.32)
2026-03-24 21:00:53,641 - __main__ - INFO -      [industry] Media: raw=46.3% → posterior=44.1% (n=71, shrink=0.88)
2026-03-24 21:00:53,641 - __main__ - INFO -      [industry] Specialty Retail: raw=41.4% → posterior=41.3% (n=157, shrink=0.94)
2026-03-24 21:00:53,641 - __main__ - INFO -      [industry] IT Services: raw=41.7% → posterior=41.0% (n=106, shrink=0.91)
2026-03-24 21:00:53,642 - __main__ - INFO -      [industry] Metals and Mining: raw=40.2% → posterior=39.9% (n=263, shrink=0.96)
2026-03-24 21:00:53,642 - __main__ - INFO -      [industry] Automobile Components: raw=39.3% → posterior=39.4% (n=113, shrink=0.92)
2026-03-24 21:00:53,642 - __main__ - INFO -      [industry] Household Durables: raw=38.7% → posterior=38.8% (n=108, shrink=0.92)
2026-03-24 21:00:53,642 - __main__ - INFO -      [industry] Health Care Providers and Services: raw=35.7% → posterior=37.3% (n=126, shrink=0.93)
2026-03-24 21:00:53,643 - __main__ - INFO -      [industry] Textiles Apparel and Luxury Goods: raw=35.8% → posterior=36.4% (n=67, shrink=0.87)
2026-03-24 21:00:53,643 - __main__ - INFO -      [industry] Passenger Airlines: raw=37.9% → posterior=36.0% (n=42, shrink=0.81)
2026-03-24 21:00:53,643 - __main__ - INFO -      [industry] Diversified Consumer Services: raw=35.0% → posterior=36.0% (n=45, shrink=0.82)
2026-03-24 21:00:53,643 - __main__ - INFO -      [industry] Broadline Retail: raw=35.0% → posterior=35.9% (n=47, shrink=0.82)
2026-03-24 21:00:53,643 - __main__ - INFO -      [industry] Commercial Services and Supplies: raw=35.7% → posterior=34.9% (n=86, shrink=0.90)
2026-03-24 21:00:53,644 - __main__ - INFO -      [industry] Building Products: raw=34.0% → posterior=33.2% (n=71, shrink=0.88)
2026-03-24 21:00:53,644 - __main__ - INFO -      [industry] Automobiles: raw=31.4% → posterior=32.7% (n=60, shrink=0.86)
2026-03-24 21:00:53,644 - __main__ - INFO -      [industry] Personal Care Products: raw=32.8% → posterior=31.9% (n=42, shrink=0.81)
2026-03-24 21:00:53,644 - __main__ - INFO -      [industry] Trading Companies and Distributors: raw=32.5% → posterior=31.9% (n=74, shrink=0.88)
2026-03-24 21:00:53,644 - __main__ - INFO -      [industry] Construction Materials: raw=31.5% → posterior=31.4% (n=56, shrink=0.85)
2026-03-24 21:00:53,645 - __main__ - INFO -      [industry] Paper and Forest Products: raw=31.1% → posterior=31.0% (n=24, shrink=0.66)
2026-03-24 21:00:53,645 - __main__ - INFO -      [industry] Containers and Packaging: raw=28.4% → posterior=29.0% (n=34, shrink=0.77)
2026-03-24 21:00:53,645 - __main__ - INFO -      [industry] Technology Hardware Storage and Peripherals: raw=27.8% → posterior=28.7% (n=60, shrink=0.86)
2026-03-24 21:00:53,645 - __main__ - INFO -      [industry] Consumer Staples Distribution and Retail: raw=27.7% → posterior=27.8% (n=99, shrink=0.91)
2026-03-24 21:00:53,645 - __main__ - INFO -      [industry] Beverages: raw=26.6% → posterior=26.8% (n=73, shrink=0.88)
2026-03-24 21:00:53,646 - __main__ - INFO -      [industry] Ground Transportation: raw=26.2% → posterior=26.4% (n=73, shrink=0.88)
2026-03-24 21:00:53,646 - __main__ - INFO -      [industry] Aerospace and Defense: raw=26.2% → posterior=26.4% (n=95, shrink=0.90)
2026-03-24 21:00:53,646 - __main__ - INFO -      [industry] Industrial Conglomerates: raw=25.8% → posterior=26.1% (n=48, shrink=0.83)
2026-03-24 21:00:53,646 - __main__ - INFO -      [industry] Tobacco: raw=17.3% → posterior=25.2% (n=11, shrink=0.29)
2026-03-24 21:00:53,646 - __main__ - INFO -      [industry] Machinery: raw=24.5% → posterior=24.6% (n=266, shrink=0.96)
2026-03-24 21:00:53,647 - __main__ - INFO -      [industry] Food Products: raw=24.0% → posterior=24.3% (n=188, shrink=0.95)
2026-03-24 21:00:53,647 - __main__ - INFO -      [industry] Electronic Equipment Instruments and Components: raw=23.0% → posterior=23.5% (n=203, shrink=0.95)
2026-03-24 21:00:53,647 - __main__ - INFO -      [industry] Electrical Equipment: raw=21.3% → posterior=21.7% (n=177, shrink=0.95)
2026-03-24 21:00:53,647 - __main__ - INFO -      [industry] Air Freight and Logistics: raw=19.8% → posterior=21.6% (n=35, shrink=0.78)
2026-03-24 21:00:53,648 - __main__ - INFO -      [industry] Diversified Telecommunication Services: raw=19.8% → posterior=21.5% (n=76, shrink=0.88)
2026-03-24 21:00:53,648 - __main__ - INFO -      [industry] Transportation Infrastructure: raw=20.1% → posterior=21.4% (n=48, shrink=0.83)
2026-03-24 21:00:53,648 - __main__ - INFO -      [industry] Chemicals: raw=20.9% → posterior=21.3% (n=228, shrink=0.96)
2026-03-24 21:00:53,648 - __main__ - INFO -      [industry] Household Products: raw=16.3% → posterior=21.2% (n=21, shrink=0.60)
2026-03-24 21:00:53,648 - __main__ - INFO -      [industry] Construction and Engineering: raw=20.5% → posterior=21.1% (n=117, shrink=0.92)
2026-03-24 21:00:53,649 - __main__ - INFO -      [industry] Communications Equipment: raw=16.8% → posterior=19.6% (n=51, shrink=0.84)
2026-03-24 21:00:53,649 - __main__ - INFO -      [industry] Wireless Telecommunication Services: raw=13.0% → posterior=17.0% (n=42, shrink=0.81)
2026-03-24 21:00:53,649 - __main__ - INFO -      [industry] Semiconductors and Semiconductor Equipment: raw=14.8% → posterior=15.6% (n=208, shrink=0.95)
2026-03-24 21:00:53,649 - __main__ - INFO -      [industry] Independent Power and Renewable Electricity Producers: raw=15.8% → posterior=15.4% (n=69, shrink=0.87)
2026-03-24 21:00:53,649 - __main__ - INFO -      [industry] Multi-Utilities: raw=15.9% → posterior=15.2% (n=32, shrink=0.76)
2026-03-24 21:00:53,649 - __main__ - INFO -      [industry] Water Utilities: raw=11.6% → posterior=12.1% (n=18, shrink=0.52)
2026-03-24 21:00:53,649 - __main__ - INFO -      [industry] Gas Utilities: raw=9.7% → posterior=10.4% (n=33, shrink=0.77)
2026-03-24 21:00:53,650 - __main__ - INFO -      [industry] Oil Gas and Consumable Fuels: raw=9.8% → posterior=9.8% (n=254, shrink=0.96)
2026-03-24 21:00:53,650 - __main__ - INFO -      [industry] Marine Transportation: raw=4.0% → posterior=9.6% (n=33, shrink=0.77)
2026-03-24 21:00:53,650 - __main__ - INFO -      [industry] Electric Utilities: raw=9.0% → posterior=9.4% (n=80, shrink=0.89)
2026-03-24 21:00:53,650 - __main__ - INFO -      [industry] Energy Equipment and Services: raw=7.7% → posterior=8.0% (n=71, shrink=0.88)
2026-03-24 21:00:53,651 - __main__ - INFO -      [style_class] Core: raw=34.9% → posterior=34.9% (n=3213, shrink=1.00)
2026-03-24 21:00:53,651 - __main__ - INFO -      [style_class] Growth: raw=33.6% → posterior=33.6% (n=738, shrink=0.99)
2026-03-24 21:00:53,652 - __main__ - INFO -      [style_class] Value: raw=30.8% → posterior=30.8% (n=1584, shrink=0.99)
2026-03-24 21:00:53,653 - __main__ - INFO -      [size_class] Small Cap: raw=45.6% → posterior=45.5% (n=2866, shrink=1.00)
2026-03-24 21:00:53,653 - __main__ - INFO -      [size_class] Mid Cap: raw=21.8% → posterior=21.9% (n=1588, shrink=0.99)
2026-03-24 21:00:53,653 - __main__ - INFO -      [size_class] Large Cap: raw=18.9% → posterior=19.0% (n=1081, shrink=0.99)
2026-03-24 21:00:53,655 - __main__ - INFO -      Biotechnology: MC mean=89.1%, consensus=78%, risk-adj=1.03
2026-03-24 21:00:53,655 - __main__ - INFO -      Metals and Mining: MC mean=40.2%, consensus=75%, risk-adj=0.81
2026-03-24 21:00:53,655 - __main__ - INFO -      Paper and Forest Products: MC mean=31.1%, consensus=75%, risk-adj=1.43
2026-03-24 21:00:53,655 - __main__ - INFO -      Automobiles: MC mean=31.4%, consensus=73%, risk-adj=1.65
2026-03-24 21:00:53,655 - __main__ - INFO -      Tobacco: MC mean=17.3%, consensus=73%, risk-adj=0.99
2026-03-24 21:00:53,656 - __main__ - INFO -      Water Utilities: MC mean=11.6%, consensus=72%, risk-adj=1.12
2026-03-24 21:00:53,656 - __main__ - INFO -      Construction Materials: MC mean=31.5%, consensus=71%, risk-adj=1.05
2026-03-24 21:00:53,656 - __main__ - INFO -      Entertainment: MC mean=47.5%, consensus=71%, risk-adj=1.23
2026-03-24 21:00:53,656 - __main__ - INFO -      Containers and Packaging: MC mean=28.4%, consensus=71%, risk-adj=1.40
2026-03-24 21:00:53,656 - __main__ - INFO -      Media: MC mean=46.3%, consensus=70%, risk-adj=0.98
2026-03-24 21:00:53,657 - __main__ - INFO -      Gas Utilities: MC mean=9.7%, consensus=70%, risk-adj=0.74
2026-03-24 21:00:53,657 - __main__ - INFO -      Passenger Airlines: MC mean=37.9%, consensus=69%, risk-adj=1.71
2026-03-24 21:00:53,657 - __main__ - INFO -      Specialty Retail: MC mean=41.4%, consensus=69%, risk-adj=0.83
2026-03-24 21:00:53,657 - __main__ - INFO -      Life Sciences Tools and Services: MC mean=52.4%, consensus=69%, risk-adj=1.12
2026-03-24 21:00:53,657 - __main__ - INFO -      Leisure Products: MC mean=50.3%, consensus=68%, risk-adj=0.53
2026-03-24 21:00:53,657 - __main__ - INFO -      Pharmaceuticals: MC mean=50.8%, consensus=67%, risk-adj=0.86
2026-03-24 21:00:53,658 - __main__ - INFO -      Independent Power and Renewable Electricity Producers: MC mean=15.8%, consensus=67%, risk-adj=0.69
2026-03-24 21:00:53,658 - __main__ - INFO -      Health Care Equipment and Supplies: MC mean=46.1%, consensus=66%, risk-adj=1.11
2026-03-24 21:00:53,658 - __main__ - INFO -      Interactive Media and Services: MC mean=54.2%, consensus=66%, risk-adj=1.30
2026-03-24 21:00:53,658 - __main__ - INFO -      Automobile Components: MC mean=39.3%, consensus=65%, risk-adj=0.92
2026-03-24 21:00:53,659 - __main__ - INFO -      Industrial Conglomerates: MC mean=25.8%, consensus=65%, risk-adj=1.37
2026-03-24 21:00:53,659 - __main__ - INFO -      Chemicals: MC mean=20.9%, consensus=64%, risk-adj=0.65
2026-03-24 21:00:53,659 - __main__ - INFO -      Broadline Retail: MC mean=35.0%, consensus=64%, risk-adj=1.16
2026-03-24 21:00:53,659 - __main__ - INFO -      Household Durables: MC mean=38.7%, consensus=63%, risk-adj=1.31
2026-03-24 21:00:53,659 - __main__ - INFO -      Aerospace and Defense: MC mean=26.2%, consensus=62%, risk-adj=0.79
2026-03-24 21:00:53,659 - __main__ - INFO -      Household Products: MC mean=16.3%, consensus=62%, risk-adj=0.82
2026-03-24 21:00:53,660 - __main__ - INFO -      Health Care Providers and Services: MC mean=35.7%, consensus=62%, risk-adj=1.03
2026-03-24 21:00:53,660 - __main__ - INFO -      Consumer Staples Distribution and Retail: MC mean=27.7%, consensus=62%, risk-adj=0.93
2026-03-24 21:00:53,660 - __main__ - INFO -      Food Products: MC mean=24.0%, consensus=61%, risk-adj=0.94
2026-03-24 21:00:53,660 - __main__ - INFO -      Building Products: MC mean=34.0%, consensus=61%, risk-adj=1.34
2026-03-24 21:00:53,661 - __main__ - INFO -      Software: MC mean=64.6%, consensus=61%, risk-adj=1.27
2026-03-24 21:00:53,661 - __main__ - INFO -      Air Freight and Logistics: MC mean=19.8%, consensus=60%, risk-adj=0.94
2026-03-24 21:00:53,661 - __main__ - INFO -      Personal Care Products: MC mean=32.8%, consensus=60%, risk-adj=1.27
2026-03-24 21:00:53,661 - __main__ - INFO -      Multi-Utilities: MC mean=15.9%, consensus=59%, risk-adj=0.66
2026-03-24 21:00:53,662 - __main__ - INFO -      Health Care Technology: MC mean=56.4%, consensus=59%, risk-adj=1.07
2026-03-24 21:00:53,662 - __main__ - INFO -      Electric Utilities: MC mean=9.0%, consensus=59%, risk-adj=0.53
2026-03-24 21:00:53,662 - __main__ - INFO -      Distributors: MC mean=54.8%, consensus=58%, risk-adj=1.59
2026-03-24 21:00:53,662 - __main__ - INFO -      Textiles Apparel and Luxury Goods: MC mean=35.8%, consensus=58%, risk-adj=1.07
2026-03-24 21:00:53,662 - __main__ - INFO -      Diversified Consumer Services: MC mean=35.0%, consensus=58%, risk-adj=1.46
2026-03-24 21:00:53,662 - __main__ - INFO -      Machinery: MC mean=24.5%, consensus=58%, risk-adj=1.21
2026-03-24 21:00:53,663 - __main__ - INFO -      Commercial Services and Supplies: MC mean=35.7%, consensus=57%, risk-adj=0.76
2026-03-24 21:00:53,663 - __main__ - INFO -      Diversified Telecommunication Services: MC mean=19.8%, consensus=57%, risk-adj=0.64
2026-03-24 21:00:53,663 - __main__ - INFO -      Transportation Infrastructure: MC mean=20.1%, consensus=56%, risk-adj=0.93
2026-03-24 21:00:53,663 - __main__ - INFO -      Hotels Restaurants and Leisure: MC mean=45.5%, consensus=56%, risk-adj=1.05
2026-03-24 21:00:53,663 - __main__ - INFO -      Wireless Telecommunication Services: MC mean=13.0%, consensus=55%, risk-adj=0.80
2026-03-24 21:00:53,664 - __main__ - INFO -      Professional Services: MC mean=59.9%, consensus=55%, risk-adj=1.04
2026-03-24 21:00:53,664 - __main__ - INFO -      Construction and Engineering: MC mean=20.5%, consensus=54%, risk-adj=0.94
2026-03-24 21:00:53,664 - __main__ - INFO -      Technology Hardware Storage and Peripherals: MC mean=27.8%, consensus=53%, risk-adj=1.01
2026-03-24 21:00:53,664 - __main__ - INFO -      Trading Companies and Distributors: MC mean=32.5%, consensus=53%, risk-adj=0.99
2026-03-24 21:00:53,664 - __main__ - INFO -      Ground Transportation: MC mean=26.2%, consensus=52%, risk-adj=0.80
2026-03-24 21:00:53,664 - __main__ - INFO -      Electronic Equipment Instruments and Components: MC mean=23.0%, consensus=50%, risk-adj=0.81
2026-03-24 21:00:53,665 - __main__ - INFO -      IT Services: MC mean=41.7%, consensus=50%, risk-adj=1.21
2026-03-24 21:00:53,665 - __main__ - INFO -      Beverages: MC mean=26.6%, consensus=47%, risk-adj=1.07
2026-03-24 21:00:53,665 - __main__ - INFO -      Marine Transportation: MC mean=4.0%, consensus=45%, risk-adj=0.24
2026-03-24 21:00:53,665 - __main__ - INFO -      Energy Equipment and Services: MC mean=7.7%, consensus=45%, risk-adj=0.39
2026-03-24 21:00:53,665 - __main__ - INFO -      Electrical Equipment: MC mean=21.3%, consensus=43%, risk-adj=0.57
2026-03-24 21:00:53,665 - __main__ - INFO -      Oil Gas and Consumable Fuels: MC mean=9.8%, consensus=43%, risk-adj=0.26
2026-03-24 21:00:53,666 - __main__ - INFO -      Semiconductors and Semiconductor Equipment: MC mean=14.8%, consensus=42%, risk-adj=0.50
2026-03-24 21:00:53,666 - __main__ - INFO -      Communications Equipment: MC mean=16.8%, consensus=33%, risk-adj=0.52
2026-03-24 21:00:53,666 - __main__ - INFO -   ⏱ Step 7 completed in 1.3s
2026-03-24 21:00:53,666 - __main__ - INFO - 
2026-03-24 21:00:53,666 - __main__ - INFO - 🔀 Step 7a: Parallel MCMC return analysis...
2026-03-24 21:00:53,666 - __main__ - INFO - --------------------------------------------------------------------------------
2026-03-24 21:00:59,881 - __main__ - INFO - Parallel MCMC: R̂=1.0000, converged=True, posterior mean=33.44
2026-03-24 21:00:59,881 - __main__ - INFO -   R̂=1.0000, converged=True, posterior mean=33.44
2026-03-24 21:01:00,333 - __main__ - INFO -    ✓ er_mcse_convergence.html
2026-03-24 21:01:00,333 - __main__ - INFO -   ⏱ Step 7a completed in 6.7s
2026-03-24 21:01:00,334 - __main__ - INFO - 
2026-03-24 21:01:00,334 - __main__ - INFO - 🧮 Step 7b: Per-category Bayesian probability analytics...
2026-03-24 21:01:00,334 - __main__ - INFO - --------------------------------------------------------------------------------
2026-03-24 21:01:00,408 - root - INFO - Loaded view category mapping from DB: 17 views, 689 total features
2026-03-24 21:01:00,409 - __main__ - INFO -   Feature categories from 17 views → 17 categories, 689 total features
2026-03-24 21:13:43,255 - __main__ - INFO - Category Analyst Sentiment: 26 features analyzed (parallel)
2026-03-24 21:13:43,256 - __main__ - INFO - Category Balance Sheet: 58 features analyzed (parallel)
2026-03-24 21:13:43,256 - __main__ - INFO - Category Cash Flow: 81 features analyzed (parallel)
2026-03-24 21:13:43,256 - __main__ - INFO - Category Composite Scores: 30 features analyzed (parallel)
2026-03-24 21:13:43,256 - __main__ - INFO - Category Cost Structure: 43 features analyzed (parallel)
2026-03-24 21:13:43,256 - __main__ - INFO - Category Dividend Features: 26 features analyzed (parallel)
2026-03-24 21:13:43,257 - __main__ - INFO - Category Earnings Quality: 68 features analyzed (parallel)
2026-03-24 21:13:43,257 - __main__ - INFO - Category Employment Metrics: 17 features analyzed (parallel)
2026-03-24 21:13:43,257 - __main__ - INFO - Category Growth Metrics: 62 features analyzed (parallel)
2026-03-24 21:13:43,257 - __main__ - INFO - Category Leverage & Liquidity: 71 features analyzed (parallel)
2026-03-24 21:13:43,257 - __main__ - INFO - Category Momentum: 21 features analyzed (parallel)
2026-03-24 21:13:43,257 - __main__ - INFO - Category Profitability: 68 features analyzed (parallel)
2026-03-24 21:13:43,257 - __main__ - INFO - Category Quality & Risk: 44 features analyzed (parallel)
2026-03-24 21:13:43,258 - __main__ - INFO - Category Technical Analysis: 11 features analyzed (parallel)
2026-03-24 21:13:43,258 - __main__ - INFO - Category Temporal Features: 16 features analyzed (parallel)
2026-03-24 21:13:43,258 - __main__ - INFO - Category Unusual Items: 9 features analyzed (parallel)
2026-03-24 21:13:43,258 - __main__ - INFO - Category Valuation Ratios: 38 features analyzed (parallel)
2026-03-24 21:13:47,434 - __main__ - INFO - Category analytics cached → 47bd44b8fe5f2b0e1baab0a82efecf03.pkl
2026-03-24 21:13:47,434 - __main__ - INFO -   ✓ Analyzed 17 categories
2026-03-24 21:13:47,434 - __main__ - INFO -     Analyst Sentiment: 26 features — 26 posteriors
2026-03-24 21:13:47,435 - __main__ - INFO -     Balance Sheet: 58 features — 58 posteriors
2026-03-24 21:13:47,435 - __main__ - INFO -     Cash Flow: 81 features — 81 posteriors
2026-03-24 21:13:47,435 - __main__ - INFO -     Composite Scores: 30 features — 30 posteriors
2026-03-24 21:13:47,436 - __main__ - INFO -     Cost Structure: 43 features — 43 posteriors
2026-03-24 21:13:47,436 - __main__ - INFO -     Dividend Features: 26 features — 26 posteriors
2026-03-24 21:13:47,436 - __main__ - INFO -     Earnings Quality: 68 features — 68 posteriors
2026-03-24 21:13:47,436 - __main__ - INFO -     Employment Metrics: 17 features — 17 posteriors
2026-03-24 21:13:47,436 - __main__ - INFO -     Growth Metrics: 62 features — 62 posteriors
2026-03-24 21:13:47,437 - __main__ - INFO -     Leverage & Liquidity: 71 features — 71 posteriors
2026-03-24 21:13:47,437 - __main__ - INFO -     Momentum: 21 features — 21 posteriors
2026-03-24 21:13:47,437 - __main__ - INFO -     Profitability: 68 features — 68 posteriors
2026-03-24 21:13:47,437 - __main__ - INFO -     Quality & Risk: 44 features — 44 posteriors
2026-03-24 21:13:47,437 - __main__ - INFO -     Technical Analysis: 11 features — 11 posteriors
2026-03-24 21:13:47,437 - __main__ - INFO -     Temporal Features: 16 features — 16 posteriors
2026-03-24 21:13:47,437 - __main__ - INFO -     Unusual Items: 9 features — 9 posteriors
2026-03-24 21:13:47,438 - __main__ - INFO -     Valuation Ratios: 38 features — 38 posteriors
2026-03-24 21:13:47,438 - __main__ - INFO -   ⏱ Step 7b completed in 767.1s
2026-03-24 21:13:47,438 - __main__ - INFO - 
2026-03-24 21:13:47,438 - __main__ - INFO - 🧪 Step 8: Building InferenceData (ArviZ)...
2026-03-24 21:13:47,438 - __main__ - INFO - --------------------------------------------------------------------------------
2026-03-24 21:13:49,247 - __main__ - INFO -    ✓ MC InferenceData: 25000 draws, 5535 equities
2026-03-24 21:14:00,474 - finance_ml.analytics.inference_schema - INFO - Built InferenceData: 8 chains × 4000 draws × 6379 equities
2026-03-24 21:14:53,350 - __main__ - INFO -    ✓ Beat InferenceData: 8 chains × 4000 draws
2026-03-24 21:15:50,091 - __main__ - INFO -    ✓ Credit Risk InferenceData: 6379 equities
2026-03-24 21:15:50,092 - __main__ - INFO -    ✓ EquityCoordinates: 6379 tickers, 6379 sectors
2026-03-24 21:15:50,096 - __main__ - INFO -    Building per-view feature InferenceData...
2026-03-24 21:15:50,605 - __main__ - INFO - 
2026-03-24 21:15:50,606 - __main__ - INFO -   ⏱ Step 8 completed in 123.2s
2026-03-24 21:15:50,698 - __main__ - INFO -   ✓ Enriched df (mv_equities) with 8 viz-critical columns
2026-03-24 21:15:50,704 - __main__ - INFO -   ✓ Enriched beat with 1 viz-critical columns
2026-03-24 21:15:50,710 - __main__ - INFO -   ⚠️ Viz column coverage gaps after enrichment: {'create_distress_early_warning_dashboard': ['distress_probability', 'survival_probability', 'ruin_probability']}
2026-03-24 21:15:50,712 - __main__ - INFO - 
2026-03-24 21:15:50,712 - __main__ - INFO - 📈 Step 9: Generating visualizations...
2026-03-24 21:15:50,713 - __main__ - INFO - --------------------------------------------------------------------------------
2026-03-24 21:15:50,928 - __main__ - INFO -    ✓ er_mc_distribution.html
2026-03-24 21:15:51,147 - __main__ - INFO -    ✓ er_sector_risk_reward.html
2026-03-24 21:15:51,196 - __main__ - INFO -    ✓ er_var_analysis.html
2026-03-24 21:15:51,229 - __main__ - INFO -    ✓ er_posterior_return_forest.html
2026-03-24 21:15:51,366 - __main__ - INFO -    ✓ er_kalman_vs_raw.html
2026-03-24 21:15:51,410 - __main__ - INFO -    ✓ er_tri_model_agreement.html
2026-03-24 21:15:51,467 - __main__ - INFO -    ✓ er_sector_heatmap.html
2026-03-24 21:15:51,494 - __main__ - INFO -    ✓ er_strong_consensus.html
2026-03-24 21:15:51,769 - __main__ - INFO -    ✓ er_tri_model_posterior.html
2026-03-24 21:15:51,837 - __main__ - INFO -    ✓ er_beat_vs_achievement.html
2026-03-24 21:15:51,908 - __main__ - INFO -    ✓ er_beat_probability_posterior.html
2026-03-24 21:15:51,966 - __main__ - INFO -    ✓ er_earnings_probability_dashboard.html
2026-03-24 21:15:52,049 - __main__ - INFO -    ✓ er_revision_momentum.html
2026-03-24 21:15:52,127 - __main__ - INFO -    ✓ er_gaap_divergence.html
2026-03-24 21:15:52,187 - __main__ - INFO -    ✓ er_enhanced_beat_probability.html
2026-03-24 21:15:52,348 - __main__ - INFO -    ✓ er_quality_risk_quadrant.html
2026-03-24 21:15:52,482 - __main__ - INFO -    ✓ er_distress_early_warning.html
2026-03-24 21:15:52,515 - __main__ - INFO -    ✓ er_piotroski_fscore.html
2026-03-24 21:15:52,655 - __main__ - INFO -    ✓ er_altman_zscore.html
2026-03-24 21:15:52,691 - __main__ - INFO -    ✓ er_beneish_mscore.html
2026-03-24 21:15:52,863 - __main__ - INFO -    ✓ er_accounting_anomaly_dashboard.html
2026-03-24 21:15:52,969 - __main__ - INFO -    ✓ er_anomaly_severity_dashboard.html
2026-03-24 21:15:53,029 - __main__ - INFO -    ✓ er_anomaly_conditional_probability.html
2026-03-24 21:15:53,084 - __main__ - INFO -    ✓ er_mcmc_anomaly_posterior.html
2026-03-24 21:15:53,300 - __main__ - INFO -    ✓ er_mcmc_credit_risk_posterior.html
2026-03-24 21:15:53,334 - __main__ - INFO -    ✓ er_mcmc_dividend_cut_posterior.html
2026-03-24 21:15:53,374 - __main__ - INFO -    ✓ er_mcmc_price_target_posterior.html
2026-03-24 21:15:53,429 - __main__ - INFO -    ✓ er_ruin_probability_diagnostic.html
2026-03-24 21:15:53,710 - __main__ - INFO -    ✓ er_expected_returns_summary_posterior.html
2026-03-24 21:15:53,762 - __main__ - INFO -    ✓ er_model_dispersion_dashboard.html
2026-03-24 21:15:54,197 - __main__ - INFO -    ✓ er_return_distribution_fit.html
2026-03-24 21:15:54,281 - __main__ - INFO -    ✓ er_sector_return_analytics.html
2026-03-24 21:15:54,305 - __main__ - INFO -    ✓ er_screening_summary.html
2026-03-24 21:15:54,331 - __main__ - INFO -    ✓ er_price_target_drift.html
2026-03-24 21:15:54,359 - __main__ - INFO -    ✓ er_valuation_multiples.html
2026-03-24 21:15:54,858 - __main__ - INFO -    ✓ er_valuation_distribution.html
2026-03-24 21:15:55,253 - __main__ - INFO -    ✓ er_relative_valuation_matrix.html
2026-03-24 21:15:55,397 - __main__ - INFO -    ✓ er_valuation_vs_growth.html
2026-03-24 21:15:55,528 - __main__ - INFO -    ✓ er_historical_valuation_percentile.html
2026-03-24 21:15:55,640 - __main__ - INFO -    ✓ er_earnings_surprise.html
2026-03-24 21:15:55,687 - __main__ - INFO -    ✓ er_eps_trajectory.html
2026-03-24 21:15:55,712 - __main__ - INFO -    ✓ er_earnings_quality_decomposition.html
2026-03-24 21:15:55,854 - __main__ - INFO -    ✓ er_beat_rate_heatmap.html
2026-03-24 21:15:55,988 - __main__ - INFO -    ✓ er_earnings_consistency_matrix.html
2026-03-24 21:15:56,029 - __main__ - INFO -    ✓ er_growth_waterfall.html
2026-03-24 21:15:56,141 - __main__ - INFO -    ✓ er_growth_consistency_matrix.html
2026-03-24 21:15:56,321 - __main__ - INFO -    ✓ er_growth_vs_profitability.html
2026-03-24 21:15:56,376 - __main__ - INFO -    ✓ er_growth_acceleration.html
2026-03-24 21:15:56,529 - __main__ - INFO -    ✓ er_sustainable_growth.html
2026-03-24 21:15:56,870 - __main__ - INFO -    ✓ er_bayesian_sentiment_ridge.html
2026-03-24 21:15:56,895 - __main__ - INFO -    ✓ er_mcmc_category_sentiment_posterior.html
2026-03-24 21:15:56,985 - __main__ - INFO -    ✓ er_bayesian_profitability_ridge.html
2026-03-24 21:15:56,985 - __main__ - INFO -    📊 Generating ArviZ diagnostic visualizations...
2026-03-24 21:15:57,555 - finance_ml.analytics.visualizations.arviz_diagnostics - INFO - Resampled posterior R̂: <xarray.Dataset> Size: 16B
Dimensions:                ()
Data variables:
    posterior_return       float64 8B 1.001
    posterior_uncertainty  float64 8B 1.009
2026-03-24 21:15:57,560 - __main__ - INFO -    ✓ er_resampled_trace.png
2026-03-24 21:15:57,560 - __main__ - INFO -    ✓ er_resampled_posterior_hdi.png
2026-03-24 21:16:00,608 - __main__ - INFO -    ✓ er_model_alignment_forest.png
2026-03-24 21:16:00,609 - __main__ - INFO -    ✓ er_model_alignment_pair.png
2026-03-24 21:16:13,540 - __main__ - INFO -    ✓ er_agreement_by_sector.png
2026-03-24 21:16:13,874 - __main__ - INFO -    ✓ er_hierarchical_shrinkage.png
2026-03-24 21:18:10,556 - __main__ - INFO -    ✓ er_category_analyst_sentiment_ridge.png
2026-03-24 21:18:10,557 - __main__ - INFO -    ✓ er_category_analyst_sentiment_forest.png
2026-03-24 21:18:10,557 - __main__ - INFO -    ✓ er_category_balance_sheet_ridge.png
2026-03-24 21:18:10,562 - __main__ - INFO -    ✓ er_category_balance_sheet_forest.png
2026-03-24 21:18:10,563 - __main__ - INFO -    ✓ er_category_cash_flow_ridge.png
2026-03-24 21:18:10,563 - __main__ - INFO -    ✓ er_category_cash_flow_forest.png
2026-03-24 21:18:10,563 - __main__ - INFO -    ✓ er_category_composite_scores_ridge.png
2026-03-24 21:18:10,563 - __main__ - INFO -    ✓ er_category_composite_scores_forest.png
2026-03-24 21:18:10,563 - __main__ - INFO -    ✓ er_category_cost_structure_ridge.png
2026-03-24 21:18:10,563 - __main__ - INFO -    ✓ er_category_cost_structure_forest.png
2026-03-24 21:18:10,563 - __main__ - INFO -    ✓ er_category_dividend_features_ridge.png
2026-03-24 21:18:10,563 - __main__ - INFO -    ✓ er_category_dividend_features_forest.png
2026-03-24 21:18:10,564 - __main__ - INFO -    ✓ er_category_earnings_quality_ridge.png
2026-03-24 21:18:10,564 - __main__ - INFO -    ✓ er_category_earnings_quality_forest.png
2026-03-24 21:18:10,564 - __main__ - INFO -    ✓ er_category_employment_metrics_ridge.png
2026-03-24 21:18:10,565 - __main__ - INFO -    ✓ er_category_employment_metrics_forest.png
2026-03-24 21:18:10,565 - __main__ - INFO -    ✓ er_category_growth_metrics_ridge.png
2026-03-24 21:18:10,565 - __main__ - INFO -    ✓ er_category_growth_metrics_forest.png
2026-03-24 21:18:10,566 - __main__ - INFO -    ✓ er_category_leverage_and_liquidity_ridge.png
2026-03-24 21:18:10,566 - __main__ - INFO -    ✓ er_category_leverage_and_liquidity_forest.png
2026-03-24 21:18:10,566 - __main__ - INFO -    ✓ er_category_momentum_ridge.png
2026-03-24 21:18:10,566 - __main__ - INFO -    ✓ er_category_momentum_forest.png
2026-03-24 21:18:10,566 - __main__ - INFO -    ✓ er_category_profitability_ridge.png
2026-03-24 21:18:10,567 - __main__ - INFO -    ✓ er_category_profitability_forest.png
2026-03-24 21:18:10,567 - __main__ - INFO -    ✓ er_category_quality_and_risk_ridge.png
2026-03-24 21:18:10,567 - __main__ - INFO -    ✓ er_category_quality_and_risk_forest.png
2026-03-24 21:18:10,567 - __main__ - INFO -    ✓ er_category_technical_analysis_ridge.png
2026-03-24 21:18:10,567 - __main__ - INFO -    ✓ er_category_technical_analysis_forest.png
2026-03-24 21:18:10,567 - __main__ - INFO -    ✓ er_category_temporal_features_forest.png
2026-03-24 21:18:10,568 - __main__ - INFO -    ✓ er_category_unusual_items_ridge.png
2026-03-24 21:18:10,568 - __main__ - INFO -    ✓ er_category_unusual_items_forest.png
2026-03-24 21:18:10,568 - __main__ - INFO -    ✓ er_category_valuation_ratios_ridge.png
2026-03-24 21:18:10,568 - __main__ - INFO -    ✓ er_category_valuation_ratios_forest.png
2026-03-24 21:18:10,591 - __main__ - INFO -   ⏱ Step 9 completed in 139.9s
2026-03-24 21:18:10,592 - __main__ - INFO - 
2026-03-24 21:18:10,592 - __main__ - INFO - 💾 Step 10: Exporting results...
2026-03-24 21:18:10,592 - __main__ - INFO - --------------------------------------------------------------------------------
2026-03-24 21:18:10,635 - root - INFO - Exporting 6378 rows to analytics.kalman_filtered_price_targets
2026-03-24 21:18:10,657 - root - INFO - Exporting 5535 rows to analytics.monte_carlo_simulation
2026-03-24 21:18:10,679 - root - INFO - Exporting 5535 rows to analytics.expected_returns_tri_model
2026-03-24 21:18:10,708 - root - INFO - Exporting 6379 rows to analytics.price_target_achievement
2026-03-24 21:18:11,433 - root - INFO - Export complete: analytics.monte_carlo_simulation
2026-03-24 21:18:11,436 - __main__ - INFO - Exported 5535 rows → analytics.monte_carlo_simulation
2026-03-24 21:18:11,440 - root - INFO - Exporting 50 rows to analytics.strong_consensus_picks
2026-03-24 21:18:11,719 - root - INFO - Export complete: analytics.kalman_filtered_price_targets
2026-03-24 21:18:11,954 - __main__ - INFO - Exported 6378 rows → analytics.kalman_filtered_price_targets
2026-03-24 21:18:12,102 - root - INFO - Export complete: analytics.expected_returns_tri_model
2026-03-24 21:18:12,103 - __main__ - INFO - Exported 5535 rows → analytics.expected_returns_tri_model
2026-03-24 21:18:12,428 - root - INFO - Export complete: analytics.strong_consensus_picks
2026-03-24 21:18:12,429 - __main__ - INFO - Exported 50 rows → analytics.strong_consensus_picks
2026-03-24 21:18:12,612 - __main__ - INFO - Export skipped (unchanged): analytics.earnings_probability_analysis
2026-03-24 21:18:12,747 - root - INFO - Export complete: analytics.price_target_achievement
2026-03-24 21:18:12,749 - __main__ - INFO - Exported 6379 rows → analytics.price_target_achievement
2026-03-24 21:18:12,760 - root - INFO - Exporting 6379 rows to analytics.dividend_safety_analysis
2026-03-24 21:18:12,762 - root - INFO - Exporting 5535 rows to analytics.expected_returns_summary
2026-03-24 21:18:15,081 - root - INFO - Export complete: analytics.dividend_safety_analysis
2026-03-24 21:18:15,081 - __main__ - INFO - Exported 6379 rows → analytics.dividend_safety_analysis
2026-03-24 21:18:15,351 - root - INFO - Exporting 6379 rows to analytics.credit_risk_analysis
2026-03-24 21:18:15,374 - __main__ - INFO - Export skipped (unchanged): analytics.quality_stocks
2026-03-24 21:18:15,383 - root - INFO - Exporting 6379 rows to analytics.accounting_anomaly_analysis
2026-03-24 21:18:19,609 - root - INFO - Export complete: analytics.expected_returns_summary
2026-03-24 21:18:19,705 - __main__ - INFO - Exported 5535 rows → analytics.expected_returns_summary
2026-03-24 21:18:41,015 - __main__ - INFO - Export skipped (unchanged): analytics.earnings_quality_stocks
2026-03-24 21:18:42,597 - root - INFO - Export complete: analytics.accounting_anomaly_analysis
2026-03-24 21:18:42,599 - __main__ - INFO - Exported 6379 rows → analytics.accounting_anomaly_analysis
2026-03-24 21:18:42,886 - __main__ - INFO - Export skipped (unchanged): analytics.value_stocks
2026-03-24 21:18:42,904 - __main__ - INFO - Export skipped (unchanged): analytics.dividend_quality_stocks
2026-03-24 21:18:43,100 - __main__ - INFO - Export skipped (unchanged): analytics.garp_stocks
2026-03-24 21:18:43,228 - __main__ - INFO - Export skipped (unchanged): analytics.valuation_reversion_stocks
2026-03-24 21:18:43,595 - __main__ - INFO - Export skipped (unchanged): analytics.healthy_stocks
2026-03-24 21:18:43,608 - __main__ - INFO - Export skipped (unchanged): analytics.high_yield_safe_dividend_stocks
2026-03-24 21:18:43,690 - __main__ - INFO - Export skipped (unchanged): analytics.integrity_filtered_growth_stocks
2026-03-24 21:18:44,293 - __main__ - INFO - Export skipped (unchanged): analytics.growth_momentum_stocks
2026-03-24 21:18:44,312 - root - INFO - Export complete: analytics.credit_risk_analysis
2026-03-24 21:18:44,312 - __main__ - INFO - Exported 6379 rows → analytics.credit_risk_analysis
2026-03-24 21:18:44,536 - __main__ - INFO - Export skipped (unchanged): analytics.screen_fcf_compounders
2026-03-24 21:18:44,582 - __main__ - INFO - Export skipped (unchanged): analytics.screen_low_vol_quality
2026-03-24 21:18:44,666 - __main__ - INFO - Export skipped (unchanged): analytics.sector_relative_ranking
2026-03-24 21:18:44,669 - __main__ - INFO - Export skipped (unchanged): analytics.screen_total_return_leaders
2026-03-24 21:18:44,671 - __main__ - INFO -    ✓ monte_carlo_simulation → analytics.monte_carlo_simulation
2026-03-24 21:18:44,671 - __main__ - INFO -    ✓ kalman_filtered_price_targets → analytics.kalman_filtered_price_targets
2026-03-24 21:18:44,671 - __main__ - INFO -    ✓ expected_returns_tri_model → analytics.expected_returns_tri_model
2026-03-24 21:18:44,672 - __main__ - INFO -    ✓ strong_consensus_picks → analytics.strong_consensus_picks
2026-03-24 21:18:44,672 - __main__ - INFO -    ✓ earnings_probability_analysis → analytics.earnings_probability_analysis (cached)
2026-03-24 21:18:44,672 - __main__ - INFO -    ✓ price_target_achievement → analytics.price_target_achievement
2026-03-24 21:18:44,672 - __main__ - INFO -    ✓ dividend_safety_analysis → analytics.dividend_safety_analysis
2026-03-24 21:18:44,672 - __main__ - INFO -    ✓ quality_stocks → analytics.quality_stocks (cached)
2026-03-24 21:18:44,673 - __main__ - INFO -    ✓ expected_returns_summary → analytics.expected_returns_summary
2026-03-24 21:18:44,673 - __main__ - INFO -    ✓ earnings_quality_stocks → analytics.earnings_quality_stocks (cached)
2026-03-24 21:18:44,673 - __main__ - INFO -    ✓ accounting_anomaly_analysis → analytics.accounting_anomaly_analysis
2026-03-24 21:18:44,674 - __main__ - INFO -    ✓ value_stocks → analytics.value_stocks (cached)
2026-03-24 21:18:44,674 - __main__ - INFO -    ✓ dividend_quality_stocks → analytics.dividend_quality_stocks (cached)
2026-03-24 21:18:44,674 - __main__ - INFO -    ✓ garp_stocks → analytics.garp_stocks (cached)
2026-03-24 21:18:44,674 - __main__ - INFO -    ✓ valuation_reversion_stocks → analytics.valuation_reversion_stocks (cached)
2026-03-24 21:18:44,675 - __main__ - INFO -    ✓ healthy_stocks → analytics.healthy_stocks (cached)
2026-03-24 21:18:44,675 - __main__ - INFO -    ✓ high_yield_safe_dividend_stocks → analytics.high_yield_safe_dividend_stocks (cached)
2026-03-24 21:18:44,675 - __main__ - INFO -    ✓ integrity_filtered_growth_stocks → analytics.integrity_filtered_growth_stocks (cached)
2026-03-24 21:18:44,675 - __main__ - INFO -    ✓ growth_momentum_stocks → analytics.growth_momentum_stocks (cached)
2026-03-24 21:18:44,675 - __main__ - INFO -    ✓ credit_risk_analysis → analytics.credit_risk_analysis
2026-03-24 21:18:44,676 - __main__ - INFO -    ✓ screen_fcf_compounders → analytics.screen_fcf_compounders (cached)
2026-03-24 21:18:44,676 - __main__ - INFO -    ✓ screen_low_vol_quality → analytics.screen_low_vol_quality (cached)
2026-03-24 21:18:44,676 - __main__ - INFO -    ✓ sector_relative_ranking → analytics.sector_relative_ranking (cached)
2026-03-24 21:18:44,676 - __main__ - INFO -    ✓ screen_total_return_leaders → analytics.screen_total_return_leaders (cached)
2026-03-24 21:18:46,061 - root - INFO - Exporting 6379 rows to analytics.earnings_probability_analysis
2026-03-24 21:18:47,893 - root - INFO - Export complete: analytics.earnings_probability_analysis
2026-03-24 21:18:48,257 - root - INFO - Exported 6379 rows to outputs\analytics\earnings_probability_analysis.csv
2026-03-24 21:18:48,372 - root - INFO - Exported 6379 rows to outputs\analytics\earnings_probability_analysis.json
2026-03-24 21:18:48,374 - root - INFO - Exporting 6379 rows to analytics.eps_streak_analysis
2026-03-24 21:18:49,447 - root - INFO - Export complete: analytics.eps_streak_analysis
2026-03-24 21:18:49,638 - root - INFO - Exported 6379 rows to outputs\analytics\eps_streak_analysis.csv
2026-03-24 21:18:49,726 - root - INFO - Exported 6379 rows to outputs\analytics\eps_streak_analysis.json
2026-03-24 21:18:49,729 - root - INFO - Exporting 8 rows to analytics.probability_analytics_summary
2026-03-24 21:18:49,802 - root - INFO - Export complete: analytics.probability_analytics_summary
2026-03-24 21:18:49,804 - root - INFO - Exported 8 rows to outputs\analytics\probability_analytics_summary.csv
2026-03-24 21:18:49,805 - root - INFO - Exported 8 rows to outputs\analytics\probability_analytics_summary.json
2026-03-24 21:18:49,805 - finance_ml.analytics.probability_analytics - INFO - Exported probability analytics results to database and outputs\analytics
2026-03-24 21:18:49,805 - __main__ - INFO -    ✓ earnings_probability_analysis_db → analytics.earnings_probability_analysis
2026-03-24 21:18:49,806 - __main__ - INFO -    ✓ earnings_probability_analysis_csv → outputs\analytics\earnings_probability_analysis.csv
2026-03-24 21:18:49,806 - __main__ - INFO -    ✓ eps_streak_analysis_db → analytics.eps_streak_analysis
2026-03-24 21:18:49,806 - __main__ - INFO -    ✓ eps_streak_analysis_csv → outputs\analytics\eps_streak_analysis.csv
2026-03-24 21:18:49,806 - __main__ - INFO -    ✓ probability_analytics_summary_db → analytics.probability_analytics_summary
2026-03-24 21:18:49,806 - __main__ - INFO -    ✓ probability_analytics_summary_csv → outputs\analytics\probability_analytics_summary.csv
2026-03-24 21:18:49,806 - __main__ - INFO -   ⏱ Step 10 completed in 39.2s
2026-03-24 21:18:49,807 - __main__ - INFO - 
2026-03-24 21:18:49,807 - __main__ - INFO - ================================================================================
2026-03-24 21:18:49,807 - __main__ - INFO - ✅ EXPECTED RETURNS ANALYTICS v3.6 COMPLETE
2026-03-24 21:18:49,807 - __main__ - INFO - ================================================================================
2026-03-24 21:18:49,808 - __main__ - INFO - 
2026-03-24 21:18:49,808 - __main__ - INFO -   Data sources:
2026-03-24 21:18:49,808 - __main__ - INFO -     mv_expected_returns:       6,379 stocks × 685 features
2026-03-24 21:18:49,808 - __main__ - INFO -     mv_all_stock_features:     6,379 stocks × 733 features
2026-03-24 21:18:49,808 - __main__ - INFO - 
2026-03-24 21:18:49,808 - __main__ - INFO -   Models:
2026-03-24 21:18:49,808 - __main__ - INFO -     Monte Carlo simulations:   5,535
2026-03-24 21:18:49,808 - __main__ - INFO -     Price target achievements: 6,379
2026-03-24 21:18:49,808 - __main__ - INFO -     Kalman-filtered targets:   6,378
2026-03-24 21:18:49,808 - __main__ - INFO -     Earnings beat analyses:    6,379
2026-03-24 21:18:49,809 - __main__ - INFO -     Credit risk analyses:      6,379
2026-03-24 21:18:49,809 - __main__ - INFO -     Dividend safety analyses:  6,379
2026-03-24 21:18:49,809 - __main__ - INFO -     Accounting anomaly analyses: 6,379
2026-03-24 21:18:49,809 - __main__ - INFO - 
2026-03-24 21:18:49,809 - __main__ - INFO -   Alignment:
2026-03-24 21:18:49,809 - __main__ - INFO -     Tri-model aligned:         5,535
2026-03-24 21:18:49,809 - __main__ - INFO -     Strong consensus picks:    50
2026-03-24 21:18:49,810 - __main__ - INFO -     Quad-model full consensus: 1547
2026-03-24 21:18:49,810 - __main__ - INFO -     Expected returns summary:  5,535 stocks, 1547 full consensus
2026-03-24 21:18:49,810 - __main__ - INFO -     MC ↔ Kalman correlation:   0.955
2026-03-24 21:18:49,810 - __main__ - INFO - 
2026-03-24 21:18:49,810 - __main__ - INFO -   Screening:
2026-03-24 21:18:49,810 - __main__ - INFO -     quality: 958 stocks
2026-03-24 21:18:49,810 - __main__ - INFO -     earnings_quality: 1,162 stocks
2026-03-24 21:18:49,810 - __main__ - INFO -     value: 1,054 stocks
2026-03-24 21:18:49,811 - __main__ - INFO -     growth: 2,821 stocks
2026-03-24 21:18:49,811 - __main__ - INFO -     garp: 923 stocks
2026-03-24 21:18:49,811 - __main__ - INFO -     dividend: 15 stocks
2026-03-24 21:18:49,811 - __main__ - INFO -     healthy: 1,428 stocks
2026-03-24 21:18:49,811 - __main__ - INFO -     valuation_reversion: 448 stocks
2026-03-24 21:18:49,811 - __main__ - INFO -     integrity_growth: 1,072 stocks
2026-03-24 21:18:49,811 - __main__ - INFO -     high_yield_safe: 45 stocks
2026-03-24 21:18:49,811 - __main__ - INFO -     sector_relative: 6,379 stocks
2026-03-24 21:18:49,811 - __main__ - INFO -     low_vol_quality: 2,277 stocks
2026-03-24 21:18:49,811 - __main__ - INFO -     fcf_compounders: 963 stocks
2026-03-24 21:18:49,812 - __main__ - INFO -     total_return_leaders: 6,379 stocks
2026-03-24 21:18:49,812 - __main__ - INFO - 
2026-03-24 21:18:49,812 - __main__ - INFO -   Probability Analytics:
2026-03-24 21:18:49,812 - __main__ - INFO -     Categories analyzed:       17
2026-03-24 21:18:49,812 - __main__ - INFO - 
2026-03-24 21:18:49,812 - __main__ - INFO -   Outputs: outputs\analytics/
2026-03-24 21:18:49,812 - __main__ - INFO - 
2026-03-25 01:11:28,885 - __main__ - INFO - ================================================================================
2026-03-25 01:11:28,885 - __main__ - INFO - Expected Returns Analytics Pipeline v3.6
2026-03-25 01:11:28,886 - __main__ - INFO - ================================================================================
2026-03-25 01:11:28,886 - __main__ - INFO - 
2026-03-25 01:11:28,886 - __main__ - INFO - 🔧 Numba: True, Joblib: True, ArviZ: True
2026-03-25 01:11:28,887 - __main__ - INFO -    n_jobs=-1, max_features/cat=100, caching=on (TTL=24.0h)
2026-03-25 01:11:28,888 - __main__ - INFO - Cache cleanup (expired only): removed 0 files from .cache
2026-03-25 01:11:28,888 - __main__ - INFO - 📦 Step 1: Loading feature data (v3.6: equities MV + feature views + all stock features MV)...
2026-03-25 01:11:28,888 - __main__ - INFO - --------------------------------------------------------------------------------
2026-03-25 01:11:28,889 - root - INFO - Loading equities data from localhost:5432/postgres (view: public.mv_equities)
2026-03-25 01:11:30,954 - root - INFO - Loaded 4548 rows from public.mv_equities
2026-03-25 01:11:30,955 - root - INFO - Backfill complete. Columns: 677
2026-03-25 01:11:30,986 - root - INFO - Loaded 25 feature categories from database
2026-03-25 01:11:30,987 - __main__ - INFO - Loaded 25 feature categories (310 total features)
2026-03-25 01:11:30,987 - __main__ - INFO - All feature categories have ≥80%% coverage
2026-03-25 01:11:30,987 - __main__ - INFO - Loaded expected returns data: 4548 stocks × 677 features
2026-03-25 01:11:30,988 - __main__ - INFO - ✓ Loaded mv_equities: 4,548 stocks × 677 features
2026-03-25 01:11:31,019 - root - INFO - Loaded 32 identifier columns from public.vw_identifier_columns
2026-03-25 01:11:31,020 - root - INFO - Loading view: public.vw_features_analyst_sentiment
2026-03-25 01:11:31,256 - root - INFO - Loaded 4548 rows from vw_features_analyst_sentiment
2026-03-25 01:11:31,256 - root - INFO - Loading view: public.vw_features_balance_sheet
2026-03-25 01:11:31,551 - root - INFO - Loaded 4548 rows from vw_features_balance_sheet
2026-03-25 01:11:31,552 - root - INFO - Loading view: public.vw_features_cashflow
2026-03-25 01:11:31,944 - root - INFO - Loaded 4548 rows from vw_features_cashflow
2026-03-25 01:11:31,944 - root - INFO - Loading view: public.vw_features_composite_scores
2026-03-25 01:11:32,130 - root - INFO - Loaded 4548 rows from vw_features_composite_scores
2026-03-25 01:11:32,131 - root - INFO - Loading view: public.vw_features_cost_structure
2026-03-25 01:11:32,369 - root - INFO - Loaded 4548 rows from vw_features_cost_structure
2026-03-25 01:11:32,370 - root - INFO - Loading view: public.vw_features_dividends
2026-03-25 01:11:32,503 - root - INFO - Loaded 4548 rows from vw_features_dividends
2026-03-25 01:11:32,503 - root - INFO - Loading view: public.vw_features_earnings
2026-03-25 01:11:32,883 - root - INFO - Loaded 4548 rows from vw_features_earnings
2026-03-25 01:11:32,883 - root - INFO - Loading view: public.vw_features_employment
2026-03-25 01:11:33,034 - root - INFO - Loaded 4548 rows from vw_features_employment
2026-03-25 01:11:33,035 - root - INFO - Loading view: public.vw_features_growth
2026-03-25 01:11:33,395 - root - INFO - Loaded 4548 rows from vw_features_growth
2026-03-25 01:11:33,396 - root - INFO - Loading view: public.vw_features_leverage_liquidity
2026-03-25 01:11:33,768 - root - INFO - Loaded 4548 rows from vw_features_leverage_liquidity
2026-03-25 01:11:33,768 - root - INFO - Loading view: public.vw_features_momentum
2026-03-25 01:11:33,930 - root - INFO - Loaded 4548 rows from vw_features_momentum
2026-03-25 01:11:33,930 - root - INFO - Loading view: public.vw_features_profitability
2026-03-25 01:11:34,274 - root - INFO - Loaded 4548 rows from vw_features_profitability
2026-03-25 01:11:34,275 - root - INFO - Loading view: public.vw_features_quality_risk
2026-03-25 01:11:34,526 - root - INFO - Loaded 4548 rows from vw_features_quality_risk
2026-03-25 01:11:34,526 - root - INFO - Loading view: public.vw_features_technical_analysis
2026-03-25 01:11:34,633 - root - INFO - Loaded 4548 rows from vw_features_technical_analysis
2026-03-25 01:11:34,634 - root - INFO - Loading view: public.vw_features_temporal
2026-03-25 01:11:34,751 - root - INFO - Loaded 4548 rows from vw_features_temporal
2026-03-25 01:11:34,751 - root - INFO - Loading view: public.vw_features_unusual_items
2026-03-25 01:11:34,860 - root - INFO - Loaded 4548 rows from vw_features_unusual_items
2026-03-25 01:11:34,860 - root - INFO - Loading view: public.vw_features_valuation_ratios
2026-03-25 01:11:35,234 - root - INFO - Loaded 4548 rows from vw_features_valuation_ratios
2026-03-25 01:11:36,115 - root - INFO - Backfill complete. Columns: 718
2026-03-25 01:11:36,150 - __main__ - INFO - Kalman momentum filter applied to 5 columns
2026-03-25 01:11:37,208 - __main__ - INFO - Loaded all stock features: 4548 stocks × 728 features, 17 view specs
2026-03-25 01:11:37,208 - __main__ - INFO - ✓ Loaded feature views: 4,548 stocks × 728 features
2026-03-25 01:11:37,209 - __main__ - INFO -   View specs loaded: 17 views
2026-03-25 01:11:37,209 - root - INFO - Loading feature data from localhost:5432/postgres (view: public.mv_all_stock_features, earnings_date_filter: 2026-01-01)
2026-03-25 01:11:39,926 - root - INFO - Loaded 4548 rows from public.mv_all_stock_features
2026-03-25 01:11:39,926 - __main__ - INFO - Loaded mv_all_stock_features: 4548 rows × 818 columns
2026-03-25 01:11:39,927 - __main__ - INFO - ✓ Loaded mv_all_stock_features: 4,548 stocks × 818 features
2026-03-25 01:11:40,001 - __main__ - INFO -   Schema metadata: 674 columns
2026-03-25 01:11:40,002 - __main__ - INFO -   Feature registry: 74 functions
2026-03-25 01:11:40,045 - __main__ - INFO -   mv_equities spec unavailable: DataFrame must contain a 'ticker' column
2026-03-25 01:11:40,046 - __main__ - INFO - 
2026-03-25 01:11:40,046 - __main__ - INFO - 📦 Step 1b: Pre-computing historical target drift enrichment...
2026-03-25 01:11:40,046 - __main__ - INFO - --------------------------------------------------------------------------------
2026-03-25 01:11:40,177 - root - INFO - Loaded 674 column definitions from public.equities_schema_metadata
2026-03-25 01:11:40,178 - root - INFO - Cached equities schema: 674 columns across 26 roles
2026-03-25 01:11:40,178 - __main__ - INFO - Column lists derived from equities schema (46 total columns)
2026-03-25 01:11:40,178 - __main__ - INFO - Historical price/target coverage: 40 / 40 columns available (historical_prices=9, historical_targets=7, historical_targets_high=8, historical_targets_low=8, historical_targets_median=8)
2026-03-25 01:11:40,191 - __main__ - INFO - Historical target drift enrichment: 12 derived columns added
2026-03-25 01:11:40,192 - __main__ - INFO - ✓ Historical drift enrichment complete (12 derived columns)
2026-03-25 01:11:40,192 - __main__ - INFO -   ⏱ Step 1 completed in 11.3s
2026-03-25 01:11:40,193 - __main__ - INFO - 
2026-03-25 01:11:40,193 - __main__ - INFO - 🎲 Step 2: Monte Carlo price target simulation (50,000 samples)...
2026-03-25 01:11:40,193 - __main__ - INFO - --------------------------------------------------------------------------------
2026-03-25 01:11:46,543 - __main__ - INFO - Monte Carlo simulation: 3757 stocks processed
2026-03-25 01:11:46,545 - __main__ - INFO - ✓ 3,757 stocks simulated
2026-03-25 01:11:46,546 - __main__ - INFO -   Mean upside:  31.1%
2026-03-25 01:11:46,547 - __main__ - INFO -   Median upside: 23.7%
2026-03-25 01:11:46,548 - __main__ - INFO -   Positive prob (mean): 84.4%
2026-03-25 01:11:46,549 - __main__ - INFO - Computed price_target_mc for 3757 / 3757 stocks (mean=10548.92)
2026-03-25 01:11:46,550 - __main__ - INFO -   Monte Carlo targets (3,757 stocks): implied return=19.2%
2026-03-25 01:11:46,688 - __main__ - INFO - Monte Carlo: computed detailed statistics for 5 / 5 columns
2026-03-25 01:11:51,239 - __main__ - INFO - MCMC Student-t: μ=22.89 (±0.39), df=2.0
2026-03-25 01:11:51,240 - __main__ - INFO - 
  📐 Best-fit distribution: t (AIC=36459.4, KS p=0.000)
2026-03-25 01:11:51,240 - __main__ - INFO - 
  📉 VaR 1%: -30.3%  |  CVaR 5%: -23.8%
2026-03-25 01:11:51,240 - __main__ - INFO -      Downside deviation: 17.76
2026-03-25 01:11:51,241 - __main__ - INFO -      Gain/Loss ratio: 2.97
2026-03-25 01:11:51,241 - __main__ - INFO - 
  🏷️  Tiers: High-conviction=2119, Moderate=1173, Speculative=13, Avoid=463
2026-03-25 01:11:51,241 - __main__ - INFO -   ⏱ Step 2 completed in 11.0s
2026-03-25 01:11:51,242 - __main__ - INFO - 
2026-03-25 01:11:51,242 - __main__ - INFO - 🎯 Step 3: Price target achievement model...
2026-03-25 01:11:51,242 - __main__ - INFO - --------------------------------------------------------------------------------
2026-03-25 01:11:51,259 - __main__ - INFO - Price target achievement: merged 26 sentiment columns from feature views
2026-03-25 01:11:51,263 - __main__ - INFO - Price target: merged 36 risk columns
2026-03-25 01:11:55,198 - finance_ml.analytics.probability_analytics - INFO - MH sampler for price target: acceptance_rate=0.265, mean_posterior=31.078
2026-03-25 01:12:09,380 - __main__ - INFO - Price target achievement: 4548 stocks processed
2026-03-25 01:12:09,384 - __main__ - INFO - ✓ 4,548 stocks analyzed
2026-03-25 01:12:09,385 - __main__ - INFO -   Mean achievement prob: 0.468
2026-03-25 01:12:09,385 - __main__ - INFO -   Mean prob-weighted return: 8.2%
2026-03-25 01:12:09,390 - __main__ - INFO - Computed price_target_prob_weighted for 4547 / 4548 stocks (mean=8210.66)
2026-03-25 01:12:09,394 - __main__ - INFO -   Prob-weighted targets (4,547 stocks): implied return=6.4%
2026-03-25 01:12:09,563 - __main__ - INFO - Price Target Achievement: computed detailed statistics for 5 / 5 columns
2026-03-25 01:12:09,575 - __main__ - INFO -   ⏱ Step 3 completed in 18.3s
2026-03-25 01:12:09,575 - __main__ - INFO - 
2026-03-25 01:12:09,575 - __main__ - INFO - 📐 Step 4: Kalman-filtered price targets...
2026-03-25 01:12:09,575 - __main__ - INFO - --------------------------------------------------------------------------------
2026-03-25 01:12:10,118 - __main__ - INFO - Kalman filter: 4546 stocks processed
2026-03-25 01:12:10,120 - __main__ - INFO - ✓ 4,546 stocks filtered
2026-03-25 01:12:10,120 - __main__ - INFO -   Mean filtered upside: 23.5%
2026-03-25 01:12:10,205 - __main__ - INFO - Kalman Filter: computed detailed statistics for 3 / 3 columns
2026-03-25 01:12:10,211 - __main__ - INFO -   ⏱ Step 4 completed in 0.6s
2026-03-25 01:12:10,211 - __main__ - INFO - 
2026-03-25 01:12:10,211 - __main__ - INFO - 📊 Step 5: Bayesian earnings beat analysis...
2026-03-25 01:12:10,211 - __main__ - INFO - --------------------------------------------------------------------------------
2026-03-25 01:12:11,601 - __main__ - INFO - Earnings beat analysis: 4548 stocks processed
2026-03-25 01:12:12,444 - __main__ - INFO - EPS streak enrichment: 8 columns added
2026-03-25 01:18:34,092 - __main__ - INFO - ================================================================================
2026-03-25 01:18:34,092 - __main__ - INFO - Expected Returns Analytics Pipeline v3.6
2026-03-25 01:18:34,093 - __main__ - INFO - ================================================================================
2026-03-25 01:18:34,093 - __main__ - INFO - 
2026-03-25 01:18:34,093 - __main__ - INFO - 🔧 Numba: True, Joblib: True, ArviZ: True
2026-03-25 01:18:34,093 - __main__ - INFO -    n_jobs=-1, max_features/cat=100, caching=on (TTL=24.0h)
2026-03-25 01:18:34,094 - __main__ - INFO - Cache cleanup (expired only): removed 0 files from .cache
2026-03-25 01:18:34,094 - __main__ - INFO - 📦 Step 1: Loading feature data (v3.6: equities MV + feature views + all stock features MV)...
2026-03-25 01:18:34,094 - __main__ - INFO - --------------------------------------------------------------------------------
2026-03-25 01:18:34,095 - root - INFO - Loading equities data from localhost:5432/postgres (view: public.mv_equities)
2026-03-25 01:18:36,128 - root - INFO - Loaded 4548 rows from public.mv_equities
2026-03-25 01:18:36,129 - root - INFO - Backfill complete. Columns: 677
2026-03-25 01:18:36,167 - root - INFO - Loaded 25 feature categories from database
2026-03-25 01:18:36,167 - __main__ - INFO - Loaded 25 feature categories (310 total features)
2026-03-25 01:18:36,168 - __main__ - INFO - All feature categories have ≥80%% coverage
2026-03-25 01:18:36,168 - __main__ - INFO - Loaded expected returns data: 4548 stocks × 677 features
2026-03-25 01:18:36,168 - __main__ - INFO - ✓ Loaded mv_equities: 4,548 stocks × 677 features
2026-03-25 01:18:36,208 - root - INFO - Loaded 32 identifier columns from public.vw_identifier_columns
2026-03-25 01:18:36,208 - root - INFO - Loading view: public.vw_features_analyst_sentiment
2026-03-25 01:18:36,559 - root - INFO - Loaded 4548 rows from vw_features_analyst_sentiment
2026-03-25 01:18:36,560 - root - INFO - Loading view: public.vw_features_balance_sheet
2026-03-25 01:18:36,864 - root - INFO - Loaded 4548 rows from vw_features_balance_sheet
2026-03-25 01:18:36,864 - root - INFO - Loading view: public.vw_features_cashflow
2026-03-25 01:18:37,269 - root - INFO - Loaded 4548 rows from vw_features_cashflow
2026-03-25 01:18:37,270 - root - INFO - Loading view: public.vw_features_composite_scores
2026-03-25 01:18:37,459 - root - INFO - Loaded 4548 rows from vw_features_composite_scores
2026-03-25 01:18:37,459 - root - INFO - Loading view: public.vw_features_cost_structure
2026-03-25 01:18:37,705 - root - INFO - Loaded 4548 rows from vw_features_cost_structure
2026-03-25 01:18:37,705 - root - INFO - Loading view: public.vw_features_dividends
2026-03-25 01:18:37,844 - root - INFO - Loaded 4548 rows from vw_features_dividends
2026-03-25 01:18:37,844 - root - INFO - Loading view: public.vw_features_earnings
2026-03-25 01:18:38,233 - root - INFO - Loaded 4548 rows from vw_features_earnings
2026-03-25 01:18:38,234 - root - INFO - Loading view: public.vw_features_employment
2026-03-25 01:18:38,388 - root - INFO - Loaded 4548 rows from vw_features_employment
2026-03-25 01:18:38,388 - root - INFO - Loading view: public.vw_features_growth
2026-03-25 01:18:38,763 - root - INFO - Loaded 4548 rows from vw_features_growth
2026-03-25 01:18:38,764 - root - INFO - Loading view: public.vw_features_leverage_liquidity
2026-03-25 01:18:39,144 - root - INFO - Loaded 4548 rows from vw_features_leverage_liquidity
2026-03-25 01:18:39,144 - root - INFO - Loading view: public.vw_features_momentum
2026-03-25 01:18:39,311 - root - INFO - Loaded 4548 rows from vw_features_momentum
2026-03-25 01:18:39,311 - root - INFO - Loading view: public.vw_features_profitability
2026-03-25 01:18:39,705 - root - INFO - Loaded 4548 rows from vw_features_profitability
2026-03-25 01:18:39,706 - root - INFO - Loading view: public.vw_features_quality_risk
2026-03-25 01:18:39,960 - root - INFO - Loaded 4548 rows from vw_features_quality_risk
2026-03-25 01:18:39,960 - root - INFO - Loading view: public.vw_features_technical_analysis
2026-03-25 01:18:40,065 - root - INFO - Loaded 4548 rows from vw_features_technical_analysis
2026-03-25 01:18:40,065 - root - INFO - Loading view: public.vw_features_temporal
2026-03-25 01:18:40,185 - root - INFO - Loaded 4548 rows from vw_features_temporal
2026-03-25 01:18:40,186 - root - INFO - Loading view: public.vw_features_unusual_items
2026-03-25 01:18:40,298 - root - INFO - Loaded 4548 rows from vw_features_unusual_items
2026-03-25 01:18:40,298 - root - INFO - Loading view: public.vw_features_valuation_ratios
2026-03-25 01:18:40,604 - root - INFO - Loaded 4548 rows from vw_features_valuation_ratios
2026-03-25 01:18:41,475 - root - INFO - Backfill complete. Columns: 718
2026-03-25 01:18:41,514 - __main__ - INFO - Kalman momentum filter applied to 5 columns
2026-03-25 01:18:42,242 - __main__ - INFO - Loaded all stock features: 4548 stocks × 728 features, 17 view specs
2026-03-25 01:18:42,243 - __main__ - INFO - ✓ Loaded feature views: 4,548 stocks × 728 features
2026-03-25 01:18:42,243 - __main__ - INFO -   View specs loaded: 17 views
2026-03-25 01:18:42,243 - root - INFO - Loading feature data from localhost:5432/postgres (view: public.mv_all_stock_features, earnings_date_filter: 2026-01-01)
2026-03-25 01:18:44,973 - root - INFO - Loaded 4548 rows from public.mv_all_stock_features
2026-03-25 01:18:44,974 - __main__ - INFO - Loaded mv_all_stock_features: 4548 rows × 818 columns
2026-03-25 01:18:44,974 - __main__ - INFO - ✓ Loaded mv_all_stock_features: 4,548 stocks × 818 features
2026-03-25 01:18:45,043 - __main__ - INFO -   Schema metadata: 674 columns
2026-03-25 01:18:45,043 - __main__ - INFO -   Feature registry: 74 functions
2026-03-25 01:18:45,089 - __main__ - INFO -   mv_equities spec unavailable: DataFrame must contain a 'ticker' column
2026-03-25 01:18:45,089 - __main__ - INFO - 
2026-03-25 01:18:45,089 - __main__ - INFO - 📦 Step 1b: Pre-computing historical target drift enrichment...
2026-03-25 01:18:45,089 - __main__ - INFO - --------------------------------------------------------------------------------
2026-03-25 01:18:45,120 - root - INFO - Loaded 674 column definitions from public.equities_schema_metadata
2026-03-25 01:18:45,120 - root - INFO - Cached equities schema: 674 columns across 26 roles
2026-03-25 01:18:45,121 - __main__ - INFO - Column lists derived from equities schema (46 total columns)
2026-03-25 01:18:45,121 - __main__ - INFO - Historical price/target coverage: 40 / 40 columns available (historical_prices=9, historical_targets=7, historical_targets_high=8, historical_targets_low=8, historical_targets_median=8)
2026-03-25 01:18:45,143 - __main__ - INFO - Historical target drift enrichment: 12 derived columns added
2026-03-25 01:18:45,143 - __main__ - INFO - ✓ Historical drift enrichment complete (12 derived columns)
2026-03-25 01:18:45,143 - __main__ - INFO -   ⏱ Step 1 completed in 11.0s
2026-03-25 01:18:45,143 - __main__ - INFO - 
2026-03-25 01:18:45,143 - __main__ - INFO - 🎲 Step 2: Monte Carlo price target simulation (50,000 samples)...
2026-03-25 01:18:45,144 - __main__ - INFO - --------------------------------------------------------------------------------
2026-03-25 01:18:51,764 - __main__ - INFO - Monte Carlo simulation: 3757 stocks processed
2026-03-25 01:18:51,768 - __main__ - INFO - ✓ 3,757 stocks simulated
2026-03-25 01:18:51,768 - __main__ - INFO -   Mean upside:  31.1%
2026-03-25 01:18:51,769 - __main__ - INFO -   Median upside: 23.8%
2026-03-25 01:18:51,769 - __main__ - INFO -   Positive prob (mean): 84.4%
2026-03-25 01:18:51,771 - __main__ - INFO - Computed price_target_mc for 3757 / 3757 stocks (mean=10549.06)
2026-03-25 01:18:51,772 - __main__ - INFO -   Monte Carlo targets (3,757 stocks): implied return=19.2%
2026-03-25 01:18:51,916 - __main__ - INFO - Monte Carlo: computed detailed statistics for 5 / 5 columns
2026-03-25 01:18:56,382 - __main__ - INFO - MCMC Student-t: μ=23.00 (±0.37), df=2.0
2026-03-25 01:18:56,383 - __main__ - INFO - 
  📐 Best-fit distribution: t (AIC=36460.0, KS p=0.000)
2026-03-25 01:18:56,383 - __main__ - INFO - 
  📉 VaR 1%: -30.3%  |  CVaR 5%: -23.9%
2026-03-25 01:18:56,383 - __main__ - INFO -      Downside deviation: 17.72
2026-03-25 01:18:56,383 - __main__ - INFO -      Gain/Loss ratio: 2.99
2026-03-25 01:18:56,384 - __main__ - INFO - 
  🏷️  Tiers: High-conviction=2118, Moderate=1173, Speculative=13, Avoid=465
2026-03-25 01:18:56,384 - __main__ - INFO -   ⏱ Step 2 completed in 11.2s
2026-03-25 01:18:56,384 - __main__ - INFO - 
2026-03-25 01:18:56,384 - __main__ - INFO - 🎯 Step 3: Price target achievement model...
2026-03-25 01:18:56,384 - __main__ - INFO - --------------------------------------------------------------------------------
2026-03-25 01:18:56,416 - __main__ - INFO - Price target achievement: merged 26 sentiment columns from feature views
2026-03-25 01:18:56,421 - __main__ - INFO - Price target: merged 36 risk columns
2026-03-25 01:19:00,393 - finance_ml.analytics.probability_analytics - INFO - MH sampler for price target: acceptance_rate=0.262, mean_posterior=31.095
2026-03-25 01:19:14,476 - __main__ - INFO - Price target achievement: 4548 stocks processed
2026-03-25 01:19:14,479 - __main__ - INFO - ✓ 4,548 stocks analyzed
2026-03-25 01:19:14,480 - __main__ - INFO -   Mean achievement prob: 0.468
2026-03-25 01:19:14,480 - __main__ - INFO -   Mean prob-weighted return: 8.2%
2026-03-25 01:19:14,485 - __main__ - INFO - Computed price_target_prob_weighted for 4547 / 4548 stocks (mean=8210.66)
2026-03-25 01:19:14,490 - __main__ - INFO -   Prob-weighted targets (4,547 stocks): implied return=6.4%
2026-03-25 01:19:14,662 - __main__ - INFO - Price Target Achievement: computed detailed statistics for 5 / 5 columns
2026-03-25 01:19:14,674 - __main__ - INFO -   ⏱ Step 3 completed in 18.3s
2026-03-25 01:19:14,674 - __main__ - INFO - 
2026-03-25 01:19:14,674 - __main__ - INFO - 📐 Step 4: Kalman-filtered price targets...
2026-03-25 01:19:14,675 - __main__ - INFO - --------------------------------------------------------------------------------
2026-03-25 01:19:15,298 - __main__ - INFO - Kalman filter: 4546 stocks processed
2026-03-25 01:19:15,301 - __main__ - INFO - ✓ 4,546 stocks filtered
2026-03-25 01:19:15,301 - __main__ - INFO -   Mean filtered upside: 23.5%
2026-03-25 01:19:15,387 - __main__ - INFO - Kalman Filter: computed detailed statistics for 3 / 3 columns
2026-03-25 01:19:15,394 - __main__ - INFO -   ⏱ Step 4 completed in 0.7s
2026-03-25 01:19:15,394 - __main__ - INFO - 
2026-03-25 01:19:15,394 - __main__ - INFO - 📊 Step 5: Bayesian earnings beat analysis...
2026-03-25 01:19:15,394 - __main__ - INFO - --------------------------------------------------------------------------------
2026-03-25 01:19:16,771 - __main__ - INFO - Earnings beat analysis: 4548 stocks processed
2026-03-25 01:19:17,596 - __main__ - INFO - EPS streak enrichment: 8 columns added
2026-03-25 01:20:28,108 - __main__ - INFO - Resampled beat enrichment: 12 columns added
2026-03-25 01:20:28,358 - __main__ - INFO - ✓ 4,548 stocks analyzed
2026-03-25 01:20:28,359 - __main__ - INFO -   Mean P(beat): 0.421
2026-03-25 01:20:28,360 - __main__ - INFO -   Classified as 'likely_beat': 2068
2026-03-25 01:20:28,360 - __main__ - INFO -   ⏱ Step 5 completed in 73.0s
2026-03-25 01:20:28,360 - __main__ - INFO - 
2026-03-25 01:20:28,360 - __main__ - INFO - 🔬 Step 5b: Accounting anomaly detection & analytics...
2026-03-25 01:20:28,361 - __main__ - INFO - --------------------------------------------------------------------------------
2026-03-25 01:20:28,384 - __main__ - INFO - Accounting anomaly analysis: merged 32 columns from feature views
2026-03-25 01:20:34,042 - finance_ml.analytics.probability_analytics - INFO - MH sampler for anomaly scores: acceptance_rate=0.235, threshold=33.02, mean_posterior=35.415
2026-03-25 01:20:46,461 - finance_ml.analytics.probability_analytics - INFO - Anomaly MCMC converged: R̂=1.0000
2026-03-25 01:20:46,464 - finance_ml.analytics.probability_analytics - INFO - AccountingAnomalyProbabilityModel: severity computed for 4548 stocks, 390 multi-flag alerts, mean conditional P(anomaly)=0.290
2026-03-25 01:20:53,878 - __main__ - INFO - MCMC anomaly posterior: location=33.200
2026-03-25 01:20:53,879 - __main__ - INFO - Accounting anomaly analysis: 4548 stocks processed
2026-03-25 01:20:53,887 - __main__ - INFO -   Anomaly tier distribution:
2026-03-25 01:20:53,888 - __main__ - INFO -     Clean: 1,441 (31.7%)
2026-03-25 01:20:53,888 - __main__ - INFO -     Watch: 2,176 (47.8%)
2026-03-25 01:20:53,889 - __main__ - INFO -     Flag: 783 (17.2%)
2026-03-25 01:20:53,889 - __main__ - INFO -     Alert: 148 (3.3%)
2026-03-25 01:20:53,890 - __main__ - INFO -   Anomaly score — mean: 35.5, median: 33.0, std: 18.0, max: 100.0
2026-03-25 01:20:53,891 - __main__ - INFO -   Stocks with ≥1 flagged feature: 4,242, ≥10 flags: 390
2026-03-25 01:20:53,891 - __main__ - INFO -   Per-feature anomaly flags:
2026-03-25 01:20:53,892 - __main__ - INFO -     discontinued_ops_impact: 9 stocks flagged
2026-03-25 01:20:53,892 - __main__ - INFO -     ebit_adjustment_pct_fy: 1,376 stocks flagged
2026-03-25 01:20:53,892 - __main__ - INFO -     ebit_adjustment_pct_ltm: 52 stocks flagged
2026-03-25 01:20:53,892 - __main__ - INFO -     ebitda_adjustment_pct_fy: 1,224 stocks flagged
2026-03-25 01:20:53,892 - __main__ - INFO -     ebitda_adjustment_pct_ltm: 7 stocks flagged
2026-03-25 01:20:53,892 - __main__ - INFO -     ebitda_adjustment_ratio: 5 stocks flagged
2026-03-25 01:20:53,892 - __main__ - INFO -     eps_adjustment_pct: 437 stocks flagged
2026-03-25 01:20:53,892 - __main__ - INFO -     eps_adjustment_ratio: 437 stocks flagged
2026-03-25 01:20:53,893 - __main__ - INFO -     eps_adjustment_ratio_comp: 437 stocks flagged
2026-03-25 01:20:53,893 - __main__ - INFO -     eps_adjustment_spread_fy: 1,143 stocks flagged
2026-03-25 01:20:53,893 - __main__ - INFO -     eps_adjustment_spread_ltm: 518 stocks flagged
2026-03-25 01:20:53,893 - __main__ - INFO -     eps_growth_accel: 283 stocks flagged
2026-03-25 01:20:53,893 - __main__ - INFO -     eps_surprise_pct: 149 stocks flagged
2026-03-25 01:20:53,893 - __main__ - INFO -     exceptional_items_frequency: 309 stocks flagged
2026-03-25 01:20:53,893 - __main__ - INFO -     exceptional_items_to_ebitda: 2,099 stocks flagged
2026-03-25 01:20:53,893 - __main__ - INFO -     forward_eps_gaap_adj_spread: 1,135 stocks flagged
2026-03-25 01:20:53,893 - __main__ - INFO -     gaap_adj_eps_gap_pct: 1,044 stocks flagged
2026-03-25 01:20:53,894 - __main__ - INFO -     gaap_revision_1m: 683 stocks flagged
2026-03-25 01:20:53,894 - __main__ - INFO -     gaap_revision_1y: 375 stocks flagged
2026-03-25 01:20:53,894 - __main__ - INFO -     gaap_revision_3m: 676 stocks flagged
2026-03-25 01:20:53,894 - __main__ - INFO -     gaap_revision_6m: 585 stocks flagged
2026-03-25 01:20:53,894 - __main__ - INFO -     gaap_revision_momentum: 771 stocks flagged
2026-03-25 01:20:53,894 - __main__ - INFO -     gaap_vs_norm_revision_spread: 753 stocks flagged
2026-03-25 01:20:53,894 - __main__ - INFO -     goodwill_change_rate: 1,038 stocks flagged
2026-03-25 01:20:53,895 - __main__ - INFO -     net_income_adjustment_pct: 1,036 stocks flagged
2026-03-25 01:20:53,896 - __main__ - INFO -     net_income_adjustment_ratio_fy: 1,660 stocks flagged
2026-03-25 01:20:53,896 - __main__ - INFO -     net_income_adjustment_ratio_ltm: 24 stocks flagged
2026-03-25 01:20:53,896 - __main__ - INFO -     restructuring_intensity: 84 stocks flagged
2026-03-25 01:20:53,897 - __main__ - INFO -     revenue_surprise_pct: 571 stocks flagged
2026-03-25 01:20:53,897 - __main__ - INFO -     revision_quality_divergence: 701 stocks flagged
2026-03-25 01:20:53,898 - __main__ - INFO -   Mahalanobis distance — computed: 641, mean: 4.08, p95: 10.32
2026-03-25 01:20:53,899 - __main__ - INFO -   Sector-relative outliers (|z| > 2): 219
2026-03-25 01:20:53,899 - __main__ - INFO -   Severity score — mean: 38.32, median: 35.45, max: 100.00
2026-03-25 01:20:53,900 - __main__ - INFO -   Conditional P(anomaly) — mean: 0.290, median: 0.275, max: 0.474
2026-03-25 01:20:53,901 - __main__ - INFO -   Multi-flag alerts: 390
2026-03-25 01:20:53,901 - __main__ - INFO -   Stocks in top 10% risk rank: 455
2026-03-25 01:20:53,901 - __main__ - INFO -   Benford's Law chi² p-value: 0.0011 (⚠️ suspicious)
2026-03-25 01:20:53,902 - __main__ - INFO -   Best-fit distributions per feature:
2026-03-25 01:20:53,903 - __main__ - INFO -     asset_sale_boost: student_t (mean KS p=0.000)
2026-03-25 01:20:53,904 - __main__ - INFO -     discontinued_ops_impact: student_t (mean KS p=0.000)
2026-03-25 01:20:53,904 - __main__ - INFO -     ebit_adjustment_pct_fy: student_t (mean KS p=0.000)
2026-03-25 01:20:53,905 - __main__ - INFO -     ebit_adjustment_pct_ltm: student_t (mean KS p=0.000)
2026-03-25 01:20:53,906 - __main__ - INFO -     ebitda_adjustment_pct_fy: student_t (mean KS p=0.000)
2026-03-25 01:20:53,907 - __main__ - INFO -     ebitda_adjustment_pct_ltm: student_t (mean KS p=0.000)
2026-03-25 01:20:53,908 - __main__ - INFO -     ebitda_adjustment_ratio: student_t (mean KS p=0.000)
2026-03-25 01:20:53,909 - __main__ - INFO -     eps_adjustment_pct: student_t (mean KS p=0.000)
2026-03-25 01:20:53,910 - __main__ - INFO -     eps_adjustment_ratio_comp: student_t (mean KS p=0.000)
2026-03-25 01:20:53,910 - __main__ - INFO -     eps_adjustment_ratio: student_t (mean KS p=0.000)
2026-03-25 01:20:53,911 - __main__ - INFO -     eps_adjustment_spread_fy: student_t (mean KS p=0.000)
2026-03-25 01:20:53,911 - __main__ - INFO -     eps_adjustment_spread_ltm: student_t (mean KS p=0.000)
2026-03-25 01:20:53,912 - __main__ - INFO -     eps_growth_accel: student_t (mean KS p=0.253)
2026-03-25 01:20:53,913 - __main__ - INFO -     eps_surprise_pct: student_t (mean KS p=0.000)
2026-03-25 01:20:53,914 - __main__ - INFO -     exceptional_items_frequency: student_t (mean KS p=0.000)
2026-03-25 01:20:53,915 - __main__ - INFO -     exceptional_items_to_ebitda: student_t (mean KS p=0.000)
2026-03-25 01:20:53,916 - __main__ - INFO -     forward_eps_gaap_adj_spread: student_t (mean KS p=0.000)
2026-03-25 01:20:53,918 - __main__ - INFO -     gaap_adj_eps_gap_pct: student_t (mean KS p=0.000)
2026-03-25 01:20:53,919 - __main__ - INFO -     gaap_revision_1m: student_t (mean KS p=0.000)
2026-03-25 01:20:53,920 - __main__ - INFO -     gaap_revision_1y: student_t (mean KS p=0.023)
2026-03-25 01:20:53,921 - __main__ - INFO -     gaap_revision_3m: student_t (mean KS p=0.000)
2026-03-25 01:20:53,921 - __main__ - INFO -     gaap_revision_6m: student_t (mean KS p=0.004)
2026-03-25 01:20:53,922 - __main__ - INFO -     gaap_revision_momentum: student_t (mean KS p=0.000)
2026-03-25 01:20:53,923 - __main__ - INFO -     gaap_vs_norm_revision_spread: student_t (mean KS p=0.000)
2026-03-25 01:20:53,923 - __main__ - INFO -     goodwill_change_rate: student_t (mean KS p=0.000)
2026-03-25 01:20:53,924 - __main__ - INFO -     net_income_adjustment_pct: student_t (mean KS p=0.000)
2026-03-25 01:20:53,925 - __main__ - INFO -     net_income_adjustment_ratio_fy: student_t (mean KS p=0.000)
2026-03-25 01:20:53,925 - __main__ - INFO -     net_income_adjustment_ratio_ltm: student_t (mean KS p=0.000)
2026-03-25 01:20:53,926 - __main__ - INFO -     restructuring_intensity: student_t (mean KS p=0.000)
2026-03-25 01:20:53,927 - __main__ - INFO -     revenue_surprise_pct: student_t (mean KS p=0.000)
2026-03-25 01:20:53,927 - __main__ - INFO -     revision_quality_divergence: student_t (mean KS p=0.000)
2026-03-25 01:20:53,934 - root - INFO - Exporting 4548 rows to analytics.accounting_anomaly_analysis
2026-03-25 01:20:56,065 - root - INFO - Export complete: analytics.accounting_anomaly_analysis
2026-03-25 01:20:56,065 - __main__ - INFO -   ✓ Exported 4,548 rows → analytics.accounting_anomaly_analysis
2026-03-25 01:20:56,066 - __main__ - INFO - ✓ Accounting anomaly analysis complete: 4,548 stocks
2026-03-25 01:20:56,067 - __main__ - INFO -   ⏱ Step 5b completed in 27.7s
2026-03-25 01:20:56,067 - __main__ - INFO - 
2026-03-25 01:20:56,068 - __main__ - INFO - 🛡️ Step 5c: Credit risk & dividend safety analysis...
2026-03-25 01:20:56,068 - __main__ - INFO - --------------------------------------------------------------------------------
2026-03-25 01:20:56,085 - __main__ - INFO - Credit risk analysis: merged 49 risk columns from feature views
2026-03-25 01:21:01,710 - finance_ml.analytics.probability_analytics - INFO - Sector-adjusted distress: 2135 / 4548 stocks flagged (vs 967 with global threshold)
2026-03-25 01:21:01,774 - __main__ - INFO - Hierarchical MCMC credit risk: 26 sectors enriched
2026-03-25 01:21:02,032 - __main__ - INFO - Ruin probability enrichment: 7 columns added
2026-03-25 01:21:02,032 - __main__ - INFO - Credit risk analysis: 4548 stocks processed
2026-03-25 01:21:02,035 - __main__ - INFO - ✓ Credit risk: 4,548 stocks, 2733 high/distressed
2026-03-25 01:21:02,036 - __main__ - INFO -   Mean ruin probability: 0.046
2026-03-25 01:21:02,045 - __main__ - INFO -   Merged 820 anomaly columns into credit risk DataFrame
2026-03-25 01:21:05,519 - finance_ml.analytics.probability_analytics - INFO - Hierarchical sector MCMC for dividend FCF coverage: 20 sectors
2026-03-25 01:21:05,525 - __main__ - INFO - Dividend safety analysis: 4548 stocks processed
2026-03-25 01:21:05,527 - __main__ - INFO - ✓ Dividend safety: 4,548 stocks, 2504 at risk
2026-03-25 01:21:05,528 - __main__ - INFO -   ⏱ Step 5c completed in 9.5s
2026-03-25 01:21:05,528 - __main__ - INFO - 
2026-03-25 01:21:05,528 - __main__ - INFO - 🔍 Step 5d: Running stock screening strategies...
2026-03-25 01:21:05,528 - __main__ - INFO - --------------------------------------------------------------------------------
2026-03-25 01:21:05,567 - __main__ - INFO -   ✓ Productivity frontier scores added
2026-03-25 01:21:05,569 - __main__ - INFO -    Reporting lag sentiment: corr=0.016, p=0.5307, hypothesis=not confirmed
2026-03-25 01:21:05,570 - __main__ - INFO - Quality screen: 0 stocks
2026-03-25 01:21:05,570 - __main__ - WARNING - Quality screen returned 0 stocks — applying adaptive fallback.
2026-03-25 01:21:05,570 - __main__ - WARNING - Adaptive screening: quality returned 0 stocks (0.0% < 0.0% threshold). Applying percentile-based fallback (top 10%).
2026-03-25 01:21:05,576 - __main__ - INFO - Adaptive screening: quality fallback using piotroski_f_score >= 6.00 → 789 stocks
2026-03-25 01:21:06,282 - __main__ - INFO - Earnings quality screen: 340 stocks
2026-03-25 01:21:07,243 - __main__ - INFO - Value screen: 816 stocks
2026-03-25 01:21:08,096 - __main__ - INFO - Growth screen: 1988 stocks
2026-03-25 01:21:08,897 - __main__ - INFO - GARP screen: 667 stocks
2026-03-25 01:21:09,681 - __main__ - INFO - Dividend screen: 11 stocks
2026-03-25 01:21:10,236 - __main__ - INFO - Financial health screen: 1242 stocks
2026-03-25 01:21:10,621 - __main__ - INFO - Valuation reversion screen: 357 stocks
2026-03-25 01:21:11,390 - __main__ - INFO - Integrity growth screen: 956 stocks
2026-03-25 01:21:11,824 - __main__ - INFO - High-yield safe dividend screen: 36 stocks
2026-03-25 01:21:11,836 - __main__ - INFO - Sector-relative ranking: 4548 stocks
2026-03-25 01:21:12,842 - __main__ - INFO - Low-volatility quality screen: 1524 stocks
2026-03-25 01:21:13,198 - __main__ - INFO - FCF compounders screen: 629 stocks
2026-03-25 01:21:13,209 - __main__ - INFO - Total return leaders screen: 4548 stocks
2026-03-25 01:21:13,209 - __main__ - INFO -   ✓ quality: 789 stocks
2026-03-25 01:21:13,209 - __main__ - INFO -   ✓ earnings_quality: 340 stocks
2026-03-25 01:21:13,210 - __main__ - INFO -   ✓ value: 816 stocks
2026-03-25 01:21:13,210 - __main__ - INFO -   ✓ growth: 1,988 stocks
2026-03-25 01:21:13,210 - __main__ - INFO -   ✓ garp: 667 stocks
2026-03-25 01:21:13,210 - __main__ - INFO -   ✓ dividend: 11 stocks
2026-03-25 01:21:13,210 - __main__ - INFO -   ✓ healthy: 1,242 stocks
2026-03-25 01:21:13,210 - __main__ - INFO -   ✓ valuation_reversion: 357 stocks
2026-03-25 01:21:13,211 - __main__ - INFO -   ✓ integrity_growth: 956 stocks
2026-03-25 01:21:13,211 - __main__ - INFO -   ✓ high_yield_safe: 36 stocks
2026-03-25 01:21:13,211 - __main__ - INFO -   ✓ sector_relative: 4,548 stocks
2026-03-25 01:21:13,211 - __main__ - INFO -   ✓ low_vol_quality: 1,524 stocks
2026-03-25 01:21:13,211 - __main__ - INFO -   ✓ fcf_compounders: 629 stocks
2026-03-25 01:21:13,211 - __main__ - INFO -   ✓ total_return_leaders: 4,548 stocks
2026-03-25 01:21:13,211 - __main__ - INFO -   ⏱ Step 5d completed in 7.7s
2026-03-25 01:21:13,212 - __main__ - INFO - 
2026-03-25 01:21:13,212 - __main__ - INFO - 🧪 Step 5e: Resampled Bayesian posterior returns...
2026-03-25 01:21:13,212 - __main__ - INFO - --------------------------------------------------------------------------------
2026-03-25 01:21:29,602 - __main__ - INFO - Resampled posterior returns: 4547 stocks, mean posterior=-5.16%
2026-03-25 01:21:29,869 - __main__ - INFO -   ✓ Resampled posteriors: 4,547 stocks
2026-03-25 01:21:29,870 - __main__ - INFO -   Mean posterior return: -5.16%
2026-03-25 01:21:29,871 - __main__ - INFO -   ⏱ Step 5e completed in 16.7s
2026-03-25 01:21:29,871 - __main__ - INFO - 
2026-03-25 01:21:29,872 - __main__ - INFO - 🔗 Step 6: Cross-model alignment...
2026-03-25 01:21:29,873 - __main__ - INFO - --------------------------------------------------------------------------------
2026-03-25 01:21:29,969 - __main__ - INFO - Tri-model alignment: 3757 stocks, 3211 strong bullish
2026-03-25 01:21:29,987 - __main__ - INFO - Strong consensus picks: 50 stocks
2026-03-25 01:21:30,030 - __main__ - INFO - Quad-model alignment: 3757 stocks, full consensus (4/4): 985
2026-03-25 01:21:30,030 - __main__ - INFO -   Tri-model coverage: 3,757 stocks
2026-03-25 01:21:30,032 - __main__ - INFO -     Strong Bearish (0/3): 373
2026-03-25 01:21:30,033 - __main__ - INFO -     Bearish (1/3): 75
2026-03-25 01:21:30,033 - __main__ - INFO -     Bullish (2/3): 98
2026-03-25 01:21:30,034 - __main__ - INFO -     Strong Bullish (3/3): 3211
2026-03-25 01:21:30,034 - __main__ - INFO -   Strong consensus picks: 50
2026-03-25 01:21:30,035 - __main__ - INFO -   Quad-model (4/4): 985 stocks
2026-03-25 01:21:30,104 - __main__ - INFO -   MC ↔ Kalman correlation: 0.965
2026-03-25 01:21:30,104 - __main__ - INFO -   ⏱ Step 6 completed in 0.2s
2026-03-25 01:21:30,105 - __main__ - INFO - 
2026-03-25 01:21:30,105 - __main__ - INFO - 📋 Step 7: Building expected_returns_summary (4-model merge)...
2026-03-25 01:21:30,106 - __main__ - INFO - --------------------------------------------------------------------------------
2026-03-25 01:21:30,156 - __main__ - INFO - Enriched expected_returns_summary with 43 anomaly columns
2026-03-25 01:21:30,163 - __main__ - INFO - Enriched expected_returns_summary with 21 credit risk columns
2026-03-25 01:21:30,174 - __main__ - INFO - Enriched expected_returns_summary with 11 dividend safety columns
2026-03-25 01:21:30,319 - __main__ - INFO - Enriched expected_returns_summary with 33 columns from mv_all_stock_features
2026-03-25 01:21:30,329 - __main__ - INFO - Expected returns summary: 3757 stocks, 985 strong bullish (4/4)
2026-03-25 01:21:30,330 - __main__ - INFO -   ✓ 3,757 stocks in expected_returns_summary
2026-03-25 01:21:30,330 - __main__ - INFO -   Full consensus (4/4): 985 stocks
2026-03-25 01:21:30,442 - __main__ - INFO - Quality scoring: 2 High, 1187 Above Avg
2026-03-25 01:21:30,446 - __main__ - INFO -   High-quality full consensus: 435 stocks
2026-03-25 01:21:30,503 - __main__ - INFO - Added z-scores and percentile ranks for 3 return metrics
2026-03-25 01:21:30,504 - __main__ - INFO -   Agreement distribution:
2026-03-25 01:21:30,505 - __main__ - INFO -     Strong Bearish (0/4): 297
2026-03-25 01:21:30,505 - __main__ - INFO -     Bearish (1/4): 127
2026-03-25 01:21:30,506 - __main__ - INFO -     Neutral (2/4): 97
2026-03-25 01:21:30,507 - __main__ - INFO -     Bullish (3/4): 2251
2026-03-25 01:21:30,508 - __main__ - INFO -     Strong Bullish (4/4): 985
2026-03-25 01:21:30,602 - __main__ - INFO - Cross-model diagnostics: tail agreement=95.4%, mean dispersion=9.17
2026-03-25 01:21:30,604 - __main__ - INFO - 
  🔬 Cross-Model Diagnostics:
2026-03-25 01:21:30,604 - __main__ - INFO -      Direction agreement: 95.4%
2026-03-25 01:21:30,605 - __main__ - INFO -      Mean inter-model dispersion: 9.17
2026-03-25 01:21:30,605 - __main__ - INFO -      Kendall τ (expected_upside_pct ↔ filtered_upside): 0.925 (p=0.0000)
2026-03-25 01:21:30,605 - __main__ - INFO -      Kendall τ (expected_upside_pct ↔ expected_return_prob_weighted): 0.508 (p=0.0000)
2026-03-25 01:21:30,605 - __main__ - INFO -      Kendall τ (filtered_upside ↔ expected_return_prob_weighted): 0.530 (p=0.0000)
2026-03-25 01:21:30,658 - __main__ - INFO - 
  🏢 Sector Analytics: 59 sectors
2026-03-25 01:21:30,714 - __main__ - INFO -    Hierarchical MCMC: 30 sector posteriors (Bayesian shrinkage)
2026-03-25 01:21:30,714 - __main__ - INFO -      Software: raw=63.6% → posterior=60.6% (shrinkage=0.91)
2026-03-25 01:21:30,715 - __main__ - INFO -      Machinery: raw=26.5% → posterior=26.7% (shrinkage=0.95)
2026-03-25 01:21:30,715 - __main__ - INFO -      Food Products: raw=23.0% → posterior=23.4% (shrinkage=0.94)
2026-03-25 01:21:30,715 - __main__ - INFO -      Chemicals: raw=21.6% → posterior=22.1% (shrinkage=0.95)
2026-03-25 01:21:30,715 - __main__ - INFO -      Media: raw=46.6% → posterior=44.2% (shrinkage=0.85)
2026-03-25 01:21:31,179 - finance_ml.analytics.statistical_analysis - INFO - Multi-level hierarchical MCMC: 9 levels, 296 total groups for 'expected_upside_pct'
2026-03-25 01:21:31,181 - __main__ - INFO -    Multi-level MCMC: 9 category levels, 296 group posteriors
2026-03-25 01:21:31,182 - __main__ - INFO -      [region] Europe: raw=41.5% → posterior=41.4% (n=1574, shrink=0.99)
2026-03-25 01:21:31,183 - __main__ - INFO -      [region] United States and Canada: raw=94.5% → posterior=40.0% (n=7, shrink=0.14)
2026-03-25 01:21:31,183 - __main__ - INFO -      [region] Latin America and Caribbean: raw=31.7% → posterior=31.7% (n=201, shrink=0.95)
2026-03-25 01:21:31,183 - __main__ - INFO -      [region] Africa / Middle East: raw=30.3% → posterior=30.4% (n=275, shrink=0.96)
2026-03-25 01:21:31,183 - __main__ - INFO -      [region] Asia / Pacific: raw=21.2% → posterior=21.3% (n=1700, shrink=0.99)
2026-03-25 01:21:31,185 - __main__ - INFO -      [country] GB: raw=59.8% → posterior=59.2% (n=287, shrink=0.97)
2026-03-25 01:21:31,186 - __main__ - INFO -      [country] DE: raw=50.2% → posterior=49.8% (n=174, shrink=0.95)
2026-03-25 01:21:31,186 - __main__ - INFO -      [country] SE: raw=48.5% → posterior=48.1% (n=168, shrink=0.94)
2026-03-25 01:21:31,187 - __main__ - INFO -      [country] US: raw=94.5% → posterior=47.6% (n=7, shrink=0.14)
2026-03-25 01:21:31,187 - __main__ - INFO -      [country] IT: raw=45.8% → posterior=45.5% (n=122, shrink=0.92)
2026-03-25 01:21:31,188 - __main__ - INFO -      [country] IE: raw=49.2% → posterior=44.5% (n=14, shrink=0.40)
2026-03-25 01:21:31,188 - __main__ - INFO -      [country] LU: raw=46.9% → posterior=44.3% (n=18, shrink=0.52)
2026-03-25 01:21:31,188 - __main__ - INFO -      [country] MT: raw=124.7% → posterior=43.8% (n=3, shrink=0.03)
2026-03-25 01:21:31,188 - __main__ - INFO -      [country] NL: raw=43.2% → posterior=42.9% (n=53, shrink=0.84)
2026-03-25 01:21:31,189 - __main__ - INFO -      [country] BE: raw=43.0% → posterior=42.7% (n=40, shrink=0.80)
2026-03-25 01:21:31,189 - __main__ - INFO -      [country] JE: raw=43.7% → posterior=41.5% (n=3, shrink=0.03)
2026-03-25 01:21:31,189 - __main__ - INFO -      [country] SI: raw=-1.2% → posterior=40.2% (n=3, shrink=0.03)
2026-03-25 01:21:31,189 - __main__ - INFO -      [country] FR: raw=39.9% → posterior=40.0% (n=175, shrink=0.95)
2026-03-25 01:21:31,189 - __main__ - INFO -      [country] HU: raw=9.6% → posterior=39.8% (n=4, shrink=0.05)
2026-03-25 01:21:31,189 - __main__ - INFO -      [country] CY: raw=2.9% → posterior=39.5% (n=4, shrink=0.05)
2026-03-25 01:21:31,189 - __main__ - INFO -      [country] MX: raw=40.9% → posterior=39.1% (n=43, shrink=0.81)
2026-03-25 01:21:31,189 - __main__ - INFO -      [country] TR: raw=40.6% → posterior=38.9% (n=51, shrink=0.84)
2026-03-25 01:21:31,189 - __main__ - INFO -      [country] CZ: raw=6.1% → posterior=38.7% (n=5, shrink=0.08)
2026-03-25 01:21:31,189 - __main__ - INFO -      [country] AE: raw=40.7% → posterior=38.3% (n=34, shrink=0.77)
2026-03-25 01:21:31,190 - __main__ - INFO -      [country] DK: raw=35.9% → posterior=37.1% (n=36, shrink=0.78)
2026-03-25 01:21:31,190 - __main__ - INFO -      [country] ZA: raw=38.7% → posterior=37.1% (n=42, shrink=0.81)
2026-03-25 01:21:31,190 - __main__ - INFO -      [country] HR: raw=10.0% → posterior=37.0% (n=7, shrink=0.14)
2026-03-25 01:21:31,190 - __main__ - INFO -      [country] PT: raw=16.5% → posterior=33.3% (n=12, shrink=0.32)
2026-03-25 01:21:31,190 - __main__ - INFO -      [country] ID: raw=37.6% → posterior=33.3% (n=29, shrink=0.74)
2026-03-25 01:21:31,190 - __main__ - INFO -      [country] SA: raw=33.4% → posterior=33.0% (n=72, shrink=0.88)
2026-03-25 01:21:31,190 - __main__ - INFO -      [country] HK: raw=35.5% → posterior=33.0% (n=46, shrink=0.82)
2026-03-25 01:21:31,190 - __main__ - INFO -      [country] QA: raw=34.9% → posterior=31.8% (n=12, shrink=0.32)
2026-03-25 01:21:31,190 - __main__ - INFO -      [country] GR: raw=22.5% → posterior=31.6% (n=18, shrink=0.52)
2026-03-25 01:21:31,190 - __main__ - INFO -      [country] BR: raw=31.5% → posterior=31.6% (n=119, shrink=0.92)
2026-03-25 01:21:31,191 - __main__ - INFO -      [country] RO: raw=-14.8% → posterior=31.5% (n=8, shrink=0.18)
2026-03-25 01:21:31,191 - __main__ - INFO -      [country] PE: raw=13.2% → posterior=31.2% (n=3, shrink=0.03)
2026-03-25 01:21:31,191 - __main__ - INFO -      [country] ES: raw=28.8% → posterior=30.7% (n=57, shrink=0.85)
2026-03-25 01:21:31,191 - __main__ - INFO -      [country] BM: raw=23.7% → posterior=30.6% (n=7, shrink=0.14)
2026-03-25 01:21:31,191 - __main__ - INFO -      [country] MA: raw=29.4% → posterior=30.3% (n=5, shrink=0.08)
2026-03-25 01:21:31,191 - __main__ - INFO -      [country] FI: raw=28.4% → posterior=29.9% (n=79, shrink=0.89)
2026-03-25 01:21:31,191 - __main__ - INFO -      [country] CO: raw=8.8% → posterior=29.3% (n=6, shrink=0.11)
2026-03-25 01:21:31,191 - __main__ - INFO -      [country] CH: raw=28.0% → posterior=29.2% (n=104, shrink=0.91)
2026-03-25 01:21:31,191 - __main__ - INFO -      [country] GH: raw=-13.2% → posterior=29.1% (n=3, shrink=0.03)
2026-03-25 01:21:31,192 - __main__ - INFO -      [country] KW: raw=15.8% → posterior=28.8% (n=6, shrink=0.11)
2026-03-25 01:21:31,192 - __main__ - INFO -      [country] CL: raw=25.6% → posterior=28.5% (n=18, shrink=0.52)
2026-03-25 01:21:31,193 - __main__ - INFO -      [country] EG: raw=24.9% → posterior=27.9% (n=16, shrink=0.46)
2026-03-25 01:21:31,193 - __main__ - INFO -      [country] IL: raw=6.0% → posterior=27.8% (n=6, shrink=0.11)
2026-03-25 01:21:31,194 - __main__ - INFO -      [country] AU: raw=28.5% → posterior=27.5% (n=63, shrink=0.86)
2026-03-25 01:21:31,194 - __main__ - INFO -      [country] AT: raw=22.9% → posterior=27.4% (n=31, shrink=0.76)
2026-03-25 01:21:31,194 - __main__ - INFO -      [country] PL: raw=22.4% → posterior=25.5% (n=52, shrink=0.84)
2026-03-25 01:21:31,194 - __main__ - INFO -      [country] IN: raw=23.5% → posterior=23.4% (n=212, shrink=0.95)
2026-03-25 01:21:31,195 - __main__ - INFO -      [country] CN: raw=22.8% → posterior=22.8% (n=682, shrink=0.99)
2026-03-25 01:21:31,195 - __main__ - INFO -      [country] PH: raw=31.2% → posterior=22.7% (n=7, shrink=0.14)
2026-03-25 01:21:31,195 - __main__ - INFO -      [country] PK: raw=37.0% → posterior=22.1% (n=4, shrink=0.05)
2026-03-25 01:21:31,195 - __main__ - INFO -      [country] TH: raw=22.0% → posterior=21.8% (n=24, shrink=0.66)
2026-03-25 01:21:31,195 - __main__ - INFO -      [country] NZ: raw=24.9% → posterior=21.7% (n=6, shrink=0.11)
2026-03-25 01:21:31,196 - __main__ - INFO -      [country] VN: raw=23.8% → posterior=21.5% (n=6, shrink=0.11)
2026-03-25 01:21:31,196 - __main__ - INFO -      [country] NO: raw=18.8% → posterior=21.2% (n=85, shrink=0.89)
2026-03-25 01:21:31,196 - __main__ - INFO -      [country] SG: raw=18.0% → posterior=20.0% (n=14, shrink=0.40)
2026-03-25 01:21:31,196 - __main__ - INFO -      [country] MY: raw=18.3% → posterior=19.0% (n=32, shrink=0.76)
2026-03-25 01:21:31,197 - __main__ - INFO -      [country] OM: raw=-6.0% → posterior=18.6% (n=12, shrink=0.32)
2026-03-25 01:21:31,197 - __main__ - INFO -      [country] KR: raw=17.8% → posterior=18.1% (n=111, shrink=0.92)
2026-03-25 01:21:31,197 - __main__ - INFO -      [country] TW: raw=16.4% → posterior=16.8% (n=99, shrink=0.91)
2026-03-25 01:21:31,197 - __main__ - INFO -      [country] JP: raw=14.5% → posterior=14.7% (n=359, shrink=0.97)
2026-03-25 01:21:31,198 - __main__ - INFO -      [country] NG: raw=-17.1% → posterior=13.3% (n=13, shrink=0.36)
2026-03-25 01:21:31,199 - __main__ - INFO -      [trading_country] GB: raw=60.6% → posterior=60.1% (n=313, shrink=0.97)
2026-03-25 01:21:31,199 - __main__ - INFO -      [trading_country] DE: raw=54.3% → posterior=53.6% (n=187, shrink=0.95)
2026-03-25 01:21:31,199 - __main__ - INFO -      [trading_country] SE: raw=48.7% → posterior=48.3% (n=173, shrink=0.95)
2026-03-25 01:21:31,199 - __main__ - INFO -      [trading_country] BE: raw=48.4% → posterior=47.0% (n=39, shrink=0.80)
2026-03-25 01:21:31,199 - __main__ - INFO -      [trading_country] IT: raw=43.1% → posterior=42.9% (n=124, shrink=0.93)
2026-03-25 01:21:31,200 - __main__ - INFO -      [trading_country] IE: raw=31.8% → posterior=40.9% (n=4, shrink=0.05)
2026-03-25 01:21:31,200 - __main__ - INFO -      [trading_country] SI: raw=-1.2% → posterior=40.2% (n=3, shrink=0.03)
2026-03-25 01:21:31,200 - __main__ - INFO -      [trading_country] HU: raw=-7.0% → posterior=40.0% (n=3, shrink=0.03)
2026-03-25 01:21:31,200 - __main__ - INFO -      [trading_country] FR: raw=39.4% → posterior=39.5% (n=178, shrink=0.95)
2026-03-25 01:21:31,200 - __main__ - INFO -      [trading_country] MX: raw=41.3% → posterior=39.4% (n=42, shrink=0.81)
2026-03-25 01:21:31,201 - __main__ - INFO -      [trading_country] CZ: raw=10.9% → posterior=39.1% (n=5, shrink=0.08)
2026-03-25 01:21:31,201 - __main__ - INFO -      [trading_country] TR: raw=40.6% → posterior=38.9% (n=51, shrink=0.84)
2026-03-25 01:21:31,202 - __main__ - INFO -      [trading_country] AE: raw=40.7% → posterior=38.3% (n=34, shrink=0.77)
2026-03-25 01:21:31,202 - __main__ - INFO -      [trading_country] DK: raw=36.6% → posterior=37.7% (n=36, shrink=0.78)
2026-03-25 01:21:31,202 - __main__ - INFO -      [trading_country] HR: raw=10.0% → posterior=37.0% (n=7, shrink=0.14)
2026-03-25 01:21:31,202 - __main__ - INFO -      [trading_country] NL: raw=35.6% → posterior=36.5% (n=54, shrink=0.84)
2026-03-25 01:21:31,203 - __main__ - INFO -      [trading_country] HK: raw=36.9% → posterior=36.0% (n=165, shrink=0.94)
2026-03-25 01:21:31,203 - __main__ - INFO -      [trading_country] ID: raw=37.6% → posterior=33.3% (n=29, shrink=0.74)
2026-03-25 01:21:31,204 - __main__ - INFO -      [trading_country] SA: raw=33.4% → posterior=33.0% (n=72, shrink=0.88)
2026-03-25 01:21:31,204 - __main__ - INFO -      [trading_country] PT: raw=14.9% → posterior=31.8% (n=13, shrink=0.36)
2026-03-25 01:21:31,204 - __main__ - INFO -      [trading_country] QA: raw=34.9% → posterior=31.8% (n=12, shrink=0.32)
2026-03-25 01:21:31,204 - __main__ - INFO -      [trading_country] CH: raw=30.8% → posterior=31.7% (n=101, shrink=0.91)
2026-03-25 01:21:31,204 - __main__ - INFO -      [trading_country] ES: raw=30.0% → posterior=31.7% (n=56, shrink=0.85)
2026-03-25 01:21:31,205 - __main__ - INFO -      [trading_country] GR: raw=23.4% → posterior=31.6% (n=19, shrink=0.55)
2026-03-25 01:21:31,205 - __main__ - INFO -      [trading_country] BR: raw=31.4% → posterior=31.4% (n=118, shrink=0.92)
2026-03-25 01:21:31,205 - __main__ - INFO -      [trading_country] PE: raw=13.2% → posterior=31.2% (n=3, shrink=0.03)
2026-03-25 01:21:31,205 - __main__ - INFO -      [trading_country] MA: raw=29.4% → posterior=30.3% (n=5, shrink=0.08)
2026-03-25 01:21:31,205 - __main__ - INFO -      [trading_country] FI: raw=28.4% → posterior=29.9% (n=79, shrink=0.89)
2026-03-25 01:21:31,206 - __main__ - INFO -      [trading_country] CO: raw=8.8% → posterior=29.3% (n=6, shrink=0.11)
2026-03-25 01:21:31,206 - __main__ - INFO -      [trading_country] ZA: raw=28.9% → posterior=29.2% (n=40, shrink=0.80)
2026-03-25 01:21:31,206 - __main__ - INFO -      [trading_country] GH: raw=-13.2% → posterior=29.1% (n=3, shrink=0.03)
2026-03-25 01:21:31,206 - __main__ - INFO -      [trading_country] AU: raw=30.3% → posterior=29.1% (n=63, shrink=0.86)
2026-03-25 01:21:31,206 - __main__ - INFO -      [trading_country] KW: raw=15.8% → posterior=28.8% (n=6, shrink=0.11)
2026-03-25 01:21:31,206 - __main__ - INFO -      [trading_country] CL: raw=25.6% → posterior=28.5% (n=18, shrink=0.52)
2026-03-25 01:21:31,207 - __main__ - INFO -      [trading_country] EG: raw=24.9% → posterior=27.9% (n=16, shrink=0.46)
2026-03-25 01:21:31,207 - __main__ - INFO -      [trading_country] RO: raw=-13.5% → posterior=27.7% (n=10, shrink=0.25)
2026-03-25 01:21:31,207 - __main__ - INFO -      [trading_country] IL: raw=-7.8% → posterior=27.4% (n=5, shrink=0.08)
2026-03-25 01:21:31,207 - __main__ - INFO -      [trading_country] PL: raw=22.6% → posterior=25.4% (n=58, shrink=0.85)
2026-03-25 01:21:31,207 - __main__ - INFO -      [trading_country] AT: raw=16.1% → posterior=24.3% (n=25, shrink=0.68)
2026-03-25 01:21:31,207 - __main__ - INFO -      [trading_country] IN: raw=23.5% → posterior=23.4% (n=212, shrink=0.95)
2026-03-25 01:21:31,208 - __main__ - INFO -      [trading_country] PH: raw=31.2% → posterior=22.7% (n=7, shrink=0.14)
2026-03-25 01:21:31,208 - __main__ - INFO -      [trading_country] NO: raw=20.7% → posterior=22.6% (n=104, shrink=0.91)
2026-03-25 01:21:31,208 - __main__ - INFO -      [trading_country] PK: raw=37.0% → posterior=22.1% (n=4, shrink=0.05)
2026-03-25 01:21:31,208 - __main__ - INFO -      [trading_country] TH: raw=22.1% → posterior=21.8% (n=23, shrink=0.64)
2026-03-25 01:21:31,209 - __main__ - INFO -      [trading_country] VN: raw=23.8% → posterior=21.5% (n=6, shrink=0.11)
2026-03-25 01:21:31,209 - __main__ - INFO -      [trading_country] NZ: raw=16.0% → posterior=20.7% (n=6, shrink=0.11)
2026-03-25 01:21:31,209 - __main__ - INFO -      [trading_country] CN: raw=20.0% → posterior=20.1% (n=568, shrink=0.98)
2026-03-25 01:21:31,209 - __main__ - INFO -      [trading_country] MY: raw=18.3% → posterior=19.0% (n=32, shrink=0.76)
2026-03-25 01:21:31,210 - __main__ - INFO -      [trading_country] OM: raw=-6.0% → posterior=18.6% (n=12, shrink=0.32)
2026-03-25 01:21:31,210 - __main__ - INFO -      [trading_country] KR: raw=17.8% → posterior=18.1% (n=111, shrink=0.92)
2026-03-25 01:21:31,210 - __main__ - INFO -      [trading_country] SG: raw=11.1% → posterior=17.6% (n=13, shrink=0.36)
2026-03-25 01:21:31,210 - __main__ - INFO -      [trading_country] TW: raw=16.3% → posterior=16.8% (n=101, shrink=0.91)
2026-03-25 01:21:31,210 - __main__ - INFO -      [trading_country] JP: raw=14.5% → posterior=14.7% (n=359, shrink=0.97)
2026-03-25 01:21:31,210 - __main__ - INFO -      [trading_country] NG: raw=-19.5% → posterior=14.2% (n=12, shrink=0.32)
2026-03-25 01:21:31,211 - __main__ - INFO -      [exchange] AIM: raw=95.9% → posterior=92.6% (n=102, shrink=0.91)
2026-03-25 01:21:31,212 - __main__ - INFO -      [exchange] XTRA: raw=52.3% → posterior=52.1% (n=182, shrink=0.95)
2026-03-25 01:21:31,212 - __main__ - INFO -      [exchange] DB: raw=84.7% → posterior=50.8% (n=3, shrink=0.03)
2026-03-25 01:21:31,212 - __main__ - INFO -      [exchange] OM: raw=49.6% → posterior=49.5% (n=171, shrink=0.94)
2026-03-25 01:21:31,212 - __main__ - INFO -      [exchange] ENXTBR: raw=48.4% → posterior=47.2% (n=39, shrink=0.80)
2026-03-25 01:21:31,212 - __main__ - INFO -      [exchange] LSE: raw=43.6% → posterior=44.3% (n=211, shrink=0.95)
2026-03-25 01:21:31,212 - __main__ - INFO -      [exchange] ISE: raw=31.8% → posterior=43.8% (n=4, shrink=0.05)
2026-03-25 01:21:31,213 - __main__ - INFO -      [exchange] BIT: raw=43.1% → posterior=43.2% (n=124, shrink=0.93)
2026-03-25 01:21:31,213 - __main__ - INFO -      [exchange] BMV: raw=41.3% → posterior=40.9% (n=42, shrink=0.81)
2026-03-25 01:21:31,213 - __main__ - INFO -      [exchange] ADX: raw=41.8% → posterior=40.5% (n=22, shrink=0.62)
2026-03-25 01:21:31,213 - __main__ - INFO -      [exchange] IBSE: raw=40.6% → posterior=40.3% (n=51, shrink=0.84)
2026-03-25 01:21:31,213 - __main__ - INFO -      [exchange] ENXTPA: raw=39.4% → posterior=39.4% (n=178, shrink=0.95)
2026-03-25 01:21:31,214 - __main__ - INFO -      [exchange] LJSE: raw=-1.2% → posterior=39.0% (n=3, shrink=0.03)
2026-03-25 01:21:31,214 - __main__ - INFO -      [exchange] BUSE: raw=-7.0% → posterior=38.4% (n=3, shrink=0.03)
2026-03-25 01:21:31,214 - __main__ - INFO -      [exchange] DFM: raw=38.5% → posterior=38.4% (n=12, shrink=0.32)
2026-03-25 01:21:31,214 - __main__ - INFO -      [exchange] CPSE: raw=36.6% → posterior=36.7% (n=36, shrink=0.78)
2026-03-25 01:21:31,214 - __main__ - INFO -      [exchange] ENXTAM: raw=35.6% → posterior=36.7% (n=54, shrink=0.84)
2026-03-25 01:21:31,215 - __main__ - INFO -      [exchange] SEP: raw=10.9% → posterior=36.6% (n=5, shrink=0.08)
2026-03-25 01:21:31,215 - __main__ - INFO -      [exchange] IDX: raw=37.6% → posterior=36.4% (n=29, shrink=0.74)
2026-03-25 01:21:31,215 - __main__ - INFO -      [exchange] SEHK: raw=36.9% → posterior=36.1% (n=165, shrink=0.94)
2026-03-25 01:21:31,216 - __main__ - INFO -      [exchange] SASE: raw=33.4% → posterior=33.4% (n=72, shrink=0.88)
2026-03-25 01:21:31,216 - __main__ - INFO -      [exchange] ZGSE: raw=10.0% → posterior=33.2% (n=7, shrink=0.14)
2026-03-25 01:21:31,216 - __main__ - INFO -      [exchange] DSM: raw=34.9% → posterior=32.8% (n=12, shrink=0.32)
2026-03-25 01:21:31,217 - __main__ - INFO -      [exchange] BOVESPA: raw=31.4% → posterior=31.4% (n=118, shrink=0.92)
2026-03-25 01:21:31,217 - __main__ - INFO -      [exchange] SWX: raw=30.8% → posterior=30.6% (n=101, shrink=0.91)
2026-03-25 01:21:31,217 - __main__ - INFO -      [exchange] BVL: raw=13.2% → posterior=30.6% (n=3, shrink=0.03)
2026-03-25 01:21:31,217 - __main__ - INFO -      [exchange] JSE: raw=28.9% → posterior=30.5% (n=40, shrink=0.80)
2026-03-25 01:21:31,218 - __main__ - INFO -      [exchange] CBSE: raw=29.4% → posterior=30.2% (n=5, shrink=0.08)
2026-03-25 01:21:31,218 - __main__ - INFO -      [exchange] BME: raw=30.0% → posterior=30.1% (n=56, shrink=0.85)
2026-03-25 01:21:31,218 - __main__ - INFO -      [exchange] ASX: raw=30.3% → posterior=29.9% (n=63, shrink=0.86)
2026-03-25 01:21:31,219 - __main__ - INFO -      [exchange] HLSE: raw=28.4% → posterior=28.6% (n=79, shrink=0.89)
2026-03-25 01:21:31,219 - __main__ - INFO -      [exchange] GHSE: raw=-13.2% → posterior=27.9% (n=3, shrink=0.03)
2026-03-25 01:21:31,219 - __main__ - INFO -      [exchange] KWSE: raw=15.8% → posterior=27.4% (n=6, shrink=0.11)
2026-03-25 01:21:31,219 - __main__ - INFO -      [exchange] ATSE: raw=23.4% → posterior=27.1% (n=19, shrink=0.55)
2026-03-25 01:21:31,220 - __main__ - INFO -      [exchange] BVC: raw=8.8% → posterior=27.1% (n=6, shrink=0.11)
2026-03-25 01:21:31,220 - __main__ - INFO -      [exchange] SNSE: raw=25.6% → posterior=27.0% (n=18, shrink=0.52)
2026-03-25 01:21:31,220 - __main__ - INFO -      [exchange] ENXTLS: raw=14.9% → posterior=26.7% (n=13, shrink=0.36)
2026-03-25 01:21:31,220 - __main__ - INFO -      [exchange] CASE: raw=24.9% → posterior=26.5% (n=16, shrink=0.46)
2026-03-25 01:21:31,221 - __main__ - INFO -      [exchange] NSEI: raw=25.5% → posterior=25.4% (n=152, shrink=0.94)
2026-03-25 01:21:31,221 - __main__ - INFO -      [exchange] TASE: raw=-7.8% → posterior=25.0% (n=5, shrink=0.08)
2026-03-25 01:21:31,221 - __main__ - INFO -      [exchange] PSE: raw=31.2% → posterior=23.9% (n=7, shrink=0.14)
2026-03-25 01:21:31,222 - __main__ - INFO -      [exchange] WSE: raw=22.6% → posterior=23.0% (n=58, shrink=0.85)
2026-03-25 01:21:31,222 - __main__ - INFO -      [exchange] KASE: raw=37.0% → posterior=22.8% (n=4, shrink=0.05)
2026-03-25 01:21:31,222 - __main__ - INFO -      [exchange] SET: raw=22.1% → posterior=22.0% (n=23, shrink=0.64)
2026-03-25 01:21:31,222 - __main__ - INFO -      [exchange] HOSE: raw=23.8% → posterior=21.8% (n=6, shrink=0.11)
2026-03-25 01:21:31,223 - __main__ - INFO -      [exchange] SHSE: raw=21.3% → posterior=21.3% (n=302, shrink=0.97)
2026-03-25 01:21:31,223 - __main__ - INFO -      [exchange] NZSE: raw=16.0% → posterior=21.1% (n=6, shrink=0.11)
2026-03-25 01:21:31,223 - __main__ - INFO -      [exchange] OB: raw=20.7% → posterior=20.8% (n=104, shrink=0.91)
2026-03-25 01:21:31,223 - __main__ - INFO -      [exchange] BVB: raw=-13.5% → posterior=20.3% (n=10, shrink=0.25)
2026-03-25 01:21:31,223 - __main__ - INFO -      [exchange] WBAG: raw=16.1% → posterior=19.7% (n=25, shrink=0.68)
2026-03-25 01:21:31,224 - __main__ - INFO -      [exchange] BSE: raw=18.5% → posterior=19.2% (n=60, shrink=0.86)
2026-03-25 01:21:31,224 - __main__ - INFO -      [exchange] KOSE: raw=19.2% → posterior=19.1% (n=98, shrink=0.91)
2026-03-25 01:21:31,224 - __main__ - INFO -      [exchange] SZSE: raw=18.6% → posterior=18.7% (n=266, shrink=0.96)
2026-03-25 01:21:31,224 - __main__ - INFO -      [exchange] KLSE: raw=18.3% → posterior=18.4% (n=32, shrink=0.76)
2026-03-25 01:21:31,225 - __main__ - INFO -      [exchange] SGX: raw=11.1% → posterior=16.8% (n=13, shrink=0.36)
2026-03-25 01:21:31,225 - __main__ - INFO -      [exchange] TWSE: raw=16.8% → posterior=16.8% (n=83, shrink=0.89)
2026-03-25 01:21:31,225 - __main__ - INFO -      [exchange] TPEX: raw=14.3% → posterior=15.5% (n=18, shrink=0.52)
2026-03-25 01:21:31,226 - __main__ - INFO -      [exchange] TSE: raw=14.5% → posterior=14.5% (n=359, shrink=0.97)
2026-03-25 01:21:31,226 - __main__ - INFO -      [exchange] KOSDAQ: raw=7.2% → posterior=14.1% (n=13, shrink=0.36)
2026-03-25 01:21:31,226 - __main__ - INFO -      [exchange] MSM: raw=-6.0% → posterior=10.6% (n=12, shrink=0.32)
2026-03-25 01:21:31,226 - __main__ - INFO -      [exchange] NGSE: raw=-19.5% → posterior=2.6% (n=12, shrink=0.32)
2026-03-25 01:21:31,228 - __main__ - INFO -      [unit] GBP: raw=60.8% → posterior=59.9% (n=311, shrink=0.97)
2026-03-25 01:21:31,228 - __main__ - INFO -      [unit] SEK: raw=48.4% → posterior=47.4% (n=172, shrink=0.95)
2026-03-25 01:21:31,228 - __main__ - INFO -      [unit] EUR: raw=40.0% → posterior=39.9% (n=792, shrink=0.99)
2026-03-25 01:21:31,229 - __main__ - INFO -      [unit] MXN: raw=41.3% → posterior=39.3% (n=42, shrink=0.81)
2026-03-25 01:21:31,229 - __main__ - INFO -      [unit] TRY: raw=40.6% → posterior=39.0% (n=51, shrink=0.84)
2026-03-25 01:21:31,229 - __main__ - INFO -      [unit] AED: raw=40.7% → posterior=38.5% (n=34, shrink=0.77)
2026-03-25 01:21:31,230 - __main__ - INFO -      [unit] HKD: raw=36.9% → posterior=36.5% (n=165, shrink=0.94)
2026-03-25 01:21:31,230 - __main__ - INFO -      [unit] IDR: raw=37.6% → posterior=35.9% (n=29, shrink=0.74)
2026-03-25 01:21:31,230 - __main__ - INFO -      [unit] DKK: raw=36.6% → posterior=35.4% (n=36, shrink=0.78)
2026-03-25 01:21:31,230 - __main__ - INFO -      [unit] SAR: raw=33.4% → posterior=33.1% (n=72, shrink=0.88)
2026-03-25 01:21:31,231 - __main__ - INFO -      [unit] QAR: raw=34.9% → posterior=32.3% (n=12, shrink=0.32)
2026-03-25 01:21:31,231 - __main__ - INFO -      [unit] PKR: raw=37.0% → posterior=31.4% (n=4, shrink=0.05)
2026-03-25 01:21:31,231 - __main__ - INFO -      [unit] BRL: raw=31.4% → posterior=31.4% (n=118, shrink=0.92)
2026-03-25 01:21:31,231 - __main__ - INFO -      [unit] USD: raw=35.2% → posterior=31.3% (n=4, shrink=0.05)
2026-03-25 01:21:31,231 - __main__ - INFO -      [unit] PHP: raw=31.2% → posterior=31.1% (n=7, shrink=0.14)
2026-03-25 01:21:31,231 - __main__ - INFO -      [unit] MAD: raw=29.4% → posterior=30.9% (n=5, shrink=0.08)
2026-03-25 01:21:31,231 - __main__ - INFO -      [unit] CHF: raw=30.8% → posterior=30.8% (n=101, shrink=0.91)
2026-03-25 01:21:31,232 - __main__ - INFO -      [unit] AUD: raw=30.3% → posterior=30.4% (n=63, shrink=0.86)
2026-03-25 01:21:31,232 - __main__ - INFO -      [unit] VND: raw=23.8% → posterior=30.3% (n=6, shrink=0.11)
2026-03-25 01:21:31,232 - __main__ - INFO -      [unit] HUF: raw=-7.0% → posterior=30.0% (n=3, shrink=0.03)
2026-03-25 01:21:31,232 - __main__ - INFO -      [unit] GHS: raw=-13.2% → posterior=29.8% (n=3, shrink=0.03)
2026-03-25 01:21:31,232 - __main__ - INFO -      [unit] CZK: raw=10.9% → posterior=29.5% (n=5, shrink=0.08)
2026-03-25 01:21:31,232 - __main__ - INFO -      [unit] NZD: raw=16.0% → posterior=29.5% (n=6, shrink=0.11)
2026-03-25 01:21:31,232 - __main__ - INFO -      [unit] KWD: raw=15.8% → posterior=29.4% (n=6, shrink=0.11)
2026-03-25 01:21:31,233 - __main__ - INFO -      [unit] ZAR: raw=28.9% → posterior=29.3% (n=40, shrink=0.80)
2026-03-25 01:21:31,233 - __main__ - INFO -      [unit] COP: raw=8.8% → posterior=28.7% (n=6, shrink=0.11)
2026-03-25 01:21:31,233 - __main__ - INFO -      [unit] EGP: raw=24.9% → posterior=28.2% (n=16, shrink=0.46)
2026-03-25 01:21:31,233 - __main__ - INFO -      [unit] CLP: raw=25.6% → posterior=28.2% (n=18, shrink=0.52)
2026-03-25 01:21:31,233 - __main__ - INFO -      [unit] ILS: raw=-7.8% → posterior=28.1% (n=5, shrink=0.08)
2026-03-25 01:21:31,233 - __main__ - INFO -      [unit] THB: raw=22.1% → posterior=25.3% (n=23, shrink=0.64)
2026-03-25 01:21:31,233 - __main__ - INFO -      [unit] SGD: raw=10.5% → posterior=24.4% (n=12, shrink=0.32)
2026-03-25 01:21:31,233 - __main__ - INFO -      [unit] PLN: raw=22.6% → posterior=23.9% (n=58, shrink=0.85)
2026-03-25 01:21:31,234 - __main__ - INFO -      [unit] INR: raw=23.5% → posterior=23.9% (n=212, shrink=0.95)
2026-03-25 01:21:31,234 - __main__ - INFO -      [unit] NOK: raw=20.7% → posterior=21.6% (n=104, shrink=0.91)
2026-03-25 01:21:31,234 - __main__ - INFO -      [unit] MYR: raw=18.3% → posterior=21.3% (n=32, shrink=0.76)
2026-03-25 01:21:31,235 - __main__ - INFO -      [unit] CNY: raw=20.0% → posterior=20.2% (n=568, shrink=0.98)
2026-03-25 01:21:31,235 - __main__ - INFO -      [unit] RON: raw=-13.5% → posterior=19.9% (n=10, shrink=0.25)
2026-03-25 01:21:31,235 - __main__ - INFO -      [unit] OMR: raw=-6.0% → posterior=19.1% (n=12, shrink=0.32)
2026-03-25 01:21:31,235 - __main__ - INFO -      [unit] KRW: raw=17.8% → posterior=18.9% (n=111, shrink=0.92)
2026-03-25 01:21:31,235 - __main__ - INFO -      [unit] TWD: raw=16.3% → posterior=17.7% (n=101, shrink=0.91)
2026-03-25 01:21:31,235 - __main__ - INFO -      [unit] JPY: raw=14.5% → posterior=14.9% (n=359, shrink=0.97)
2026-03-25 01:21:31,235 - __main__ - INFO -      [unit] NGN: raw=-19.5% → posterior=14.7% (n=12, shrink=0.32)
2026-03-25 01:21:31,237 - __main__ - INFO -      [sector] Health Care: raw=48.7% → posterior=48.5% (n=374, shrink=0.97)
2026-03-25 01:21:31,237 - __main__ - INFO -      [sector] Consumer Discretionary: raw=41.5% → posterior=41.5% (n=560, shrink=0.98)
2026-03-25 01:21:31,238 - __main__ - INFO -      [sector] Communication Services: raw=33.4% → posterior=32.7% (n=183, shrink=0.95)
2026-03-25 01:21:31,238 - __main__ - INFO -      [sector] Information Technology: raw=30.5% → posterior=30.3% (n=555, shrink=0.98)
2026-03-25 01:21:31,238 - __main__ - INFO -      [sector] Consumer Staples: raw=28.1% → posterior=28.0% (n=407, shrink=0.98)
2026-03-25 01:21:31,239 - __main__ - INFO -      [sector] Industrials: raw=27.2% → posterior=27.4% (n=908, shrink=0.99)
2026-03-25 01:21:31,239 - __main__ - INFO -      [sector] Materials: raw=26.5% → posterior=26.4% (n=436, shrink=0.98)
2026-03-25 01:21:31,239 - __main__ - INFO -      [sector] Energy: raw=14.9% → posterior=16.4% (n=168, shrink=0.94)
2026-03-25 01:21:31,239 - __main__ - INFO -      [sector] Utilities: raw=12.3% → posterior=12.9% (n=166, shrink=0.94)
2026-03-25 01:21:31,241 - __main__ - INFO -      [industry] Biotechnology: raw=81.5% → posterior=77.4% (n=70, shrink=0.88)
2026-03-25 01:21:31,241 - __main__ - INFO -      [industry] Professional Services: raw=75.2% → posterior=66.4% (n=44, shrink=0.81)
2026-03-25 01:21:31,241 - __main__ - INFO -      [industry] Software: raw=63.6% → posterior=60.5% (n=98, shrink=0.91)
2026-03-25 01:21:31,241 - __main__ - INFO -      [industry] Life Sciences Tools and Services: raw=59.9% → posterior=57.4% (n=36, shrink=0.78)
2026-03-25 01:21:31,242 - __main__ - INFO -      [industry] Leisure Products: raw=58.9% → posterior=51.4% (n=20, shrink=0.57)
2026-03-25 01:21:31,242 - __main__ - INFO -      [industry] Health Care Technology: raw=53.7% → posterior=51.2% (n=18, shrink=0.52)
2026-03-25 01:21:31,242 - __main__ - INFO -      [industry] Interactive Media and Services: raw=58.3% → posterior=50.4% (n=26, shrink=0.69)
2026-03-25 01:21:31,242 - __main__ - INFO -      [industry] Health Care Equipment and Supplies: raw=50.0% → posterior=49.8% (n=71, shrink=0.88)
2026-03-25 01:21:31,243 - __main__ - INFO -      [industry] Entertainment: raw=52.9% → posterior=49.8% (n=56, shrink=0.85)
2026-03-25 01:21:31,243 - __main__ - INFO -      [industry] Hotels Restaurants and Leisure: raw=46.9% → posterior=46.4% (n=99, shrink=0.91)
2026-03-25 01:21:31,243 - __main__ - INFO -      [industry] Distributors: raw=57.7% → posterior=44.3% (n=8, shrink=0.18)
2026-03-25 01:21:31,243 - __main__ - INFO -      [industry] Specialty Retail: raw=44.1% → posterior=43.9% (n=110, shrink=0.92)
2026-03-25 01:21:31,244 - __main__ - INFO -      [industry] Media: raw=46.6% → posterior=43.7% (n=55, shrink=0.85)
2026-03-25 01:21:31,244 - __main__ - INFO -      [industry] Household Durables: raw=43.4% → posterior=43.2% (n=85, shrink=0.89)
2026-03-25 01:21:31,244 - __main__ - INFO -      [industry] IT Services: raw=44.4% → posterior=42.8% (n=78, shrink=0.89)
2026-03-25 01:21:31,244 - __main__ - INFO -      [industry] Diversified Consumer Services: raw=43.5% → posterior=42.7% (n=20, shrink=0.57)
2026-03-25 01:21:31,245 - __main__ - INFO -      [industry] Textiles Apparel and Luxury Goods: raw=38.2% → posterior=38.8% (n=48, shrink=0.83)
2026-03-25 01:21:31,245 - __main__ - INFO -      [industry] Automobile Components: raw=37.8% → posterior=38.2% (n=90, shrink=0.90)
2026-03-25 01:21:31,245 - __main__ - INFO -      [industry] Commercial Services and Supplies: raw=37.4% → posterior=35.9% (n=58, shrink=0.85)
2026-03-25 01:21:31,245 - __main__ - INFO -      [industry] Trading Companies and Distributors: raw=36.3% → posterior=34.7% (n=45, shrink=0.82)
2026-03-25 01:21:31,245 - __main__ - INFO -      [industry] Pharmaceuticals: raw=33.2% → posterior=34.5% (n=109, shrink=0.92)
2026-03-25 01:21:31,246 - __main__ - INFO -      [industry] Health Care Providers and Services: raw=31.5% → posterior=33.6% (n=70, shrink=0.88)
2026-03-25 01:21:31,246 - __main__ - INFO -      [industry] Passenger Airlines: raw=35.5% → posterior=33.3% (n=28, shrink=0.72)
2026-03-25 01:21:31,246 - __main__ - INFO -      [industry] Automobiles: raw=30.7% → posterior=32.5% (n=50, shrink=0.83)
2026-03-25 01:21:31,246 - __main__ - INFO -      [industry] Building Products: raw=33.5% → posterior=32.4% (n=45, shrink=0.82)
2026-03-25 01:21:31,247 - __main__ - INFO -      [industry] Construction Materials: raw=32.1% → posterior=31.2% (n=52, shrink=0.84)
2026-03-25 01:21:31,247 - __main__ - INFO -      [industry] Consumer Staples Distribution and Retail: raw=31.1% → posterior=30.8% (n=81, shrink=0.89)
2026-03-25 01:21:31,247 - __main__ - INFO -      [industry] Ground Transportation: raw=31.1% → posterior=30.4% (n=45, shrink=0.82)
2026-03-25 01:21:31,247 - __main__ - INFO -      [industry] Broadline Retail: raw=26.0% → posterior=29.9% (n=30, shrink=0.75)
2026-03-25 01:21:31,247 - __main__ - INFO -      [industry] Metals and Mining: raw=29.6% → posterior=29.4% (n=163, shrink=0.94)
2026-03-25 01:21:31,248 - __main__ - INFO -      [industry] Paper and Forest Products: raw=31.2% → posterior=29.0% (n=19, shrink=0.55)
2026-03-25 01:21:31,248 - __main__ - INFO -      [industry] Industrial Conglomerates: raw=28.2% → posterior=28.1% (n=47, shrink=0.82)
2026-03-25 01:21:31,248 - __main__ - INFO -      [industry] Personal Care Products: raw=26.9% → posterior=27.2% (n=31, shrink=0.76)
2026-03-25 01:21:31,248 - __main__ - INFO -      [industry] Containers and Packaging: raw=27.4% → posterior=26.9% (n=19, shrink=0.55)
2026-03-25 01:21:31,248 - __main__ - INFO -      [industry] Technology Hardware Storage and Peripherals: raw=25.9% → posterior=26.7% (n=47, shrink=0.82)
2026-03-25 01:21:31,249 - __main__ - INFO -      [industry] Machinery: raw=26.5% → posterior=26.5% (n=200, shrink=0.95)
2026-03-25 01:21:31,249 - __main__ - INFO -      [industry] Beverages: raw=26.2% → posterior=26.5% (n=63, shrink=0.86)
2026-03-25 01:21:31,249 - __main__ - INFO -      [industry] Tobacco: raw=11.8% → posterior=25.7% (n=7, shrink=0.14)
2026-03-25 01:21:31,249 - __main__ - INFO -      [industry] Communications Equipment: raw=23.4% → posterior=25.1% (n=32, shrink=0.76)
2026-03-25 01:21:31,250 - __main__ - INFO -      [industry] Household Products: raw=13.2% → posterior=23.7% (n=11, shrink=0.29)
2026-03-25 01:21:31,250 - __main__ - INFO -      [industry] Food Products: raw=23.0% → posterior=23.3% (n=159, shrink=0.94)
2026-03-25 01:21:31,250 - __main__ - INFO -      [industry] Electronic Equipment Instruments and Components: raw=22.7% → posterior=23.2% (n=160, shrink=0.94)
2026-03-25 01:21:31,250 - __main__ - INFO -      [industry] Air Freight and Logistics: raw=20.4% → posterior=22.2% (n=30, shrink=0.75)
2026-03-25 01:21:31,251 - __main__ - INFO -      [industry] Chemicals: raw=21.6% → posterior=21.8% (n=183, shrink=0.95)
2026-03-25 01:21:31,251 - __main__ - INFO -      [industry] Aerospace and Defense: raw=20.0% → posterior=21.1% (n=55, shrink=0.85)
2026-03-25 01:21:31,251 - __main__ - INFO -      [industry] Diversified Telecommunication Services: raw=18.9% → posterior=20.8% (n=65, shrink=0.87)
2026-03-25 01:21:31,252 - __main__ - INFO -      [industry] Construction and Engineering: raw=19.6% → posterior=20.3% (n=93, shrink=0.90)
2026-03-25 01:21:31,252 - __main__ - INFO -      [industry] Transportation Infrastructure: raw=18.4% → posterior=19.9% (n=48, shrink=0.83)
2026-03-25 01:21:31,252 - __main__ - INFO -      [industry] Electrical Equipment: raw=18.2% → posterior=18.8% (n=144, shrink=0.94)
2026-03-25 01:21:31,253 - __main__ - INFO -      [industry] Multi-Utilities: raw=24.4% → posterior=18.2% (n=16, shrink=0.46)
2026-03-25 01:21:31,253 - __main__ - INFO -      [industry] Wireless Telecommunication Services: raw=11.1% → posterior=15.8% (n=36, shrink=0.78)
2026-03-25 01:21:31,253 - __main__ - INFO -      [industry] Oil Gas and Consumable Fuels: raw=15.7% → posterior=15.7% (n=134, shrink=0.93)
2026-03-25 01:21:31,254 - __main__ - INFO -      [industry] Independent Power and Renewable Electricity Producers: raw=14.1% → posterior=13.9% (n=56, shrink=0.85)
2026-03-25 01:21:31,254 - __main__ - INFO -      [industry] Water Utilities: raw=13.5% → posterior=13.1% (n=13, shrink=0.36)
2026-03-25 01:21:31,254 - __main__ - INFO -      [industry] Energy Equipment and Services: raw=12.0% → posterior=13.0% (n=34, shrink=0.77)
2026-03-25 01:21:31,254 - __main__ - INFO -      [industry] Semiconductors and Semiconductor Equipment: raw=11.7% → posterior=12.9% (n=140, shrink=0.93)
2026-03-25 01:21:31,255 - __main__ - INFO -      [industry] Gas Utilities: raw=10.2% → posterior=11.1% (n=24, shrink=0.66)
2026-03-25 01:21:31,255 - __main__ - INFO -      [industry] Marine Transportation: raw=1.5% → posterior=9.4% (n=26, shrink=0.69)
2026-03-25 01:21:31,255 - __main__ - INFO -      [industry] Electric Utilities: raw=7.9% → posterior=8.6% (n=57, shrink=0.85)
2026-03-25 01:21:31,258 - __main__ - INFO -      [style_class] Core: raw=32.0% → posterior=32.0% (n=2364, shrink=1.00)
2026-03-25 01:21:31,258 - __main__ - INFO -      [style_class] Value: raw=31.2% → posterior=31.2% (n=1070, shrink=0.99)
2026-03-25 01:21:31,258 - __main__ - INFO -      [style_class] Growth: raw=23.9% → posterior=24.1% (n=323, shrink=0.97)
2026-03-25 01:21:31,259 - __main__ - INFO -      [size_class] Small Cap: raw=43.7% → posterior=43.7% (n=1799, shrink=0.99)
2026-03-25 01:21:31,260 - __main__ - INFO -      [size_class] Mid Cap: raw=20.1% → posterior=20.2% (n=1140, shrink=0.99)
2026-03-25 01:21:31,260 - __main__ - INFO -      [size_class] Large Cap: raw=18.6% → posterior=18.7% (n=818, shrink=0.99)
2026-03-25 01:21:31,261 - __main__ - INFO -      Water Utilities: MC mean=13.5%, consensus=77%, risk-adj=1.19
2026-03-25 01:21:31,261 - __main__ - INFO -      Diversified Consumer Services: MC mean=43.5%, consensus=75%, risk-adj=1.79
2026-03-25 01:21:31,261 - __main__ - INFO -      Construction Materials: MC mean=32.1%, consensus=75%, risk-adj=1.03
2026-03-25 01:21:31,261 - __main__ - INFO -      Passenger Airlines: MC mean=35.5%, consensus=75%, risk-adj=2.18
2026-03-25 01:21:31,261 - __main__ - INFO -      Biotechnology: MC mean=81.5%, consensus=74%, risk-adj=0.99
2026-03-25 01:21:31,262 - __main__ - INFO -      Automobiles: MC mean=30.7%, consensus=74%, risk-adj=2.08
2026-03-25 01:21:31,262 - __main__ - INFO -      Containers and Packaging: MC mean=27.4%, consensus=74%, risk-adj=1.24
2026-03-25 01:21:31,262 - __main__ - INFO -      Paper and Forest Products: MC mean=31.2%, consensus=74%, risk-adj=1.37
2026-03-25 01:21:31,263 - __main__ - INFO -      Specialty Retail: MC mean=44.1%, consensus=74%, risk-adj=0.77
2026-03-25 01:21:31,263 - __main__ - INFO -      Household Durables: MC mean=43.4%, consensus=73%, risk-adj=1.35
2026-03-25 01:21:31,263 - __main__ - INFO -      Tobacco: MC mean=11.8%, consensus=71%, risk-adj=0.93
2026-03-25 01:21:31,263 - __main__ - INFO -      Gas Utilities: MC mean=10.2%, consensus=71%, risk-adj=0.70
2026-03-25 01:21:31,264 - __main__ - INFO -      Metals and Mining: MC mean=29.6%, consensus=69%, risk-adj=0.61
2026-03-25 01:21:31,264 - __main__ - INFO -      Interactive Media and Services: MC mean=58.3%, consensus=69%, risk-adj=1.69
2026-03-25 01:21:31,264 - __main__ - INFO -      Media: MC mean=46.6%, consensus=69%, risk-adj=0.98
2026-03-25 01:21:31,265 - __main__ - INFO -      Building Products: MC mean=33.5%, consensus=69%, risk-adj=1.18
2026-03-25 01:21:31,265 - __main__ - INFO -      Multi-Utilities: MC mean=24.4%, consensus=69%, risk-adj=0.77
2026-03-25 01:21:31,265 - __main__ - INFO -      Machinery: MC mean=26.5%, consensus=67%, risk-adj=1.21
2026-03-25 01:21:31,265 - __main__ - INFO -      Air Freight and Logistics: MC mean=20.4%, consensus=67%, risk-adj=0.94
2026-03-25 01:21:31,266 - __main__ - INFO -      Chemicals: MC mean=21.6%, consensus=67%, risk-adj=0.60
2026-03-25 01:21:31,266 - __main__ - INFO -      Entertainment: MC mean=52.9%, consensus=66%, risk-adj=1.34
2026-03-25 01:21:31,266 - __main__ - INFO -      Consumer Staples Distribution and Retail: MC mean=31.1%, consensus=65%, risk-adj=0.99
2026-03-25 01:21:31,266 - __main__ - INFO -      Leisure Products: MC mean=58.9%, consensus=65%, risk-adj=0.53
2026-03-25 01:21:31,266 - __main__ - INFO -      Health Care Providers and Services: MC mean=31.5%, consensus=64%, risk-adj=1.16
2026-03-25 01:21:31,267 - __main__ - INFO -      Independent Power and Renewable Electricity Producers: MC mean=14.1%, consensus=64%, risk-adj=0.62
2026-03-25 01:21:31,267 - __main__ - INFO -      Life Sciences Tools and Services: MC mean=59.9%, consensus=64%, risk-adj=0.93
2026-03-25 01:21:31,267 - __main__ - INFO -      Industrial Conglomerates: MC mean=28.2%, consensus=64%, risk-adj=1.35
2026-03-25 01:21:31,267 - __main__ - INFO -      Commercial Services and Supplies: MC mean=37.4%, consensus=64%, risk-adj=0.72
2026-03-25 01:21:31,268 - __main__ - INFO -      Household Products: MC mean=13.2%, consensus=64%, risk-adj=0.50
2026-03-25 01:21:31,268 - __main__ - INFO -      Broadline Retail: MC mean=26.0%, consensus=63%, risk-adj=1.00
2026-03-25 01:21:31,268 - __main__ - INFO -      Electric Utilities: MC mean=7.9%, consensus=63%, risk-adj=0.47
2026-03-25 01:21:31,268 - __main__ - INFO -      Automobile Components: MC mean=37.8%, consensus=62%, risk-adj=0.82
2026-03-25 01:21:31,269 - __main__ - INFO -      Software: MC mean=63.6%, consensus=60%, risk-adj=1.17
2026-03-25 01:21:31,269 - __main__ - INFO -      Diversified Telecommunication Services: MC mean=18.9%, consensus=60%, risk-adj=0.58
2026-03-25 01:21:31,269 - __main__ - INFO -      Hotels Restaurants and Leisure: MC mean=46.9%, consensus=60%, risk-adj=1.06
2026-03-25 01:21:31,269 - __main__ - INFO -      Health Care Equipment and Supplies: MC mean=50.0%, consensus=59%, risk-adj=1.05
2026-03-25 01:21:31,269 - __main__ - INFO -      Food Products: MC mean=23.0%, consensus=59%, risk-adj=0.92
2026-03-25 01:21:31,270 - __main__ - INFO -      Construction and Engineering: MC mean=19.6%, consensus=58%, risk-adj=0.95
2026-03-25 01:21:31,270 - __main__ - INFO -      Personal Care Products: MC mean=26.9%, consensus=58%, risk-adj=1.14
2026-03-25 01:21:31,270 - __main__ - INFO -      Pharmaceuticals: MC mean=33.2%, consensus=58%, risk-adj=0.79
2026-03-25 01:21:31,271 - __main__ - INFO -      Ground Transportation: MC mean=31.1%, consensus=58%, risk-adj=0.83
2026-03-25 01:21:31,271 - __main__ - INFO -      Energy Equipment and Services: MC mean=12.0%, consensus=56%, risk-adj=0.60
2026-03-25 01:21:31,271 - __main__ - INFO -      Wireless Telecommunication Services: MC mean=11.1%, consensus=56%, risk-adj=0.77
2026-03-25 01:21:31,271 - __main__ - INFO -      Health Care Technology: MC mean=53.7%, consensus=56%, risk-adj=0.88
2026-03-25 01:21:31,271 - __main__ - INFO -      Professional Services: MC mean=75.2%, consensus=55%, risk-adj=1.02
2026-03-25 01:21:31,272 - __main__ - INFO -      Transportation Infrastructure: MC mean=18.4%, consensus=54%, risk-adj=0.88
2026-03-25 01:21:31,272 - __main__ - INFO -      Textiles Apparel and Luxury Goods: MC mean=38.2%, consensus=54%, risk-adj=1.01
2026-03-25 01:21:31,272 - __main__ - INFO -      Trading Companies and Distributors: MC mean=36.3%, consensus=53%, risk-adj=0.94
2026-03-25 01:21:31,273 - __main__ - INFO -      Technology Hardware Storage and Peripherals: MC mean=25.9%, consensus=53%, risk-adj=1.26
2026-03-25 01:21:31,273 - __main__ - INFO -      Aerospace and Defense: MC mean=20.0%, consensus=51%, risk-adj=0.88
2026-03-25 01:21:31,273 - __main__ - INFO -      IT Services: MC mean=44.4%, consensus=50%, risk-adj=1.17
2026-03-25 01:21:31,274 - __main__ - INFO -      Electronic Equipment Instruments and Components: MC mean=22.7%, consensus=48%, risk-adj=0.77
2026-03-25 01:21:31,274 - __main__ - INFO -      Oil Gas and Consumable Fuels: MC mean=15.7%, consensus=48%, risk-adj=0.33
2026-03-25 01:21:31,274 - __main__ - INFO -      Marine Transportation: MC mean=1.5%, consensus=46%, risk-adj=0.09
2026-03-25 01:21:31,274 - __main__ - INFO -      Beverages: MC mean=26.2%, consensus=46%, risk-adj=1.03
2026-03-25 01:21:31,274 - __main__ - INFO -      Semiconductors and Semiconductor Equipment: MC mean=11.7%, consensus=41%, risk-adj=0.39
2026-03-25 01:21:31,274 - __main__ - INFO -      Electrical Equipment: MC mean=18.2%, consensus=38%, risk-adj=0.54
2026-03-25 01:21:31,274 - __main__ - INFO -      Distributors: MC mean=57.7%, consensus=38%, risk-adj=1.35
2026-03-25 01:21:31,275 - __main__ - INFO -      Communications Equipment: MC mean=23.4%, consensus=38%, risk-adj=0.58
2026-03-25 01:21:31,275 - __main__ - INFO -   ⏱ Step 7 completed in 1.2s
2026-03-25 01:21:31,275 - __main__ - INFO - 
2026-03-25 01:21:31,275 - __main__ - INFO - 🔀 Step 7a: Parallel MCMC return analysis...
2026-03-25 01:21:31,275 - __main__ - INFO - --------------------------------------------------------------------------------
2026-03-25 01:21:38,346 - __main__ - INFO - Parallel MCMC: R̂=1.0000, converged=True, posterior mean=30.93
2026-03-25 01:21:38,347 - __main__ - INFO -   R̂=1.0000, converged=True, posterior mean=30.93
2026-03-25 01:21:39,760 - __main__ - INFO -    ✓ er_mcse_convergence.html
2026-03-25 01:21:39,760 - __main__ - INFO -   ⏱ Step 7a completed in 8.5s
2026-03-25 01:21:39,761 - __main__ - INFO - 
2026-03-25 01:21:39,761 - __main__ - INFO - 🧮 Step 7b: Per-category Bayesian probability analytics...
2026-03-25 01:21:39,762 - __main__ - INFO - --------------------------------------------------------------------------------
2026-03-25 01:21:39,849 - root - INFO - Loaded view category mapping from DB: 17 views, 689 total features
2026-03-25 01:21:39,850 - __main__ - INFO -   Feature categories from 17 views → 17 categories, 689 total features
2026-03-25 01:31:01,179 - __main__ - INFO - Category Analyst Sentiment: 26 features analyzed (parallel)
2026-03-25 01:31:01,179 - __main__ - INFO - Category Balance Sheet: 58 features analyzed (parallel)
2026-03-25 01:31:01,179 - __main__ - INFO - Category Cash Flow: 81 features analyzed (parallel)
2026-03-25 01:31:01,180 - __main__ - INFO - Category Composite Scores: 30 features analyzed (parallel)
2026-03-25 01:31:01,180 - __main__ - INFO - Category Cost Structure: 43 features analyzed (parallel)
2026-03-25 01:31:01,180 - __main__ - INFO - Category Dividend Features: 26 features analyzed (parallel)
2026-03-25 01:31:01,180 - __main__ - INFO - Category Earnings Quality: 68 features analyzed (parallel)
2026-03-25 01:31:01,180 - __main__ - INFO - Category Employment Metrics: 17 features analyzed (parallel)
2026-03-25 01:31:01,180 - __main__ - INFO - Category Growth Metrics: 62 features analyzed (parallel)
2026-03-25 01:31:01,181 - __main__ - INFO - Category Leverage & Liquidity: 71 features analyzed (parallel)
2026-03-25 01:31:01,181 - __main__ - INFO - Category Momentum: 21 features analyzed (parallel)
2026-03-25 01:31:01,181 - __main__ - INFO - Category Profitability: 68 features analyzed (parallel)
2026-03-25 01:31:01,181 - __main__ - INFO - Category Quality & Risk: 44 features analyzed (parallel)
2026-03-25 01:31:01,181 - __main__ - INFO - Category Technical Analysis: 11 features analyzed (parallel)
2026-03-25 01:31:01,181 - __main__ - INFO - Category Temporal Features: 16 features analyzed (parallel)
2026-03-25 01:31:01,181 - __main__ - INFO - Category Unusual Items: 9 features analyzed (parallel)
2026-03-25 01:31:01,181 - __main__ - INFO - Category Valuation Ratios: 38 features analyzed (parallel)
2026-03-25 01:31:03,855 - __main__ - INFO - Category analytics cached → d6b46a41c9b171106237740f00b00c28.pkl
2026-03-25 01:31:03,855 - __main__ - INFO -   ✓ Analyzed 17 categories
2026-03-25 01:31:03,855 - __main__ - INFO -     Analyst Sentiment: 26 features — 26 posteriors
2026-03-25 01:31:03,856 - __main__ - INFO -     Balance Sheet: 58 features — 58 posteriors
2026-03-25 01:31:03,856 - __main__ - INFO -     Cash Flow: 81 features — 81 posteriors
2026-03-25 01:31:03,856 - __main__ - INFO -     Composite Scores: 30 features — 30 posteriors
2026-03-25 01:31:03,856 - __main__ - INFO -     Cost Structure: 43 features — 43 posteriors
2026-03-25 01:31:03,857 - __main__ - INFO -     Dividend Features: 26 features — 26 posteriors
2026-03-25 01:31:03,857 - __main__ - INFO -     Earnings Quality: 68 features — 68 posteriors
2026-03-25 01:31:03,857 - __main__ - INFO -     Employment Metrics: 17 features — 17 posteriors
2026-03-25 01:31:03,858 - __main__ - INFO -     Growth Metrics: 62 features — 62 posteriors
2026-03-25 01:31:03,858 - __main__ - INFO -     Leverage & Liquidity: 71 features — 71 posteriors
2026-03-25 01:31:03,858 - __main__ - INFO -     Momentum: 21 features — 21 posteriors
2026-03-25 01:31:03,858 - __main__ - INFO -     Profitability: 68 features — 68 posteriors
2026-03-25 01:31:03,859 - __main__ - INFO -     Quality & Risk: 44 features — 44 posteriors
2026-03-25 01:31:03,859 - __main__ - INFO -     Technical Analysis: 11 features — 11 posteriors
2026-03-25 01:31:03,859 - __main__ - INFO -     Temporal Features: 16 features — 16 posteriors
2026-03-25 01:31:03,860 - __main__ - INFO -     Unusual Items: 9 features — 9 posteriors
2026-03-25 01:31:03,860 - __main__ - INFO -     Valuation Ratios: 38 features — 38 posteriors
2026-03-25 01:31:03,860 - __main__ - INFO -   ⏱ Step 7b completed in 564.1s
2026-03-25 01:31:03,860 - __main__ - INFO - 
2026-03-25 01:31:03,861 - __main__ - INFO - 🧪 Step 8: Building InferenceData (ArviZ)...
2026-03-25 01:31:03,861 - __main__ - INFO - --------------------------------------------------------------------------------
2026-03-25 01:31:04,973 - __main__ - INFO -    ✓ MC InferenceData: 25000 draws, 3757 equities
2026-03-25 01:31:13,406 - finance_ml.analytics.inference_schema - INFO - Built InferenceData: 8 chains × 4000 draws × 4548 equities
2026-03-25 01:31:46,950 - __main__ - INFO -    ✓ Beat InferenceData: 8 chains × 4000 draws
2026-03-25 01:32:24,908 - __main__ - INFO -    ✓ Credit Risk InferenceData: 4548 equities
2026-03-25 01:32:24,909 - __main__ - INFO -    ✓ EquityCoordinates: 4548 tickers, 4548 sectors
2026-03-25 01:32:24,910 - __main__ - INFO -    Building per-view feature InferenceData...
2026-03-25 01:32:25,205 - __main__ - INFO - 
2026-03-25 01:32:25,206 - __main__ - INFO -   ⏱ Step 8 completed in 81.3s
2026-03-25 01:32:25,330 - __main__ - INFO -   ✓ Enriched df (mv_equities) with 8 viz-critical columns
2026-03-25 01:32:25,335 - __main__ - INFO -   ✓ Enriched beat with 1 viz-critical columns
2026-03-25 01:32:25,340 - __main__ - INFO -   ⚠️ Viz column coverage gaps after enrichment: {'create_distress_early_warning_dashboard': ['distress_probability', 'survival_probability', 'ruin_probability']}
2026-03-25 01:32:25,341 - __main__ - INFO - 
2026-03-25 01:32:25,341 - __main__ - INFO - 📈 Step 9: Generating visualizations...
2026-03-25 01:32:25,341 - __main__ - INFO - --------------------------------------------------------------------------------
2026-03-25 01:32:25,607 - __main__ - INFO -    ✓ er_mc_distribution.html
2026-03-25 01:32:25,824 - __main__ - INFO -    ✓ er_sector_risk_reward.html
2026-03-25 01:32:25,873 - __main__ - INFO -    ✓ er_var_analysis.html
2026-03-25 01:32:25,909 - __main__ - INFO -    ✓ er_posterior_return_forest.html
2026-03-25 01:32:26,042 - __main__ - INFO -    ✓ er_kalman_vs_raw.html
2026-03-25 01:32:26,081 - __main__ - INFO -    ✓ er_tri_model_agreement.html
2026-03-25 01:32:26,135 - __main__ - INFO -    ✓ er_sector_heatmap.html
2026-03-25 01:32:26,160 - __main__ - INFO -    ✓ er_strong_consensus.html
2026-03-25 01:32:26,435 - __main__ - INFO -    ✓ er_tri_model_posterior.html
2026-03-25 01:32:26,518 - __main__ - INFO -    ✓ er_beat_vs_achievement.html
2026-03-25 01:32:26,585 - __main__ - INFO -    ✓ er_beat_probability_posterior.html
2026-03-25 01:32:26,640 - __main__ - INFO -    ✓ er_earnings_probability_dashboard.html
2026-03-25 01:32:26,705 - __main__ - INFO -    ✓ er_revision_momentum.html
2026-03-25 01:32:26,775 - __main__ - INFO -    ✓ er_gaap_divergence.html
2026-03-25 01:32:26,825 - __main__ - INFO -    ✓ er_enhanced_beat_probability.html
2026-03-25 01:32:26,953 - __main__ - INFO -    ✓ er_quality_risk_quadrant.html
2026-03-25 01:32:27,106 - __main__ - INFO -    ✓ er_distress_early_warning.html
2026-03-25 01:32:27,137 - __main__ - INFO -    ✓ er_piotroski_fscore.html
2026-03-25 01:32:27,255 - __main__ - INFO -    ✓ er_altman_zscore.html
2026-03-25 01:32:27,290 - __main__ - INFO -    ✓ er_beneish_mscore.html
2026-03-25 01:32:27,448 - __main__ - INFO -    ✓ er_accounting_anomaly_dashboard.html
2026-03-25 01:32:27,544 - __main__ - INFO -    ✓ er_anomaly_severity_dashboard.html
2026-03-25 01:32:27,600 - __main__ - INFO -    ✓ er_anomaly_conditional_probability.html
2026-03-25 01:32:27,649 - __main__ - INFO -    ✓ er_mcmc_anomaly_posterior.html
2026-03-25 01:32:27,781 - __main__ - INFO -    ✓ er_mcmc_credit_risk_posterior.html
2026-03-25 01:32:27,814 - __main__ - INFO -    ✓ er_mcmc_dividend_cut_posterior.html
2026-03-25 01:32:27,853 - __main__ - INFO -    ✓ er_mcmc_price_target_posterior.html
2026-03-25 01:32:27,904 - __main__ - INFO -    ✓ er_ruin_probability_diagnostic.html
2026-03-25 01:32:28,179 - __main__ - INFO -    ✓ er_expected_returns_summary_posterior.html
2026-03-25 01:32:28,229 - __main__ - INFO -    ✓ er_model_dispersion_dashboard.html
2026-03-25 01:32:28,483 - __main__ - INFO -    ✓ er_return_distribution_fit.html
2026-03-25 01:32:28,563 - __main__ - INFO -    ✓ er_sector_return_analytics.html
2026-03-25 01:32:28,587 - __main__ - INFO -    ✓ er_screening_summary.html
2026-03-25 01:32:28,612 - __main__ - INFO -    ✓ er_price_target_drift.html
2026-03-25 01:32:28,640 - __main__ - INFO -    ✓ er_valuation_multiples.html
2026-03-25 01:32:29,047 - __main__ - INFO -    ✓ er_valuation_distribution.html
2026-03-25 01:32:29,331 - __main__ - INFO -    ✓ er_relative_valuation_matrix.html
2026-03-25 01:32:29,454 - __main__ - INFO -    ✓ er_valuation_vs_growth.html
2026-03-25 01:32:29,565 - __main__ - INFO -    ✓ er_historical_valuation_percentile.html
2026-03-25 01:32:29,659 - __main__ - INFO -    ✓ er_earnings_surprise.html
2026-03-25 01:32:29,700 - __main__ - INFO -    ✓ er_eps_trajectory.html
2026-03-25 01:32:29,725 - __main__ - INFO -    ✓ er_earnings_quality_decomposition.html
2026-03-25 01:32:29,813 - __main__ - INFO -    ✓ er_beat_rate_heatmap.html
2026-03-25 01:32:29,911 - __main__ - INFO -    ✓ er_earnings_consistency_matrix.html
2026-03-25 01:32:29,954 - __main__ - INFO -    ✓ er_growth_waterfall.html
2026-03-25 01:32:30,044 - __main__ - INFO -    ✓ er_growth_consistency_matrix.html
2026-03-25 01:32:30,191 - __main__ - INFO -    ✓ er_growth_vs_profitability.html
2026-03-25 01:32:30,237 - __main__ - INFO -    ✓ er_growth_acceleration.html
2026-03-25 01:32:30,357 - __main__ - INFO -    ✓ er_sustainable_growth.html
2026-03-25 01:32:30,610 - __main__ - INFO -    ✓ er_bayesian_sentiment_ridge.html
2026-03-25 01:32:30,637 - __main__ - INFO -    ✓ er_mcmc_category_sentiment_posterior.html
2026-03-25 01:32:30,727 - __main__ - INFO -    ✓ er_bayesian_profitability_ridge.html
2026-03-25 01:32:30,728 - __main__ - INFO -    📊 Generating ArviZ diagnostic visualizations...
2026-03-25 01:32:31,324 - finance_ml.analytics.visualizations.arviz_diagnostics - INFO - Resampled posterior R̂: <xarray.Dataset> Size: 16B
Dimensions:                ()
Data variables:
    posterior_return       float64 8B 1.004
    posterior_uncertainty  float64 8B 1.006
2026-03-25 01:32:31,331 - __main__ - INFO -    ✓ er_resampled_trace.png
2026-03-25 01:32:31,331 - __main__ - INFO -    ✓ er_resampled_posterior_hdi.png
2026-03-25 01:32:33,361 - __main__ - INFO -    ✓ er_model_alignment_forest.png
2026-03-25 01:32:33,362 - __main__ - INFO -    ✓ er_model_alignment_pair.png
2026-03-25 01:32:44,721 - __main__ - INFO -    ✓ er_agreement_by_sector.png
2026-03-25 01:32:44,980 - __main__ - INFO -    ✓ er_hierarchical_shrinkage.png
2026-03-25 01:34:40,852 - __main__ - INFO -    ✓ er_category_analyst_sentiment_ridge.png
2026-03-25 01:34:40,852 - __main__ - INFO -    ✓ er_category_analyst_sentiment_forest.png
2026-03-25 01:34:40,853 - __main__ - INFO -    ✓ er_category_balance_sheet_ridge.png
2026-03-25 01:34:40,853 - __main__ - INFO -    ✓ er_category_balance_sheet_forest.png
2026-03-25 01:34:40,854 - __main__ - INFO -    ✓ er_category_cash_flow_ridge.png
2026-03-25 01:34:40,854 - __main__ - INFO -    ✓ er_category_cash_flow_forest.png
2026-03-25 01:34:40,854 - __main__ - INFO -    ✓ er_category_composite_scores_ridge.png
2026-03-25 01:34:40,855 - __main__ - INFO -    ✓ er_category_composite_scores_forest.png
2026-03-25 01:34:40,855 - __main__ - INFO -    ✓ er_category_cost_structure_ridge.png
2026-03-25 01:34:40,855 - __main__ - INFO -    ✓ er_category_cost_structure_forest.png
2026-03-25 01:34:40,855 - __main__ - INFO -    ✓ er_category_dividend_features_ridge.png
2026-03-25 01:34:40,856 - __main__ - INFO -    ✓ er_category_dividend_features_forest.png
2026-03-25 01:34:40,856 - __main__ - INFO -    ✓ er_category_earnings_quality_ridge.png
2026-03-25 01:34:40,856 - __main__ - INFO -    ✓ er_category_earnings_quality_forest.png
2026-03-25 01:34:40,856 - __main__ - INFO -    ✓ er_category_employment_metrics_ridge.png
2026-03-25 01:34:40,857 - __main__ - INFO -    ✓ er_category_employment_metrics_forest.png
2026-03-25 01:34:40,857 - __main__ - INFO -    ✓ er_category_growth_metrics_ridge.png
2026-03-25 01:34:40,857 - __main__ - INFO -    ✓ er_category_growth_metrics_forest.png
2026-03-25 01:34:40,857 - __main__ - INFO -    ✓ er_category_leverage_and_liquidity_ridge.png
2026-03-25 01:34:40,858 - __main__ - INFO -    ✓ er_category_leverage_and_liquidity_forest.png
2026-03-25 01:34:40,858 - __main__ - INFO -    ✓ er_category_momentum_ridge.png
2026-03-25 01:34:40,858 - __main__ - INFO -    ✓ er_category_momentum_forest.png
2026-03-25 01:34:40,858 - __main__ - INFO -    ✓ er_category_profitability_ridge.png
2026-03-25 01:34:40,859 - __main__ - INFO -    ✓ er_category_profitability_forest.png
2026-03-25 01:34:40,859 - __main__ - INFO -    ✓ er_category_quality_and_risk_ridge.png
2026-03-25 01:34:40,859 - __main__ - INFO -    ✓ er_category_quality_and_risk_forest.png
2026-03-25 01:34:40,859 - __main__ - INFO -    ✓ er_category_technical_analysis_ridge.png
2026-03-25 01:34:40,859 - __main__ - INFO -    ✓ er_category_technical_analysis_forest.png
2026-03-25 01:34:40,860 - __main__ - INFO -    ✓ er_category_temporal_features_forest.png
2026-03-25 01:34:40,860 - __main__ - INFO -    ✓ er_category_unusual_items_ridge.png
2026-03-25 01:34:40,860 - __main__ - INFO -    ✓ er_category_unusual_items_forest.png
2026-03-25 01:34:40,860 - __main__ - INFO -    ✓ er_category_valuation_ratios_ridge.png
2026-03-25 01:34:40,860 - __main__ - INFO -    ✓ er_category_valuation_ratios_forest.png
2026-03-25 01:34:40,893 - __main__ - INFO -   ⏱ Step 9 completed in 135.6s
2026-03-25 01:34:40,894 - __main__ - INFO - 
2026-03-25 01:34:40,894 - __main__ - INFO - 💾 Step 10: Exporting results...
2026-03-25 01:34:40,894 - __main__ - INFO - --------------------------------------------------------------------------------
2026-03-25 01:34:40,978 - root - INFO - Exporting 3757 rows to analytics.monte_carlo_simulation
2026-03-25 01:34:40,989 - root - INFO - Exporting 4546 rows to analytics.kalman_filtered_price_targets
2026-03-25 01:34:41,013 - root - INFO - Exporting 3757 rows to analytics.expected_returns_tri_model
2026-03-25 01:34:41,085 - root - INFO - Exporting 4548 rows to analytics.price_target_achievement
2026-03-25 01:34:41,407 - root - INFO - Export complete: analytics.monte_carlo_simulation
2026-03-25 01:34:41,440 - __main__ - INFO - Exported 3757 rows → analytics.monte_carlo_simulation
2026-03-25 01:34:41,543 - root - INFO - Export complete: analytics.kalman_filtered_price_targets
2026-03-25 01:34:41,546 - __main__ - INFO - Exported 4546 rows → analytics.kalman_filtered_price_targets
2026-03-25 01:34:41,549 - root - INFO - Exporting 50 rows to analytics.strong_consensus_picks
2026-03-25 01:34:42,035 - root - INFO - Export complete: analytics.expected_returns_tri_model
2026-03-25 01:34:42,052 - __main__ - INFO - Exported 3757 rows → analytics.expected_returns_tri_model
2026-03-25 01:34:42,325 - root - INFO - Export complete: analytics.strong_consensus_picks
2026-03-25 01:34:42,330 - __main__ - INFO - Exported 50 rows → analytics.strong_consensus_picks
2026-03-25 01:34:42,471 - root - INFO - Exporting 4548 rows to analytics.earnings_probability_analysis
2026-03-25 01:34:42,484 - root - INFO - Export complete: analytics.price_target_achievement
2026-03-25 01:34:42,485 - __main__ - INFO - Exported 4548 rows → analytics.price_target_achievement
2026-03-25 01:34:42,834 - root - INFO - Exporting 4548 rows to analytics.dividend_safety_analysis
2026-03-25 01:34:42,848 - root - INFO - Exporting 3757 rows to analytics.expected_returns_summary
2026-03-25 01:34:44,041 - root - INFO - Export complete: analytics.dividend_safety_analysis
2026-03-25 01:34:44,152 - __main__ - INFO - Exported 4548 rows → analytics.dividend_safety_analysis
2026-03-25 01:34:44,818 - root - INFO - Export complete: analytics.earnings_probability_analysis
2026-03-25 01:34:44,819 - __main__ - INFO - Exported 4548 rows → analytics.earnings_probability_analysis
2026-03-25 01:34:45,484 - root - INFO - Exporting 4548 rows to analytics.credit_risk_analysis
2026-03-25 01:34:46,147 - root - INFO - Exporting 789 rows to analytics.quality_stocks
2026-03-25 01:34:48,217 - root - INFO - Export complete: analytics.expected_returns_summary
2026-03-25 01:34:48,218 - __main__ - INFO - Exported 3757 rows → analytics.expected_returns_summary
2026-03-25 01:34:48,267 - root - INFO - Exporting 340 rows to analytics.earnings_quality_stocks
2026-03-25 01:34:50,035 - root - INFO - Export complete: analytics.quality_stocks
2026-03-25 01:34:50,100 - __main__ - INFO - Exported 789 rows → analytics.quality_stocks
2026-03-25 01:34:50,101 - root - INFO - Export complete: analytics.earnings_quality_stocks
2026-03-25 01:34:50,150 - __main__ - INFO - Exported 340 rows → analytics.earnings_quality_stocks
2026-03-25 01:34:51,586 - root - INFO - Exporting 4548 rows to analytics.accounting_anomaly_analysis
2026-03-25 01:34:51,781 - root - INFO - Exporting 816 rows to analytics.value_stocks
2026-03-25 01:34:55,128 - root - INFO - Export complete: analytics.value_stocks
2026-03-25 01:34:55,181 - __main__ - INFO - Exported 816 rows → analytics.value_stocks
2026-03-25 01:35:07,057 - root - INFO - Export complete: analytics.credit_risk_analysis
2026-03-25 01:35:07,058 - __main__ - INFO - Exported 4548 rows → analytics.credit_risk_analysis
2026-03-25 01:35:07,072 - root - INFO - Exporting 11 rows to analytics.dividend_quality_stocks
2026-03-25 01:35:07,331 - root - INFO - Exporting 667 rows to analytics.garp_stocks
2026-03-25 01:35:07,331 - root - INFO - Export complete: analytics.dividend_quality_stocks
2026-03-25 01:35:07,332 - __main__ - INFO - Exported 11 rows → analytics.dividend_quality_stocks
2026-03-25 01:35:07,340 - root - INFO - Exporting 1988 rows to analytics.growth_momentum_stocks
2026-03-25 01:35:11,470 - root - INFO - Export complete: analytics.garp_stocks
2026-03-25 01:35:11,549 - __main__ - INFO - Exported 667 rows → analytics.garp_stocks
2026-03-25 01:35:12,860 - root - INFO - Export complete: analytics.accounting_anomaly_analysis
2026-03-25 01:35:12,908 - root - INFO - Exporting 357 rows to analytics.valuation_reversion_stocks
2026-03-25 01:35:12,908 - __main__ - INFO - Exported 4548 rows → analytics.accounting_anomaly_analysis
2026-03-25 01:35:14,317 - root - INFO - Export complete: analytics.valuation_reversion_stocks
2026-03-25 01:35:14,318 - __main__ - INFO - Exported 357 rows → analytics.valuation_reversion_stocks
2026-03-25 01:35:14,397 - root - INFO - Exporting 36 rows to analytics.high_yield_safe_dividend_stocks
2026-03-25 01:35:14,400 - root - INFO - Exporting 1242 rows to analytics.healthy_stocks
2026-03-25 01:35:14,733 - root - INFO - Export complete: analytics.high_yield_safe_dividend_stocks
2026-03-25 01:35:14,734 - __main__ - INFO - Exported 36 rows → analytics.high_yield_safe_dividend_stocks
2026-03-25 01:35:15,967 - root - INFO - Exporting 956 rows to analytics.integrity_filtered_growth_stocks
2026-03-25 01:35:16,104 - root - INFO - Export complete: analytics.growth_momentum_stocks
2026-03-25 01:35:16,105 - __main__ - INFO - Exported 1988 rows → analytics.growth_momentum_stocks
2026-03-25 01:35:18,904 - root - INFO - Export complete: analytics.healthy_stocks
2026-03-25 01:35:18,959 - __main__ - INFO - Exported 1242 rows → analytics.healthy_stocks
2026-03-25 01:35:19,066 - root - INFO - Exporting 629 rows to analytics.screen_fcf_compounders
2026-03-25 01:35:19,718 - root - INFO - Export complete: analytics.integrity_filtered_growth_stocks
2026-03-25 01:35:19,718 - __main__ - INFO - Exported 956 rows → analytics.integrity_filtered_growth_stocks
2026-03-25 01:35:19,984 - root - INFO - Exporting 1524 rows to analytics.screen_low_vol_quality
2026-03-25 01:35:21,685 - root - INFO - Export complete: analytics.screen_fcf_compounders
2026-03-25 01:35:21,686 - __main__ - INFO - Exported 629 rows → analytics.screen_fcf_compounders
2026-03-25 01:35:21,707 - root - INFO - Exporting 4548 rows to analytics.sector_relative_ranking
2026-03-25 01:35:25,143 - root - INFO - Export complete: analytics.screen_low_vol_quality
2026-03-25 01:35:25,143 - __main__ - INFO - Exported 1524 rows → analytics.screen_low_vol_quality
2026-03-25 01:35:25,186 - root - INFO - Exporting 4548 rows to analytics.screen_total_return_leaders
2026-03-25 01:35:37,034 - root - INFO - Export complete: analytics.sector_relative_ranking
2026-03-25 01:35:37,034 - __main__ - INFO - Exported 4548 rows → analytics.sector_relative_ranking
2026-03-25 01:35:39,167 - root - INFO - Export complete: analytics.screen_total_return_leaders
2026-03-25 01:35:39,167 - __main__ - INFO - Exported 4548 rows → analytics.screen_total_return_leaders
2026-03-25 01:35:39,169 - __main__ - INFO -    ✓ monte_carlo_simulation → analytics.monte_carlo_simulation
2026-03-25 01:35:39,169 - __main__ - INFO -    ✓ kalman_filtered_price_targets → analytics.kalman_filtered_price_targets
2026-03-25 01:35:39,170 - __main__ - INFO -    ✓ expected_returns_tri_model → analytics.expected_returns_tri_model
2026-03-25 01:35:39,170 - __main__ - INFO -    ✓ strong_consensus_picks → analytics.strong_consensus_picks
2026-03-25 01:35:39,170 - __main__ - INFO -    ✓ price_target_achievement → analytics.price_target_achievement
2026-03-25 01:35:39,170 - __main__ - INFO -    ✓ dividend_safety_analysis → analytics.dividend_safety_analysis
2026-03-25 01:35:39,171 - __main__ - INFO -    ✓ earnings_probability_analysis → analytics.earnings_probability_analysis
2026-03-25 01:35:39,171 - __main__ - INFO -    ✓ expected_returns_summary → analytics.expected_returns_summary
2026-03-25 01:35:39,171 - __main__ - INFO -    ✓ quality_stocks → analytics.quality_stocks
2026-03-25 01:35:39,171 - __main__ - INFO -    ✓ earnings_quality_stocks → analytics.earnings_quality_stocks
2026-03-25 01:35:39,171 - __main__ - INFO -    ✓ value_stocks → analytics.value_stocks
2026-03-25 01:35:39,171 - __main__ - INFO -    ✓ credit_risk_analysis → analytics.credit_risk_analysis
2026-03-25 01:35:39,172 - __main__ - INFO -    ✓ dividend_quality_stocks → analytics.dividend_quality_stocks
2026-03-25 01:35:39,172 - __main__ - INFO -    ✓ garp_stocks → analytics.garp_stocks
2026-03-25 01:35:39,172 - __main__ - INFO -    ✓ accounting_anomaly_analysis → analytics.accounting_anomaly_analysis
2026-03-25 01:35:39,172 - __main__ - INFO -    ✓ valuation_reversion_stocks → analytics.valuation_reversion_stocks
2026-03-25 01:35:39,172 - __main__ - INFO -    ✓ high_yield_safe_dividend_stocks → analytics.high_yield_safe_dividend_stocks
2026-03-25 01:35:39,172 - __main__ - INFO -    ✓ growth_momentum_stocks → analytics.growth_momentum_stocks
2026-03-25 01:35:39,172 - __main__ - INFO -    ✓ healthy_stocks → analytics.healthy_stocks
2026-03-25 01:35:39,172 - __main__ - INFO -    ✓ integrity_filtered_growth_stocks → analytics.integrity_filtered_growth_stocks
2026-03-25 01:35:39,173 - __main__ - INFO -    ✓ screen_fcf_compounders → analytics.screen_fcf_compounders
2026-03-25 01:35:39,173 - __main__ - INFO -    ✓ screen_low_vol_quality → analytics.screen_low_vol_quality
2026-03-25 01:35:39,173 - __main__ - INFO -    ✓ sector_relative_ranking → analytics.sector_relative_ranking
2026-03-25 01:35:39,173 - __main__ - INFO -    ✓ screen_total_return_leaders → analytics.screen_total_return_leaders
2026-03-25 01:35:39,974 - root - INFO - Exporting 4548 rows to analytics.earnings_probability_analysis
2026-03-25 01:35:41,359 - root - INFO - Export complete: analytics.earnings_probability_analysis
2026-03-25 01:35:41,557 - root - INFO - Exported 4548 rows to outputs\analytics\earnings_probability_analysis.csv
2026-03-25 01:35:41,635 - root - INFO - Exported 4548 rows to outputs\analytics\earnings_probability_analysis.json
2026-03-25 01:35:41,637 - root - INFO - Exporting 4548 rows to analytics.eps_streak_analysis
2026-03-25 01:35:42,390 - root - INFO - Export complete: analytics.eps_streak_analysis
2026-03-25 01:35:42,496 - root - INFO - Exported 4548 rows to outputs\analytics\eps_streak_analysis.csv
2026-03-25 01:35:42,546 - root - INFO - Exported 4548 rows to outputs\analytics\eps_streak_analysis.json
2026-03-25 01:35:42,548 - root - INFO - Exporting 8 rows to analytics.probability_analytics_summary
2026-03-25 01:35:42,615 - root - INFO - Export complete: analytics.probability_analytics_summary
2026-03-25 01:35:42,616 - root - INFO - Exported 8 rows to outputs\analytics\probability_analytics_summary.csv
2026-03-25 01:35:42,617 - root - INFO - Exported 8 rows to outputs\analytics\probability_analytics_summary.json
2026-03-25 01:35:42,617 - finance_ml.analytics.probability_analytics - INFO - Exported probability analytics results to database and outputs\analytics
2026-03-25 01:35:42,617 - __main__ - INFO -    ✓ earnings_probability_analysis_db → analytics.earnings_probability_analysis
2026-03-25 01:35:42,617 - __main__ - INFO -    ✓ earnings_probability_analysis_csv → outputs\analytics\earnings_probability_analysis.csv
2026-03-25 01:35:42,618 - __main__ - INFO -    ✓ eps_streak_analysis_db → analytics.eps_streak_analysis
2026-03-25 01:35:42,618 - __main__ - INFO -    ✓ eps_streak_analysis_csv → outputs\analytics\eps_streak_analysis.csv
2026-03-25 01:35:42,618 - __main__ - INFO -    ✓ probability_analytics_summary_db → analytics.probability_analytics_summary
2026-03-25 01:35:42,618 - __main__ - INFO -    ✓ probability_analytics_summary_csv → outputs\analytics\probability_analytics_summary.csv
2026-03-25 01:35:42,619 - __main__ - INFO -   ⏱ Step 10 completed in 61.7s
2026-03-25 01:35:42,619 - __main__ - INFO - 
2026-03-25 01:35:42,619 - __main__ - INFO - ================================================================================
2026-03-25 01:35:42,619 - __main__ - INFO - ✅ EXPECTED RETURNS ANALYTICS v3.6 COMPLETE
2026-03-25 01:35:42,619 - __main__ - INFO - ================================================================================
2026-03-25 01:35:42,620 - __main__ - INFO - 
2026-03-25 01:35:42,620 - __main__ - INFO -   Data sources:
2026-03-25 01:35:42,620 - __main__ - INFO -     mv_expected_returns:       4,548 stocks × 685 features
2026-03-25 01:35:42,620 - __main__ - INFO -     mv_all_stock_features:     4,548 stocks × 733 features
2026-03-25 01:35:42,620 - __main__ - INFO - 
2026-03-25 01:35:42,621 - __main__ - INFO -   Models:
2026-03-25 01:35:42,621 - __main__ - INFO -     Monte Carlo simulations:   3,757
2026-03-25 01:35:42,621 - __main__ - INFO -     Price target achievements: 4,548
2026-03-25 01:35:42,621 - __main__ - INFO -     Kalman-filtered targets:   4,546
2026-03-25 01:35:42,622 - __main__ - INFO -     Earnings beat analyses:    4,548
2026-03-25 01:35:42,622 - __main__ - INFO -     Credit risk analyses:      4,548
2026-03-25 01:35:42,622 - __main__ - INFO -     Dividend safety analyses:  4,548
2026-03-25 01:35:42,622 - __main__ - INFO -     Accounting anomaly analyses: 4,548
2026-03-25 01:35:42,622 - __main__ - INFO - 
2026-03-25 01:35:42,623 - __main__ - INFO -   Alignment:
2026-03-25 01:35:42,623 - __main__ - INFO -     Tri-model aligned:         3,757
2026-03-25 01:35:42,623 - __main__ - INFO -     Strong consensus picks:    50
2026-03-25 01:35:42,624 - __main__ - INFO -     Quad-model full consensus: 985
2026-03-25 01:35:42,624 - __main__ - INFO -     Expected returns summary:  3,757 stocks, 985 full consensus
2026-03-25 01:35:42,624 - __main__ - INFO -     MC ↔ Kalman correlation:   0.965
2026-03-25 01:35:42,625 - __main__ - INFO - 
2026-03-25 01:35:42,625 - __main__ - INFO -   Screening:
2026-03-25 01:35:42,625 - __main__ - INFO -     quality: 789 stocks
2026-03-25 01:35:42,625 - __main__ - INFO -     earnings_quality: 340 stocks
2026-03-25 01:35:42,625 - __main__ - INFO -     value: 816 stocks
2026-03-25 01:35:42,625 - __main__ - INFO -     growth: 1,988 stocks
2026-03-25 01:35:42,625 - __main__ - INFO -     garp: 667 stocks
2026-03-25 01:35:42,625 - __main__ - INFO -     dividend: 11 stocks
2026-03-25 01:35:42,625 - __main__ - INFO -     healthy: 1,242 stocks
2026-03-25 01:35:42,625 - __main__ - INFO -     valuation_reversion: 357 stocks
2026-03-25 01:35:42,625 - __main__ - INFO -     integrity_growth: 956 stocks
2026-03-25 01:35:42,625 - __main__ - INFO -     high_yield_safe: 36 stocks
2026-03-25 01:35:42,625 - __main__ - INFO -     sector_relative: 4,548 stocks
2026-03-25 01:35:42,625 - __main__ - INFO -     low_vol_quality: 1,524 stocks
2026-03-25 01:35:42,626 - __main__ - INFO -     fcf_compounders: 629 stocks
2026-03-25 01:35:42,626 - __main__ - INFO -     total_return_leaders: 4,548 stocks
2026-03-25 01:35:42,626 - __main__ - INFO - 
2026-03-25 01:35:42,626 - __main__ - INFO -   Probability Analytics:
2026-03-25 01:35:42,626 - __main__ - INFO -     Categories analyzed:       17
2026-03-25 01:35:42,626 - __main__ - INFO - 
2026-03-25 01:35:42,626 - __main__ - INFO -   Outputs: outputs\analytics/
2026-03-25 01:35:42,627 - __main__ - INFO - 
2026-03-25 01:38:40,474 - __main__ - INFO - ================================================================================
2026-03-25 01:38:40,475 - __main__ - INFO - Expected Returns Analytics Pipeline v3.6
2026-03-25 01:38:40,475 - __main__ - INFO - ================================================================================
2026-03-25 01:38:40,476 - __main__ - INFO - 
2026-03-25 01:38:40,477 - __main__ - INFO - 🔧 Numba: True, Joblib: True, ArviZ: True
2026-03-25 01:38:40,477 - __main__ - INFO -    n_jobs=-1, max_features/cat=100, caching=on (TTL=24.0h)
2026-03-25 01:38:40,477 - __main__ - INFO - Cache cleanup (expired only): removed 0 files from .cache
2026-03-25 01:38:40,477 - __main__ - INFO - 📦 Step 1: Loading feature data (v3.6: equities MV + feature views + all stock features MV)...
2026-03-25 01:38:40,478 - __main__ - INFO - --------------------------------------------------------------------------------
2026-03-25 01:38:40,479 - root - INFO - Loading equities data from localhost:5432/postgres (view: public.mv_equities)
2026-03-25 01:38:43,213 - root - INFO - Loaded 6374 rows from public.mv_equities
2026-03-25 01:38:43,216 - root - INFO - Backfill complete. Columns: 677
2026-03-25 01:38:43,247 - root - INFO - Loaded 25 feature categories from database
2026-03-25 01:38:43,247 - __main__ - INFO - Loaded 25 feature categories (310 total features)
2026-03-25 01:38:43,248 - __main__ - INFO - All feature categories have ≥80%% coverage
2026-03-25 01:38:43,248 - __main__ - INFO - Loaded expected returns data: 6374 stocks × 677 features
2026-03-25 01:38:43,248 - __main__ - INFO - ✓ Loaded mv_equities: 6,374 stocks × 677 features
2026-03-25 01:38:43,283 - root - INFO - Loaded 32 identifier columns from public.vw_identifier_columns
2026-03-25 01:38:43,283 - root - INFO - Loading view: public.vw_features_analyst_sentiment
2026-03-25 01:38:43,611 - root - INFO - Loaded 6374 rows from vw_features_analyst_sentiment
2026-03-25 01:38:43,612 - root - INFO - Loading view: public.vw_features_balance_sheet
2026-03-25 01:38:44,004 - root - INFO - Loaded 6374 rows from vw_features_balance_sheet
2026-03-25 01:38:44,004 - root - INFO - Loading view: public.vw_features_cashflow
2026-03-25 01:38:44,527 - root - INFO - Loaded 6374 rows from vw_features_cashflow
2026-03-25 01:38:44,527 - root - INFO - Loading view: public.vw_features_composite_scores
2026-03-25 01:38:44,805 - root - INFO - Loaded 6374 rows from vw_features_composite_scores
2026-03-25 01:38:44,806 - root - INFO - Loading view: public.vw_features_cost_structure
2026-03-25 01:38:45,124 - root - INFO - Loaded 6374 rows from vw_features_cost_structure
2026-03-25 01:38:45,124 - root - INFO - Loading view: public.vw_features_dividends
2026-03-25 01:38:45,310 - root - INFO - Loaded 6374 rows from vw_features_dividends
2026-03-25 01:38:45,310 - root - INFO - Loading view: public.vw_features_earnings
2026-03-25 01:38:45,805 - root - INFO - Loaded 6374 rows from vw_features_earnings
2026-03-25 01:38:45,805 - root - INFO - Loading view: public.vw_features_employment
2026-03-25 01:38:45,999 - root - INFO - Loaded 6374 rows from vw_features_employment
2026-03-25 01:38:46,000 - root - INFO - Loading view: public.vw_features_growth
2026-03-25 01:38:46,476 - root - INFO - Loaded 6374 rows from vw_features_growth
2026-03-25 01:38:46,477 - root - INFO - Loading view: public.vw_features_leverage_liquidity
2026-03-25 01:38:47,030 - root - INFO - Loaded 6374 rows from vw_features_leverage_liquidity
2026-03-25 01:38:47,030 - root - INFO - Loading view: public.vw_features_momentum
2026-03-25 01:38:47,389 - root - INFO - Loaded 6374 rows from vw_features_momentum
2026-03-25 01:38:47,390 - root - INFO - Loading view: public.vw_features_profitability
2026-03-25 01:38:47,901 - root - INFO - Loaded 6374 rows from vw_features_profitability
2026-03-25 01:38:47,901 - root - INFO - Loading view: public.vw_features_quality_risk
2026-03-25 01:38:48,224 - root - INFO - Loaded 6374 rows from vw_features_quality_risk
2026-03-25 01:38:48,224 - root - INFO - Loading view: public.vw_features_technical_analysis
2026-03-25 01:38:48,397 - root - INFO - Loaded 6374 rows from vw_features_technical_analysis
2026-03-25 01:38:48,397 - root - INFO - Loading view: public.vw_features_temporal
2026-03-25 01:38:48,595 - root - INFO - Loaded 6374 rows from vw_features_temporal
2026-03-25 01:38:48,595 - root - INFO - Loading view: public.vw_features_unusual_items
2026-03-25 01:38:48,763 - root - INFO - Loaded 6374 rows from vw_features_unusual_items
2026-03-25 01:38:48,763 - root - INFO - Loading view: public.vw_features_valuation_ratios
2026-03-25 01:38:49,166 - root - INFO - Loaded 6374 rows from vw_features_valuation_ratios
2026-03-25 01:38:50,322 - root - INFO - Backfill complete. Columns: 718
2026-03-25 01:38:50,369 - __main__ - INFO - Kalman momentum filter applied to 5 columns
2026-03-25 01:38:51,063 - __main__ - INFO - Loaded all stock features: 6374 stocks × 728 features, 17 view specs
2026-03-25 01:38:51,064 - __main__ - INFO - ✓ Loaded feature views: 6,374 stocks × 728 features
2026-03-25 01:38:51,064 - __main__ - INFO -   View specs loaded: 17 views
2026-03-25 01:38:51,065 - root - INFO - Loading feature data from localhost:5432/postgres (view: public.mv_all_stock_features, earnings_date_filter: 2026-01-01)
2026-03-25 01:38:54,912 - root - INFO - Loaded 6374 rows from public.mv_all_stock_features
2026-03-25 01:38:54,912 - __main__ - INFO - Loaded mv_all_stock_features: 6374 rows × 818 columns
2026-03-25 01:38:54,912 - __main__ - INFO - ✓ Loaded mv_all_stock_features: 6,374 stocks × 818 features
2026-03-25 01:38:54,986 - __main__ - INFO -   Schema metadata: 674 columns
2026-03-25 01:38:54,986 - __main__ - INFO -   Feature registry: 74 functions
2026-03-25 01:38:55,028 - __main__ - INFO -   mv_equities spec unavailable: DataFrame must contain a 'ticker' column
2026-03-25 01:38:55,028 - __main__ - INFO - 
2026-03-25 01:38:55,028 - __main__ - INFO - 📦 Step 1b: Pre-computing historical target drift enrichment...
2026-03-25 01:38:55,029 - __main__ - INFO - --------------------------------------------------------------------------------
2026-03-25 01:38:55,164 - root - INFO - Loaded 674 column definitions from public.equities_schema_metadata
2026-03-25 01:38:55,164 - root - INFO - Cached equities schema: 674 columns across 26 roles
2026-03-25 01:38:55,165 - __main__ - INFO - Column lists derived from equities schema (46 total columns)
2026-03-25 01:38:55,165 - __main__ - INFO - Historical price/target coverage: 40 / 40 columns available (historical_prices=9, historical_targets=7, historical_targets_high=8, historical_targets_low=8, historical_targets_median=8)
2026-03-25 01:38:55,182 - __main__ - INFO - Historical target drift enrichment: 12 derived columns added
2026-03-25 01:38:55,183 - __main__ - INFO - ✓ Historical drift enrichment complete (12 derived columns)
2026-03-25 01:38:55,184 - __main__ - INFO -   ⏱ Step 1 completed in 14.7s
2026-03-25 01:38:55,184 - __main__ - INFO - 
2026-03-25 01:38:55,184 - __main__ - INFO - 🎲 Step 2: Monte Carlo price target simulation (50,000 samples)...
2026-03-25 01:38:55,185 - __main__ - INFO - --------------------------------------------------------------------------------
2026-03-25 01:39:04,074 - __main__ - INFO - Monte Carlo simulation: 5535 stocks processed
2026-03-25 01:39:04,079 - __main__ - INFO - ✓ 5,535 stocks simulated
2026-03-25 01:39:04,080 - __main__ - INFO -   Mean upside:  33.3%
2026-03-25 01:39:04,081 - __main__ - INFO -   Median upside: 24.6%
2026-03-25 01:39:04,081 - __main__ - INFO -   Positive prob (mean): 85.5%
2026-03-25 01:39:04,084 - __main__ - INFO - Computed price_target_mc for 5535 / 5535 stocks (mean=7199.50)
2026-03-25 01:39:04,085 - __main__ - INFO -   Monte Carlo targets (5,535 stocks): implied return=19.2%
2026-03-25 01:39:04,229 - __main__ - INFO - Monte Carlo: computed detailed statistics for 5 / 5 columns
2026-03-25 01:39:10,616 - __main__ - INFO - MCMC Student-t: μ=23.73 (±0.31), df=2.0
2026-03-25 01:39:10,617 - __main__ - INFO - 
  📐 Best-fit distribution: t (AIC=54255.6, KS p=0.000)
2026-03-25 01:39:10,617 - __main__ - INFO - 
  📉 VaR 1%: -26.6%  |  CVaR 5%: -20.8%
2026-03-25 01:39:10,618 - __main__ - INFO -      Downside deviation: 16.36
2026-03-25 01:39:10,618 - __main__ - INFO -      Gain/Loss ratio: 3.42
2026-03-25 01:39:10,618 - __main__ - INFO - 
  🏷️  Tiers: High-conviction=3183, Moderate=1719, Speculative=17, Avoid=627
2026-03-25 01:39:10,618 - __main__ - INFO -   ⏱ Step 2 completed in 15.4s
2026-03-25 01:39:10,619 - __main__ - INFO - 
2026-03-25 01:39:10,619 - __main__ - INFO - 🎯 Step 3: Price target achievement model...
2026-03-25 01:39:10,619 - __main__ - INFO - --------------------------------------------------------------------------------
2026-03-25 01:39:10,639 - __main__ - INFO - Price target achievement: merged 26 sentiment columns from feature views
2026-03-25 01:39:10,649 - __main__ - INFO - Price target: merged 36 risk columns
2026-03-25 01:39:15,925 - finance_ml.analytics.probability_analytics - INFO - MH sampler for price target: acceptance_rate=0.221, mean_posterior=32.234
2026-03-25 01:39:31,864 - __main__ - INFO - Price target achievement: 6374 stocks processed
2026-03-25 01:39:31,869 - __main__ - INFO - ✓ 6,374 stocks analyzed
2026-03-25 01:39:31,869 - __main__ - INFO -   Mean achievement prob: 0.452
2026-03-25 01:39:31,869 - __main__ - INFO -   Mean prob-weighted return: 8.2%
2026-03-25 01:39:31,876 - __main__ - INFO - Computed price_target_prob_weighted for 6373 / 6374 stocks (mean=5887.50)
2026-03-25 01:39:31,883 - __main__ - INFO -   Prob-weighted targets (6,373 stocks): implied return=6.5%
2026-03-25 01:39:32,066 - __main__ - INFO - Price Target Achievement: computed detailed statistics for 5 / 5 columns
2026-03-25 01:39:32,081 - __main__ - INFO -   ⏱ Step 3 completed in 21.5s
2026-03-25 01:39:32,081 - __main__ - INFO - 
2026-03-25 01:39:32,081 - __main__ - INFO - 📐 Step 4: Kalman-filtered price targets...
2026-03-25 01:39:32,081 - __main__ - INFO - --------------------------------------------------------------------------------
2026-03-25 01:39:32,826 - __main__ - INFO - Kalman filter: 6372 stocks processed
2026-03-25 01:39:32,829 - __main__ - INFO - ✓ 6,372 stocks filtered
2026-03-25 01:39:32,830 - __main__ - INFO -   Mean filtered upside: 24.5%
2026-03-25 01:39:32,914 - __main__ - INFO - Kalman Filter: computed detailed statistics for 3 / 3 columns
2026-03-25 01:39:32,921 - __main__ - INFO -   ⏱ Step 4 completed in 0.8s
2026-03-25 01:39:32,921 - __main__ - INFO - 
2026-03-25 01:39:32,921 - __main__ - INFO - 📊 Step 5: Bayesian earnings beat analysis...
2026-03-25 01:39:32,921 - __main__ - INFO - --------------------------------------------------------------------------------
2026-03-25 01:39:34,809 - __main__ - INFO - Earnings beat analysis: 6374 stocks processed
2026-03-25 01:39:36,143 - __main__ - INFO - EPS streak enrichment: 8 columns added
2026-03-25 01:41:14,387 - __main__ - INFO - Resampled beat enrichment: 12 columns added
2026-03-25 01:41:14,726 - __main__ - INFO - ✓ 6,374 stocks analyzed
2026-03-25 01:41:14,727 - __main__ - INFO -   Mean P(beat): 0.434
2026-03-25 01:41:14,728 - __main__ - INFO -   Classified as 'likely_beat': 2844
2026-03-25 01:41:14,728 - __main__ - INFO -   ⏱ Step 5 completed in 101.8s
2026-03-25 01:41:14,728 - __main__ - INFO - 
2026-03-25 01:41:14,728 - __main__ - INFO - 🔬 Step 5b: Accounting anomaly detection & analytics...
2026-03-25 01:41:14,729 - __main__ - INFO - --------------------------------------------------------------------------------
2026-03-25 01:41:14,752 - __main__ - INFO - Accounting anomaly analysis: merged 32 columns from feature views
2026-03-25 01:41:22,186 - finance_ml.analytics.probability_analytics - INFO - MH sampler for anomaly scores: acceptance_rate=0.200, threshold=33.68, mean_posterior=34.817
2026-03-25 01:41:33,759 - finance_ml.analytics.probability_analytics - INFO - Anomaly MCMC converged: R̂=1.0100
2026-03-25 01:41:33,759 - finance_ml.analytics.probability_analytics - INFO - AccountingAnomalyProbabilityModel: severity computed for 6374 stocks, 827 multi-flag alerts, mean conditional P(anomaly)=0.304
2026-03-25 01:41:41,662 - __main__ - INFO - MCMC anomaly posterior: location=34.006
2026-03-25 01:41:41,663 - __main__ - INFO - Accounting anomaly analysis: 6374 stocks processed
2026-03-25 01:41:41,672 - __main__ - INFO -   Anomaly tier distribution:
2026-03-25 01:41:41,673 - __main__ - INFO -     Clean: 2,117 (33.2%)
2026-03-25 01:41:41,673 - __main__ - INFO -     Watch: 2,994 (47.0%)
2026-03-25 01:41:41,673 - __main__ - INFO -     Flag: 1,196 (18.8%)
2026-03-25 01:41:41,674 - __main__ - INFO -     Alert: 67 (1.1%)
2026-03-25 01:41:41,675 - __main__ - INFO -   Anomaly score — mean: 34.9, median: 33.7, std: 16.5, max: 100.0
2026-03-25 01:41:41,676 - __main__ - INFO -   Stocks with ≥1 flagged feature: 5,822, ≥10 flags: 827
2026-03-25 01:41:41,676 - __main__ - INFO -   Per-feature anomaly flags:
2026-03-25 01:41:41,677 - __main__ - INFO -     discontinued_ops_impact: 77 stocks flagged
2026-03-25 01:41:41,677 - __main__ - INFO -     ebit_adjustment_pct_fy: 1,916 stocks flagged
2026-03-25 01:41:41,677 - __main__ - INFO -     ebit_adjustment_pct_ltm: 271 stocks flagged
2026-03-25 01:41:41,678 - __main__ - INFO -     ebitda_adjustment_pct_fy: 1,711 stocks flagged
2026-03-25 01:41:41,678 - __main__ - INFO -     ebitda_adjustment_pct_ltm: 110 stocks flagged
2026-03-25 01:41:41,678 - __main__ - INFO -     ebitda_adjustment_ratio: 140 stocks flagged
2026-03-25 01:41:41,678 - __main__ - INFO -     eps_adjustment_pct: 780 stocks flagged
2026-03-25 01:41:41,679 - __main__ - INFO -     eps_adjustment_ratio: 753 stocks flagged
2026-03-25 01:41:41,679 - __main__ - INFO -     eps_adjustment_ratio_comp: 753 stocks flagged
2026-03-25 01:41:41,680 - __main__ - INFO -     eps_adjustment_spread_fy: 1,834 stocks flagged
2026-03-25 01:41:41,680 - __main__ - INFO -     eps_adjustment_spread_ltm: 1,047 stocks flagged
2026-03-25 01:41:41,680 - __main__ - INFO -     eps_growth_accel: 371 stocks flagged
2026-03-25 01:41:41,680 - __main__ - INFO -     eps_surprise_pct: 646 stocks flagged
2026-03-25 01:41:41,680 - __main__ - INFO -     exceptional_items_frequency: 509 stocks flagged
2026-03-25 01:41:41,681 - __main__ - INFO -     exceptional_items_to_ebitda: 2,962 stocks flagged
2026-03-25 01:41:41,681 - __main__ - INFO -     forward_eps_gaap_adj_spread: 1,686 stocks flagged
2026-03-25 01:41:41,681 - __main__ - INFO -     gaap_adj_eps_gap_pct: 1,499 stocks flagged
2026-03-25 01:41:41,681 - __main__ - INFO -     gaap_revision_1m: 1,111 stocks flagged
2026-03-25 01:41:41,681 - __main__ - INFO -     gaap_revision_1y: 562 stocks flagged
2026-03-25 01:41:41,682 - __main__ - INFO -     gaap_revision_3m: 972 stocks flagged
2026-03-25 01:41:41,682 - __main__ - INFO -     gaap_revision_6m: 832 stocks flagged
2026-03-25 01:41:41,682 - __main__ - INFO -     gaap_revision_momentum: 1,226 stocks flagged
2026-03-25 01:41:41,683 - __main__ - INFO -     gaap_vs_norm_revision_spread: 1,071 stocks flagged
2026-03-25 01:41:41,683 - __main__ - INFO -     goodwill_change_rate: 1,272 stocks flagged
2026-03-25 01:41:41,683 - __main__ - INFO -     net_income_adjustment_pct: 171 stocks flagged
2026-03-25 01:41:41,684 - __main__ - INFO -     net_income_adjustment_ratio_fy: 2,139 stocks flagged
2026-03-25 01:41:41,684 - __main__ - INFO -     net_income_adjustment_ratio_ltm: 727 stocks flagged
2026-03-25 01:41:41,684 - __main__ - INFO -     restructuring_intensity: 100 stocks flagged
2026-03-25 01:41:41,684 - __main__ - INFO -     revenue_surprise_pct: 834 stocks flagged
2026-03-25 01:41:41,685 - __main__ - INFO -     revision_quality_divergence: 947 stocks flagged
2026-03-25 01:41:41,686 - __main__ - INFO -   Mahalanobis distance — computed: 1,312, mean: 3.78, p95: 8.53
2026-03-25 01:41:41,686 - __main__ - INFO -   Sector-relative outliers (|z| > 2): 236
2026-03-25 01:41:41,687 - __main__ - INFO -   Severity score — mean: 37.86, median: 34.03, max: 100.00
2026-03-25 01:41:41,687 - __main__ - INFO -   Conditional P(anomaly) — mean: 0.304, median: 0.280, max: 0.468
2026-03-25 01:41:41,688 - __main__ - INFO -   Multi-flag alerts: 827
2026-03-25 01:41:41,689 - __main__ - INFO -   Stocks in top 10% risk rank: 638
2026-03-25 01:41:41,689 - __main__ - INFO -   Benford's Law chi² p-value: 0.0017 (⚠️ suspicious)
2026-03-25 01:41:41,689 - __main__ - INFO -   Best-fit distributions per feature:
2026-03-25 01:41:41,692 - __main__ - INFO -     asset_sale_boost: student_t (mean KS p=0.000)
2026-03-25 01:41:41,693 - __main__ - INFO -     discontinued_ops_impact: student_t (mean KS p=0.000)
2026-03-25 01:41:41,693 - __main__ - INFO -     ebit_adjustment_pct_fy: student_t (mean KS p=0.000)
2026-03-25 01:41:41,694 - __main__ - INFO -     ebit_adjustment_pct_ltm: student_t (mean KS p=0.000)
2026-03-25 01:41:41,695 - __main__ - INFO -     ebitda_adjustment_pct_fy: student_t (mean KS p=0.000)
2026-03-25 01:41:41,696 - __main__ - INFO -     ebitda_adjustment_pct_ltm: student_t (mean KS p=0.000)
2026-03-25 01:41:41,697 - __main__ - INFO -     ebitda_adjustment_ratio: student_t (mean KS p=0.000)
2026-03-25 01:41:41,697 - __main__ - INFO -     eps_adjustment_pct: student_t (mean KS p=0.000)
2026-03-25 01:41:41,698 - __main__ - INFO -     eps_adjustment_ratio_comp: student_t (mean KS p=0.000)
2026-03-25 01:41:41,699 - __main__ - INFO -     eps_adjustment_ratio: student_t (mean KS p=0.000)
2026-03-25 01:41:41,700 - __main__ - INFO -     eps_adjustment_spread_fy: student_t (mean KS p=0.000)
2026-03-25 01:41:41,701 - __main__ - INFO -     eps_adjustment_spread_ltm: student_t (mean KS p=0.000)
2026-03-25 01:41:41,702 - __main__ - INFO -     eps_growth_accel: student_t (mean KS p=0.158)
2026-03-25 01:41:41,703 - __main__ - INFO -     eps_surprise_pct: student_t (mean KS p=0.000)
2026-03-25 01:41:41,703 - __main__ - INFO -     exceptional_items_frequency: student_t (mean KS p=0.000)
2026-03-25 01:41:41,704 - __main__ - INFO -     exceptional_items_to_ebitda: student_t (mean KS p=0.000)
2026-03-25 01:41:41,705 - __main__ - INFO -     forward_eps_gaap_adj_spread: student_t (mean KS p=0.000)
2026-03-25 01:41:41,706 - __main__ - INFO -     gaap_adj_eps_gap_pct: student_t (mean KS p=0.000)
2026-03-25 01:41:41,706 - __main__ - INFO -     gaap_revision_1m: student_t (mean KS p=0.000)
2026-03-25 01:41:41,708 - __main__ - INFO -     gaap_revision_1y: student_t (mean KS p=0.002)
2026-03-25 01:41:41,709 - __main__ - INFO -     gaap_revision_3m: student_t (mean KS p=0.000)
2026-03-25 01:41:41,710 - __main__ - INFO -     gaap_revision_6m: student_t (mean KS p=0.002)
2026-03-25 01:41:41,710 - __main__ - INFO -     gaap_revision_momentum: student_t (mean KS p=0.000)
2026-03-25 01:41:41,712 - __main__ - INFO -     gaap_vs_norm_revision_spread: student_t (mean KS p=0.000)
2026-03-25 01:41:41,713 - __main__ - INFO -     goodwill_change_rate: student_t (mean KS p=0.000)
2026-03-25 01:41:41,714 - __main__ - INFO -     net_income_adjustment_pct: student_t (mean KS p=0.000)
2026-03-25 01:41:41,715 - __main__ - INFO -     net_income_adjustment_ratio_fy: student_t (mean KS p=0.000)
2026-03-25 01:41:41,716 - __main__ - INFO -     net_income_adjustment_ratio_ltm: student_t (mean KS p=0.000)
2026-03-25 01:41:41,716 - __main__ - INFO -     restructuring_intensity: student_t (mean KS p=0.000)
2026-03-25 01:41:41,717 - __main__ - INFO -     revenue_surprise_pct: student_t (mean KS p=0.000)
2026-03-25 01:41:41,718 - __main__ - INFO -     revision_quality_divergence: student_t (mean KS p=0.000)
2026-03-25 01:41:41,727 - root - INFO - Exporting 6374 rows to analytics.accounting_anomaly_analysis
2026-03-25 01:41:44,623 - root - INFO - Export complete: analytics.accounting_anomaly_analysis
2026-03-25 01:41:44,623 - __main__ - INFO -   ✓ Exported 6,374 rows → analytics.accounting_anomaly_analysis
2026-03-25 01:41:44,624 - __main__ - INFO - ✓ Accounting anomaly analysis complete: 6,374 stocks
2026-03-25 01:41:44,626 - __main__ - INFO -   ⏱ Step 5b completed in 29.9s
2026-03-25 01:41:44,626 - __main__ - INFO - 
2026-03-25 01:41:44,627 - __main__ - INFO - 🛡️ Step 5c: Credit risk & dividend safety analysis...
2026-03-25 01:41:44,627 - __main__ - INFO - --------------------------------------------------------------------------------
2026-03-25 01:41:44,647 - __main__ - INFO - Credit risk analysis: merged 49 risk columns from feature views
2026-03-25 01:41:52,514 - finance_ml.analytics.probability_analytics - INFO - Sector-adjusted distress: 3440 / 6374 stocks flagged (vs 1427 with global threshold)
2026-03-25 01:41:52,598 - __main__ - INFO - Hierarchical MCMC credit risk: 36 sectors enriched
2026-03-25 01:41:52,896 - __main__ - INFO - Ruin probability enrichment: 7 columns added
2026-03-25 01:41:52,897 - __main__ - INFO - Credit risk analysis: 6374 stocks processed
2026-03-25 01:41:52,900 - __main__ - INFO - ✓ Credit risk: 6,374 stocks, 3723 high/distressed
2026-03-25 01:41:52,901 - __main__ - INFO -   Mean ruin probability: 0.047
2026-03-25 01:41:52,911 - __main__ - INFO -   Merged 820 anomaly columns into credit risk DataFrame
2026-03-25 01:41:58,742 - finance_ml.analytics.probability_analytics - INFO - Hierarchical sector MCMC for dividend FCF coverage: 31 sectors
2026-03-25 01:41:58,750 - __main__ - INFO - Dividend safety analysis: 6374 stocks processed
2026-03-25 01:41:58,754 - __main__ - INFO - ✓ Dividend safety: 6,374 stocks, 3152 at risk
2026-03-25 01:41:58,754 - __main__ - INFO -   ⏱ Step 5c completed in 14.1s
2026-03-25 01:41:58,754 - __main__ - INFO - 
2026-03-25 01:41:58,754 - __main__ - INFO - 🔍 Step 5d: Running stock screening strategies...
2026-03-25 01:41:58,754 - __main__ - INFO - --------------------------------------------------------------------------------
2026-03-25 01:41:58,799 - __main__ - INFO -   ✓ Productivity frontier scores added
2026-03-25 01:41:58,801 - __main__ - INFO -    Reporting lag sentiment: corr=-0.023, p=0.1769, hypothesis=not confirmed
2026-03-25 01:41:58,802 - __main__ - INFO - Quality screen: 0 stocks
2026-03-25 01:41:58,802 - __main__ - WARNING - Quality screen returned 0 stocks — applying adaptive fallback.
2026-03-25 01:41:58,802 - __main__ - WARNING - Adaptive screening: quality returned 0 stocks (0.0% < 0.0% threshold). Applying percentile-based fallback (top 10%).
2026-03-25 01:41:58,809 - __main__ - INFO - Adaptive screening: quality fallback using piotroski_f_score >= 6.00 → 955 stocks
2026-03-25 01:41:59,844 - __main__ - INFO - Earnings quality screen: 1161 stocks
2026-03-25 01:42:01,057 - __main__ - INFO - Value screen: 1059 stocks
2026-03-25 01:42:02,165 - __main__ - INFO - Growth screen: 2820 stocks
2026-03-25 01:42:03,155 - __main__ - INFO - GARP screen: 922 stocks
2026-03-25 01:42:04,030 - __main__ - INFO - Dividend screen: 15 stocks
2026-03-25 01:42:04,749 - __main__ - INFO - Financial health screen: 1423 stocks
2026-03-25 01:42:05,085 - __main__ - INFO - Valuation reversion screen: 450 stocks
2026-03-25 01:42:06,233 - __main__ - INFO - Integrity growth screen: 1067 stocks
2026-03-25 01:42:06,826 - __main__ - INFO - High-yield safe dividend screen: 45 stocks
2026-03-25 01:42:06,845 - __main__ - INFO - Sector-relative ranking: 6374 stocks
2026-03-25 01:42:08,148 - __main__ - INFO - Low-volatility quality screen: 2249 stocks
2026-03-25 01:42:08,636 - __main__ - INFO - FCF compounders screen: 961 stocks
2026-03-25 01:42:08,650 - __main__ - INFO - Total return leaders screen: 6374 stocks
2026-03-25 01:42:08,650 - __main__ - INFO -   ✓ quality: 955 stocks
2026-03-25 01:42:08,650 - __main__ - INFO -   ✓ earnings_quality: 1,161 stocks
2026-03-25 01:42:08,651 - __main__ - INFO -   ✓ value: 1,059 stocks
2026-03-25 01:42:08,652 - __main__ - INFO -   ✓ growth: 2,820 stocks
2026-03-25 01:42:08,652 - __main__ - INFO -   ✓ garp: 922 stocks
2026-03-25 01:42:08,652 - __main__ - INFO -   ✓ dividend: 15 stocks
2026-03-25 01:42:08,652 - __main__ - INFO -   ✓ healthy: 1,423 stocks
2026-03-25 01:42:08,653 - __main__ - INFO -   ✓ valuation_reversion: 450 stocks
2026-03-25 01:42:08,653 - __main__ - INFO -   ✓ integrity_growth: 1,067 stocks
2026-03-25 01:42:08,653 - __main__ - INFO -   ✓ high_yield_safe: 45 stocks
2026-03-25 01:42:08,653 - __main__ - INFO -   ✓ sector_relative: 6,374 stocks
2026-03-25 01:42:08,653 - __main__ - INFO -   ✓ low_vol_quality: 2,249 stocks
2026-03-25 01:42:08,653 - __main__ - INFO -   ✓ fcf_compounders: 961 stocks
2026-03-25 01:42:08,654 - __main__ - INFO -   ✓ total_return_leaders: 6,374 stocks
2026-03-25 01:42:08,654 - __main__ - INFO -   ⏱ Step 5d completed in 9.9s
2026-03-25 01:42:08,654 - __main__ - INFO - 
2026-03-25 01:42:08,654 - __main__ - INFO - 🧪 Step 5e: Resampled Bayesian posterior returns...
2026-03-25 01:42:08,654 - __main__ - INFO - --------------------------------------------------------------------------------
2026-03-25 01:42:37,542 - __main__ - INFO - Resampled posterior returns: 6373 stocks, mean posterior=-3.97%
2026-03-25 01:42:37,682 - __main__ - INFO -   ✓ Resampled posteriors: 6,373 stocks
2026-03-25 01:42:37,683 - __main__ - INFO -   Mean posterior return: -3.97%
2026-03-25 01:42:37,684 - __main__ - INFO -   ⏱ Step 5e completed in 29.0s
2026-03-25 01:42:37,684 - __main__ - INFO - 
2026-03-25 01:42:37,685 - __main__ - INFO - 🔗 Step 6: Cross-model alignment...
2026-03-25 01:42:37,686 - __main__ - INFO - --------------------------------------------------------------------------------
2026-03-25 01:42:37,781 - __main__ - INFO - Tri-model alignment: 5535 stocks, 4798 strong bullish
2026-03-25 01:42:37,797 - __main__ - INFO - Strong consensus picks: 50 stocks
2026-03-25 01:42:37,816 - __main__ - INFO - Quad-model alignment: 5535 stocks, full consensus (4/4): 1531
2026-03-25 01:42:37,817 - __main__ - INFO -   Tri-model coverage: 5,535 stocks
2026-03-25 01:42:37,819 - __main__ - INFO -     Strong Bearish (0/3): 497
2026-03-25 01:42:37,820 - __main__ - INFO -     Bearish (1/3): 99
2026-03-25 01:42:37,821 - __main__ - INFO -     Bullish (2/3): 141
2026-03-25 01:42:37,822 - __main__ - INFO -     Strong Bullish (3/3): 4798
2026-03-25 01:42:37,822 - __main__ - INFO -   Strong consensus picks: 50
2026-03-25 01:42:37,822 - __main__ - INFO -   Quad-model (4/4): 1531 stocks
2026-03-25 01:42:37,904 - __main__ - INFO -   MC ↔ Kalman correlation: 0.955
2026-03-25 01:42:37,905 - __main__ - INFO -   ⏱ Step 6 completed in 0.2s
2026-03-25 01:42:37,906 - __main__ - INFO - 
2026-03-25 01:42:37,906 - __main__ - INFO - 📋 Step 7: Building expected_returns_summary (4-model merge)...
2026-03-25 01:42:37,907 - __main__ - INFO - --------------------------------------------------------------------------------
2026-03-25 01:42:37,946 - __main__ - INFO - Enriched expected_returns_summary with 43 anomaly columns
2026-03-25 01:42:37,962 - __main__ - INFO - Enriched expected_returns_summary with 21 credit risk columns
2026-03-25 01:42:37,974 - __main__ - INFO - Enriched expected_returns_summary with 11 dividend safety columns
2026-03-25 01:42:38,083 - __main__ - INFO - Enriched expected_returns_summary with 33 columns from mv_all_stock_features
2026-03-25 01:42:38,091 - __main__ - INFO - Expected returns summary: 5535 stocks, 1531 strong bullish (4/4)
2026-03-25 01:42:38,092 - __main__ - INFO -   ✓ 5,535 stocks in expected_returns_summary
2026-03-25 01:42:38,093 - __main__ - INFO -   Full consensus (4/4): 1531 stocks
2026-03-25 01:42:38,220 - __main__ - INFO - Quality scoring: 11 High, 1665 Above Avg
2026-03-25 01:42:38,225 - __main__ - INFO -   High-quality full consensus: 717 stocks
2026-03-25 01:42:38,282 - __main__ - INFO - Added z-scores and percentile ranks for 3 return metrics
2026-03-25 01:42:38,284 - __main__ - INFO -   Agreement distribution:
2026-03-25 01:42:38,285 - __main__ - INFO -     Strong Bearish (0/4): 381
2026-03-25 01:42:38,285 - __main__ - INFO -     Bearish (1/4): 188
2026-03-25 01:42:38,287 - __main__ - INFO -     Neutral (2/4): 122
2026-03-25 01:42:38,287 - __main__ - INFO -     Bullish (3/4): 3313
2026-03-25 01:42:38,288 - __main__ - INFO -     Strong Bullish (4/4): 1531
2026-03-25 01:42:38,401 - __main__ - INFO - Cross-model diagnostics: tail agreement=95.7%, mean dispersion=9.90
2026-03-25 01:42:38,403 - __main__ - INFO - 
  🔬 Cross-Model Diagnostics:
2026-03-25 01:42:38,403 - __main__ - INFO -      Direction agreement: 95.7%
2026-03-25 01:42:38,403 - __main__ - INFO -      Mean inter-model dispersion: 9.90
2026-03-25 01:42:38,404 - __main__ - INFO -      Kendall τ (expected_upside_pct ↔ filtered_upside): 0.917 (p=0.0000)
2026-03-25 01:42:38,404 - __main__ - INFO -      Kendall τ (expected_upside_pct ↔ expected_return_prob_weighted): 0.476 (p=0.0000)
2026-03-25 01:42:38,405 - __main__ - INFO -      Kendall τ (filtered_upside ↔ expected_return_prob_weighted): 0.502 (p=0.0000)
2026-03-25 01:42:38,461 - __main__ - INFO - 
  🏢 Sector Analytics: 59 sectors
2026-03-25 01:42:38,527 - __main__ - INFO -    Hierarchical MCMC: 39 sector posteriors (Bayesian shrinkage)
2026-03-25 01:42:38,528 - __main__ - INFO -      Energy Equipment and Services: raw=8.3% → posterior=11.3% (shrinkage=0.88)
2026-03-25 01:42:38,528 - __main__ - INFO -      Software: raw=64.5% → posterior=63.2% (shrinkage=0.96)
2026-03-25 01:42:38,528 - __main__ - INFO -      Biotechnology: raw=87.8% → posterior=85.3% (shrinkage=0.95)
2026-03-25 01:42:38,529 - __main__ - INFO -      Oil Gas and Consumable Fuels: raw=10.2% → posterior=11.1% (shrinkage=0.96)
2026-03-25 01:42:38,529 - __main__ - INFO -      Construction Materials: raw=31.0% → posterior=31.3% (shrinkage=0.85)
2026-03-25 01:42:39,079 - finance_ml.analytics.statistical_analysis - INFO - Multi-level hierarchical MCMC: 9 levels, 306 total groups for 'expected_upside_pct'
2026-03-25 01:42:39,081 - __main__ - INFO -    Multi-level MCMC: 9 category levels, 306 group posteriors
2026-03-25 01:42:39,083 - __main__ - INFO -      [region] Europe: raw=42.2% → posterior=42.1% (n=1564, shrink=0.99)
2026-03-25 01:42:39,084 - __main__ - INFO -      [region] United States and Canada: raw=36.8% → posterior=36.8% (n=1717, shrink=0.99)
2026-03-25 01:42:39,084 - __main__ - INFO -      [region] Latin America and Caribbean: raw=32.7% → posterior=32.7% (n=231, shrink=0.96)
2026-03-25 01:42:39,084 - __main__ - INFO -      [region] Africa / Middle East: raw=31.3% → posterior=31.4% (n=287, shrink=0.97)
2026-03-25 01:42:39,084 - __main__ - INFO -      [region] Asia / Pacific: raw=22.2% → posterior=22.3% (n=1736, shrink=0.99)
2026-03-25 01:42:39,085 - __main__ - INFO -      [country] GB: raw=58.1% → posterior=57.6% (n=289, shrink=0.97)
2026-03-25 01:42:39,085 - __main__ - INFO -      [country] LU: raw=63.3% → posterior=56.0% (n=24, shrink=0.66)
2026-03-25 01:42:39,086 - __main__ - INFO -      [country] DE: raw=51.2% → posterior=50.7% (n=172, shrink=0.95)
2026-03-25 01:42:39,087 - __main__ - INFO -      [country] NL: raw=49.0% → posterior=47.9% (n=57, shrink=0.85)
2026-03-25 01:42:39,087 - __main__ - INFO -      [country] IT: raw=47.9% → posterior=47.4% (n=106, shrink=0.91)
2026-03-25 01:42:39,088 - __main__ - INFO -      [country] SE: raw=47.4% → posterior=47.1% (n=168, shrink=0.94)
2026-03-25 01:42:39,088 - __main__ - INFO -      [country] IE: raw=47.6% → posterior=46.3% (n=32, shrink=0.76)
2026-03-25 01:42:39,088 - __main__ - INFO -      [country] MT: raw=118.2% → posterior=44.3% (n=3, shrink=0.03)
2026-03-25 01:42:39,088 - __main__ - INFO -      [country] JE: raw=43.2% → posterior=42.1% (n=3, shrink=0.03)
2026-03-25 01:42:39,089 - __main__ - INFO -      [country] BE: raw=41.5% → posterior=41.6% (n=41, shrink=0.80)
2026-03-25 01:42:39,089 - __main__ - INFO -      [country] SI: raw=-1.3% → posterior=40.8% (n=3, shrink=0.03)
2026-03-25 01:42:39,089 - __main__ - INFO -      [country] FR: raw=40.7% → posterior=40.8% (n=157, shrink=0.94)
2026-03-25 01:42:39,089 - __main__ - INFO -      [country] HU: raw=10.2% → posterior=40.5% (n=4, shrink=0.05)
2026-03-25 01:42:39,089 - __main__ - INFO -      [country] MX: raw=41.7% → posterior=40.1% (n=46, shrink=0.82)
2026-03-25 01:42:39,089 - __main__ - INFO -      [country] CZ: raw=6.0% → posterior=39.3% (n=5, shrink=0.08)
2026-03-25 01:42:39,089 - __main__ - INFO -      [country] AE: raw=41.6% → posterior=39.2% (n=34, shrink=0.77)
2026-03-25 01:42:39,089 - __main__ - INFO -      [country] CY: raw=3.6% → posterior=39.1% (n=5, shrink=0.08)
2026-03-25 01:42:39,089 - __main__ - INFO -      [country] TR: raw=40.4% → posterior=38.9% (n=52, shrink=0.84)
2026-03-25 01:42:39,089 - __main__ - INFO -      [country] ZA: raw=40.1% → posterior=38.3% (n=38, shrink=0.79)
2026-03-25 01:42:39,090 - __main__ - INFO -      [country] US: raw=37.7% → posterior=37.7% (n=1516, shrink=0.99)
2026-03-25 01:42:39,090 - __main__ - INFO -      [country] HR: raw=9.0% → posterior=37.4% (n=7, shrink=0.14)
2026-03-25 01:42:39,090 - __main__ - INFO -      [country] PT: raw=17.4% → posterior=35.9% (n=10, shrink=0.25)
2026-03-25 01:42:39,090 - __main__ - INFO -      [country] DK: raw=32.6% → posterior=34.7% (n=35, shrink=0.78)
2026-03-25 01:42:39,090 - __main__ - INFO -      [country] HK: raw=36.4% → posterior=34.0% (n=49, shrink=0.83)
2026-03-25 01:42:39,090 - __main__ - INFO -      [country] ID: raw=37.5% → posterior=33.5% (n=29, shrink=0.74)
2026-03-25 01:42:39,090 - __main__ - INFO -      [country] SG: raw=38.6% → posterior=33.3% (n=25, shrink=0.68)
2026-03-25 01:42:39,091 - __main__ - INFO -      [country] KY: raw=39.7% → posterior=33.3% (n=5, shrink=0.08)
2026-03-25 01:42:39,091 - __main__ - INFO -      [country] SA: raw=33.4% → posterior=33.2% (n=72, shrink=0.88)
2026-03-25 01:42:39,091 - __main__ - INFO -      [country] CH: raw=32.1% → posterior=32.9% (n=112, shrink=0.92)
2026-03-25 01:42:39,091 - __main__ - INFO -      [country] QA: raw=34.9% → posterior=32.5% (n=12, shrink=0.32)
2026-03-25 01:42:39,091 - __main__ - INFO -      [country] RO: raw=-14.7% → posterior=32.1% (n=8, shrink=0.18)
2026-03-25 01:42:39,091 - __main__ - INFO -      [country] BR: raw=31.8% → posterior=31.9% (n=122, shrink=0.92)
2026-03-25 01:42:39,091 - __main__ - INFO -      [country] AU: raw=33.5% → posterior=31.9% (n=58, shrink=0.85)
2026-03-25 01:42:39,091 - __main__ - INFO -      [country] PE: raw=13.2% → posterior=31.7% (n=4, shrink=0.05)
2026-03-25 01:42:39,091 - __main__ - INFO -      [country] MA: raw=33.9% → posterior=31.5% (n=4, shrink=0.05)
2026-03-25 01:42:39,091 - __main__ - INFO -      [country] ES: raw=29.4% → posterior=31.4% (n=53, shrink=0.84)
2026-03-25 01:42:39,092 - __main__ - INFO -      [country] IL: raw=31.2% → posterior=31.3% (n=23, shrink=0.64)
2026-03-25 01:42:39,092 - __main__ - INFO -      [country] CA: raw=30.3% → posterior=30.6% (n=201, shrink=0.95)
2026-03-25 01:42:39,093 - __main__ - INFO -      [country] CO: raw=8.8% → posterior=30.2% (n=6, shrink=0.11)
2026-03-25 01:42:39,093 - __main__ - INFO -      [country] GH: raw=-13.2% → posterior=30.1% (n=3, shrink=0.03)
2026-03-25 01:42:39,094 - __main__ - INFO -      [country] GR: raw=20.7% → posterior=29.9% (n=20, shrink=0.57)
2026-03-25 01:42:39,094 - __main__ - INFO -      [country] KW: raw=15.8% → posterior=29.7% (n=6, shrink=0.11)
2026-03-25 01:42:39,094 - __main__ - INFO -      [country] FI: raw=27.6% → posterior=29.2% (n=80, shrink=0.89)
2026-03-25 01:42:39,095 - __main__ - INFO -      [country] AT: raw=24.2% → posterior=29.1% (n=28, shrink=0.72)
2026-03-25 01:42:39,095 - __main__ - INFO -      [country] CL: raw=25.1% → posterior=28.8% (n=18, shrink=0.52)
2026-03-25 01:42:39,095 - __main__ - INFO -      [country] EG: raw=24.9% → posterior=28.4% (n=16, shrink=0.46)
2026-03-25 01:42:39,095 - __main__ - INFO -      [country] PL: raw=22.8% → posterior=26.1% (n=49, shrink=0.83)
2026-03-25 01:42:39,096 - __main__ - INFO -      [country] IN: raw=24.1% → posterior=24.0% (n=212, shrink=0.95)
2026-03-25 01:42:39,096 - __main__ - INFO -      [country] CN: raw=24.0% → posterior=24.0% (n=714, shrink=0.99)
2026-03-25 01:42:39,096 - __main__ - INFO -      [country] NZ: raw=25.0% → posterior=22.5% (n=6, shrink=0.11)
2026-03-25 01:42:39,096 - __main__ - INFO -      [country] BM: raw=16.2% → posterior=22.5% (n=22, shrink=0.62)
2026-03-25 01:42:39,097 - __main__ - INFO -      [country] VN: raw=23.8% → posterior=22.4% (n=6, shrink=0.11)
2026-03-25 01:42:39,097 - __main__ - INFO -      [country] NO: raw=19.8% → posterior=22.2% (n=81, shrink=0.89)
2026-03-25 01:42:39,097 - __main__ - INFO -      [country] PH: raw=19.0% → posterior=22.0% (n=5, shrink=0.08)
2026-03-25 01:42:39,097 - __main__ - INFO -      [country] TH: raw=21.8% → posterior=21.9% (n=23, shrink=0.64)
2026-03-25 01:42:39,097 - __main__ - INFO -      [country] OM: raw=-5.9% → posterior=19.3% (n=12, shrink=0.32)
2026-03-25 01:42:39,097 - __main__ - INFO -      [country] MY: raw=18.0% → posterior=19.0% (n=31, shrink=0.76)
2026-03-25 01:42:39,098 - __main__ - INFO -      [country] KR: raw=17.8% → posterior=18.1% (n=111, shrink=0.92)
2026-03-25 01:42:39,098 - __main__ - INFO -      [country] TW: raw=16.3% → posterior=16.8% (n=100, shrink=0.91)
2026-03-25 01:42:39,098 - __main__ - INFO -      [country] NG: raw=-18.4% → posterior=15.2% (n=12, shrink=0.32)
2026-03-25 01:42:39,099 - __main__ - INFO -      [country] JP: raw=14.5% → posterior=14.7% (n=359, shrink=0.97)
2026-03-25 01:42:39,100 - __main__ - INFO -      [trading_country] GB: raw=59.7% → posterior=59.1% (n=289, shrink=0.97)
2026-03-25 01:42:39,100 - __main__ - INFO -      [trading_country] DE: raw=54.7% → posterior=54.0% (n=181, shrink=0.95)
2026-03-25 01:42:39,100 - __main__ - INFO -      [trading_country] SE: raw=47.8% → posterior=47.5% (n=171, shrink=0.94)
2026-03-25 01:42:39,101 - __main__ - INFO -      [trading_country] BE: raw=47.5% → posterior=46.4% (n=39, shrink=0.80)
2026-03-25 01:42:39,101 - __main__ - INFO -      [trading_country] IT: raw=45.9% → posterior=45.6% (n=104, shrink=0.91)
2026-03-25 01:42:39,101 - __main__ - INFO -      [trading_country] IE: raw=32.6% → posterior=41.6% (n=4, shrink=0.05)
2026-03-25 01:42:39,101 - __main__ - INFO -      [trading_country] SI: raw=-1.3% → posterior=40.8% (n=3, shrink=0.03)
2026-03-25 01:42:39,102 - __main__ - INFO -      [trading_country] HU: raw=-6.4% → posterior=40.7% (n=3, shrink=0.03)
2026-03-25 01:42:39,102 - __main__ - INFO -      [trading_country] FR: raw=40.0% → posterior=40.1% (n=157, shrink=0.94)
2026-03-25 01:42:39,102 - __main__ - INFO -      [trading_country] CZ: raw=-0.7% → posterior=39.9% (n=4, shrink=0.05)
2026-03-25 01:42:39,102 - __main__ - INFO -      [trading_country] MX: raw=41.2% → posterior=39.6% (n=42, shrink=0.81)
2026-03-25 01:42:39,102 - __main__ - INFO -      [trading_country] TR: raw=40.6% → posterior=39.1% (n=51, shrink=0.84)
2026-03-25 01:42:39,102 - __main__ - INFO -      [trading_country] US: raw=38.7% → posterior=38.7% (n=1706, shrink=0.99)
2026-03-25 01:42:39,102 - __main__ - INFO -      [trading_country] AE: raw=40.7% → posterior=38.5% (n=32, shrink=0.76)
2026-03-25 01:42:39,103 - __main__ - INFO -      [trading_country] NL: raw=37.5% → posterior=38.2% (n=51, shrink=0.84)
2026-03-25 01:42:39,103 - __main__ - INFO -      [trading_country] HR: raw=9.0% → posterior=37.4% (n=7, shrink=0.14)
2026-03-25 01:42:39,103 - __main__ - INFO -      [trading_country] HK: raw=36.9% → posterior=36.0% (n=165, shrink=0.94)
2026-03-25 01:42:39,103 - __main__ - INFO -      [trading_country] DK: raw=33.4% → posterior=35.4% (n=34, shrink=0.77)
2026-03-25 01:42:39,103 - __main__ - INFO -      [trading_country] PT: raw=15.5% → posterior=34.4% (n=11, shrink=0.29)
2026-03-25 01:42:39,103 - __main__ - INFO -      [trading_country] GR: raw=24.0% → posterior=33.8% (n=16, shrink=0.46)
2026-03-25 01:42:39,103 - __main__ - INFO -      [trading_country] ID: raw=37.5% → posterior=33.5% (n=29, shrink=0.74)
2026-03-25 01:42:39,103 - __main__ - INFO -      [trading_country] SA: raw=33.4% → posterior=33.2% (n=72, shrink=0.88)
2026-03-25 01:42:39,103 - __main__ - INFO -      [trading_country] CA: raw=32.7% → posterior=32.9% (n=201, shrink=0.95)
2026-03-25 01:42:39,104 - __main__ - INFO -      [trading_country] ES: raw=30.9% → posterior=32.7% (n=53, shrink=0.84)
2026-03-25 01:42:39,104 - __main__ - INFO -      [trading_country] QA: raw=34.9% → posterior=32.5% (n=12, shrink=0.32)
2026-03-25 01:42:39,104 - __main__ - INFO -      [trading_country] PE: raw=13.2% → posterior=32.2% (n=3, shrink=0.03)
2026-03-25 01:42:39,104 - __main__ - INFO -      [trading_country] BR: raw=31.4% → posterior=31.5% (n=118, shrink=0.92)
2026-03-25 01:42:39,105 - __main__ - INFO -      [trading_country] MA: raw=33.9% → posterior=31.5% (n=4, shrink=0.05)
2026-03-25 01:42:39,105 - __main__ - INFO -      [trading_country] CH: raw=30.2% → posterior=31.4% (n=95, shrink=0.90)
2026-03-25 01:42:39,105 - __main__ - INFO -      [trading_country] CO: raw=8.8% → posterior=30.2% (n=6, shrink=0.11)
2026-03-25 01:42:39,105 - __main__ - INFO -      [trading_country] GH: raw=-13.2% → posterior=30.1% (n=3, shrink=0.03)
2026-03-25 01:42:39,105 - __main__ - INFO -      [trading_country] CL: raw=26.9% → posterior=29.9% (n=17, shrink=0.49)
2026-03-25 01:42:39,105 - __main__ - INFO -      [trading_country] KW: raw=15.8% → posterior=29.7% (n=6, shrink=0.11)
2026-03-25 01:42:39,105 - __main__ - INFO -      [trading_country] ZA: raw=29.1% → posterior=29.6% (n=36, shrink=0.78)
2026-03-25 01:42:39,105 - __main__ - INFO -      [trading_country] AU: raw=30.6% → posterior=29.3% (n=55, shrink=0.85)
2026-03-25 01:42:39,106 - __main__ - INFO -      [trading_country] FI: raw=27.3% → posterior=29.0% (n=79, shrink=0.89)
2026-03-25 01:42:39,106 - __main__ - INFO -      [trading_country] EG: raw=24.9% → posterior=28.4% (n=16, shrink=0.46)
2026-03-25 01:42:39,106 - __main__ - INFO -      [trading_country] IL: raw=-7.8% → posterior=28.3% (n=5, shrink=0.08)
2026-03-25 01:42:39,106 - __main__ - INFO -      [trading_country] RO: raw=-13.2% → posterior=28.3% (n=10, shrink=0.25)
2026-03-25 01:42:39,106 - __main__ - INFO -      [trading_country] AT: raw=17.2% → posterior=26.8% (n=22, shrink=0.62)
2026-03-25 01:42:39,106 - __main__ - INFO -      [trading_country] PL: raw=22.5% → posterior=25.5% (n=54, shrink=0.84)
2026-03-25 01:42:39,106 - __main__ - INFO -      [trading_country] IN: raw=23.5% → posterior=23.4% (n=211, shrink=0.95)
2026-03-25 01:42:39,106 - __main__ - INFO -      [trading_country] NO: raw=21.5% → posterior=23.4% (n=99, shrink=0.91)
2026-03-25 01:42:39,106 - __main__ - INFO -      [trading_country] VN: raw=23.8% → posterior=22.4% (n=6, shrink=0.11)
2026-03-25 01:42:39,107 - __main__ - INFO -      [trading_country] PH: raw=19.0% → posterior=22.0% (n=5, shrink=0.08)
2026-03-25 01:42:39,107 - __main__ - INFO -      [trading_country] TH: raw=21.8% → posterior=22.0% (n=22, shrink=0.62)
2026-03-25 01:42:39,107 - __main__ - INFO -      [trading_country] NZ: raw=16.0% → posterior=21.6% (n=6, shrink=0.11)
2026-03-25 01:42:39,108 - __main__ - INFO -      [trading_country] CN: raw=20.0% → posterior=20.1% (n=568, shrink=0.98)
2026-03-25 01:42:39,108 - __main__ - INFO -      [trading_country] OM: raw=-5.9% → posterior=19.3% (n=12, shrink=0.32)
2026-03-25 01:42:39,108 - __main__ - INFO -      [trading_country] MY: raw=18.0% → posterior=19.0% (n=31, shrink=0.76)
2026-03-25 01:42:39,108 - __main__ - INFO -      [trading_country] SG: raw=11.1% → posterior=18.2% (n=13, shrink=0.36)
2026-03-25 01:42:39,108 - __main__ - INFO -      [trading_country] KR: raw=17.8% → posterior=18.1% (n=111, shrink=0.92)
2026-03-25 01:42:39,109 - __main__ - INFO -      [trading_country] TW: raw=16.3% → posterior=16.9% (n=101, shrink=0.91)
2026-03-25 01:42:39,109 - __main__ - INFO -      [trading_country] NG: raw=-21.1% → posterior=16.3% (n=11, shrink=0.29)
2026-03-25 01:42:39,109 - __main__ - INFO -      [trading_country] JP: raw=14.5% → posterior=14.7% (n=359, shrink=0.97)
2026-03-25 01:42:39,110 - __main__ - INFO -      [exchange] AIM: raw=92.4% → posterior=89.0% (n=95, shrink=0.90)
2026-03-25 01:42:39,110 - __main__ - INFO -      [exchange] NasdaqGM: raw=87.7% → posterior=83.3% (n=105, shrink=0.91)
2026-03-25 01:42:39,111 - __main__ - INFO -      [exchange] NasdaqCM: raw=81.6% → posterior=76.1% (n=71, shrink=0.88)
2026-03-25 01:42:39,111 - __main__ - INFO -      [exchange] XTRA: raw=52.4% → posterior=52.3% (n=176, shrink=0.95)
2026-03-25 01:42:39,111 - __main__ - INFO -      [exchange] DB: raw=97.8% → posterior=52.1% (n=3, shrink=0.03)
2026-03-25 01:42:39,111 - __main__ - INFO -      [exchange] OM: raw=48.8% → posterior=48.7% (n=169, shrink=0.94)
2026-03-25 01:42:39,111 - __main__ - INFO -      [exchange] ENXTBR: raw=47.5% → posterior=46.3% (n=39, shrink=0.80)
2026-03-25 01:42:39,112 - __main__ - INFO -      [exchange] BIT: raw=45.9% → posterior=46.0% (n=104, shrink=0.91)
2026-03-25 01:42:39,112 - __main__ - INFO -      [exchange] ISE: raw=32.6% → posterior=45.6% (n=4, shrink=0.05)
2026-03-25 01:42:39,112 - __main__ - INFO -      [exchange] LSE: raw=43.7% → posterior=44.4% (n=194, shrink=0.95)
2026-03-25 01:42:39,112 - __main__ - INFO -      [exchange] NasdaqGS: raw=42.2% → posterior=42.1% (n=622, shrink=0.98)
2026-03-25 01:42:39,112 - __main__ - INFO -      [exchange] BMV: raw=41.2% → posterior=41.0% (n=42, shrink=0.81)
2026-03-25 01:42:39,113 - __main__ - INFO -      [exchange] ADX: raw=42.0% → posterior=40.8% (n=20, shrink=0.57)
2026-03-25 01:42:39,113 - __main__ - INFO -      [exchange] IBSE: raw=40.6% → posterior=40.3% (n=51, shrink=0.84)
2026-03-25 01:42:39,114 - __main__ - INFO -      [exchange] NYSEAM: raw=69.2% → posterior=40.1% (n=5, shrink=0.08)
2026-03-25 01:42:39,114 - __main__ - INFO -      [exchange] ENXTPA: raw=40.0% → posterior=40.0% (n=157, shrink=0.94)
2026-03-25 01:42:39,114 - __main__ - INFO -      [exchange] LJSE: raw=-1.3% → posterior=39.6% (n=3, shrink=0.03)
2026-03-25 01:42:39,114 - __main__ - INFO -      [exchange] ENXTAM: raw=37.5% → posterior=39.2% (n=51, shrink=0.84)
2026-03-25 01:42:39,115 - __main__ - INFO -      [exchange] CNSX: raw=90.1% → posterior=39.2% (n=3, shrink=0.03)
2026-03-25 01:42:39,115 - __main__ - INFO -      [exchange] BUSE: raw=-6.4% → posterior=39.1% (n=3, shrink=0.03)
2026-03-25 01:42:39,115 - __main__ - INFO -      [exchange] DFM: raw=38.5% → posterior=39.0% (n=12, shrink=0.32)
2026-03-25 01:42:39,115 - __main__ - INFO -      [exchange] SEP: raw=-0.7% → posterior=37.3% (n=4, shrink=0.05)
2026-03-25 01:42:39,115 - __main__ - INFO -      [exchange] TSXV: raw=66.8% → posterior=37.0% (n=8, shrink=0.18)
2026-03-25 01:42:39,116 - __main__ - INFO -      [exchange] IDX: raw=37.5% → posterior=36.5% (n=29, shrink=0.74)
2026-03-25 01:42:39,116 - __main__ - INFO -      [exchange] SEHK: raw=36.9% → posterior=36.1% (n=165, shrink=0.94)
2026-03-25 01:42:39,116 - __main__ - INFO -      [exchange] CPSE: raw=33.4% → posterior=33.7% (n=34, shrink=0.77)
2026-03-25 01:42:39,116 - __main__ - INFO -      [exchange] ZGSE: raw=9.0% → posterior=33.4% (n=7, shrink=0.14)
2026-03-25 01:42:39,116 - __main__ - INFO -      [exchange] SASE: raw=33.4% → posterior=33.4% (n=72, shrink=0.88)
2026-03-25 01:42:39,117 - __main__ - INFO -      [exchange] DSM: raw=34.9% → posterior=33.3% (n=12, shrink=0.32)
2026-03-25 01:42:39,117 - __main__ - INFO -      [exchange] CBSE: raw=33.9% → posterior=31.6% (n=4, shrink=0.05)
2026-03-25 01:42:39,117 - __main__ - INFO -      [exchange] BOVESPA: raw=31.4% → posterior=31.4% (n=118, shrink=0.92)
2026-03-25 01:42:39,117 - __main__ - INFO -      [exchange] BVL: raw=13.2% → posterior=31.2% (n=3, shrink=0.03)
2026-03-25 01:42:39,117 - __main__ - INFO -      [exchange] JSE: raw=29.1% → posterior=31.1% (n=36, shrink=0.78)
2026-03-25 01:42:39,117 - __main__ - INFO -      [exchange] BME: raw=30.9% → posterior=31.0% (n=53, shrink=0.84)
2026-03-25 01:42:39,117 - __main__ - INFO -      [exchange] ASX: raw=30.6% → posterior=30.8% (n=55, shrink=0.85)
2026-03-25 01:42:39,118 - __main__ - INFO -      [exchange] SWX: raw=30.2% → posterior=30.5% (n=95, shrink=0.90)
2026-03-25 01:42:39,118 - __main__ - INFO -      [exchange] TSX: raw=30.1% → posterior=30.1% (n=189, shrink=0.95)
2026-03-25 01:42:39,118 - __main__ - INFO -      [exchange] ENXTLS: raw=15.5% → posterior=30.0% (n=11, shrink=0.29)
2026-03-25 01:42:39,118 - __main__ - INFO -      [exchange] GHSE: raw=-13.2% → posterior=28.8% (n=3, shrink=0.03)
2026-03-25 01:42:39,118 - __main__ - INFO -      [exchange] TASE: raw=-7.8% → posterior=28.3% (n=5, shrink=0.08)
2026-03-25 01:42:39,118 - __main__ - INFO -      [exchange] KWSE: raw=15.8% → posterior=28.2% (n=6, shrink=0.11)
2026-03-25 01:42:39,119 - __main__ - INFO -      [exchange] BVC: raw=8.8% → posterior=27.9% (n=6, shrink=0.11)
2026-03-25 01:42:39,119 - __main__ - INFO -      [exchange] SNSE: raw=26.9% → posterior=27.9% (n=17, shrink=0.49)
2026-03-25 01:42:39,119 - __main__ - INFO -      [exchange] HLSE: raw=27.3% → posterior=27.5% (n=79, shrink=0.89)
2026-03-25 01:42:39,120 - __main__ - INFO -      [exchange] ATSE: raw=24.0% → posterior=27.2% (n=16, shrink=0.46)
2026-03-25 01:42:39,120 - __main__ - INFO -      [exchange] NYSE: raw=27.0% → posterior=27.1% (n=899, shrink=0.99)
2026-03-25 01:42:39,120 - __main__ - INFO -      [exchange] CASE: raw=24.9% → posterior=26.8% (n=16, shrink=0.46)
2026-03-25 01:42:39,120 - __main__ - INFO -      [exchange] NSEI: raw=25.4% → posterior=25.4% (n=151, shrink=0.94)
2026-03-25 01:42:39,121 - __main__ - INFO -      [exchange] SGX: raw=11.1% → posterior=25.3% (n=13, shrink=0.36)
2026-03-25 01:42:39,121 - __main__ - INFO -      [exchange] OTCPK: raw=28.7% → posterior=24.2% (n=4, shrink=0.05)
2026-03-25 01:42:39,121 - __main__ - INFO -      [exchange] WSE: raw=22.5% → posterior=23.0% (n=54, shrink=0.84)
2026-03-25 01:42:39,121 - __main__ - INFO -      [exchange] HOSE: raw=23.8% → posterior=22.6% (n=6, shrink=0.11)
2026-03-25 01:42:39,121 - __main__ - INFO -      [exchange] NZSE: raw=16.0% → posterior=21.8% (n=6, shrink=0.11)
2026-03-25 01:42:39,122 - __main__ - INFO -      [exchange] SET: raw=21.8% → posterior=21.8% (n=22, shrink=0.62)
2026-03-25 01:42:39,122 - __main__ - INFO -      [exchange] WBAG: raw=17.2% → posterior=21.8% (n=22, shrink=0.62)
2026-03-25 01:42:39,122 - __main__ - INFO -      [exchange] PSE: raw=19.0% → posterior=21.8% (n=5, shrink=0.08)
2026-03-25 01:42:39,122 - __main__ - INFO -      [exchange] OB: raw=21.5% → posterior=21.6% (n=99, shrink=0.91)
2026-03-25 01:42:39,122 - __main__ - INFO -      [exchange] SHSE: raw=21.3% → posterior=21.4% (n=302, shrink=0.97)
2026-03-25 01:42:39,123 - __main__ - INFO -      [exchange] BVB: raw=-13.2% → posterior=20.8% (n=10, shrink=0.25)
2026-03-25 01:42:39,123 - __main__ - INFO -      [exchange] BSE: raw=18.5% → posterior=19.3% (n=60, shrink=0.86)
2026-03-25 01:42:39,123 - __main__ - INFO -      [exchange] KOSE: raw=19.2% → posterior=19.1% (n=98, shrink=0.91)
2026-03-25 01:42:39,123 - __main__ - INFO -      [exchange] SZSE: raw=18.6% → posterior=18.8% (n=266, shrink=0.96)
2026-03-25 01:42:39,123 - __main__ - INFO -      [exchange] KLSE: raw=18.0% → posterior=18.2% (n=31, shrink=0.76)
2026-03-25 01:42:39,124 - __main__ - INFO -      [exchange] TWSE: raw=16.8% → posterior=16.8% (n=83, shrink=0.89)
2026-03-25 01:42:39,124 - __main__ - INFO -      [exchange] TPEX: raw=14.3% → posterior=15.5% (n=18, shrink=0.52)
2026-03-25 01:42:39,124 - __main__ - INFO -      [exchange] TSE: raw=14.5% → posterior=14.5% (n=359, shrink=0.97)
2026-03-25 01:42:39,124 - __main__ - INFO -      [exchange] KOSDAQ: raw=7.2% → posterior=14.2% (n=13, shrink=0.36)
2026-03-25 01:42:39,124 - __main__ - INFO -      [exchange] MSM: raw=-5.9% → posterior=11.1% (n=12, shrink=0.32)
2026-03-25 01:42:39,125 - __main__ - INFO -      [exchange] NGSE: raw=-21.1% → posterior=4.8% (n=11, shrink=0.29)
2026-03-25 01:42:39,126 - __main__ - INFO -      [unit] GBP: raw=59.9% → posterior=59.0% (n=287, shrink=0.97)
2026-03-25 01:42:39,126 - __main__ - INFO -      [unit] SEK: raw=47.5% → posterior=46.7% (n=170, shrink=0.94)
2026-03-25 01:42:39,127 - __main__ - INFO -      [unit] EUR: raw=40.8% → posterior=40.7% (n=731, shrink=0.99)
2026-03-25 01:42:39,127 - __main__ - INFO -      [unit] MXN: raw=41.2% → posterior=39.7% (n=42, shrink=0.81)
2026-03-25 01:42:39,127 - __main__ - INFO -      [unit] TRY: raw=40.6% → posterior=39.4% (n=51, shrink=0.84)
2026-03-25 01:42:39,127 - __main__ - INFO -      [unit] AED: raw=40.7% → posterior=38.9% (n=32, shrink=0.76)
2026-03-25 01:42:39,127 - __main__ - INFO -      [unit] USD: raw=38.7% → posterior=38.6% (n=1710, shrink=0.99)
2026-03-25 01:42:39,127 - __main__ - INFO -      [unit] HKD: raw=36.9% → posterior=36.7% (n=165, shrink=0.94)
2026-03-25 01:42:39,128 - __main__ - INFO -      [unit] IDR: raw=37.5% → posterior=36.4% (n=29, shrink=0.74)
2026-03-25 01:42:39,128 - __main__ - INFO -      [unit] QAR: raw=34.9% → posterior=33.8% (n=12, shrink=0.32)
2026-03-25 01:42:39,128 - __main__ - INFO -      [unit] SAR: raw=33.4% → posterior=33.4% (n=72, shrink=0.88)
2026-03-25 01:42:39,128 - __main__ - INFO -      [unit] DKK: raw=33.4% → posterior=33.4% (n=34, shrink=0.77)
2026-03-25 01:42:39,128 - __main__ - INFO -      [unit] MAD: raw=33.9% → posterior=33.3% (n=4, shrink=0.05)
2026-03-25 01:42:39,129 - __main__ - INFO -      [unit] CAD: raw=32.7% → posterior=32.7% (n=201, shrink=0.95)
2026-03-25 01:42:39,129 - __main__ - INFO -      [unit] VND: raw=23.8% → posterior=32.3% (n=6, shrink=0.11)
2026-03-25 01:42:39,129 - __main__ - INFO -      [unit] PHP: raw=19.0% → posterior=32.2% (n=5, shrink=0.08)
2026-03-25 01:42:39,129 - __main__ - INFO -      [unit] HUF: raw=-6.4% → posterior=32.1% (n=3, shrink=0.03)
2026-03-25 01:42:39,130 - __main__ - INFO -      [unit] GHS: raw=-13.2% → posterior=31.9% (n=3, shrink=0.03)
2026-03-25 01:42:39,130 - __main__ - INFO -      [unit] CZK: raw=-0.7% → posterior=31.6% (n=4, shrink=0.05)
2026-03-25 01:42:39,130 - __main__ - INFO -      [unit] BRL: raw=31.4% → posterior=31.5% (n=118, shrink=0.92)
2026-03-25 01:42:39,130 - __main__ - INFO -      [unit] NZD: raw=16.0% → posterior=31.4% (n=6, shrink=0.11)
2026-03-25 01:42:39,130 - __main__ - INFO -      [unit] KWD: raw=15.8% → posterior=31.4% (n=6, shrink=0.11)
2026-03-25 01:42:39,130 - __main__ - INFO -      [unit] AUD: raw=30.6% → posterior=31.0% (n=55, shrink=0.85)
2026-03-25 01:42:39,131 - __main__ - INFO -      [unit] COP: raw=8.8% → posterior=30.7% (n=6, shrink=0.11)
2026-03-25 01:42:39,131 - __main__ - INFO -      [unit] CHF: raw=30.2% → posterior=30.5% (n=95, shrink=0.90)
2026-03-25 01:42:39,131 - __main__ - INFO -      [unit] CLP: raw=26.9% → posterior=30.1% (n=17, shrink=0.49)
2026-03-25 01:42:39,131 - __main__ - INFO -      [unit] ILS: raw=-7.8% → posterior=30.1% (n=5, shrink=0.08)
2026-03-25 01:42:39,131 - __main__ - INFO -      [unit] ZAR: raw=29.1% → posterior=30.0% (n=36, shrink=0.78)
2026-03-25 01:42:39,131 - __main__ - INFO -      [unit] EGP: raw=24.9% → posterior=29.4% (n=16, shrink=0.46)
2026-03-25 01:42:39,131 - __main__ - INFO -      [unit] THB: raw=21.8% → posterior=26.2% (n=22, shrink=0.62)
2026-03-25 01:42:39,131 - __main__ - INFO -      [unit] SGD: raw=10.5% → posterior=25.9% (n=12, shrink=0.32)
2026-03-25 01:42:39,131 - __main__ - INFO -      [unit] PLN: raw=22.5% → posterior=24.1% (n=54, shrink=0.84)
2026-03-25 01:42:39,132 - __main__ - INFO -      [unit] INR: raw=23.5% → posterior=23.9% (n=211, shrink=0.95)
2026-03-25 01:42:39,132 - __main__ - INFO -      [unit] NOK: raw=21.5% → posterior=22.6% (n=99, shrink=0.91)
2026-03-25 01:42:39,132 - __main__ - INFO -      [unit] MYR: raw=18.0% → posterior=21.7% (n=31, shrink=0.76)
2026-03-25 01:42:39,132 - __main__ - INFO -      [unit] RON: raw=-13.2% → posterior=21.7% (n=10, shrink=0.25)
2026-03-25 01:42:39,133 - __main__ - INFO -      [unit] OMR: raw=-5.9% → posterior=20.6% (n=12, shrink=0.32)
2026-03-25 01:42:39,133 - __main__ - INFO -      [unit] CNY: raw=20.0% → posterior=20.3% (n=568, shrink=0.98)
2026-03-25 01:42:39,133 - __main__ - INFO -      [unit] KRW: raw=17.8% → posterior=19.1% (n=111, shrink=0.92)
2026-03-25 01:42:39,133 - __main__ - INFO -      [unit] TWD: raw=16.3% → posterior=17.9% (n=101, shrink=0.91)
2026-03-25 01:42:39,133 - __main__ - INFO -      [unit] NGN: raw=-21.1% → posterior=17.7% (n=11, shrink=0.29)
2026-03-25 01:42:39,134 - __main__ - INFO -      [unit] JPY: raw=14.5% → posterior=15.0% (n=359, shrink=0.97)
2026-03-25 01:42:39,135 - __main__ - INFO -      [sector] Health Care: raw=57.7% → posterior=57.4% (n=723, shrink=0.99)
2026-03-25 01:42:39,135 - __main__ - INFO -      [sector] Consumer Discretionary: raw=39.8% → posterior=39.8% (n=798, shrink=0.99)
2026-03-25 01:42:39,136 - __main__ - INFO -      [sector] Communication Services: raw=34.5% → posterior=34.0% (n=246, shrink=0.96)
2026-03-25 01:42:39,136 - __main__ - INFO -      [sector] Information Technology: raw=33.9% → posterior=33.8% (n=847, shrink=0.99)
2026-03-25 01:42:39,136 - __main__ - INFO -      [sector] Materials: raw=30.2% → posterior=30.1% (n=605, shrink=0.98)
2026-03-25 01:42:39,136 - __main__ - INFO -      [sector] Consumer Staples: raw=28.6% → posterior=28.5% (n=505, shrink=0.98)
2026-03-25 01:42:39,137 - __main__ - INFO -      [sector] Industrials: raw=27.7% → posterior=27.8% (n=1249, shrink=0.99)
2026-03-25 01:42:39,137 - __main__ - INFO -      [sector] Utilities: raw=12.7% → posterior=13.1% (n=235, shrink=0.96)
2026-03-25 01:42:39,137 - __main__ - INFO -      [sector] Energy: raw=9.8% → posterior=10.6% (n=327, shrink=0.97)
2026-03-25 01:42:39,138 - __main__ - INFO -      [industry] Biotechnology: raw=87.8% → posterior=86.4% (n=209, shrink=0.95)
2026-03-25 01:42:39,139 - __main__ - INFO -      [industry] Software: raw=64.5% → posterior=63.2% (n=218, shrink=0.96)
2026-03-25 01:42:39,139 - __main__ - INFO -      [industry] Professional Services: raw=59.3% → posterior=56.0% (n=85, shrink=0.89)
2026-03-25 01:42:39,139 - __main__ - INFO -      [industry] Health Care Technology: raw=54.3% → posterior=55.2% (n=28, shrink=0.72)
2026-03-25 01:42:39,139 - __main__ - INFO -      [industry] Life Sciences Tools and Services: raw=52.3% → posterior=53.0% (n=64, shrink=0.86)
2026-03-25 01:42:39,139 - __main__ - INFO -      [industry] Interactive Media and Services: raw=54.2% → posterior=50.7% (n=47, shrink=0.82)
2026-03-25 01:42:39,139 - __main__ - INFO -      [industry] Pharmaceuticals: raw=48.9% → posterior=49.3% (n=170, shrink=0.94)
2026-03-25 01:42:39,139 - __main__ - INFO -      [industry] Health Care Equipment and Supplies: raw=46.1% → posterior=46.9% (n=124, shrink=0.93)
2026-03-25 01:42:39,140 - __main__ - INFO -      [industry] Leisure Products: raw=49.4% → posterior=46.9% (n=29, shrink=0.74)
2026-03-25 01:42:39,140 - __main__ - INFO -      [industry] Entertainment: raw=47.8% → posterior=46.3% (n=81, shrink=0.89)
2026-03-25 01:42:39,140 - __main__ - INFO -      [industry] Distributors: raw=55.1% → posterior=44.8% (n=12, shrink=0.32)
2026-03-25 01:42:39,140 - __main__ - INFO -      [industry] Hotels Restaurants and Leisure: raw=45.0% → posterior=44.7% (n=163, shrink=0.94)
2026-03-25 01:42:39,141 - __main__ - INFO -      [industry] Media: raw=45.8% → posterior=43.6% (n=70, shrink=0.88)
2026-03-25 01:42:39,141 - __main__ - INFO -      [industry] IT Services: raw=41.9% → posterior=41.2% (n=107, shrink=0.91)
2026-03-25 01:42:39,142 - __main__ - INFO -      [industry] Specialty Retail: raw=41.2% → posterior=41.1% (n=155, shrink=0.94)
2026-03-25 01:42:39,142 - __main__ - INFO -      [industry] Household Durables: raw=38.8% → posterior=38.9% (n=107, shrink=0.91)
2026-03-25 01:42:39,142 - __main__ - INFO -      [industry] Automobile Components: raw=38.6% → posterior=38.7% (n=112, shrink=0.92)
2026-03-25 01:42:39,143 - __main__ - INFO -      [industry] Metals and Mining: raw=38.7% → posterior=38.3% (n=260, shrink=0.96)
2026-03-25 01:42:39,143 - __main__ - INFO -      [industry] Health Care Providers and Services: raw=35.2% → posterior=36.8% (n=128, shrink=0.93)
2026-03-25 01:42:39,143 - __main__ - INFO -      [industry] Commercial Services and Supplies: raw=36.9% → posterior=36.0% (n=87, shrink=0.90)
2026-03-25 01:42:39,143 - __main__ - INFO -      [industry] Textiles Apparel and Luxury Goods: raw=35.1% → posterior=35.7% (n=68, shrink=0.87)
2026-03-25 01:42:39,144 - __main__ - INFO -      [industry] Passenger Airlines: raw=37.6% → posterior=35.7% (n=42, shrink=0.81)
2026-03-25 01:42:39,144 - __main__ - INFO -      [industry] Diversified Consumer Services: raw=34.7% → posterior=35.7% (n=45, shrink=0.82)
2026-03-25 01:42:39,144 - __main__ - INFO -      [industry] Broadline Retail: raw=34.8% → posterior=35.7% (n=47, shrink=0.82)
2026-03-25 01:42:39,145 - __main__ - INFO -      [industry] Building Products: raw=34.0% → posterior=33.3% (n=71, shrink=0.88)
2026-03-25 01:42:39,145 - __main__ - INFO -      [industry] Automobiles: raw=31.4% → posterior=32.6% (n=60, shrink=0.86)
2026-03-25 01:42:39,145 - __main__ - INFO -      [industry] Personal Care Products: raw=32.9% → posterior=32.0% (n=42, shrink=0.81)
2026-03-25 01:42:39,145 - __main__ - INFO -      [industry] Paper and Forest Products: raw=31.5% → posterior=31.0% (n=24, shrink=0.66)
2026-03-25 01:42:39,145 - __main__ - INFO -      [industry] Trading Companies and Distributors: raw=31.3% → posterior=30.8% (n=73, shrink=0.88)
2026-03-25 01:42:39,145 - __main__ - INFO -      [industry] Construction Materials: raw=31.0% → posterior=30.8% (n=57, shrink=0.85)
2026-03-25 01:42:39,145 - __main__ - INFO -      [industry] Containers and Packaging: raw=28.5% → posterior=28.8% (n=34, shrink=0.77)
2026-03-25 01:42:39,146 - __main__ - INFO -      [industry] Technology Hardware Storage and Peripherals: raw=27.4% → posterior=28.3% (n=60, shrink=0.86)
2026-03-25 01:42:39,146 - __main__ - INFO -      [industry] Consumer Staples Distribution and Retail: raw=28.2% → posterior=28.2% (n=99, shrink=0.91)
2026-03-25 01:42:39,146 - __main__ - INFO -      [industry] Beverages: raw=26.5% → posterior=26.7% (n=73, shrink=0.88)
2026-03-25 01:42:39,146 - __main__ - INFO -      [industry] Ground Transportation: raw=26.4% → posterior=26.6% (n=72, shrink=0.88)
2026-03-25 01:42:39,147 - __main__ - INFO -      [industry] Aerospace and Defense: raw=26.1% → posterior=26.2% (n=95, shrink=0.90)
2026-03-25 01:42:39,147 - __main__ - INFO -      [industry] Industrial Conglomerates: raw=25.4% → posterior=25.8% (n=46, shrink=0.82)
2026-03-25 01:42:39,147 - __main__ - INFO -      [industry] Tobacco: raw=17.5% → posterior=25.3% (n=11, shrink=0.29)
2026-03-25 01:42:39,147 - __main__ - INFO -      [industry] Machinery: raw=24.5% → posterior=24.6% (n=266, shrink=0.96)
2026-03-25 01:42:39,148 - __main__ - INFO -      [industry] Food Products: raw=24.2% → posterior=24.4% (n=190, shrink=0.95)
2026-03-25 01:42:39,148 - __main__ - INFO -      [industry] Electronic Equipment Instruments and Components: raw=22.8% → posterior=23.3% (n=203, shrink=0.95)
2026-03-25 01:42:39,148 - __main__ - INFO -      [industry] Electrical Equipment: raw=21.8% → posterior=22.1% (n=178, shrink=0.95)
2026-03-25 01:42:39,148 - __main__ - INFO -      [industry] Household Products: raw=16.6% → posterior=21.7% (n=20, shrink=0.57)
2026-03-25 01:42:39,148 - __main__ - INFO -      [industry] Air Freight and Logistics: raw=19.9% → posterior=21.6% (n=36, shrink=0.78)
2026-03-25 01:42:39,148 - __main__ - INFO -      [industry] Diversified Telecommunication Services: raw=20.0% → posterior=21.6% (n=76, shrink=0.88)
2026-03-25 01:42:39,149 - __main__ - INFO -      [industry] Transportation Infrastructure: raw=19.7% → posterior=21.1% (n=48, shrink=0.83)
2026-03-25 01:42:39,149 - __main__ - INFO -      [industry] Chemicals: raw=20.6% → posterior=21.0% (n=230, shrink=0.96)
2026-03-25 01:42:39,149 - __main__ - INFO -      [industry] Construction and Engineering: raw=20.2% → posterior=20.8% (n=117, shrink=0.92)
2026-03-25 01:42:39,149 - __main__ - INFO -      [industry] Communications Equipment: raw=16.6% → posterior=19.5% (n=50, shrink=0.83)
2026-03-25 01:42:39,149 - __main__ - INFO -      [industry] Multi-Utilities: raw=18.4% → posterior=17.1% (n=33, shrink=0.77)
2026-03-25 01:42:39,150 - __main__ - INFO -      [industry] Wireless Telecommunication Services: raw=12.9% → posterior=17.0% (n=42, shrink=0.81)
2026-03-25 01:42:39,150 - __main__ - INFO -      [industry] Independent Power and Renewable Electricity Producers: raw=15.8% → posterior=15.5% (n=69, shrink=0.87)
2026-03-25 01:42:39,150 - __main__ - INFO -      [industry] Semiconductors and Semiconductor Equipment: raw=14.6% → posterior=15.4% (n=209, shrink=0.95)
2026-03-25 01:42:39,151 - __main__ - INFO -      [industry] Water Utilities: raw=12.2% → posterior=12.6% (n=18, shrink=0.52)
2026-03-25 01:42:39,151 - __main__ - INFO -      [industry] Gas Utilities: raw=10.0% → posterior=10.7% (n=36, shrink=0.78)
2026-03-25 01:42:39,151 - __main__ - INFO -      [industry] Oil Gas and Consumable Fuels: raw=10.2% → posterior=10.2% (n=255, shrink=0.96)
2026-03-25 01:42:39,151 - __main__ - INFO -      [industry] Marine Transportation: raw=4.0% → posterior=9.5% (n=33, shrink=0.77)
2026-03-25 01:42:39,151 - __main__ - INFO -      [industry] Electric Utilities: raw=9.0% → posterior=9.4% (n=79, shrink=0.89)
2026-03-25 01:42:39,152 - __main__ - INFO -      [industry] Energy Equipment and Services: raw=8.3% → posterior=8.6% (n=72, shrink=0.88)
2026-03-25 01:42:39,153 - __main__ - INFO -      [style_class] Core: raw=34.7% → posterior=34.7% (n=3216, shrink=1.00)
2026-03-25 01:42:39,153 - __main__ - INFO -      [style_class] Growth: raw=33.2% → posterior=33.2% (n=739, shrink=0.99)
2026-03-25 01:42:39,153 - __main__ - INFO -      [style_class] Value: raw=30.4% → posterior=30.4% (n=1580, shrink=0.99)
2026-03-25 01:42:39,155 - __main__ - INFO -      [size_class] Small Cap: raw=45.1% → posterior=45.1% (n=2867, shrink=1.00)
2026-03-25 01:42:39,155 - __main__ - INFO -      [size_class] Mid Cap: raw=21.7% → posterior=21.8% (n=1588, shrink=0.99)
2026-03-25 01:42:39,155 - __main__ - INFO -      [size_class] Large Cap: raw=18.9% → posterior=19.0% (n=1080, shrink=0.99)
2026-03-25 01:42:39,156 - __main__ - INFO -      Biotechnology: MC mean=87.8%, consensus=78%, risk-adj=1.04
2026-03-25 01:42:39,156 - __main__ - INFO -      Metals and Mining: MC mean=38.7%, consensus=74%, risk-adj=0.79
2026-03-25 01:42:39,157 - __main__ - INFO -      Automobiles: MC mean=31.4%, consensus=73%, risk-adj=1.64
2026-03-25 01:42:39,157 - __main__ - INFO -      Tobacco: MC mean=17.5%, consensus=73%, risk-adj=1.00
2026-03-25 01:42:39,157 - __main__ - INFO -      Water Utilities: MC mean=12.2%, consensus=72%, risk-adj=1.20
2026-03-25 01:42:39,157 - __main__ - INFO -      Gas Utilities: MC mean=10.0%, consensus=72%, risk-adj=0.79
2026-03-25 01:42:39,158 - __main__ - INFO -      Construction Materials: MC mean=31.0%, consensus=72%, risk-adj=1.04
2026-03-25 01:42:39,158 - __main__ - INFO -      Entertainment: MC mean=47.8%, consensus=72%, risk-adj=1.25
2026-03-25 01:42:39,158 - __main__ - INFO -      Paper and Forest Products: MC mean=31.5%, consensus=71%, risk-adj=1.42
2026-03-25 01:42:39,159 - __main__ - INFO -      Containers and Packaging: MC mean=28.5%, consensus=71%, risk-adj=1.40
2026-03-25 01:42:39,159 - __main__ - INFO -      Media: MC mean=45.8%, consensus=70%, risk-adj=0.96
2026-03-25 01:42:39,159 - __main__ - INFO -      Passenger Airlines: MC mean=37.6%, consensus=69%, risk-adj=1.68
2026-03-25 01:42:39,159 - __main__ - INFO -      Specialty Retail: MC mean=41.2%, consensus=69%, risk-adj=0.83
2026-03-25 01:42:39,159 - __main__ - INFO -      Leisure Products: MC mean=49.4%, consensus=69%, risk-adj=0.53
2026-03-25 01:42:39,160 - __main__ - INFO -      Life Sciences Tools and Services: MC mean=52.3%, consensus=69%, risk-adj=1.12
2026-03-25 01:42:39,160 - __main__ - INFO -      Independent Power and Renewable Electricity Producers: MC mean=15.8%, consensus=68%, risk-adj=0.69
2026-03-25 01:42:39,160 - __main__ - INFO -      Health Care Equipment and Supplies: MC mean=46.1%, consensus=66%, risk-adj=1.10
2026-03-25 01:42:39,160 - __main__ - INFO -      Interactive Media and Services: MC mean=54.2%, consensus=66%, risk-adj=1.27
2026-03-25 01:42:39,160 - __main__ - INFO -      Pharmaceuticals: MC mean=48.9%, consensus=66%, risk-adj=0.87
2026-03-25 01:42:39,160 - __main__ - INFO -      Chemicals: MC mean=20.6%, consensus=65%, risk-adj=0.64
2026-03-25 01:42:39,160 - __main__ - INFO -      Industrial Conglomerates: MC mean=25.4%, consensus=65%, risk-adj=1.31
2026-03-25 01:42:39,160 - __main__ - INFO -      Household Products: MC mean=16.6%, consensus=65%, risk-adj=0.81
2026-03-25 01:42:39,161 - __main__ - INFO -      Automobile Components: MC mean=38.6%, consensus=64%, risk-adj=0.91
2026-03-25 01:42:39,161 - __main__ - INFO -      Broadline Retail: MC mean=34.8%, consensus=64%, risk-adj=1.15
2026-03-25 01:42:39,161 - __main__ - INFO -      Consumer Staples Distribution and Retail: MC mean=28.2%, consensus=64%, risk-adj=0.94
2026-03-25 01:42:39,161 - __main__ - INFO -      Software: MC mean=64.5%, consensus=63%, risk-adj=1.27
2026-03-25 01:42:39,161 - __main__ - INFO -      Household Durables: MC mean=38.8%, consensus=63%, risk-adj=1.31
2026-03-25 01:42:39,161 - __main__ - INFO -      Health Care Providers and Services: MC mean=35.2%, consensus=62%, risk-adj=1.01
2026-03-25 01:42:39,161 - __main__ - INFO -      Aerospace and Defense: MC mean=26.1%, consensus=62%, risk-adj=0.80
2026-03-25 01:42:39,161 - __main__ - INFO -      Building Products: MC mean=34.0%, consensus=62%, risk-adj=1.34
2026-03-25 01:42:39,162 - __main__ - INFO -      Textiles Apparel and Luxury Goods: MC mean=35.1%, consensus=62%, risk-adj=1.05
2026-03-25 01:42:39,162 - __main__ - INFO -      Food Products: MC mean=24.2%, consensus=62%, risk-adj=0.96
2026-03-25 01:42:39,162 - __main__ - INFO -      Air Freight and Logistics: MC mean=19.9%, consensus=61%, risk-adj=0.95
2026-03-25 01:42:39,163 - __main__ - INFO -      Health Care Technology: MC mean=54.3%, consensus=61%, risk-adj=1.03
2026-03-25 01:42:39,163 - __main__ - INFO -      Multi-Utilities: MC mean=18.4%, consensus=61%, risk-adj=0.69
2026-03-25 01:42:39,163 - __main__ - INFO -      Diversified Consumer Services: MC mean=34.7%, consensus=60%, risk-adj=1.44
2026-03-25 01:42:39,163 - __main__ - INFO -      Personal Care Products: MC mean=32.9%, consensus=60%, risk-adj=1.25
2026-03-25 01:42:39,164 - __main__ - INFO -      Machinery: MC mean=24.5%, consensus=59%, risk-adj=1.21
2026-03-25 01:42:39,164 - __main__ - INFO -      Commercial Services and Supplies: MC mean=36.9%, consensus=59%, risk-adj=0.77
2026-03-25 01:42:39,164 - __main__ - INFO -      Distributors: MC mean=55.1%, consensus=58%, risk-adj=1.60
2026-03-25 01:42:39,164 - __main__ - INFO -      Diversified Telecommunication Services: MC mean=20.0%, consensus=58%, risk-adj=0.64
2026-03-25 01:42:39,165 - __main__ - INFO -      Electric Utilities: MC mean=9.0%, consensus=57%, risk-adj=0.54
2026-03-25 01:42:39,165 - __main__ - INFO -      Transportation Infrastructure: MC mean=19.7%, consensus=56%, risk-adj=0.90
2026-03-25 01:42:39,165 - __main__ - INFO -      Wireless Telecommunication Services: MC mean=12.9%, consensus=55%, risk-adj=0.79
2026-03-25 01:42:39,165 - __main__ - INFO -      Hotels Restaurants and Leisure: MC mean=45.0%, consensus=55%, risk-adj=1.04
2026-03-25 01:42:39,165 - __main__ - INFO -      Professional Services: MC mean=59.3%, consensus=54%, risk-adj=1.02
2026-03-25 01:42:39,165 - __main__ - INFO -      Technology Hardware Storage and Peripherals: MC mean=27.4%, consensus=53%, risk-adj=1.01
2026-03-25 01:42:39,165 - __main__ - INFO -      Construction and Engineering: MC mean=20.2%, consensus=53%, risk-adj=0.93
2026-03-25 01:42:39,165 - __main__ - INFO -      Ground Transportation: MC mean=26.4%, consensus=53%, risk-adj=0.80
2026-03-25 01:42:39,166 - __main__ - INFO -      IT Services: MC mean=41.9%, consensus=51%, risk-adj=1.24
2026-03-25 01:42:39,166 - __main__ - INFO -      Trading Companies and Distributors: MC mean=31.3%, consensus=51%, risk-adj=0.99
2026-03-25 01:42:39,166 - __main__ - INFO -      Electronic Equipment Instruments and Components: MC mean=22.8%, consensus=49%, risk-adj=0.80
2026-03-25 01:42:39,166 - __main__ - INFO -      Beverages: MC mean=26.5%, consensus=48%, risk-adj=1.07
2026-03-25 01:42:39,166 - __main__ - INFO -      Marine Transportation: MC mean=4.0%, consensus=45%, risk-adj=0.24
2026-03-25 01:42:39,167 - __main__ - INFO -      Energy Equipment and Services: MC mean=8.3%, consensus=44%, risk-adj=0.42
2026-03-25 01:42:39,167 - __main__ - INFO -      Oil Gas and Consumable Fuels: MC mean=10.2%, consensus=44%, risk-adj=0.28
2026-03-25 01:42:39,167 - __main__ - INFO -      Semiconductors and Semiconductor Equipment: MC mean=14.6%, consensus=43%, risk-adj=0.50
2026-03-25 01:42:39,167 - __main__ - INFO -      Electrical Equipment: MC mean=21.8%, consensus=42%, risk-adj=0.58
2026-03-25 01:42:39,167 - __main__ - INFO -      Communications Equipment: MC mean=16.6%, consensus=32%, risk-adj=0.51
2026-03-25 01:42:39,168 - __main__ - INFO -   ⏱ Step 7 completed in 1.3s
2026-03-25 01:42:39,168 - __main__ - INFO - 
2026-03-25 01:42:39,168 - __main__ - INFO - 🔀 Step 7a: Parallel MCMC return analysis...
2026-03-25 01:42:39,168 - __main__ - INFO - --------------------------------------------------------------------------------
2026-03-25 01:42:46,946 - __main__ - INFO - Parallel MCMC: R̂=1.0000, converged=True, posterior mean=33.16
2026-03-25 01:42:46,947 - __main__ - INFO -   R̂=1.0000, converged=True, posterior mean=33.16
2026-03-25 01:42:47,318 - __main__ - INFO -    ✓ er_mcse_convergence.html
2026-03-25 01:42:47,319 - __main__ - INFO -   ⏱ Step 7a completed in 8.2s
2026-03-25 01:42:47,319 - __main__ - INFO - 
2026-03-25 01:42:47,319 - __main__ - INFO - 🧮 Step 7b: Per-category Bayesian probability analytics...
2026-03-25 01:42:47,319 - __main__ - INFO - --------------------------------------------------------------------------------
2026-03-25 01:42:47,428 - root - INFO - Loaded view category mapping from DB: 17 views, 689 total features
2026-03-25 01:42:47,429 - __main__ - INFO -   Feature categories from 17 views → 17 categories, 689 total features
2026-03-25 01:54:39,324 - __main__ - INFO - Category Analyst Sentiment: 26 features analyzed (parallel)
2026-03-25 01:54:39,325 - __main__ - INFO - Category Balance Sheet: 58 features analyzed (parallel)
2026-03-25 01:54:39,325 - __main__ - INFO - Category Cash Flow: 81 features analyzed (parallel)
2026-03-25 01:54:39,325 - __main__ - INFO - Category Composite Scores: 30 features analyzed (parallel)
2026-03-25 01:54:39,325 - __main__ - INFO - Category Cost Structure: 43 features analyzed (parallel)
2026-03-25 01:54:39,325 - __main__ - INFO - Category Dividend Features: 26 features analyzed (parallel)
2026-03-25 01:54:39,326 - __main__ - INFO - Category Earnings Quality: 68 features analyzed (parallel)
2026-03-25 01:54:39,326 - __main__ - INFO - Category Employment Metrics: 17 features analyzed (parallel)
2026-03-25 01:54:39,327 - __main__ - INFO - Category Growth Metrics: 62 features analyzed (parallel)
2026-03-25 01:54:39,327 - __main__ - INFO - Category Leverage & Liquidity: 71 features analyzed (parallel)
2026-03-25 01:54:39,327 - __main__ - INFO - Category Momentum: 21 features analyzed (parallel)
2026-03-25 01:54:39,327 - __main__ - INFO - Category Profitability: 68 features analyzed (parallel)
2026-03-25 01:54:39,327 - __main__ - INFO - Category Quality & Risk: 44 features analyzed (parallel)
2026-03-25 01:54:39,327 - __main__ - INFO - Category Technical Analysis: 11 features analyzed (parallel)
2026-03-25 01:54:39,327 - __main__ - INFO - Category Temporal Features: 16 features analyzed (parallel)
2026-03-25 01:54:39,328 - __main__ - INFO - Category Unusual Items: 9 features analyzed (parallel)
2026-03-25 01:54:39,328 - __main__ - INFO - Category Valuation Ratios: 38 features analyzed (parallel)
2026-03-25 01:54:43,251 - __main__ - INFO - Category analytics cached → 5e10a82bc7ef3507993c70fe8472afe4.pkl
2026-03-25 01:54:43,251 - __main__ - INFO -   ✓ Analyzed 17 categories
2026-03-25 01:54:43,252 - __main__ - INFO -     Analyst Sentiment: 26 features — 26 posteriors
2026-03-25 01:54:43,252 - __main__ - INFO -     Balance Sheet: 58 features — 58 posteriors
2026-03-25 01:54:43,252 - __main__ - INFO -     Cash Flow: 81 features — 81 posteriors
2026-03-25 01:54:43,253 - __main__ - INFO -     Composite Scores: 30 features — 30 posteriors
2026-03-25 01:54:43,253 - __main__ - INFO -     Cost Structure: 43 features — 43 posteriors
2026-03-25 01:54:43,253 - __main__ - INFO -     Dividend Features: 26 features — 26 posteriors
2026-03-25 01:54:43,254 - __main__ - INFO -     Earnings Quality: 68 features — 68 posteriors
2026-03-25 01:54:43,254 - __main__ - INFO -     Employment Metrics: 17 features — 17 posteriors
2026-03-25 01:54:43,254 - __main__ - INFO -     Growth Metrics: 62 features — 62 posteriors
2026-03-25 01:54:43,255 - __main__ - INFO -     Leverage & Liquidity: 71 features — 71 posteriors
2026-03-25 01:54:43,255 - __main__ - INFO -     Momentum: 21 features — 21 posteriors
2026-03-25 01:54:43,256 - __main__ - INFO -     Profitability: 68 features — 68 posteriors
2026-03-25 01:54:43,256 - __main__ - INFO -     Quality & Risk: 44 features — 44 posteriors
2026-03-25 01:54:43,256 - __main__ - INFO -     Technical Analysis: 11 features — 11 posteriors
2026-03-25 01:54:43,256 - __main__ - INFO -     Temporal Features: 16 features — 16 posteriors
2026-03-25 01:54:43,257 - __main__ - INFO -     Unusual Items: 9 features — 9 posteriors
2026-03-25 01:54:43,257 - __main__ - INFO -     Valuation Ratios: 38 features — 38 posteriors
2026-03-25 01:54:43,257 - __main__ - INFO -   ⏱ Step 7b completed in 715.9s
2026-03-25 01:54:43,257 - __main__ - INFO - 
2026-03-25 01:54:43,258 - __main__ - INFO - 🧪 Step 8: Building InferenceData (ArviZ)...
2026-03-25 01:54:43,258 - __main__ - INFO - --------------------------------------------------------------------------------
2026-03-25 01:54:45,053 - __main__ - INFO -    ✓ MC InferenceData: 25000 draws, 5535 equities
2026-03-25 01:54:55,534 - finance_ml.analytics.inference_schema - INFO - Built InferenceData: 8 chains × 4000 draws × 6374 equities
2026-03-25 01:55:43,152 - __main__ - INFO -    ✓ Beat InferenceData: 8 chains × 4000 draws
2026-03-25 01:56:37,502 - __main__ - INFO -    ✓ Credit Risk InferenceData: 6374 equities
2026-03-25 01:56:37,504 - __main__ - INFO -    ✓ EquityCoordinates: 6374 tickers, 6374 sectors
2026-03-25 01:56:37,504 - __main__ - INFO -    Building per-view feature InferenceData...
2026-03-25 01:56:37,836 - __main__ - INFO - 
2026-03-25 01:56:37,837 - __main__ - INFO -   ⏱ Step 8 completed in 114.6s
2026-03-25 01:56:37,897 - __main__ - INFO -   ✓ Enriched df (mv_equities) with 8 viz-critical columns
2026-03-25 01:56:37,903 - __main__ - INFO -   ✓ Enriched beat with 1 viz-critical columns
2026-03-25 01:56:37,908 - __main__ - INFO -   ⚠️ Viz column coverage gaps after enrichment: {'create_distress_early_warning_dashboard': ['distress_probability', 'survival_probability', 'ruin_probability']}
2026-03-25 01:56:37,909 - __main__ - INFO - 
2026-03-25 01:56:37,909 - __main__ - INFO - 📈 Step 9: Generating visualizations...
2026-03-25 01:56:37,909 - __main__ - INFO - --------------------------------------------------------------------------------
2026-03-25 01:56:38,067 - __main__ - INFO -    ✓ er_mc_distribution.html
2026-03-25 01:56:38,244 - __main__ - INFO -    ✓ er_sector_risk_reward.html
2026-03-25 01:56:38,290 - __main__ - INFO -    ✓ er_var_analysis.html
2026-03-25 01:56:38,328 - __main__ - INFO -    ✓ er_posterior_return_forest.html
2026-03-25 01:56:38,459 - __main__ - INFO -    ✓ er_kalman_vs_raw.html
2026-03-25 01:56:38,501 - __main__ - INFO -    ✓ er_tri_model_agreement.html
2026-03-25 01:56:38,556 - __main__ - INFO -    ✓ er_sector_heatmap.html
2026-03-25 01:56:38,581 - __main__ - INFO -    ✓ er_strong_consensus.html
2026-03-25 01:56:38,849 - __main__ - INFO -    ✓ er_tri_model_posterior.html
2026-03-25 01:56:38,915 - __main__ - INFO -    ✓ er_beat_vs_achievement.html
2026-03-25 01:56:38,975 - __main__ - INFO -    ✓ er_beat_probability_posterior.html
2026-03-25 01:56:39,033 - __main__ - INFO -    ✓ er_earnings_probability_dashboard.html
2026-03-25 01:56:39,104 - __main__ - INFO -    ✓ er_revision_momentum.html
2026-03-25 01:56:39,177 - __main__ - INFO -    ✓ er_gaap_divergence.html
2026-03-25 01:56:39,231 - __main__ - INFO -    ✓ er_enhanced_beat_probability.html
2026-03-25 01:56:39,386 - __main__ - INFO -    ✓ er_quality_risk_quadrant.html
2026-03-25 01:56:39,551 - __main__ - INFO -    ✓ er_distress_early_warning.html
2026-03-25 01:56:39,582 - __main__ - INFO -    ✓ er_piotroski_fscore.html
2026-03-25 01:56:39,716 - __main__ - INFO -    ✓ er_altman_zscore.html
2026-03-25 01:56:39,752 - __main__ - INFO -    ✓ er_beneish_mscore.html
2026-03-25 01:56:39,871 - __main__ - INFO -    ✓ er_accounting_anomaly_dashboard.html
2026-03-25 01:56:39,979 - __main__ - INFO -    ✓ er_anomaly_severity_dashboard.html
2026-03-25 01:56:40,038 - __main__ - INFO -    ✓ er_anomaly_conditional_probability.html
2026-03-25 01:56:40,091 - __main__ - INFO -    ✓ er_mcmc_anomaly_posterior.html
2026-03-25 01:56:40,206 - __main__ - INFO -    ✓ er_mcmc_credit_risk_posterior.html
2026-03-25 01:56:40,239 - __main__ - INFO -    ✓ er_mcmc_dividend_cut_posterior.html
2026-03-25 01:56:40,276 - __main__ - INFO -    ✓ er_mcmc_price_target_posterior.html
2026-03-25 01:56:40,329 - __main__ - INFO -    ✓ er_ruin_probability_diagnostic.html
2026-03-25 01:56:40,600 - __main__ - INFO -    ✓ er_expected_returns_summary_posterior.html
2026-03-25 01:56:40,650 - __main__ - INFO -    ✓ er_model_dispersion_dashboard.html
2026-03-25 01:56:41,070 - __main__ - INFO -    ✓ er_return_distribution_fit.html
2026-03-25 01:56:41,150 - __main__ - INFO -    ✓ er_sector_return_analytics.html
2026-03-25 01:56:41,174 - __main__ - INFO -    ✓ er_screening_summary.html
2026-03-25 01:56:41,199 - __main__ - INFO -    ✓ er_price_target_drift.html
2026-03-25 01:56:41,226 - __main__ - INFO -    ✓ er_valuation_multiples.html
2026-03-25 01:56:41,925 - __main__ - INFO -    ✓ er_valuation_distribution.html
2026-03-25 01:56:42,332 - __main__ - INFO -    ✓ er_relative_valuation_matrix.html
2026-03-25 01:56:42,475 - __main__ - INFO -    ✓ er_valuation_vs_growth.html
2026-03-25 01:56:42,606 - __main__ - INFO -    ✓ er_historical_valuation_percentile.html
2026-03-25 01:56:42,718 - __main__ - INFO -    ✓ er_earnings_surprise.html
2026-03-25 01:56:42,766 - __main__ - INFO -    ✓ er_eps_trajectory.html
2026-03-25 01:56:42,791 - __main__ - INFO -    ✓ er_earnings_quality_decomposition.html
2026-03-25 01:56:42,895 - __main__ - INFO -    ✓ er_beat_rate_heatmap.html
2026-03-25 01:56:43,010 - __main__ - INFO -    ✓ er_earnings_consistency_matrix.html
2026-03-25 01:56:43,055 - __main__ - INFO -    ✓ er_growth_waterfall.html
2026-03-25 01:56:43,161 - __main__ - INFO -    ✓ er_growth_consistency_matrix.html
2026-03-25 01:56:43,338 - __main__ - INFO -    ✓ er_growth_vs_profitability.html
2026-03-25 01:56:43,391 - __main__ - INFO -    ✓ er_growth_acceleration.html
2026-03-25 01:56:43,529 - __main__ - INFO -    ✓ er_sustainable_growth.html
2026-03-25 01:56:43,861 - __main__ - INFO -    ✓ er_bayesian_sentiment_ridge.html
2026-03-25 01:56:43,884 - __main__ - INFO -    ✓ er_mcmc_category_sentiment_posterior.html
2026-03-25 01:56:43,978 - __main__ - INFO -    ✓ er_bayesian_profitability_ridge.html
2026-03-25 01:56:43,979 - __main__ - INFO -    📊 Generating ArviZ diagnostic visualizations...
2026-03-25 01:56:44,406 - finance_ml.analytics.visualizations.arviz_diagnostics - INFO - Resampled posterior R̂: <xarray.Dataset> Size: 16B
Dimensions:                ()
Data variables:
    posterior_return       float64 8B 1.001
    posterior_uncertainty  float64 8B 1.008
2026-03-25 01:56:44,413 - __main__ - INFO -    ✓ er_resampled_trace.png
2026-03-25 01:56:44,414 - __main__ - INFO -    ✓ er_resampled_posterior_hdi.png
2026-03-25 01:56:47,621 - __main__ - INFO -    ✓ er_model_alignment_forest.png
2026-03-25 01:56:47,621 - __main__ - INFO -    ✓ er_model_alignment_pair.png
2026-03-25 01:57:00,272 - __main__ - INFO -    ✓ er_agreement_by_sector.png
2026-03-25 01:57:00,596 - __main__ - INFO -    ✓ er_hierarchical_shrinkage.png
2026-03-25 01:58:53,367 - __main__ - INFO -    ✓ er_category_analyst_sentiment_ridge.png
2026-03-25 01:58:53,368 - __main__ - INFO -    ✓ er_category_analyst_sentiment_forest.png
2026-03-25 01:58:53,368 - __main__ - INFO -    ✓ er_category_balance_sheet_ridge.png
2026-03-25 01:58:53,368 - __main__ - INFO -    ✓ er_category_balance_sheet_forest.png
2026-03-25 01:58:53,368 - __main__ - INFO -    ✓ er_category_cash_flow_ridge.png
2026-03-25 01:58:53,368 - __main__ - INFO -    ✓ er_category_cash_flow_forest.png
2026-03-25 01:58:53,369 - __main__ - INFO -    ✓ er_category_composite_scores_ridge.png
2026-03-25 01:58:53,369 - __main__ - INFO -    ✓ er_category_composite_scores_forest.png
2026-03-25 01:58:53,369 - __main__ - INFO -    ✓ er_category_cost_structure_ridge.png
2026-03-25 01:58:53,370 - __main__ - INFO -    ✓ er_category_cost_structure_forest.png
2026-03-25 01:58:53,370 - __main__ - INFO -    ✓ er_category_dividend_features_ridge.png
2026-03-25 01:58:53,370 - __main__ - INFO -    ✓ er_category_dividend_features_forest.png
2026-03-25 01:58:53,370 - __main__ - INFO -    ✓ er_category_earnings_quality_ridge.png
2026-03-25 01:58:53,370 - __main__ - INFO -    ✓ er_category_earnings_quality_forest.png
2026-03-25 01:58:53,371 - __main__ - INFO -    ✓ er_category_employment_metrics_ridge.png
2026-03-25 01:58:53,371 - __main__ - INFO -    ✓ er_category_employment_metrics_forest.png
2026-03-25 01:58:53,371 - __main__ - INFO -    ✓ er_category_growth_metrics_ridge.png
2026-03-25 01:58:53,371 - __main__ - INFO -    ✓ er_category_growth_metrics_forest.png
2026-03-25 01:58:53,371 - __main__ - INFO -    ✓ er_category_leverage_and_liquidity_ridge.png
2026-03-25 01:58:53,371 - __main__ - INFO -    ✓ er_category_leverage_and_liquidity_forest.png
2026-03-25 01:58:53,372 - __main__ - INFO -    ✓ er_category_momentum_ridge.png
2026-03-25 01:58:53,372 - __main__ - INFO -    ✓ er_category_momentum_forest.png
2026-03-25 01:58:53,372 - __main__ - INFO -    ✓ er_category_profitability_ridge.png
2026-03-25 01:58:53,372 - __main__ - INFO -    ✓ er_category_profitability_forest.png
2026-03-25 01:58:53,372 - __main__ - INFO -    ✓ er_category_quality_and_risk_ridge.png
2026-03-25 01:58:53,372 - __main__ - INFO -    ✓ er_category_quality_and_risk_forest.png
2026-03-25 01:58:53,373 - __main__ - INFO -    ✓ er_category_technical_analysis_ridge.png
2026-03-25 01:58:53,373 - __main__ - INFO -    ✓ er_category_technical_analysis_forest.png
2026-03-25 01:58:53,373 - __main__ - INFO -    ✓ er_category_temporal_features_forest.png
2026-03-25 01:58:53,373 - __main__ - INFO -    ✓ er_category_unusual_items_ridge.png
2026-03-25 01:58:53,373 - __main__ - INFO -    ✓ er_category_unusual_items_forest.png
2026-03-25 01:58:53,374 - __main__ - INFO -    ✓ er_category_valuation_ratios_ridge.png
2026-03-25 01:58:53,374 - __main__ - INFO -    ✓ er_category_valuation_ratios_forest.png
2026-03-25 01:58:53,396 - __main__ - INFO -   ⏱ Step 9 completed in 135.5s
2026-03-25 01:58:53,397 - __main__ - INFO - 
2026-03-25 01:58:53,397 - __main__ - INFO - 💾 Step 10: Exporting results...
2026-03-25 01:58:53,397 - __main__ - INFO - --------------------------------------------------------------------------------
2026-03-25 01:58:53,446 - root - INFO - Exporting 6372 rows to analytics.kalman_filtered_price_targets
2026-03-25 01:58:53,447 - root - INFO - Exporting 5535 rows to analytics.monte_carlo_simulation
2026-03-25 01:58:53,470 - root - INFO - Exporting 5535 rows to analytics.expected_returns_tri_model
2026-03-25 01:58:53,482 - root - INFO - Exporting 6374 rows to analytics.price_target_achievement
2026-03-25 01:58:54,061 - root - INFO - Export complete: analytics.kalman_filtered_price_targets
2026-03-25 01:58:54,133 - __main__ - INFO - Exported 6372 rows → analytics.kalman_filtered_price_targets
2026-03-25 01:58:54,137 - root - INFO - Export complete: analytics.monte_carlo_simulation
2026-03-25 01:58:54,156 - __main__ - INFO - Exported 5535 rows → analytics.monte_carlo_simulation
2026-03-25 01:58:54,157 - root - INFO - Exporting 50 rows to analytics.strong_consensus_picks
2026-03-25 01:58:54,684 - root - INFO - Export complete: analytics.expected_returns_tri_model
2026-03-25 01:58:54,685 - __main__ - INFO - Exported 5535 rows → analytics.expected_returns_tri_model
2026-03-25 01:58:54,882 - root - INFO - Export complete: analytics.strong_consensus_picks
2026-03-25 01:58:54,934 - __main__ - INFO - Exported 50 rows → analytics.strong_consensus_picks
2026-03-25 01:58:55,029 - root - INFO - Exporting 6374 rows to analytics.earnings_probability_analysis
2026-03-25 01:58:55,062 - root - INFO - Exporting 5535 rows to analytics.expected_returns_summary
2026-03-25 01:58:55,236 - root - INFO - Export complete: analytics.price_target_achievement
2026-03-25 01:58:55,236 - __main__ - INFO - Exported 6374 rows → analytics.price_target_achievement
2026-03-25 01:58:57,607 - root - INFO - Exporting 6374 rows to analytics.dividend_safety_analysis
2026-03-25 01:58:58,178 - root - INFO - Export complete: analytics.earnings_probability_analysis
2026-03-25 01:58:58,212 - __main__ - INFO - Exported 6374 rows → analytics.earnings_probability_analysis
2026-03-25 01:58:59,266 - root - INFO - Export complete: analytics.dividend_safety_analysis
2026-03-25 01:58:59,266 - __main__ - INFO - Exported 6374 rows → analytics.dividend_safety_analysis
2026-03-25 01:58:59,516 - root - INFO - Exporting 6374 rows to analytics.credit_risk_analysis
2026-03-25 01:58:59,886 - root - INFO - Exporting 955 rows to analytics.quality_stocks
2026-03-25 01:59:00,126 - root - INFO - Export complete: analytics.expected_returns_summary
2026-03-25 01:59:00,140 - __main__ - INFO - Exported 5535 rows → analytics.expected_returns_summary
2026-03-25 01:59:00,149 - root - INFO - Exporting 6374 rows to analytics.accounting_anomaly_analysis
2026-03-25 01:59:02,829 - root - INFO - Export complete: analytics.quality_stocks
2026-03-25 01:59:02,845 - __main__ - INFO - Exported 955 rows → analytics.quality_stocks
2026-03-25 01:59:24,895 - root - INFO - Export complete: analytics.credit_risk_analysis
2026-03-25 01:59:24,938 - __main__ - INFO - Exported 6374 rows → analytics.credit_risk_analysis
2026-03-25 01:59:25,024 - root - INFO - Exporting 1161 rows to analytics.earnings_quality_stocks
2026-03-25 01:59:25,037 - root - INFO - Exporting 1059 rows to analytics.value_stocks
2026-03-25 01:59:27,432 - root - INFO - Export complete: analytics.accounting_anomaly_analysis
2026-03-25 01:59:27,447 - __main__ - INFO - Exported 6374 rows → analytics.accounting_anomaly_analysis
2026-03-25 01:59:30,091 - root - INFO - Export complete: analytics.value_stocks
2026-03-25 01:59:30,092 - __main__ - INFO - Exported 1059 rows → analytics.value_stocks
2026-03-25 01:59:30,175 - root - INFO - Exporting 15 rows to analytics.dividend_quality_stocks
2026-03-25 01:59:30,407 - root - INFO - Exporting 922 rows to analytics.garp_stocks
2026-03-25 01:59:30,720 - root - INFO - Export complete: analytics.dividend_quality_stocks
2026-03-25 01:59:30,720 - __main__ - INFO - Exported 15 rows → analytics.dividend_quality_stocks
2026-03-25 01:59:31,252 - root - INFO - Export complete: analytics.earnings_quality_stocks
2026-03-25 01:59:31,299 - __main__ - INFO - Exported 1161 rows → analytics.earnings_quality_stocks
2026-03-25 01:59:31,420 - root - INFO - Exporting 2820 rows to analytics.growth_momentum_stocks
2026-03-25 01:59:31,449 - root - INFO - Exporting 450 rows to analytics.valuation_reversion_stocks
2026-03-25 01:59:33,355 - root - INFO - Export complete: analytics.valuation_reversion_stocks
2026-03-25 01:59:33,361 - __main__ - INFO - Exported 450 rows → analytics.valuation_reversion_stocks
2026-03-25 01:59:33,973 - root - INFO - Export complete: analytics.garp_stocks
2026-03-25 01:59:34,004 - __main__ - INFO - Exported 922 rows → analytics.garp_stocks
2026-03-25 01:59:34,259 - root - INFO - Exporting 45 rows to analytics.high_yield_safe_dividend_stocks
2026-03-25 01:59:34,586 - root - INFO - Exporting 1423 rows to analytics.healthy_stocks
2026-03-25 01:59:34,756 - root - INFO - Export complete: analytics.high_yield_safe_dividend_stocks
2026-03-25 01:59:34,757 - __main__ - INFO - Exported 45 rows → analytics.high_yield_safe_dividend_stocks
2026-03-25 01:59:34,845 - root - INFO - Exporting 1067 rows to analytics.integrity_filtered_growth_stocks
2026-03-25 01:59:41,237 - root - INFO - Export complete: analytics.healthy_stocks
2026-03-25 01:59:41,475 - __main__ - INFO - Exported 1423 rows → analytics.healthy_stocks
2026-03-25 01:59:41,712 - root - INFO - Export complete: analytics.integrity_filtered_growth_stocks
2026-03-25 01:59:41,713 - __main__ - INFO - Exported 1067 rows → analytics.integrity_filtered_growth_stocks
2026-03-25 01:59:41,964 - root - INFO - Exporting 961 rows to analytics.screen_fcf_compounders
2026-03-25 01:59:43,228 - root - INFO - Exporting 2249 rows to analytics.screen_low_vol_quality
2026-03-25 01:59:43,236 - root - INFO - Export complete: analytics.growth_momentum_stocks
2026-03-25 01:59:43,237 - __main__ - INFO - Exported 2820 rows → analytics.growth_momentum_stocks
2026-03-25 01:59:43,770 - root - INFO - Exporting 6374 rows to analytics.sector_relative_ranking
2026-03-25 01:59:45,872 - root - INFO - Export complete: analytics.screen_fcf_compounders
2026-03-25 01:59:45,876 - __main__ - INFO - Exported 961 rows → analytics.screen_fcf_compounders
2026-03-25 01:59:51,250 - root - INFO - Export complete: analytics.screen_low_vol_quality
2026-03-25 01:59:51,295 - __main__ - INFO - Exported 2249 rows → analytics.screen_low_vol_quality
2026-03-25 01:59:51,411 - root - INFO - Exporting 6374 rows to analytics.screen_total_return_leaders
2026-03-25 02:00:07,671 - root - INFO - Export complete: analytics.sector_relative_ranking
2026-03-25 02:00:07,672 - __main__ - INFO - Exported 6374 rows → analytics.sector_relative_ranking
2026-03-25 02:00:11,404 - root - INFO - Export complete: analytics.screen_total_return_leaders
2026-03-25 02:00:11,404 - __main__ - INFO - Exported 6374 rows → analytics.screen_total_return_leaders
2026-03-25 02:00:11,406 - __main__ - INFO -    ✓ kalman_filtered_price_targets → analytics.kalman_filtered_price_targets
2026-03-25 02:00:11,406 - __main__ - INFO -    ✓ monte_carlo_simulation → analytics.monte_carlo_simulation
2026-03-25 02:00:11,406 - __main__ - INFO -    ✓ expected_returns_tri_model → analytics.expected_returns_tri_model
2026-03-25 02:00:11,407 - __main__ - INFO -    ✓ strong_consensus_picks → analytics.strong_consensus_picks
2026-03-25 02:00:11,407 - __main__ - INFO -    ✓ price_target_achievement → analytics.price_target_achievement
2026-03-25 02:00:11,407 - __main__ - INFO -    ✓ earnings_probability_analysis → analytics.earnings_probability_analysis
2026-03-25 02:00:11,407 - __main__ - INFO -    ✓ dividend_safety_analysis → analytics.dividend_safety_analysis
2026-03-25 02:00:11,407 - __main__ - INFO -    ✓ expected_returns_summary → analytics.expected_returns_summary
2026-03-25 02:00:11,407 - __main__ - INFO -    ✓ quality_stocks → analytics.quality_stocks
2026-03-25 02:00:11,408 - __main__ - INFO -    ✓ credit_risk_analysis → analytics.credit_risk_analysis
2026-03-25 02:00:11,408 - __main__ - INFO -    ✓ accounting_anomaly_analysis → analytics.accounting_anomaly_analysis
2026-03-25 02:00:11,408 - __main__ - INFO -    ✓ value_stocks → analytics.value_stocks
2026-03-25 02:00:11,408 - __main__ - INFO -    ✓ dividend_quality_stocks → analytics.dividend_quality_stocks
2026-03-25 02:00:11,408 - __main__ - INFO -    ✓ earnings_quality_stocks → analytics.earnings_quality_stocks
2026-03-25 02:00:11,408 - __main__ - INFO -    ✓ valuation_reversion_stocks → analytics.valuation_reversion_stocks
2026-03-25 02:00:11,409 - __main__ - INFO -    ✓ garp_stocks → analytics.garp_stocks
2026-03-25 02:00:11,409 - __main__ - INFO -    ✓ high_yield_safe_dividend_stocks → analytics.high_yield_safe_dividend_stocks
2026-03-25 02:00:11,409 - __main__ - INFO -    ✓ healthy_stocks → analytics.healthy_stocks
2026-03-25 02:00:11,409 - __main__ - INFO -    ✓ integrity_filtered_growth_stocks → analytics.integrity_filtered_growth_stocks
2026-03-25 02:00:11,409 - __main__ - INFO -    ✓ growth_momentum_stocks → analytics.growth_momentum_stocks
2026-03-25 02:00:11,410 - __main__ - INFO -    ✓ screen_fcf_compounders → analytics.screen_fcf_compounders
2026-03-25 02:00:11,410 - __main__ - INFO -    ✓ screen_low_vol_quality → analytics.screen_low_vol_quality
2026-03-25 02:00:11,410 - __main__ - INFO -    ✓ sector_relative_ranking → analytics.sector_relative_ranking
2026-03-25 02:00:11,410 - __main__ - INFO -    ✓ screen_total_return_leaders → analytics.screen_total_return_leaders
2026-03-25 02:00:12,525 - root - INFO - Exporting 6374 rows to analytics.earnings_probability_analysis
2026-03-25 02:00:14,224 - root - INFO - Export complete: analytics.earnings_probability_analysis
2026-03-25 02:00:14,509 - root - INFO - Exported 6374 rows to outputs\analytics\earnings_probability_analysis.csv
2026-03-25 02:00:14,628 - root - INFO - Exported 6374 rows to outputs\analytics\earnings_probability_analysis.json
2026-03-25 02:00:14,629 - root - INFO - Exporting 6374 rows to analytics.eps_streak_analysis
2026-03-25 02:00:15,596 - root - INFO - Export complete: analytics.eps_streak_analysis
2026-03-25 02:00:15,739 - root - INFO - Exported 6374 rows to outputs\analytics\eps_streak_analysis.csv
2026-03-25 02:00:15,808 - root - INFO - Exported 6374 rows to outputs\analytics\eps_streak_analysis.json
2026-03-25 02:00:15,811 - root - INFO - Exporting 8 rows to analytics.probability_analytics_summary
2026-03-25 02:00:15,877 - root - INFO - Export complete: analytics.probability_analytics_summary
2026-03-25 02:00:15,878 - root - INFO - Exported 8 rows to outputs\analytics\probability_analytics_summary.csv
2026-03-25 02:00:15,879 - root - INFO - Exported 8 rows to outputs\analytics\probability_analytics_summary.json
2026-03-25 02:00:15,879 - finance_ml.analytics.probability_analytics - INFO - Exported probability analytics results to database and outputs\analytics
2026-03-25 02:00:15,880 - __main__ - INFO -    ✓ earnings_probability_analysis_db → analytics.earnings_probability_analysis
2026-03-25 02:00:15,880 - __main__ - INFO -    ✓ earnings_probability_analysis_csv → outputs\analytics\earnings_probability_analysis.csv
2026-03-25 02:00:15,880 - __main__ - INFO -    ✓ eps_streak_analysis_db → analytics.eps_streak_analysis
2026-03-25 02:00:15,881 - __main__ - INFO -    ✓ eps_streak_analysis_csv → outputs\analytics\eps_streak_analysis.csv
2026-03-25 02:00:15,881 - __main__ - INFO -    ✓ probability_analytics_summary_db → analytics.probability_analytics_summary
2026-03-25 02:00:15,881 - __main__ - INFO -    ✓ probability_analytics_summary_csv → outputs\analytics\probability_analytics_summary.csv
2026-03-25 02:00:15,882 - __main__ - INFO -   ⏱ Step 10 completed in 82.5s
2026-03-25 02:00:15,882 - __main__ - INFO - 
2026-03-25 02:00:15,882 - __main__ - INFO - ================================================================================
2026-03-25 02:00:15,882 - __main__ - INFO - ✅ EXPECTED RETURNS ANALYTICS v3.6 COMPLETE
2026-03-25 02:00:15,882 - __main__ - INFO - ================================================================================
2026-03-25 02:00:15,882 - __main__ - INFO - 
2026-03-25 02:00:15,883 - __main__ - INFO -   Data sources:
2026-03-25 02:00:15,883 - __main__ - INFO -     mv_expected_returns:       6,374 stocks × 685 features
2026-03-25 02:00:15,883 - __main__ - INFO -     mv_all_stock_features:     6,374 stocks × 733 features
2026-03-25 02:00:15,883 - __main__ - INFO - 
2026-03-25 02:00:15,883 - __main__ - INFO -   Models:
2026-03-25 02:00:15,884 - __main__ - INFO -     Monte Carlo simulations:   5,535
2026-03-25 02:00:15,884 - __main__ - INFO -     Price target achievements: 6,374
2026-03-25 02:00:15,884 - __main__ - INFO -     Kalman-filtered targets:   6,372
2026-03-25 02:00:15,884 - __main__ - INFO -     Earnings beat analyses:    6,374
2026-03-25 02:00:15,884 - __main__ - INFO -     Credit risk analyses:      6,374
2026-03-25 02:00:15,884 - __main__ - INFO -     Dividend safety analyses:  6,374
2026-03-25 02:00:15,885 - __main__ - INFO -     Accounting anomaly analyses: 6,374
2026-03-25 02:00:15,885 - __main__ - INFO - 
2026-03-25 02:00:15,885 - __main__ - INFO -   Alignment:
2026-03-25 02:00:15,885 - __main__ - INFO -     Tri-model aligned:         5,535
2026-03-25 02:00:15,885 - __main__ - INFO -     Strong consensus picks:    50
2026-03-25 02:00:15,886 - __main__ - INFO -     Quad-model full consensus: 1531
2026-03-25 02:00:15,886 - __main__ - INFO -     Expected returns summary:  5,535 stocks, 1531 full consensus
2026-03-25 02:00:15,886 - __main__ - INFO -     MC ↔ Kalman correlation:   0.955
2026-03-25 02:00:15,887 - __main__ - INFO - 
2026-03-25 02:00:15,887 - __main__ - INFO -   Screening:
2026-03-25 02:00:15,887 - __main__ - INFO -     quality: 955 stocks
2026-03-25 02:00:15,887 - __main__ - INFO -     earnings_quality: 1,161 stocks
2026-03-25 02:00:15,887 - __main__ - INFO -     value: 1,059 stocks
2026-03-25 02:00:15,887 - __main__ - INFO -     growth: 2,820 stocks
2026-03-25 02:00:15,887 - __main__ - INFO -     garp: 922 stocks
2026-03-25 02:00:15,888 - __main__ - INFO -     dividend: 15 stocks
2026-03-25 02:00:15,888 - __main__ - INFO -     healthy: 1,423 stocks
2026-03-25 02:00:15,888 - __main__ - INFO -     valuation_reversion: 450 stocks
2026-03-25 02:00:15,888 - __main__ - INFO -     integrity_growth: 1,067 stocks
2026-03-25 02:00:15,888 - __main__ - INFO -     high_yield_safe: 45 stocks
2026-03-25 02:00:15,888 - __main__ - INFO -     sector_relative: 6,374 stocks
2026-03-25 02:00:15,888 - __main__ - INFO -     low_vol_quality: 2,249 stocks
2026-03-25 02:00:15,889 - __main__ - INFO -     fcf_compounders: 961 stocks
2026-03-25 02:00:15,889 - __main__ - INFO -     total_return_leaders: 6,374 stocks
2026-03-25 02:00:15,889 - __main__ - INFO - 
2026-03-25 02:00:15,889 - __main__ - INFO -   Probability Analytics:
2026-03-25 02:00:15,889 - __main__ - INFO -     Categories analyzed:       17
2026-03-25 02:00:15,889 - __main__ - INFO - 
2026-03-25 02:00:15,889 - __main__ - INFO -   Outputs: outputs\analytics/
2026-03-25 02:00:15,890 - __main__ - INFO - 
2026-03-25 03:12:07,646 - __main__ - INFO - ================================================================================
2026-03-25 03:12:07,647 - __main__ - INFO - Expected Returns Analytics Pipeline v3.6
2026-03-25 03:12:07,647 - __main__ - INFO - ================================================================================
2026-03-25 03:12:07,648 - __main__ - INFO - 
2026-03-25 03:12:07,649 - __main__ - INFO - 🔧 Numba: True, Joblib: True, ArviZ: True
2026-03-25 03:12:07,650 - __main__ - INFO -    n_jobs=-1, max_features/cat=100, caching=on (TTL=24.0h)
2026-03-25 03:12:07,651 - __main__ - INFO - Cache cleanup (expired only): removed 0 files from .cache
2026-03-25 03:12:07,651 - __main__ - INFO - 📦 Step 1: Loading feature data (v3.6: equities MV + feature views + all stock features MV)...
2026-03-25 03:12:07,651 - __main__ - INFO - --------------------------------------------------------------------------------
2026-03-25 03:12:07,654 - root - INFO - Loading equities data from localhost:5432/postgres (view: public.mv_equities)
2026-03-25 03:12:10,377 - root - INFO - Loaded 6374 rows from public.mv_equities
2026-03-25 03:12:10,382 - root - INFO - Backfill complete. Columns: 677
2026-03-25 03:14:22,073 - __main__ - INFO - ================================================================================
2026-03-25 03:14:22,074 - __main__ - INFO - Expected Returns Analytics Pipeline v3.6
2026-03-25 03:14:22,074 - __main__ - INFO - ================================================================================
2026-03-25 03:14:22,075 - __main__ - INFO - 
2026-03-25 03:14:22,075 - __main__ - INFO - 🔧 Numba: True, Joblib: True, ArviZ: True
2026-03-25 03:14:22,076 - __main__ - INFO -    n_jobs=-1, max_features/cat=100, caching=on (TTL=24.0h)
2026-03-25 03:14:22,077 - __main__ - INFO - Cache cleanup (expired only): removed 0 files from .cache
2026-03-25 03:14:22,077 - __main__ - INFO - 📦 Step 1: Loading feature data (v3.6: equities MV + feature views + all stock features MV)...
2026-03-25 03:14:22,077 - __main__ - INFO - --------------------------------------------------------------------------------
2026-03-25 03:14:22,078 - root - INFO - Loading equities data from localhost:5432/postgres (view: public.mv_equities)
2026-03-25 03:14:24,825 - root - INFO - Loaded 6374 rows from public.mv_equities
2026-03-25 03:14:24,827 - root - INFO - Backfill complete. Columns: 677
2026-03-25 03:14:24,856 - root - INFO - Loaded 25 feature categories from database
2026-03-25 03:14:24,856 - __main__ - INFO - Loaded 25 feature categories (310 total features)
2026-03-25 03:14:24,858 - __main__ - INFO - All feature categories have ≥80%% coverage
2026-03-25 03:14:24,858 - __main__ - INFO - Loaded expected returns data: 6374 stocks × 677 features
2026-03-25 03:14:24,858 - __main__ - INFO - ✓ Loaded mv_equities: 6,374 stocks × 677 features
2026-03-25 03:14:24,897 - root - INFO - Loaded 32 identifier columns from public.vw_identifier_columns
2026-03-25 03:14:24,897 - root - INFO - Loading view: public.vw_features_analyst_sentiment
2026-03-25 03:14:25,406 - root - INFO - Loaded 6374 rows from vw_features_analyst_sentiment
2026-03-25 03:14:25,407 - root - INFO - Loading view: public.vw_features_balance_sheet
2026-03-25 03:14:25,813 - root - INFO - Loaded 6374 rows from vw_features_balance_sheet
2026-03-25 03:14:25,813 - root - INFO - Loading view: public.vw_features_cashflow
2026-03-25 03:14:26,348 - root - INFO - Loaded 6374 rows from vw_features_cashflow
2026-03-25 03:14:26,349 - root - INFO - Loading view: public.vw_features_composite_scores
2026-03-25 03:14:26,649 - root - INFO - Loaded 6374 rows from vw_features_composite_scores
2026-03-25 03:14:26,649 - root - INFO - Loading view: public.vw_features_cost_structure
2026-03-25 03:14:26,970 - root - INFO - Loaded 6374 rows from vw_features_cost_structure
2026-03-25 03:14:26,970 - root - INFO - Loading view: public.vw_features_dividends
2026-03-25 03:14:27,157 - root - INFO - Loaded 6374 rows from vw_features_dividends
2026-03-25 03:14:27,158 - root - INFO - Loading view: public.vw_features_earnings
2026-03-25 03:14:27,688 - root - INFO - Loaded 6374 rows from vw_features_earnings
2026-03-25 03:14:27,689 - root - INFO - Loading view: public.vw_features_employment
2026-03-25 03:14:27,885 - root - INFO - Loaded 6374 rows from vw_features_employment
2026-03-25 03:14:27,885 - root - INFO - Loading view: public.vw_features_growth
2026-03-25 03:14:28,439 - root - INFO - Loaded 6374 rows from vw_features_growth
2026-03-25 03:14:28,439 - root - INFO - Loading view: public.vw_features_leverage_liquidity
2026-03-25 03:14:29,001 - root - INFO - Loaded 6374 rows from vw_features_leverage_liquidity
2026-03-25 03:14:29,002 - root - INFO - Loading view: public.vw_features_momentum
2026-03-25 03:14:29,260 - root - INFO - Loaded 6374 rows from vw_features_momentum
2026-03-25 03:14:29,261 - root - INFO - Loading view: public.vw_features_profitability
2026-03-25 03:14:29,750 - root - INFO - Loaded 6374 rows from vw_features_profitability
2026-03-25 03:14:29,751 - root - INFO - Loading view: public.vw_features_quality_risk
2026-03-25 03:14:30,074 - root - INFO - Loaded 6374 rows from vw_features_quality_risk
2026-03-25 03:14:30,075 - root - INFO - Loading view: public.vw_features_technical_analysis
2026-03-25 03:14:30,238 - root - INFO - Loaded 6374 rows from vw_features_technical_analysis
2026-03-25 03:14:30,238 - root - INFO - Loading view: public.vw_features_temporal
2026-03-25 03:14:30,431 - root - INFO - Loaded 6374 rows from vw_features_temporal
2026-03-25 03:14:30,431 - root - INFO - Loading view: public.vw_features_unusual_items
2026-03-25 03:14:30,607 - root - INFO - Loaded 6374 rows from vw_features_unusual_items
2026-03-25 03:14:30,608 - root - INFO - Loading view: public.vw_features_valuation_ratios
2026-03-25 03:14:31,027 - root - INFO - Loaded 6374 rows from vw_features_valuation_ratios
2026-03-25 03:14:32,178 - root - INFO - Backfill complete. Columns: 718
2026-03-25 03:14:32,225 - __main__ - INFO - Kalman momentum filter applied to 5 columns
2026-03-25 03:14:32,939 - __main__ - INFO - Loaded all stock features: 6374 stocks × 728 features, 17 view specs
2026-03-25 03:14:32,939 - __main__ - INFO - ✓ Loaded feature views: 6,374 stocks × 728 features
2026-03-25 03:14:32,940 - __main__ - INFO -   View specs loaded: 17 views
2026-03-25 03:14:32,940 - root - INFO - Loading feature data from localhost:5432/postgres (view: public.mv_all_stock_features, earnings_date_filter: 2026-01-01)
2026-03-25 03:14:37,044 - root - INFO - Loaded 6374 rows from public.mv_all_stock_features
2026-03-25 03:14:37,044 - __main__ - INFO - Loaded mv_all_stock_features: 6374 rows × 818 columns
2026-03-25 03:14:37,044 - __main__ - INFO - ✓ Loaded mv_all_stock_features: 6,374 stocks × 818 features
2026-03-25 03:14:37,115 - __main__ - INFO -   Schema metadata: 674 columns
2026-03-25 03:14:37,116 - __main__ - INFO -   Feature registry: 74 functions
2026-03-25 03:14:37,158 - __main__ - INFO -   mv_equities spec unavailable: DataFrame must contain a 'ticker' column
2026-03-25 03:14:37,158 - __main__ - INFO - 
2026-03-25 03:14:37,159 - __main__ - INFO - 📦 Step 1b: Pre-computing historical target drift enrichment...
2026-03-25 03:14:37,159 - __main__ - INFO - --------------------------------------------------------------------------------
2026-03-25 03:14:37,188 - root - INFO - Loaded 674 column definitions from public.equities_schema_metadata
2026-03-25 03:14:37,189 - root - INFO - Cached equities schema: 674 columns across 26 roles
2026-03-25 03:14:37,189 - __main__ - INFO - Column lists derived from equities schema (46 total columns)
2026-03-25 03:14:37,190 - __main__ - INFO - Historical price/target coverage: 40 / 40 columns available (historical_prices=9, historical_targets=7, historical_targets_high=8, historical_targets_low=8, historical_targets_median=8)
2026-03-25 03:14:37,207 - __main__ - INFO - Historical target drift enrichment: 12 derived columns added
2026-03-25 03:14:37,207 - __main__ - INFO - ✓ Historical drift enrichment complete (12 derived columns)
2026-03-25 03:14:37,208 - __main__ - INFO -   ⏱ Step 1 completed in 15.1s
2026-03-25 03:14:37,208 - __main__ - INFO - 
2026-03-25 03:14:37,209 - __main__ - INFO - 🎲 Step 2: Monte Carlo price target simulation (50,000 samples)...
2026-03-25 03:14:37,209 - __main__ - INFO - --------------------------------------------------------------------------------
2026-03-25 03:14:45,543 - __main__ - INFO - Monte Carlo simulation: 5535 stocks processed
2026-03-25 03:14:45,547 - __main__ - INFO - ✓ 5,535 stocks simulated
2026-03-25 03:14:45,548 - __main__ - INFO -   Mean upside:  33.3%
2026-03-25 03:14:45,549 - __main__ - INFO -   Median upside: 24.6%
2026-03-25 03:14:45,550 - __main__ - INFO -   Positive prob (mean): 85.5%
2026-03-25 03:14:45,551 - __main__ - INFO - Computed price_target_mc for 5535 / 5535 stocks (mean=7198.63)
2026-03-25 03:14:45,552 - __main__ - INFO -   Monte Carlo targets (5,535 stocks): implied return=19.2%
2026-03-25 03:14:45,690 - __main__ - INFO - Monte Carlo: computed detailed statistics for 5 / 5 columns
2026-03-25 03:14:52,082 - __main__ - INFO - MCMC Student-t: μ=23.66 (±0.31), df=2.0
2026-03-25 03:14:52,082 - __main__ - INFO - 
  📐 Best-fit distribution: t (AIC=54255.8, KS p=0.000)
2026-03-25 03:14:52,083 - __main__ - INFO - 
  📉 VaR 1%: -26.6%  |  CVaR 5%: -20.8%
2026-03-25 03:14:52,084 - __main__ - INFO -      Downside deviation: 16.36
2026-03-25 03:14:52,084 - __main__ - INFO -      Gain/Loss ratio: 3.43
2026-03-25 03:14:52,085 - __main__ - INFO - 
  🏷️  Tiers: High-conviction=3184, Moderate=1719, Speculative=17, Avoid=627
2026-03-25 03:14:52,085 - __main__ - INFO -   ⏱ Step 2 completed in 14.9s
2026-03-25 03:14:52,085 - __main__ - INFO - 
2026-03-25 03:14:52,085 - __main__ - INFO - 🎯 Step 3: Price target achievement model...
2026-03-25 03:14:52,085 - __main__ - INFO - --------------------------------------------------------------------------------
2026-03-25 03:14:52,108 - __main__ - INFO - Price target achievement: merged 26 sentiment columns from feature views
2026-03-25 03:14:52,115 - __main__ - INFO - Price target: merged 36 risk columns
2026-03-25 03:14:57,378 - finance_ml.analytics.probability_analytics - INFO - MH sampler for price target: acceptance_rate=0.223, mean_posterior=32.236
2026-03-25 03:15:13,208 - __main__ - INFO - Price target achievement: 6374 stocks processed
2026-03-25 03:15:13,212 - __main__ - INFO - ✓ 6,374 stocks analyzed
2026-03-25 03:15:13,213 - __main__ - INFO -   Mean achievement prob: 0.452
2026-03-25 03:15:13,214 - __main__ - INFO -   Mean prob-weighted return: 8.2%
2026-03-25 03:15:13,220 - __main__ - INFO - Computed price_target_prob_weighted for 6373 / 6374 stocks (mean=5887.50)
2026-03-25 03:15:13,226 - __main__ - INFO -   Prob-weighted targets (6,373 stocks): implied return=6.5%
2026-03-25 03:15:13,409 - __main__ - INFO - Price Target Achievement: computed detailed statistics for 5 / 5 columns
2026-03-25 03:15:13,421 - __main__ - INFO -   ⏱ Step 3 completed in 21.3s
2026-03-25 03:15:13,422 - __main__ - INFO - 
2026-03-25 03:15:13,422 - __main__ - INFO - 📐 Step 4: Kalman-filtered price targets...
2026-03-25 03:15:13,422 - __main__ - INFO - --------------------------------------------------------------------------------
2026-03-25 03:15:14,160 - __main__ - INFO - Kalman filter: 6372 stocks processed
2026-03-25 03:15:14,163 - __main__ - INFO - ✓ 6,372 stocks filtered
2026-03-25 03:15:14,164 - __main__ - INFO -   Mean filtered upside: 24.5%
2026-03-25 03:15:14,250 - __main__ - INFO - Kalman Filter: computed detailed statistics for 3 / 3 columns
2026-03-25 03:15:14,258 - __main__ - INFO -   ⏱ Step 4 completed in 0.8s
2026-03-25 03:15:14,259 - __main__ - INFO - 
2026-03-25 03:15:14,259 - __main__ - INFO - 📊 Step 5: Bayesian earnings beat analysis...
2026-03-25 03:15:14,259 - __main__ - INFO - --------------------------------------------------------------------------------
2026-03-25 03:15:16,135 - __main__ - INFO - Earnings beat analysis: 6374 stocks processed
2026-03-25 03:15:17,283 - __main__ - INFO - EPS streak enrichment: 8 columns added
2026-03-25 03:16:56,556 - __main__ - INFO - Resampled beat enrichment: 12 columns added
2026-03-25 03:16:56,896 - __main__ - INFO - ✓ 6,374 stocks analyzed
2026-03-25 03:16:56,897 - __main__ - INFO -   Mean P(beat): 0.434
2026-03-25 03:16:56,899 - __main__ - INFO -   Classified as 'likely_beat': 2844
2026-03-25 03:16:56,900 - __main__ - INFO -   ⏱ Step 5 completed in 102.6s
2026-03-25 03:16:56,900 - __main__ - INFO - 
2026-03-25 03:16:56,900 - __main__ - INFO - 🔬 Step 5b: Accounting anomaly detection & analytics...
2026-03-25 03:16:56,900 - __main__ - INFO - --------------------------------------------------------------------------------
2026-03-25 03:16:56,922 - __main__ - INFO - Accounting anomaly analysis: merged 32 columns from feature views
2026-03-25 03:17:04,439 - finance_ml.analytics.probability_analytics - INFO - MH sampler for anomaly scores: acceptance_rate=0.207, threshold=33.68, mean_posterior=34.831
2026-03-25 03:17:19,923 - finance_ml.analytics.probability_analytics - INFO - Anomaly MCMC converged: R̂=1.0000
2026-03-25 03:17:19,927 - finance_ml.analytics.probability_analytics - INFO - AccountingAnomalyProbabilityModel: severity computed for 6374 stocks, 827 multi-flag alerts, mean conditional P(anomaly)=0.304
2026-03-25 03:17:27,842 - __main__ - INFO - MCMC anomaly posterior: location=34.005
2026-03-25 03:17:27,842 - __main__ - INFO - Accounting anomaly analysis: 6374 stocks processed
2026-03-25 03:17:27,850 - __main__ - INFO -   Anomaly tier distribution:
2026-03-25 03:17:27,852 - __main__ - INFO -     Clean: 2,117 (33.2%)
2026-03-25 03:17:27,852 - __main__ - INFO -     Watch: 2,994 (47.0%)
2026-03-25 03:17:27,852 - __main__ - INFO -     Flag: 1,196 (18.8%)
2026-03-25 03:17:27,852 - __main__ - INFO -     Alert: 67 (1.1%)
2026-03-25 03:17:27,854 - __main__ - INFO -   Anomaly score — mean: 34.9, median: 33.7, std: 16.5, max: 100.0
2026-03-25 03:17:27,854 - __main__ - INFO -   Stocks with ≥1 flagged feature: 5,822, ≥10 flags: 827
2026-03-25 03:17:27,855 - __main__ - INFO -   Per-feature anomaly flags:
2026-03-25 03:17:27,855 - __main__ - INFO -     discontinued_ops_impact: 77 stocks flagged
2026-03-25 03:17:27,855 - __main__ - INFO -     ebit_adjustment_pct_fy: 1,916 stocks flagged
2026-03-25 03:17:27,856 - __main__ - INFO -     ebit_adjustment_pct_ltm: 271 stocks flagged
2026-03-25 03:17:27,856 - __main__ - INFO -     ebitda_adjustment_pct_fy: 1,711 stocks flagged
2026-03-25 03:17:27,857 - __main__ - INFO -     ebitda_adjustment_pct_ltm: 110 stocks flagged
2026-03-25 03:17:27,857 - __main__ - INFO -     ebitda_adjustment_ratio: 140 stocks flagged
2026-03-25 03:17:27,858 - __main__ - INFO -     eps_adjustment_pct: 780 stocks flagged
2026-03-25 03:17:27,858 - __main__ - INFO -     eps_adjustment_ratio: 753 stocks flagged
2026-03-25 03:17:27,859 - __main__ - INFO -     eps_adjustment_ratio_comp: 753 stocks flagged
2026-03-25 03:17:27,859 - __main__ - INFO -     eps_adjustment_spread_fy: 1,834 stocks flagged
2026-03-25 03:17:27,859 - __main__ - INFO -     eps_adjustment_spread_ltm: 1,047 stocks flagged
2026-03-25 03:17:27,859 - __main__ - INFO -     eps_growth_accel: 371 stocks flagged
2026-03-25 03:17:27,860 - __main__ - INFO -     eps_surprise_pct: 646 stocks flagged
2026-03-25 03:17:27,860 - __main__ - INFO -     exceptional_items_frequency: 509 stocks flagged
2026-03-25 03:17:27,860 - __main__ - INFO -     exceptional_items_to_ebitda: 2,962 stocks flagged
2026-03-25 03:17:27,860 - __main__ - INFO -     forward_eps_gaap_adj_spread: 1,686 stocks flagged
2026-03-25 03:17:27,861 - __main__ - INFO -     gaap_adj_eps_gap_pct: 1,499 stocks flagged
2026-03-25 03:17:27,861 - __main__ - INFO -     gaap_revision_1m: 1,111 stocks flagged
2026-03-25 03:17:27,862 - __main__ - INFO -     gaap_revision_1y: 562 stocks flagged
2026-03-25 03:17:27,862 - __main__ - INFO -     gaap_revision_3m: 972 stocks flagged
2026-03-25 03:17:27,862 - __main__ - INFO -     gaap_revision_6m: 832 stocks flagged
2026-03-25 03:17:27,863 - __main__ - INFO -     gaap_revision_momentum: 1,226 stocks flagged
2026-03-25 03:17:27,863 - __main__ - INFO -     gaap_vs_norm_revision_spread: 1,071 stocks flagged
2026-03-25 03:17:27,863 - __main__ - INFO -     goodwill_change_rate: 1,272 stocks flagged
2026-03-25 03:17:27,863 - __main__ - INFO -     net_income_adjustment_pct: 171 stocks flagged
2026-03-25 03:17:27,864 - __main__ - INFO -     net_income_adjustment_ratio_fy: 2,139 stocks flagged
2026-03-25 03:17:27,864 - __main__ - INFO -     net_income_adjustment_ratio_ltm: 727 stocks flagged
2026-03-25 03:17:27,864 - __main__ - INFO -     restructuring_intensity: 100 stocks flagged
2026-03-25 03:17:27,864 - __main__ - INFO -     revenue_surprise_pct: 834 stocks flagged
2026-03-25 03:17:27,864 - __main__ - INFO -     revision_quality_divergence: 947 stocks flagged
2026-03-25 03:17:27,865 - __main__ - INFO -   Mahalanobis distance — computed: 1,312, mean: 3.78, p95: 8.53
2026-03-25 03:17:27,866 - __main__ - INFO -   Sector-relative outliers (|z| > 2): 236
2026-03-25 03:17:27,866 - __main__ - INFO -   Severity score — mean: 37.86, median: 34.03, max: 100.00
2026-03-25 03:17:27,867 - __main__ - INFO -   Conditional P(anomaly) — mean: 0.304, median: 0.280, max: 0.468
2026-03-25 03:17:27,867 - __main__ - INFO -   Multi-flag alerts: 827
2026-03-25 03:17:27,868 - __main__ - INFO -   Stocks in top 10% risk rank: 638
2026-03-25 03:17:27,868 - __main__ - INFO -   Benford's Law chi² p-value: 0.0017 (⚠️ suspicious)
2026-03-25 03:17:27,868 - __main__ - INFO -   Best-fit distributions per feature:
2026-03-25 03:17:27,871 - __main__ - INFO -     asset_sale_boost: student_t (mean KS p=0.000)
2026-03-25 03:17:27,872 - __main__ - INFO -     discontinued_ops_impact: student_t (mean KS p=0.000)
2026-03-25 03:17:27,873 - __main__ - INFO -     ebit_adjustment_pct_fy: student_t (mean KS p=0.000)
2026-03-25 03:17:27,874 - __main__ - INFO -     ebit_adjustment_pct_ltm: student_t (mean KS p=0.000)
2026-03-25 03:17:27,875 - __main__ - INFO -     ebitda_adjustment_pct_fy: student_t (mean KS p=0.000)
2026-03-25 03:17:27,875 - __main__ - INFO -     ebitda_adjustment_pct_ltm: student_t (mean KS p=0.000)
2026-03-25 03:17:27,876 - __main__ - INFO -     ebitda_adjustment_ratio: student_t (mean KS p=0.000)
2026-03-25 03:17:27,877 - __main__ - INFO -     eps_adjustment_pct: student_t (mean KS p=0.000)
2026-03-25 03:17:27,878 - __main__ - INFO -     eps_adjustment_ratio_comp: student_t (mean KS p=0.000)
2026-03-25 03:17:27,879 - __main__ - INFO -     eps_adjustment_ratio: student_t (mean KS p=0.000)
2026-03-25 03:17:27,879 - __main__ - INFO -     eps_adjustment_spread_fy: student_t (mean KS p=0.000)
2026-03-25 03:17:27,880 - __main__ - INFO -     eps_adjustment_spread_ltm: student_t (mean KS p=0.000)
2026-03-25 03:17:27,880 - __main__ - INFO -     eps_growth_accel: student_t (mean KS p=0.158)
2026-03-25 03:17:27,881 - __main__ - INFO -     eps_surprise_pct: student_t (mean KS p=0.000)
2026-03-25 03:17:27,882 - __main__ - INFO -     exceptional_items_frequency: student_t (mean KS p=0.000)
2026-03-25 03:17:27,882 - __main__ - INFO -     exceptional_items_to_ebitda: student_t (mean KS p=0.000)
2026-03-25 03:17:27,883 - __main__ - INFO -     forward_eps_gaap_adj_spread: student_t (mean KS p=0.000)
2026-03-25 03:17:27,884 - __main__ - INFO -     gaap_adj_eps_gap_pct: student_t (mean KS p=0.000)
2026-03-25 03:17:27,885 - __main__ - INFO -     gaap_revision_1m: student_t (mean KS p=0.000)
2026-03-25 03:17:27,885 - __main__ - INFO -     gaap_revision_1y: student_t (mean KS p=0.002)
2026-03-25 03:17:27,886 - __main__ - INFO -     gaap_revision_3m: student_t (mean KS p=0.000)
2026-03-25 03:17:27,887 - __main__ - INFO -     gaap_revision_6m: student_t (mean KS p=0.002)
2026-03-25 03:17:27,888 - __main__ - INFO -     gaap_revision_momentum: student_t (mean KS p=0.000)
2026-03-25 03:17:27,888 - __main__ - INFO -     gaap_vs_norm_revision_spread: student_t (mean KS p=0.000)
2026-03-25 03:17:27,889 - __main__ - INFO -     goodwill_change_rate: student_t (mean KS p=0.000)
2026-03-25 03:17:27,890 - __main__ - INFO -     net_income_adjustment_pct: student_t (mean KS p=0.000)
2026-03-25 03:17:27,890 - __main__ - INFO -     net_income_adjustment_ratio_fy: student_t (mean KS p=0.000)
2026-03-25 03:17:27,891 - __main__ - INFO -     net_income_adjustment_ratio_ltm: student_t (mean KS p=0.000)
2026-03-25 03:17:27,892 - __main__ - INFO -     restructuring_intensity: student_t (mean KS p=0.000)
2026-03-25 03:17:27,893 - __main__ - INFO -     revenue_surprise_pct: student_t (mean KS p=0.000)
2026-03-25 03:17:27,894 - __main__ - INFO -     revision_quality_divergence: student_t (mean KS p=0.000)
2026-03-25 03:17:27,903 - root - INFO - Exporting 6374 rows to analytics.accounting_anomaly_analysis
2026-03-25 03:17:30,764 - root - INFO - Export complete: analytics.accounting_anomaly_analysis
2026-03-25 03:17:30,764 - __main__ - INFO -   ✓ Exported 6,374 rows → analytics.accounting_anomaly_analysis
2026-03-25 03:17:30,764 - __main__ - INFO - ✓ Accounting anomaly analysis complete: 6,374 stocks
2026-03-25 03:17:30,766 - __main__ - INFO -   ⏱ Step 5b completed in 33.9s
2026-03-25 03:17:30,766 - __main__ - INFO - 
2026-03-25 03:17:30,766 - __main__ - INFO - 🛡️ Step 5c: Credit risk & dividend safety analysis...
2026-03-25 03:17:30,767 - __main__ - INFO - --------------------------------------------------------------------------------
2026-03-25 03:17:30,788 - __main__ - INFO - Credit risk analysis: merged 49 risk columns from feature views
2026-03-25 03:17:42,146 - finance_ml.analytics.probability_analytics - INFO - Sector-adjusted distress: 3440 / 6374 stocks flagged (vs 1427 with global threshold)
2026-03-25 03:17:42,232 - __main__ - INFO - Hierarchical MCMC credit risk: 36 sectors enriched
2026-03-25 03:17:42,530 - __main__ - INFO - Ruin probability enrichment: 7 columns added
2026-03-25 03:17:42,530 - __main__ - INFO - Credit risk analysis: 6374 stocks processed
2026-03-25 03:17:42,534 - __main__ - INFO - ✓ Credit risk: 6,374 stocks, 3723 high/distressed
2026-03-25 03:17:42,535 - __main__ - INFO -   Mean ruin probability: 0.047
2026-03-25 03:17:42,546 - __main__ - INFO -   Merged 820 anomaly columns into credit risk DataFrame
2026-03-25 03:17:50,881 - finance_ml.analytics.probability_analytics - INFO - Hierarchical sector MCMC for dividend FCF coverage: 31 sectors
2026-03-25 03:17:50,889 - __main__ - INFO - Dividend safety analysis: 6374 stocks processed
2026-03-25 03:17:50,893 - __main__ - INFO - ✓ Dividend safety: 6,374 stocks, 3152 at risk
2026-03-25 03:17:50,893 - __main__ - INFO -   ⏱ Step 5c completed in 20.1s
2026-03-25 03:17:50,893 - __main__ - INFO - 
2026-03-25 03:17:50,893 - __main__ - INFO - 🔍 Step 5d: Running stock screening strategies...
2026-03-25 03:17:50,894 - __main__ - INFO - --------------------------------------------------------------------------------
2026-03-25 03:17:50,938 - __main__ - INFO -   ✓ Productivity frontier scores added
2026-03-25 03:17:50,940 - __main__ - INFO -    Reporting lag sentiment: corr=-0.023, p=0.1769, hypothesis=not confirmed
2026-03-25 03:17:50,941 - __main__ - INFO - Quality screen: 0 stocks
2026-03-25 03:17:50,941 - __main__ - WARNING - Quality screen returned 0 stocks — applying adaptive fallback.
2026-03-25 03:17:50,941 - __main__ - WARNING - Adaptive screening: quality returned 0 stocks (0.0% < 0.0% threshold). Applying percentile-based fallback (top 10%).
2026-03-25 03:17:50,949 - __main__ - INFO - Adaptive screening: quality fallback using piotroski_f_score >= 6.00 → 955 stocks
2026-03-25 03:17:51,990 - __main__ - INFO - Earnings quality screen: 1161 stocks
2026-03-25 03:17:53,195 - __main__ - INFO - Value screen: 1059 stocks
2026-03-25 03:17:54,291 - __main__ - INFO - Growth screen: 2820 stocks
2026-03-25 03:17:55,271 - __main__ - INFO - GARP screen: 922 stocks
2026-03-25 03:17:56,147 - __main__ - INFO - Dividend screen: 15 stocks
2026-03-25 03:17:56,867 - __main__ - INFO - Financial health screen: 1423 stocks
2026-03-25 03:17:57,205 - __main__ - INFO - Valuation reversion screen: 450 stocks
2026-03-25 03:17:58,355 - __main__ - INFO - Integrity growth screen: 1067 stocks
2026-03-25 03:17:58,948 - __main__ - INFO - High-yield safe dividend screen: 45 stocks
2026-03-25 03:17:58,966 - __main__ - INFO - Sector-relative ranking: 6374 stocks
2026-03-25 03:18:00,270 - __main__ - INFO - Low-volatility quality screen: 2249 stocks
2026-03-25 03:18:00,761 - __main__ - INFO - FCF compounders screen: 961 stocks
2026-03-25 03:18:00,774 - __main__ - INFO - Total return leaders screen: 6374 stocks
2026-03-25 03:18:00,774 - __main__ - INFO -   ✓ quality: 955 stocks
2026-03-25 03:18:00,774 - __main__ - INFO -   ✓ earnings_quality: 1,161 stocks
2026-03-25 03:18:00,775 - __main__ - INFO -   ✓ value: 1,059 stocks
2026-03-25 03:18:00,775 - __main__ - INFO -   ✓ growth: 2,820 stocks
2026-03-25 03:18:00,776 - __main__ - INFO -   ✓ garp: 922 stocks
2026-03-25 03:18:00,776 - __main__ - INFO -   ✓ dividend: 15 stocks
2026-03-25 03:18:00,776 - __main__ - INFO -   ✓ healthy: 1,423 stocks
2026-03-25 03:18:00,776 - __main__ - INFO -   ✓ valuation_reversion: 450 stocks
2026-03-25 03:18:00,777 - __main__ - INFO -   ✓ integrity_growth: 1,067 stocks
2026-03-25 03:18:00,777 - __main__ - INFO -   ✓ high_yield_safe: 45 stocks
2026-03-25 03:18:00,777 - __main__ - INFO -   ✓ sector_relative: 6,374 stocks
2026-03-25 03:18:00,777 - __main__ - INFO -   ✓ low_vol_quality: 2,249 stocks
2026-03-25 03:18:00,777 - __main__ - INFO -   ✓ fcf_compounders: 961 stocks
2026-03-25 03:18:00,777 - __main__ - INFO -   ✓ total_return_leaders: 6,374 stocks
2026-03-25 03:18:00,778 - __main__ - INFO -   ⏱ Step 5d completed in 9.9s
2026-03-25 03:18:00,778 - __main__ - INFO - 
2026-03-25 03:18:00,778 - __main__ - INFO - 🧪 Step 5e: Resampled Bayesian posterior returns...
2026-03-25 03:18:00,778 - __main__ - INFO - --------------------------------------------------------------------------------
2026-03-25 03:18:20,417 - __main__ - INFO - Resampled posterior returns: 6373 stocks, mean posterior=-3.97%
2026-03-25 03:18:20,662 - __main__ - INFO -   ✓ Resampled posteriors: 6,373 stocks
2026-03-25 03:18:20,663 - __main__ - INFO -   Mean posterior return: -3.97%
2026-03-25 03:18:20,664 - __main__ - INFO -   ⏱ Step 5e completed in 19.9s
2026-03-25 03:18:20,665 - __main__ - INFO - 
2026-03-25 03:18:20,665 - __main__ - INFO - 🔗 Step 6: Cross-model alignment...
2026-03-25 03:18:20,665 - __main__ - INFO - --------------------------------------------------------------------------------
2026-03-25 03:18:20,708 - __main__ - INFO - Tri-model alignment: 5535 stocks, 4798 strong bullish
2026-03-25 03:18:20,714 - __main__ - INFO - Strong consensus picks: 50 stocks
2026-03-25 03:18:20,733 - __main__ - INFO - Quad-model alignment: 5535 stocks, full consensus (4/4): 1531
2026-03-25 03:18:20,733 - __main__ - INFO -   Tri-model coverage: 5,535 stocks
2026-03-25 03:18:20,735 - __main__ - INFO -     Strong Bearish (0/3): 496
2026-03-25 03:18:20,736 - __main__ - INFO -     Bearish (1/3): 101
2026-03-25 03:18:20,737 - __main__ - INFO -     Bullish (2/3): 140
2026-03-25 03:18:20,738 - __main__ - INFO -     Strong Bullish (3/3): 4798
2026-03-25 03:18:20,738 - __main__ - INFO -   Strong consensus picks: 50
2026-03-25 03:18:20,739 - __main__ - INFO -   Quad-model (4/4): 1531 stocks
2026-03-25 03:18:20,769 - __main__ - INFO -   MC ↔ Kalman correlation: 0.955
2026-03-25 03:18:20,769 - __main__ - INFO -   ⏱ Step 6 completed in 0.1s
2026-03-25 03:18:20,770 - __main__ - INFO - 
2026-03-25 03:18:20,770 - __main__ - INFO - 📋 Step 7: Building expected_returns_summary (4-model merge)...
2026-03-25 03:18:20,771 - __main__ - INFO - --------------------------------------------------------------------------------
2026-03-25 03:18:20,805 - __main__ - INFO - Enriched expected_returns_summary with 43 anomaly columns
2026-03-25 03:18:20,817 - __main__ - INFO - Enriched expected_returns_summary with 21 credit risk columns
2026-03-25 03:18:20,825 - __main__ - INFO - Enriched expected_returns_summary with 11 dividend safety columns
2026-03-25 03:18:20,899 - __main__ - INFO - Enriched expected_returns_summary with 33 columns from mv_all_stock_features
2026-03-25 03:18:20,904 - __main__ - INFO - Expected returns summary: 5535 stocks, 1531 strong bullish (4/4)
2026-03-25 03:18:20,904 - __main__ - INFO -   ✓ 5,535 stocks in expected_returns_summary
2026-03-25 03:18:20,905 - __main__ - INFO -   Full consensus (4/4): 1531 stocks
2026-03-25 03:18:20,998 - __main__ - INFO - Quality scoring: 11 High, 1665 Above Avg
2026-03-25 03:18:21,003 - __main__ - INFO -   High-quality full consensus: 717 stocks
2026-03-25 03:18:21,051 - __main__ - INFO - Added z-scores and percentile ranks for 3 return metrics
2026-03-25 03:18:21,054 - __main__ - INFO -   Agreement distribution:
2026-03-25 03:18:21,056 - __main__ - INFO -     Strong Bearish (0/4): 380
2026-03-25 03:18:21,056 - __main__ - INFO -     Bearish (1/4): 190
2026-03-25 03:18:21,057 - __main__ - INFO -     Neutral (2/4): 121
2026-03-25 03:18:21,057 - __main__ - INFO -     Bullish (3/4): 3313
2026-03-25 03:18:21,058 - __main__ - INFO -     Strong Bullish (4/4): 1531
2026-03-25 03:18:21,140 - __main__ - INFO - Cross-model diagnostics: tail agreement=95.6%, mean dispersion=9.90
2026-03-25 03:18:21,142 - __main__ - INFO - 
  🔬 Cross-Model Diagnostics:
2026-03-25 03:18:21,143 - __main__ - INFO -      Direction agreement: 95.6%
2026-03-25 03:18:21,143 - __main__ - INFO -      Mean inter-model dispersion: 9.90
2026-03-25 03:18:21,144 - __main__ - INFO -      Kendall τ (expected_upside_pct ↔ filtered_upside): 0.917 (p=0.0000)
2026-03-25 03:18:21,144 - __main__ - INFO -      Kendall τ (expected_upside_pct ↔ expected_return_prob_weighted): 0.476 (p=0.0000)
2026-03-25 03:18:21,145 - __main__ - INFO -      Kendall τ (filtered_upside ↔ expected_return_prob_weighted): 0.502 (p=0.0000)
2026-03-25 03:18:21,198 - __main__ - INFO - 
  🏢 Sector Analytics: 59 sectors
2026-03-25 03:18:21,254 - __main__ - INFO -    Hierarchical MCMC: 39 sector posteriors (Bayesian shrinkage)
2026-03-25 03:18:21,255 - __main__ - INFO -      Energy Equipment and Services: raw=8.3% → posterior=11.3% (shrinkage=0.88)
2026-03-25 03:18:21,255 - __main__ - INFO -      Software: raw=64.5% → posterior=63.1% (shrinkage=0.96)
2026-03-25 03:18:21,255 - __main__ - INFO -      Entertainment: raw=47.8% → posterior=46.2% (shrinkage=0.89)
2026-03-25 03:18:21,255 - __main__ - INFO -      Construction and Engineering: raw=20.2% → posterior=21.2% (shrinkage=0.92)
2026-03-25 03:18:21,255 - __main__ - INFO -      Health Care Equipment and Supplies: raw=46.1% → posterior=45.1% (shrinkage=0.93)
2026-03-25 03:18:21,760 - finance_ml.analytics.statistical_analysis - INFO - Multi-level hierarchical MCMC: 9 levels, 306 total groups for 'expected_upside_pct'
2026-03-25 03:18:21,762 - __main__ - INFO -    Multi-level MCMC: 9 category levels, 306 group posteriors
2026-03-25 03:18:21,763 - __main__ - INFO -      [region] Europe: raw=42.2% → posterior=42.1% (n=1564, shrink=0.99)
2026-03-25 03:18:21,764 - __main__ - INFO -      [region] United States and Canada: raw=36.8% → posterior=36.8% (n=1717, shrink=0.99)
2026-03-25 03:18:21,764 - __main__ - INFO -      [region] Latin America and Caribbean: raw=32.7% → posterior=32.7% (n=231, shrink=0.96)
2026-03-25 03:18:21,764 - __main__ - INFO -      [region] Africa / Middle East: raw=31.3% → posterior=31.4% (n=287, shrink=0.97)
2026-03-25 03:18:21,765 - __main__ - INFO -      [region] Asia / Pacific: raw=22.2% → posterior=22.3% (n=1736, shrink=0.99)
2026-03-25 03:18:21,765 - __main__ - INFO -      [country] GB: raw=58.1% → posterior=57.6% (n=289, shrink=0.97)
2026-03-25 03:18:21,766 - __main__ - INFO -      [country] LU: raw=63.3% → posterior=56.0% (n=24, shrink=0.66)
2026-03-25 03:18:21,766 - __main__ - INFO -      [country] DE: raw=51.2% → posterior=50.7% (n=172, shrink=0.95)
2026-03-25 03:18:21,767 - __main__ - INFO -      [country] NL: raw=49.0% → posterior=47.9% (n=57, shrink=0.85)
2026-03-25 03:18:21,767 - __main__ - INFO -      [country] IT: raw=47.9% → posterior=47.4% (n=106, shrink=0.91)
2026-03-25 03:18:21,768 - __main__ - INFO -      [country] SE: raw=47.4% → posterior=47.1% (n=168, shrink=0.94)
2026-03-25 03:18:21,768 - __main__ - INFO -      [country] IE: raw=47.6% → posterior=46.3% (n=32, shrink=0.76)
2026-03-25 03:18:21,768 - __main__ - INFO -      [country] MT: raw=118.1% → posterior=44.3% (n=3, shrink=0.03)
2026-03-25 03:18:21,768 - __main__ - INFO -      [country] JE: raw=43.2% → posterior=42.1% (n=3, shrink=0.03)
2026-03-25 03:18:21,768 - __main__ - INFO -      [country] BE: raw=41.5% → posterior=41.6% (n=41, shrink=0.80)
2026-03-25 03:18:21,769 - __main__ - INFO -      [country] SI: raw=-1.3% → posterior=40.8% (n=3, shrink=0.03)
2026-03-25 03:18:21,769 - __main__ - INFO -      [country] FR: raw=40.7% → posterior=40.8% (n=157, shrink=0.94)
2026-03-25 03:18:21,769 - __main__ - INFO -      [country] HU: raw=10.1% → posterior=40.5% (n=4, shrink=0.05)
2026-03-25 03:18:21,769 - __main__ - INFO -      [country] MX: raw=41.7% → posterior=40.1% (n=46, shrink=0.82)
2026-03-25 03:18:21,769 - __main__ - INFO -      [country] CZ: raw=6.0% → posterior=39.3% (n=5, shrink=0.08)
2026-03-25 03:18:21,770 - __main__ - INFO -      [country] AE: raw=41.6% → posterior=39.2% (n=34, shrink=0.77)
2026-03-25 03:18:21,770 - __main__ - INFO -      [country] CY: raw=3.5% → posterior=39.1% (n=5, shrink=0.08)
2026-03-25 03:18:21,770 - __main__ - INFO -      [country] TR: raw=40.4% → posterior=38.9% (n=52, shrink=0.84)
2026-03-25 03:18:21,770 - __main__ - INFO -      [country] ZA: raw=40.1% → posterior=38.3% (n=38, shrink=0.79)
2026-03-25 03:18:21,770 - __main__ - INFO -      [country] US: raw=37.7% → posterior=37.7% (n=1516, shrink=0.99)
2026-03-25 03:18:21,771 - __main__ - INFO -      [country] HR: raw=9.0% → posterior=37.4% (n=7, shrink=0.14)
2026-03-25 03:18:21,771 - __main__ - INFO -      [country] PT: raw=17.3% → posterior=35.9% (n=10, shrink=0.25)
2026-03-25 03:18:21,771 - __main__ - INFO -      [country] DK: raw=32.6% → posterior=34.7% (n=35, shrink=0.78)
2026-03-25 03:18:21,771 - __main__ - INFO -      [country] HK: raw=36.4% → posterior=34.0% (n=49, shrink=0.83)
2026-03-25 03:18:21,771 - __main__ - INFO -      [country] ID: raw=37.6% → posterior=33.5% (n=29, shrink=0.74)
2026-03-25 03:18:21,771 - __main__ - INFO -      [country] KY: raw=39.7% → posterior=33.3% (n=5, shrink=0.08)
2026-03-25 03:18:21,772 - __main__ - INFO -      [country] SG: raw=38.6% → posterior=33.3% (n=25, shrink=0.68)
2026-03-25 03:18:21,772 - __main__ - INFO -      [country] SA: raw=33.4% → posterior=33.2% (n=72, shrink=0.88)
2026-03-25 03:18:21,772 - __main__ - INFO -      [country] CH: raw=32.1% → posterior=32.9% (n=112, shrink=0.92)
2026-03-25 03:18:21,772 - __main__ - INFO -      [country] QA: raw=34.9% → posterior=32.5% (n=12, shrink=0.32)
2026-03-25 03:18:21,772 - __main__ - INFO -      [country] RO: raw=-14.7% → posterior=32.1% (n=8, shrink=0.18)
2026-03-25 03:18:21,773 - __main__ - INFO -      [country] BR: raw=31.8% → posterior=31.9% (n=122, shrink=0.92)
2026-03-25 03:18:21,773 - __main__ - INFO -      [country] AU: raw=33.5% → posterior=31.9% (n=58, shrink=0.85)
2026-03-25 03:18:21,773 - __main__ - INFO -      [country] PE: raw=13.3% → posterior=31.8% (n=4, shrink=0.05)
2026-03-25 03:18:21,773 - __main__ - INFO -      [country] MA: raw=33.9% → posterior=31.5% (n=4, shrink=0.05)
2026-03-25 03:18:21,773 - __main__ - INFO -      [country] ES: raw=29.4% → posterior=31.4% (n=53, shrink=0.84)
2026-03-25 03:18:21,774 - __main__ - INFO -      [country] IL: raw=31.3% → posterior=31.3% (n=23, shrink=0.64)
2026-03-25 03:18:21,774 - __main__ - INFO -      [country] CA: raw=30.3% → posterior=30.6% (n=201, shrink=0.95)
2026-03-25 03:18:21,774 - __main__ - INFO -      [country] CO: raw=8.8% → posterior=30.2% (n=6, shrink=0.11)
2026-03-25 03:18:21,774 - __main__ - INFO -      [country] GH: raw=-13.2% → posterior=30.1% (n=3, shrink=0.03)
2026-03-25 03:18:21,775 - __main__ - INFO -      [country] GR: raw=20.7% → posterior=29.9% (n=20, shrink=0.57)
2026-03-25 03:18:21,775 - __main__ - INFO -      [country] KW: raw=15.8% → posterior=29.7% (n=6, shrink=0.11)
2026-03-25 03:18:21,775 - __main__ - INFO -      [country] FI: raw=27.6% → posterior=29.2% (n=80, shrink=0.89)
2026-03-25 03:18:21,775 - __main__ - INFO -      [country] AT: raw=24.2% → posterior=29.1% (n=28, shrink=0.72)
2026-03-25 03:18:21,776 - __main__ - INFO -      [country] CL: raw=25.1% → posterior=28.8% (n=18, shrink=0.52)
2026-03-25 03:18:21,776 - __main__ - INFO -      [country] EG: raw=24.9% → posterior=28.4% (n=16, shrink=0.46)
2026-03-25 03:18:21,776 - __main__ - INFO -      [country] PL: raw=22.8% → posterior=26.1% (n=49, shrink=0.83)
2026-03-25 03:18:21,777 - __main__ - INFO -      [country] IN: raw=24.1% → posterior=24.0% (n=212, shrink=0.95)
2026-03-25 03:18:21,777 - __main__ - INFO -      [country] CN: raw=24.0% → posterior=24.0% (n=714, shrink=0.99)
2026-03-25 03:18:21,777 - __main__ - INFO -      [country] NZ: raw=24.9% → posterior=22.5% (n=6, shrink=0.11)
2026-03-25 03:18:21,777 - __main__ - INFO -      [country] BM: raw=16.2% → posterior=22.5% (n=22, shrink=0.62)
2026-03-25 03:18:21,777 - __main__ - INFO -      [country] VN: raw=23.8% → posterior=22.4% (n=6, shrink=0.11)
2026-03-25 03:18:21,778 - __main__ - INFO -      [country] NO: raw=19.8% → posterior=22.2% (n=81, shrink=0.89)
2026-03-25 03:18:21,778 - __main__ - INFO -      [country] PH: raw=19.0% → posterior=22.0% (n=5, shrink=0.08)
2026-03-25 03:18:21,778 - __main__ - INFO -      [country] TH: raw=21.8% → posterior=21.9% (n=23, shrink=0.64)
2026-03-25 03:18:21,778 - __main__ - INFO -      [country] OM: raw=-6.0% → posterior=19.3% (n=12, shrink=0.32)
2026-03-25 03:18:21,779 - __main__ - INFO -      [country] MY: raw=18.0% → posterior=19.0% (n=31, shrink=0.76)
2026-03-25 03:18:21,779 - __main__ - INFO -      [country] KR: raw=17.8% → posterior=18.1% (n=111, shrink=0.92)
2026-03-25 03:18:21,779 - __main__ - INFO -      [country] TW: raw=16.3% → posterior=16.8% (n=100, shrink=0.91)
2026-03-25 03:18:21,779 - __main__ - INFO -      [country] NG: raw=-18.4% → posterior=15.2% (n=12, shrink=0.32)
2026-03-25 03:18:21,779 - __main__ - INFO -      [country] JP: raw=14.5% → posterior=14.7% (n=359, shrink=0.97)
2026-03-25 03:18:21,780 - __main__ - INFO -      [trading_country] GB: raw=59.7% → posterior=59.1% (n=289, shrink=0.97)
2026-03-25 03:18:21,781 - __main__ - INFO -      [trading_country] DE: raw=54.7% → posterior=54.0% (n=181, shrink=0.95)
2026-03-25 03:18:21,781 - __main__ - INFO -      [trading_country] SE: raw=47.8% → posterior=47.5% (n=171, shrink=0.94)
2026-03-25 03:18:21,781 - __main__ - INFO -      [trading_country] BE: raw=47.5% → posterior=46.4% (n=39, shrink=0.80)
2026-03-25 03:18:21,781 - __main__ - INFO -      [trading_country] IT: raw=45.9% → posterior=45.6% (n=104, shrink=0.91)
2026-03-25 03:18:21,782 - __main__ - INFO -      [trading_country] IE: raw=32.5% → posterior=41.6% (n=4, shrink=0.05)
2026-03-25 03:18:21,782 - __main__ - INFO -      [trading_country] SI: raw=-1.3% → posterior=40.8% (n=3, shrink=0.03)
2026-03-25 03:18:21,782 - __main__ - INFO -      [trading_country] HU: raw=-6.4% → posterior=40.7% (n=3, shrink=0.03)
2026-03-25 03:18:21,782 - __main__ - INFO -      [trading_country] FR: raw=40.0% → posterior=40.1% (n=157, shrink=0.94)
2026-03-25 03:18:21,782 - __main__ - INFO -      [trading_country] CZ: raw=-0.7% → posterior=39.9% (n=4, shrink=0.05)
2026-03-25 03:18:21,783 - __main__ - INFO -      [trading_country] MX: raw=41.3% → posterior=39.6% (n=42, shrink=0.81)
2026-03-25 03:18:21,783 - __main__ - INFO -      [trading_country] TR: raw=40.6% → posterior=39.1% (n=51, shrink=0.84)
2026-03-25 03:18:21,783 - __main__ - INFO -      [trading_country] US: raw=38.7% → posterior=38.7% (n=1706, shrink=0.99)
2026-03-25 03:18:21,783 - __main__ - INFO -      [trading_country] AE: raw=40.7% → posterior=38.5% (n=32, shrink=0.76)
2026-03-25 03:18:21,783 - __main__ - INFO -      [trading_country] NL: raw=37.5% → posterior=38.2% (n=51, shrink=0.84)
2026-03-25 03:18:21,783 - __main__ - INFO -      [trading_country] HR: raw=9.0% → posterior=37.4% (n=7, shrink=0.14)
2026-03-25 03:18:21,784 - __main__ - INFO -      [trading_country] HK: raw=36.9% → posterior=36.0% (n=165, shrink=0.94)
2026-03-25 03:18:21,784 - __main__ - INFO -      [trading_country] DK: raw=33.4% → posterior=35.4% (n=34, shrink=0.77)
2026-03-25 03:18:21,784 - __main__ - INFO -      [trading_country] PT: raw=15.4% → posterior=34.4% (n=11, shrink=0.29)
2026-03-25 03:18:21,784 - __main__ - INFO -      [trading_country] GR: raw=24.0% → posterior=33.8% (n=16, shrink=0.46)
2026-03-25 03:18:21,785 - __main__ - INFO -      [trading_country] ID: raw=37.6% → posterior=33.5% (n=29, shrink=0.74)
2026-03-25 03:18:21,785 - __main__ - INFO -      [trading_country] SA: raw=33.4% → posterior=33.2% (n=72, shrink=0.88)
2026-03-25 03:18:21,785 - __main__ - INFO -      [trading_country] CA: raw=32.7% → posterior=32.9% (n=201, shrink=0.95)
2026-03-25 03:18:21,785 - __main__ - INFO -      [trading_country] ES: raw=30.9% → posterior=32.7% (n=53, shrink=0.84)
2026-03-25 03:18:21,785 - __main__ - INFO -      [trading_country] QA: raw=34.9% → posterior=32.5% (n=12, shrink=0.32)
2026-03-25 03:18:21,785 - __main__ - INFO -      [trading_country] PE: raw=13.2% → posterior=32.2% (n=3, shrink=0.03)
2026-03-25 03:18:21,786 - __main__ - INFO -      [trading_country] BR: raw=31.4% → posterior=31.5% (n=118, shrink=0.92)
2026-03-25 03:18:21,786 - __main__ - INFO -      [trading_country] MA: raw=33.9% → posterior=31.5% (n=4, shrink=0.05)
2026-03-25 03:18:21,786 - __main__ - INFO -      [trading_country] CH: raw=30.2% → posterior=31.4% (n=95, shrink=0.90)
2026-03-25 03:18:21,786 - __main__ - INFO -      [trading_country] CO: raw=8.8% → posterior=30.2% (n=6, shrink=0.11)
2026-03-25 03:18:21,786 - __main__ - INFO -      [trading_country] GH: raw=-13.2% → posterior=30.1% (n=3, shrink=0.03)
2026-03-25 03:18:21,787 - __main__ - INFO -      [trading_country] CL: raw=26.9% → posterior=29.9% (n=17, shrink=0.49)
2026-03-25 03:18:21,787 - __main__ - INFO -      [trading_country] KW: raw=15.8% → posterior=29.7% (n=6, shrink=0.11)
2026-03-25 03:18:21,787 - __main__ - INFO -      [trading_country] ZA: raw=29.1% → posterior=29.6% (n=36, shrink=0.78)
2026-03-25 03:18:21,787 - __main__ - INFO -      [trading_country] AU: raw=30.6% → posterior=29.3% (n=55, shrink=0.85)
2026-03-25 03:18:21,787 - __main__ - INFO -      [trading_country] FI: raw=27.3% → posterior=29.0% (n=79, shrink=0.89)
2026-03-25 03:18:21,788 - __main__ - INFO -      [trading_country] EG: raw=24.9% → posterior=28.4% (n=16, shrink=0.46)
2026-03-25 03:18:21,788 - __main__ - INFO -      [trading_country] IL: raw=-7.8% → posterior=28.3% (n=5, shrink=0.08)
2026-03-25 03:18:21,788 - __main__ - INFO -      [trading_country] RO: raw=-13.2% → posterior=28.3% (n=10, shrink=0.25)
2026-03-25 03:18:21,788 - __main__ - INFO -      [trading_country] AT: raw=17.2% → posterior=26.7% (n=22, shrink=0.62)
2026-03-25 03:18:21,788 - __main__ - INFO -      [trading_country] PL: raw=22.5% → posterior=25.5% (n=54, shrink=0.84)
2026-03-25 03:18:21,789 - __main__ - INFO -      [trading_country] IN: raw=23.5% → posterior=23.4% (n=211, shrink=0.95)
2026-03-25 03:18:21,789 - __main__ - INFO -      [trading_country] NO: raw=21.5% → posterior=23.4% (n=99, shrink=0.91)
2026-03-25 03:18:21,789 - __main__ - INFO -      [trading_country] VN: raw=23.8% → posterior=22.4% (n=6, shrink=0.11)
2026-03-25 03:18:21,789 - __main__ - INFO -      [trading_country] PH: raw=19.0% → posterior=22.0% (n=5, shrink=0.08)
2026-03-25 03:18:21,789 - __main__ - INFO -      [trading_country] TH: raw=21.8% → posterior=22.0% (n=22, shrink=0.62)
2026-03-25 03:18:21,790 - __main__ - INFO -      [trading_country] NZ: raw=16.0% → posterior=21.6% (n=6, shrink=0.11)
2026-03-25 03:18:21,790 - __main__ - INFO -      [trading_country] CN: raw=20.0% → posterior=20.1% (n=568, shrink=0.98)
2026-03-25 03:18:21,790 - __main__ - INFO -      [trading_country] OM: raw=-6.0% → posterior=19.3% (n=12, shrink=0.32)
2026-03-25 03:18:21,790 - __main__ - INFO -      [trading_country] MY: raw=18.0% → posterior=19.0% (n=31, shrink=0.76)
2026-03-25 03:18:21,790 - __main__ - INFO -      [trading_country] SG: raw=11.1% → posterior=18.2% (n=13, shrink=0.36)
2026-03-25 03:18:21,790 - __main__ - INFO -      [trading_country] KR: raw=17.8% → posterior=18.1% (n=111, shrink=0.92)
2026-03-25 03:18:21,791 - __main__ - INFO -      [trading_country] TW: raw=16.3% → posterior=16.9% (n=101, shrink=0.91)
2026-03-25 03:18:21,791 - __main__ - INFO -      [trading_country] NG: raw=-21.1% → posterior=16.3% (n=11, shrink=0.29)
2026-03-25 03:18:21,791 - __main__ - INFO -      [trading_country] JP: raw=14.5% → posterior=14.7% (n=359, shrink=0.97)
2026-03-25 03:18:21,792 - __main__ - INFO -      [exchange] AIM: raw=92.4% → posterior=89.1% (n=95, shrink=0.90)
2026-03-25 03:18:21,793 - __main__ - INFO -      [exchange] NasdaqGM: raw=87.7% → posterior=83.3% (n=105, shrink=0.91)
2026-03-25 03:18:21,793 - __main__ - INFO -      [exchange] NasdaqCM: raw=81.5% → posterior=76.1% (n=71, shrink=0.88)
2026-03-25 03:18:21,793 - __main__ - INFO -      [exchange] XTRA: raw=52.4% → posterior=52.3% (n=176, shrink=0.95)
2026-03-25 03:18:21,794 - __main__ - INFO -      [exchange] DB: raw=97.8% → posterior=52.1% (n=3, shrink=0.03)
2026-03-25 03:18:21,794 - __main__ - INFO -      [exchange] OM: raw=48.8% → posterior=48.7% (n=169, shrink=0.94)
2026-03-25 03:18:21,794 - __main__ - INFO -      [exchange] ENXTBR: raw=47.5% → posterior=46.3% (n=39, shrink=0.80)
2026-03-25 03:18:21,794 - __main__ - INFO -      [exchange] BIT: raw=45.9% → posterior=46.0% (n=104, shrink=0.91)
2026-03-25 03:18:21,794 - __main__ - INFO -      [exchange] ISE: raw=32.5% → posterior=45.6% (n=4, shrink=0.05)
2026-03-25 03:18:21,794 - __main__ - INFO -      [exchange] LSE: raw=43.7% → posterior=44.4% (n=194, shrink=0.95)
2026-03-25 03:18:21,795 - __main__ - INFO -      [exchange] NasdaqGS: raw=42.2% → posterior=42.1% (n=622, shrink=0.98)
2026-03-25 03:18:21,795 - __main__ - INFO -      [exchange] BMV: raw=41.3% → posterior=41.1% (n=42, shrink=0.81)
2026-03-25 03:18:21,795 - __main__ - INFO -      [exchange] ADX: raw=42.0% → posterior=40.8% (n=20, shrink=0.57)
2026-03-25 03:18:21,795 - __main__ - INFO -      [exchange] IBSE: raw=40.6% → posterior=40.3% (n=51, shrink=0.84)
2026-03-25 03:18:21,795 - __main__ - INFO -      [exchange] NYSEAM: raw=69.1% → posterior=40.1% (n=5, shrink=0.08)
2026-03-25 03:18:21,795 - __main__ - INFO -      [exchange] ENXTPA: raw=40.0% → posterior=40.1% (n=157, shrink=0.94)
2026-03-25 03:18:21,796 - __main__ - INFO -      [exchange] LJSE: raw=-1.3% → posterior=39.6% (n=3, shrink=0.03)
2026-03-25 03:18:21,796 - __main__ - INFO -      [exchange] ENXTAM: raw=37.5% → posterior=39.2% (n=51, shrink=0.84)
2026-03-25 03:18:21,796 - __main__ - INFO -      [exchange] CNSX: raw=90.1% → posterior=39.2% (n=3, shrink=0.03)
2026-03-25 03:18:21,796 - __main__ - INFO -      [exchange] BUSE: raw=-6.4% → posterior=39.1% (n=3, shrink=0.03)
2026-03-25 03:18:21,796 - __main__ - INFO -      [exchange] DFM: raw=38.5% → posterior=39.0% (n=12, shrink=0.32)
2026-03-25 03:18:21,797 - __main__ - INFO -      [exchange] SEP: raw=-0.7% → posterior=37.3% (n=4, shrink=0.05)
2026-03-25 03:18:21,797 - __main__ - INFO -      [exchange] TSXV: raw=66.8% → posterior=37.0% (n=8, shrink=0.18)
2026-03-25 03:18:21,797 - __main__ - INFO -      [exchange] IDX: raw=37.6% → posterior=36.5% (n=29, shrink=0.74)
2026-03-25 03:18:21,797 - __main__ - INFO -      [exchange] SEHK: raw=36.9% → posterior=36.1% (n=165, shrink=0.94)
2026-03-25 03:18:21,797 - __main__ - INFO -      [exchange] CPSE: raw=33.4% → posterior=33.7% (n=34, shrink=0.77)
2026-03-25 03:18:21,798 - __main__ - INFO -      [exchange] ZGSE: raw=9.0% → posterior=33.4% (n=7, shrink=0.14)
2026-03-25 03:18:21,798 - __main__ - INFO -      [exchange] SASE: raw=33.4% → posterior=33.4% (n=72, shrink=0.88)
2026-03-25 03:18:21,798 - __main__ - INFO -      [exchange] DSM: raw=34.9% → posterior=33.3% (n=12, shrink=0.32)
2026-03-25 03:18:21,798 - __main__ - INFO -      [exchange] CBSE: raw=33.9% → posterior=31.6% (n=4, shrink=0.05)
2026-03-25 03:18:21,798 - __main__ - INFO -      [exchange] BOVESPA: raw=31.4% → posterior=31.4% (n=118, shrink=0.92)
2026-03-25 03:18:21,799 - __main__ - INFO -      [exchange] BVL: raw=13.2% → posterior=31.2% (n=3, shrink=0.03)
2026-03-25 03:18:21,799 - __main__ - INFO -      [exchange] JSE: raw=29.1% → posterior=31.1% (n=36, shrink=0.78)
2026-03-25 03:18:21,799 - __main__ - INFO -      [exchange] BME: raw=30.9% → posterior=31.0% (n=53, shrink=0.84)
2026-03-25 03:18:21,799 - __main__ - INFO -      [exchange] ASX: raw=30.6% → posterior=30.8% (n=55, shrink=0.85)
2026-03-25 03:18:21,799 - __main__ - INFO -      [exchange] SWX: raw=30.2% → posterior=30.5% (n=95, shrink=0.90)
2026-03-25 03:18:21,800 - __main__ - INFO -      [exchange] TSX: raw=30.1% → posterior=30.1% (n=189, shrink=0.95)
2026-03-25 03:18:21,800 - __main__ - INFO -      [exchange] ENXTLS: raw=15.4% → posterior=30.0% (n=11, shrink=0.29)
2026-03-25 03:18:21,800 - __main__ - INFO -      [exchange] GHSE: raw=-13.2% → posterior=28.8% (n=3, shrink=0.03)
2026-03-25 03:18:21,800 - __main__ - INFO -      [exchange] TASE: raw=-7.8% → posterior=28.3% (n=5, shrink=0.08)
2026-03-25 03:18:21,800 - __main__ - INFO -      [exchange] KWSE: raw=15.8% → posterior=28.2% (n=6, shrink=0.11)
2026-03-25 03:18:21,800 - __main__ - INFO -      [exchange] BVC: raw=8.8% → posterior=27.9% (n=6, shrink=0.11)
2026-03-25 03:18:21,801 - __main__ - INFO -      [exchange] SNSE: raw=26.9% → posterior=27.9% (n=17, shrink=0.49)
2026-03-25 03:18:21,801 - __main__ - INFO -      [exchange] HLSE: raw=27.3% → posterior=27.5% (n=79, shrink=0.89)
2026-03-25 03:18:21,801 - __main__ - INFO -      [exchange] ATSE: raw=24.0% → posterior=27.2% (n=16, shrink=0.46)
2026-03-25 03:18:21,801 - __main__ - INFO -      [exchange] NYSE: raw=27.0% → posterior=27.1% (n=899, shrink=0.99)
2026-03-25 03:18:21,801 - __main__ - INFO -      [exchange] CASE: raw=24.9% → posterior=26.8% (n=16, shrink=0.46)
2026-03-25 03:18:21,801 - __main__ - INFO -      [exchange] NSEI: raw=25.4% → posterior=25.4% (n=151, shrink=0.94)
2026-03-25 03:18:21,801 - __main__ - INFO -      [exchange] SGX: raw=11.1% → posterior=25.3% (n=13, shrink=0.36)
2026-03-25 03:18:21,802 - __main__ - INFO -      [exchange] OTCPK: raw=28.7% → posterior=24.2% (n=4, shrink=0.05)
2026-03-25 03:18:21,802 - __main__ - INFO -      [exchange] WSE: raw=22.5% → posterior=23.0% (n=54, shrink=0.84)
2026-03-25 03:18:21,802 - __main__ - INFO -      [exchange] HOSE: raw=23.8% → posterior=22.6% (n=6, shrink=0.11)
2026-03-25 03:18:21,802 - __main__ - INFO -      [exchange] NZSE: raw=16.0% → posterior=21.8% (n=6, shrink=0.11)
2026-03-25 03:18:21,802 - __main__ - INFO -      [exchange] SET: raw=21.8% → posterior=21.8% (n=22, shrink=0.62)
2026-03-25 03:18:21,802 - __main__ - INFO -      [exchange] WBAG: raw=17.2% → posterior=21.8% (n=22, shrink=0.62)
2026-03-25 03:18:21,802 - __main__ - INFO -      [exchange] PSE: raw=19.0% → posterior=21.8% (n=5, shrink=0.08)
2026-03-25 03:18:21,802 - __main__ - INFO -      [exchange] OB: raw=21.5% → posterior=21.6% (n=99, shrink=0.91)
2026-03-25 03:18:21,803 - __main__ - INFO -      [exchange] SHSE: raw=21.3% → posterior=21.4% (n=302, shrink=0.97)
2026-03-25 03:18:21,803 - __main__ - INFO -      [exchange] BVB: raw=-13.2% → posterior=20.8% (n=10, shrink=0.25)
2026-03-25 03:18:21,803 - __main__ - INFO -      [exchange] BSE: raw=18.5% → posterior=19.3% (n=60, shrink=0.86)
2026-03-25 03:18:21,803 - __main__ - INFO -      [exchange] KOSE: raw=19.2% → posterior=19.1% (n=98, shrink=0.91)
2026-03-25 03:18:21,803 - __main__ - INFO -      [exchange] SZSE: raw=18.6% → posterior=18.8% (n=266, shrink=0.96)
2026-03-25 03:18:21,803 - __main__ - INFO -      [exchange] KLSE: raw=18.0% → posterior=18.2% (n=31, shrink=0.76)
2026-03-25 03:18:21,803 - __main__ - INFO -      [exchange] TWSE: raw=16.8% → posterior=16.8% (n=83, shrink=0.89)
2026-03-25 03:18:21,804 - __main__ - INFO -      [exchange] TPEX: raw=14.3% → posterior=15.5% (n=18, shrink=0.52)
2026-03-25 03:18:21,804 - __main__ - INFO -      [exchange] TSE: raw=14.5% → posterior=14.5% (n=359, shrink=0.97)
2026-03-25 03:18:21,804 - __main__ - INFO -      [exchange] KOSDAQ: raw=7.2% → posterior=14.2% (n=13, shrink=0.36)
2026-03-25 03:18:21,804 - __main__ - INFO -      [exchange] MSM: raw=-6.0% → posterior=11.1% (n=12, shrink=0.32)
2026-03-25 03:18:21,804 - __main__ - INFO -      [exchange] NGSE: raw=-21.1% → posterior=4.8% (n=11, shrink=0.29)
2026-03-25 03:18:21,805 - __main__ - INFO -      [unit] GBP: raw=59.9% → posterior=59.0% (n=287, shrink=0.97)
2026-03-25 03:18:21,805 - __main__ - INFO -      [unit] SEK: raw=47.5% → posterior=46.7% (n=170, shrink=0.94)
2026-03-25 03:18:21,805 - __main__ - INFO -      [unit] EUR: raw=40.8% → posterior=40.7% (n=731, shrink=0.99)
2026-03-25 03:18:21,806 - __main__ - INFO -      [unit] MXN: raw=41.3% → posterior=39.7% (n=42, shrink=0.81)
2026-03-25 03:18:21,806 - __main__ - INFO -      [unit] TRY: raw=40.6% → posterior=39.4% (n=51, shrink=0.84)
2026-03-25 03:18:21,806 - __main__ - INFO -      [unit] AED: raw=40.7% → posterior=38.9% (n=32, shrink=0.76)
2026-03-25 03:18:21,806 - __main__ - INFO -      [unit] USD: raw=38.7% → posterior=38.6% (n=1710, shrink=0.99)
2026-03-25 03:18:21,806 - __main__ - INFO -      [unit] HKD: raw=36.9% → posterior=36.7% (n=165, shrink=0.94)
2026-03-25 03:18:21,806 - __main__ - INFO -      [unit] IDR: raw=37.6% → posterior=36.4% (n=29, shrink=0.74)
2026-03-25 03:18:21,807 - __main__ - INFO -      [unit] QAR: raw=34.9% → posterior=33.8% (n=12, shrink=0.32)
2026-03-25 03:18:21,807 - __main__ - INFO -      [unit] SAR: raw=33.4% → posterior=33.4% (n=72, shrink=0.88)
2026-03-25 03:18:21,807 - __main__ - INFO -      [unit] DKK: raw=33.4% → posterior=33.4% (n=34, shrink=0.77)
2026-03-25 03:18:21,808 - __main__ - INFO -      [unit] MAD: raw=33.9% → posterior=33.3% (n=4, shrink=0.05)
2026-03-25 03:18:21,808 - __main__ - INFO -      [unit] CAD: raw=32.7% → posterior=32.7% (n=201, shrink=0.95)
2026-03-25 03:18:21,808 - __main__ - INFO -      [unit] VND: raw=23.8% → posterior=32.3% (n=6, shrink=0.11)
2026-03-25 03:18:21,808 - __main__ - INFO -      [unit] PHP: raw=19.0% → posterior=32.2% (n=5, shrink=0.08)
2026-03-25 03:18:21,809 - __main__ - INFO -      [unit] HUF: raw=-6.4% → posterior=32.1% (n=3, shrink=0.03)
2026-03-25 03:18:21,809 - __main__ - INFO -      [unit] GHS: raw=-13.2% → posterior=31.9% (n=3, shrink=0.03)
2026-03-25 03:18:21,809 - __main__ - INFO -      [unit] CZK: raw=-0.7% → posterior=31.6% (n=4, shrink=0.05)
2026-03-25 03:18:21,809 - __main__ - INFO -      [unit] BRL: raw=31.4% → posterior=31.6% (n=118, shrink=0.92)
2026-03-25 03:18:21,809 - __main__ - INFO -      [unit] NZD: raw=16.0% → posterior=31.4% (n=6, shrink=0.11)
2026-03-25 03:18:21,810 - __main__ - INFO -      [unit] KWD: raw=15.8% → posterior=31.4% (n=6, shrink=0.11)
2026-03-25 03:18:21,810 - __main__ - INFO -      [unit] AUD: raw=30.6% → posterior=31.0% (n=55, shrink=0.85)
2026-03-25 03:18:21,810 - __main__ - INFO -      [unit] COP: raw=8.8% → posterior=30.7% (n=6, shrink=0.11)
2026-03-25 03:18:21,810 - __main__ - INFO -      [unit] CHF: raw=30.2% → posterior=30.5% (n=95, shrink=0.90)
2026-03-25 03:18:21,810 - __main__ - INFO -      [unit] CLP: raw=26.9% → posterior=30.1% (n=17, shrink=0.49)
2026-03-25 03:18:21,811 - __main__ - INFO -      [unit] ILS: raw=-7.8% → posterior=30.1% (n=5, shrink=0.08)
2026-03-25 03:18:21,811 - __main__ - INFO -      [unit] ZAR: raw=29.1% → posterior=30.0% (n=36, shrink=0.78)
2026-03-25 03:18:21,811 - __main__ - INFO -      [unit] EGP: raw=24.9% → posterior=29.4% (n=16, shrink=0.46)
2026-03-25 03:18:21,811 - __main__ - INFO -      [unit] THB: raw=21.8% → posterior=26.2% (n=22, shrink=0.62)
2026-03-25 03:18:21,811 - __main__ - INFO -      [unit] SGD: raw=10.5% → posterior=25.9% (n=12, shrink=0.32)
2026-03-25 03:18:21,811 - __main__ - INFO -      [unit] PLN: raw=22.5% → posterior=24.2% (n=54, shrink=0.84)
2026-03-25 03:18:21,812 - __main__ - INFO -      [unit] INR: raw=23.5% → posterior=23.9% (n=211, shrink=0.95)
2026-03-25 03:18:21,812 - __main__ - INFO -      [unit] NOK: raw=21.5% → posterior=22.6% (n=99, shrink=0.91)
2026-03-25 03:18:21,812 - __main__ - INFO -      [unit] MYR: raw=18.0% → posterior=21.7% (n=31, shrink=0.76)
2026-03-25 03:18:21,812 - __main__ - INFO -      [unit] RON: raw=-13.2% → posterior=21.7% (n=10, shrink=0.25)
2026-03-25 03:18:21,812 - __main__ - INFO -      [unit] OMR: raw=-6.0% → posterior=20.6% (n=12, shrink=0.32)
2026-03-25 03:18:21,813 - __main__ - INFO -      [unit] CNY: raw=20.0% → posterior=20.3% (n=568, shrink=0.98)
2026-03-25 03:18:21,813 - __main__ - INFO -      [unit] KRW: raw=17.8% → posterior=19.0% (n=111, shrink=0.92)
2026-03-25 03:18:21,813 - __main__ - INFO -      [unit] TWD: raw=16.3% → posterior=17.9% (n=101, shrink=0.91)
2026-03-25 03:18:21,813 - __main__ - INFO -      [unit] NGN: raw=-21.1% → posterior=17.7% (n=11, shrink=0.29)
2026-03-25 03:18:21,814 - __main__ - INFO -      [unit] JPY: raw=14.5% → posterior=15.0% (n=359, shrink=0.97)
2026-03-25 03:18:21,814 - __main__ - INFO -      [sector] Health Care: raw=57.7% → posterior=57.4% (n=723, shrink=0.99)
2026-03-25 03:18:21,815 - __main__ - INFO -      [sector] Consumer Discretionary: raw=39.8% → posterior=39.8% (n=798, shrink=0.99)
2026-03-25 03:18:21,815 - __main__ - INFO -      [sector] Communication Services: raw=34.5% → posterior=34.0% (n=246, shrink=0.96)
2026-03-25 03:18:21,815 - __main__ - INFO -      [sector] Information Technology: raw=33.9% → posterior=33.8% (n=847, shrink=0.99)
2026-03-25 03:18:21,815 - __main__ - INFO -      [sector] Materials: raw=30.2% → posterior=30.1% (n=605, shrink=0.98)
2026-03-25 03:18:21,816 - __main__ - INFO -      [sector] Consumer Staples: raw=28.6% → posterior=28.5% (n=505, shrink=0.98)
2026-03-25 03:18:21,816 - __main__ - INFO -      [sector] Industrials: raw=27.7% → posterior=27.8% (n=1249, shrink=0.99)
2026-03-25 03:18:21,816 - __main__ - INFO -      [sector] Utilities: raw=12.7% → posterior=13.1% (n=235, shrink=0.96)
2026-03-25 03:18:21,816 - __main__ - INFO -      [sector] Energy: raw=9.8% → posterior=10.6% (n=327, shrink=0.97)
2026-03-25 03:18:21,817 - __main__ - INFO -      [industry] Biotechnology: raw=87.8% → posterior=86.4% (n=209, shrink=0.95)
2026-03-25 03:18:21,818 - __main__ - INFO -      [industry] Software: raw=64.5% → posterior=63.2% (n=218, shrink=0.96)
2026-03-25 03:18:21,818 - __main__ - INFO -      [industry] Professional Services: raw=59.3% → posterior=56.0% (n=85, shrink=0.89)
2026-03-25 03:18:21,818 - __main__ - INFO -      [industry] Health Care Technology: raw=54.3% → posterior=55.2% (n=28, shrink=0.72)
2026-03-25 03:18:21,818 - __main__ - INFO -      [industry] Life Sciences Tools and Services: raw=52.3% → posterior=53.0% (n=64, shrink=0.86)
2026-03-25 03:18:21,819 - __main__ - INFO -      [industry] Interactive Media and Services: raw=54.3% → posterior=50.7% (n=47, shrink=0.82)
2026-03-25 03:18:21,819 - __main__ - INFO -      [industry] Pharmaceuticals: raw=48.9% → posterior=49.3% (n=170, shrink=0.94)
2026-03-25 03:18:21,819 - __main__ - INFO -      [industry] Health Care Equipment and Supplies: raw=46.1% → posterior=46.9% (n=124, shrink=0.93)
2026-03-25 03:18:21,819 - __main__ - INFO -      [industry] Leisure Products: raw=49.3% → posterior=46.8% (n=29, shrink=0.74)
2026-03-25 03:18:21,819 - __main__ - INFO -      [industry] Entertainment: raw=47.8% → posterior=46.3% (n=81, shrink=0.89)
2026-03-25 03:18:21,820 - __main__ - INFO -      [industry] Distributors: raw=55.1% → posterior=44.8% (n=12, shrink=0.32)
2026-03-25 03:18:21,820 - __main__ - INFO -      [industry] Hotels Restaurants and Leisure: raw=45.0% → posterior=44.7% (n=163, shrink=0.94)
2026-03-25 03:18:21,820 - __main__ - INFO -      [industry] Media: raw=45.7% → posterior=43.6% (n=70, shrink=0.88)
2026-03-25 03:18:21,820 - __main__ - INFO -      [industry] IT Services: raw=41.9% → posterior=41.2% (n=107, shrink=0.91)
2026-03-25 03:18:21,821 - __main__ - INFO -      [industry] Specialty Retail: raw=41.2% → posterior=41.1% (n=155, shrink=0.94)
2026-03-25 03:18:21,821 - __main__ - INFO -      [industry] Household Durables: raw=38.8% → posterior=38.9% (n=107, shrink=0.91)
2026-03-25 03:18:21,821 - __main__ - INFO -      [industry] Automobile Components: raw=38.6% → posterior=38.7% (n=112, shrink=0.92)
2026-03-25 03:18:21,821 - __main__ - INFO -      [industry] Metals and Mining: raw=38.7% → posterior=38.4% (n=260, shrink=0.96)
2026-03-25 03:18:21,822 - __main__ - INFO -      [industry] Health Care Providers and Services: raw=35.2% → posterior=36.8% (n=128, shrink=0.93)
2026-03-25 03:18:21,822 - __main__ - INFO -      [industry] Commercial Services and Supplies: raw=36.9% → posterior=36.0% (n=87, shrink=0.90)
2026-03-25 03:18:21,822 - __main__ - INFO -      [industry] Textiles Apparel and Luxury Goods: raw=35.1% → posterior=35.7% (n=68, shrink=0.87)
2026-03-25 03:18:21,822 - __main__ - INFO -      [industry] Broadline Retail: raw=34.8% → posterior=35.7% (n=47, shrink=0.82)
2026-03-25 03:18:21,823 - __main__ - INFO -      [industry] Passenger Airlines: raw=37.5% → posterior=35.7% (n=42, shrink=0.81)
2026-03-25 03:18:21,823 - __main__ - INFO -      [industry] Diversified Consumer Services: raw=34.7% → posterior=35.7% (n=45, shrink=0.82)
2026-03-25 03:18:21,823 - __main__ - INFO -      [industry] Building Products: raw=34.0% → posterior=33.3% (n=71, shrink=0.88)
2026-03-25 03:18:21,824 - __main__ - INFO -      [industry] Automobiles: raw=31.4% → posterior=32.6% (n=60, shrink=0.86)
2026-03-25 03:18:21,824 - __main__ - INFO -      [industry] Personal Care Products: raw=32.9% → posterior=32.0% (n=42, shrink=0.81)
2026-03-25 03:18:21,824 - __main__ - INFO -      [industry] Paper and Forest Products: raw=31.5% → posterior=31.0% (n=24, shrink=0.66)
2026-03-25 03:18:21,824 - __main__ - INFO -      [industry] Trading Companies and Distributors: raw=31.3% → posterior=30.9% (n=73, shrink=0.88)
2026-03-25 03:18:21,825 - __main__ - INFO -      [industry] Construction Materials: raw=31.0% → posterior=30.8% (n=57, shrink=0.85)
2026-03-25 03:18:21,825 - __main__ - INFO -      [industry] Containers and Packaging: raw=28.5% → posterior=28.8% (n=34, shrink=0.77)
2026-03-25 03:18:21,825 - __main__ - INFO -      [industry] Technology Hardware Storage and Peripherals: raw=27.4% → posterior=28.3% (n=60, shrink=0.86)
2026-03-25 03:18:21,825 - __main__ - INFO -      [industry] Consumer Staples Distribution and Retail: raw=28.2% → posterior=28.2% (n=99, shrink=0.91)
2026-03-25 03:18:21,825 - __main__ - INFO -      [industry] Beverages: raw=26.5% → posterior=26.7% (n=73, shrink=0.88)
2026-03-25 03:18:21,825 - __main__ - INFO -      [industry] Ground Transportation: raw=26.4% → posterior=26.6% (n=72, shrink=0.88)
2026-03-25 03:18:21,826 - __main__ - INFO -      [industry] Aerospace and Defense: raw=26.0% → posterior=26.2% (n=95, shrink=0.90)
2026-03-25 03:18:21,826 - __main__ - INFO -      [industry] Industrial Conglomerates: raw=25.4% → posterior=25.8% (n=46, shrink=0.82)
2026-03-25 03:18:21,826 - __main__ - INFO -      [industry] Tobacco: raw=17.5% → posterior=25.3% (n=11, shrink=0.29)
2026-03-25 03:18:21,826 - __main__ - INFO -      [industry] Machinery: raw=24.4% → posterior=24.6% (n=266, shrink=0.96)
2026-03-25 03:18:21,826 - __main__ - INFO -      [industry] Food Products: raw=24.2% → posterior=24.4% (n=190, shrink=0.95)
2026-03-25 03:18:21,827 - __main__ - INFO -      [industry] Electronic Equipment Instruments and Components: raw=22.8% → posterior=23.3% (n=203, shrink=0.95)
2026-03-25 03:18:21,827 - __main__ - INFO -      [industry] Electrical Equipment: raw=21.8% → posterior=22.1% (n=178, shrink=0.95)
2026-03-25 03:18:21,827 - __main__ - INFO -      [industry] Household Products: raw=16.6% → posterior=21.7% (n=20, shrink=0.57)
2026-03-25 03:18:21,828 - __main__ - INFO -      [industry] Air Freight and Logistics: raw=19.9% → posterior=21.7% (n=36, shrink=0.78)
2026-03-25 03:18:21,828 - __main__ - INFO -      [industry] Diversified Telecommunication Services: raw=20.0% → posterior=21.6% (n=76, shrink=0.88)
2026-03-25 03:18:21,828 - __main__ - INFO -      [industry] Transportation Infrastructure: raw=19.6% → posterior=21.1% (n=48, shrink=0.83)
2026-03-25 03:18:21,828 - __main__ - INFO -      [industry] Chemicals: raw=20.6% → posterior=21.0% (n=230, shrink=0.96)
2026-03-25 03:18:21,829 - __main__ - INFO -      [industry] Construction and Engineering: raw=20.2% → posterior=20.8% (n=117, shrink=0.92)
2026-03-25 03:18:21,829 - __main__ - INFO -      [industry] Communications Equipment: raw=16.6% → posterior=19.4% (n=50, shrink=0.83)
2026-03-25 03:18:21,829 - __main__ - INFO -      [industry] Multi-Utilities: raw=18.4% → posterior=17.1% (n=33, shrink=0.77)
2026-03-25 03:18:21,829 - __main__ - INFO -      [industry] Wireless Telecommunication Services: raw=12.9% → posterior=17.0% (n=42, shrink=0.81)
2026-03-25 03:18:21,829 - __main__ - INFO -      [industry] Independent Power and Renewable Electricity Producers: raw=15.8% → posterior=15.5% (n=69, shrink=0.87)
2026-03-25 03:18:21,830 - __main__ - INFO -      [industry] Semiconductors and Semiconductor Equipment: raw=14.6% → posterior=15.4% (n=209, shrink=0.95)
2026-03-25 03:18:21,830 - __main__ - INFO -      [industry] Water Utilities: raw=12.2% → posterior=12.6% (n=18, shrink=0.52)
2026-03-25 03:18:21,830 - __main__ - INFO -      [industry] Gas Utilities: raw=10.0% → posterior=10.7% (n=36, shrink=0.78)
2026-03-25 03:18:21,831 - __main__ - INFO -      [industry] Oil Gas and Consumable Fuels: raw=10.2% → posterior=10.2% (n=255, shrink=0.96)
2026-03-25 03:18:21,831 - __main__ - INFO -      [industry] Marine Transportation: raw=4.0% → posterior=9.5% (n=33, shrink=0.77)
2026-03-25 03:18:21,832 - __main__ - INFO -      [industry] Electric Utilities: raw=9.0% → posterior=9.4% (n=79, shrink=0.89)
2026-03-25 03:18:21,832 - __main__ - INFO -      [industry] Energy Equipment and Services: raw=8.3% → posterior=8.5% (n=72, shrink=0.88)
2026-03-25 03:18:21,833 - __main__ - INFO -      [style_class] Core: raw=34.7% → posterior=34.7% (n=3216, shrink=1.00)
2026-03-25 03:18:21,833 - __main__ - INFO -      [style_class] Growth: raw=33.2% → posterior=33.2% (n=739, shrink=0.99)
2026-03-25 03:18:21,834 - __main__ - INFO -      [style_class] Value: raw=30.4% → posterior=30.4% (n=1580, shrink=0.99)
2026-03-25 03:18:21,834 - __main__ - INFO -      [size_class] Small Cap: raw=45.1% → posterior=45.1% (n=2867, shrink=1.00)
2026-03-25 03:18:21,835 - __main__ - INFO -      [size_class] Mid Cap: raw=21.7% → posterior=21.8% (n=1588, shrink=0.99)
2026-03-25 03:18:21,835 - __main__ - INFO -      [size_class] Large Cap: raw=18.9% → posterior=19.0% (n=1080, shrink=0.99)
2026-03-25 03:18:21,836 - __main__ - INFO -      Biotechnology: MC mean=87.8%, consensus=78%, risk-adj=1.04
2026-03-25 03:18:21,836 - __main__ - INFO -      Metals and Mining: MC mean=38.7%, consensus=74%, risk-adj=0.79
2026-03-25 03:18:21,836 - __main__ - INFO -      Automobiles: MC mean=31.4%, consensus=73%, risk-adj=1.63
2026-03-25 03:18:21,836 - __main__ - INFO -      Tobacco: MC mean=17.5%, consensus=73%, risk-adj=1.00
2026-03-25 03:18:21,837 - __main__ - INFO -      Water Utilities: MC mean=12.2%, consensus=72%, risk-adj=1.20
2026-03-25 03:18:21,837 - __main__ - INFO -      Gas Utilities: MC mean=10.0%, consensus=72%, risk-adj=0.79
2026-03-25 03:18:21,837 - __main__ - INFO -      Construction Materials: MC mean=31.0%, consensus=72%, risk-adj=1.04
2026-03-25 03:18:21,837 - __main__ - INFO -      Entertainment: MC mean=47.8%, consensus=72%, risk-adj=1.25
2026-03-25 03:18:21,837 - __main__ - INFO -      Paper and Forest Products: MC mean=31.5%, consensus=71%, risk-adj=1.42
2026-03-25 03:18:21,838 - __main__ - INFO -      Containers and Packaging: MC mean=28.5%, consensus=71%, risk-adj=1.40
2026-03-25 03:18:21,838 - __main__ - INFO -      Media: MC mean=45.7%, consensus=70%, risk-adj=0.96
2026-03-25 03:18:21,838 - __main__ - INFO -      Passenger Airlines: MC mean=37.5%, consensus=69%, risk-adj=1.68
2026-03-25 03:18:21,838 - __main__ - INFO -      Specialty Retail: MC mean=41.2%, consensus=69%, risk-adj=0.83
2026-03-25 03:18:21,839 - __main__ - INFO -      Leisure Products: MC mean=49.3%, consensus=69%, risk-adj=0.53
2026-03-25 03:18:21,839 - __main__ - INFO -      Life Sciences Tools and Services: MC mean=52.3%, consensus=69%, risk-adj=1.12
2026-03-25 03:18:21,839 - __main__ - INFO -      Independent Power and Renewable Electricity Producers: MC mean=15.8%, consensus=68%, risk-adj=0.69
2026-03-25 03:18:21,840 - __main__ - INFO -      Health Care Equipment and Supplies: MC mean=46.1%, consensus=66%, risk-adj=1.10
2026-03-25 03:18:21,840 - __main__ - INFO -      Interactive Media and Services: MC mean=54.3%, consensus=66%, risk-adj=1.27
2026-03-25 03:18:21,840 - __main__ - INFO -      Pharmaceuticals: MC mean=48.9%, consensus=66%, risk-adj=0.87
2026-03-25 03:18:21,840 - __main__ - INFO -      Chemicals: MC mean=20.6%, consensus=65%, risk-adj=0.64
2026-03-25 03:18:21,840 - __main__ - INFO -      Industrial Conglomerates: MC mean=25.4%, consensus=65%, risk-adj=1.31
2026-03-25 03:18:21,841 - __main__ - INFO -      Household Products: MC mean=16.6%, consensus=65%, risk-adj=0.81
2026-03-25 03:18:21,841 - __main__ - INFO -      Automobile Components: MC mean=38.6%, consensus=64%, risk-adj=0.91
2026-03-25 03:18:21,841 - __main__ - INFO -      Broadline Retail: MC mean=34.8%, consensus=64%, risk-adj=1.15
2026-03-25 03:18:21,841 - __main__ - INFO -      Consumer Staples Distribution and Retail: MC mean=28.2%, consensus=64%, risk-adj=0.94
2026-03-25 03:18:21,842 - __main__ - INFO -      Software: MC mean=64.5%, consensus=63%, risk-adj=1.27
2026-03-25 03:18:21,842 - __main__ - INFO -      Household Durables: MC mean=38.8%, consensus=63%, risk-adj=1.31
2026-03-25 03:18:21,842 - __main__ - INFO -      Health Care Providers and Services: MC mean=35.2%, consensus=62%, risk-adj=1.01
2026-03-25 03:18:21,842 - __main__ - INFO -      Aerospace and Defense: MC mean=26.0%, consensus=62%, risk-adj=0.80
2026-03-25 03:18:21,842 - __main__ - INFO -      Building Products: MC mean=34.0%, consensus=62%, risk-adj=1.34
2026-03-25 03:18:21,843 - __main__ - INFO -      Textiles Apparel and Luxury Goods: MC mean=35.1%, consensus=62%, risk-adj=1.05
2026-03-25 03:18:21,843 - __main__ - INFO -      Food Products: MC mean=24.2%, consensus=62%, risk-adj=0.96
2026-03-25 03:18:21,843 - __main__ - INFO -      Air Freight and Logistics: MC mean=19.9%, consensus=61%, risk-adj=0.95
2026-03-25 03:18:21,843 - __main__ - INFO -      Health Care Technology: MC mean=54.3%, consensus=61%, risk-adj=1.03
2026-03-25 03:18:21,843 - __main__ - INFO -      Multi-Utilities: MC mean=18.4%, consensus=61%, risk-adj=0.69
2026-03-25 03:18:21,844 - __main__ - INFO -      Diversified Consumer Services: MC mean=34.7%, consensus=60%, risk-adj=1.44
2026-03-25 03:18:21,844 - __main__ - INFO -      Personal Care Products: MC mean=32.9%, consensus=60%, risk-adj=1.25
2026-03-25 03:18:21,844 - __main__ - INFO -      Machinery: MC mean=24.4%, consensus=59%, risk-adj=1.21
2026-03-25 03:18:21,844 - __main__ - INFO -      Commercial Services and Supplies: MC mean=36.9%, consensus=59%, risk-adj=0.77
2026-03-25 03:18:21,844 - __main__ - INFO -      Distributors: MC mean=55.1%, consensus=58%, risk-adj=1.59
2026-03-25 03:18:21,845 - __main__ - INFO -      Diversified Telecommunication Services: MC mean=20.0%, consensus=58%, risk-adj=0.64
2026-03-25 03:18:21,845 - __main__ - INFO -      Electric Utilities: MC mean=9.0%, consensus=57%, risk-adj=0.54
2026-03-25 03:18:21,845 - __main__ - INFO -      Transportation Infrastructure: MC mean=19.6%, consensus=56%, risk-adj=0.90
2026-03-25 03:18:21,845 - __main__ - INFO -      Wireless Telecommunication Services: MC mean=12.9%, consensus=55%, risk-adj=0.79
2026-03-25 03:18:21,846 - __main__ - INFO -      Hotels Restaurants and Leisure: MC mean=45.0%, consensus=55%, risk-adj=1.04
2026-03-25 03:18:21,846 - __main__ - INFO -      Professional Services: MC mean=59.3%, consensus=54%, risk-adj=1.02
2026-03-25 03:18:21,846 - __main__ - INFO -      Technology Hardware Storage and Peripherals: MC mean=27.4%, consensus=53%, risk-adj=1.01
2026-03-25 03:18:21,846 - __main__ - INFO -      Construction and Engineering: MC mean=20.2%, consensus=53%, risk-adj=0.93
2026-03-25 03:18:21,846 - __main__ - INFO -      Ground Transportation: MC mean=26.4%, consensus=53%, risk-adj=0.80
2026-03-25 03:18:21,847 - __main__ - INFO -      IT Services: MC mean=41.9%, consensus=51%, risk-adj=1.24
2026-03-25 03:18:21,847 - __main__ - INFO -      Trading Companies and Distributors: MC mean=31.3%, consensus=51%, risk-adj=0.99
2026-03-25 03:18:21,847 - __main__ - INFO -      Electronic Equipment Instruments and Components: MC mean=22.8%, consensus=49%, risk-adj=0.80
2026-03-25 03:18:21,847 - __main__ - INFO -      Beverages: MC mean=26.5%, consensus=48%, risk-adj=1.07
2026-03-25 03:18:21,848 - __main__ - INFO -      Marine Transportation: MC mean=4.0%, consensus=45%, risk-adj=0.24
2026-03-25 03:18:21,848 - __main__ - INFO -      Energy Equipment and Services: MC mean=8.3%, consensus=44%, risk-adj=0.42
2026-03-25 03:18:21,848 - __main__ - INFO -      Oil Gas and Consumable Fuels: MC mean=10.2%, consensus=44%, risk-adj=0.28
2026-03-25 03:18:21,848 - __main__ - INFO -      Semiconductors and Semiconductor Equipment: MC mean=14.6%, consensus=43%, risk-adj=0.50
2026-03-25 03:18:21,848 - __main__ - INFO -      Electrical Equipment: MC mean=21.8%, consensus=42%, risk-adj=0.58
2026-03-25 03:18:21,849 - __main__ - INFO -      Communications Equipment: MC mean=16.6%, consensus=32%, risk-adj=0.51
2026-03-25 03:18:21,849 - __main__ - INFO -   ⏱ Step 7 completed in 1.1s
2026-03-25 03:18:21,849 - __main__ - INFO - 
2026-03-25 03:18:21,849 - __main__ - INFO - 🔀 Step 7a: Parallel MCMC return analysis...
2026-03-25 03:18:21,849 - __main__ - INFO - --------------------------------------------------------------------------------
2026-03-25 03:18:27,800 - __main__ - INFO - Parallel MCMC: R̂=1.0000, converged=True, posterior mean=33.16
2026-03-25 03:18:27,800 - __main__ - INFO -   R̂=1.0000, converged=True, posterior mean=33.16
2026-03-25 03:18:29,034 - __main__ - INFO -    ✓ er_mcse_convergence.html
2026-03-25 03:18:29,034 - __main__ - INFO -   ⏱ Step 7a completed in 7.2s
2026-03-25 03:18:29,035 - __main__ - INFO - 
2026-03-25 03:18:29,035 - __main__ - INFO - 🧮 Step 7b: Per-category Bayesian probability analytics...
2026-03-25 03:18:29,035 - __main__ - INFO - --------------------------------------------------------------------------------
2026-03-25 03:18:29,096 - root - INFO - Loaded view category mapping from DB: 17 views, 689 total features
2026-03-25 03:18:29,097 - __main__ - INFO -   Feature categories from 17 views → 17 categories, 689 total features
2026-03-25 03:30:52,661 - __main__ - INFO - Category Analyst Sentiment: 26 features analyzed (parallel)
2026-03-25 03:30:52,661 - __main__ - INFO - Category Balance Sheet: 58 features analyzed (parallel)
2026-03-25 03:30:52,661 - __main__ - INFO - Category Cash Flow: 81 features analyzed (parallel)
2026-03-25 03:30:52,661 - __main__ - INFO - Category Composite Scores: 30 features analyzed (parallel)
2026-03-25 03:30:52,661 - __main__ - INFO - Category Cost Structure: 43 features analyzed (parallel)
2026-03-25 03:30:52,662 - __main__ - INFO - Category Dividend Features: 26 features analyzed (parallel)
2026-03-25 03:30:52,662 - __main__ - INFO - Category Earnings Quality: 68 features analyzed (parallel)
2026-03-25 03:30:52,662 - __main__ - INFO - Category Employment Metrics: 17 features analyzed (parallel)
2026-03-25 03:30:52,662 - __main__ - INFO - Category Growth Metrics: 62 features analyzed (parallel)
2026-03-25 03:30:52,662 - __main__ - INFO - Category Leverage & Liquidity: 71 features analyzed (parallel)
2026-03-25 03:30:52,662 - __main__ - INFO - Category Momentum: 21 features analyzed (parallel)
2026-03-25 03:30:52,662 - __main__ - INFO - Category Profitability: 68 features analyzed (parallel)
2026-03-25 03:30:52,662 - __main__ - INFO - Category Quality & Risk: 44 features analyzed (parallel)
2026-03-25 03:30:52,663 - __main__ - INFO - Category Technical Analysis: 11 features analyzed (parallel)
2026-03-25 03:30:52,663 - __main__ - INFO - Category Temporal Features: 16 features analyzed (parallel)
2026-03-25 03:30:52,663 - __main__ - INFO - Category Unusual Items: 9 features analyzed (parallel)
2026-03-25 03:30:52,663 - __main__ - INFO - Category Valuation Ratios: 38 features analyzed (parallel)
2026-03-25 03:30:56,444 - __main__ - INFO - Category analytics cached → eff3d2edd1b3e82ae590cc3adbe70190.pkl
2026-03-25 03:30:56,444 - __main__ - INFO -   ✓ Analyzed 17 categories
2026-03-25 03:30:56,444 - __main__ - INFO -     Analyst Sentiment: 26 features — 26 posteriors
2026-03-25 03:30:56,445 - __main__ - INFO -     Balance Sheet: 58 features — 58 posteriors
2026-03-25 03:30:56,445 - __main__ - INFO -     Cash Flow: 81 features — 81 posteriors
2026-03-25 03:30:56,445 - __main__ - INFO -     Composite Scores: 30 features — 30 posteriors
2026-03-25 03:30:56,445 - __main__ - INFO -     Cost Structure: 43 features — 43 posteriors
2026-03-25 03:30:56,446 - __main__ - INFO -     Dividend Features: 26 features — 26 posteriors
2026-03-25 03:30:56,446 - __main__ - INFO -     Earnings Quality: 68 features — 68 posteriors
2026-03-25 03:30:56,446 - __main__ - INFO -     Employment Metrics: 17 features — 17 posteriors
2026-03-25 03:30:56,446 - __main__ - INFO -     Growth Metrics: 62 features — 62 posteriors
2026-03-25 03:30:56,447 - __main__ - INFO -     Leverage & Liquidity: 71 features — 71 posteriors
2026-03-25 03:30:56,447 - __main__ - INFO -     Momentum: 21 features — 21 posteriors
2026-03-25 03:30:56,447 - __main__ - INFO -     Profitability: 68 features — 68 posteriors
2026-03-25 03:30:56,447 - __main__ - INFO -     Quality & Risk: 44 features — 44 posteriors
2026-03-25 03:30:56,447 - __main__ - INFO -     Technical Analysis: 11 features — 11 posteriors
2026-03-25 03:30:56,448 - __main__ - INFO -     Temporal Features: 16 features — 16 posteriors
2026-03-25 03:30:56,448 - __main__ - INFO -     Unusual Items: 9 features — 9 posteriors
2026-03-25 03:30:56,448 - __main__ - INFO -     Valuation Ratios: 38 features — 38 posteriors
2026-03-25 03:30:56,448 - __main__ - INFO -   ⏱ Step 7b completed in 747.4s
2026-03-25 03:30:56,448 - __main__ - INFO - 
2026-03-25 03:30:56,448 - __main__ - INFO - 🧪 Step 8: Building InferenceData (ArviZ)...
2026-03-25 03:30:56,448 - __main__ - INFO - --------------------------------------------------------------------------------
2026-03-25 03:30:58,177 - __main__ - INFO -    ✓ MC InferenceData: 25000 draws, 5535 equities
2026-03-25 03:31:08,215 - finance_ml.analytics.inference_schema - INFO - Built InferenceData: 8 chains × 4000 draws × 6374 equities
2026-03-25 03:31:56,348 - __main__ - INFO -    ✓ Beat InferenceData: 8 chains × 4000 draws
2026-03-25 03:32:51,450 - __main__ - INFO -    ✓ Credit Risk InferenceData: 6374 equities
2026-03-25 03:32:51,452 - __main__ - INFO -    ✓ EquityCoordinates: 6374 tickers, 6374 sectors
2026-03-25 03:32:51,452 - __main__ - INFO -    Building per-view feature InferenceData...
2026-03-25 03:32:51,772 - __main__ - INFO - 
2026-03-25 03:32:51,773 - __main__ - INFO -   ⏱ Step 8 completed in 115.3s
2026-03-25 03:32:51,812 - __main__ - INFO -   ✓ Enriched df (mv_equities) with 8 viz-critical columns
2026-03-25 03:32:51,817 - __main__ - INFO -   ✓ Enriched beat with 1 viz-critical columns
2026-03-25 03:32:51,821 - __main__ - INFO -   ⚠️ Viz column coverage gaps after enrichment: {'create_distress_early_warning_dashboard': ['distress_probability', 'survival_probability', 'ruin_probability']}
2026-03-25 03:32:51,821 - __main__ - INFO - 
2026-03-25 03:32:51,822 - __main__ - INFO - 📈 Step 9: Generating visualizations...
2026-03-25 03:32:51,822 - __main__ - INFO - --------------------------------------------------------------------------------
2026-03-25 03:32:51,922 - __main__ - INFO -    ✓ er_mc_distribution.html
2026-03-25 03:32:52,081 - __main__ - INFO -    ✓ er_sector_risk_reward.html
2026-03-25 03:32:52,127 - __main__ - INFO -    ✓ er_var_analysis.html
2026-03-25 03:32:52,162 - __main__ - INFO -    ✓ er_posterior_return_forest.html
2026-03-25 03:32:52,294 - __main__ - INFO -    ✓ er_kalman_vs_raw.html
2026-03-25 03:32:52,337 - __main__ - INFO -    ✓ er_tri_model_agreement.html
2026-03-25 03:32:52,386 - __main__ - INFO -    ✓ er_sector_heatmap.html
2026-03-25 03:32:52,412 - __main__ - INFO -    ✓ er_strong_consensus.html
2026-03-25 03:32:52,681 - __main__ - INFO -    ✓ er_tri_model_posterior.html
2026-03-25 03:32:52,732 - __main__ - INFO -    ✓ er_beat_vs_achievement.html
2026-03-25 03:32:52,794 - __main__ - INFO -    ✓ er_beat_probability_posterior.html
2026-03-25 03:32:52,849 - __main__ - INFO -    ✓ er_earnings_probability_dashboard.html
2026-03-25 03:32:52,922 - __main__ - INFO -    ✓ er_revision_momentum.html
2026-03-25 03:32:52,997 - __main__ - INFO -    ✓ er_gaap_divergence.html
2026-03-25 03:32:53,058 - __main__ - INFO -    ✓ er_enhanced_beat_probability.html
2026-03-25 03:32:53,221 - __main__ - INFO -    ✓ er_quality_risk_quadrant.html
2026-03-25 03:32:53,311 - __main__ - INFO -    ✓ er_distress_early_warning.html
2026-03-25 03:32:53,343 - __main__ - INFO -    ✓ er_piotroski_fscore.html
2026-03-25 03:32:53,483 - __main__ - INFO -    ✓ er_altman_zscore.html
2026-03-25 03:32:53,519 - __main__ - INFO -    ✓ er_beneish_mscore.html
2026-03-25 03:32:53,632 - __main__ - INFO -    ✓ er_accounting_anomaly_dashboard.html
2026-03-25 03:32:53,738 - __main__ - INFO -    ✓ er_anomaly_severity_dashboard.html
2026-03-25 03:32:53,798 - __main__ - INFO -    ✓ er_anomaly_conditional_probability.html
2026-03-25 03:32:53,851 - __main__ - INFO -    ✓ er_mcmc_anomaly_posterior.html
2026-03-25 03:32:53,969 - __main__ - INFO -    ✓ er_mcmc_credit_risk_posterior.html
2026-03-25 03:32:54,002 - __main__ - INFO -    ✓ er_mcmc_dividend_cut_posterior.html
2026-03-25 03:32:54,043 - __main__ - INFO -    ✓ er_mcmc_price_target_posterior.html
2026-03-25 03:32:54,099 - __main__ - INFO -    ✓ er_ruin_probability_diagnostic.html
2026-03-25 03:32:54,394 - __main__ - INFO -    ✓ er_expected_returns_summary_posterior.html
2026-03-25 03:32:54,450 - __main__ - INFO -    ✓ er_model_dispersion_dashboard.html
2026-03-25 03:32:54,800 - __main__ - INFO -    ✓ er_return_distribution_fit.html
2026-03-25 03:32:54,880 - __main__ - INFO -    ✓ er_sector_return_analytics.html
2026-03-25 03:32:54,905 - __main__ - INFO -    ✓ er_screening_summary.html
2026-03-25 03:32:54,933 - __main__ - INFO -    ✓ er_price_target_drift.html
2026-03-25 03:32:54,962 - __main__ - INFO -    ✓ er_valuation_multiples.html
2026-03-25 03:32:55,449 - __main__ - INFO -    ✓ er_valuation_distribution.html
2026-03-25 03:32:55,892 - __main__ - INFO -    ✓ er_relative_valuation_matrix.html
2026-03-25 03:32:56,040 - __main__ - INFO -    ✓ er_valuation_vs_growth.html
2026-03-25 03:32:56,173 - __main__ - INFO -    ✓ er_historical_valuation_percentile.html
2026-03-25 03:32:56,283 - __main__ - INFO -    ✓ er_earnings_surprise.html
2026-03-25 03:32:56,330 - __main__ - INFO -    ✓ er_eps_trajectory.html
2026-03-25 03:32:56,353 - __main__ - INFO -    ✓ er_earnings_quality_decomposition.html
2026-03-25 03:32:56,459 - __main__ - INFO -    ✓ er_beat_rate_heatmap.html
2026-03-25 03:32:56,571 - __main__ - INFO -    ✓ er_earnings_consistency_matrix.html
2026-03-25 03:32:56,609 - __main__ - INFO -    ✓ er_growth_waterfall.html
2026-03-25 03:32:56,719 - __main__ - INFO -    ✓ er_growth_consistency_matrix.html
2026-03-25 03:32:56,902 - __main__ - INFO -    ✓ er_growth_vs_profitability.html
2026-03-25 03:32:56,958 - __main__ - INFO -    ✓ er_growth_acceleration.html
2026-03-25 03:32:57,107 - __main__ - INFO -    ✓ er_sustainable_growth.html
2026-03-25 03:32:57,451 - __main__ - INFO -    ✓ er_bayesian_sentiment_ridge.html
2026-03-25 03:32:57,477 - __main__ - INFO -    ✓ er_mcmc_category_sentiment_posterior.html
2026-03-25 03:32:57,569 - __main__ - INFO -    ✓ er_bayesian_profitability_ridge.html
2026-03-25 03:32:57,569 - __main__ - INFO -    📊 Generating ArviZ diagnostic visualizations...
2026-03-25 03:32:58,016 - finance_ml.analytics.visualizations.arviz_diagnostics - INFO - Resampled posterior R̂: <xarray.Dataset> Size: 16B
Dimensions:                ()
Data variables:
    posterior_return       float64 8B 1.001
    posterior_uncertainty  float64 8B 1.008
2026-03-25 03:32:58,019 - __main__ - INFO -    ✓ er_resampled_trace.png
2026-03-25 03:32:58,019 - __main__ - INFO -    ✓ er_resampled_posterior_hdi.png
2026-03-25 03:33:01,133 - __main__ - INFO -    ✓ er_model_alignment_forest.png
2026-03-25 03:33:01,134 - __main__ - INFO -    ✓ er_model_alignment_pair.png
2026-03-25 03:33:13,983 - __main__ - INFO -    ✓ er_agreement_by_sector.png
2026-03-25 03:33:14,305 - __main__ - INFO -    ✓ er_hierarchical_shrinkage.png
2026-03-25 03:35:08,480 - __main__ - INFO -    ✓ er_category_analyst_sentiment_ridge.png
2026-03-25 03:35:08,481 - __main__ - INFO -    ✓ er_category_analyst_sentiment_forest.png
2026-03-25 03:35:08,481 - __main__ - INFO -    ✓ er_category_balance_sheet_ridge.png
2026-03-25 03:35:08,481 - __main__ - INFO -    ✓ er_category_balance_sheet_forest.png
2026-03-25 03:35:08,481 - __main__ - INFO -    ✓ er_category_cash_flow_ridge.png
2026-03-25 03:35:08,482 - __main__ - INFO -    ✓ er_category_cash_flow_forest.png
2026-03-25 03:35:08,482 - __main__ - INFO -    ✓ er_category_composite_scores_ridge.png
2026-03-25 03:35:08,482 - __main__ - INFO -    ✓ er_category_composite_scores_forest.png
2026-03-25 03:35:08,483 - __main__ - INFO -    ✓ er_category_cost_structure_ridge.png
2026-03-25 03:35:08,483 - __main__ - INFO -    ✓ er_category_cost_structure_forest.png
2026-03-25 03:35:08,483 - __main__ - INFO -    ✓ er_category_dividend_features_ridge.png
2026-03-25 03:35:08,483 - __main__ - INFO -    ✓ er_category_dividend_features_forest.png
2026-03-25 03:35:08,483 - __main__ - INFO -    ✓ er_category_earnings_quality_ridge.png
2026-03-25 03:35:08,483 - __main__ - INFO -    ✓ er_category_earnings_quality_forest.png
2026-03-25 03:35:08,483 - __main__ - INFO -    ✓ er_category_employment_metrics_ridge.png
2026-03-25 03:35:08,483 - __main__ - INFO -    ✓ er_category_employment_metrics_forest.png
2026-03-25 03:35:08,483 - __main__ - INFO -    ✓ er_category_growth_metrics_ridge.png
2026-03-25 03:35:08,484 - __main__ - INFO -    ✓ er_category_growth_metrics_forest.png
2026-03-25 03:35:08,484 - __main__ - INFO -    ✓ er_category_leverage_and_liquidity_ridge.png
2026-03-25 03:35:08,484 - __main__ - INFO -    ✓ er_category_leverage_and_liquidity_forest.png
2026-03-25 03:35:08,484 - __main__ - INFO -    ✓ er_category_momentum_ridge.png
2026-03-25 03:35:08,484 - __main__ - INFO -    ✓ er_category_momentum_forest.png
2026-03-25 03:35:08,484 - __main__ - INFO -    ✓ er_category_profitability_ridge.png
2026-03-25 03:35:08,484 - __main__ - INFO -    ✓ er_category_profitability_forest.png
2026-03-25 03:35:08,484 - __main__ - INFO -    ✓ er_category_quality_and_risk_ridge.png
2026-03-25 03:35:08,484 - __main__ - INFO -    ✓ er_category_quality_and_risk_forest.png
2026-03-25 03:35:08,484 - __main__ - INFO -    ✓ er_category_technical_analysis_ridge.png
2026-03-25 03:35:08,485 - __main__ - INFO -    ✓ er_category_technical_analysis_forest.png
2026-03-25 03:35:08,485 - __main__ - INFO -    ✓ er_category_temporal_features_forest.png
2026-03-25 03:35:08,485 - __main__ - INFO -    ✓ er_category_unusual_items_ridge.png
2026-03-25 03:35:08,485 - __main__ - INFO -    ✓ er_category_unusual_items_forest.png
2026-03-25 03:35:08,485 - __main__ - INFO -    ✓ er_category_valuation_ratios_ridge.png
2026-03-25 03:35:08,485 - __main__ - INFO -    ✓ er_category_valuation_ratios_forest.png
2026-03-25 03:35:08,506 - __main__ - INFO -   ⏱ Step 9 completed in 136.7s
2026-03-25 03:35:08,507 - __main__ - INFO - 
2026-03-25 03:35:08,507 - __main__ - INFO - 💾 Step 10: Exporting results...
2026-03-25 03:35:08,508 - __main__ - INFO - --------------------------------------------------------------------------------
2026-03-25 03:35:08,548 - root - INFO - Exporting 5535 rows to analytics.monte_carlo_simulation
2026-03-25 03:35:08,550 - root - INFO - Exporting 6372 rows to analytics.kalman_filtered_price_targets
2026-03-25 03:35:08,562 - root - INFO - Exporting 5535 rows to analytics.expected_returns_tri_model
2026-03-25 03:35:08,588 - root - INFO - Exporting 6374 rows to analytics.price_target_achievement
2026-03-25 03:35:09,161 - root - INFO - Export complete: analytics.monte_carlo_simulation
2026-03-25 03:35:09,206 - __main__ - INFO - Exported 5535 rows → analytics.monte_carlo_simulation
2026-03-25 03:35:09,220 - root - INFO - Exporting 50 rows to analytics.strong_consensus_picks
2026-03-25 03:35:09,229 - root - INFO - Export complete: analytics.kalman_filtered_price_targets
2026-03-25 03:35:09,230 - __main__ - INFO - Exported 6372 rows → analytics.kalman_filtered_price_targets
2026-03-25 03:35:09,684 - root - INFO - Export complete: analytics.expected_returns_tri_model
2026-03-25 03:35:09,684 - root - INFO - Export complete: analytics.strong_consensus_picks
2026-03-25 03:35:09,686 - __main__ - INFO - Exported 50 rows → analytics.strong_consensus_picks
2026-03-25 03:35:09,686 - __main__ - INFO - Exported 5535 rows → analytics.expected_returns_tri_model
2026-03-25 03:35:09,896 - __main__ - INFO - Export skipped (unchanged): analytics.earnings_probability_analysis
2026-03-25 03:35:10,076 - root - INFO - Exporting 6374 rows to analytics.dividend_safety_analysis
2026-03-25 03:35:10,156 - root - INFO - Exporting 5535 rows to analytics.expected_returns_summary
2026-03-25 03:35:10,659 - root - INFO - Export complete: analytics.price_target_achievement
2026-03-25 03:35:10,660 - __main__ - INFO - Exported 6374 rows → analytics.price_target_achievement
2026-03-25 03:35:11,746 - root - INFO - Export complete: analytics.dividend_safety_analysis
2026-03-25 03:35:11,747 - __main__ - INFO - Exported 6374 rows → analytics.dividend_safety_analysis
2026-03-25 03:35:11,799 - root - INFO - Exporting 6374 rows to analytics.credit_risk_analysis
2026-03-25 03:35:12,463 - __main__ - INFO - Export skipped (unchanged): analytics.quality_stocks
2026-03-25 03:35:15,943 - root - INFO - Exporting 6374 rows to analytics.accounting_anomaly_analysis
2026-03-25 03:35:15,947 - __main__ - INFO - Export skipped (unchanged): analytics.earnings_quality_stocks
2026-03-25 03:35:16,465 - root - INFO - Export complete: analytics.expected_returns_summary
2026-03-25 03:35:16,510 - __main__ - INFO - Exported 5535 rows → analytics.expected_returns_summary
2026-03-25 03:35:24,441 - __main__ - INFO - Export skipped (unchanged): analytics.value_stocks
2026-03-25 03:35:37,067 - root - INFO - Export complete: analytics.credit_risk_analysis
2026-03-25 03:35:37,068 - __main__ - INFO - Exported 6374 rows → analytics.credit_risk_analysis
2026-03-25 03:35:37,083 - __main__ - INFO - Export skipped (unchanged): analytics.dividend_quality_stocks
2026-03-25 03:35:37,185 - __main__ - INFO - Export skipped (unchanged): analytics.garp_stocks
2026-03-25 03:35:37,185 - __main__ - INFO - Export skipped (unchanged): analytics.growth_momentum_stocks
2026-03-25 03:35:37,206 - __main__ - INFO - Export skipped (unchanged): analytics.valuation_reversion_stocks
2026-03-25 03:35:37,278 - __main__ - INFO - Export skipped (unchanged): analytics.high_yield_safe_dividend_stocks
2026-03-25 03:35:37,620 - __main__ - INFO - Export skipped (unchanged): analytics.healthy_stocks
2026-03-25 03:35:37,627 - __main__ - INFO - Export skipped (unchanged): analytics.integrity_filtered_growth_stocks
2026-03-25 03:35:37,953 - __main__ - INFO - Export skipped (unchanged): analytics.screen_fcf_compounders
2026-03-25 03:35:38,218 - __main__ - INFO - Export skipped (unchanged): analytics.screen_low_vol_quality
2026-03-25 03:35:38,286 - __main__ - INFO - Export skipped (unchanged): analytics.sector_relative_ranking
2026-03-25 03:35:38,552 - __main__ - INFO - Export skipped (unchanged): analytics.screen_total_return_leaders
2026-03-25 03:35:39,890 - root - INFO - Export complete: analytics.accounting_anomaly_analysis
2026-03-25 03:35:39,890 - __main__ - INFO - Exported 6374 rows → analytics.accounting_anomaly_analysis
2026-03-25 03:35:39,893 - __main__ - INFO -    ✓ monte_carlo_simulation → analytics.monte_carlo_simulation
2026-03-25 03:35:39,893 - __main__ - INFO -    ✓ kalman_filtered_price_targets → analytics.kalman_filtered_price_targets
2026-03-25 03:35:39,893 - __main__ - INFO -    ✓ strong_consensus_picks → analytics.strong_consensus_picks
2026-03-25 03:35:39,893 - __main__ - INFO -    ✓ expected_returns_tri_model → analytics.expected_returns_tri_model
2026-03-25 03:35:39,894 - __main__ - INFO -    ✓ earnings_probability_analysis → analytics.earnings_probability_analysis (cached)
2026-03-25 03:35:39,894 - __main__ - INFO -    ✓ price_target_achievement → analytics.price_target_achievement
2026-03-25 03:35:39,894 - __main__ - INFO -    ✓ dividend_safety_analysis → analytics.dividend_safety_analysis
2026-03-25 03:35:39,894 - __main__ - INFO -    ✓ quality_stocks → analytics.quality_stocks (cached)
2026-03-25 03:35:39,894 - __main__ - INFO -    ✓ earnings_quality_stocks → analytics.earnings_quality_stocks (cached)
2026-03-25 03:35:39,895 - __main__ - INFO -    ✓ expected_returns_summary → analytics.expected_returns_summary
2026-03-25 03:35:39,895 - __main__ - INFO -    ✓ value_stocks → analytics.value_stocks (cached)
2026-03-25 03:35:39,895 - __main__ - INFO -    ✓ credit_risk_analysis → analytics.credit_risk_analysis
2026-03-25 03:35:39,895 - __main__ - INFO -    ✓ dividend_quality_stocks → analytics.dividend_quality_stocks (cached)
2026-03-25 03:35:39,895 - __main__ - INFO -    ✓ garp_stocks → analytics.garp_stocks (cached)
2026-03-25 03:35:39,895 - __main__ - INFO -    ✓ growth_momentum_stocks → analytics.growth_momentum_stocks (cached)
2026-03-25 03:35:39,896 - __main__ - INFO -    ✓ valuation_reversion_stocks → analytics.valuation_reversion_stocks (cached)
2026-03-25 03:35:39,896 - __main__ - INFO -    ✓ high_yield_safe_dividend_stocks → analytics.high_yield_safe_dividend_stocks (cached)
2026-03-25 03:35:39,896 - __main__ - INFO -    ✓ healthy_stocks → analytics.healthy_stocks (cached)
2026-03-25 03:35:39,896 - __main__ - INFO -    ✓ integrity_filtered_growth_stocks → analytics.integrity_filtered_growth_stocks (cached)
2026-03-25 03:35:39,896 - __main__ - INFO -    ✓ screen_fcf_compounders → analytics.screen_fcf_compounders (cached)
2026-03-25 03:35:39,896 - __main__ - INFO -    ✓ screen_low_vol_quality → analytics.screen_low_vol_quality (cached)
2026-03-25 03:35:39,896 - __main__ - INFO -    ✓ sector_relative_ranking → analytics.sector_relative_ranking (cached)
2026-03-25 03:35:39,897 - __main__ - INFO -    ✓ screen_total_return_leaders → analytics.screen_total_return_leaders (cached)
2026-03-25 03:35:39,897 - __main__ - INFO -    ✓ accounting_anomaly_analysis → analytics.accounting_anomaly_analysis
2026-03-25 03:35:41,024 - root - INFO - Exporting 6374 rows to analytics.earnings_probability_analysis
2026-03-25 03:35:42,773 - root - INFO - Export complete: analytics.earnings_probability_analysis
2026-03-25 03:35:43,038 - root - INFO - Exported 6374 rows to outputs\analytics\earnings_probability_analysis.csv
2026-03-25 03:35:43,159 - root - INFO - Exported 6374 rows to outputs\analytics\earnings_probability_analysis.json
2026-03-25 03:35:43,161 - root - INFO - Exporting 6374 rows to analytics.eps_streak_analysis
2026-03-25 03:35:44,262 - root - INFO - Export complete: analytics.eps_streak_analysis
2026-03-25 03:35:44,439 - root - INFO - Exported 6374 rows to outputs\analytics\eps_streak_analysis.csv
2026-03-25 03:35:44,515 - root - INFO - Exported 6374 rows to outputs\analytics\eps_streak_analysis.json
2026-03-25 03:35:44,518 - root - INFO - Exporting 8 rows to analytics.probability_analytics_summary
2026-03-25 03:35:44,705 - root - INFO - Export complete: analytics.probability_analytics_summary
2026-03-25 03:35:44,707 - root - INFO - Exported 8 rows to outputs\analytics\probability_analytics_summary.csv
2026-03-25 03:35:44,708 - root - INFO - Exported 8 rows to outputs\analytics\probability_analytics_summary.json
2026-03-25 03:35:44,708 - finance_ml.analytics.probability_analytics - INFO - Exported probability analytics results to database and outputs\analytics
2026-03-25 03:35:44,708 - __main__ - INFO -    ✓ earnings_probability_analysis_db → analytics.earnings_probability_analysis
2026-03-25 03:35:44,709 - __main__ - INFO -    ✓ earnings_probability_analysis_csv → outputs\analytics\earnings_probability_analysis.csv
2026-03-25 03:35:44,709 - __main__ - INFO -    ✓ eps_streak_analysis_db → analytics.eps_streak_analysis
2026-03-25 03:35:44,709 - __main__ - INFO -    ✓ eps_streak_analysis_csv → outputs\analytics\eps_streak_analysis.csv
2026-03-25 03:35:44,709 - __main__ - INFO -    ✓ probability_analytics_summary_db → analytics.probability_analytics_summary
2026-03-25 03:35:44,709 - __main__ - INFO -    ✓ probability_analytics_summary_csv → outputs\analytics\probability_analytics_summary.csv
2026-03-25 03:35:44,710 - __main__ - INFO -   ⏱ Step 10 completed in 36.2s
2026-03-25 03:35:44,710 - __main__ - INFO - 
2026-03-25 03:35:44,710 - __main__ - INFO - ================================================================================
2026-03-25 03:35:44,710 - __main__ - INFO - ✅ EXPECTED RETURNS ANALYTICS v3.6 COMPLETE
2026-03-25 03:35:44,710 - __main__ - INFO - ================================================================================
2026-03-25 03:35:44,710 - __main__ - INFO - 
2026-03-25 03:35:44,710 - __main__ - INFO -   Data sources:
2026-03-25 03:35:44,710 - __main__ - INFO -     mv_expected_returns:       6,374 stocks × 685 features
2026-03-25 03:35:44,711 - __main__ - INFO -     mv_all_stock_features:     6,374 stocks × 733 features
2026-03-25 03:35:44,711 - __main__ - INFO - 
2026-03-25 03:35:44,711 - __main__ - INFO -   Models:
2026-03-25 03:35:44,711 - __main__ - INFO -     Monte Carlo simulations:   5,535
2026-03-25 03:35:44,711 - __main__ - INFO -     Price target achievements: 6,374
2026-03-25 03:35:44,711 - __main__ - INFO -     Kalman-filtered targets:   6,372
2026-03-25 03:35:44,711 - __main__ - INFO -     Earnings beat analyses:    6,374
2026-03-25 03:35:44,711 - __main__ - INFO -     Credit risk analyses:      6,374
2026-03-25 03:35:44,711 - __main__ - INFO -     Dividend safety analyses:  6,374
2026-03-25 03:35:44,711 - __main__ - INFO -     Accounting anomaly analyses: 6,374
2026-03-25 03:35:44,711 - __main__ - INFO - 
2026-03-25 03:35:44,711 - __main__ - INFO -   Alignment:
2026-03-25 03:35:44,711 - __main__ - INFO -     Tri-model aligned:         5,535
2026-03-25 03:35:44,711 - __main__ - INFO -     Strong consensus picks:    50
2026-03-25 03:35:44,712 - __main__ - INFO -     Quad-model full consensus: 1531
2026-03-25 03:35:44,712 - __main__ - INFO -     Expected returns summary:  5,535 stocks, 1531 full consensus
2026-03-25 03:35:44,712 - __main__ - INFO -     MC ↔ Kalman correlation:   0.955
2026-03-25 03:35:44,712 - __main__ - INFO - 
2026-03-25 03:35:44,712 - __main__ - INFO -   Screening:
2026-03-25 03:35:44,712 - __main__ - INFO -     quality: 955 stocks
2026-03-25 03:35:44,712 - __main__ - INFO -     earnings_quality: 1,161 stocks
2026-03-25 03:35:44,713 - __main__ - INFO -     value: 1,059 stocks
2026-03-25 03:35:44,714 - __main__ - INFO -     growth: 2,820 stocks
2026-03-25 03:35:44,714 - __main__ - INFO -     garp: 922 stocks
2026-03-25 03:35:44,714 - __main__ - INFO -     dividend: 15 stocks
2026-03-25 03:35:44,715 - __main__ - INFO -     healthy: 1,423 stocks
2026-03-25 03:35:44,715 - __main__ - INFO -     valuation_reversion: 450 stocks
2026-03-25 03:35:44,715 - __main__ - INFO -     integrity_growth: 1,067 stocks
2026-03-25 03:35:44,715 - __main__ - INFO -     high_yield_safe: 45 stocks
2026-03-25 03:35:44,715 - __main__ - INFO -     sector_relative: 6,374 stocks
2026-03-25 03:35:44,716 - __main__ - INFO -     low_vol_quality: 2,249 stocks
2026-03-25 03:35:44,716 - __main__ - INFO -     fcf_compounders: 961 stocks
2026-03-25 03:35:44,716 - __main__ - INFO -     total_return_leaders: 6,374 stocks
2026-03-25 03:35:44,716 - __main__ - INFO - 
2026-03-25 03:35:44,716 - __main__ - INFO -   Probability Analytics:
2026-03-25 03:35:44,716 - __main__ - INFO -     Categories analyzed:       17
2026-03-25 03:35:44,716 - __main__ - INFO - 
2026-03-25 03:35:44,717 - __main__ - INFO -   Outputs: outputs\analytics/
2026-03-25 03:35:44,717 - __main__ - INFO - 
2026-03-25 15:22:43,146 - __main__ - INFO - ================================================================================
2026-03-25 15:22:43,146 - __main__ - INFO - Expected Returns Analytics Pipeline v3.6
2026-03-25 15:22:43,146 - __main__ - INFO - ================================================================================
2026-03-25 15:22:43,146 - __main__ - INFO - 
2026-03-25 15:22:43,146 - __main__ - INFO - 🔧 Numba: True, Joblib: True, ArviZ: True
2026-03-25 15:22:43,147 - __main__ - INFO -    n_jobs=-1, max_features/cat=100, caching=on (TTL=24.0h)
2026-03-25 15:22:43,149 - __main__ - INFO - Cache cleanup (expired only): removed 0 files from .cache
2026-03-25 15:22:43,149 - __main__ - INFO - 📦 Step 1: Loading feature data (v3.6: equities MV + feature views + all stock features MV)...
2026-03-25 15:22:43,149 - __main__ - INFO - --------------------------------------------------------------------------------
2026-03-25 15:22:43,150 - root - INFO - Loading equities data from localhost:5432/postgres (view: public.mv_equities)
2026-03-25 15:22:46,184 - root - INFO - Loaded 6358 rows from public.mv_equities
2026-03-25 15:22:46,198 - root - INFO - Backfill complete. Columns: 677
2026-03-25 15:22:46,229 - root - INFO - Loaded 25 feature categories from database
2026-03-25 15:22:46,229 - __main__ - INFO - Loaded 25 feature categories (310 total features)
2026-03-25 15:22:46,229 - __main__ - INFO - All feature categories have ≥80%% coverage
2026-03-25 15:22:46,229 - __main__ - INFO - Loaded expected returns data: 6358 stocks × 677 features
2026-03-25 15:22:46,229 - __main__ - INFO - ✓ Loaded mv_equities: 6,358 stocks × 677 features
2026-03-25 15:22:46,296 - root - INFO - Loaded 32 identifier columns from public.vw_identifier_columns
2026-03-25 15:22:46,296 - root - INFO - Loading view: public.vw_features_analyst_sentiment
2026-03-25 15:22:46,937 - root - INFO - Loaded 6358 rows from vw_features_analyst_sentiment
2026-03-25 15:22:46,938 - root - INFO - Loading view: public.vw_features_balance_sheet
2026-03-25 15:22:47,385 - root - INFO - Loaded 6358 rows from vw_features_balance_sheet
2026-03-25 15:22:47,385 - root - INFO - Loading view: public.vw_features_cashflow
2026-03-25 15:22:47,962 - root - INFO - Loaded 6358 rows from vw_features_cashflow
2026-03-25 15:22:47,962 - root - INFO - Loading view: public.vw_features_composite_scores
2026-03-25 15:22:48,379 - root - INFO - Loaded 6358 rows from vw_features_composite_scores
2026-03-25 15:22:48,379 - root - INFO - Loading view: public.vw_features_cost_structure
2026-03-25 15:22:48,740 - root - INFO - Loaded 6358 rows from vw_features_cost_structure
2026-03-25 15:22:48,740 - root - INFO - Loading view: public.vw_features_dividends
2026-03-25 15:22:48,942 - root - INFO - Loaded 6358 rows from vw_features_dividends
2026-03-25 15:22:48,943 - root - INFO - Loading view: public.vw_features_earnings
2026-03-25 15:22:49,484 - root - INFO - Loaded 6358 rows from vw_features_earnings
2026-03-25 15:22:49,485 - root - INFO - Loading view: public.vw_features_employment
2026-03-25 15:22:49,773 - root - INFO - Loaded 6358 rows from vw_features_employment
2026-03-25 15:22:49,773 - root - INFO - Loading view: public.vw_features_growth
2026-03-25 15:22:50,401 - root - INFO - Loaded 6358 rows from vw_features_growth
2026-03-25 15:22:50,401 - root - INFO - Loading view: public.vw_features_leverage_liquidity
2026-03-25 15:22:51,061 - root - INFO - Loaded 6358 rows from vw_features_leverage_liquidity
2026-03-25 15:22:51,061 - root - INFO - Loading view: public.vw_features_momentum
2026-03-25 15:22:51,379 - root - INFO - Loaded 6358 rows from vw_features_momentum
2026-03-25 15:22:51,379 - root - INFO - Loading view: public.vw_features_profitability
2026-03-25 15:22:51,954 - root - INFO - Loaded 6358 rows from vw_features_profitability
2026-03-25 15:22:51,954 - root - INFO - Loading view: public.vw_features_quality_risk
2026-03-25 15:22:52,325 - root - INFO - Loaded 6358 rows from vw_features_quality_risk
2026-03-25 15:22:52,325 - root - INFO - Loading view: public.vw_features_technical_analysis
2026-03-25 15:22:52,517 - root - INFO - Loaded 6358 rows from vw_features_technical_analysis
2026-03-25 15:22:52,517 - root - INFO - Loading view: public.vw_features_temporal
2026-03-25 15:22:52,731 - root - INFO - Loaded 6358 rows from vw_features_temporal
2026-03-25 15:22:52,731 - root - INFO - Loading view: public.vw_features_unusual_items
2026-03-25 15:22:52,931 - root - INFO - Loaded 6358 rows from vw_features_unusual_items
2026-03-25 15:22:52,931 - root - INFO - Loading view: public.vw_features_valuation_ratios
2026-03-25 15:22:53,399 - root - INFO - Loaded 6358 rows from vw_features_valuation_ratios
2026-03-25 15:22:54,594 - root - INFO - Backfill complete. Columns: 718
2026-03-25 15:22:54,640 - __main__ - INFO - Kalman momentum filter applied to 5 columns
2026-03-25 15:22:55,398 - __main__ - INFO - Loaded all stock features: 6358 stocks × 728 features, 17 view specs
2026-03-25 15:22:55,398 - __main__ - INFO - ✓ Loaded feature views: 6,358 stocks × 728 features
2026-03-25 15:22:55,398 - __main__ - INFO -   View specs loaded: 17 views
2026-03-25 15:22:55,398 - root - INFO - Loading feature data from localhost:5432/postgres (view: public.mv_all_stock_features, earnings_date_filter: 2026-01-01)
2026-03-25 15:22:59,553 - root - INFO - Loaded 6358 rows from public.mv_all_stock_features
2026-03-25 15:22:59,553 - __main__ - INFO - Loaded mv_all_stock_features: 6358 rows × 818 columns
2026-03-25 15:22:59,553 - __main__ - INFO - ✓ Loaded mv_all_stock_features: 6,358 stocks × 818 features
2026-03-25 15:22:59,626 - __main__ - INFO -   Schema metadata: 674 columns
2026-03-25 15:22:59,626 - __main__ - INFO -   Feature registry: 74 functions
2026-03-25 15:22:59,663 - __main__ - INFO -   mv_equities spec unavailable: DataFrame must contain a 'ticker' column
2026-03-25 15:22:59,663 - __main__ - INFO - 
2026-03-25 15:22:59,663 - __main__ - INFO - 📦 Step 1b: Pre-computing historical target drift enrichment...
2026-03-25 15:22:59,663 - __main__ - INFO - --------------------------------------------------------------------------------
2026-03-25 15:22:59,803 - root - INFO - Loaded 674 column definitions from public.equities_schema_metadata
2026-03-25 15:22:59,803 - root - INFO - Cached equities schema: 674 columns across 26 roles
2026-03-25 15:22:59,803 - __main__ - INFO - Column lists derived from equities schema (46 total columns)
2026-03-25 15:22:59,803 - __main__ - INFO - Historical price/target coverage: 40 / 40 columns available (historical_prices=9, historical_targets=7, historical_targets_high=8, historical_targets_low=8, historical_targets_median=8)
2026-03-25 15:22:59,831 - __main__ - INFO - Historical target drift enrichment: 12 derived columns added
2026-03-25 15:22:59,831 - __main__ - INFO - ✓ Historical drift enrichment complete (12 derived columns)
2026-03-25 15:22:59,831 - __main__ - INFO -   ⏱ Step 1 completed in 16.7s
2026-03-25 15:22:59,831 - __main__ - INFO - 
2026-03-25 15:22:59,831 - __main__ - INFO - 🎲 Step 2: Monte Carlo price target simulation (50,000 samples)...
2026-03-25 15:22:59,831 - __main__ - INFO - --------------------------------------------------------------------------------
2026-03-25 15:23:09,196 - __main__ - INFO - Monte Carlo simulation: 5515 stocks processed
2026-03-25 15:23:09,201 - __main__ - INFO - ✓ 5,515 stocks simulated
2026-03-25 15:23:09,202 - __main__ - INFO -   Mean upside:  32.6%
2026-03-25 15:23:09,202 - __main__ - INFO -   Median upside: 24.3%
2026-03-25 15:23:09,202 - __main__ - INFO -   Positive prob (mean): 85.2%
2026-03-25 15:23:09,204 - __main__ - INFO - Computed price_target_mc for 5515 / 5515 stocks (mean=7355.08)
2026-03-25 15:23:09,205 - __main__ - INFO -   Monte Carlo targets (5,515 stocks): implied return=19.4%
2026-03-25 15:23:09,374 - __main__ - INFO - Monte Carlo: computed detailed statistics for 5 / 5 columns
2026-03-25 15:23:17,542 - __main__ - INFO - MCMC Student-t: μ=23.34 (±0.33), df=2.0
2026-03-25 15:23:17,542 - __main__ - INFO - 
  📐 Best-fit distribution: t (AIC=53919.0, KS p=0.000)
2026-03-25 15:23:17,542 - __main__ - INFO - 
  📉 VaR 1%: -26.9%  |  CVaR 5%: -20.9%
2026-03-25 15:23:17,542 - __main__ - INFO -      Downside deviation: 16.28
2026-03-25 15:23:17,542 - __main__ - INFO -      Gain/Loss ratio: 3.39
2026-03-25 15:23:17,542 - __main__ - INFO - 
  🏷️  Tiers: High-conviction=3138, Moderate=1732, Speculative=16, Avoid=642
2026-03-25 15:23:17,542 - __main__ - INFO -   ⏱ Step 2 completed in 17.7s
2026-03-25 15:23:17,542 - __main__ - INFO - 
2026-03-25 15:23:17,542 - __main__ - INFO - 🎯 Step 3: Price target achievement model...
2026-03-25 15:23:17,543 - __main__ - INFO - --------------------------------------------------------------------------------
2026-03-25 15:23:17,568 - __main__ - INFO - Price target achievement: merged 26 sentiment columns from feature views
2026-03-25 15:23:17,576 - __main__ - INFO - Price target: merged 36 risk columns
2026-03-25 15:23:24,335 - finance_ml.analytics.probability_analytics - INFO - MH sampler for price target: acceptance_rate=0.225, mean_posterior=31.739
2026-03-25 15:23:44,699 - __main__ - INFO - Price target achievement: 6358 stocks processed
2026-03-25 15:23:44,704 - __main__ - INFO - ✓ 6,358 stocks analyzed
2026-03-25 15:23:44,704 - __main__ - INFO -   Mean achievement prob: 0.456
2026-03-25 15:23:44,704 - __main__ - INFO -   Mean prob-weighted return: 8.2%
2026-03-25 15:23:44,712 - __main__ - INFO - Computed price_target_prob_weighted for 6355 / 6358 stocks (mean=5979.41)
2026-03-25 15:23:44,719 - __main__ - INFO -   Prob-weighted targets (6,355 stocks): implied return=6.5%
2026-03-25 15:23:44,915 - __main__ - INFO - Price Target Achievement: computed detailed statistics for 5 / 5 columns
2026-03-25 15:23:44,924 - __main__ - INFO -   ⏱ Step 3 completed in 27.4s
2026-03-25 15:23:44,924 - __main__ - INFO - 
2026-03-25 15:23:44,924 - __main__ - INFO - 📐 Step 4: Kalman-filtered price targets...
2026-03-25 15:23:44,924 - __main__ - INFO - --------------------------------------------------------------------------------
2026-03-25 15:23:45,906 - __main__ - INFO - Kalman filter: 6354 stocks processed
2026-03-25 15:23:45,908 - __main__ - INFO - ✓ 6,354 stocks filtered
2026-03-25 15:23:45,909 - __main__ - INFO -   Mean filtered upside: 24.2%
2026-03-25 15:23:46,008 - __main__ - INFO - Kalman Filter: computed detailed statistics for 3 / 3 columns
2026-03-25 15:23:46,009 - __main__ - INFO -   ⏱ Step 4 completed in 1.1s
2026-03-25 15:23:46,010 - __main__ - INFO - 
2026-03-25 15:23:46,010 - __main__ - INFO - 📊 Step 5: Bayesian earnings beat analysis...
2026-03-25 15:23:46,010 - __main__ - INFO - --------------------------------------------------------------------------------
2026-03-25 15:23:48,261 - __main__ - INFO - Earnings beat analysis: 6358 stocks processed
2026-03-25 15:23:49,513 - __main__ - INFO - EPS streak enrichment: 8 columns added
2026-03-25 15:25:35,291 - __main__ - INFO - Resampled beat enrichment: 12 columns added
2026-03-25 15:25:35,625 - __main__ - INFO - ✓ 6,358 stocks analyzed
2026-03-25 15:25:35,625 - __main__ - INFO -   Mean P(beat): 0.434
2026-03-25 15:25:35,626 - __main__ - INFO -   Classified as 'likely_beat': 2834
2026-03-25 15:25:35,626 - __main__ - INFO -   ⏱ Step 5 completed in 109.6s
2026-03-25 15:25:35,626 - __main__ - INFO - 
2026-03-25 15:25:35,626 - __main__ - INFO - 🔬 Step 5b: Accounting anomaly detection & analytics...
2026-03-25 15:25:35,626 - __main__ - INFO - --------------------------------------------------------------------------------
2026-03-25 15:25:35,648 - __main__ - INFO - Accounting anomaly analysis: merged 32 columns from feature views
2026-03-25 15:25:43,362 - finance_ml.analytics.probability_analytics - INFO - MH sampler for anomaly scores: acceptance_rate=0.211, threshold=32.22, mean_posterior=33.459
2026-03-25 15:25:58,979 - finance_ml.analytics.probability_analytics - INFO - Anomaly MCMC converged: R̂=1.0000
2026-03-25 15:25:58,982 - finance_ml.analytics.probability_analytics - INFO - AccountingAnomalyProbabilityModel: severity computed for 6358 stocks, 820 multi-flag alerts, mean conditional P(anomaly)=0.288
2026-03-25 15:26:07,109 - __main__ - INFO - MCMC anomaly posterior: location=32.638
2026-03-25 15:26:07,109 - __main__ - INFO - Accounting anomaly analysis: 6358 stocks processed
2026-03-25 15:26:07,114 - __main__ - INFO -   Anomaly tier distribution:
2026-03-25 15:26:07,114 - __main__ - INFO -     Clean: 2,114 (33.2%)
2026-03-25 15:26:07,114 - __main__ - INFO -     Watch: 3,166 (49.8%)
2026-03-25 15:26:07,114 - __main__ - INFO -     Flag: 1,036 (16.3%)
2026-03-25 15:26:07,114 - __main__ - INFO -     Alert: 42 (0.7%)
2026-03-25 15:26:07,116 - __main__ - INFO -   Anomaly score — mean: 33.5, median: 32.2, std: 16.1, max: 100.0
2026-03-25 15:26:07,116 - __main__ - INFO -   Stocks with ≥1 flagged feature: 5,785, ≥10 flags: 820
2026-03-25 15:26:07,116 - __main__ - INFO -   Per-feature anomaly flags:
2026-03-25 15:26:07,116 - __main__ - INFO -     discontinued_ops_impact: 79 stocks flagged
2026-03-25 15:26:07,116 - __main__ - INFO -     ebit_adjustment_pct_fy: 1,903 stocks flagged
2026-03-25 15:26:07,116 - __main__ - INFO -     ebit_adjustment_pct_ltm: 266 stocks flagged
2026-03-25 15:26:07,116 - __main__ - INFO -     ebitda_adjustment_pct_fy: 1,704 stocks flagged
2026-03-25 15:26:07,116 - __main__ - INFO -     ebitda_adjustment_pct_ltm: 108 stocks flagged
2026-03-25 15:26:07,116 - __main__ - INFO -     ebitda_adjustment_ratio: 142 stocks flagged
2026-03-25 15:26:07,116 - __main__ - INFO -     eps_adjustment_pct: 781 stocks flagged
2026-03-25 15:26:07,116 - __main__ - INFO -     eps_adjustment_ratio: 754 stocks flagged
2026-03-25 15:26:07,116 - __main__ - INFO -     eps_adjustment_ratio_comp: 754 stocks flagged
2026-03-25 15:26:07,116 - __main__ - INFO -     eps_adjustment_spread_fy: 1,832 stocks flagged
2026-03-25 15:26:07,116 - __main__ - INFO -     eps_adjustment_spread_ltm: 1,045 stocks flagged
2026-03-25 15:26:07,116 - __main__ - INFO -     eps_growth_accel: 370 stocks flagged
2026-03-25 15:26:07,117 - __main__ - INFO -     eps_surprise_pct: 650 stocks flagged
2026-03-25 15:26:07,117 - __main__ - INFO -     exceptional_items_frequency: 514 stocks flagged
2026-03-25 15:26:07,117 - __main__ - INFO -     exceptional_items_to_ebitda: 2,867 stocks flagged
2026-03-25 15:26:07,117 - __main__ - INFO -     forward_eps_gaap_adj_spread: 1,680 stocks flagged
2026-03-25 15:26:07,117 - __main__ - INFO -     gaap_adj_eps_gap_pct: 1,494 stocks flagged
2026-03-25 15:26:07,117 - __main__ - INFO -     gaap_revision_1m: 1,104 stocks flagged
2026-03-25 15:26:07,117 - __main__ - INFO -     gaap_revision_1y: 560 stocks flagged
2026-03-25 15:26:07,117 - __main__ - INFO -     gaap_revision_3m: 957 stocks flagged
2026-03-25 15:26:07,117 - __main__ - INFO -     gaap_revision_6m: 820 stocks flagged
2026-03-25 15:26:07,117 - __main__ - INFO -     gaap_revision_momentum: 1,212 stocks flagged
2026-03-25 15:26:07,117 - __main__ - INFO -     gaap_vs_norm_revision_spread: 1,068 stocks flagged
2026-03-25 15:26:07,117 - __main__ - INFO -     goodwill_change_rate: 1,257 stocks flagged
2026-03-25 15:26:07,117 - __main__ - INFO -     net_income_adjustment_pct: 169 stocks flagged
2026-03-25 15:26:07,117 - __main__ - INFO -     net_income_adjustment_ratio_fy: 2,138 stocks flagged
2026-03-25 15:26:07,117 - __main__ - INFO -     net_income_adjustment_ratio_ltm: 731 stocks flagged
2026-03-25 15:26:07,117 - __main__ - INFO -     restructuring_intensity: 102 stocks flagged
2026-03-25 15:26:07,117 - __main__ - INFO -     revenue_surprise_pct: 825 stocks flagged
2026-03-25 15:26:07,117 - __main__ - INFO -     revision_quality_divergence: 938 stocks flagged
2026-03-25 15:26:07,118 - __main__ - INFO -   Mahalanobis distance — computed: 1,304, mean: 3.79, p95: 8.46
2026-03-25 15:26:07,118 - __main__ - INFO -   Sector-relative outliers (|z| > 2): 242
2026-03-25 15:26:07,118 - __main__ - INFO -   Severity score — mean: 36.83, median: 33.62, max: 100.00
2026-03-25 15:26:07,118 - __main__ - INFO -   Conditional P(anomaly) — mean: 0.288, median: 0.265, max: 0.446
2026-03-25 15:26:07,118 - __main__ - INFO -   Multi-flag alerts: 820
2026-03-25 15:26:07,118 - __main__ - INFO -   Stocks in top 10% risk rank: 636
2026-03-25 15:26:07,118 - __main__ - INFO -   Benford's Law chi² p-value: 0.0278 (⚠️ suspicious)
2026-03-25 15:26:07,119 - __main__ - INFO -   Best-fit distributions per feature:
2026-03-25 15:26:07,120 - __main__ - INFO -     asset_sale_boost: student_t (mean KS p=0.000)
2026-03-25 15:26:07,121 - __main__ - INFO -     discontinued_ops_impact: student_t (mean KS p=0.000)
2026-03-25 15:26:07,121 - __main__ - INFO -     ebit_adjustment_pct_fy: student_t (mean KS p=0.000)
2026-03-25 15:26:07,121 - __main__ - INFO -     ebit_adjustment_pct_ltm: student_t (mean KS p=0.000)
2026-03-25 15:26:07,122 - __main__ - INFO -     ebitda_adjustment_pct_fy: student_t (mean KS p=0.000)
2026-03-25 15:26:07,122 - __main__ - INFO -     ebitda_adjustment_pct_ltm: student_t (mean KS p=0.000)
2026-03-25 15:26:07,122 - __main__ - INFO -     ebitda_adjustment_ratio: student_t (mean KS p=0.000)
2026-03-25 15:26:07,123 - __main__ - INFO -     eps_adjustment_pct: student_t (mean KS p=0.000)
2026-03-25 15:26:07,123 - __main__ - INFO -     eps_adjustment_ratio_comp: student_t (mean KS p=0.000)
2026-03-25 15:26:07,123 - __main__ - INFO -     eps_adjustment_ratio: student_t (mean KS p=0.000)
2026-03-25 15:26:07,124 - __main__ - INFO -     eps_adjustment_spread_fy: student_t (mean KS p=0.000)
2026-03-25 15:26:07,124 - __main__ - INFO -     eps_adjustment_spread_ltm: student_t (mean KS p=0.000)
2026-03-25 15:26:07,124 - __main__ - INFO -     eps_growth_accel: student_t (mean KS p=0.160)
2026-03-25 15:26:07,125 - __main__ - INFO -     eps_surprise_pct: student_t (mean KS p=0.000)
2026-03-25 15:26:07,125 - __main__ - INFO -     exceptional_items_frequency: student_t (mean KS p=0.000)
2026-03-25 15:26:07,125 - __main__ - INFO -     exceptional_items_to_ebitda: student_t (mean KS p=0.000)
2026-03-25 15:26:07,126 - __main__ - INFO -     forward_eps_gaap_adj_spread: student_t (mean KS p=0.000)
2026-03-25 15:26:07,126 - __main__ - INFO -     gaap_adj_eps_gap_pct: student_t (mean KS p=0.000)
2026-03-25 15:26:07,127 - __main__ - INFO -     gaap_revision_1m: student_t (mean KS p=0.000)
2026-03-25 15:26:07,127 - __main__ - INFO -     gaap_revision_1y: student_t (mean KS p=0.002)
2026-03-25 15:26:07,127 - __main__ - INFO -     gaap_revision_3m: student_t (mean KS p=0.000)
2026-03-25 15:26:07,128 - __main__ - INFO -     gaap_revision_6m: student_t (mean KS p=0.002)
2026-03-25 15:26:07,128 - __main__ - INFO -     gaap_revision_momentum: student_t (mean KS p=0.000)
2026-03-25 15:26:07,128 - __main__ - INFO -     gaap_vs_norm_revision_spread: student_t (mean KS p=0.000)
2026-03-25 15:26:07,129 - __main__ - INFO -     goodwill_change_rate: student_t (mean KS p=0.000)
2026-03-25 15:26:07,129 - __main__ - INFO -     net_income_adjustment_pct: student_t (mean KS p=0.000)
2026-03-25 15:26:07,129 - __main__ - INFO -     net_income_adjustment_ratio_fy: student_t (mean KS p=0.000)
2026-03-25 15:26:07,130 - __main__ - INFO -     net_income_adjustment_ratio_ltm: student_t (mean KS p=0.000)
2026-03-25 15:26:07,130 - __main__ - INFO -     restructuring_intensity: student_t (mean KS p=0.000)
2026-03-25 15:26:07,130 - __main__ - INFO -     revenue_surprise_pct: student_t (mean KS p=0.000)
2026-03-25 15:26:07,131 - __main__ - INFO -     revision_quality_divergence: student_t (mean KS p=0.000)
2026-03-25 15:26:07,138 - root - INFO - Exporting 6358 rows to analytics.accounting_anomaly_analysis
2026-03-25 15:26:10,064 - root - INFO - Export complete: analytics.accounting_anomaly_analysis
2026-03-25 15:26:10,064 - __main__ - INFO -   ✓ Exported 6,358 rows → analytics.accounting_anomaly_analysis
2026-03-25 15:26:10,065 - __main__ - INFO - ✓ Accounting anomaly analysis complete: 6,358 stocks
2026-03-25 15:26:10,066 - __main__ - INFO -   ⏱ Step 5b completed in 34.4s
2026-03-25 15:26:10,066 - __main__ - INFO - 
2026-03-25 15:26:10,066 - __main__ - INFO - 🛡️ Step 5c: Credit risk & dividend safety analysis...
2026-03-25 15:26:10,066 - __main__ - INFO - --------------------------------------------------------------------------------
2026-03-25 15:26:10,086 - __main__ - INFO - Credit risk analysis: merged 49 risk columns from feature views
2026-03-25 15:26:21,350 - finance_ml.analytics.probability_analytics - INFO - Sector-adjusted distress: 3425 / 6358 stocks flagged (vs 1420 with global threshold)
2026-03-25 15:26:21,428 - __main__ - INFO - Hierarchical MCMC credit risk: 36 sectors enriched
2026-03-25 15:26:21,742 - __main__ - INFO - Ruin probability enrichment: 7 columns added
2026-03-25 15:26:21,742 - __main__ - INFO - Credit risk analysis: 6358 stocks processed
2026-03-25 15:26:21,745 - __main__ - INFO - ✓ Credit risk: 6,358 stocks, 3711 high/distressed
2026-03-25 15:26:21,746 - __main__ - INFO -   Mean ruin probability: 0.048
2026-03-25 15:26:21,755 - __main__ - INFO -   Merged 820 anomaly columns into credit risk DataFrame
2026-03-25 15:26:30,059 - finance_ml.analytics.probability_analytics - INFO - Hierarchical sector MCMC for dividend FCF coverage: 30 sectors
2026-03-25 15:26:30,066 - __main__ - INFO - Dividend safety analysis: 6358 stocks processed
2026-03-25 15:26:30,069 - __main__ - INFO - ✓ Dividend safety: 6,358 stocks, 3163 at risk
2026-03-25 15:26:30,069 - __main__ - INFO -   ⏱ Step 5c completed in 20.0s
2026-03-25 15:26:30,069 - __main__ - INFO - 
2026-03-25 15:26:30,069 - __main__ - INFO - 🔍 Step 5d: Running stock screening strategies...
2026-03-25 15:26:30,069 - __main__ - INFO - --------------------------------------------------------------------------------
2026-03-25 15:26:30,110 - __main__ - INFO -   ✓ Productivity frontier scores added
2026-03-25 15:26:30,112 - __main__ - INFO -    Reporting lag sentiment: corr=-0.030, p=0.0832, hypothesis=marginally significant (p < 0.10)
2026-03-25 15:26:30,112 - __main__ - INFO - Quality screen: 0 stocks
2026-03-25 15:26:30,112 - __main__ - WARNING - Quality screen returned 0 stocks — applying adaptive fallback.
2026-03-25 15:26:30,112 - __main__ - WARNING - Adaptive screening: quality returned 0 stocks (0.0% < 0.0% threshold). Applying percentile-based fallback (top 10%).
2026-03-25 15:26:30,118 - __main__ - INFO - Adaptive screening: quality fallback using piotroski_f_score >= 6.00 → 938 stocks
2026-03-25 15:26:31,162 - __main__ - INFO - Earnings quality screen: 1158 stocks
2026-03-25 15:26:32,426 - __main__ - INFO - Value screen: 1042 stocks
2026-03-25 15:26:33,507 - __main__ - INFO - Growth screen: 2830 stocks
2026-03-25 15:26:34,630 - __main__ - INFO - GARP screen: 915 stocks
2026-03-25 15:26:35,476 - __main__ - INFO - Dividend screen: 15 stocks
2026-03-25 15:26:36,173 - __main__ - INFO - Financial health screen: 1414 stocks
2026-03-25 15:26:36,670 - __main__ - INFO - Valuation reversion screen: 449 stocks
2026-03-25 15:26:37,816 - __main__ - INFO - Integrity growth screen: 1095 stocks
2026-03-25 15:26:38,394 - __main__ - INFO - High-yield safe dividend screen: 45 stocks
2026-03-25 15:26:38,412 - __main__ - INFO - Sector-relative ranking: 6358 stocks
2026-03-25 15:26:39,604 - __main__ - INFO - Low-volatility quality screen: 2196 stocks
2026-03-25 15:26:40,077 - __main__ - INFO - FCF compounders screen: 963 stocks
2026-03-25 15:26:40,090 - __main__ - INFO - Total return leaders screen: 6358 stocks
2026-03-25 15:26:40,090 - __main__ - INFO -   ✓ quality: 938 stocks
2026-03-25 15:26:40,090 - __main__ - INFO -   ✓ earnings_quality: 1,158 stocks
2026-03-25 15:26:40,090 - __main__ - INFO -   ✓ value: 1,042 stocks
2026-03-25 15:26:40,090 - __main__ - INFO -   ✓ growth: 2,830 stocks
2026-03-25 15:26:40,090 - __main__ - INFO -   ✓ garp: 915 stocks
2026-03-25 15:26:40,090 - __main__ - INFO -   ✓ dividend: 15 stocks
2026-03-25 15:26:40,090 - __main__ - INFO -   ✓ healthy: 1,414 stocks
2026-03-25 15:26:40,090 - __main__ - INFO -   ✓ valuation_reversion: 449 stocks
2026-03-25 15:26:40,090 - __main__ - INFO -   ✓ integrity_growth: 1,095 stocks
2026-03-25 15:26:40,090 - __main__ - INFO -   ✓ high_yield_safe: 45 stocks
2026-03-25 15:26:40,090 - __main__ - INFO -   ✓ sector_relative: 6,358 stocks
2026-03-25 15:26:40,090 - __main__ - INFO -   ✓ low_vol_quality: 2,196 stocks
2026-03-25 15:26:40,090 - __main__ - INFO -   ✓ fcf_compounders: 963 stocks
2026-03-25 15:26:40,090 - __main__ - INFO -   ✓ total_return_leaders: 6,358 stocks
2026-03-25 15:26:40,090 - __main__ - INFO -   ⏱ Step 5d completed in 10.0s
2026-03-25 15:26:40,090 - __main__ - INFO - 
2026-03-25 15:26:40,090 - __main__ - INFO - 🧪 Step 5e: Resampled Bayesian posterior returns...
2026-03-25 15:26:40,091 - __main__ - INFO - --------------------------------------------------------------------------------
2026-03-25 15:26:58,462 - __main__ - INFO - Resampled posterior returns: 6358 stocks, mean posterior=-3.82%
2026-03-25 15:26:58,846 - __main__ - INFO -   ✓ Resampled posteriors: 6,358 stocks
2026-03-25 15:26:58,847 - __main__ - INFO -   Mean posterior return: -3.82%
2026-03-25 15:26:58,847 - __main__ - INFO -   ⏱ Step 5e completed in 18.8s
2026-03-25 15:26:58,847 - __main__ - INFO - 
2026-03-25 15:26:58,847 - __main__ - INFO - 🔗 Step 6: Cross-model alignment...
2026-03-25 15:26:58,847 - __main__ - INFO - --------------------------------------------------------------------------------
2026-03-25 15:26:58,860 - __main__ - INFO - Tri-model alignment: 5515 stocks, 4750 strong bullish
2026-03-25 15:26:58,864 - __main__ - INFO - Strong consensus picks: 50 stocks
2026-03-25 15:26:58,871 - __main__ - INFO - Quad-model alignment: 5515 stocks, full consensus (4/4): 1521
2026-03-25 15:26:58,872 - __main__ - INFO -   Tri-model coverage: 5,515 stocks
2026-03-25 15:26:58,872 - __main__ - INFO -     Strong Bearish (0/3): 504
2026-03-25 15:26:58,872 - __main__ - INFO -     Bearish (1/3): 104
2026-03-25 15:26:58,872 - __main__ - INFO -     Bullish (2/3): 157
2026-03-25 15:26:58,873 - __main__ - INFO -     Strong Bullish (3/3): 4750
2026-03-25 15:26:58,873 - __main__ - INFO -   Strong consensus picks: 50
2026-03-25 15:26:58,873 - __main__ - INFO -   Quad-model (4/4): 1521 stocks
2026-03-25 15:26:58,893 - __main__ - INFO -   MC ↔ Kalman correlation: 0.958
2026-03-25 15:26:58,893 - __main__ - INFO -   ⏱ Step 6 completed in 0.0s
2026-03-25 15:26:58,893 - __main__ - INFO - 
2026-03-25 15:26:58,893 - __main__ - INFO - 📋 Step 7: Building expected_returns_summary (4-model merge)...
2026-03-25 15:26:58,893 - __main__ - INFO - --------------------------------------------------------------------------------
2026-03-25 15:26:58,917 - __main__ - INFO - Enriched expected_returns_summary with 43 anomaly columns
2026-03-25 15:26:58,926 - __main__ - INFO - Enriched expected_returns_summary with 21 credit risk columns
2026-03-25 15:26:58,936 - __main__ - INFO - Enriched expected_returns_summary with 11 dividend safety columns
2026-03-25 15:26:59,097 - __main__ - INFO - Enriched expected_returns_summary with 33 columns from mv_all_stock_features
2026-03-25 15:26:59,101 - __main__ - INFO - Expected returns summary: 5515 stocks, 1521 strong bullish (4/4)
2026-03-25 15:26:59,101 - __main__ - INFO -   ✓ 5,515 stocks in expected_returns_summary
2026-03-25 15:26:59,101 - __main__ - INFO -   Full consensus (4/4): 1521 stocks
2026-03-25 15:26:59,160 - __main__ - INFO - Quality scoring: 11 High, 1644 Above Avg
2026-03-25 15:26:59,164 - __main__ - INFO -   High-quality full consensus: 707 stocks
2026-03-25 15:26:59,205 - __main__ - INFO - Added z-scores and percentile ranks for 3 return metrics
2026-03-25 15:26:59,207 - __main__ - INFO -   Agreement distribution:
2026-03-25 15:26:59,208 - __main__ - INFO -     Strong Bearish (0/4): 383
2026-03-25 15:26:59,208 - __main__ - INFO -     Bearish (1/4): 199
2026-03-25 15:26:59,208 - __main__ - INFO -     Neutral (2/4): 135
2026-03-25 15:26:59,208 - __main__ - INFO -     Bullish (3/4): 3277
2026-03-25 15:26:59,209 - __main__ - INFO -     Strong Bullish (4/4): 1521
2026-03-25 15:26:59,287 - __main__ - INFO - Cross-model diagnostics: tail agreement=95.3%, mean dispersion=9.70
2026-03-25 15:26:59,289 - __main__ - INFO - 
  🔬 Cross-Model Diagnostics:
2026-03-25 15:26:59,289 - __main__ - INFO -      Direction agreement: 95.3%
2026-03-25 15:26:59,289 - __main__ - INFO -      Mean inter-model dispersion: 9.70
2026-03-25 15:26:59,289 - __main__ - INFO -      Kendall τ (expected_upside_pct ↔ filtered_upside): 0.916 (p=0.0000)
2026-03-25 15:26:59,289 - __main__ - INFO -      Kendall τ (expected_upside_pct ↔ expected_return_prob_weighted): 0.481 (p=0.0000)
2026-03-25 15:26:59,289 - __main__ - INFO -      Kendall τ (filtered_upside ↔ expected_return_prob_weighted): 0.507 (p=0.0000)
2026-03-25 15:26:59,340 - __main__ - INFO - 
  🏢 Sector Analytics: 59 sectors
2026-03-25 15:26:59,388 - __main__ - INFO -    Hierarchical MCMC: 39 sector posteriors (Bayesian shrinkage)
2026-03-25 15:26:59,389 - __main__ - INFO -      Metals and Mining: raw=36.7% → posterior=36.6% (shrinkage=0.96)
2026-03-25 15:26:59,389 - __main__ - INFO -      Trading Companies and Distributors: raw=31.0% → posterior=31.2% (shrinkage=0.88)
2026-03-25 15:26:59,389 - __main__ - INFO -      Software: raw=63.5% → posterior=62.1% (shrinkage=0.96)
2026-03-25 15:26:59,389 - __main__ - INFO -      Biotechnology: raw=83.2% → posterior=80.8% (shrinkage=0.95)
2026-03-25 15:26:59,389 - __main__ - INFO -      Aerospace and Defense: raw=25.4% → posterior=26.1% (shrinkage=0.90)
2026-03-25 15:26:59,885 - finance_ml.analytics.statistical_analysis - INFO - Multi-level hierarchical MCMC: 9 levels, 307 total groups for 'expected_upside_pct'
2026-03-25 15:26:59,886 - __main__ - INFO -    Multi-level MCMC: 9 category levels, 307 group posteriors
2026-03-25 15:26:59,887 - __main__ - INFO -      [region] Europe: raw=42.7% → posterior=42.6% (n=1558, shrink=0.99)
2026-03-25 15:26:59,887 - __main__ - INFO -      [region] United States and Canada: raw=34.3% → posterior=34.3% (n=1706, shrink=0.99)
2026-03-25 15:26:59,887 - __main__ - INFO -      [region] Latin America and Caribbean: raw=32.7% → posterior=32.7% (n=230, shrink=0.96)
2026-03-25 15:26:59,887 - __main__ - INFO -      [region] Africa / Middle East: raw=31.2% → posterior=31.3% (n=283, shrink=0.97)
2026-03-25 15:26:59,887 - __main__ - INFO -      [region] Asia / Pacific: raw=22.0% → posterior=22.1% (n=1738, shrink=0.99)
2026-03-25 15:26:59,888 - __main__ - INFO -      [country] GB: raw=59.2% → posterior=58.7% (n=287, shrink=0.97)
2026-03-25 15:26:59,888 - __main__ - INFO -      [country] LU: raw=64.2% → posterior=56.8% (n=24, shrink=0.66)
2026-03-25 15:26:59,888 - __main__ - INFO -      [country] DE: raw=51.7% → posterior=51.1% (n=168, shrink=0.94)
2026-03-25 15:26:59,888 - __main__ - INFO -      [country] SE: raw=48.0% → posterior=47.7% (n=168, shrink=0.94)
2026-03-25 15:26:59,888 - __main__ - INFO -      [country] NL: raw=48.1% → posterior=47.3% (n=57, shrink=0.85)
2026-03-25 15:26:59,888 - __main__ - INFO -      [country] IT: raw=47.1% → posterior=46.8% (n=107, shrink=0.91)
2026-03-25 15:26:59,888 - __main__ - INFO -      [country] IE: raw=46.4% → posterior=45.5% (n=32, shrink=0.76)
2026-03-25 15:26:59,888 - __main__ - INFO -      [country] MT: raw=125.0% → posterior=45.0% (n=3, shrink=0.03)
2026-03-25 15:26:59,888 - __main__ - INFO -      [country] JE: raw=43.8% → posterior=42.6% (n=3, shrink=0.03)
2026-03-25 15:26:59,888 - __main__ - INFO -      [country] FR: raw=42.3% → posterior=42.4% (n=157, shrink=0.94)
2026-03-25 15:26:59,888 - __main__ - INFO -      [country] BE: raw=42.3% → posterior=42.3% (n=41, shrink=0.80)
2026-03-25 15:26:59,888 - __main__ - INFO -      [country] SI: raw=-1.2% → posterior=41.3% (n=3, shrink=0.03)
2026-03-25 15:26:59,889 - __main__ - INFO -      [country] HU: raw=8.9% → posterior=40.9% (n=4, shrink=0.05)
2026-03-25 15:26:59,889 - __main__ - INFO -      [country] CY: raw=7.7% → posterior=39.9% (n=5, shrink=0.08)
2026-03-25 15:26:59,889 - __main__ - INFO -      [country] CZ: raw=6.1% → posterior=39.8% (n=5, shrink=0.08)
2026-03-25 15:26:59,889 - __main__ - INFO -      [country] AE: raw=41.4% → posterior=39.0% (n=33, shrink=0.77)
2026-03-25 15:26:59,889 - __main__ - INFO -      [country] TR: raw=40.5% → posterior=39.0% (n=52, shrink=0.84)
2026-03-25 15:26:59,889 - __main__ - INFO -      [country] MX: raw=39.5% → posterior=38.2% (n=45, shrink=0.82)
2026-03-25 15:26:59,889 - __main__ - INFO -      [country] HR: raw=10.0% → posterior=38.0% (n=7, shrink=0.14)
2026-03-25 15:26:59,889 - __main__ - INFO -      [country] ZA: raw=39.8% → posterior=38.0% (n=38, shrink=0.79)
2026-03-25 15:26:59,889 - __main__ - INFO -      [country] DK: raw=36.7% → posterior=38.0% (n=35, shrink=0.78)
2026-03-25 15:26:59,889 - __main__ - INFO -      [country] VG: raw=197.8% → posterior=37.5% (n=3, shrink=0.03)
2026-03-25 15:26:59,889 - __main__ - INFO -      [country] PT: raw=16.7% → posterior=36.1% (n=10, shrink=0.25)
2026-03-25 15:26:59,889 - __main__ - INFO -      [country] US: raw=35.2% → posterior=35.1% (n=1505, shrink=0.99)
2026-03-25 15:26:59,889 - __main__ - INFO -      [country] HK: raw=35.8% → posterior=33.5% (n=50, shrink=0.83)
2026-03-25 15:26:59,889 - __main__ - INFO -      [country] ID: raw=37.5% → posterior=33.5% (n=29, shrink=0.74)
2026-03-25 15:26:59,889 - __main__ - INFO -      [country] KY: raw=38.7% → posterior=33.2% (n=5, shrink=0.08)
2026-03-25 15:26:59,889 - __main__ - INFO -      [country] SA: raw=33.1% → posterior=32.9% (n=70, shrink=0.88)
2026-03-25 15:26:59,889 - __main__ - INFO -      [country] QA: raw=34.8% → posterior=32.5% (n=13, shrink=0.36)
2026-03-25 15:26:59,889 - __main__ - INFO -      [country] RO: raw=-14.8% → posterior=32.5% (n=8, shrink=0.18)
2026-03-25 15:26:59,889 - __main__ - INFO -      [country] CH: raw=31.4% → posterior=32.3% (n=113, shrink=0.92)
2026-03-25 15:26:59,889 - __main__ - INFO -      [country] BR: raw=31.8% → posterior=31.9% (n=121, shrink=0.92)
2026-03-25 15:26:59,889 - __main__ - INFO -      [country] PE: raw=12.3% → posterior=31.7% (n=4, shrink=0.05)
2026-03-25 15:26:59,889 - __main__ - INFO -      [country] SG: raw=36.3% → posterior=31.7% (n=25, shrink=0.68)
2026-03-25 15:26:59,889 - __main__ - INFO -      [country] ES: raw=29.6% → posterior=31.6% (n=53, shrink=0.84)
2026-03-25 15:26:59,889 - __main__ - INFO -      [country] MA: raw=33.9% → posterior=31.4% (n=4, shrink=0.05)
2026-03-25 15:26:59,890 - __main__ - INFO -      [country] AU: raw=32.8% → posterior=31.3% (n=59, shrink=0.86)
2026-03-25 15:26:59,890 - __main__ - INFO -      [country] GR: raw=21.9% → posterior=30.8% (n=20, shrink=0.57)
2026-03-25 15:26:59,890 - __main__ - INFO -      [country] IL: raw=30.2% → posterior=30.6% (n=23, shrink=0.64)
2026-03-25 15:26:59,890 - __main__ - INFO -      [country] CO: raw=9.7% → posterior=30.2% (n=6, shrink=0.11)
2026-03-25 15:26:59,890 - __main__ - INFO -      [country] EG: raw=28.6% → posterior=30.2% (n=14, shrink=0.40)
2026-03-25 15:26:59,890 - __main__ - INFO -      [country] FI: raw=28.7% → posterior=30.2% (n=80, shrink=0.89)
2026-03-25 15:26:59,890 - __main__ - INFO -      [country] GH: raw=-13.2% → posterior=30.0% (n=3, shrink=0.03)
2026-03-25 15:26:59,890 - __main__ - INFO -      [country] AT: raw=24.8% → posterior=29.7% (n=28, shrink=0.72)
2026-03-25 15:26:59,890 - __main__ - INFO -      [country] KW: raw=15.8% → posterior=29.6% (n=6, shrink=0.11)
2026-03-25 15:26:59,890 - __main__ - INFO -      [country] CL: raw=25.1% → posterior=28.7% (n=18, shrink=0.52)
2026-03-25 15:26:59,890 - __main__ - INFO -      [country] CA: raw=27.8% → posterior=28.1% (n=201, shrink=0.95)
2026-03-25 15:26:59,890 - __main__ - INFO -      [country] PL: raw=23.1% → posterior=26.5% (n=47, shrink=0.82)
2026-03-25 15:26:59,890 - __main__ - INFO -      [country] CN: raw=23.8% → posterior=23.8% (n=712, shrink=0.99)
2026-03-25 15:26:59,890 - __main__ - INFO -      [country] IN: raw=23.9% → posterior=23.8% (n=210, shrink=0.95)
2026-03-25 15:26:59,890 - __main__ - INFO -      [country] VN: raw=27.7% → posterior=22.9% (n=7, shrink=0.14)
2026-03-25 15:26:59,890 - __main__ - INFO -      [country] NZ: raw=25.0% → posterior=22.4% (n=6, shrink=0.11)
2026-03-25 15:26:59,890 - __main__ - INFO -      [country] TH: raw=22.0% → posterior=22.0% (n=23, shrink=0.64)
2026-03-25 15:26:59,890 - __main__ - INFO -      [country] BM: raw=15.2% → posterior=21.9% (n=22, shrink=0.62)
2026-03-25 15:26:59,890 - __main__ - INFO -      [country] PH: raw=19.0% → posterior=21.9% (n=5, shrink=0.08)
2026-03-25 15:26:59,890 - __main__ - INFO -      [country] NO: raw=19.2% → posterior=21.8% (n=81, shrink=0.89)
2026-03-25 15:26:59,890 - __main__ - INFO -      [country] OM: raw=-7.4% → posterior=20.2% (n=11, shrink=0.29)
2026-03-25 15:26:59,890 - __main__ - INFO -      [country] MY: raw=17.9% → posterior=18.9% (n=30, shrink=0.75)
2026-03-25 15:26:59,890 - __main__ - INFO -      [country] KR: raw=18.0% → posterior=18.4% (n=113, shrink=0.92)
2026-03-25 15:26:59,890 - __main__ - INFO -      [country] TW: raw=15.8% → posterior=16.3% (n=99, shrink=0.91)
2026-03-25 15:26:59,890 - __main__ - INFO -      [country] JP: raw=14.5% → posterior=14.8% (n=362, shrink=0.97)
2026-03-25 15:26:59,890 - __main__ - INFO -      [country] NG: raw=-17.1% → posterior=13.8% (n=13, shrink=0.36)
2026-03-25 15:26:59,891 - __main__ - INFO -      [trading_country] GB: raw=61.4% → posterior=60.8% (n=288, shrink=0.97)
2026-03-25 15:26:59,891 - __main__ - INFO -      [trading_country] DE: raw=55.6% → posterior=54.9% (n=177, shrink=0.95)
2026-03-25 15:26:59,891 - __main__ - INFO -      [trading_country] SE: raw=48.5% → posterior=48.2% (n=171, shrink=0.94)
2026-03-25 15:26:59,891 - __main__ - INFO -      [trading_country] BE: raw=48.4% → posterior=47.2% (n=39, shrink=0.80)
2026-03-25 15:26:59,891 - __main__ - INFO -      [trading_country] IT: raw=44.9% → posterior=44.7% (n=105, shrink=0.91)
2026-03-25 15:26:59,891 - __main__ - INFO -      [trading_country] IE: raw=30.6% → posterior=42.0% (n=4, shrink=0.05)
2026-03-25 15:26:59,891 - __main__ - INFO -      [trading_country] FR: raw=41.8% → posterior=41.8% (n=157, shrink=0.94)
2026-03-25 15:26:59,891 - __main__ - INFO -      [trading_country] SI: raw=-1.2% → posterior=41.3% (n=3, shrink=0.03)
2026-03-25 15:26:59,891 - __main__ - INFO -      [trading_country] HU: raw=-7.0% → posterior=41.2% (n=3, shrink=0.03)
2026-03-25 15:26:59,891 - __main__ - INFO -      [trading_country] CZ: raw=-0.6% → posterior=40.4% (n=4, shrink=0.05)
2026-03-25 15:26:59,892 - __main__ - INFO -      [trading_country] MX: raw=41.0% → posterior=39.4% (n=42, shrink=0.81)
2026-03-25 15:26:59,892 - __main__ - INFO -      [trading_country] TR: raw=40.7% → posterior=39.2% (n=51, shrink=0.84)
2026-03-25 15:26:59,892 - __main__ - INFO -      [trading_country] DK: raw=37.5% → posterior=38.7% (n=34, shrink=0.77)
2026-03-25 15:26:59,892 - __main__ - INFO -      [trading_country] AE: raw=40.6% → posterior=38.4% (n=31, shrink=0.76)
2026-03-25 15:26:59,892 - __main__ - INFO -      [trading_country] HR: raw=10.0% → posterior=38.0% (n=7, shrink=0.14)
2026-03-25 15:26:59,892 - __main__ - INFO -      [trading_country] NL: raw=36.9% → posterior=37.9% (n=51, shrink=0.84)
2026-03-25 15:26:59,892 - __main__ - INFO -      [trading_country] US: raw=36.2% → posterior=36.2% (n=1693, shrink=0.99)
2026-03-25 15:26:59,892 - __main__ - INFO -      [trading_country] HK: raw=36.8% → posterior=35.9% (n=165, shrink=0.94)
2026-03-25 15:26:59,892 - __main__ - INFO -      [trading_country] GR: raw=26.2% → posterior=35.0% (n=16, shrink=0.46)
2026-03-25 15:26:59,892 - __main__ - INFO -      [trading_country] PT: raw=14.7% → posterior=34.6% (n=11, shrink=0.29)
2026-03-25 15:26:59,892 - __main__ - INFO -      [trading_country] ID: raw=37.5% → posterior=33.5% (n=29, shrink=0.74)
2026-03-25 15:26:59,892 - __main__ - INFO -      [trading_country] ES: raw=31.2% → posterior=33.0% (n=53, shrink=0.84)
2026-03-25 15:26:59,892 - __main__ - INFO -      [trading_country] SA: raw=33.1% → posterior=32.9% (n=70, shrink=0.88)
2026-03-25 15:26:59,892 - __main__ - INFO -      [trading_country] QA: raw=34.8% → posterior=32.5% (n=13, shrink=0.36)
2026-03-25 15:26:59,892 - __main__ - INFO -      [trading_country] PE: raw=13.3% → posterior=32.1% (n=3, shrink=0.03)
2026-03-25 15:26:59,892 - __main__ - INFO -      [trading_country] BR: raw=31.6% → posterior=31.7% (n=118, shrink=0.92)
2026-03-25 15:26:59,892 - __main__ - INFO -      [trading_country] CH: raw=30.3% → posterior=31.5% (n=96, shrink=0.91)
2026-03-25 15:26:59,892 - __main__ - INFO -      [trading_country] MA: raw=33.9% → posterior=31.4% (n=4, shrink=0.05)
2026-03-25 15:26:59,892 - __main__ - INFO -      [trading_country] CO: raw=9.7% → posterior=30.2% (n=6, shrink=0.11)
2026-03-25 15:26:59,892 - __main__ - INFO -      [trading_country] CA: raw=30.0% → posterior=30.2% (n=201, shrink=0.95)
2026-03-25 15:26:59,892 - __main__ - INFO -      [trading_country] EG: raw=28.6% → posterior=30.2% (n=14, shrink=0.40)
2026-03-25 15:26:59,892 - __main__ - INFO -      [trading_country] FI: raw=28.4% → posterior=30.0% (n=79, shrink=0.89)
2026-03-25 15:26:59,892 - __main__ - INFO -      [trading_country] GH: raw=-13.2% → posterior=30.0% (n=3, shrink=0.03)
2026-03-25 15:26:59,892 - __main__ - INFO -      [trading_country] CL: raw=26.9% → posterior=29.9% (n=17, shrink=0.49)
2026-03-25 15:26:59,892 - __main__ - INFO -      [trading_country] KW: raw=15.8% → posterior=29.6% (n=6, shrink=0.11)
2026-03-25 15:26:59,892 - __main__ - INFO -      [trading_country] ZA: raw=29.0% → posterior=29.5% (n=36, shrink=0.78)
2026-03-25 15:26:59,893 - __main__ - INFO -      [trading_country] AU: raw=30.3% → posterior=29.1% (n=56, shrink=0.85)
2026-03-25 15:26:59,893 - __main__ - INFO -      [trading_country] RO: raw=-13.5% → posterior=28.6% (n=10, shrink=0.25)
2026-03-25 15:26:59,893 - __main__ - INFO -      [trading_country] IL: raw=-7.8% → posterior=28.3% (n=5, shrink=0.08)
2026-03-25 15:26:59,893 - __main__ - INFO -      [trading_country] AT: raw=17.3% → posterior=27.0% (n=22, shrink=0.62)
2026-03-25 15:26:59,893 - __main__ - INFO -      [trading_country] PL: raw=23.0% → posterior=26.1% (n=52, shrink=0.84)
2026-03-25 15:26:59,893 - __main__ - INFO -      [trading_country] IN: raw=23.3% → posterior=23.2% (n=209, shrink=0.95)
2026-03-25 15:26:59,893 - __main__ - INFO -      [trading_country] VN: raw=27.7% → posterior=22.9% (n=7, shrink=0.14)
2026-03-25 15:26:59,893 - __main__ - INFO -      [trading_country] NO: raw=20.6% → posterior=22.6% (n=99, shrink=0.91)
2026-03-25 15:26:59,893 - __main__ - INFO -      [trading_country] TH: raw=22.0% → posterior=22.1% (n=22, shrink=0.62)
2026-03-25 15:26:59,893 - __main__ - INFO -      [trading_country] PH: raw=19.0% → posterior=21.9% (n=5, shrink=0.08)
2026-03-25 15:26:59,893 - __main__ - INFO -      [trading_country] NZ: raw=15.6% → posterior=21.4% (n=6, shrink=0.11)
2026-03-25 15:26:59,893 - __main__ - INFO -      [trading_country] OM: raw=-7.4% → posterior=20.2% (n=11, shrink=0.29)
2026-03-25 15:26:59,893 - __main__ - INFO -      [trading_country] CN: raw=20.0% → posterior=20.0% (n=566, shrink=0.98)
2026-03-25 15:26:59,893 - __main__ - INFO -      [trading_country] MY: raw=17.9% → posterior=18.9% (n=30, shrink=0.75)
2026-03-25 15:26:59,893 - __main__ - INFO -      [trading_country] KR: raw=18.0% → posterior=18.4% (n=113, shrink=0.92)
2026-03-25 15:26:59,893 - __main__ - INFO -      [trading_country] SG: raw=11.2% → posterior=17.8% (n=14, shrink=0.40)
2026-03-25 15:26:59,893 - __main__ - INFO -      [trading_country] TW: raw=15.9% → posterior=16.4% (n=100, shrink=0.91)
2026-03-25 15:26:59,893 - __main__ - INFO -      [trading_country] NG: raw=-19.5% → posterior=14.8% (n=12, shrink=0.32)
2026-03-25 15:26:59,893 - __main__ - INFO -      [trading_country] JP: raw=14.5% → posterior=14.8% (n=362, shrink=0.97)
2026-03-25 15:26:59,894 - __main__ - INFO -      [exchange] AIM: raw=99.2% → posterior=95.2% (n=90, shrink=0.90)
2026-03-25 15:26:59,894 - __main__ - INFO -      [exchange] NasdaqGM: raw=81.5% → posterior=77.4% (n=103, shrink=0.91)
2026-03-25 15:26:59,894 - __main__ - INFO -      [exchange] NasdaqCM: raw=69.6% → posterior=65.3% (n=70, shrink=0.88)
2026-03-25 15:26:59,894 - __main__ - INFO -      [exchange] XTRA: raw=53.5% → posterior=53.4% (n=172, shrink=0.95)
2026-03-25 15:26:59,894 - __main__ - INFO -      [exchange] DB: raw=84.9% → posterior=52.1% (n=3, shrink=0.03)
2026-03-25 15:26:59,894 - __main__ - INFO -      [exchange] OM: raw=49.4% → posterior=49.3% (n=169, shrink=0.94)
2026-03-25 15:26:59,894 - __main__ - INFO -      [exchange] ENXTBR: raw=48.4% → posterior=47.2% (n=39, shrink=0.80)
2026-03-25 15:26:59,894 - __main__ - INFO -      [exchange] BIT: raw=44.9% → posterior=45.1% (n=105, shrink=0.91)
2026-03-25 15:26:59,894 - __main__ - INFO -      [exchange] LSE: raw=44.2% → posterior=44.9% (n=198, shrink=0.95)
2026-03-25 15:26:59,894 - __main__ - INFO -      [exchange] ISE: raw=30.6% → posterior=44.8% (n=4, shrink=0.05)
2026-03-25 15:26:59,894 - __main__ - INFO -      [exchange] ENXTPA: raw=41.8% → posterior=41.8% (n=157, shrink=0.94)
2026-03-25 15:26:59,894 - __main__ - INFO -      [exchange] ADX: raw=41.8% → posterior=40.6% (n=20, shrink=0.57)
2026-03-25 15:26:59,894 - __main__ - INFO -      [exchange] BMV: raw=41.0% → posterior=40.5% (n=42, shrink=0.81)
2026-03-25 15:26:59,894 - __main__ - INFO -      [exchange] IBSE: raw=40.7% → posterior=40.4% (n=51, shrink=0.84)
2026-03-25 15:26:59,894 - __main__ - INFO -      [exchange] LJSE: raw=-1.2% → posterior=40.1% (n=3, shrink=0.03)
2026-03-25 15:26:59,894 - __main__ - INFO -      [exchange] NasdaqGS: raw=39.7% → posterior=39.6% (n=622, shrink=0.98)
2026-03-25 15:26:59,894 - __main__ - INFO -      [exchange] BUSE: raw=-7.0% → posterior=39.5% (n=3, shrink=0.03)
2026-03-25 15:26:59,895 - __main__ - INFO -      [exchange] DFM: raw=38.5% → posterior=38.9% (n=11, shrink=0.29)
2026-03-25 15:26:59,895 - __main__ - INFO -      [exchange] ENXTAM: raw=36.9% → posterior=38.6% (n=51, shrink=0.84)
2026-03-25 15:26:59,895 - __main__ - INFO -      [exchange] SEP: raw=-0.6% → posterior=37.8% (n=4, shrink=0.05)
2026-03-25 15:26:59,895 - __main__ - INFO -      [exchange] CPSE: raw=37.5% → posterior=37.7% (n=34, shrink=0.77)
2026-03-25 15:26:59,895 - __main__ - INFO -      [exchange] NYSEAM: raw=64.6% → posterior=37.4% (n=5, shrink=0.08)
2026-03-25 15:26:59,895 - __main__ - INFO -      [exchange] CNSX: raw=89.1% → posterior=36.7% (n=3, shrink=0.03)
2026-03-25 15:26:59,895 - __main__ - INFO -      [exchange] IDX: raw=37.5% → posterior=36.5% (n=29, shrink=0.74)
2026-03-25 15:26:59,895 - __main__ - INFO -      [exchange] SEHK: raw=36.8% → posterior=36.0% (n=165, shrink=0.94)
2026-03-25 15:26:59,895 - __main__ - INFO -      [exchange] ZGSE: raw=10.0% → posterior=34.1% (n=7, shrink=0.14)
2026-03-25 15:26:59,895 - __main__ - INFO -      [exchange] TSXV: raw=59.0% → posterior=33.6% (n=8, shrink=0.18)
2026-03-25 15:26:59,895 - __main__ - INFO -      [exchange] DSM: raw=34.8% → posterior=33.3% (n=13, shrink=0.36)
2026-03-25 15:26:59,895 - __main__ - INFO -      [exchange] SASE: raw=33.1% → posterior=33.1% (n=70, shrink=0.88)
2026-03-25 15:26:59,895 - __main__ - INFO -      [exchange] BOVESPA: raw=31.6% → posterior=31.6% (n=118, shrink=0.92)
2026-03-25 15:26:59,895 - __main__ - INFO -      [exchange] CBSE: raw=33.9% → posterior=31.5% (n=4, shrink=0.05)
2026-03-25 15:26:59,895 - __main__ - INFO -      [exchange] BME: raw=31.2% → posterior=31.2% (n=53, shrink=0.84)
2026-03-25 15:26:59,895 - __main__ - INFO -      [exchange] BVL: raw=13.3% → posterior=31.1% (n=3, shrink=0.03)
2026-03-25 15:26:59,895 - __main__ - INFO -      [exchange] JSE: raw=29.0% → posterior=31.0% (n=36, shrink=0.78)
2026-03-25 15:26:59,895 - __main__ - INFO -      [exchange] SWX: raw=30.3% → posterior=30.5% (n=96, shrink=0.91)
2026-03-25 15:26:59,895 - __main__ - INFO -      [exchange] ASX: raw=30.3% → posterior=30.4% (n=56, shrink=0.85)
2026-03-25 15:26:59,896 - __main__ - INFO -      [exchange] ENXTLS: raw=14.7% → posterior=30.0% (n=11, shrink=0.29)
2026-03-25 15:26:59,896 - __main__ - INFO -      [exchange] CASE: raw=28.6% → posterior=29.6% (n=14, shrink=0.40)
2026-03-25 15:26:59,896 - __main__ - INFO -      [exchange] GHSE: raw=-13.2% → posterior=28.7% (n=3, shrink=0.03)
2026-03-25 15:26:59,896 - __main__ - INFO -      [exchange] ATSE: raw=26.2% → posterior=28.6% (n=16, shrink=0.46)
2026-03-25 15:26:59,896 - __main__ - INFO -      [exchange] HLSE: raw=28.4% → posterior=28.6% (n=79, shrink=0.89)
2026-03-25 15:26:59,896 - __main__ - INFO -      [exchange] KWSE: raw=15.8% → posterior=28.1% (n=6, shrink=0.11)
2026-03-25 15:26:59,897 - __main__ - INFO -      [exchange] BVC: raw=9.7% → posterior=28.0% (n=6, shrink=0.11)
2026-03-25 15:26:59,897 - __main__ - INFO -      [exchange] SNSE: raw=26.9% → posterior=27.8% (n=17, shrink=0.49)
2026-03-25 15:26:59,897 - __main__ - INFO -      [exchange] TSX: raw=27.7% → posterior=27.7% (n=189, shrink=0.95)
2026-03-25 15:26:59,897 - __main__ - INFO -      [exchange] TASE: raw=-7.8% → posterior=27.6% (n=5, shrink=0.08)
2026-03-25 15:26:59,897 - __main__ - INFO -      [exchange] NYSE: raw=25.7% → posterior=25.8% (n=889, shrink=0.99)
2026-03-25 15:26:59,897 - __main__ - INFO -      [exchange] NSEI: raw=25.1% → posterior=25.0% (n=150, shrink=0.94)
2026-03-25 15:26:59,897 - __main__ - INFO -      [exchange] OTCPK: raw=33.4% → posterior=24.3% (n=4, shrink=0.05)
2026-03-25 15:26:59,897 - __main__ - INFO -      [exchange] SGX: raw=11.2% → posterior=23.6% (n=14, shrink=0.40)
2026-03-25 15:26:59,897 - __main__ - INFO -      [exchange] HOSE: raw=27.7% → posterior=23.6% (n=7, shrink=0.14)
2026-03-25 15:26:59,897 - __main__ - INFO -      [exchange] WSE: raw=23.0% → posterior=23.6% (n=52, shrink=0.84)
2026-03-25 15:26:59,897 - __main__ - INFO -      [exchange] WBAG: raw=17.3% → posterior=22.0% (n=22, shrink=0.62)
2026-03-25 15:26:59,897 - __main__ - INFO -      [exchange] SET: raw=22.0% → posterior=22.0% (n=22, shrink=0.62)
2026-03-25 15:26:59,897 - __main__ - INFO -      [exchange] NZSE: raw=15.6% → posterior=21.7% (n=6, shrink=0.11)
2026-03-25 15:26:59,897 - __main__ - INFO -      [exchange] PSE: raw=19.0% → posterior=21.6% (n=5, shrink=0.08)
2026-03-25 15:26:59,897 - __main__ - INFO -      [exchange] SHSE: raw=21.3% → posterior=21.3% (n=299, shrink=0.97)
2026-03-25 15:26:59,897 - __main__ - INFO -      [exchange] BVB: raw=-13.5% → posterior=21.0% (n=10, shrink=0.25)
2026-03-25 15:26:59,898 - __main__ - INFO -      [exchange] OB: raw=20.6% → posterior=20.7% (n=99, shrink=0.91)
2026-03-25 15:26:59,898 - __main__ - INFO -      [exchange] KOSE: raw=19.7% → posterior=19.6% (n=98, shrink=0.91)
2026-03-25 15:26:59,898 - __main__ - INFO -      [exchange] BSE: raw=18.5% → posterior=19.3% (n=59, shrink=0.86)
2026-03-25 15:26:59,898 - __main__ - INFO -      [exchange] SZSE: raw=18.5% → posterior=18.7% (n=267, shrink=0.96)
2026-03-25 15:26:59,898 - __main__ - INFO -      [exchange] KLSE: raw=17.9% → posterior=18.1% (n=30, shrink=0.75)
2026-03-25 15:26:59,898 - __main__ - INFO -      [exchange] TWSE: raw=16.2% → posterior=16.2% (n=82, shrink=0.89)
2026-03-25 15:26:59,898 - __main__ - INFO -      [exchange] TPEX: raw=14.3% → posterior=15.3% (n=18, shrink=0.52)
2026-03-25 15:26:59,898 - __main__ - INFO -      [exchange] TSE: raw=14.5% → posterior=14.6% (n=362, shrink=0.97)
2026-03-25 15:26:59,898 - __main__ - INFO -      [exchange] KOSDAQ: raw=7.2% → posterior=13.6% (n=15, shrink=0.43)
2026-03-25 15:26:59,898 - __main__ - INFO -      [exchange] MSM: raw=-7.4% → posterior=12.2% (n=11, shrink=0.29)
2026-03-25 15:26:59,898 - __main__ - INFO -      [exchange] NGSE: raw=-19.5% → posterior=3.0% (n=12, shrink=0.32)
2026-03-25 15:26:59,898 - __main__ - INFO -      [unit] GBP: raw=61.6% → posterior=60.6% (n=286, shrink=0.97)
2026-03-25 15:26:59,899 - __main__ - INFO -      [unit] SEK: raw=48.1% → posterior=47.3% (n=170, shrink=0.94)
2026-03-25 15:26:59,899 - __main__ - INFO -      [unit] EUR: raw=41.4% → posterior=41.3% (n=728, shrink=0.99)
2026-03-25 15:26:59,899 - __main__ - INFO -      [unit] MXN: raw=41.0% → posterior=39.4% (n=42, shrink=0.81)
2026-03-25 15:26:59,899 - __main__ - INFO -      [unit] TRY: raw=40.7% → posterior=39.4% (n=51, shrink=0.84)
2026-03-25 15:26:59,899 - __main__ - INFO -      [unit] AED: raw=40.6% → posterior=38.7% (n=31, shrink=0.76)
2026-03-25 15:26:59,899 - __main__ - INFO -      [unit] HKD: raw=36.8% → posterior=36.5% (n=165, shrink=0.94)
2026-03-25 15:26:59,899 - __main__ - INFO -      [unit] DKK: raw=37.5% → posterior=36.4% (n=34, shrink=0.77)
2026-03-25 15:26:59,899 - __main__ - INFO -      [unit] IDR: raw=37.5% → posterior=36.2% (n=29, shrink=0.74)
2026-03-25 15:26:59,899 - __main__ - INFO -      [unit] USD: raw=36.2% → posterior=36.1% (n=1698, shrink=0.99)
2026-03-25 15:26:59,899 - __main__ - INFO -      [unit] QAR: raw=34.8% → posterior=33.4% (n=13, shrink=0.36)
2026-03-25 15:26:59,899 - __main__ - INFO -      [unit] SAR: raw=33.1% → posterior=33.0% (n=70, shrink=0.88)
2026-03-25 15:26:59,899 - __main__ - INFO -      [unit] MAD: raw=33.9% → posterior=32.6% (n=4, shrink=0.05)
2026-03-25 15:26:59,899 - __main__ - INFO -      [unit] VND: raw=27.7% → posterior=31.9% (n=7, shrink=0.14)
2026-03-25 15:26:59,899 - __main__ - INFO -      [unit] BRL: raw=31.6% → posterior=31.7% (n=118, shrink=0.92)
2026-03-25 15:26:59,899 - __main__ - INFO -      [unit] PHP: raw=19.0% → posterior=31.5% (n=5, shrink=0.08)
2026-03-25 15:26:59,899 - __main__ - INFO -      [unit] HUF: raw=-7.0% → posterior=31.4% (n=3, shrink=0.03)
2026-03-25 15:26:59,899 - __main__ - INFO -      [unit] GHS: raw=-13.2% → posterior=31.2% (n=3, shrink=0.03)
2026-03-25 15:26:59,899 - __main__ - INFO -      [unit] EGP: raw=28.6% → posterior=31.0% (n=14, shrink=0.40)
2026-03-25 15:26:59,899 - __main__ - INFO -      [unit] CZK: raw=-0.6% → posterior=30.9% (n=4, shrink=0.05)
2026-03-25 15:26:59,899 - __main__ - INFO -      [unit] KWD: raw=15.8% → posterior=30.8% (n=6, shrink=0.11)
2026-03-25 15:26:59,899 - __main__ - INFO -      [unit] NZD: raw=15.6% → posterior=30.8% (n=6, shrink=0.11)
2026-03-25 15:26:59,899 - __main__ - INFO -      [unit] AUD: raw=30.3% → posterior=30.6% (n=56, shrink=0.85)
2026-03-25 15:26:59,900 - __main__ - INFO -      [unit] CHF: raw=30.3% → posterior=30.5% (n=96, shrink=0.91)
2026-03-25 15:26:59,900 - __main__ - INFO -      [unit] CAD: raw=30.0% → posterior=30.2% (n=201, shrink=0.95)
2026-03-25 15:26:59,900 - __main__ - INFO -      [unit] COP: raw=9.7% → posterior=30.1% (n=6, shrink=0.11)
2026-03-25 15:26:59,900 - __main__ - INFO -      [unit] ZAR: raw=29.0% → posterior=29.8% (n=36, shrink=0.78)
2026-03-25 15:26:59,900 - __main__ - INFO -      [unit] CLP: raw=26.9% → posterior=29.8% (n=17, shrink=0.49)
2026-03-25 15:26:59,900 - __main__ - INFO -      [unit] ILS: raw=-7.8% → posterior=29.5% (n=5, shrink=0.08)
2026-03-25 15:26:59,900 - __main__ - INFO -      [unit] THB: raw=22.0% → posterior=26.1% (n=22, shrink=0.62)
2026-03-25 15:26:59,900 - __main__ - INFO -      [unit] SGD: raw=10.5% → posterior=25.4% (n=12, shrink=0.32)
2026-03-25 15:26:59,900 - __main__ - INFO -      [unit] PLN: raw=23.0% → posterior=24.5% (n=52, shrink=0.84)
2026-03-25 15:26:59,900 - __main__ - INFO -      [unit] INR: raw=23.3% → posterior=23.7% (n=209, shrink=0.95)
2026-03-25 15:26:59,900 - __main__ - INFO -      [unit] NOK: raw=20.6% → posterior=21.7% (n=99, shrink=0.91)
2026-03-25 15:26:59,900 - __main__ - INFO -      [unit] MYR: raw=17.9% → posterior=21.6% (n=30, shrink=0.75)
2026-03-25 15:26:59,900 - __main__ - INFO -      [unit] OMR: raw=-7.4% → posterior=21.1% (n=11, shrink=0.29)
2026-03-25 15:26:59,900 - __main__ - INFO -      [unit] RON: raw=-13.5% → posterior=21.0% (n=10, shrink=0.25)
2026-03-25 15:26:59,900 - __main__ - INFO -      [unit] CNY: raw=20.0% → posterior=20.2% (n=566, shrink=0.98)
2026-03-25 15:26:59,900 - __main__ - INFO -      [unit] KRW: raw=18.0% → posterior=19.2% (n=113, shrink=0.92)
2026-03-25 15:26:59,900 - __main__ - INFO -      [unit] TWD: raw=15.9% → posterior=17.4% (n=100, shrink=0.91)
2026-03-25 15:26:59,900 - __main__ - INFO -      [unit] NGN: raw=-19.5% → posterior=15.7% (n=12, shrink=0.32)
2026-03-25 15:26:59,900 - __main__ - INFO -      [unit] JPY: raw=14.5% → posterior=15.0% (n=362, shrink=0.97)
2026-03-25 15:26:59,901 - __main__ - INFO -      [sector] Health Care: raw=55.4% → posterior=55.1% (n=720, shrink=0.99)
2026-03-25 15:26:59,901 - __main__ - INFO -      [sector] Consumer Discretionary: raw=39.5% → posterior=39.6% (n=795, shrink=0.99)
2026-03-25 15:26:59,901 - __main__ - INFO -      [sector] Information Technology: raw=33.7% → posterior=33.6% (n=847, shrink=0.99)
2026-03-25 15:26:59,901 - __main__ - INFO -      [sector] Communication Services: raw=33.8% → posterior=33.4% (n=243, shrink=0.96)
2026-03-25 15:26:59,901 - __main__ - INFO -      [sector] Materials: raw=29.1% → posterior=29.0% (n=601, shrink=0.98)
2026-03-25 15:26:59,901 - __main__ - INFO -      [sector] Consumer Staples: raw=28.2% → posterior=28.1% (n=501, shrink=0.98)
2026-03-25 15:26:59,901 - __main__ - INFO -      [sector] Industrials: raw=27.2% → posterior=27.3% (n=1252, shrink=0.99)
2026-03-25 15:26:59,901 - __main__ - INFO -      [sector] Utilities: raw=12.0% → posterior=12.4% (n=233, shrink=0.96)
2026-03-25 15:26:59,901 - __main__ - INFO -      [sector] Energy: raw=9.5% → posterior=10.2% (n=323, shrink=0.97)
2026-03-25 15:26:59,902 - __main__ - INFO -      [industry] Biotechnology: raw=83.2% → posterior=81.9% (n=205, shrink=0.95)
2026-03-25 15:26:59,902 - __main__ - INFO -      [industry] Software: raw=63.5% → posterior=62.2% (n=216, shrink=0.96)
2026-03-25 15:26:59,902 - __main__ - INFO -      [industry] Professional Services: raw=59.2% → posterior=56.0% (n=88, shrink=0.90)
2026-03-25 15:26:59,902 - __main__ - INFO -      [industry] Health Care Technology: raw=53.9% → posterior=54.3% (n=28, shrink=0.72)
2026-03-25 15:26:59,902 - __main__ - INFO -      [industry] Life Sciences Tools and Services: raw=52.6% → posterior=53.0% (n=65, shrink=0.87)
2026-03-25 15:26:59,902 - __main__ - INFO -      [industry] Interactive Media and Services: raw=54.6% → posterior=50.8% (n=46, shrink=0.82)
2026-03-25 15:26:59,902 - __main__ - INFO -      [industry] Leisure Products: raw=49.6% → posterior=47.0% (n=29, shrink=0.74)
2026-03-25 15:26:59,902 - __main__ - INFO -      [industry] Pharmaceuticals: raw=46.5% → posterior=46.9% (n=171, shrink=0.94)
2026-03-25 15:26:59,902 - __main__ - INFO -      [industry] Entertainment: raw=47.8% → posterior=46.2% (n=80, shrink=0.89)
2026-03-25 15:26:59,902 - __main__ - INFO -      [industry] Health Care Equipment and Supplies: raw=44.7% → posterior=45.5% (n=123, shrink=0.92)
2026-03-25 15:26:59,902 - __main__ - INFO -      [industry] Hotels Restaurants and Leisure: raw=44.5% → posterior=44.2% (n=163, shrink=0.94)
2026-03-25 15:26:59,902 - __main__ - INFO -      [industry] Media: raw=46.0% → posterior=43.8% (n=70, shrink=0.88)
2026-03-25 15:26:59,902 - __main__ - INFO -      [industry] IT Services: raw=43.3% → posterior=42.5% (n=106, shrink=0.91)
2026-03-25 15:26:59,902 - __main__ - INFO -      [industry] Distributors: raw=45.9% → posterior=41.4% (n=11, shrink=0.29)
2026-03-25 15:26:59,902 - __main__ - INFO -      [industry] Specialty Retail: raw=41.1% → posterior=41.0% (n=155, shrink=0.94)
2026-03-25 15:26:59,902 - __main__ - INFO -      [industry] Household Durables: raw=39.8% → posterior=39.8% (n=107, shrink=0.91)
2026-03-25 15:26:59,902 - __main__ - INFO -      [industry] Automobile Components: raw=38.4% → posterior=38.5% (n=112, shrink=0.92)
2026-03-25 15:26:59,902 - __main__ - INFO -      [industry] Health Care Providers and Services: raw=35.1% → posterior=36.5% (n=128, shrink=0.93)
2026-03-25 15:26:59,902 - __main__ - INFO -      [industry] Metals and Mining: raw=36.7% → posterior=36.4% (n=262, shrink=0.96)
2026-03-25 15:26:59,902 - __main__ - INFO -      [industry] Textiles Apparel and Luxury Goods: raw=35.6% → posterior=36.1% (n=67, shrink=0.87)
2026-03-25 15:26:59,903 - __main__ - INFO -      [industry] Broadline Retail: raw=33.6% → posterior=34.6% (n=47, shrink=0.82)
2026-03-25 15:26:59,903 - __main__ - INFO -      [industry] Commercial Services and Supplies: raw=35.2% → posterior=34.4% (n=87, shrink=0.90)
2026-03-25 15:26:59,903 - __main__ - INFO -      [industry] Diversified Consumer Services: raw=33.1% → posterior=34.3% (n=44, shrink=0.81)
2026-03-25 15:26:59,903 - __main__ - INFO -      [industry] Passenger Airlines: raw=34.3% → posterior=32.9% (n=40, shrink=0.80)
2026-03-25 15:26:59,903 - __main__ - INFO -      [industry] Automobiles: raw=31.4% → posterior=32.6% (n=60, shrink=0.86)
2026-03-25 15:26:59,903 - __main__ - INFO -      [industry] Building Products: raw=33.1% → posterior=32.4% (n=70, shrink=0.88)
2026-03-25 15:26:59,903 - __main__ - INFO -      [industry] Personal Care Products: raw=31.8% → posterior=31.1% (n=41, shrink=0.80)
2026-03-25 15:26:59,903 - __main__ - INFO -      [industry] Trading Companies and Distributors: raw=31.0% → posterior=30.5% (n=72, shrink=0.88)
2026-03-25 15:26:59,903 - __main__ - INFO -      [industry] Paper and Forest Products: raw=30.8% → posterior=30.2% (n=24, shrink=0.66)
2026-03-25 15:26:59,903 - __main__ - INFO -      [industry] Construction Materials: raw=29.5% → posterior=29.5% (n=53, shrink=0.84)
2026-03-25 15:26:59,903 - __main__ - INFO -      [industry] Technology Hardware Storage and Peripherals: raw=26.8% → posterior=27.8% (n=60, shrink=0.86)
2026-03-25 15:26:59,903 - __main__ - INFO -      [industry] Containers and Packaging: raw=27.2% → posterior=27.6% (n=33, shrink=0.77)
2026-03-25 15:26:59,903 - __main__ - INFO -      [industry] Consumer Staples Distribution and Retail: raw=27.3% → posterior=27.4% (n=98, shrink=0.91)
2026-03-25 15:26:59,903 - __main__ - INFO -      [industry] Beverages: raw=26.0% → posterior=26.3% (n=73, shrink=0.88)
2026-03-25 15:26:59,903 - __main__ - INFO -      [industry] Industrial Conglomerates: raw=25.8% → posterior=26.1% (n=47, shrink=0.82)
2026-03-25 15:26:59,903 - __main__ - INFO -      [industry] Ground Transportation: raw=25.7% → posterior=25.9% (n=72, shrink=0.88)
2026-03-25 15:26:59,903 - __main__ - INFO -      [industry] Aerospace and Defense: raw=25.4% → posterior=25.6% (n=95, shrink=0.90)
2026-03-25 15:26:59,903 - __main__ - INFO -      [industry] Tobacco: raw=16.6% → posterior=24.8% (n=11, shrink=0.29)
2026-03-25 15:26:59,903 - __main__ - INFO -      [industry] Machinery: raw=24.3% → posterior=24.5% (n=267, shrink=0.96)
2026-03-25 15:26:59,903 - __main__ - INFO -      [industry] Food Products: raw=24.0% → posterior=24.2% (n=189, shrink=0.95)
2026-03-25 15:26:59,903 - __main__ - INFO -      [industry] Electronic Equipment Instruments and Components: raw=23.1% → posterior=23.6% (n=205, shrink=0.95)
2026-03-25 15:26:59,903 - __main__ - INFO -      [industry] Household Products: raw=16.7% → posterior=21.9% (n=19, shrink=0.55)
2026-03-25 15:26:59,903 - __main__ - INFO -      [industry] Air Freight and Logistics: raw=19.9% → posterior=21.5% (n=36, shrink=0.78)
2026-03-25 15:26:59,904 - __main__ - INFO -      [industry] Transportation Infrastructure: raw=20.3% → posterior=21.5% (n=48, shrink=0.83)
2026-03-25 15:26:59,904 - __main__ - INFO -      [industry] Electrical Equipment: raw=21.1% → posterior=21.4% (n=178, shrink=0.95)
2026-03-25 15:26:59,904 - __main__ - INFO -      [industry] Communications Equipment: raw=19.0% → posterior=21.4% (n=52, shrink=0.84)
2026-03-25 15:26:59,904 - __main__ - INFO -      [industry] Chemicals: raw=20.4% → posterior=20.8% (n=229, shrink=0.96)
2026-03-25 15:26:59,904 - __main__ - INFO -      [industry] Construction and Engineering: raw=19.6% → posterior=20.2% (n=119, shrink=0.92)
2026-03-25 15:26:59,904 - __main__ - INFO -      [industry] Diversified Telecommunication Services: raw=17.9% → posterior=19.7% (n=76, shrink=0.88)
2026-03-25 15:26:59,904 - __main__ - INFO -      [industry] Wireless Telecommunication Services: raw=12.7% → posterior=16.8% (n=41, shrink=0.80)
2026-03-25 15:26:59,904 - __main__ - INFO -      [industry] Multi-Utilities: raw=15.9% → posterior=15.1% (n=32, shrink=0.76)
2026-03-25 15:26:59,904 - __main__ - INFO -      [industry] Semiconductors and Semiconductor Equipment: raw=14.0% → posterior=14.9% (n=208, shrink=0.95)
2026-03-25 15:26:59,904 - __main__ - INFO -      [industry] Independent Power and Renewable Electricity Producers: raw=14.9% → posterior=14.6% (n=69, shrink=0.87)
2026-03-25 15:26:59,904 - __main__ - INFO -      [industry] Water Utilities: raw=12.6% → posterior=12.5% (n=18, shrink=0.52)
2026-03-25 15:26:59,904 - __main__ - INFO -      [industry] Gas Utilities: raw=9.8% → posterior=10.4% (n=34, shrink=0.77)
2026-03-25 15:26:59,904 - __main__ - INFO -      [industry] Oil Gas and Consumable Fuels: raw=10.1% → posterior=10.1% (n=252, shrink=0.96)
2026-03-25 15:26:59,904 - __main__ - INFO -      [industry] Electric Utilities: raw=8.7% → posterior=9.1% (n=80, shrink=0.89)
2026-03-25 15:26:59,904 - __main__ - INFO -      [industry] Marine Transportation: raw=3.2% → posterior=8.8% (n=33, shrink=0.77)
2026-03-25 15:26:59,904 - __main__ - INFO -      [industry] Energy Equipment and Services: raw=7.3% → posterior=7.6% (n=71, shrink=0.88)
2026-03-25 15:26:59,906 - __main__ - INFO -      [style_class] Core: raw=33.9% → posterior=33.9% (n=3201, shrink=1.00)
2026-03-25 15:26:59,906 - __main__ - INFO -      [style_class] Growth: raw=32.1% → posterior=32.1% (n=732, shrink=0.99)
2026-03-25 15:26:59,906 - __main__ - INFO -      [style_class] Value: raw=30.0% → posterior=30.0% (n=1582, shrink=0.99)
2026-03-25 15:26:59,906 - __main__ - INFO -      [size_class] Small Cap: raw=44.2% → posterior=44.2% (n=2851, shrink=1.00)
2026-03-25 15:26:59,906 - __main__ - INFO -      [size_class] Mid Cap: raw=21.2% → posterior=21.3% (n=1584, shrink=0.99)
2026-03-25 15:26:59,906 - __main__ - INFO -      [size_class] Large Cap: raw=18.5% → posterior=18.6% (n=1080, shrink=0.99)
2026-03-25 15:26:59,907 - __main__ - INFO -      Containers and Packaging: MC mean=27.2%, consensus=79%, risk-adj=1.35
2026-03-25 15:26:59,907 - __main__ - INFO -      Biotechnology: MC mean=83.2%, consensus=78%, risk-adj=1.06
2026-03-25 15:26:59,907 - __main__ - INFO -      Gas Utilities: MC mean=9.8%, consensus=76%, risk-adj=0.76
2026-03-25 15:26:59,907 - __main__ - INFO -      Paper and Forest Products: MC mean=30.8%, consensus=75%, risk-adj=1.41
2026-03-25 15:26:59,907 - __main__ - INFO -      Metals and Mining: MC mean=36.7%, consensus=73%, risk-adj=0.77
2026-03-25 15:26:59,907 - __main__ - INFO -      Entertainment: MC mean=47.8%, consensus=72%, risk-adj=1.23
2026-03-25 15:26:59,907 - __main__ - INFO -      Water Utilities: MC mean=12.6%, consensus=72%, risk-adj=1.26
2026-03-25 15:26:59,907 - __main__ - INFO -      Construction Materials: MC mean=29.5%, consensus=72%, risk-adj=0.96
2026-03-25 15:26:59,907 - __main__ - INFO -      Automobiles: MC mean=31.4%, consensus=72%, risk-adj=1.67
2026-03-25 15:26:59,907 - __main__ - INFO -      Media: MC mean=46.0%, consensus=70%, risk-adj=0.92
2026-03-25 15:26:59,907 - __main__ - INFO -      Life Sciences Tools and Services: MC mean=52.6%, consensus=69%, risk-adj=1.00
2026-03-25 15:26:59,907 - __main__ - INFO -      Pharmaceuticals: MC mean=46.5%, consensus=68%, risk-adj=0.86
2026-03-25 15:26:59,907 - __main__ - INFO -      Specialty Retail: MC mean=41.1%, consensus=68%, risk-adj=0.81
2026-03-25 15:26:59,907 - __main__ - INFO -      Passenger Airlines: MC mean=34.3%, consensus=68%, risk-adj=2.11
2026-03-25 15:26:59,907 - __main__ - INFO -      Health Care Equipment and Supplies: MC mean=44.7%, consensus=67%, risk-adj=1.07
2026-03-25 15:26:59,907 - __main__ - INFO -      Independent Power and Renewable Electricity Producers: MC mean=14.9%, consensus=67%, risk-adj=0.66
2026-03-25 15:26:59,907 - __main__ - INFO -      Industrial Conglomerates: MC mean=25.8%, consensus=66%, risk-adj=1.31
2026-03-25 15:26:59,907 - __main__ - INFO -      Leisure Products: MC mean=49.6%, consensus=66%, risk-adj=0.49
2026-03-25 15:26:59,907 - __main__ - INFO -      Chemicals: MC mean=20.4%, consensus=65%, risk-adj=0.61
2026-03-25 15:26:59,908 - __main__ - INFO -      Automobile Components: MC mean=38.4%, consensus=64%, risk-adj=0.88
2026-03-25 15:26:59,908 - __main__ - INFO -      Broadline Retail: MC mean=33.6%, consensus=64%, risk-adj=1.16
2026-03-25 15:26:59,908 - __main__ - INFO -      Tobacco: MC mean=16.6%, consensus=64%, risk-adj=1.02
2026-03-25 15:26:59,908 - __main__ - INFO -      Distributors: MC mean=45.9%, consensus=64%, risk-adj=2.21
2026-03-25 15:26:59,908 - __main__ - INFO -      Household Durables: MC mean=39.8%, consensus=64%, risk-adj=1.31
2026-03-25 15:26:59,908 - __main__ - INFO -      Consumer Staples Distribution and Retail: MC mean=27.3%, consensus=63%, risk-adj=0.91
2026-03-25 15:26:59,908 - __main__ - INFO -      Household Products: MC mean=16.7%, consensus=63%, risk-adj=0.79
2026-03-25 15:26:59,908 - __main__ - INFO -      Interactive Media and Services: MC mean=54.6%, consensus=63%, risk-adj=1.18
2026-03-25 15:26:59,908 - __main__ - INFO -      Building Products: MC mean=33.1%, consensus=63%, risk-adj=1.32
2026-03-25 15:26:59,908 - __main__ - INFO -      Software: MC mean=63.5%, consensus=62%, risk-adj=1.28
2026-03-25 15:26:59,908 - __main__ - INFO -      Health Care Providers and Services: MC mean=35.1%, consensus=62%, risk-adj=1.03
2026-03-25 15:26:59,908 - __main__ - INFO -      Health Care Technology: MC mean=53.9%, consensus=61%, risk-adj=1.02
2026-03-25 15:26:59,908 - __main__ - INFO -      Food Products: MC mean=24.0%, consensus=60%, risk-adj=0.96
2026-03-25 15:26:59,908 - __main__ - INFO -      Electric Utilities: MC mean=8.7%, consensus=60%, risk-adj=0.53
2026-03-25 15:26:59,908 - __main__ - INFO -      Aerospace and Defense: MC mean=25.4%, consensus=60%, risk-adj=0.84
2026-03-25 15:26:59,908 - __main__ - INFO -      Textiles Apparel and Luxury Goods: MC mean=35.6%, consensus=60%, risk-adj=1.05
2026-03-25 15:26:59,908 - __main__ - INFO -      Multi-Utilities: MC mean=15.9%, consensus=59%, risk-adj=0.65
2026-03-25 15:26:59,908 - __main__ - INFO -      Diversified Consumer Services: MC mean=33.1%, consensus=59%, risk-adj=1.41
2026-03-25 15:26:59,908 - __main__ - INFO -      Machinery: MC mean=24.3%, consensus=59%, risk-adj=1.19
2026-03-25 15:26:59,908 - __main__ - INFO -      Personal Care Products: MC mean=31.8%, consensus=59%, risk-adj=1.22
2026-03-25 15:26:59,908 - __main__ - INFO -      Air Freight and Logistics: MC mean=19.9%, consensus=58%, risk-adj=0.95
2026-03-25 15:26:59,908 - __main__ - INFO -      Commercial Services and Supplies: MC mean=35.2%, consensus=57%, risk-adj=0.80
2026-03-25 15:26:59,908 - __main__ - INFO -      Transportation Infrastructure: MC mean=20.3%, consensus=56%, risk-adj=0.86
2026-03-25 15:26:59,908 - __main__ - INFO -      Diversified Telecommunication Services: MC mean=17.9%, consensus=55%, risk-adj=0.59
2026-03-25 15:26:59,908 - __main__ - INFO -      Hotels Restaurants and Leisure: MC mean=44.5%, consensus=55%, risk-adj=1.03
2026-03-25 15:26:59,909 - __main__ - INFO -      Construction and Engineering: MC mean=19.6%, consensus=54%, risk-adj=0.92
2026-03-25 15:26:59,909 - __main__ - INFO -      IT Services: MC mean=43.3%, consensus=54%, risk-adj=1.19
2026-03-25 15:26:59,909 - __main__ - INFO -      Wireless Telecommunication Services: MC mean=12.7%, consensus=54%, risk-adj=0.77
2026-03-25 15:26:59,909 - __main__ - INFO -      Professional Services: MC mean=59.2%, consensus=53%, risk-adj=1.03
2026-03-25 15:26:59,909 - __main__ - INFO -      Ground Transportation: MC mean=25.7%, consensus=53%, risk-adj=0.78
2026-03-25 15:26:59,909 - __main__ - INFO -      Technology Hardware Storage and Peripherals: MC mean=26.8%, consensus=52%, risk-adj=1.05
2026-03-25 15:26:59,909 - __main__ - INFO -      Trading Companies and Distributors: MC mean=31.0%, consensus=50%, risk-adj=0.96
2026-03-25 15:26:59,909 - __main__ - INFO -      Electronic Equipment Instruments and Components: MC mean=23.1%, consensus=50%, risk-adj=0.82
2026-03-25 15:26:59,909 - __main__ - INFO -      Beverages: MC mean=26.0%, consensus=47%, risk-adj=1.05
2026-03-25 15:26:59,909 - __main__ - INFO -      Energy Equipment and Services: MC mean=7.3%, consensus=44%, risk-adj=0.37
2026-03-25 15:26:59,909 - __main__ - INFO -      Oil Gas and Consumable Fuels: MC mean=10.1%, consensus=42%, risk-adj=0.27
2026-03-25 15:26:59,909 - __main__ - INFO -      Marine Transportation: MC mean=3.2%, consensus=42%, risk-adj=0.19
2026-03-25 15:26:59,909 - __main__ - INFO -      Electrical Equipment: MC mean=21.1%, consensus=42%, risk-adj=0.57
2026-03-25 15:26:59,909 - __main__ - INFO -      Semiconductors and Semiconductor Equipment: MC mean=14.0%, consensus=41%, risk-adj=0.49
2026-03-25 15:26:59,909 - __main__ - INFO -      Communications Equipment: MC mean=19.0%, consensus=35%, risk-adj=0.52
2026-03-25 15:26:59,909 - __main__ - INFO -   ⏱ Step 7 completed in 1.0s
2026-03-25 15:26:59,909 - __main__ - INFO - 
2026-03-25 15:26:59,909 - __main__ - INFO - 🔀 Step 7a: Parallel MCMC return analysis...
2026-03-25 15:26:59,909 - __main__ - INFO - --------------------------------------------------------------------------------
2026-03-25 15:27:05,157 - __main__ - INFO - Parallel MCMC: R̂=1.0000, converged=True, posterior mean=32.47
2026-03-25 15:27:05,158 - __main__ - INFO -   R̂=1.0000, converged=True, posterior mean=32.47
2026-03-25 15:27:06,168 - __main__ - INFO -    ✓ er_mcse_convergence.html
2026-03-25 15:27:06,168 - __main__ - INFO -   ⏱ Step 7a completed in 6.3s
2026-03-25 15:27:06,168 - __main__ - INFO - 
2026-03-25 15:27:06,168 - __main__ - INFO - 🧮 Step 7b: Per-category Bayesian probability analytics...
2026-03-25 15:27:06,168 - __main__ - INFO - --------------------------------------------------------------------------------
2026-03-25 15:27:06,221 - root - INFO - Loaded view category mapping from DB: 17 views, 689 total features
2026-03-25 15:27:06,222 - __main__ - INFO -   Feature categories from 17 views → 17 categories, 689 total features
2026-03-25 15:39:45,092 - __main__ - INFO - Category Analyst Sentiment: 26 features analyzed (parallel)
2026-03-25 15:39:45,092 - __main__ - INFO - Category Balance Sheet: 58 features analyzed (parallel)
2026-03-25 15:39:45,092 - __main__ - INFO - Category Cash Flow: 81 features analyzed (parallel)
2026-03-25 15:39:45,092 - __main__ - INFO - Category Composite Scores: 30 features analyzed (parallel)
2026-03-25 15:39:45,093 - __main__ - INFO - Category Cost Structure: 43 features analyzed (parallel)
2026-03-25 15:39:45,093 - __main__ - INFO - Category Dividend Features: 26 features analyzed (parallel)
2026-03-25 15:39:45,093 - __main__ - INFO - Category Earnings Quality: 68 features analyzed (parallel)
2026-03-25 15:39:45,093 - __main__ - INFO - Category Employment Metrics: 17 features analyzed (parallel)
2026-03-25 15:39:45,093 - __main__ - INFO - Category Growth Metrics: 62 features analyzed (parallel)
2026-03-25 15:39:45,093 - __main__ - INFO - Category Leverage & Liquidity: 71 features analyzed (parallel)
2026-03-25 15:39:45,093 - __main__ - INFO - Category Momentum: 21 features analyzed (parallel)
2026-03-25 15:39:45,093 - __main__ - INFO - Category Profitability: 68 features analyzed (parallel)
2026-03-25 15:39:45,093 - __main__ - INFO - Category Quality & Risk: 44 features analyzed (parallel)
2026-03-25 15:39:45,093 - __main__ - INFO - Category Technical Analysis: 11 features analyzed (parallel)
2026-03-25 15:39:45,093 - __main__ - INFO - Category Temporal Features: 16 features analyzed (parallel)
2026-03-25 15:39:45,093 - __main__ - INFO - Category Unusual Items: 9 features analyzed (parallel)
2026-03-25 15:39:45,093 - __main__ - INFO - Category Valuation Ratios: 38 features analyzed (parallel)
2026-03-25 15:39:48,990 - __main__ - INFO - Category analytics cached → 473c95112c8a7dfd007e08ba277a1759.pkl
2026-03-25 15:39:48,990 - __main__ - INFO -   ✓ Analyzed 17 categories
2026-03-25 15:39:48,990 - __main__ - INFO -     Analyst Sentiment: 26 features — 26 posteriors
2026-03-25 15:39:48,990 - __main__ - INFO -     Balance Sheet: 58 features — 58 posteriors
2026-03-25 15:39:48,990 - __main__ - INFO -     Cash Flow: 81 features — 81 posteriors
2026-03-25 15:39:48,990 - __main__ - INFO -     Composite Scores: 30 features — 30 posteriors
2026-03-25 15:39:48,990 - __main__ - INFO -     Cost Structure: 43 features — 43 posteriors
2026-03-25 15:39:48,990 - __main__ - INFO -     Dividend Features: 26 features — 26 posteriors
2026-03-25 15:39:48,990 - __main__ - INFO -     Earnings Quality: 68 features — 68 posteriors
2026-03-25 15:39:48,990 - __main__ - INFO -     Employment Metrics: 17 features — 17 posteriors
2026-03-25 15:39:48,990 - __main__ - INFO -     Growth Metrics: 62 features — 62 posteriors
2026-03-25 15:39:48,990 - __main__ - INFO -     Leverage & Liquidity: 71 features — 71 posteriors
2026-03-25 15:39:48,990 - __main__ - INFO -     Momentum: 21 features — 21 posteriors
2026-03-25 15:39:48,990 - __main__ - INFO -     Profitability: 68 features — 68 posteriors
2026-03-25 15:39:48,990 - __main__ - INFO -     Quality & Risk: 44 features — 44 posteriors
2026-03-25 15:39:48,990 - __main__ - INFO -     Technical Analysis: 11 features — 11 posteriors
2026-03-25 15:39:48,990 - __main__ - INFO -     Temporal Features: 16 features — 16 posteriors
2026-03-25 15:39:48,990 - __main__ - INFO -     Unusual Items: 9 features — 9 posteriors
2026-03-25 15:39:48,990 - __main__ - INFO -     Valuation Ratios: 38 features — 38 posteriors
2026-03-25 15:39:48,990 - __main__ - INFO -   ⏱ Step 7b completed in 762.8s
2026-03-25 15:39:48,990 - __main__ - INFO - 
2026-03-25 15:39:48,991 - __main__ - INFO - 🧪 Step 8: Building InferenceData (ArviZ)...
2026-03-25 15:39:48,991 - __main__ - INFO - --------------------------------------------------------------------------------
2026-03-25 15:39:50,788 - __main__ - INFO -    ✓ MC InferenceData: 25000 draws, 5515 equities
2026-03-25 15:40:01,870 - finance_ml.analytics.inference_schema - INFO - Built InferenceData: 8 chains × 4000 draws × 6358 equities
2026-03-25 15:40:50,397 - __main__ - INFO -    ✓ Beat InferenceData: 8 chains × 4000 draws
2026-03-25 15:41:47,213 - __main__ - INFO -    ✓ Credit Risk InferenceData: 6358 equities
2026-03-25 15:41:47,214 - __main__ - INFO -    ✓ EquityCoordinates: 6358 tickers, 6358 sectors
2026-03-25 15:41:47,214 - __main__ - INFO -    Building per-view feature InferenceData...
2026-03-25 15:41:47,571 - __main__ - INFO - 
2026-03-25 15:41:47,571 - __main__ - INFO -   ⏱ Step 8 completed in 118.6s
2026-03-25 15:41:47,576 - __main__ - INFO -   ✓ Enriched df (mv_equities) with 8 viz-critical columns
2026-03-25 15:41:47,580 - __main__ - INFO -   ✓ Enriched beat with 1 viz-critical columns
2026-03-25 15:41:47,584 - __main__ - INFO -   ⚠️ Viz column coverage gaps after enrichment: {'create_distress_early_warning_dashboard': ['distress_probability', 'survival_probability', 'ruin_probability']}
2026-03-25 15:41:47,584 - __main__ - INFO - 
2026-03-25 15:41:47,584 - __main__ - INFO - 📈 Step 9: Generating visualizations...
2026-03-25 15:41:47,584 - __main__ - INFO - --------------------------------------------------------------------------------
2026-03-25 15:41:49,652 - __main__ - INFO -    ✓ er_mc_distribution.html
2026-03-25 15:41:49,823 - __main__ - INFO -    ✓ er_sector_risk_reward.html
2026-03-25 15:41:49,868 - __main__ - INFO -    ✓ er_var_analysis.html
2026-03-25 15:41:49,900 - __main__ - INFO -    ✓ er_posterior_return_forest.html
2026-03-25 15:41:50,026 - __main__ - INFO -    ✓ er_kalman_vs_raw.html
2026-03-25 15:41:50,063 - __main__ - INFO -    ✓ er_tri_model_agreement.html
2026-03-25 15:41:50,110 - __main__ - INFO -    ✓ er_sector_heatmap.html
2026-03-25 15:41:50,133 - __main__ - INFO -    ✓ er_strong_consensus.html
2026-03-25 15:41:50,399 - __main__ - INFO -    ✓ er_tri_model_posterior.html
2026-03-25 15:41:50,458 - __main__ - INFO -    ✓ er_beat_vs_achievement.html
2026-03-25 15:41:50,552 - __main__ - INFO -    ✓ er_beat_probability_posterior.html
2026-03-25 15:41:50,622 - __main__ - INFO -    ✓ er_earnings_probability_dashboard.html
2026-03-25 15:41:50,725 - __main__ - INFO -    ✓ er_revision_momentum.html
2026-03-25 15:41:50,827 - __main__ - INFO -    ✓ er_gaap_divergence.html
2026-03-25 15:41:50,895 - __main__ - INFO -    ✓ er_enhanced_beat_probability.html
2026-03-25 15:41:51,055 - __main__ - INFO -    ✓ er_quality_risk_quadrant.html
2026-03-25 15:41:51,108 - __main__ - INFO -    ✓ er_distress_early_warning.html
2026-03-25 15:41:51,136 - __main__ - INFO -    ✓ er_piotroski_fscore.html
2026-03-25 15:41:51,263 - __main__ - INFO -    ✓ er_altman_zscore.html
2026-03-25 15:41:51,297 - __main__ - INFO -    ✓ er_beneish_mscore.html
2026-03-25 15:41:51,378 - __main__ - INFO -    ✓ er_accounting_anomaly_dashboard.html
2026-03-25 15:41:51,485 - __main__ - INFO -    ✓ er_anomaly_severity_dashboard.html
2026-03-25 15:41:51,542 - __main__ - INFO -    ✓ er_anomaly_conditional_probability.html
2026-03-25 15:41:51,597 - __main__ - INFO -    ✓ er_mcmc_anomaly_posterior.html
2026-03-25 15:41:51,832 - __main__ - INFO -    ✓ er_mcmc_credit_risk_posterior.html
2026-03-25 15:41:51,871 - __main__ - INFO -    ✓ er_mcmc_dividend_cut_posterior.html
2026-03-25 15:41:51,924 - __main__ - INFO -    ✓ er_mcmc_price_target_posterior.html
2026-03-25 15:41:51,997 - __main__ - INFO -    ✓ er_ruin_probability_diagnostic.html
2026-03-25 15:41:52,305 - __main__ - INFO -    ✓ er_expected_returns_summary_posterior.html
2026-03-25 15:41:52,357 - __main__ - INFO -    ✓ er_model_dispersion_dashboard.html
2026-03-25 15:41:52,749 - __main__ - INFO -    ✓ er_return_distribution_fit.html
2026-03-25 15:41:52,828 - __main__ - INFO -    ✓ er_sector_return_analytics.html
2026-03-25 15:41:52,848 - __main__ - INFO -    ✓ er_screening_summary.html
2026-03-25 15:41:52,872 - __main__ - INFO -    ✓ er_price_target_drift.html
2026-03-25 15:41:52,897 - __main__ - INFO -    ✓ er_valuation_multiples.html
2026-03-25 15:41:53,366 - __main__ - INFO -    ✓ er_valuation_distribution.html
2026-03-25 15:41:53,749 - __main__ - INFO -    ✓ er_relative_valuation_matrix.html
2026-03-25 15:41:53,893 - __main__ - INFO -    ✓ er_valuation_vs_growth.html
2026-03-25 15:41:54,031 - __main__ - INFO -    ✓ er_historical_valuation_percentile.html
2026-03-25 15:41:54,139 - __main__ - INFO -    ✓ er_earnings_surprise.html
2026-03-25 15:41:54,183 - __main__ - INFO -    ✓ er_eps_trajectory.html
2026-03-25 15:41:54,205 - __main__ - INFO -    ✓ er_earnings_quality_decomposition.html
2026-03-25 15:41:54,314 - __main__ - INFO -    ✓ er_beat_rate_heatmap.html
2026-03-25 15:41:54,422 - __main__ - INFO -    ✓ er_earnings_consistency_matrix.html
2026-03-25 15:41:54,460 - __main__ - INFO -    ✓ er_growth_waterfall.html
2026-03-25 15:41:54,567 - __main__ - INFO -    ✓ er_growth_consistency_matrix.html
2026-03-25 15:41:54,736 - __main__ - INFO -    ✓ er_growth_vs_profitability.html
2026-03-25 15:41:54,796 - __main__ - INFO -    ✓ er_growth_acceleration.html
2026-03-25 15:41:54,945 - __main__ - INFO -    ✓ er_sustainable_growth.html
2026-03-25 15:41:55,302 - __main__ - INFO -    ✓ er_bayesian_sentiment_ridge.html
2026-03-25 15:41:55,326 - __main__ - INFO -    ✓ er_mcmc_category_sentiment_posterior.html
2026-03-25 15:41:55,418 - __main__ - INFO -    ✓ er_bayesian_profitability_ridge.html
2026-03-25 15:41:55,418 - __main__ - INFO -    📊 Generating ArviZ diagnostic visualizations...
2026-03-25 15:41:55,879 - finance_ml.analytics.visualizations.arviz_diagnostics - INFO - Resampled posterior R̂: <xarray.Dataset> Size: 16B
Dimensions:                ()
Data variables:
    posterior_return       float64 8B 1.002
    posterior_uncertainty  float64 8B 1.012
2026-03-25 15:41:55,883 - __main__ - INFO -    ✓ er_resampled_trace.png
2026-03-25 15:41:55,883 - __main__ - INFO -    ✓ er_resampled_posterior_hdi.png
2026-03-25 15:41:58,947 - __main__ - INFO -    ✓ er_model_alignment_forest.png
2026-03-25 15:41:58,947 - __main__ - INFO -    ✓ er_model_alignment_pair.png
2026-03-25 15:42:11,528 - __main__ - INFO -    ✓ er_agreement_by_sector.png
2026-03-25 15:42:11,857 - __main__ - INFO -    ✓ er_hierarchical_shrinkage.png
2026-03-25 15:44:04,949 - __main__ - INFO -    ✓ er_category_analyst_sentiment_ridge.png
2026-03-25 15:44:04,949 - __main__ - INFO -    ✓ er_category_analyst_sentiment_forest.png
2026-03-25 15:44:04,949 - __main__ - INFO -    ✓ er_category_balance_sheet_ridge.png
2026-03-25 15:44:04,949 - __main__ - INFO -    ✓ er_category_balance_sheet_forest.png
2026-03-25 15:44:04,949 - __main__ - INFO -    ✓ er_category_cash_flow_ridge.png
2026-03-25 15:44:04,949 - __main__ - INFO -    ✓ er_category_cash_flow_forest.png
2026-03-25 15:44:04,949 - __main__ - INFO -    ✓ er_category_composite_scores_ridge.png
2026-03-25 15:44:04,949 - __main__ - INFO -    ✓ er_category_composite_scores_forest.png
2026-03-25 15:44:04,949 - __main__ - INFO -    ✓ er_category_cost_structure_ridge.png
2026-03-25 15:44:04,949 - __main__ - INFO -    ✓ er_category_cost_structure_forest.png
2026-03-25 15:44:04,949 - __main__ - INFO -    ✓ er_category_dividend_features_ridge.png
2026-03-25 15:44:04,949 - __main__ - INFO -    ✓ er_category_dividend_features_forest.png
2026-03-25 15:44:04,949 - __main__ - INFO -    ✓ er_category_earnings_quality_ridge.png
2026-03-25 15:44:04,949 - __main__ - INFO -    ✓ er_category_earnings_quality_forest.png
2026-03-25 15:44:04,949 - __main__ - INFO -    ✓ er_category_employment_metrics_ridge.png
2026-03-25 15:44:04,949 - __main__ - INFO -    ✓ er_category_employment_metrics_forest.png
2026-03-25 15:44:04,949 - __main__ - INFO -    ✓ er_category_growth_metrics_ridge.png
2026-03-25 15:44:04,949 - __main__ - INFO -    ✓ er_category_growth_metrics_forest.png
2026-03-25 15:44:04,949 - __main__ - INFO -    ✓ er_category_leverage_and_liquidity_ridge.png
2026-03-25 15:44:04,949 - __main__ - INFO -    ✓ er_category_leverage_and_liquidity_forest.png
2026-03-25 15:44:04,949 - __main__ - INFO -    ✓ er_category_momentum_ridge.png
2026-03-25 15:44:04,949 - __main__ - INFO -    ✓ er_category_momentum_forest.png
2026-03-25 15:44:04,949 - __main__ - INFO -    ✓ er_category_profitability_ridge.png
2026-03-25 15:44:04,949 - __main__ - INFO -    ✓ er_category_profitability_forest.png
2026-03-25 15:44:04,949 - __main__ - INFO -    ✓ er_category_quality_and_risk_ridge.png
2026-03-25 15:44:04,949 - __main__ - INFO -    ✓ er_category_quality_and_risk_forest.png
2026-03-25 15:44:04,949 - __main__ - INFO -    ✓ er_category_technical_analysis_ridge.png
2026-03-25 15:44:04,949 - __main__ - INFO -    ✓ er_category_technical_analysis_forest.png
2026-03-25 15:44:04,949 - __main__ - INFO -    ✓ er_category_temporal_features_forest.png
2026-03-25 15:44:04,949 - __main__ - INFO -    ✓ er_category_unusual_items_ridge.png
2026-03-25 15:44:04,950 - __main__ - INFO -    ✓ er_category_unusual_items_forest.png
2026-03-25 15:44:04,950 - __main__ - INFO -    ✓ er_category_valuation_ratios_ridge.png
2026-03-25 15:44:04,950 - __main__ - INFO -    ✓ er_category_valuation_ratios_forest.png
2026-03-25 15:44:04,969 - __main__ - INFO -   ⏱ Step 9 completed in 137.4s
2026-03-25 15:44:04,969 - __main__ - INFO - 
2026-03-25 15:44:04,969 - __main__ - INFO - 💾 Step 10: Exporting results...
2026-03-25 15:44:04,969 - __main__ - INFO - --------------------------------------------------------------------------------
2026-03-25 15:44:04,997 - root - INFO - Exporting 6354 rows to analytics.kalman_filtered_price_targets
2026-03-25 15:44:04,998 - root - INFO - Exporting 5515 rows to analytics.monte_carlo_simulation
2026-03-25 15:44:05,014 - root - INFO - Exporting 5515 rows to analytics.expected_returns_tri_model
2026-03-25 15:44:05,072 - root - INFO - Exporting 6358 rows to analytics.price_target_achievement
2026-03-25 15:44:05,687 - root - INFO - Export complete: analytics.monte_carlo_simulation
2026-03-25 15:44:05,687 - __main__ - INFO - Exported 5515 rows → analytics.monte_carlo_simulation
2026-03-25 15:44:05,691 - root - INFO - Exporting 50 rows to analytics.strong_consensus_picks
2026-03-25 15:44:05,750 - root - INFO - Export complete: analytics.kalman_filtered_price_targets
2026-03-25 15:44:05,750 - __main__ - INFO - Exported 6354 rows → analytics.kalman_filtered_price_targets
2026-03-25 15:44:06,088 - root - INFO - Export complete: analytics.strong_consensus_picks
2026-03-25 15:44:06,142 - __main__ - INFO - Exported 50 rows → analytics.strong_consensus_picks
2026-03-25 15:44:06,171 - root - INFO - Export complete: analytics.expected_returns_tri_model
2026-03-25 15:44:06,171 - __main__ - INFO - Exported 5515 rows → analytics.expected_returns_tri_model
2026-03-25 15:44:06,404 - root - INFO - Exporting 6358 rows to analytics.earnings_probability_analysis
2026-03-25 15:44:06,645 - root - INFO - Exporting 5515 rows to analytics.expected_returns_summary
2026-03-25 15:44:07,069 - root - INFO - Export complete: analytics.price_target_achievement
2026-03-25 15:44:07,122 - __main__ - INFO - Exported 6358 rows → analytics.price_target_achievement
2026-03-25 15:44:07,586 - root - INFO - Exporting 6358 rows to analytics.dividend_safety_analysis
2026-03-25 15:44:09,561 - root - INFO - Export complete: analytics.earnings_probability_analysis
2026-03-25 15:44:09,618 - __main__ - INFO - Exported 6358 rows → analytics.earnings_probability_analysis
2026-03-25 15:44:10,561 - root - INFO - Exporting 6358 rows to analytics.credit_risk_analysis
2026-03-25 15:44:10,573 - root - INFO - Export complete: analytics.dividend_safety_analysis
2026-03-25 15:44:10,573 - __main__ - INFO - Exported 6358 rows → analytics.dividend_safety_analysis
2026-03-25 15:44:11,388 - root - INFO - Exporting 938 rows to analytics.quality_stocks
2026-03-25 15:44:12,246 - root - INFO - Export complete: analytics.expected_returns_summary
2026-03-25 15:44:12,325 - __main__ - INFO - Exported 5515 rows → analytics.expected_returns_summary
2026-03-25 15:44:15,621 - root - INFO - Exporting 6358 rows to analytics.accounting_anomaly_analysis
2026-03-25 15:44:15,726 - root - INFO - Export complete: analytics.quality_stocks
2026-03-25 15:44:15,726 - __main__ - INFO - Exported 938 rows → analytics.quality_stocks
2026-03-25 15:44:15,966 - root - INFO - Exporting 1158 rows to analytics.earnings_quality_stocks
2026-03-25 15:44:19,286 - root - INFO - Exporting 1042 rows to analytics.value_stocks
2026-03-25 15:44:20,043 - root - INFO - Export complete: analytics.earnings_quality_stocks
2026-03-25 15:44:20,044 - __main__ - INFO - Exported 1158 rows → analytics.earnings_quality_stocks
2026-03-25 15:44:23,602 - root - INFO - Export complete: analytics.value_stocks
2026-03-25 15:44:23,603 - __main__ - INFO - Exported 1042 rows → analytics.value_stocks
2026-03-25 15:44:34,873 - root - INFO - Export complete: analytics.credit_risk_analysis
2026-03-25 15:44:34,874 - __main__ - INFO - Exported 6358 rows → analytics.credit_risk_analysis
2026-03-25 15:44:34,888 - root - INFO - Exporting 15 rows to analytics.dividend_quality_stocks
2026-03-25 15:44:34,973 - root - INFO - Exporting 915 rows to analytics.garp_stocks
2026-03-25 15:44:34,986 - root - INFO - Exporting 2830 rows to analytics.growth_momentum_stocks
2026-03-25 15:44:35,553 - root - INFO - Export complete: analytics.dividend_quality_stocks
2026-03-25 15:44:35,553 - __main__ - INFO - Exported 15 rows → analytics.dividend_quality_stocks
2026-03-25 15:44:38,612 - root - INFO - Export complete: analytics.garp_stocks
2026-03-25 15:44:38,613 - __main__ - INFO - Exported 915 rows → analytics.garp_stocks
2026-03-25 15:44:38,631 - root - INFO - Exporting 449 rows to analytics.valuation_reversion_stocks
2026-03-25 15:44:40,401 - root - INFO - Export complete: analytics.valuation_reversion_stocks
2026-03-25 15:44:40,416 - __main__ - INFO - Exported 449 rows → analytics.valuation_reversion_stocks
2026-03-25 15:44:46,865 - root - INFO - Export complete: analytics.accounting_anomaly_analysis
2026-03-25 15:44:46,866 - __main__ - INFO - Exported 6358 rows → analytics.accounting_anomaly_analysis
2026-03-25 15:44:46,878 - root - INFO - Exporting 45 rows to analytics.high_yield_safe_dividend_stocks
2026-03-25 15:44:46,896 - root - INFO - Exporting 1414 rows to analytics.healthy_stocks
2026-03-25 15:44:47,054 - root - INFO - Exporting 1095 rows to analytics.integrity_filtered_growth_stocks
2026-03-25 15:44:47,467 - root - INFO - Export complete: analytics.high_yield_safe_dividend_stocks
2026-03-25 15:44:47,484 - __main__ - INFO - Exported 45 rows → analytics.high_yield_safe_dividend_stocks
2026-03-25 15:44:49,474 - root - INFO - Export complete: analytics.growth_momentum_stocks
2026-03-25 15:44:49,504 - __main__ - INFO - Exported 2830 rows → analytics.growth_momentum_stocks
2026-03-25 15:44:52,660 - root - INFO - Exporting 2196 rows to analytics.screen_low_vol_quality
2026-03-25 15:44:52,702 - root - INFO - Export complete: analytics.healthy_stocks
2026-03-25 15:44:52,703 - __main__ - INFO - Exported 1414 rows → analytics.healthy_stocks
2026-03-25 15:44:52,730 - root - INFO - Export complete: analytics.integrity_filtered_growth_stocks
2026-03-25 15:44:52,730 - __main__ - INFO - Exported 1095 rows → analytics.integrity_filtered_growth_stocks
2026-03-25 15:44:53,521 - root - INFO - Exporting 963 rows to analytics.screen_fcf_compounders
2026-03-25 15:44:56,988 - root - INFO - Export complete: analytics.screen_fcf_compounders
2026-03-25 15:44:56,988 - __main__ - INFO - Exported 963 rows → analytics.screen_fcf_compounders
2026-03-25 15:44:56,997 - root - INFO - Exporting 6358 rows to analytics.screen_total_return_leaders
2026-03-25 15:44:57,017 - root - INFO - Exporting 6358 rows to analytics.sector_relative_ranking
2026-03-25 15:44:59,423 - root - INFO - Export complete: analytics.screen_low_vol_quality
2026-03-25 15:44:59,598 - __main__ - INFO - Exported 2196 rows → analytics.screen_low_vol_quality
2026-03-25 15:45:19,411 - root - INFO - Export complete: analytics.sector_relative_ranking
2026-03-25 15:45:19,411 - __main__ - INFO - Exported 6358 rows → analytics.sector_relative_ranking
2026-03-25 15:45:20,182 - root - INFO - Export complete: analytics.screen_total_return_leaders
2026-03-25 15:45:20,182 - __main__ - INFO - Exported 6358 rows → analytics.screen_total_return_leaders
2026-03-25 15:45:20,184 - __main__ - INFO -    ✓ monte_carlo_simulation → analytics.monte_carlo_simulation
2026-03-25 15:45:20,184 - __main__ - INFO -    ✓ kalman_filtered_price_targets → analytics.kalman_filtered_price_targets
2026-03-25 15:45:20,184 - __main__ - INFO -    ✓ strong_consensus_picks → analytics.strong_consensus_picks
2026-03-25 15:45:20,184 - __main__ - INFO -    ✓ expected_returns_tri_model → analytics.expected_returns_tri_model
2026-03-25 15:45:20,184 - __main__ - INFO -    ✓ price_target_achievement → analytics.price_target_achievement
2026-03-25 15:45:20,184 - __main__ - INFO -    ✓ earnings_probability_analysis → analytics.earnings_probability_analysis
2026-03-25 15:45:20,184 - __main__ - INFO -    ✓ dividend_safety_analysis → analytics.dividend_safety_analysis
2026-03-25 15:45:20,185 - __main__ - INFO -    ✓ expected_returns_summary → analytics.expected_returns_summary
2026-03-25 15:45:20,185 - __main__ - INFO -    ✓ quality_stocks → analytics.quality_stocks
2026-03-25 15:45:20,185 - __main__ - INFO -    ✓ earnings_quality_stocks → analytics.earnings_quality_stocks
2026-03-25 15:45:20,185 - __main__ - INFO -    ✓ value_stocks → analytics.value_stocks
2026-03-25 15:45:20,185 - __main__ - INFO -    ✓ credit_risk_analysis → analytics.credit_risk_analysis
2026-03-25 15:45:20,185 - __main__ - INFO -    ✓ dividend_quality_stocks → analytics.dividend_quality_stocks
2026-03-25 15:45:20,185 - __main__ - INFO -    ✓ garp_stocks → analytics.garp_stocks
2026-03-25 15:45:20,185 - __main__ - INFO -    ✓ valuation_reversion_stocks → analytics.valuation_reversion_stocks
2026-03-25 15:45:20,185 - __main__ - INFO -    ✓ accounting_anomaly_analysis → analytics.accounting_anomaly_analysis
2026-03-25 15:45:20,185 - __main__ - INFO -    ✓ high_yield_safe_dividend_stocks → analytics.high_yield_safe_dividend_stocks
2026-03-25 15:45:20,185 - __main__ - INFO -    ✓ growth_momentum_stocks → analytics.growth_momentum_stocks
2026-03-25 15:45:20,185 - __main__ - INFO -    ✓ healthy_stocks → analytics.healthy_stocks
2026-03-25 15:45:20,185 - __main__ - INFO -    ✓ integrity_filtered_growth_stocks → analytics.integrity_filtered_growth_stocks
2026-03-25 15:45:20,185 - __main__ - INFO -    ✓ screen_fcf_compounders → analytics.screen_fcf_compounders
2026-03-25 15:45:20,185 - __main__ - INFO -    ✓ screen_low_vol_quality → analytics.screen_low_vol_quality
2026-03-25 15:45:20,185 - __main__ - INFO -    ✓ sector_relative_ranking → analytics.sector_relative_ranking
2026-03-25 15:45:20,185 - __main__ - INFO -    ✓ screen_total_return_leaders → analytics.screen_total_return_leaders
2026-03-25 15:45:21,325 - root - INFO - Exporting 6358 rows to analytics.earnings_probability_analysis
2026-03-25 15:45:22,976 - root - INFO - Export complete: analytics.earnings_probability_analysis
2026-03-25 15:45:23,239 - root - INFO - Exported 6358 rows to outputs\analytics\earnings_probability_analysis.csv
2026-03-25 15:45:23,350 - root - INFO - Exported 6358 rows to outputs\analytics\earnings_probability_analysis.json
2026-03-25 15:45:23,351 - root - INFO - Exporting 6358 rows to analytics.eps_streak_analysis
2026-03-25 15:45:24,305 - root - INFO - Export complete: analytics.eps_streak_analysis
2026-03-25 15:45:24,446 - root - INFO - Exported 6358 rows to outputs\analytics\eps_streak_analysis.csv
2026-03-25 15:45:24,516 - root - INFO - Exported 6358 rows to outputs\analytics\eps_streak_analysis.json
2026-03-25 15:45:24,520 - root - INFO - Exporting 8 rows to analytics.probability_analytics_summary
2026-03-25 15:45:24,584 - root - INFO - Export complete: analytics.probability_analytics_summary
2026-03-25 15:45:24,585 - root - INFO - Exported 8 rows to outputs\analytics\probability_analytics_summary.csv
2026-03-25 15:45:24,586 - root - INFO - Exported 8 rows to outputs\analytics\probability_analytics_summary.json
2026-03-25 15:45:24,586 - finance_ml.analytics.probability_analytics - INFO - Exported probability analytics results to database and outputs\analytics
2026-03-25 15:45:24,586 - __main__ - INFO -    ✓ earnings_probability_analysis_db → analytics.earnings_probability_analysis
2026-03-25 15:45:24,586 - __main__ - INFO -    ✓ earnings_probability_analysis_csv → outputs\analytics\earnings_probability_analysis.csv
2026-03-25 15:45:24,586 - __main__ - INFO -    ✓ eps_streak_analysis_db → analytics.eps_streak_analysis
2026-03-25 15:45:24,586 - __main__ - INFO -    ✓ eps_streak_analysis_csv → outputs\analytics\eps_streak_analysis.csv
2026-03-25 15:45:24,586 - __main__ - INFO -    ✓ probability_analytics_summary_db → analytics.probability_analytics_summary
2026-03-25 15:45:24,586 - __main__ - INFO -    ✓ probability_analytics_summary_csv → outputs\analytics\probability_analytics_summary.csv
2026-03-25 15:45:24,587 - __main__ - INFO -   ⏱ Step 10 completed in 79.6s
2026-03-25 15:45:24,587 - __main__ - INFO - 
2026-03-25 15:45:24,587 - __main__ - INFO - ================================================================================
2026-03-25 15:45:24,587 - __main__ - INFO - ✅ EXPECTED RETURNS ANALYTICS v3.6 COMPLETE
2026-03-25 15:45:24,587 - __main__ - INFO - ================================================================================
2026-03-25 15:45:24,587 - __main__ - INFO - 
2026-03-25 15:45:24,587 - __main__ - INFO -   Data sources:
2026-03-25 15:45:24,587 - __main__ - INFO -     mv_expected_returns:       6,358 stocks × 685 features
2026-03-25 15:45:24,587 - __main__ - INFO -     mv_all_stock_features:     6,358 stocks × 733 features
2026-03-25 15:45:24,587 - __main__ - INFO - 
2026-03-25 15:45:24,587 - __main__ - INFO -   Models:
2026-03-25 15:45:24,587 - __main__ - INFO -     Monte Carlo simulations:   5,515
2026-03-25 15:45:24,587 - __main__ - INFO -     Price target achievements: 6,358
2026-03-25 15:45:24,587 - __main__ - INFO -     Kalman-filtered targets:   6,354
2026-03-25 15:45:24,587 - __main__ - INFO -     Earnings beat analyses:    6,358
2026-03-25 15:45:24,587 - __main__ - INFO -     Credit risk analyses:      6,358
2026-03-25 15:45:24,587 - __main__ - INFO -     Dividend safety analyses:  6,358
2026-03-25 15:45:24,587 - __main__ - INFO -     Accounting anomaly analyses: 6,358
2026-03-25 15:45:24,587 - __main__ - INFO - 
2026-03-25 15:45:24,587 - __main__ - INFO -   Alignment:
2026-03-25 15:45:24,587 - __main__ - INFO -     Tri-model aligned:         5,515
2026-03-25 15:45:24,587 - __main__ - INFO -     Strong consensus picks:    50
2026-03-25 15:45:24,587 - __main__ - INFO -     Quad-model full consensus: 1521
2026-03-25 15:45:24,587 - __main__ - INFO -     Expected returns summary:  5,515 stocks, 1521 full consensus
2026-03-25 15:45:24,587 - __main__ - INFO -     MC ↔ Kalman correlation:   0.958
2026-03-25 15:45:24,587 - __main__ - INFO - 
2026-03-25 15:45:24,587 - __main__ - INFO -   Screening:
2026-03-25 15:45:24,587 - __main__ - INFO -     quality: 938 stocks
2026-03-25 15:45:24,587 - __main__ - INFO -     earnings_quality: 1,158 stocks
2026-03-25 15:45:24,587 - __main__ - INFO -     value: 1,042 stocks
2026-03-25 15:45:24,588 - __main__ - INFO -     growth: 2,830 stocks
2026-03-25 15:45:24,588 - __main__ - INFO -     garp: 915 stocks
2026-03-25 15:45:24,588 - __main__ - INFO -     dividend: 15 stocks
2026-03-25 15:45:24,588 - __main__ - INFO -     healthy: 1,414 stocks
2026-03-25 15:45:24,588 - __main__ - INFO -     valuation_reversion: 449 stocks
2026-03-25 15:45:24,588 - __main__ - INFO -     integrity_growth: 1,095 stocks
2026-03-25 15:45:24,588 - __main__ - INFO -     high_yield_safe: 45 stocks
2026-03-25 15:45:24,588 - __main__ - INFO -     sector_relative: 6,358 stocks
2026-03-25 15:45:24,588 - __main__ - INFO -     low_vol_quality: 2,196 stocks
2026-03-25 15:45:24,588 - __main__ - INFO -     fcf_compounders: 963 stocks
2026-03-25 15:45:24,588 - __main__ - INFO -     total_return_leaders: 6,358 stocks
2026-03-25 15:45:24,588 - __main__ - INFO - 
2026-03-25 15:45:24,588 - __main__ - INFO -   Probability Analytics:
2026-03-25 15:45:24,588 - __main__ - INFO -     Categories analyzed:       17
2026-03-25 15:45:24,588 - __main__ - INFO - 
2026-03-25 15:45:24,588 - __main__ - INFO -   Outputs: outputs\analytics/
2026-03-25 15:45:24,588 - __main__ - INFO - 
2026-03-25 16:55:53,535 - __main__ - INFO - ================================================================================
2026-03-25 16:55:53,535 - __main__ - INFO - Expected Returns Analytics Pipeline v3.6
2026-03-25 16:55:53,535 - __main__ - INFO - ================================================================================
2026-03-25 16:55:53,535 - __main__ - INFO - 
2026-03-25 16:55:53,535 - __main__ - INFO - 🔧 Numba: True, Joblib: True, ArviZ: True
2026-03-25 16:55:53,535 - __main__ - INFO -    n_jobs=-1, max_features/cat=100, caching=on (TTL=24.0h)
2026-03-25 16:55:53,641 - __main__ - INFO - Cache cleanup (full purge): removed 5 files from .cache
2026-03-25 16:55:53,641 - __main__ - INFO -    🧹 Cleaned 5 expired cache files
2026-03-25 16:55:53,641 - __main__ - INFO - 📦 Step 1: Loading feature data (v3.6: equities MV + feature views + all stock features MV)...
2026-03-25 16:55:53,641 - __main__ - INFO - --------------------------------------------------------------------------------
2026-03-25 16:55:53,642 - root - INFO - Loading equities data from localhost:5432/postgres (view: public.mv_equities)
2026-03-25 16:55:56,714 - root - INFO - Loaded 6358 rows from public.mv_equities
2026-03-25 16:55:56,715 - root - INFO - Backfill complete. Columns: 677
2026-03-25 16:55:56,752 - root - INFO - Loaded 25 feature categories from database
2026-03-25 16:55:56,753 - __main__ - INFO - Loaded 25 feature categories (310 total features)
2026-03-25 16:55:56,753 - __main__ - INFO - All feature categories have ≥80%% coverage
2026-03-25 16:55:56,753 - __main__ - INFO - Loaded expected returns data: 6358 stocks × 677 features
2026-03-25 16:55:56,753 - __main__ - INFO - ✓ Loaded mv_equities: 6,358 stocks × 677 features
2026-03-25 16:55:56,782 - root - INFO - Loaded 32 identifier columns from public.vw_identifier_columns
2026-03-25 16:55:56,782 - root - INFO - Loading view: public.vw_features_analyst_sentiment
2026-03-25 16:55:57,096 - root - INFO - Loaded 6362 rows from vw_features_analyst_sentiment
2026-03-25 16:55:57,096 - root - INFO - Loading view: public.vw_features_balance_sheet
2026-03-25 16:55:57,502 - root - INFO - Loaded 6362 rows from vw_features_balance_sheet
2026-03-25 16:55:57,502 - root - INFO - Loading view: public.vw_features_cashflow
2026-03-25 16:55:58,045 - root - INFO - Loaded 6362 rows from vw_features_cashflow
2026-03-25 16:55:58,045 - root - INFO - Loading view: public.vw_features_composite_scores
2026-03-25 16:55:58,323 - root - INFO - Loaded 6362 rows from vw_features_composite_scores
2026-03-25 16:55:58,323 - root - INFO - Loading view: public.vw_features_cost_structure
2026-03-25 16:55:58,652 - root - INFO - Loaded 6362 rows from vw_features_cost_structure
2026-03-25 16:55:58,652 - root - INFO - Loading view: public.vw_features_dividends
2026-03-25 16:55:58,843 - root - INFO - Loaded 6362 rows from vw_features_dividends
2026-03-25 16:55:58,843 - root - INFO - Loading view: public.vw_features_earnings
2026-03-25 16:55:59,362 - root - INFO - Loaded 6362 rows from vw_features_earnings
2026-03-25 16:55:59,362 - root - INFO - Loading view: public.vw_features_employment
2026-03-25 16:55:59,564 - root - INFO - Loaded 6362 rows from vw_features_employment
2026-03-25 16:55:59,564 - root - INFO - Loading view: public.vw_features_growth
2026-03-25 16:56:00,064 - root - INFO - Loaded 6362 rows from vw_features_growth
2026-03-25 16:56:00,065 - root - INFO - Loading view: public.vw_features_leverage_liquidity
2026-03-25 16:56:00,638 - root - INFO - Loaded 6362 rows from vw_features_leverage_liquidity
2026-03-25 16:56:00,638 - root - INFO - Loading view: public.vw_features_momentum
2026-03-25 16:56:00,904 - root - INFO - Loaded 6362 rows from vw_features_momentum
2026-03-25 16:56:00,904 - root - INFO - Loading view: public.vw_features_profitability
2026-03-25 16:56:01,440 - root - INFO - Loaded 6362 rows from vw_features_profitability
2026-03-25 16:56:01,440 - root - INFO - Loading view: public.vw_features_quality_risk
2026-03-25 16:56:01,773 - root - INFO - Loaded 6362 rows from vw_features_quality_risk
2026-03-25 16:56:01,773 - root - INFO - Loading view: public.vw_features_technical_analysis
2026-03-25 16:56:01,936 - root - INFO - Loaded 6362 rows from vw_features_technical_analysis
2026-03-25 16:56:01,936 - root - INFO - Loading view: public.vw_features_temporal
2026-03-25 16:56:02,113 - root - INFO - Loaded 6362 rows from vw_features_temporal
2026-03-25 16:56:02,113 - root - INFO - Loading view: public.vw_features_unusual_items
2026-03-25 16:56:02,281 - root - INFO - Loaded 6362 rows from vw_features_unusual_items
2026-03-25 16:56:02,281 - root - INFO - Loading view: public.vw_features_valuation_ratios
2026-03-25 16:56:02,685 - root - INFO - Loaded 6362 rows from vw_features_valuation_ratios
2026-03-25 16:56:03,915 - root - INFO - Backfill complete. Columns: 718
2026-03-25 16:56:03,962 - __main__ - INFO - Kalman momentum filter applied to 5 columns
2026-03-25 16:56:04,703 - __main__ - INFO - Loaded all stock features: 6362 stocks × 728 features, 17 view specs
2026-03-25 16:56:04,703 - __main__ - INFO - ✓ Loaded feature views: 6,362 stocks × 728 features
2026-03-25 16:56:04,703 - __main__ - INFO -   View specs loaded: 17 views
2026-03-25 16:56:04,703 - root - INFO - Loading feature data from localhost:5432/postgres (view: public.mv_all_stock_features, earnings_date_filter: 2026-01-01)
2026-03-25 16:56:08,662 - root - INFO - Loaded 6362 rows from public.mv_all_stock_features
2026-03-25 16:56:08,663 - __main__ - INFO - Loaded mv_all_stock_features: 6362 rows × 818 columns
2026-03-25 16:56:08,663 - __main__ - INFO - ✓ Loaded mv_all_stock_features: 6,362 stocks × 818 features
2026-03-25 16:56:08,723 - __main__ - INFO -   Schema metadata: 674 columns
2026-03-25 16:56:08,724 - __main__ - INFO -   Feature registry: 74 functions
2026-03-25 16:56:08,763 - __main__ - INFO -   mv_equities spec unavailable: DataFrame must contain a 'ticker' column
2026-03-25 16:56:08,763 - __main__ - INFO - 
2026-03-25 16:56:08,763 - __main__ - INFO - 📦 Step 1b: Pre-computing historical target drift enrichment...
2026-03-25 16:56:08,763 - __main__ - INFO - --------------------------------------------------------------------------------
2026-03-25 16:56:08,798 - root - INFO - Loaded 674 column definitions from public.equities_schema_metadata
2026-03-25 16:56:08,798 - root - INFO - Cached equities schema: 674 columns across 26 roles
2026-03-25 16:56:08,799 - __main__ - INFO - Column lists derived from equities schema (46 total columns)
2026-03-25 16:56:08,799 - __main__ - INFO - Historical price/target coverage: 40 / 40 columns available (historical_prices=9, historical_targets=7, historical_targets_high=8, historical_targets_low=8, historical_targets_median=8)
2026-03-25 16:56:08,815 - __main__ - INFO - Historical target drift enrichment: 12 derived columns added
2026-03-25 16:56:08,815 - __main__ - INFO - ✓ Historical drift enrichment complete (12 derived columns)
2026-03-25 16:56:08,815 - __main__ - INFO -   ⏱ Step 1 completed in 15.2s
2026-03-25 16:56:08,815 - __main__ - INFO - 
2026-03-25 16:56:08,815 - __main__ - INFO - 🎲 Step 2: Monte Carlo price target simulation (50,000 samples)...
2026-03-25 16:56:08,815 - __main__ - INFO - --------------------------------------------------------------------------------
2026-03-25 16:56:17,907 - __main__ - INFO - Monte Carlo simulation: 5515 stocks processed
2026-03-25 16:56:17,910 - __main__ - INFO - ✓ 5,515 stocks simulated
2026-03-25 16:56:17,911 - __main__ - INFO -   Mean upside:  32.6%
2026-03-25 16:56:17,911 - __main__ - INFO -   Median upside: 24.3%
2026-03-25 16:56:17,911 - __main__ - INFO -   Positive prob (mean): 85.2%
2026-03-25 16:56:17,912 - __main__ - INFO - Computed price_target_mc for 5515 / 5515 stocks (mean=7354.56)
2026-03-25 16:56:17,913 - __main__ - INFO -   Monte Carlo targets (5,515 stocks): implied return=19.4%
2026-03-25 16:56:18,060 - __main__ - INFO - Monte Carlo: computed detailed statistics for 5 / 5 columns
2026-03-25 16:56:24,637 - __main__ - INFO - MCMC Student-t: μ=23.40 (±0.33), df=2.0
2026-03-25 16:56:24,637 - __main__ - INFO - 
  📐 Best-fit distribution: t (AIC=53919.6, KS p=0.000)
2026-03-25 16:56:24,637 - __main__ - INFO - 
  📉 VaR 1%: -26.9%  |  CVaR 5%: -20.9%
2026-03-25 16:56:24,637 - __main__ - INFO -      Downside deviation: 16.28
2026-03-25 16:56:24,637 - __main__ - INFO -      Gain/Loss ratio: 3.39
2026-03-25 16:56:24,637 - __main__ - INFO - 
  🏷️  Tiers: High-conviction=3137, Moderate=1733, Speculative=14, Avoid=642
2026-03-25 16:56:24,638 - __main__ - INFO -   ⏱ Step 2 completed in 15.8s
2026-03-25 16:56:24,638 - __main__ - INFO - 
2026-03-25 16:56:24,638 - __main__ - INFO - 🎯 Step 3: Price target achievement model...
2026-03-25 16:56:24,638 - __main__ - INFO - --------------------------------------------------------------------------------
2026-03-25 16:56:24,663 - __main__ - INFO - Price target achievement: merged 26 sentiment columns from feature views
2026-03-25 16:56:24,668 - __main__ - INFO - Price target: merged 36 risk columns
2026-03-25 16:56:29,985 - finance_ml.analytics.probability_analytics - INFO - MH sampler for price target: acceptance_rate=0.222, mean_posterior=31.916
2026-03-25 16:56:46,180 - __main__ - INFO - Price target achievement: 6358 stocks processed
2026-03-25 16:56:46,184 - __main__ - INFO - ✓ 6,358 stocks analyzed
2026-03-25 16:56:46,184 - __main__ - INFO -   Mean achievement prob: 0.455
2026-03-25 16:56:46,184 - __main__ - INFO -   Mean prob-weighted return: 8.1%
2026-03-25 16:56:46,191 - __main__ - INFO - Computed price_target_prob_weighted for 6352 / 6358 stocks (mean=5982.18)
2026-03-25 16:56:46,196 - __main__ - INFO -   Prob-weighted targets (6,352 stocks): implied return=6.5%
2026-03-25 16:56:46,374 - __main__ - INFO - Price Target Achievement: computed detailed statistics for 5 / 5 columns
2026-03-25 16:56:46,378 - __main__ - INFO -   ⏱ Step 3 completed in 21.7s
2026-03-25 16:56:46,378 - __main__ - INFO - 
2026-03-25 16:56:46,378 - __main__ - INFO - 📐 Step 4: Kalman-filtered price targets...
2026-03-25 16:56:46,378 - __main__ - INFO - --------------------------------------------------------------------------------
2026-03-25 16:56:47,160 - __main__ - INFO - Kalman filter: 6354 stocks processed
2026-03-25 16:56:47,162 - __main__ - INFO - ✓ 6,354 stocks filtered
2026-03-25 16:56:47,162 - __main__ - INFO -   Mean filtered upside: 24.2%
2026-03-25 16:56:47,250 - __main__ - INFO - Kalman Filter: computed detailed statistics for 3 / 3 columns
2026-03-25 16:56:47,256 - __main__ - INFO -   ⏱ Step 4 completed in 0.9s
2026-03-25 16:56:47,256 - __main__ - INFO - 
2026-03-25 16:56:47,256 - __main__ - INFO - 📊 Step 5: Bayesian earnings beat analysis...
2026-03-25 16:56:47,256 - __main__ - INFO - --------------------------------------------------------------------------------
2026-03-25 16:56:49,187 - __main__ - INFO - Earnings beat analysis: 6362 stocks processed
2026-03-25 16:56:50,352 - __main__ - INFO - EPS streak enrichment: 8 columns added
2026-03-25 16:58:33,412 - __main__ - INFO - Resampled beat enrichment: 12 columns added
2026-03-25 16:58:33,741 - __main__ - INFO - ✓ 6,362 stocks analyzed
2026-03-25 16:58:33,741 - __main__ - INFO -   Mean P(beat): 0.434
2026-03-25 16:58:33,742 - __main__ - INFO -   Classified as 'likely_beat': 2844
2026-03-25 16:58:33,742 - __main__ - INFO -   ⏱ Step 5 completed in 106.5s
2026-03-25 16:58:33,742 - __main__ - INFO - 
2026-03-25 16:58:33,742 - __main__ - INFO - 🔬 Step 5b: Accounting anomaly detection & analytics...
2026-03-25 16:58:33,742 - __main__ - INFO - --------------------------------------------------------------------------------
2026-03-25 16:58:33,763 - __main__ - INFO - Accounting anomaly analysis: merged 32 columns from feature views
2026-03-25 16:58:41,575 - finance_ml.analytics.probability_analytics - INFO - MH sampler for anomaly scores: acceptance_rate=0.214, threshold=34.46, mean_posterior=35.723
2026-03-25 16:58:57,667 - finance_ml.analytics.probability_analytics - INFO - Anomaly MCMC converged: R̂=1.0000
2026-03-25 16:58:57,669 - finance_ml.analytics.probability_analytics - INFO - AccountingAnomalyProbabilityModel: severity computed for 6358 stocks, 821 multi-flag alerts, mean conditional P(anomaly)=0.301
2026-03-25 16:59:05,947 - __main__ - INFO - MCMC anomaly posterior: location=34.858
2026-03-25 16:59:05,947 - __main__ - INFO - Accounting anomaly analysis: 6358 stocks processed
2026-03-25 16:59:05,952 - __main__ - INFO -   Anomaly tier distribution:
2026-03-25 16:59:05,952 - __main__ - INFO -     Clean: 1,778 (28.0%)
2026-03-25 16:59:05,952 - __main__ - INFO -     Watch: 3,260 (51.3%)
2026-03-25 16:59:05,952 - __main__ - INFO -     Flag: 1,259 (19.8%)
2026-03-25 16:59:05,952 - __main__ - INFO -     Alert: 61 (1.0%)
2026-03-25 16:59:05,953 - __main__ - INFO -   Anomaly score — mean: 35.7, median: 34.5, std: 16.3, max: 100.0
2026-03-25 16:59:05,953 - __main__ - INFO -   Stocks with ≥1 flagged feature: 5,781, ≥10 flags: 821
2026-03-25 16:59:05,953 - __main__ - INFO -   Per-feature anomaly flags:
2026-03-25 16:59:05,954 - __main__ - INFO -     discontinued_ops_impact: 79 stocks flagged
2026-03-25 16:59:05,954 - __main__ - INFO -     ebit_adjustment_pct_fy: 1,901 stocks flagged
2026-03-25 16:59:05,954 - __main__ - INFO -     ebit_adjustment_pct_ltm: 269 stocks flagged
2026-03-25 16:59:05,954 - __main__ - INFO -     ebitda_adjustment_pct_fy: 1,703 stocks flagged
2026-03-25 16:59:05,954 - __main__ - INFO -     ebitda_adjustment_pct_ltm: 108 stocks flagged
2026-03-25 16:59:05,954 - __main__ - INFO -     ebitda_adjustment_ratio: 139 stocks flagged
2026-03-25 16:59:05,954 - __main__ - INFO -     eps_adjustment_pct: 776 stocks flagged
2026-03-25 16:59:05,954 - __main__ - INFO -     eps_adjustment_ratio: 755 stocks flagged
2026-03-25 16:59:05,954 - __main__ - INFO -     eps_adjustment_ratio_comp: 755 stocks flagged
2026-03-25 16:59:05,954 - __main__ - INFO -     eps_adjustment_spread_fy: 1,835 stocks flagged
2026-03-25 16:59:05,954 - __main__ - INFO -     eps_adjustment_spread_ltm: 1,030 stocks flagged
2026-03-25 16:59:05,954 - __main__ - INFO -     eps_growth_accel: 369 stocks flagged
2026-03-25 16:59:05,954 - __main__ - INFO -     eps_surprise_pct: 648 stocks flagged
2026-03-25 16:59:05,954 - __main__ - INFO -     exceptional_items_frequency: 515 stocks flagged
2026-03-25 16:59:05,954 - __main__ - INFO -     exceptional_items_to_ebitda: 2,858 stocks flagged
2026-03-25 16:59:05,954 - __main__ - INFO -     forward_eps_gaap_adj_spread: 1,685 stocks flagged
2026-03-25 16:59:05,954 - __main__ - INFO -     gaap_adj_eps_gap_pct: 1,495 stocks flagged
2026-03-25 16:59:05,954 - __main__ - INFO -     gaap_revision_1m: 1,098 stocks flagged
2026-03-25 16:59:05,954 - __main__ - INFO -     gaap_revision_1y: 560 stocks flagged
2026-03-25 16:59:05,954 - __main__ - INFO -     gaap_revision_3m: 953 stocks flagged
2026-03-25 16:59:05,954 - __main__ - INFO -     gaap_revision_6m: 818 stocks flagged
2026-03-25 16:59:05,955 - __main__ - INFO -     gaap_revision_momentum: 1,205 stocks flagged
2026-03-25 16:59:05,955 - __main__ - INFO -     gaap_vs_norm_revision_spread: 1,068 stocks flagged
2026-03-25 16:59:05,955 - __main__ - INFO -     goodwill_change_rate: 1,256 stocks flagged
2026-03-25 16:59:05,955 - __main__ - INFO -     net_income_adjustment_pct: 169 stocks flagged
2026-03-25 16:59:05,955 - __main__ - INFO -     net_income_adjustment_ratio_fy: 2,130 stocks flagged
2026-03-25 16:59:05,955 - __main__ - INFO -     net_income_adjustment_ratio_ltm: 725 stocks flagged
2026-03-25 16:59:05,955 - __main__ - INFO -     restructuring_intensity: 100 stocks flagged
2026-03-25 16:59:05,955 - __main__ - INFO -     revenue_surprise_pct: 830 stocks flagged
2026-03-25 16:59:05,955 - __main__ - INFO -     revision_quality_divergence: 939 stocks flagged
2026-03-25 16:59:05,955 - __main__ - INFO -   Mahalanobis distance — computed: 1,307, mean: 3.79, p95: 8.46
2026-03-25 16:59:05,955 - __main__ - INFO -   Sector-relative outliers (|z| > 2): 232
2026-03-25 16:59:05,956 - __main__ - INFO -   Severity score — mean: 38.40, median: 35.80, max: 100.00
2026-03-25 16:59:05,956 - __main__ - INFO -   Conditional P(anomaly) — mean: 0.301, median: 0.280, max: 0.459
2026-03-25 16:59:05,956 - __main__ - INFO -   Multi-flag alerts: 821
2026-03-25 16:59:05,956 - __main__ - INFO -   Stocks in top 10% risk rank: 636
2026-03-25 16:59:05,956 - __main__ - INFO -   Benford's Law chi² p-value: 0.0328 (⚠️ suspicious)
2026-03-25 16:59:05,956 - __main__ - INFO -   Best-fit distributions per feature:
2026-03-25 16:59:05,957 - __main__ - INFO -     asset_sale_boost: student_t (mean KS p=0.000)
2026-03-25 16:59:05,957 - __main__ - INFO -     discontinued_ops_impact: student_t (mean KS p=0.000)
2026-03-25 16:59:05,958 - __main__ - INFO -     ebit_adjustment_pct_fy: student_t (mean KS p=0.000)
2026-03-25 16:59:05,958 - __main__ - INFO -     ebit_adjustment_pct_ltm: student_t (mean KS p=0.000)
2026-03-25 16:59:05,959 - __main__ - INFO -     ebitda_adjustment_pct_fy: student_t (mean KS p=0.000)
2026-03-25 16:59:05,959 - __main__ - INFO -     ebitda_adjustment_pct_ltm: student_t (mean KS p=0.000)
2026-03-25 16:59:05,959 - __main__ - INFO -     ebitda_adjustment_ratio: student_t (mean KS p=0.000)
2026-03-25 16:59:05,960 - __main__ - INFO -     eps_adjustment_pct: student_t (mean KS p=0.000)
2026-03-25 16:59:05,960 - __main__ - INFO -     eps_adjustment_ratio_comp: student_t (mean KS p=0.000)
2026-03-25 16:59:05,961 - __main__ - INFO -     eps_adjustment_ratio: student_t (mean KS p=0.000)
2026-03-25 16:59:05,961 - __main__ - INFO -     eps_adjustment_spread_fy: student_t (mean KS p=0.000)
2026-03-25 16:59:05,961 - __main__ - INFO -     eps_adjustment_spread_ltm: student_t (mean KS p=0.000)
2026-03-25 16:59:05,962 - __main__ - INFO -     eps_growth_accel: student_t (mean KS p=0.171)
2026-03-25 16:59:05,962 - __main__ - INFO -     eps_surprise_pct: student_t (mean KS p=0.000)
2026-03-25 16:59:05,962 - __main__ - INFO -     exceptional_items_frequency: student_t (mean KS p=0.000)
2026-03-25 16:59:05,963 - __main__ - INFO -     exceptional_items_to_ebitda: student_t (mean KS p=0.000)
2026-03-25 16:59:05,963 - __main__ - INFO -     forward_eps_gaap_adj_spread: student_t (mean KS p=0.000)
2026-03-25 16:59:05,964 - __main__ - INFO -     gaap_adj_eps_gap_pct: student_t (mean KS p=0.000)
2026-03-25 16:59:05,964 - __main__ - INFO -     gaap_revision_1m: student_t (mean KS p=0.000)
2026-03-25 16:59:05,965 - __main__ - INFO -     gaap_revision_1y: student_t (mean KS p=0.002)
2026-03-25 16:59:05,965 - __main__ - INFO -     gaap_revision_3m: student_t (mean KS p=0.000)
2026-03-25 16:59:05,965 - __main__ - INFO -     gaap_revision_6m: student_t (mean KS p=0.002)
2026-03-25 16:59:05,966 - __main__ - INFO -     gaap_revision_momentum: student_t (mean KS p=0.000)
2026-03-25 16:59:05,966 - __main__ - INFO -     gaap_vs_norm_revision_spread: student_t (mean KS p=0.000)
2026-03-25 16:59:05,966 - __main__ - INFO -     goodwill_change_rate: student_t (mean KS p=0.000)
2026-03-25 16:59:05,967 - __main__ - INFO -     net_income_adjustment_pct: student_t (mean KS p=0.000)
2026-03-25 16:59:05,967 - __main__ - INFO -     net_income_adjustment_ratio_fy: student_t (mean KS p=0.000)
2026-03-25 16:59:05,968 - __main__ - INFO -     net_income_adjustment_ratio_ltm: student_t (mean KS p=0.000)
2026-03-25 16:59:05,968 - __main__ - INFO -     restructuring_intensity: student_t (mean KS p=0.000)
2026-03-25 16:59:05,968 - __main__ - INFO -     revenue_surprise_pct: student_t (mean KS p=0.000)
2026-03-25 16:59:05,969 - __main__ - INFO -     revision_quality_divergence: student_t (mean KS p=0.000)
2026-03-25 16:59:05,976 - root - INFO - Exporting 6358 rows to analytics.accounting_anomaly_analysis
2026-03-25 16:59:08,800 - root - INFO - Export complete: analytics.accounting_anomaly_analysis
2026-03-25 16:59:08,800 - __main__ - INFO -   ✓ Exported 6,358 rows → analytics.accounting_anomaly_analysis
2026-03-25 16:59:08,800 - __main__ - INFO - ✓ Accounting anomaly analysis complete: 6,358 stocks
2026-03-25 16:59:08,803 - __main__ - INFO -   ⏱ Step 5b completed in 35.1s
2026-03-25 16:59:08,803 - __main__ - INFO - 
2026-03-25 16:59:08,803 - __main__ - INFO - 🛡️ Step 5c: Credit risk & dividend safety analysis...
2026-03-25 16:59:08,803 - __main__ - INFO - --------------------------------------------------------------------------------
2026-03-25 16:59:08,822 - __main__ - INFO - Credit risk analysis: merged 49 risk columns from feature views
2026-03-25 16:59:20,287 - finance_ml.analytics.probability_analytics - INFO - Sector-adjusted distress: 3423 / 6358 stocks flagged (vs 1417 with global threshold)
2026-03-25 16:59:20,405 - __main__ - INFO - Hierarchical MCMC credit risk: 36 sectors enriched
2026-03-25 16:59:20,763 - __main__ - INFO - Ruin probability enrichment: 7 columns added
2026-03-25 16:59:20,764 - __main__ - INFO - Credit risk analysis: 6358 stocks processed
2026-03-25 16:59:20,768 - __main__ - INFO - ✓ Credit risk: 6,358 stocks, 3711 high/distressed
2026-03-25 16:59:20,768 - __main__ - INFO -   Mean ruin probability: 0.048
2026-03-25 16:59:20,779 - __main__ - INFO -   Merged 820 anomaly columns into credit risk DataFrame
2026-03-25 16:59:29,214 - finance_ml.analytics.probability_analytics - INFO - Hierarchical sector MCMC for dividend FCF coverage: 30 sectors
2026-03-25 16:59:29,221 - __main__ - INFO - Dividend safety analysis: 6362 stocks processed
2026-03-25 16:59:29,224 - __main__ - INFO - ✓ Dividend safety: 6,362 stocks, 3157 at risk
2026-03-25 16:59:29,224 - __main__ - INFO -   ⏱ Step 5c completed in 20.4s
2026-03-25 16:59:29,224 - __main__ - INFO - 
2026-03-25 16:59:29,224 - __main__ - INFO - 🔍 Step 5d: Running stock screening strategies...
2026-03-25 16:59:29,224 - __main__ - INFO - --------------------------------------------------------------------------------
2026-03-25 16:59:29,265 - __main__ - INFO -   ✓ Productivity frontier scores added
2026-03-25 16:59:29,267 - __main__ - INFO -    Reporting lag sentiment: corr=-0.028, p=0.1045, hypothesis=not confirmed
2026-03-25 16:59:29,267 - __main__ - INFO - Quality screen: 0 stocks
2026-03-25 16:59:29,267 - __main__ - WARNING - Quality screen returned 0 stocks — applying adaptive fallback.
2026-03-25 16:59:29,268 - __main__ - WARNING - Adaptive screening: quality returned 0 stocks (0.0% < 0.0% threshold). Applying percentile-based fallback (top 10%).
2026-03-25 16:59:29,274 - __main__ - INFO - Adaptive screening: quality fallback using piotroski_f_score >= 6.00 → 932 stocks
2026-03-25 16:59:30,295 - __main__ - INFO - Earnings quality screen: 1162 stocks
2026-03-25 16:59:31,344 - __main__ - INFO - Value screen: 1044 stocks
2026-03-25 16:59:32,473 - __main__ - INFO - Growth screen: 2826 stocks
2026-03-25 16:59:33,404 - __main__ - INFO - GARP screen: 922 stocks
2026-03-25 16:59:34,309 - __main__ - INFO - Dividend screen: 15 stocks
2026-03-25 16:59:35,002 - __main__ - INFO - Financial health screen: 1418 stocks
2026-03-25 16:59:35,309 - __main__ - INFO - Valuation reversion screen: 449 stocks
2026-03-25 16:59:36,495 - __main__ - INFO - Integrity growth screen: 1075 stocks
2026-03-25 16:59:37,101 - __main__ - INFO - High-yield safe dividend screen: 45 stocks
2026-03-25 16:59:37,118 - __main__ - INFO - Sector-relative ranking: 6362 stocks
2026-03-25 16:59:38,298 - __main__ - INFO - Low-volatility quality screen: 2196 stocks
2026-03-25 16:59:38,759 - __main__ - INFO - FCF compounders screen: 964 stocks
2026-03-25 16:59:38,773 - __main__ - INFO - Total return leaders screen: 6362 stocks
2026-03-25 16:59:38,773 - __main__ - INFO -   ✓ quality: 932 stocks
2026-03-25 16:59:38,773 - __main__ - INFO -   ✓ earnings_quality: 1,162 stocks
2026-03-25 16:59:38,773 - __main__ - INFO -   ✓ value: 1,044 stocks
2026-03-25 16:59:38,773 - __main__ - INFO -   ✓ growth: 2,826 stocks
2026-03-25 16:59:38,773 - __main__ - INFO -   ✓ garp: 922 stocks
2026-03-25 16:59:38,773 - __main__ - INFO -   ✓ dividend: 15 stocks
2026-03-25 16:59:38,773 - __main__ - INFO -   ✓ healthy: 1,418 stocks
2026-03-25 16:59:38,773 - __main__ - INFO -   ✓ valuation_reversion: 449 stocks
2026-03-25 16:59:38,773 - __main__ - INFO -   ✓ integrity_growth: 1,075 stocks
2026-03-25 16:59:38,773 - __main__ - INFO -   ✓ high_yield_safe: 45 stocks
2026-03-25 16:59:38,773 - __main__ - INFO -   ✓ sector_relative: 6,362 stocks
2026-03-25 16:59:38,773 - __main__ - INFO -   ✓ low_vol_quality: 2,196 stocks
2026-03-25 16:59:38,773 - __main__ - INFO -   ✓ fcf_compounders: 964 stocks
2026-03-25 16:59:38,773 - __main__ - INFO -   ✓ total_return_leaders: 6,362 stocks
2026-03-25 16:59:38,773 - __main__ - INFO -   ⏱ Step 5d completed in 9.5s
2026-03-25 16:59:38,773 - __main__ - INFO - 
2026-03-25 16:59:38,773 - __main__ - INFO - 🧪 Step 5e: Resampled Bayesian posterior returns...
2026-03-25 16:59:38,773 - __main__ - INFO - --------------------------------------------------------------------------------
2026-03-25 16:59:57,928 - __main__ - INFO - Resampled posterior returns: 6358 stocks, mean posterior=-3.82%
2026-03-25 16:59:58,341 - __main__ - INFO -   ✓ Resampled posteriors: 6,358 stocks
2026-03-25 16:59:58,341 - __main__ - INFO -   Mean posterior return: -3.82%
2026-03-25 16:59:58,341 - __main__ - INFO -   ⏱ Step 5e completed in 19.6s
2026-03-25 16:59:58,341 - __main__ - INFO - 
2026-03-25 16:59:58,342 - __main__ - INFO - 🔗 Step 6: Cross-model alignment...
2026-03-25 16:59:58,342 - __main__ - INFO - --------------------------------------------------------------------------------
2026-03-25 16:59:58,353 - __main__ - INFO - Tri-model alignment: 5515 stocks, 4741 strong bullish
2026-03-25 16:59:58,358 - __main__ - INFO - Strong consensus picks: 50 stocks
2026-03-25 16:59:58,365 - __main__ - INFO - Quad-model alignment: 5512 stocks, full consensus (4/4): 1522
2026-03-25 16:59:58,365 - __main__ - INFO -   Tri-model coverage: 5,515 stocks
2026-03-25 16:59:58,365 - __main__ - INFO -     Strong Bearish (0/3): 505
2026-03-25 16:59:58,365 - __main__ - INFO -     Bearish (1/3): 102
2026-03-25 16:59:58,366 - __main__ - INFO -     Bullish (2/3): 167
2026-03-25 16:59:58,366 - __main__ - INFO -     Strong Bullish (3/3): 4741
2026-03-25 16:59:58,366 - __main__ - INFO -   Strong consensus picks: 50
2026-03-25 16:59:58,366 - __main__ - INFO -   Quad-model (4/4): 1522 stocks
2026-03-25 16:59:58,383 - __main__ - INFO -   MC ↔ Kalman correlation: 0.958
2026-03-25 16:59:58,384 - __main__ - INFO -   ⏱ Step 6 completed in 0.0s
2026-03-25 16:59:58,384 - __main__ - INFO - 
2026-03-25 16:59:58,384 - __main__ - INFO - 📋 Step 7: Building expected_returns_summary (4-model merge)...
2026-03-25 16:59:58,384 - __main__ - INFO - --------------------------------------------------------------------------------
2026-03-25 16:59:58,405 - __main__ - INFO - Enriched expected_returns_summary with 43 anomaly columns
2026-03-25 16:59:58,410 - __main__ - INFO - Enriched expected_returns_summary with 21 credit risk columns
2026-03-25 16:59:58,416 - __main__ - INFO - Enriched expected_returns_summary with 11 dividend safety columns
2026-03-25 16:59:58,616 - __main__ - INFO - Enriched expected_returns_summary with 33 columns from mv_all_stock_features
2026-03-25 16:59:58,620 - __main__ - INFO - Expected returns summary: 5512 stocks, 1522 strong bullish (4/4)
2026-03-25 16:59:58,620 - __main__ - INFO -   ✓ 5,512 stocks in expected_returns_summary
2026-03-25 16:59:58,620 - __main__ - INFO -   Full consensus (4/4): 1522 stocks
2026-03-25 16:59:58,662 - __main__ - INFO - Quality scoring: 11 High, 1646 Above Avg
2026-03-25 16:59:58,666 - __main__ - INFO -   High-quality full consensus: 706 stocks
2026-03-25 16:59:58,703 - __main__ - INFO - Added z-scores and percentile ranks for 3 return metrics
2026-03-25 16:59:58,705 - __main__ - INFO -   Agreement distribution:
2026-03-25 16:59:58,705 - __main__ - INFO -     Strong Bearish (0/4): 384
2026-03-25 16:59:58,705 - __main__ - INFO -     Bearish (1/4): 194
2026-03-25 16:59:58,706 - __main__ - INFO -     Neutral (2/4): 144
2026-03-25 16:59:58,706 - __main__ - INFO -     Bullish (3/4): 3268
2026-03-25 16:59:58,706 - __main__ - INFO -     Strong Bullish (4/4): 1522
2026-03-25 16:59:58,796 - __main__ - INFO - Cross-model diagnostics: tail agreement=95.2%, mean dispersion=9.71
2026-03-25 16:59:58,798 - __main__ - INFO - 
  🔬 Cross-Model Diagnostics:
2026-03-25 16:59:58,798 - __main__ - INFO -      Direction agreement: 95.2%
2026-03-25 16:59:58,798 - __main__ - INFO -      Mean inter-model dispersion: 9.71
2026-03-25 16:59:58,798 - __main__ - INFO -      Kendall τ (expected_upside_pct ↔ filtered_upside): 0.916 (p=0.0000)
2026-03-25 16:59:58,798 - __main__ - INFO -      Kendall τ (expected_upside_pct ↔ expected_return_prob_weighted): 0.481 (p=0.0000)
2026-03-25 16:59:58,798 - __main__ - INFO -      Kendall τ (filtered_upside ↔ expected_return_prob_weighted): 0.507 (p=0.0000)
2026-03-25 16:59:58,851 - __main__ - INFO - 
  🏢 Sector Analytics: 59 sectors
2026-03-25 16:59:58,902 - __main__ - INFO -    Hierarchical MCMC: 39 sector posteriors (Bayesian shrinkage)
2026-03-25 16:59:58,902 - __main__ - INFO -      Metals and Mining: raw=36.7% → posterior=36.6% (shrinkage=0.96)
2026-03-25 16:59:58,902 - __main__ - INFO -      Trading Companies and Distributors: raw=31.0% → posterior=31.2% (shrinkage=0.88)
2026-03-25 16:59:58,902 - __main__ - INFO -      Software: raw=63.5% → posterior=62.1% (shrinkage=0.96)
2026-03-25 16:59:58,902 - __main__ - INFO -      Biotechnology: raw=83.1% → posterior=80.8% (shrinkage=0.95)
2026-03-25 16:59:58,902 - __main__ - INFO -      Aerospace and Defense: raw=25.4% → posterior=26.1% (shrinkage=0.90)
2026-03-25 16:59:59,416 - finance_ml.analytics.statistical_analysis - INFO - Multi-level hierarchical MCMC: 9 levels, 307 total groups for 'expected_upside_pct'
2026-03-25 16:59:59,417 - __main__ - INFO -    Multi-level MCMC: 9 category levels, 307 group posteriors
2026-03-25 16:59:59,418 - __main__ - INFO -      [region] Europe: raw=42.7% → posterior=42.6% (n=1558, shrink=0.99)
2026-03-25 16:59:59,418 - __main__ - INFO -      [region] United States and Canada: raw=34.3% → posterior=34.3% (n=1703, shrink=0.99)
2026-03-25 16:59:59,418 - __main__ - INFO -      [region] Latin America and Caribbean: raw=32.7% → posterior=32.7% (n=230, shrink=0.96)
2026-03-25 16:59:59,418 - __main__ - INFO -      [region] Africa / Middle East: raw=31.2% → posterior=31.3% (n=283, shrink=0.97)
2026-03-25 16:59:59,418 - __main__ - INFO -      [region] Asia / Pacific: raw=22.0% → posterior=22.1% (n=1738, shrink=0.99)
2026-03-25 16:59:59,418 - __main__ - INFO -      [country] GB: raw=59.2% → posterior=58.7% (n=287, shrink=0.97)
2026-03-25 16:59:59,418 - __main__ - INFO -      [country] LU: raw=64.1% → posterior=56.7% (n=24, shrink=0.66)
2026-03-25 16:59:59,418 - __main__ - INFO -      [country] DE: raw=51.7% → posterior=51.1% (n=168, shrink=0.94)
2026-03-25 16:59:59,419 - __main__ - INFO -      [country] SE: raw=48.0% → posterior=47.7% (n=168, shrink=0.94)
2026-03-25 16:59:59,419 - __main__ - INFO -      [country] NL: raw=48.1% → posterior=47.3% (n=57, shrink=0.85)
2026-03-25 16:59:59,419 - __main__ - INFO -      [country] IT: raw=47.1% → posterior=46.7% (n=107, shrink=0.91)
2026-03-25 16:59:59,419 - __main__ - INFO -      [country] IE: raw=46.4% → posterior=45.5% (n=32, shrink=0.76)
2026-03-25 16:59:59,419 - __main__ - INFO -      [country] MT: raw=124.9% → posterior=45.0% (n=3, shrink=0.03)
2026-03-25 16:59:59,419 - __main__ - INFO -      [country] JE: raw=43.8% → posterior=42.6% (n=3, shrink=0.03)
2026-03-25 16:59:59,419 - __main__ - INFO -      [country] FR: raw=42.3% → posterior=42.4% (n=157, shrink=0.94)
2026-03-25 16:59:59,419 - __main__ - INFO -      [country] BE: raw=42.3% → posterior=42.3% (n=41, shrink=0.80)
2026-03-25 16:59:59,419 - __main__ - INFO -      [country] SI: raw=-1.2% → posterior=41.3% (n=3, shrink=0.03)
2026-03-25 16:59:59,419 - __main__ - INFO -      [country] HU: raw=9.1% → posterior=40.9% (n=4, shrink=0.05)
2026-03-25 16:59:59,419 - __main__ - INFO -      [country] CY: raw=7.7% → posterior=39.9% (n=5, shrink=0.08)
2026-03-25 16:59:59,419 - __main__ - INFO -      [country] CZ: raw=6.1% → posterior=39.8% (n=5, shrink=0.08)
2026-03-25 16:59:59,419 - __main__ - INFO -      [country] AE: raw=41.4% → posterior=39.0% (n=33, shrink=0.77)
2026-03-25 16:59:59,419 - __main__ - INFO -      [country] TR: raw=40.5% → posterior=39.0% (n=52, shrink=0.84)
2026-03-25 16:59:59,419 - __main__ - INFO -      [country] MX: raw=39.5% → posterior=38.2% (n=45, shrink=0.82)
2026-03-25 16:59:59,419 - __main__ - INFO -      [country] ZA: raw=39.8% → posterior=38.1% (n=38, shrink=0.79)
2026-03-25 16:59:59,419 - __main__ - INFO -      [country] HR: raw=10.0% → posterior=38.0% (n=7, shrink=0.14)
2026-03-25 16:59:59,419 - __main__ - INFO -      [country] DK: raw=36.7% → posterior=38.0% (n=35, shrink=0.78)
2026-03-25 16:59:59,419 - __main__ - INFO -      [country] VG: raw=197.5% → posterior=37.5% (n=3, shrink=0.03)
2026-03-25 16:59:59,419 - __main__ - INFO -      [country] PT: raw=16.7% → posterior=36.1% (n=10, shrink=0.25)
2026-03-25 16:59:59,419 - __main__ - INFO -      [country] US: raw=35.1% → posterior=35.1% (n=1502, shrink=0.99)
2026-03-25 16:59:59,419 - __main__ - INFO -      [country] HK: raw=35.8% → posterior=33.5% (n=50, shrink=0.83)
2026-03-25 16:59:59,420 - __main__ - INFO -      [country] ID: raw=37.5% → posterior=33.5% (n=29, shrink=0.74)
2026-03-25 16:59:59,420 - __main__ - INFO -      [country] KY: raw=38.8% → posterior=33.2% (n=5, shrink=0.08)
2026-03-25 16:59:59,420 - __main__ - INFO -      [country] SA: raw=33.1% → posterior=32.9% (n=70, shrink=0.88)
2026-03-25 16:59:59,420 - __main__ - INFO -      [country] QA: raw=34.8% → posterior=32.5% (n=13, shrink=0.36)
2026-03-25 16:59:59,421 - __main__ - INFO -      [country] RO: raw=-14.8% → posterior=32.5% (n=8, shrink=0.18)
2026-03-25 16:59:59,421 - __main__ - INFO -      [country] CH: raw=31.4% → posterior=32.3% (n=113, shrink=0.92)
2026-03-25 16:59:59,421 - __main__ - INFO -      [country] BR: raw=31.8% → posterior=31.9% (n=121, shrink=0.92)
2026-03-25 16:59:59,421 - __main__ - INFO -      [country] PE: raw=12.3% → posterior=31.7% (n=4, shrink=0.05)
2026-03-25 16:59:59,421 - __main__ - INFO -      [country] SG: raw=36.3% → posterior=31.7% (n=25, shrink=0.68)
2026-03-25 16:59:59,422 - __main__ - INFO -      [country] ES: raw=29.6% → posterior=31.6% (n=53, shrink=0.84)
2026-03-25 16:59:59,422 - __main__ - INFO -      [country] MA: raw=33.9% → posterior=31.4% (n=4, shrink=0.05)
2026-03-25 16:59:59,422 - __main__ - INFO -      [country] AU: raw=32.8% → posterior=31.3% (n=59, shrink=0.86)
2026-03-25 16:59:59,422 - __main__ - INFO -      [country] GR: raw=21.9% → posterior=30.8% (n=20, shrink=0.57)
2026-03-25 16:59:59,422 - __main__ - INFO -      [country] IL: raw=30.2% → posterior=30.6% (n=23, shrink=0.64)
2026-03-25 16:59:59,422 - __main__ - INFO -      [country] CO: raw=9.7% → posterior=30.2% (n=6, shrink=0.11)
2026-03-25 16:59:59,422 - __main__ - INFO -      [country] EG: raw=28.6% → posterior=30.2% (n=14, shrink=0.40)
2026-03-25 16:59:59,422 - __main__ - INFO -      [country] FI: raw=28.7% → posterior=30.2% (n=80, shrink=0.89)
2026-03-25 16:59:59,422 - __main__ - INFO -      [country] GH: raw=-13.2% → posterior=30.0% (n=3, shrink=0.03)
2026-03-25 16:59:59,422 - __main__ - INFO -      [country] AT: raw=24.8% → posterior=29.7% (n=28, shrink=0.72)
2026-03-25 16:59:59,422 - __main__ - INFO -      [country] KW: raw=15.8% → posterior=29.6% (n=6, shrink=0.11)
2026-03-25 16:59:59,422 - __main__ - INFO -      [country] CL: raw=25.1% → posterior=28.7% (n=18, shrink=0.52)
2026-03-25 16:59:59,422 - __main__ - INFO -      [country] CA: raw=27.8% → posterior=28.1% (n=201, shrink=0.95)
2026-03-25 16:59:59,422 - __main__ - INFO -      [country] PL: raw=23.1% → posterior=26.5% (n=47, shrink=0.82)
2026-03-25 16:59:59,422 - __main__ - INFO -      [country] CN: raw=23.8% → posterior=23.8% (n=712, shrink=0.99)
2026-03-25 16:59:59,422 - __main__ - INFO -      [country] IN: raw=23.9% → posterior=23.8% (n=210, shrink=0.95)
2026-03-25 16:59:59,422 - __main__ - INFO -      [country] VN: raw=27.7% → posterior=22.9% (n=7, shrink=0.14)
2026-03-25 16:59:59,423 - __main__ - INFO -      [country] NZ: raw=24.9% → posterior=22.4% (n=6, shrink=0.11)
2026-03-25 16:59:59,423 - __main__ - INFO -      [country] TH: raw=22.0% → posterior=22.0% (n=23, shrink=0.64)
2026-03-25 16:59:59,423 - __main__ - INFO -      [country] BM: raw=15.2% → posterior=21.9% (n=22, shrink=0.62)
2026-03-25 16:59:59,423 - __main__ - INFO -      [country] PH: raw=19.1% → posterior=21.9% (n=5, shrink=0.08)
2026-03-25 16:59:59,423 - __main__ - INFO -      [country] NO: raw=19.2% → posterior=21.8% (n=81, shrink=0.89)
2026-03-25 16:59:59,423 - __main__ - INFO -      [country] OM: raw=-7.4% → posterior=20.2% (n=11, shrink=0.29)
2026-03-25 16:59:59,423 - __main__ - INFO -      [country] MY: raw=17.9% → posterior=18.9% (n=30, shrink=0.75)
2026-03-25 16:59:59,423 - __main__ - INFO -      [country] KR: raw=18.0% → posterior=18.4% (n=113, shrink=0.92)
2026-03-25 16:59:59,423 - __main__ - INFO -      [country] TW: raw=15.8% → posterior=16.3% (n=99, shrink=0.91)
2026-03-25 16:59:59,423 - __main__ - INFO -      [country] JP: raw=14.6% → posterior=14.8% (n=362, shrink=0.97)
2026-03-25 16:59:59,423 - __main__ - INFO -      [country] NG: raw=-17.1% → posterior=13.8% (n=13, shrink=0.36)
2026-03-25 16:59:59,423 - __main__ - INFO -      [trading_country] GB: raw=60.1% → posterior=59.5% (n=284, shrink=0.97)
2026-03-25 16:59:59,424 - __main__ - INFO -      [trading_country] DE: raw=55.6% → posterior=54.9% (n=177, shrink=0.95)
2026-03-25 16:59:59,424 - __main__ - INFO -      [trading_country] SE: raw=48.4% → posterior=48.1% (n=171, shrink=0.94)
2026-03-25 16:59:59,424 - __main__ - INFO -      [trading_country] BE: raw=48.4% → posterior=47.2% (n=39, shrink=0.80)
2026-03-25 16:59:59,424 - __main__ - INFO -      [trading_country] IT: raw=45.6% → posterior=45.3% (n=101, shrink=0.91)
2026-03-25 16:59:59,424 - __main__ - INFO -      [trading_country] FR: raw=43.3% → posterior=43.3% (n=159, shrink=0.94)
2026-03-25 16:59:59,424 - __main__ - INFO -      [trading_country] IE: raw=30.6% → posterior=42.0% (n=4, shrink=0.05)
2026-03-25 16:59:59,424 - __main__ - INFO -      [trading_country] SI: raw=-1.2% → posterior=41.3% (n=3, shrink=0.03)
2026-03-25 16:59:59,424 - __main__ - INFO -      [trading_country] HU: raw=-7.0% → posterior=41.2% (n=3, shrink=0.03)
2026-03-25 16:59:59,424 - __main__ - INFO -      [trading_country] CZ: raw=-0.6% → posterior=40.4% (n=4, shrink=0.05)
2026-03-25 16:59:59,424 - __main__ - INFO -      [trading_country] MX: raw=41.1% → posterior=39.5% (n=42, shrink=0.81)
2026-03-25 16:59:59,424 - __main__ - INFO -      [trading_country] TR: raw=40.7% → posterior=39.2% (n=51, shrink=0.84)
2026-03-25 16:59:59,424 - __main__ - INFO -      [trading_country] DK: raw=37.5% → posterior=38.7% (n=34, shrink=0.77)
2026-03-25 16:59:59,424 - __main__ - INFO -      [trading_country] AE: raw=40.6% → posterior=38.4% (n=31, shrink=0.76)
2026-03-25 16:59:59,424 - __main__ - INFO -      [trading_country] HR: raw=10.0% → posterior=38.0% (n=7, shrink=0.14)
2026-03-25 16:59:59,424 - __main__ - INFO -      [trading_country] NL: raw=36.9% → posterior=37.9% (n=51, shrink=0.84)
2026-03-25 16:59:59,424 - __main__ - INFO -      [trading_country] US: raw=36.3% → posterior=36.3% (n=1696, shrink=0.99)
2026-03-25 16:59:59,424 - __main__ - INFO -      [trading_country] HK: raw=36.8% → posterior=35.9% (n=165, shrink=0.94)
2026-03-25 16:59:59,424 - __main__ - INFO -      [trading_country] GR: raw=26.1% → posterior=35.0% (n=16, shrink=0.46)
2026-03-25 16:59:59,425 - __main__ - INFO -      [trading_country] PT: raw=15.2% → posterior=33.7% (n=12, shrink=0.32)
2026-03-25 16:59:59,425 - __main__ - INFO -      [trading_country] ID: raw=37.5% → posterior=33.5% (n=29, shrink=0.74)
2026-03-25 16:59:59,425 - __main__ - INFO -      [trading_country] SA: raw=33.1% → posterior=32.9% (n=70, shrink=0.88)
2026-03-25 16:59:59,425 - __main__ - INFO -      [trading_country] QA: raw=34.8% → posterior=32.5% (n=13, shrink=0.36)
2026-03-25 16:59:59,425 - __main__ - INFO -      [trading_country] ES: raw=30.2% → posterior=32.2% (n=53, shrink=0.84)
2026-03-25 16:59:59,425 - __main__ - INFO -      [trading_country] PE: raw=13.4% → posterior=32.2% (n=3, shrink=0.03)
2026-03-25 16:59:59,425 - __main__ - INFO -      [trading_country] BR: raw=31.6% → posterior=31.7% (n=118, shrink=0.92)
2026-03-25 16:59:59,425 - __main__ - INFO -      [trading_country] MA: raw=33.9% → posterior=31.4% (n=4, shrink=0.05)
2026-03-25 16:59:59,425 - __main__ - INFO -      [trading_country] CH: raw=30.1% → posterior=31.3% (n=95, shrink=0.90)
2026-03-25 16:59:59,425 - __main__ - INFO -      [trading_country] CA: raw=30.4% → posterior=30.6% (n=202, shrink=0.95)
2026-03-25 16:59:59,425 - __main__ - INFO -      [trading_country] CO: raw=9.7% → posterior=30.2% (n=6, shrink=0.11)
2026-03-25 16:59:59,425 - __main__ - INFO -      [trading_country] EG: raw=28.6% → posterior=30.2% (n=14, shrink=0.40)
2026-03-25 16:59:59,425 - __main__ - INFO -      [trading_country] FI: raw=28.4% → posterior=30.0% (n=79, shrink=0.89)
2026-03-25 16:59:59,425 - __main__ - INFO -      [trading_country] GH: raw=-13.2% → posterior=30.0% (n=3, shrink=0.03)
2026-03-25 16:59:59,425 - __main__ - INFO -      [trading_country] CL: raw=26.9% → posterior=29.9% (n=17, shrink=0.49)
2026-03-25 16:59:59,425 - __main__ - INFO -      [trading_country] KW: raw=15.8% → posterior=29.6% (n=6, shrink=0.11)
2026-03-25 16:59:59,425 - __main__ - INFO -      [trading_country] ZA: raw=29.0% → posterior=29.5% (n=36, shrink=0.78)
2026-03-25 16:59:59,425 - __main__ - INFO -      [trading_country] AU: raw=30.3% → posterior=29.1% (n=56, shrink=0.85)
2026-03-25 16:59:59,425 - __main__ - INFO -      [trading_country] RO: raw=-13.6% → posterior=28.5% (n=10, shrink=0.25)
2026-03-25 16:59:59,425 - __main__ - INFO -      [trading_country] IL: raw=-7.8% → posterior=28.3% (n=5, shrink=0.08)
2026-03-25 16:59:59,425 - __main__ - INFO -      [trading_country] AT: raw=17.3% → posterior=27.0% (n=22, shrink=0.62)
2026-03-25 16:59:59,425 - __main__ - INFO -      [trading_country] PL: raw=23.2% → posterior=26.3% (n=52, shrink=0.84)
2026-03-25 16:59:59,425 - __main__ - INFO -      [trading_country] IN: raw=23.3% → posterior=23.2% (n=209, shrink=0.95)
2026-03-25 16:59:59,425 - __main__ - INFO -      [trading_country] VN: raw=27.7% → posterior=22.9% (n=7, shrink=0.14)
2026-03-25 16:59:59,425 - __main__ - INFO -      [trading_country] NO: raw=20.5% → posterior=22.6% (n=98, shrink=0.91)
2026-03-25 16:59:59,426 - __main__ - INFO -      [trading_country] TH: raw=22.0% → posterior=22.1% (n=22, shrink=0.62)
2026-03-25 16:59:59,426 - __main__ - INFO -      [trading_country] PH: raw=19.1% → posterior=21.9% (n=5, shrink=0.08)
2026-03-25 16:59:59,426 - __main__ - INFO -      [trading_country] NZ: raw=15.5% → posterior=21.4% (n=6, shrink=0.11)
2026-03-25 16:59:59,426 - __main__ - INFO -      [trading_country] OM: raw=-7.4% → posterior=20.2% (n=11, shrink=0.29)
2026-03-25 16:59:59,426 - __main__ - INFO -      [trading_country] CN: raw=20.0% → posterior=20.0% (n=566, shrink=0.98)
2026-03-25 16:59:59,426 - __main__ - INFO -      [trading_country] MY: raw=17.9% → posterior=18.9% (n=30, shrink=0.75)
2026-03-25 16:59:59,426 - __main__ - INFO -      [trading_country] KR: raw=18.0% → posterior=18.4% (n=113, shrink=0.92)
2026-03-25 16:59:59,426 - __main__ - INFO -      [trading_country] SG: raw=11.2% → posterior=17.8% (n=14, shrink=0.40)
2026-03-25 16:59:59,426 - __main__ - INFO -      [trading_country] TW: raw=15.9% → posterior=16.4% (n=100, shrink=0.91)
2026-03-25 16:59:59,426 - __main__ - INFO -      [trading_country] NG: raw=-19.5% → posterior=14.8% (n=12, shrink=0.32)
2026-03-25 16:59:59,426 - __main__ - INFO -      [trading_country] JP: raw=14.6% → posterior=14.8% (n=362, shrink=0.97)
2026-03-25 16:59:59,426 - __main__ - INFO -      [exchange] AIM: raw=99.2% → posterior=95.2% (n=90, shrink=0.90)
2026-03-25 16:59:59,427 - __main__ - INFO -      [exchange] NasdaqGM: raw=81.5% → posterior=77.4% (n=103, shrink=0.91)
2026-03-25 16:59:59,427 - __main__ - INFO -      [exchange] NasdaqCM: raw=69.6% → posterior=65.3% (n=70, shrink=0.88)
2026-03-25 16:59:59,427 - __main__ - INFO -      [exchange] XTRA: raw=53.5% → posterior=53.4% (n=172, shrink=0.95)
2026-03-25 16:59:59,427 - __main__ - INFO -      [exchange] DB: raw=85.0% → posterior=52.1% (n=3, shrink=0.03)
2026-03-25 16:59:59,427 - __main__ - INFO -      [exchange] OM: raw=49.4% → posterior=49.3% (n=169, shrink=0.94)
2026-03-25 16:59:59,427 - __main__ - INFO -      [exchange] ENXTBR: raw=48.4% → posterior=47.2% (n=39, shrink=0.80)
2026-03-25 16:59:59,427 - __main__ - INFO -      [exchange] BIT: raw=44.9% → posterior=45.1% (n=105, shrink=0.91)
2026-03-25 16:59:59,427 - __main__ - INFO -      [exchange] LSE: raw=44.2% → posterior=44.9% (n=198, shrink=0.95)
2026-03-25 16:59:59,427 - __main__ - INFO -      [exchange] ISE: raw=30.6% → posterior=44.8% (n=4, shrink=0.05)
2026-03-25 16:59:59,427 - __main__ - INFO -      [exchange] ENXTPA: raw=41.8% → posterior=41.8% (n=157, shrink=0.94)
2026-03-25 16:59:59,427 - __main__ - INFO -      [exchange] ADX: raw=41.8% → posterior=40.6% (n=20, shrink=0.57)
2026-03-25 16:59:59,427 - __main__ - INFO -      [exchange] BMV: raw=41.1% → posterior=40.5% (n=42, shrink=0.81)
2026-03-25 16:59:59,427 - __main__ - INFO -      [exchange] IBSE: raw=40.7% → posterior=40.4% (n=51, shrink=0.84)
2026-03-25 16:59:59,427 - __main__ - INFO -      [exchange] LJSE: raw=-1.2% → posterior=40.1% (n=3, shrink=0.03)
2026-03-25 16:59:59,427 - __main__ - INFO -      [exchange] NasdaqGS: raw=39.6% → posterior=39.6% (n=620, shrink=0.98)
2026-03-25 16:59:59,427 - __main__ - INFO -      [exchange] BUSE: raw=-7.0% → posterior=39.5% (n=3, shrink=0.03)
2026-03-25 16:59:59,427 - __main__ - INFO -      [exchange] DFM: raw=38.5% → posterior=38.9% (n=11, shrink=0.29)
2026-03-25 16:59:59,427 - __main__ - INFO -      [exchange] ENXTAM: raw=36.9% → posterior=38.6% (n=51, shrink=0.84)
2026-03-25 16:59:59,427 - __main__ - INFO -      [exchange] SEP: raw=-0.6% → posterior=37.8% (n=4, shrink=0.05)
2026-03-25 16:59:59,427 - __main__ - INFO -      [exchange] CPSE: raw=37.5% → posterior=37.6% (n=34, shrink=0.77)
2026-03-25 16:59:59,427 - __main__ - INFO -      [exchange] NYSEAM: raw=64.6% → posterior=37.4% (n=5, shrink=0.08)
2026-03-25 16:59:59,427 - __main__ - INFO -      [exchange] CNSX: raw=89.2% → posterior=36.7% (n=3, shrink=0.03)
2026-03-25 16:59:59,427 - __main__ - INFO -      [exchange] IDX: raw=37.5% → posterior=36.5% (n=29, shrink=0.74)
2026-03-25 16:59:59,427 - __main__ - INFO -      [exchange] SEHK: raw=36.8% → posterior=36.0% (n=165, shrink=0.94)
2026-03-25 16:59:59,428 - __main__ - INFO -      [exchange] ZGSE: raw=10.0% → posterior=34.1% (n=7, shrink=0.14)
2026-03-25 16:59:59,428 - __main__ - INFO -      [exchange] TSXV: raw=59.0% → posterior=33.6% (n=8, shrink=0.18)
2026-03-25 16:59:59,428 - __main__ - INFO -      [exchange] DSM: raw=34.8% → posterior=33.3% (n=13, shrink=0.36)
2026-03-25 16:59:59,428 - __main__ - INFO -      [exchange] SASE: raw=33.1% → posterior=33.1% (n=70, shrink=0.88)
2026-03-25 16:59:59,428 - __main__ - INFO -      [exchange] BOVESPA: raw=31.6% → posterior=31.6% (n=118, shrink=0.92)
2026-03-25 16:59:59,428 - __main__ - INFO -      [exchange] CBSE: raw=33.9% → posterior=31.5% (n=4, shrink=0.05)
2026-03-25 16:59:59,428 - __main__ - INFO -      [exchange] BME: raw=31.2% → posterior=31.2% (n=53, shrink=0.84)
2026-03-25 16:59:59,428 - __main__ - INFO -      [exchange] BVL: raw=13.4% → posterior=31.1% (n=3, shrink=0.03)
2026-03-25 16:59:59,428 - __main__ - INFO -      [exchange] JSE: raw=29.0% → posterior=31.0% (n=36, shrink=0.78)
2026-03-25 16:59:59,428 - __main__ - INFO -      [exchange] SWX: raw=30.3% → posterior=30.5% (n=96, shrink=0.91)
2026-03-25 16:59:59,428 - __main__ - INFO -      [exchange] ASX: raw=30.3% → posterior=30.5% (n=56, shrink=0.85)
2026-03-25 16:59:59,428 - __main__ - INFO -      [exchange] ENXTLS: raw=14.7% → posterior=30.0% (n=11, shrink=0.29)
2026-03-25 16:59:59,428 - __main__ - INFO -      [exchange] CASE: raw=28.6% → posterior=29.6% (n=14, shrink=0.40)
2026-03-25 16:59:59,428 - __main__ - INFO -      [exchange] GHSE: raw=-13.2% → posterior=28.7% (n=3, shrink=0.03)
2026-03-25 16:59:59,428 - __main__ - INFO -      [exchange] ATSE: raw=26.1% → posterior=28.6% (n=16, shrink=0.46)
2026-03-25 16:59:59,428 - __main__ - INFO -      [exchange] HLSE: raw=28.4% → posterior=28.6% (n=79, shrink=0.89)
2026-03-25 16:59:59,428 - __main__ - INFO -      [exchange] KWSE: raw=15.8% → posterior=28.1% (n=6, shrink=0.11)
2026-03-25 16:59:59,429 - __main__ - INFO -      [exchange] BVC: raw=9.7% → posterior=28.0% (n=6, shrink=0.11)
2026-03-25 16:59:59,429 - __main__ - INFO -      [exchange] SNSE: raw=26.9% → posterior=27.8% (n=17, shrink=0.49)
2026-03-25 16:59:59,429 - __main__ - INFO -      [exchange] TSX: raw=27.7% → posterior=27.7% (n=189, shrink=0.95)
2026-03-25 16:59:59,429 - __main__ - INFO -      [exchange] TASE: raw=-7.8% → posterior=27.6% (n=5, shrink=0.08)
2026-03-25 16:59:59,429 - __main__ - INFO -      [exchange] NYSE: raw=25.7% → posterior=25.8% (n=888, shrink=0.99)
2026-03-25 16:59:59,429 - __main__ - INFO -      [exchange] NSEI: raw=25.1% → posterior=25.1% (n=150, shrink=0.94)
2026-03-25 16:59:59,429 - __main__ - INFO -      [exchange] OTCPK: raw=33.4% → posterior=24.3% (n=4, shrink=0.05)
2026-03-25 16:59:59,429 - __main__ - INFO -      [exchange] SGX: raw=11.2% → posterior=23.6% (n=14, shrink=0.40)
2026-03-25 16:59:59,429 - __main__ - INFO -      [exchange] HOSE: raw=27.7% → posterior=23.6% (n=7, shrink=0.14)
2026-03-25 16:59:59,429 - __main__ - INFO -      [exchange] WSE: raw=23.0% → posterior=23.5% (n=52, shrink=0.84)
2026-03-25 16:59:59,429 - __main__ - INFO -      [exchange] SET: raw=22.0% → posterior=22.0% (n=22, shrink=0.62)
2026-03-25 16:59:59,429 - __main__ - INFO -      [exchange] WBAG: raw=17.3% → posterior=22.0% (n=22, shrink=0.62)
2026-03-25 16:59:59,429 - __main__ - INFO -      [exchange] NZSE: raw=15.5% → posterior=21.7% (n=6, shrink=0.11)
2026-03-25 16:59:59,429 - __main__ - INFO -      [exchange] PSE: raw=19.1% → posterior=21.7% (n=5, shrink=0.08)
2026-03-25 16:59:59,429 - __main__ - INFO -      [exchange] SHSE: raw=21.3% → posterior=21.3% (n=299, shrink=0.97)
2026-03-25 16:59:59,429 - __main__ - INFO -      [exchange] BVB: raw=-13.6% → posterior=21.0% (n=10, shrink=0.25)
2026-03-25 16:59:59,429 - __main__ - INFO -      [exchange] OB: raw=20.6% → posterior=20.7% (n=99, shrink=0.91)
2026-03-25 16:59:59,429 - __main__ - INFO -      [exchange] KOSE: raw=19.7% → posterior=19.6% (n=98, shrink=0.91)
2026-03-25 16:59:59,429 - __main__ - INFO -      [exchange] BSE: raw=18.5% → posterior=19.3% (n=59, shrink=0.86)
2026-03-25 16:59:59,429 - __main__ - INFO -      [exchange] SZSE: raw=18.5% → posterior=18.7% (n=267, shrink=0.96)
2026-03-25 16:59:59,429 - __main__ - INFO -      [exchange] KLSE: raw=17.9% → posterior=18.1% (n=30, shrink=0.75)
2026-03-25 16:59:59,429 - __main__ - INFO -      [exchange] TWSE: raw=16.2% → posterior=16.2% (n=82, shrink=0.89)
2026-03-25 16:59:59,429 - __main__ - INFO -      [exchange] TPEX: raw=14.3% → posterior=15.3% (n=18, shrink=0.52)
2026-03-25 16:59:59,429 - __main__ - INFO -      [exchange] TSE: raw=14.6% → posterior=14.6% (n=362, shrink=0.97)
2026-03-25 16:59:59,429 - __main__ - INFO -      [exchange] KOSDAQ: raw=7.2% → posterior=13.6% (n=15, shrink=0.43)
2026-03-25 16:59:59,430 - __main__ - INFO -      [exchange] MSM: raw=-7.4% → posterior=12.3% (n=11, shrink=0.29)
2026-03-25 16:59:59,430 - __main__ - INFO -      [exchange] NGSE: raw=-19.5% → posterior=3.0% (n=12, shrink=0.32)
2026-03-25 16:59:59,431 - __main__ - INFO -      [unit] GBP: raw=60.2% → posterior=59.3% (n=282, shrink=0.97)
2026-03-25 16:59:59,431 - __main__ - INFO -      [unit] SEK: raw=48.1% → posterior=47.2% (n=170, shrink=0.94)
2026-03-25 16:59:59,431 - __main__ - INFO -      [unit] EUR: raw=41.7% → posterior=41.6% (n=727, shrink=0.99)
2026-03-25 16:59:59,431 - __main__ - INFO -      [unit] MXN: raw=41.1% → posterior=39.4% (n=42, shrink=0.81)
2026-03-25 16:59:59,431 - __main__ - INFO -      [unit] TRY: raw=40.7% → posterior=39.4% (n=51, shrink=0.84)
2026-03-25 16:59:59,431 - __main__ - INFO -      [unit] AED: raw=40.6% → posterior=38.7% (n=31, shrink=0.76)
2026-03-25 16:59:59,431 - __main__ - INFO -      [unit] HKD: raw=36.8% → posterior=36.5% (n=165, shrink=0.94)
2026-03-25 16:59:59,431 - __main__ - INFO -      [unit] DKK: raw=37.5% → posterior=36.4% (n=34, shrink=0.77)
2026-03-25 16:59:59,431 - __main__ - INFO -      [unit] USD: raw=36.3% → posterior=36.2% (n=1701, shrink=0.99)
2026-03-25 16:59:59,431 - __main__ - INFO -      [unit] IDR: raw=37.5% → posterior=36.2% (n=29, shrink=0.74)
2026-03-25 16:59:59,431 - __main__ - INFO -      [unit] QAR: raw=34.8% → posterior=33.4% (n=13, shrink=0.36)
2026-03-25 16:59:59,431 - __main__ - INFO -      [unit] SAR: raw=33.1% → posterior=33.1% (n=70, shrink=0.88)
2026-03-25 16:59:59,431 - __main__ - INFO -      [unit] MAD: raw=33.9% → posterior=32.6% (n=4, shrink=0.05)
2026-03-25 16:59:59,431 - __main__ - INFO -      [unit] VND: raw=27.7% → posterior=31.9% (n=7, shrink=0.14)
2026-03-25 16:59:59,431 - __main__ - INFO -      [unit] BRL: raw=31.6% → posterior=31.7% (n=118, shrink=0.92)
2026-03-25 16:59:59,431 - __main__ - INFO -      [unit] PHP: raw=19.1% → posterior=31.5% (n=5, shrink=0.08)
2026-03-25 16:59:59,432 - __main__ - INFO -      [unit] HUF: raw=-7.0% → posterior=31.4% (n=3, shrink=0.03)
2026-03-25 16:59:59,432 - __main__ - INFO -      [unit] GHS: raw=-13.2% → posterior=31.2% (n=3, shrink=0.03)
2026-03-25 16:59:59,432 - __main__ - INFO -      [unit] EGP: raw=28.6% → posterior=31.0% (n=14, shrink=0.40)
2026-03-25 16:59:59,432 - __main__ - INFO -      [unit] CZK: raw=-0.6% → posterior=30.9% (n=4, shrink=0.05)
2026-03-25 16:59:59,432 - __main__ - INFO -      [unit] KWD: raw=15.8% → posterior=30.8% (n=6, shrink=0.11)
2026-03-25 16:59:59,432 - __main__ - INFO -      [unit] NZD: raw=15.5% → posterior=30.7% (n=6, shrink=0.11)
2026-03-25 16:59:59,432 - __main__ - INFO -      [unit] AUD: raw=30.3% → posterior=30.7% (n=56, shrink=0.85)
2026-03-25 16:59:59,432 - __main__ - INFO -      [unit] CAD: raw=30.4% → posterior=30.5% (n=202, shrink=0.95)
2026-03-25 16:59:59,432 - __main__ - INFO -      [unit] CHF: raw=30.1% → posterior=30.3% (n=95, shrink=0.90)
2026-03-25 16:59:59,432 - __main__ - INFO -      [unit] COP: raw=9.7% → posterior=30.1% (n=6, shrink=0.11)
2026-03-25 16:59:59,432 - __main__ - INFO -      [unit] ZAR: raw=29.0% → posterior=29.8% (n=36, shrink=0.78)
2026-03-25 16:59:59,432 - __main__ - INFO -      [unit] CLP: raw=26.9% → posterior=29.8% (n=17, shrink=0.49)
2026-03-25 16:59:59,432 - __main__ - INFO -      [unit] ILS: raw=-7.8% → posterior=29.5% (n=5, shrink=0.08)
2026-03-25 16:59:59,432 - __main__ - INFO -      [unit] THB: raw=22.0% → posterior=26.1% (n=22, shrink=0.62)
2026-03-25 16:59:59,432 - __main__ - INFO -      [unit] SGD: raw=10.5% → posterior=25.4% (n=12, shrink=0.32)
2026-03-25 16:59:59,432 - __main__ - INFO -      [unit] PLN: raw=23.2% → posterior=24.7% (n=52, shrink=0.84)
2026-03-25 16:59:59,432 - __main__ - INFO -      [unit] INR: raw=23.3% → posterior=23.7% (n=209, shrink=0.95)
2026-03-25 16:59:59,432 - __main__ - INFO -      [unit] NOK: raw=20.5% → posterior=21.6% (n=98, shrink=0.91)
2026-03-25 16:59:59,432 - __main__ - INFO -      [unit] MYR: raw=17.9% → posterior=21.6% (n=30, shrink=0.75)
2026-03-25 16:59:59,432 - __main__ - INFO -      [unit] OMR: raw=-7.4% → posterior=21.1% (n=11, shrink=0.29)
2026-03-25 16:59:59,432 - __main__ - INFO -      [unit] RON: raw=-13.6% → posterior=21.0% (n=10, shrink=0.25)
2026-03-25 16:59:59,432 - __main__ - INFO -      [unit] CNY: raw=20.0% → posterior=20.2% (n=566, shrink=0.98)
2026-03-25 16:59:59,432 - __main__ - INFO -      [unit] KRW: raw=18.0% → posterior=19.2% (n=113, shrink=0.92)
2026-03-25 16:59:59,432 - __main__ - INFO -      [unit] TWD: raw=15.9% → posterior=17.4% (n=100, shrink=0.91)
2026-03-25 16:59:59,432 - __main__ - INFO -      [unit] NGN: raw=-19.5% → posterior=15.7% (n=12, shrink=0.32)
2026-03-25 16:59:59,433 - __main__ - INFO -      [unit] JPY: raw=14.6% → posterior=15.0% (n=362, shrink=0.97)
2026-03-25 16:59:59,433 - __main__ - INFO -      [sector] Health Care: raw=55.4% → posterior=55.1% (n=720, shrink=0.99)
2026-03-25 16:59:59,433 - __main__ - INFO -      [sector] Consumer Discretionary: raw=39.6% → posterior=39.6% (n=794, shrink=0.99)
2026-03-25 16:59:59,433 - __main__ - INFO -      [sector] Information Technology: raw=33.7% → posterior=33.6% (n=847, shrink=0.99)
2026-03-25 16:59:59,433 - __main__ - INFO -      [sector] Communication Services: raw=33.8% → posterior=33.4% (n=243, shrink=0.96)
2026-03-25 16:59:59,433 - __main__ - INFO -      [sector] Materials: raw=29.1% → posterior=29.0% (n=601, shrink=0.98)
2026-03-25 16:59:59,433 - __main__ - INFO -      [sector] Consumer Staples: raw=28.2% → posterior=28.1% (n=501, shrink=0.98)
2026-03-25 16:59:59,433 - __main__ - INFO -      [sector] Industrials: raw=27.1% → posterior=27.3% (n=1251, shrink=0.99)
2026-03-25 16:59:59,434 - __main__ - INFO -      [sector] Utilities: raw=11.9% → posterior=12.3% (n=232, shrink=0.96)
2026-03-25 16:59:59,434 - __main__ - INFO -      [sector] Energy: raw=9.5% → posterior=10.2% (n=323, shrink=0.97)
2026-03-25 16:59:59,434 - __main__ - INFO -      [industry] Biotechnology: raw=83.1% → posterior=81.8% (n=205, shrink=0.95)
2026-03-25 16:59:59,434 - __main__ - INFO -      [industry] Software: raw=63.5% → posterior=62.2% (n=216, shrink=0.96)
2026-03-25 16:59:59,434 - __main__ - INFO -      [industry] Professional Services: raw=59.2% → posterior=56.0% (n=88, shrink=0.90)
2026-03-25 16:59:59,434 - __main__ - INFO -      [industry] Health Care Technology: raw=54.0% → posterior=54.3% (n=28, shrink=0.72)
2026-03-25 16:59:59,434 - __main__ - INFO -      [industry] Life Sciences Tools and Services: raw=52.6% → posterior=53.0% (n=65, shrink=0.87)
2026-03-25 16:59:59,435 - __main__ - INFO -      [industry] Interactive Media and Services: raw=54.6% → posterior=50.8% (n=46, shrink=0.82)
2026-03-25 16:59:59,435 - __main__ - INFO -      [industry] Leisure Products: raw=51.4% → posterior=48.1% (n=28, shrink=0.72)
2026-03-25 16:59:59,435 - __main__ - INFO -      [industry] Pharmaceuticals: raw=46.5% → posterior=46.9% (n=171, shrink=0.94)
2026-03-25 16:59:59,435 - __main__ - INFO -      [industry] Entertainment: raw=47.8% → posterior=46.2% (n=80, shrink=0.89)
2026-03-25 16:59:59,435 - __main__ - INFO -      [industry] Health Care Equipment and Supplies: raw=44.7% → posterior=45.5% (n=123, shrink=0.92)
2026-03-25 16:59:59,435 - __main__ - INFO -      [industry] Hotels Restaurants and Leisure: raw=44.5% → posterior=44.2% (n=163, shrink=0.94)
2026-03-25 16:59:59,435 - __main__ - INFO -      [industry] Media: raw=46.0% → posterior=43.7% (n=70, shrink=0.88)
2026-03-25 16:59:59,435 - __main__ - INFO -      [industry] IT Services: raw=43.4% → posterior=42.5% (n=106, shrink=0.91)
2026-03-25 16:59:59,435 - __main__ - INFO -      [industry] Distributors: raw=46.0% → posterior=41.4% (n=11, shrink=0.29)
2026-03-25 16:59:59,435 - __main__ - INFO -      [industry] Specialty Retail: raw=41.1% → posterior=41.0% (n=155, shrink=0.94)
2026-03-25 16:59:59,435 - __main__ - INFO -      [industry] Household Durables: raw=39.8% → posterior=39.8% (n=107, shrink=0.91)
2026-03-25 16:59:59,435 - __main__ - INFO -      [industry] Automobile Components: raw=38.4% → posterior=38.5% (n=112, shrink=0.92)
2026-03-25 16:59:59,435 - __main__ - INFO -      [industry] Health Care Providers and Services: raw=35.1% → posterior=36.5% (n=128, shrink=0.93)
2026-03-25 16:59:59,435 - __main__ - INFO -      [industry] Metals and Mining: raw=36.7% → posterior=36.4% (n=262, shrink=0.96)
2026-03-25 16:59:59,435 - __main__ - INFO -      [industry] Textiles Apparel and Luxury Goods: raw=35.6% → posterior=36.1% (n=67, shrink=0.87)
2026-03-25 16:59:59,435 - __main__ - INFO -      [industry] Broadline Retail: raw=33.6% → posterior=34.6% (n=47, shrink=0.82)
2026-03-25 16:59:59,435 - __main__ - INFO -      [industry] Commercial Services and Supplies: raw=35.2% → posterior=34.3% (n=87, shrink=0.90)
2026-03-25 16:59:59,435 - __main__ - INFO -      [industry] Diversified Consumer Services: raw=33.1% → posterior=34.3% (n=44, shrink=0.81)
2026-03-25 16:59:59,435 - __main__ - INFO -      [industry] Passenger Airlines: raw=34.3% → posterior=32.9% (n=40, shrink=0.80)
2026-03-25 16:59:59,435 - __main__ - INFO -      [industry] Automobiles: raw=31.4% → posterior=32.6% (n=60, shrink=0.86)
2026-03-25 16:59:59,435 - __main__ - INFO -      [industry] Building Products: raw=33.1% → posterior=32.4% (n=70, shrink=0.88)
2026-03-25 16:59:59,435 - __main__ - INFO -      [industry] Personal Care Products: raw=31.8% → posterior=31.1% (n=41, shrink=0.80)
2026-03-25 16:59:59,435 - __main__ - INFO -      [industry] Trading Companies and Distributors: raw=31.0% → posterior=30.5% (n=72, shrink=0.88)
2026-03-25 16:59:59,436 - __main__ - INFO -      [industry] Paper and Forest Products: raw=30.8% → posterior=30.2% (n=24, shrink=0.66)
2026-03-25 16:59:59,436 - __main__ - INFO -      [industry] Construction Materials: raw=29.5% → posterior=29.5% (n=53, shrink=0.84)
2026-03-25 16:59:59,436 - __main__ - INFO -      [industry] Technology Hardware Storage and Peripherals: raw=26.8% → posterior=27.8% (n=60, shrink=0.86)
2026-03-25 16:59:59,436 - __main__ - INFO -      [industry] Containers and Packaging: raw=27.2% → posterior=27.6% (n=33, shrink=0.77)
2026-03-25 16:59:59,436 - __main__ - INFO -      [industry] Consumer Staples Distribution and Retail: raw=27.3% → posterior=27.4% (n=98, shrink=0.91)
2026-03-25 16:59:59,436 - __main__ - INFO -      [industry] Beverages: raw=26.0% → posterior=26.3% (n=73, shrink=0.88)
2026-03-25 16:59:59,436 - __main__ - INFO -      [industry] Industrial Conglomerates: raw=25.8% → posterior=26.1% (n=47, shrink=0.82)
2026-03-25 16:59:59,436 - __main__ - INFO -      [industry] Ground Transportation: raw=25.7% → posterior=25.9% (n=72, shrink=0.88)
2026-03-25 16:59:59,436 - __main__ - INFO -      [industry] Aerospace and Defense: raw=25.4% → posterior=25.6% (n=95, shrink=0.90)
2026-03-25 16:59:59,436 - __main__ - INFO -      [industry] Tobacco: raw=16.6% → posterior=24.8% (n=11, shrink=0.29)
2026-03-25 16:59:59,436 - __main__ - INFO -      [industry] Machinery: raw=24.3% → posterior=24.4% (n=267, shrink=0.96)
2026-03-25 16:59:59,436 - __main__ - INFO -      [industry] Food Products: raw=24.0% → posterior=24.2% (n=189, shrink=0.95)
2026-03-25 16:59:59,436 - __main__ - INFO -      [industry] Electronic Equipment Instruments and Components: raw=23.1% → posterior=23.6% (n=205, shrink=0.95)
2026-03-25 16:59:59,436 - __main__ - INFO -      [industry] Household Products: raw=16.7% → posterior=21.9% (n=19, shrink=0.55)
2026-03-25 16:59:59,436 - __main__ - INFO -      [industry] Air Freight and Logistics: raw=19.9% → posterior=21.5% (n=36, shrink=0.78)
2026-03-25 16:59:59,436 - __main__ - INFO -      [industry] Transportation Infrastructure: raw=20.3% → posterior=21.5% (n=48, shrink=0.83)
2026-03-25 16:59:59,436 - __main__ - INFO -      [industry] Electrical Equipment: raw=21.1% → posterior=21.4% (n=178, shrink=0.95)
2026-03-25 16:59:59,436 - __main__ - INFO -      [industry] Communications Equipment: raw=19.0% → posterior=21.4% (n=52, shrink=0.84)
2026-03-25 16:59:59,436 - __main__ - INFO -      [industry] Chemicals: raw=20.4% → posterior=20.8% (n=229, shrink=0.96)
2026-03-25 16:59:59,436 - __main__ - INFO -      [industry] Diversified Telecommunication Services: raw=17.9% → posterior=19.7% (n=76, shrink=0.88)
2026-03-25 16:59:59,436 - __main__ - INFO -      [industry] Construction and Engineering: raw=18.9% → posterior=19.5% (n=118, shrink=0.92)
2026-03-25 16:59:59,436 - __main__ - INFO -      [industry] Wireless Telecommunication Services: raw=12.7% → posterior=16.8% (n=41, shrink=0.80)
2026-03-25 16:59:59,436 - __main__ - INFO -      [industry] Multi-Utilities: raw=15.9% → posterior=15.0% (n=32, shrink=0.76)
2026-03-25 16:59:59,436 - __main__ - INFO -      [industry] Semiconductors and Semiconductor Equipment: raw=14.0% → posterior=14.9% (n=208, shrink=0.95)
2026-03-25 16:59:59,437 - __main__ - INFO -      [industry] Independent Power and Renewable Electricity Producers: raw=14.9% → posterior=14.6% (n=69, shrink=0.87)
2026-03-25 16:59:59,437 - __main__ - INFO -      [industry] Water Utilities: raw=12.6% → posterior=12.5% (n=18, shrink=0.52)
2026-03-25 16:59:59,437 - __main__ - INFO -      [industry] Gas Utilities: raw=9.8% → posterior=10.4% (n=34, shrink=0.77)
2026-03-25 16:59:59,437 - __main__ - INFO -      [industry] Oil Gas and Consumable Fuels: raw=10.1% → posterior=10.1% (n=252, shrink=0.96)
2026-03-25 16:59:59,437 - __main__ - INFO -      [industry] Electric Utilities: raw=8.4% → posterior=8.9% (n=79, shrink=0.89)
2026-03-25 16:59:59,437 - __main__ - INFO -      [industry] Marine Transportation: raw=3.2% → posterior=8.8% (n=33, shrink=0.77)
2026-03-25 16:59:59,437 - __main__ - INFO -      [industry] Energy Equipment and Services: raw=7.3% → posterior=7.6% (n=71, shrink=0.88)
2026-03-25 16:59:59,438 - __main__ - INFO -      [style_class] Core: raw=33.8% → posterior=33.8% (n=3202, shrink=1.00)
2026-03-25 16:59:59,438 - __main__ - INFO -      [style_class] Growth: raw=32.1% → posterior=32.1% (n=733, shrink=0.99)
2026-03-25 16:59:59,438 - __main__ - INFO -      [style_class] Value: raw=30.3% → posterior=30.3% (n=1577, shrink=0.99)
2026-03-25 16:59:59,438 - __main__ - INFO -      [size_class] Small Cap: raw=44.2% → posterior=44.1% (n=2841, shrink=1.00)
2026-03-25 16:59:59,438 - __main__ - INFO -      [size_class] Mid Cap: raw=21.4% → posterior=21.5% (n=1590, shrink=0.99)
2026-03-25 16:59:59,438 - __main__ - INFO -      [size_class] Large Cap: raw=18.5% → posterior=18.6% (n=1081, shrink=0.99)
2026-03-25 16:59:59,439 - __main__ - INFO -      Biotechnology: MC mean=83.1%, consensus=78%, risk-adj=1.06
2026-03-25 16:59:59,439 - __main__ - INFO -      Containers and Packaging: MC mean=27.2%, consensus=76%, risk-adj=1.35
2026-03-25 16:59:59,439 - __main__ - INFO -      Paper and Forest Products: MC mean=30.8%, consensus=75%, risk-adj=1.41
2026-03-25 16:59:59,439 - __main__ - INFO -      Gas Utilities: MC mean=9.8%, consensus=74%, risk-adj=0.76
2026-03-25 16:59:59,439 - __main__ - INFO -      Metals and Mining: MC mean=36.7%, consensus=73%, risk-adj=0.77
2026-03-25 16:59:59,439 - __main__ - INFO -      Entertainment: MC mean=47.8%, consensus=72%, risk-adj=1.23
2026-03-25 16:59:59,439 - __main__ - INFO -      Water Utilities: MC mean=12.6%, consensus=72%, risk-adj=1.26
2026-03-25 16:59:59,439 - __main__ - INFO -      Construction Materials: MC mean=29.5%, consensus=72%, risk-adj=0.96
2026-03-25 16:59:59,439 - __main__ - INFO -      Automobiles: MC mean=31.4%, consensus=72%, risk-adj=1.68
2026-03-25 16:59:59,439 - __main__ - INFO -      Life Sciences Tools and Services: MC mean=52.6%, consensus=69%, risk-adj=1.00
2026-03-25 16:59:59,439 - __main__ - INFO -      Media: MC mean=46.0%, consensus=69%, risk-adj=0.92
2026-03-25 16:59:59,439 - __main__ - INFO -      Leisure Products: MC mean=51.4%, consensus=68%, risk-adj=0.50
2026-03-25 16:59:59,439 - __main__ - INFO -      Pharmaceuticals: MC mean=46.5%, consensus=68%, risk-adj=0.86
2026-03-25 16:59:59,439 - __main__ - INFO -      Specialty Retail: MC mean=41.1%, consensus=68%, risk-adj=0.81
2026-03-25 16:59:59,439 - __main__ - INFO -      Passenger Airlines: MC mean=34.3%, consensus=68%, risk-adj=2.10
2026-03-25 16:59:59,439 - __main__ - INFO -      Health Care Equipment and Supplies: MC mean=44.7%, consensus=67%, risk-adj=1.07
2026-03-25 16:59:59,439 - __main__ - INFO -      Independent Power and Renewable Electricity Producers: MC mean=14.9%, consensus=67%, risk-adj=0.66
2026-03-25 16:59:59,439 - __main__ - INFO -      Industrial Conglomerates: MC mean=25.8%, consensus=66%, risk-adj=1.31
2026-03-25 16:59:59,439 - __main__ - INFO -      Chemicals: MC mean=20.4%, consensus=65%, risk-adj=0.61
2026-03-25 16:59:59,439 - __main__ - INFO -      Automobile Components: MC mean=38.4%, consensus=64%, risk-adj=0.88
2026-03-25 16:59:59,440 - __main__ - INFO -      Broadline Retail: MC mean=33.6%, consensus=64%, risk-adj=1.16
2026-03-25 16:59:59,440 - __main__ - INFO -      Tobacco: MC mean=16.6%, consensus=64%, risk-adj=1.02
2026-03-25 16:59:59,440 - __main__ - INFO -      Distributors: MC mean=46.0%, consensus=64%, risk-adj=2.21
2026-03-25 16:59:59,440 - __main__ - INFO -      Household Durables: MC mean=39.8%, consensus=64%, risk-adj=1.31
2026-03-25 16:59:59,440 - __main__ - INFO -      Household Products: MC mean=16.7%, consensus=63%, risk-adj=0.79
2026-03-25 16:59:59,440 - __main__ - INFO -      Interactive Media and Services: MC mean=54.6%, consensus=63%, risk-adj=1.18
2026-03-25 16:59:59,440 - __main__ - INFO -      Building Products: MC mean=33.1%, consensus=63%, risk-adj=1.32
2026-03-25 16:59:59,440 - __main__ - INFO -      Software: MC mean=63.5%, consensus=62%, risk-adj=1.28
2026-03-25 16:59:59,440 - __main__ - INFO -      Diversified Consumer Services: MC mean=33.1%, consensus=61%, risk-adj=1.41
2026-03-25 16:59:59,440 - __main__ - INFO -      Consumer Staples Distribution and Retail: MC mean=27.3%, consensus=61%, risk-adj=0.91
2026-03-25 16:59:59,440 - __main__ - INFO -      Health Care Providers and Services: MC mean=35.1%, consensus=61%, risk-adj=1.04
2026-03-25 16:59:59,440 - __main__ - INFO -      Health Care Technology: MC mean=54.0%, consensus=61%, risk-adj=1.02
2026-03-25 16:59:59,440 - __main__ - INFO -      Aerospace and Defense: MC mean=25.4%, consensus=60%, risk-adj=0.84
2026-03-25 16:59:59,440 - __main__ - INFO -      Food Products: MC mean=24.0%, consensus=60%, risk-adj=0.96
2026-03-25 16:59:59,441 - __main__ - INFO -      Textiles Apparel and Luxury Goods: MC mean=35.6%, consensus=60%, risk-adj=1.06
2026-03-25 16:59:59,441 - __main__ - INFO -      Electric Utilities: MC mean=8.4%, consensus=59%, risk-adj=0.52
2026-03-25 16:59:59,441 - __main__ - INFO -      Machinery: MC mean=24.3%, consensus=59%, risk-adj=1.19
2026-03-25 16:59:59,441 - __main__ - INFO -      Personal Care Products: MC mean=31.8%, consensus=59%, risk-adj=1.22
2026-03-25 16:59:59,441 - __main__ - INFO -      Air Freight and Logistics: MC mean=19.9%, consensus=58%, risk-adj=0.94
2026-03-25 16:59:59,441 - __main__ - INFO -      Commercial Services and Supplies: MC mean=35.2%, consensus=57%, risk-adj=0.80
2026-03-25 16:59:59,441 - __main__ - INFO -      Transportation Infrastructure: MC mean=20.3%, consensus=56%, risk-adj=0.86
2026-03-25 16:59:59,441 - __main__ - INFO -      Multi-Utilities: MC mean=15.9%, consensus=56%, risk-adj=0.65
2026-03-25 16:59:59,441 - __main__ - INFO -      Diversified Telecommunication Services: MC mean=17.9%, consensus=55%, risk-adj=0.59
2026-03-25 16:59:59,441 - __main__ - INFO -      Hotels Restaurants and Leisure: MC mean=44.5%, consensus=55%, risk-adj=1.03
2026-03-25 16:59:59,441 - __main__ - INFO -      Wireless Telecommunication Services: MC mean=12.7%, consensus=54%, risk-adj=0.77
2026-03-25 16:59:59,441 - __main__ - INFO -      Professional Services: MC mean=59.2%, consensus=53%, risk-adj=1.03
2026-03-25 16:59:59,441 - __main__ - INFO -      Construction and Engineering: MC mean=18.9%, consensus=53%, risk-adj=0.94
2026-03-25 16:59:59,441 - __main__ - INFO -      IT Services: MC mean=43.4%, consensus=53%, risk-adj=1.19
2026-03-25 16:59:59,441 - __main__ - INFO -      Ground Transportation: MC mean=25.7%, consensus=53%, risk-adj=0.78
2026-03-25 16:59:59,441 - __main__ - INFO -      Technology Hardware Storage and Peripherals: MC mean=26.8%, consensus=52%, risk-adj=1.05
2026-03-25 16:59:59,441 - __main__ - INFO -      Trading Companies and Distributors: MC mean=31.0%, consensus=50%, risk-adj=0.96
2026-03-25 16:59:59,442 - __main__ - INFO -      Electronic Equipment Instruments and Components: MC mean=23.1%, consensus=49%, risk-adj=0.82
2026-03-25 16:59:59,442 - __main__ - INFO -      Beverages: MC mean=26.0%, consensus=47%, risk-adj=1.05
2026-03-25 16:59:59,442 - __main__ - INFO -      Marine Transportation: MC mean=3.2%, consensus=45%, risk-adj=0.19
2026-03-25 16:59:59,442 - __main__ - INFO -      Energy Equipment and Services: MC mean=7.3%, consensus=44%, risk-adj=0.37
2026-03-25 16:59:59,442 - __main__ - INFO -      Oil Gas and Consumable Fuels: MC mean=10.1%, consensus=43%, risk-adj=0.27
2026-03-25 16:59:59,442 - __main__ - INFO -      Electrical Equipment: MC mean=21.1%, consensus=42%, risk-adj=0.57
2026-03-25 16:59:59,442 - __main__ - INFO -      Semiconductors and Semiconductor Equipment: MC mean=14.0%, consensus=40%, risk-adj=0.49
2026-03-25 16:59:59,442 - __main__ - INFO -      Communications Equipment: MC mean=19.0%, consensus=35%, risk-adj=0.52
2026-03-25 16:59:59,442 - __main__ - INFO -   ⏱ Step 7 completed in 1.1s
2026-03-25 16:59:59,442 - __main__ - INFO - 
2026-03-25 16:59:59,442 - __main__ - INFO - 🔀 Step 7a: Parallel MCMC return analysis...
2026-03-25 16:59:59,442 - __main__ - INFO - --------------------------------------------------------------------------------
2026-03-25 17:00:05,458 - __main__ - INFO - Parallel MCMC: R̂=1.0000, converged=True, posterior mean=32.46
2026-03-25 17:00:05,459 - __main__ - INFO -   R̂=1.0000, converged=True, posterior mean=32.46
2026-03-25 17:00:08,127 - __main__ - INFO -    ✓ er_mcse_convergence.html
2026-03-25 17:00:08,127 - __main__ - INFO -   ⏱ Step 7a completed in 8.7s
2026-03-25 17:00:08,127 - __main__ - INFO - 
2026-03-25 17:00:08,127 - __main__ - INFO - 🧮 Step 7b: Per-category Bayesian probability analytics...
2026-03-25 17:00:08,127 - __main__ - INFO - --------------------------------------------------------------------------------
2026-03-25 17:00:08,184 - root - INFO - Loaded view category mapping from DB: 17 views, 689 total features
2026-03-25 17:00:08,184 - __main__ - INFO -   Feature categories from 17 views → 17 categories, 689 total features
2026-03-25 17:12:34,928 - __main__ - INFO - Category Analyst Sentiment: 26 features analyzed (parallel)
2026-03-25 17:12:34,928 - __main__ - INFO - Category Balance Sheet: 58 features analyzed (parallel)
2026-03-25 17:12:34,928 - __main__ - INFO - Category Cash Flow: 81 features analyzed (parallel)
2026-03-25 17:12:34,928 - __main__ - INFO - Category Composite Scores: 30 features analyzed (parallel)
2026-03-25 17:12:34,928 - __main__ - INFO - Category Cost Structure: 43 features analyzed (parallel)
2026-03-25 17:12:34,928 - __main__ - INFO - Category Dividend Features: 26 features analyzed (parallel)
2026-03-25 17:12:34,928 - __main__ - INFO - Category Earnings Quality: 68 features analyzed (parallel)
2026-03-25 17:12:34,928 - __main__ - INFO - Category Employment Metrics: 17 features analyzed (parallel)
2026-03-25 17:12:34,929 - __main__ - INFO - Category Growth Metrics: 62 features analyzed (parallel)
2026-03-25 17:12:34,929 - __main__ - INFO - Category Leverage & Liquidity: 71 features analyzed (parallel)
2026-03-25 17:12:34,929 - __main__ - INFO - Category Momentum: 21 features analyzed (parallel)
2026-03-25 17:12:34,929 - __main__ - INFO - Category Profitability: 68 features analyzed (parallel)
2026-03-25 17:12:34,929 - __main__ - INFO - Category Quality & Risk: 44 features analyzed (parallel)
2026-03-25 17:12:34,929 - __main__ - INFO - Category Technical Analysis: 11 features analyzed (parallel)
2026-03-25 17:12:34,929 - __main__ - INFO - Category Temporal Features: 16 features analyzed (parallel)
2026-03-25 17:12:34,929 - __main__ - INFO - Category Unusual Items: 9 features analyzed (parallel)
2026-03-25 17:12:34,929 - __main__ - INFO - Category Valuation Ratios: 38 features analyzed (parallel)
2026-03-25 17:12:38,910 - __main__ - INFO - Category analytics cached → 414cd2b0b1e1bc4c8f3cabcc405e6cc6.pkl
2026-03-25 17:12:38,911 - __main__ - INFO -   ✓ Analyzed 17 categories
2026-03-25 17:12:38,911 - __main__ - INFO -     Analyst Sentiment: 26 features — 26 posteriors
2026-03-25 17:12:38,911 - __main__ - INFO -     Balance Sheet: 58 features — 58 posteriors
2026-03-25 17:12:38,911 - __main__ - INFO -     Cash Flow: 81 features — 81 posteriors
2026-03-25 17:12:38,911 - __main__ - INFO -     Composite Scores: 30 features — 30 posteriors
2026-03-25 17:12:38,911 - __main__ - INFO -     Cost Structure: 43 features — 43 posteriors
2026-03-25 17:12:38,911 - __main__ - INFO -     Dividend Features: 26 features — 26 posteriors
2026-03-25 17:12:38,911 - __main__ - INFO -     Earnings Quality: 68 features — 68 posteriors
2026-03-25 17:12:38,911 - __main__ - INFO -     Employment Metrics: 17 features — 17 posteriors
2026-03-25 17:12:38,911 - __main__ - INFO -     Growth Metrics: 62 features — 62 posteriors
2026-03-25 17:12:38,911 - __main__ - INFO -     Leverage & Liquidity: 71 features — 71 posteriors
2026-03-25 17:12:38,911 - __main__ - INFO -     Momentum: 21 features — 21 posteriors
2026-03-25 17:12:38,911 - __main__ - INFO -     Profitability: 68 features — 68 posteriors
2026-03-25 17:12:38,911 - __main__ - INFO -     Quality & Risk: 44 features — 44 posteriors
2026-03-25 17:12:38,911 - __main__ - INFO -     Technical Analysis: 11 features — 11 posteriors
2026-03-25 17:12:38,911 - __main__ - INFO -     Temporal Features: 16 features — 16 posteriors
2026-03-25 17:12:38,911 - __main__ - INFO -     Unusual Items: 9 features — 9 posteriors
2026-03-25 17:12:38,911 - __main__ - INFO -     Valuation Ratios: 38 features — 38 posteriors
2026-03-25 17:12:38,911 - __main__ - INFO -   ⏱ Step 7b completed in 750.8s
2026-03-25 17:12:38,911 - __main__ - INFO - 
2026-03-25 17:12:38,911 - __main__ - INFO - 🧪 Step 8: Building InferenceData (ArviZ)...
2026-03-25 17:12:38,911 - __main__ - INFO - --------------------------------------------------------------------------------
2026-03-25 17:12:40,681 - __main__ - INFO -    ✓ MC InferenceData: 25000 draws, 5515 equities
2026-03-25 17:12:50,998 - finance_ml.analytics.inference_schema - INFO - Built InferenceData: 8 chains × 4000 draws × 6362 equities
2026-03-25 17:13:37,436 - __main__ - INFO -    ✓ Beat InferenceData: 8 chains × 4000 draws
2026-03-25 17:14:31,975 - __main__ - INFO -    ✓ Credit Risk InferenceData: 6358 equities
2026-03-25 17:14:31,976 - __main__ - INFO -    ✓ EquityCoordinates: 6362 tickers, 6362 sectors
2026-03-25 17:14:31,976 - __main__ - INFO -    Building per-view feature InferenceData...
2026-03-25 17:14:32,336 - __main__ - INFO - 
2026-03-25 17:14:32,336 - __main__ - INFO -   ⏱ Step 8 completed in 113.4s
2026-03-25 17:14:32,342 - __main__ - INFO -   ✓ Enriched df (mv_equities) with 8 viz-critical columns
2026-03-25 17:14:32,346 - __main__ - INFO -   ✓ Enriched beat with 1 viz-critical columns
2026-03-25 17:14:32,349 - __main__ - INFO -   ⚠️ Viz column coverage gaps after enrichment: {'create_distress_early_warning_dashboard': ['distress_probability', 'survival_probability', 'ruin_probability']}
2026-03-25 17:14:32,349 - __main__ - INFO - 
2026-03-25 17:14:32,350 - __main__ - INFO - 📈 Step 9: Generating visualizations...
2026-03-25 17:14:32,350 - __main__ - INFO - --------------------------------------------------------------------------------
2026-03-25 17:14:32,516 - __main__ - INFO -    ✓ er_mc_distribution.html
2026-03-25 17:14:32,721 - __main__ - INFO -    ✓ er_sector_risk_reward.html
2026-03-25 17:14:32,767 - __main__ - INFO -    ✓ er_var_analysis.html
2026-03-25 17:14:32,800 - __main__ - INFO -    ✓ er_posterior_return_forest.html
2026-03-25 17:14:32,925 - __main__ - INFO -    ✓ er_kalman_vs_raw.html
2026-03-25 17:14:32,968 - __main__ - INFO -    ✓ er_tri_model_agreement.html
2026-03-25 17:14:33,019 - __main__ - INFO -    ✓ er_sector_heatmap.html
2026-03-25 17:14:33,047 - __main__ - INFO -    ✓ er_strong_consensus.html
2026-03-25 17:14:33,325 - __main__ - INFO -    ✓ er_tri_model_posterior.html
2026-03-25 17:14:33,372 - __main__ - INFO -    ✓ er_beat_vs_achievement.html
2026-03-25 17:14:33,431 - __main__ - INFO -    ✓ er_beat_probability_posterior.html
2026-03-25 17:14:33,486 - __main__ - INFO -    ✓ er_earnings_probability_dashboard.html
2026-03-25 17:14:33,557 - __main__ - INFO -    ✓ er_revision_momentum.html
2026-03-25 17:14:33,641 - __main__ - INFO -    ✓ er_gaap_divergence.html
2026-03-25 17:14:33,698 - __main__ - INFO -    ✓ er_enhanced_beat_probability.html
2026-03-25 17:14:33,862 - __main__ - INFO -    ✓ er_quality_risk_quadrant.html
2026-03-25 17:14:33,917 - __main__ - INFO -    ✓ er_distress_early_warning.html
2026-03-25 17:14:33,948 - __main__ - INFO -    ✓ er_piotroski_fscore.html
2026-03-25 17:14:34,080 - __main__ - INFO -    ✓ er_altman_zscore.html
2026-03-25 17:14:34,118 - __main__ - INFO -    ✓ er_beneish_mscore.html
2026-03-25 17:14:34,184 - __main__ - INFO -    ✓ er_accounting_anomaly_dashboard.html
2026-03-25 17:14:34,292 - __main__ - INFO -    ✓ er_anomaly_severity_dashboard.html
2026-03-25 17:14:34,355 - __main__ - INFO -    ✓ er_anomaly_conditional_probability.html
2026-03-25 17:14:34,408 - __main__ - INFO -    ✓ er_mcmc_anomaly_posterior.html
2026-03-25 17:14:34,483 - __main__ - INFO -    ✓ er_mcmc_credit_risk_posterior.html
2026-03-25 17:14:34,516 - __main__ - INFO -    ✓ er_mcmc_dividend_cut_posterior.html
2026-03-25 17:14:34,560 - __main__ - INFO -    ✓ er_mcmc_price_target_posterior.html
2026-03-25 17:14:34,634 - __main__ - INFO -    ✓ er_ruin_probability_diagnostic.html
2026-03-25 17:14:34,923 - __main__ - INFO -    ✓ er_expected_returns_summary_posterior.html
2026-03-25 17:14:34,973 - __main__ - INFO -    ✓ er_model_dispersion_dashboard.html
2026-03-25 17:14:35,402 - __main__ - INFO -    ✓ er_return_distribution_fit.html
2026-03-25 17:14:35,486 - __main__ - INFO -    ✓ er_sector_return_analytics.html
2026-03-25 17:14:35,508 - __main__ - INFO -    ✓ er_screening_summary.html
2026-03-25 17:14:35,534 - __main__ - INFO -    ✓ er_price_target_drift.html
2026-03-25 17:14:35,560 - __main__ - INFO -    ✓ er_valuation_multiples.html
2026-03-25 17:14:36,056 - __main__ - INFO -    ✓ er_valuation_distribution.html
2026-03-25 17:14:36,430 - __main__ - INFO -    ✓ er_relative_valuation_matrix.html
2026-03-25 17:14:36,572 - __main__ - INFO -    ✓ er_valuation_vs_growth.html
2026-03-25 17:14:36,704 - __main__ - INFO -    ✓ er_historical_valuation_percentile.html
2026-03-25 17:14:36,811 - __main__ - INFO -    ✓ er_earnings_surprise.html
2026-03-25 17:14:36,856 - __main__ - INFO -    ✓ er_eps_trajectory.html
2026-03-25 17:14:36,879 - __main__ - INFO -    ✓ er_earnings_quality_decomposition.html
2026-03-25 17:14:37,003 - __main__ - INFO -    ✓ er_beat_rate_heatmap.html
2026-03-25 17:14:37,118 - __main__ - INFO -    ✓ er_earnings_consistency_matrix.html
2026-03-25 17:14:37,160 - __main__ - INFO -    ✓ er_growth_waterfall.html
2026-03-25 17:14:37,272 - __main__ - INFO -    ✓ er_growth_consistency_matrix.html
2026-03-25 17:14:37,448 - __main__ - INFO -    ✓ er_growth_vs_profitability.html
2026-03-25 17:14:37,501 - __main__ - INFO -    ✓ er_growth_acceleration.html
2026-03-25 17:14:37,648 - __main__ - INFO -    ✓ er_sustainable_growth.html
2026-03-25 17:14:37,998 - __main__ - INFO -    ✓ er_bayesian_sentiment_ridge.html
2026-03-25 17:14:38,022 - __main__ - INFO -    ✓ er_mcmc_category_sentiment_posterior.html
2026-03-25 17:14:38,114 - __main__ - INFO -    ✓ er_bayesian_profitability_ridge.html
2026-03-25 17:14:38,114 - __main__ - INFO -    📊 Generating ArviZ diagnostic visualizations...
2026-03-25 17:14:38,699 - finance_ml.analytics.visualizations.arviz_diagnostics - INFO - Resampled posterior R̂: <xarray.Dataset> Size: 16B
Dimensions:                ()
Data variables:
    posterior_return       float64 8B 1.002
    posterior_uncertainty  float64 8B 1.012
2026-03-25 17:14:38,705 - __main__ - INFO -    ✓ er_resampled_trace.png
2026-03-25 17:14:38,705 - __main__ - INFO -    ✓ er_resampled_posterior_hdi.png
2026-03-25 17:14:41,751 - __main__ - INFO -    ✓ er_model_alignment_forest.png
2026-03-25 17:14:41,751 - __main__ - INFO -    ✓ er_model_alignment_pair.png
2026-03-25 17:14:54,278 - __main__ - INFO -    ✓ er_agreement_by_sector.png
2026-03-25 17:14:54,602 - __main__ - INFO -    ✓ er_hierarchical_shrinkage.png
2026-03-25 17:16:46,868 - __main__ - INFO -    ✓ er_category_analyst_sentiment_ridge.png
2026-03-25 17:16:46,868 - __main__ - INFO -    ✓ er_category_analyst_sentiment_forest.png
2026-03-25 17:16:46,868 - __main__ - INFO -    ✓ er_category_balance_sheet_ridge.png
2026-03-25 17:16:46,868 - __main__ - INFO -    ✓ er_category_balance_sheet_forest.png
2026-03-25 17:16:46,868 - __main__ - INFO -    ✓ er_category_cash_flow_ridge.png
2026-03-25 17:16:46,868 - __main__ - INFO -    ✓ er_category_cash_flow_forest.png
2026-03-25 17:16:46,868 - __main__ - INFO -    ✓ er_category_composite_scores_ridge.png
2026-03-25 17:16:46,868 - __main__ - INFO -    ✓ er_category_composite_scores_forest.png
2026-03-25 17:16:46,868 - __main__ - INFO -    ✓ er_category_cost_structure_ridge.png
2026-03-25 17:16:46,868 - __main__ - INFO -    ✓ er_category_cost_structure_forest.png
2026-03-25 17:16:46,868 - __main__ - INFO -    ✓ er_category_dividend_features_ridge.png
2026-03-25 17:16:46,868 - __main__ - INFO -    ✓ er_category_dividend_features_forest.png
2026-03-25 17:16:46,869 - __main__ - INFO -    ✓ er_category_earnings_quality_ridge.png
2026-03-25 17:16:46,869 - __main__ - INFO -    ✓ er_category_earnings_quality_forest.png
2026-03-25 17:16:46,869 - __main__ - INFO -    ✓ er_category_employment_metrics_ridge.png
2026-03-25 17:16:46,869 - __main__ - INFO -    ✓ er_category_employment_metrics_forest.png
2026-03-25 17:16:46,869 - __main__ - INFO -    ✓ er_category_growth_metrics_ridge.png
2026-03-25 17:16:46,869 - __main__ - INFO -    ✓ er_category_growth_metrics_forest.png
2026-03-25 17:16:46,869 - __main__ - INFO -    ✓ er_category_leverage_and_liquidity_ridge.png
2026-03-25 17:16:46,869 - __main__ - INFO -    ✓ er_category_leverage_and_liquidity_forest.png
2026-03-25 17:16:46,869 - __main__ - INFO -    ✓ er_category_momentum_ridge.png
2026-03-25 17:16:46,869 - __main__ - INFO -    ✓ er_category_momentum_forest.png
2026-03-25 17:16:46,869 - __main__ - INFO -    ✓ er_category_profitability_ridge.png
2026-03-25 17:16:46,869 - __main__ - INFO -    ✓ er_category_profitability_forest.png
2026-03-25 17:16:46,869 - __main__ - INFO -    ✓ er_category_quality_and_risk_ridge.png
2026-03-25 17:16:46,869 - __main__ - INFO -    ✓ er_category_quality_and_risk_forest.png
2026-03-25 17:16:46,869 - __main__ - INFO -    ✓ er_category_technical_analysis_ridge.png
2026-03-25 17:16:46,869 - __main__ - INFO -    ✓ er_category_technical_analysis_forest.png
2026-03-25 17:16:46,869 - __main__ - INFO -    ✓ er_category_temporal_features_forest.png
2026-03-25 17:16:46,869 - __main__ - INFO -    ✓ er_category_unusual_items_ridge.png
2026-03-25 17:16:46,869 - __main__ - INFO -    ✓ er_category_unusual_items_forest.png
2026-03-25 17:16:46,869 - __main__ - INFO -    ✓ er_category_valuation_ratios_ridge.png
2026-03-25 17:16:46,869 - __main__ - INFO -    ✓ er_category_valuation_ratios_forest.png
2026-03-25 17:16:46,890 - __main__ - INFO -   ⏱ Step 9 completed in 134.5s
2026-03-25 17:16:46,890 - __main__ - INFO - 
2026-03-25 17:16:46,890 - __main__ - INFO - 💾 Step 10: Exporting results...
2026-03-25 17:16:46,890 - __main__ - INFO - --------------------------------------------------------------------------------
2026-03-25 17:16:46,923 - root - INFO - Exporting 6354 rows to analytics.kalman_filtered_price_targets
2026-03-25 17:16:46,926 - root - INFO - Exporting 5515 rows to analytics.monte_carlo_simulation
2026-03-25 17:16:46,944 - root - INFO - Exporting 5515 rows to analytics.expected_returns_tri_model
2026-03-25 17:16:46,970 - root - INFO - Exporting 6358 rows to analytics.price_target_achievement
2026-03-25 17:16:47,565 - root - INFO - Export complete: analytics.monte_carlo_simulation
2026-03-25 17:16:47,611 - __main__ - INFO - Exported 5515 rows → analytics.monte_carlo_simulation
2026-03-25 17:16:47,611 - root - INFO - Export complete: analytics.kalman_filtered_price_targets
2026-03-25 17:16:47,615 - __main__ - INFO - Exported 6354 rows → analytics.kalman_filtered_price_targets
2026-03-25 17:16:47,617 - root - INFO - Exporting 50 rows to analytics.strong_consensus_picks
2026-03-25 17:16:47,825 - root - INFO - Export complete: analytics.expected_returns_tri_model
2026-03-25 17:16:47,826 - __main__ - INFO - Exported 5515 rows → analytics.expected_returns_tri_model
2026-03-25 17:16:48,052 - root - INFO - Export complete: analytics.strong_consensus_picks
2026-03-25 17:16:48,054 - __main__ - INFO - Exported 50 rows → analytics.strong_consensus_picks
2026-03-25 17:16:48,227 - root - INFO - Exporting 6362 rows to analytics.earnings_probability_analysis
2026-03-25 17:16:48,915 - root - INFO - Export complete: analytics.price_target_achievement
2026-03-25 17:16:48,915 - __main__ - INFO - Exported 6358 rows → analytics.price_target_achievement
2026-03-25 17:16:48,918 - root - INFO - Exporting 5512 rows to analytics.expected_returns_summary
2026-03-25 17:16:49,160 - root - INFO - Exporting 6362 rows to analytics.dividend_safety_analysis
2026-03-25 17:16:51,060 - root - INFO - Export complete: analytics.dividend_safety_analysis
2026-03-25 17:16:51,060 - __main__ - INFO - Exported 6362 rows → analytics.dividend_safety_analysis
2026-03-25 17:16:51,321 - root - INFO - Export complete: analytics.earnings_probability_analysis
2026-03-25 17:16:51,321 - __main__ - INFO - Exported 6362 rows → analytics.earnings_probability_analysis
2026-03-25 17:16:51,603 - root - INFO - Exporting 6358 rows to analytics.credit_risk_analysis
2026-03-25 17:16:52,995 - root - INFO - Exporting 932 rows to analytics.quality_stocks
2026-03-25 17:16:54,589 - root - INFO - Export complete: analytics.expected_returns_summary
2026-03-25 17:16:54,589 - __main__ - INFO - Exported 5512 rows → analytics.expected_returns_summary
2026-03-25 17:16:56,014 - root - INFO - Export complete: analytics.quality_stocks
2026-03-25 17:16:56,046 - __main__ - INFO - Exported 932 rows → analytics.quality_stocks
2026-03-25 17:16:57,175 - root - INFO - Exporting 6358 rows to analytics.accounting_anomaly_analysis
2026-03-25 17:16:57,258 - root - INFO - Exporting 1162 rows to analytics.earnings_quality_stocks
2026-03-25 17:16:57,260 - root - INFO - Exporting 1044 rows to analytics.value_stocks
2026-03-25 17:17:02,173 - root - INFO - Export complete: analytics.value_stocks
2026-03-25 17:17:02,287 - __main__ - INFO - Exported 1044 rows → analytics.value_stocks
2026-03-25 17:17:02,602 - root - INFO - Export complete: analytics.earnings_quality_stocks
2026-03-25 17:17:02,605 - __main__ - INFO - Exported 1162 rows → analytics.earnings_quality_stocks
2026-03-25 17:17:20,047 - root - INFO - Exporting 922 rows to analytics.garp_stocks
2026-03-25 17:17:20,048 - root - INFO - Export complete: analytics.credit_risk_analysis
2026-03-25 17:17:20,049 - __main__ - INFO - Exported 6358 rows → analytics.credit_risk_analysis
2026-03-25 17:17:20,062 - root - INFO - Exporting 15 rows to analytics.dividend_quality_stocks
2026-03-25 17:17:20,150 - root - INFO - Exporting 2826 rows to analytics.growth_momentum_stocks
2026-03-25 17:17:20,398 - root - INFO - Export complete: analytics.dividend_quality_stocks
2026-03-25 17:17:20,399 - __main__ - INFO - Exported 15 rows → analytics.dividend_quality_stocks
2026-03-25 17:17:23,551 - root - INFO - Export complete: analytics.garp_stocks
2026-03-25 17:17:23,552 - __main__ - INFO - Exported 922 rows → analytics.garp_stocks
2026-03-25 17:17:23,572 - root - INFO - Exporting 449 rows to analytics.valuation_reversion_stocks
2026-03-25 17:17:25,260 - root - INFO - Export complete: analytics.valuation_reversion_stocks
2026-03-25 17:17:25,261 - __main__ - INFO - Exported 449 rows → analytics.valuation_reversion_stocks
2026-03-25 17:17:26,701 - root - INFO - Export complete: analytics.accounting_anomaly_analysis
2026-03-25 17:17:26,701 - __main__ - INFO - Exported 6358 rows → analytics.accounting_anomaly_analysis
2026-03-25 17:17:26,859 - root - INFO - Exporting 45 rows to analytics.high_yield_safe_dividend_stocks
2026-03-25 17:17:26,886 - root - INFO - Exporting 1418 rows to analytics.healthy_stocks
2026-03-25 17:17:26,991 - root - INFO - Exporting 1075 rows to analytics.integrity_filtered_growth_stocks
2026-03-25 17:17:27,235 - root - INFO - Export complete: analytics.high_yield_safe_dividend_stocks
2026-03-25 17:17:27,239 - __main__ - INFO - Exported 45 rows → analytics.high_yield_safe_dividend_stocks
2026-03-25 17:17:32,290 - root - INFO - Export complete: analytics.integrity_filtered_growth_stocks
2026-03-25 17:17:32,301 - __main__ - INFO - Exported 1075 rows → analytics.integrity_filtered_growth_stocks
2026-03-25 17:17:33,594 - root - INFO - Export complete: analytics.healthy_stocks
2026-03-25 17:17:33,594 - __main__ - INFO - Exported 1418 rows → analytics.healthy_stocks
2026-03-25 17:17:34,148 - root - INFO - Exporting 6362 rows to analytics.sector_relative_ranking
2026-03-25 17:17:34,150 - root - INFO - Exporting 964 rows to analytics.screen_fcf_compounders
2026-03-25 17:17:34,159 - root - INFO - Exporting 2196 rows to analytics.screen_low_vol_quality
2026-03-25 17:17:36,052 - root - INFO - Export complete: analytics.growth_momentum_stocks
2026-03-25 17:17:36,053 - __main__ - INFO - Exported 2826 rows → analytics.growth_momentum_stocks
2026-03-25 17:17:37,941 - root - INFO - Export complete: analytics.screen_fcf_compounders
2026-03-25 17:17:37,943 - __main__ - INFO - Exported 964 rows → analytics.screen_fcf_compounders
2026-03-25 17:17:43,263 - root - INFO - Export complete: analytics.screen_low_vol_quality
2026-03-25 17:17:43,264 - __main__ - INFO - Exported 2196 rows → analytics.screen_low_vol_quality
2026-03-25 17:17:43,290 - root - INFO - Exporting 6362 rows to analytics.screen_total_return_leaders
2026-03-25 17:17:58,328 - root - INFO - Export complete: analytics.sector_relative_ranking
2026-03-25 17:17:58,329 - __main__ - INFO - Exported 6362 rows → analytics.sector_relative_ranking
2026-03-25 17:18:02,576 - root - INFO - Export complete: analytics.screen_total_return_leaders
2026-03-25 17:18:02,576 - __main__ - INFO - Exported 6362 rows → analytics.screen_total_return_leaders
2026-03-25 17:18:02,578 - __main__ - INFO -    ✓ monte_carlo_simulation → analytics.monte_carlo_simulation
2026-03-25 17:18:02,578 - __main__ - INFO -    ✓ kalman_filtered_price_targets → analytics.kalman_filtered_price_targets
2026-03-25 17:18:02,578 - __main__ - INFO -    ✓ expected_returns_tri_model → analytics.expected_returns_tri_model
2026-03-25 17:18:02,578 - __main__ - INFO -    ✓ strong_consensus_picks → analytics.strong_consensus_picks
2026-03-25 17:18:02,578 - __main__ - INFO -    ✓ price_target_achievement → analytics.price_target_achievement
2026-03-25 17:18:02,578 - __main__ - INFO -    ✓ dividend_safety_analysis → analytics.dividend_safety_analysis
2026-03-25 17:18:02,578 - __main__ - INFO -    ✓ earnings_probability_analysis → analytics.earnings_probability_analysis
2026-03-25 17:18:02,578 - __main__ - INFO -    ✓ expected_returns_summary → analytics.expected_returns_summary
2026-03-25 17:18:02,578 - __main__ - INFO -    ✓ quality_stocks → analytics.quality_stocks
2026-03-25 17:18:02,578 - __main__ - INFO -    ✓ value_stocks → analytics.value_stocks
2026-03-25 17:18:02,578 - __main__ - INFO -    ✓ earnings_quality_stocks → analytics.earnings_quality_stocks
2026-03-25 17:18:02,578 - __main__ - INFO -    ✓ credit_risk_analysis → analytics.credit_risk_analysis
2026-03-25 17:18:02,578 - __main__ - INFO -    ✓ dividend_quality_stocks → analytics.dividend_quality_stocks
2026-03-25 17:18:02,578 - __main__ - INFO -    ✓ garp_stocks → analytics.garp_stocks
2026-03-25 17:18:02,578 - __main__ - INFO -    ✓ valuation_reversion_stocks → analytics.valuation_reversion_stocks
2026-03-25 17:18:02,578 - __main__ - INFO -    ✓ accounting_anomaly_analysis → analytics.accounting_anomaly_analysis
2026-03-25 17:18:02,578 - __main__ - INFO -    ✓ high_yield_safe_dividend_stocks → analytics.high_yield_safe_dividend_stocks
2026-03-25 17:18:02,578 - __main__ - INFO -    ✓ integrity_filtered_growth_stocks → analytics.integrity_filtered_growth_stocks
2026-03-25 17:18:02,578 - __main__ - INFO -    ✓ healthy_stocks → analytics.healthy_stocks
2026-03-25 17:18:02,578 - __main__ - INFO -    ✓ growth_momentum_stocks → analytics.growth_momentum_stocks
2026-03-25 17:18:02,578 - __main__ - INFO -    ✓ screen_fcf_compounders → analytics.screen_fcf_compounders
2026-03-25 17:18:02,578 - __main__ - INFO -    ✓ screen_low_vol_quality → analytics.screen_low_vol_quality
2026-03-25 17:18:02,578 - __main__ - INFO -    ✓ sector_relative_ranking → analytics.sector_relative_ranking
2026-03-25 17:18:02,578 - __main__ - INFO -    ✓ screen_total_return_leaders → analytics.screen_total_return_leaders
2026-03-25 17:18:03,749 - root - INFO - Exporting 6362 rows to analytics.earnings_probability_analysis
2026-03-25 17:18:05,535 - root - INFO - Export complete: analytics.earnings_probability_analysis
2026-03-25 17:18:05,796 - root - INFO - Exported 6362 rows to outputs\analytics\earnings_probability_analysis.csv
2026-03-25 17:18:05,907 - root - INFO - Exported 6362 rows to outputs\analytics\earnings_probability_analysis.json
2026-03-25 17:18:05,908 - root - INFO - Exporting 6362 rows to analytics.eps_streak_analysis
2026-03-25 17:18:06,821 - root - INFO - Export complete: analytics.eps_streak_analysis
2026-03-25 17:18:06,966 - root - INFO - Exported 6362 rows to outputs\analytics\eps_streak_analysis.csv
2026-03-25 17:18:07,037 - root - INFO - Exported 6362 rows to outputs\analytics\eps_streak_analysis.json
2026-03-25 17:18:07,040 - root - INFO - Exporting 8 rows to analytics.probability_analytics_summary
2026-03-25 17:18:07,077 - root - INFO - Export complete: analytics.probability_analytics_summary
2026-03-25 17:18:07,078 - root - INFO - Exported 8 rows to outputs\analytics\probability_analytics_summary.csv
2026-03-25 17:18:07,079 - root - INFO - Exported 8 rows to outputs\analytics\probability_analytics_summary.json
2026-03-25 17:18:07,079 - finance_ml.analytics.probability_analytics - INFO - Exported probability analytics results to database and outputs\analytics
2026-03-25 17:18:07,079 - __main__ - INFO -    ✓ earnings_probability_analysis_db → analytics.earnings_probability_analysis
2026-03-25 17:18:07,079 - __main__ - INFO -    ✓ earnings_probability_analysis_csv → outputs\analytics\earnings_probability_analysis.csv
2026-03-25 17:18:07,079 - __main__ - INFO -    ✓ eps_streak_analysis_db → analytics.eps_streak_analysis
2026-03-25 17:18:07,079 - __main__ - INFO -    ✓ eps_streak_analysis_csv → outputs\analytics\eps_streak_analysis.csv
2026-03-25 17:18:07,079 - __main__ - INFO -    ✓ probability_analytics_summary_db → analytics.probability_analytics_summary
2026-03-25 17:18:07,079 - __main__ - INFO -    ✓ probability_analytics_summary_csv → outputs\analytics\probability_analytics_summary.csv
2026-03-25 17:18:07,079 - __main__ - INFO -   ⏱ Step 10 completed in 80.2s
2026-03-25 17:18:07,080 - __main__ - INFO - 
2026-03-25 17:18:07,080 - __main__ - INFO - ================================================================================
2026-03-25 17:18:07,080 - __main__ - INFO - ✅ EXPECTED RETURNS ANALYTICS v3.6 COMPLETE
2026-03-25 17:18:07,080 - __main__ - INFO - ================================================================================
2026-03-25 17:18:07,080 - __main__ - INFO - 
2026-03-25 17:18:07,080 - __main__ - INFO -   Data sources:
2026-03-25 17:18:07,080 - __main__ - INFO -     mv_expected_returns:       6,358 stocks × 685 features
2026-03-25 17:18:07,080 - __main__ - INFO -     mv_all_stock_features:     6,362 stocks × 733 features
2026-03-25 17:18:07,080 - __main__ - INFO - 
2026-03-25 17:18:07,080 - __main__ - INFO -   Models:
2026-03-25 17:18:07,080 - __main__ - INFO -     Monte Carlo simulations:   5,515
2026-03-25 17:18:07,080 - __main__ - INFO -     Price target achievements: 6,358
2026-03-25 17:18:07,080 - __main__ - INFO -     Kalman-filtered targets:   6,354
2026-03-25 17:18:07,080 - __main__ - INFO -     Earnings beat analyses:    6,362
2026-03-25 17:18:07,080 - __main__ - INFO -     Credit risk analyses:      6,358
2026-03-25 17:18:07,080 - __main__ - INFO -     Dividend safety analyses:  6,362
2026-03-25 17:18:07,080 - __main__ - INFO -     Accounting anomaly analyses: 6,358
2026-03-25 17:18:07,080 - __main__ - INFO - 
2026-03-25 17:18:07,080 - __main__ - INFO -   Alignment:
2026-03-25 17:18:07,080 - __main__ - INFO -     Tri-model aligned:         5,515
2026-03-25 17:18:07,080 - __main__ - INFO -     Strong consensus picks:    50
2026-03-25 17:18:07,080 - __main__ - INFO -     Quad-model full consensus: 1522
2026-03-25 17:18:07,080 - __main__ - INFO -     Expected returns summary:  5,512 stocks, 1522 full consensus
2026-03-25 17:18:07,080 - __main__ - INFO -     MC ↔ Kalman correlation:   0.958
2026-03-25 17:18:07,080 - __main__ - INFO - 
2026-03-25 17:18:07,080 - __main__ - INFO -   Screening:
2026-03-25 17:18:07,081 - __main__ - INFO -     quality: 932 stocks
2026-03-25 17:18:07,081 - __main__ - INFO -     earnings_quality: 1,162 stocks
2026-03-25 17:18:07,081 - __main__ - INFO -     value: 1,044 stocks
2026-03-25 17:18:07,081 - __main__ - INFO -     growth: 2,826 stocks
2026-03-25 17:18:07,081 - __main__ - INFO -     garp: 922 stocks
2026-03-25 17:18:07,081 - __main__ - INFO -     dividend: 15 stocks
2026-03-25 17:18:07,081 - __main__ - INFO -     healthy: 1,418 stocks
2026-03-25 17:18:07,081 - __main__ - INFO -     valuation_reversion: 449 stocks
2026-03-25 17:18:07,081 - __main__ - INFO -     integrity_growth: 1,075 stocks
2026-03-25 17:18:07,081 - __main__ - INFO -     high_yield_safe: 45 stocks
2026-03-25 17:18:07,081 - __main__ - INFO -     sector_relative: 6,362 stocks
2026-03-25 17:18:07,081 - __main__ - INFO -     low_vol_quality: 2,196 stocks
2026-03-25 17:18:07,081 - __main__ - INFO -     fcf_compounders: 964 stocks
2026-03-25 17:18:07,081 - __main__ - INFO -     total_return_leaders: 6,362 stocks
2026-03-25 17:18:07,081 - __main__ - INFO - 
2026-03-25 17:18:07,081 - __main__ - INFO -   Probability Analytics:
2026-03-25 17:18:07,081 - __main__ - INFO -     Categories analyzed:       17
2026-03-25 17:18:07,081 - __main__ - INFO - 
2026-03-25 17:18:07,081 - __main__ - INFO -   Outputs: outputs\analytics/
2026-03-25 17:18:07,081 - __main__ - INFO - 
2026-03-25 17:45:24,437 - __main__ - INFO - ================================================================================
2026-03-25 17:45:24,439 - __main__ - INFO - Expected Returns Analytics Pipeline v3.6
2026-03-25 17:45:24,439 - __main__ - INFO - ================================================================================
2026-03-25 17:45:24,439 - __main__ - INFO - 
2026-03-25 17:45:24,439 - __main__ - INFO - 🔧 Numba: True, Joblib: True, ArviZ: True
2026-03-25 17:45:24,439 - __main__ - INFO -    n_jobs=-1, max_features/cat=100, caching=on (TTL=24.0h)
2026-03-25 17:45:24,459 - __main__ - INFO - Cache cleanup (full purge): removed 1 files from .cache
2026-03-25 17:45:24,459 - __main__ - INFO -    🧹 Cleaned 1 expired cache files
2026-03-25 17:45:24,459 - __main__ - INFO - 📦 Step 1: Loading feature data (v3.6: equities MV + feature views + all stock features MV)...
2026-03-25 17:45:24,460 - __main__ - INFO - --------------------------------------------------------------------------------
2026-03-25 17:45:24,464 - root - INFO - Loading equities data from localhost:5432/postgres (view: public.mv_equities)
2026-03-25 17:45:28,184 - root - INFO - Loaded 6358 rows from public.mv_equities
2026-03-25 17:45:28,189 - root - INFO - Backfill complete. Columns: 677
2026-03-25 17:45:28,224 - root - INFO - Loaded 25 feature categories from database
2026-03-25 17:45:28,224 - __main__ - INFO - Loaded 25 feature categories (310 total features)
2026-03-25 17:45:28,225 - __main__ - INFO - All feature categories have ≥80%% coverage
2026-03-25 17:45:28,225 - __main__ - INFO - Loaded expected returns data: 6358 stocks × 677 features
2026-03-25 17:45:28,225 - __main__ - INFO - ✓ Loaded mv_equities: 6,358 stocks × 677 features
2026-03-25 17:45:28,260 - root - INFO - Loaded 32 identifier columns from public.vw_identifier_columns
2026-03-25 17:45:28,260 - root - INFO - Loading view: public.vw_features_analyst_sentiment
2026-03-25 17:45:28,608 - root - INFO - Loaded 6362 rows from vw_features_analyst_sentiment
2026-03-25 17:45:28,608 - root - INFO - Loading view: public.vw_features_balance_sheet
2026-03-25 17:45:29,060 - root - INFO - Loaded 6362 rows from vw_features_balance_sheet
2026-03-25 17:45:29,060 - root - INFO - Loading view: public.vw_features_cashflow
2026-03-25 17:45:29,692 - root - INFO - Loaded 6362 rows from vw_features_cashflow
2026-03-25 17:45:29,692 - root - INFO - Loading view: public.vw_features_composite_scores
2026-03-25 17:45:30,010 - root - INFO - Loaded 6362 rows from vw_features_composite_scores
2026-03-25 17:45:30,010 - root - INFO - Loading view: public.vw_features_cost_structure
2026-03-25 17:45:30,377 - root - INFO - Loaded 6362 rows from vw_features_cost_structure
2026-03-25 17:45:30,377 - root - INFO - Loading view: public.vw_features_dividends
2026-03-25 17:45:30,593 - root - INFO - Loaded 6362 rows from vw_features_dividends
2026-03-25 17:45:30,593 - root - INFO - Loading view: public.vw_features_earnings
2026-03-25 17:45:31,161 - root - INFO - Loaded 6362 rows from vw_features_earnings
2026-03-25 17:45:31,161 - root - INFO - Loading view: public.vw_features_employment
2026-03-25 17:45:31,386 - root - INFO - Loaded 6362 rows from vw_features_employment
2026-03-25 17:45:31,387 - root - INFO - Loading view: public.vw_features_growth
2026-03-25 17:45:31,973 - root - INFO - Loaded 6362 rows from vw_features_growth
2026-03-25 17:45:31,974 - root - INFO - Loading view: public.vw_features_leverage_liquidity
2026-03-25 17:45:32,654 - root - INFO - Loaded 6362 rows from vw_features_leverage_liquidity
2026-03-25 17:45:32,654 - root - INFO - Loading view: public.vw_features_momentum
2026-03-25 17:45:32,936 - root - INFO - Loaded 6362 rows from vw_features_momentum
2026-03-25 17:45:32,936 - root - INFO - Loading view: public.vw_features_profitability
2026-03-25 17:45:33,481 - root - INFO - Loaded 6362 rows from vw_features_profitability
2026-03-25 17:45:33,481 - root - INFO - Loading view: public.vw_features_quality_risk
2026-03-25 17:45:33,913 - root - INFO - Loaded 6362 rows from vw_features_quality_risk
2026-03-25 17:45:33,914 - root - INFO - Loading view: public.vw_features_technical_analysis
2026-03-25 17:45:34,091 - root - INFO - Loaded 6362 rows from vw_features_technical_analysis
2026-03-25 17:45:34,091 - root - INFO - Loading view: public.vw_features_temporal
2026-03-25 17:45:34,279 - root - INFO - Loaded 6362 rows from vw_features_temporal
2026-03-25 17:45:34,279 - root - INFO - Loading view: public.vw_features_unusual_items
2026-03-25 17:45:34,454 - root - INFO - Loaded 6362 rows from vw_features_unusual_items
2026-03-25 17:45:34,454 - root - INFO - Loading view: public.vw_features_valuation_ratios
2026-03-25 17:45:34,897 - root - INFO - Loaded 6362 rows from vw_features_valuation_ratios
2026-03-25 17:49:06,349 - __main__ - INFO - ================================================================================
2026-03-25 17:49:06,350 - __main__ - INFO - Expected Returns Analytics Pipeline v3.6
2026-03-25 17:49:06,350 - __main__ - INFO - ================================================================================
2026-03-25 17:49:06,350 - __main__ - INFO - 
2026-03-25 17:49:06,350 - __main__ - INFO - 🔧 Numba: True, Joblib: True, ArviZ: True
2026-03-25 17:49:06,350 - __main__ - INFO -    n_jobs=-1, max_features/cat=100, caching=on (TTL=24.0h)
2026-03-25 17:49:06,350 - __main__ - INFO - Cache cleanup (full purge): removed 0 files from .cache
2026-03-25 17:49:06,350 - __main__ - INFO - 📦 Step 1: Loading feature data (v3.6: equities MV + feature views + all stock features MV)...
2026-03-25 17:49:06,350 - __main__ - INFO - --------------------------------------------------------------------------------
2026-03-25 17:49:06,351 - root - INFO - Loading equities data from localhost:5432/postgres (view: public.mv_equities)
2026-03-25 17:49:09,080 - root - INFO - Loaded 6358 rows from public.mv_equities
2026-03-25 17:49:09,081 - root - INFO - Backfill complete. Columns: 677
2026-03-25 17:49:09,218 - root - INFO - Loaded 25 feature categories from database
2026-03-25 17:49:09,218 - __main__ - INFO - Loaded 25 feature categories (310 total features)
2026-03-25 17:49:09,219 - __main__ - INFO - All feature categories have ≥80%% coverage
2026-03-25 17:49:09,219 - __main__ - INFO - Loaded expected returns data: 6358 stocks × 677 features
2026-03-25 17:49:09,219 - __main__ - INFO - ✓ Loaded mv_equities: 6,358 stocks × 677 features
2026-03-25 17:49:09,360 - root - INFO - Loaded 32 identifier columns from public.vw_identifier_columns
2026-03-25 17:49:09,360 - root - INFO - Loading view: public.vw_features_analyst_sentiment
2026-03-25 17:49:09,673 - root - INFO - Loaded 6362 rows from vw_features_analyst_sentiment
2026-03-25 17:49:09,673 - root - INFO - Loading view: public.vw_features_balance_sheet
2026-03-25 17:49:10,082 - root - INFO - Loaded 6362 rows from vw_features_balance_sheet
2026-03-25 17:49:10,082 - root - INFO - Loading view: public.vw_features_cashflow
2026-03-25 17:49:10,629 - root - INFO - Loaded 6362 rows from vw_features_cashflow
2026-03-25 17:49:10,629 - root - INFO - Loading view: public.vw_features_composite_scores
2026-03-25 17:49:10,916 - root - INFO - Loaded 6362 rows from vw_features_composite_scores
2026-03-25 17:49:10,916 - root - INFO - Loading view: public.vw_features_cost_structure
2026-03-25 17:49:11,253 - root - INFO - Loaded 6362 rows from vw_features_cost_structure
2026-03-25 17:49:11,254 - root - INFO - Loading view: public.vw_features_dividends
2026-03-25 17:49:11,449 - root - INFO - Loaded 6362 rows from vw_features_dividends
2026-03-25 17:49:11,449 - root - INFO - Loading view: public.vw_features_earnings
2026-03-25 17:49:11,966 - root - INFO - Loaded 6362 rows from vw_features_earnings
2026-03-25 17:49:11,966 - root - INFO - Loading view: public.vw_features_employment
2026-03-25 17:49:12,169 - root - INFO - Loaded 6362 rows from vw_features_employment
2026-03-25 17:49:12,169 - root - INFO - Loading view: public.vw_features_growth
2026-03-25 17:49:12,674 - root - INFO - Loaded 6362 rows from vw_features_growth
2026-03-25 17:49:12,675 - root - INFO - Loading view: public.vw_features_leverage_liquidity
2026-03-25 17:49:13,300 - root - INFO - Loaded 6362 rows from vw_features_leverage_liquidity
2026-03-25 17:49:13,300 - root - INFO - Loading view: public.vw_features_momentum
2026-03-25 17:49:13,612 - root - INFO - Loaded 6362 rows from vw_features_momentum
2026-03-25 17:49:13,612 - root - INFO - Loading view: public.vw_features_profitability
2026-03-25 17:49:14,157 - root - INFO - Loaded 6362 rows from vw_features_profitability
2026-03-25 17:49:14,157 - root - INFO - Loading view: public.vw_features_quality_risk
2026-03-25 17:49:14,526 - root - INFO - Loaded 6362 rows from vw_features_quality_risk
2026-03-25 17:49:14,526 - root - INFO - Loading view: public.vw_features_technical_analysis
2026-03-25 17:49:14,700 - root - INFO - Loaded 6362 rows from vw_features_technical_analysis
2026-03-25 17:49:14,700 - root - INFO - Loading view: public.vw_features_temporal
2026-03-25 17:49:14,908 - root - INFO - Loaded 6362 rows from vw_features_temporal
2026-03-25 17:49:14,908 - root - INFO - Loading view: public.vw_features_unusual_items
2026-03-25 17:49:15,099 - root - INFO - Loaded 6362 rows from vw_features_unusual_items
2026-03-25 17:49:15,099 - root - INFO - Loading view: public.vw_features_valuation_ratios
2026-03-25 17:49:15,546 - root - INFO - Loaded 6362 rows from vw_features_valuation_ratios
2026-03-25 17:49:16,761 - root - INFO - Backfill complete. Columns: 718
2026-03-25 17:49:16,809 - __main__ - INFO - Kalman momentum filter applied to 5 columns
2026-03-25 17:49:17,523 - __main__ - INFO - Loaded all stock features: 6362 stocks × 728 features, 17 view specs
2026-03-25 17:49:17,523 - __main__ - INFO - ✓ Loaded feature views: 6,362 stocks × 728 features
2026-03-25 17:49:17,523 - __main__ - INFO -   View specs loaded: 17 views
2026-03-25 17:49:17,523 - root - INFO - Loading feature data from localhost:5432/postgres (view: public.mv_all_stock_features, earnings_date_filter: 2026-01-01)
2026-03-25 17:49:21,449 - root - INFO - Loaded 6362 rows from public.mv_all_stock_features
2026-03-25 17:49:21,449 - __main__ - INFO - Loaded mv_all_stock_features: 6362 rows × 818 columns
2026-03-25 17:49:21,449 - __main__ - INFO - ✓ Loaded mv_all_stock_features: 6,362 stocks × 818 features
2026-03-25 17:49:21,732 - __main__ - INFO -   Schema metadata: 674 columns
2026-03-25 17:49:21,732 - __main__ - INFO -   Feature registry: 74 functions
2026-03-25 17:49:21,778 - __main__ - INFO -   mv_equities spec unavailable: DataFrame must contain a 'ticker' column
2026-03-25 17:49:21,778 - __main__ - INFO - 
2026-03-25 17:49:21,778 - __main__ - INFO - 📦 Step 1b: Pre-computing historical target drift enrichment...
2026-03-25 17:49:21,778 - __main__ - INFO - --------------------------------------------------------------------------------
2026-03-25 17:49:21,814 - root - INFO - Loaded 674 column definitions from public.equities_schema_metadata
2026-03-25 17:49:21,814 - root - INFO - Cached equities schema: 674 columns across 26 roles
2026-03-25 17:49:21,815 - __main__ - INFO - Column lists derived from equities schema (46 total columns)
2026-03-25 17:49:21,815 - __main__ - INFO - Historical price/target coverage: 40 / 40 columns available (historical_prices=9, historical_targets=7, historical_targets_high=8, historical_targets_low=8, historical_targets_median=8)
2026-03-25 17:49:21,832 - __main__ - INFO - Historical target drift enrichment: 12 derived columns added
2026-03-25 17:49:21,832 - __main__ - INFO - ✓ Historical drift enrichment complete (12 derived columns)
2026-03-25 17:49:21,832 - __main__ - INFO -   ⏱ Step 1 completed in 15.5s
2026-03-25 17:49:21,832 - __main__ - INFO - 
2026-03-25 17:49:21,833 - __main__ - INFO - 🎲 Step 2: Monte Carlo price target simulation (50,000 samples)...
2026-03-25 17:49:21,833 - __main__ - INFO - --------------------------------------------------------------------------------
2026-03-25 17:49:31,024 - __main__ - INFO - Monte Carlo simulation: 5515 stocks processed
2026-03-25 17:49:31,027 - __main__ - INFO - ✓ 5,515 stocks simulated
2026-03-25 17:49:31,027 - __main__ - INFO -   Mean upside:  32.6%
2026-03-25 17:49:31,028 - __main__ - INFO -   Median upside: 24.3%
2026-03-25 17:49:31,028 - __main__ - INFO -   Positive prob (mean): 85.2%
2026-03-25 17:49:31,029 - __main__ - INFO - Computed price_target_mc for 5515 / 5515 stocks (mean=7354.79)
2026-03-25 17:49:31,030 - __main__ - INFO -   Monte Carlo targets (5,515 stocks): implied return=19.4%
2026-03-25 17:49:31,180 - __main__ - INFO - Monte Carlo: computed detailed statistics for 5 / 5 columns
2026-03-25 17:49:37,536 - __main__ - INFO - MCMC Student-t: μ=23.38 (±0.33), df=2.0
2026-03-25 17:49:37,536 - __main__ - INFO - 
  📐 Best-fit distribution: t (AIC=53919.4, KS p=0.000)
2026-03-25 17:49:37,536 - __main__ - INFO - 
  📉 VaR 1%: -26.9%  |  CVaR 5%: -20.9%
2026-03-25 17:49:37,536 - __main__ - INFO -      Downside deviation: 16.29
2026-03-25 17:49:37,536 - __main__ - INFO -      Gain/Loss ratio: 3.38
2026-03-25 17:49:37,536 - __main__ - INFO - 
  🏷️  Tiers: High-conviction=3135, Moderate=1736, Speculative=16, Avoid=641
2026-03-25 17:49:37,536 - __main__ - INFO -   ⏱ Step 2 completed in 15.7s
2026-03-25 17:49:37,536 - __main__ - INFO - 
2026-03-25 17:49:37,536 - __main__ - INFO - 🎯 Step 3: Price target achievement model...
2026-03-25 17:49:37,536 - __main__ - INFO - --------------------------------------------------------------------------------
2026-03-25 17:49:37,559 - __main__ - INFO - Price target achievement: merged 26 sentiment columns from feature views
2026-03-25 17:49:37,565 - __main__ - INFO - Price target: merged 36 risk columns
2026-03-25 17:49:42,910 - finance_ml.analytics.probability_analytics - INFO - MH sampler for price target: acceptance_rate=0.218, mean_posterior=31.898
2026-03-25 17:49:58,942 - __main__ - INFO - Price target achievement: 6358 stocks processed
2026-03-25 17:49:58,946 - __main__ - INFO - ✓ 6,358 stocks analyzed
2026-03-25 17:49:58,947 - __main__ - INFO -   Mean achievement prob: 0.455
2026-03-25 17:49:58,947 - __main__ - INFO -   Mean prob-weighted return: 8.1%
2026-03-25 17:49:58,953 - __main__ - INFO - Computed price_target_prob_weighted for 6352 / 6358 stocks (mean=5982.18)
2026-03-25 17:49:58,958 - __main__ - INFO -   Prob-weighted targets (6,352 stocks): implied return=6.5%
2026-03-25 17:49:59,137 - __main__ - INFO - Price Target Achievement: computed detailed statistics for 5 / 5 columns
2026-03-25 17:49:59,140 - __main__ - INFO -   ⏱ Step 3 completed in 21.6s
2026-03-25 17:49:59,140 - __main__ - INFO - 
2026-03-25 17:49:59,140 - __main__ - INFO - 📐 Step 4: Kalman-filtered price targets...
2026-03-25 17:49:59,140 - __main__ - INFO - --------------------------------------------------------------------------------
2026-03-25 17:49:59,929 - __main__ - INFO - Kalman filter: 6354 stocks processed
2026-03-25 17:49:59,932 - __main__ - INFO - ✓ 6,354 stocks filtered
2026-03-25 17:49:59,932 - __main__ - INFO -   Mean filtered upside: 24.2%
2026-03-25 17:50:00,020 - __main__ - INFO - Kalman Filter: computed detailed statistics for 3 / 3 columns
2026-03-25 17:50:00,023 - __main__ - INFO -   ⏱ Step 4 completed in 0.9s
2026-03-25 17:50:00,024 - __main__ - INFO - 
2026-03-25 17:50:00,024 - __main__ - INFO - 📊 Step 5: Bayesian earnings beat analysis...
2026-03-25 17:50:00,024 - __main__ - INFO - --------------------------------------------------------------------------------
2026-03-25 17:50:01,970 - __main__ - INFO - Earnings beat analysis: 6362 stocks processed
2026-03-25 17:50:03,123 - __main__ - INFO - EPS streak enrichment: 8 columns added
2026-03-25 17:51:51,621 - __main__ - INFO - Resampled beat enrichment: 12 columns added
2026-03-25 17:51:52,003 - __main__ - INFO - ✓ 6,362 stocks analyzed
2026-03-25 17:51:52,004 - __main__ - INFO -   Mean P(beat): 0.434
2026-03-25 17:51:52,005 - __main__ - INFO -   Classified as 'likely_beat': 2844
2026-03-25 17:51:52,005 - __main__ - INFO -   ⏱ Step 5 completed in 112.0s
2026-03-25 17:51:52,005 - __main__ - INFO - 
2026-03-25 17:51:52,005 - __main__ - INFO - 🔬 Step 5b: Accounting anomaly detection & analytics...
2026-03-25 17:51:52,005 - __main__ - INFO - --------------------------------------------------------------------------------
2026-03-25 17:51:52,031 - __main__ - INFO - Accounting anomaly analysis: merged 32 columns from feature views
2026-03-25 17:51:59,939 - finance_ml.analytics.probability_analytics - INFO - MH sampler for anomaly scores: acceptance_rate=0.214, threshold=34.46, mean_posterior=35.721
2026-03-25 17:52:16,043 - finance_ml.analytics.probability_analytics - INFO - Anomaly MCMC converged: R̂=1.0000
2026-03-25 17:52:16,046 - finance_ml.analytics.probability_analytics - INFO - AccountingAnomalyProbabilityModel: severity computed for 6358 stocks, 821 multi-flag alerts, mean conditional P(anomaly)=0.301
2026-03-25 17:52:24,254 - __main__ - INFO - MCMC anomaly posterior: location=34.821
2026-03-25 17:52:24,255 - __main__ - INFO - Accounting anomaly analysis: 6358 stocks processed
2026-03-25 17:52:24,261 - __main__ - INFO -   Anomaly tier distribution:
2026-03-25 17:52:24,262 - __main__ - INFO -     Clean: 1,778 (28.0%)
2026-03-25 17:52:24,262 - __main__ - INFO -     Watch: 3,260 (51.3%)
2026-03-25 17:52:24,262 - __main__ - INFO -     Flag: 1,259 (19.8%)
2026-03-25 17:52:24,262 - __main__ - INFO -     Alert: 61 (1.0%)
2026-03-25 17:52:24,263 - __main__ - INFO -   Anomaly score — mean: 35.7, median: 34.5, std: 16.3, max: 100.0
2026-03-25 17:52:24,263 - __main__ - INFO -   Stocks with ≥1 flagged feature: 5,781, ≥10 flags: 821
2026-03-25 17:52:24,264 - __main__ - INFO -   Per-feature anomaly flags:
2026-03-25 17:52:24,264 - __main__ - INFO -     discontinued_ops_impact: 79 stocks flagged
2026-03-25 17:52:24,264 - __main__ - INFO -     ebit_adjustment_pct_fy: 1,901 stocks flagged
2026-03-25 17:52:24,264 - __main__ - INFO -     ebit_adjustment_pct_ltm: 269 stocks flagged
2026-03-25 17:52:24,264 - __main__ - INFO -     ebitda_adjustment_pct_fy: 1,703 stocks flagged
2026-03-25 17:52:24,264 - __main__ - INFO -     ebitda_adjustment_pct_ltm: 108 stocks flagged
2026-03-25 17:52:24,264 - __main__ - INFO -     ebitda_adjustment_ratio: 139 stocks flagged
2026-03-25 17:52:24,264 - __main__ - INFO -     eps_adjustment_pct: 776 stocks flagged
2026-03-25 17:52:24,264 - __main__ - INFO -     eps_adjustment_ratio: 755 stocks flagged
2026-03-25 17:52:24,264 - __main__ - INFO -     eps_adjustment_ratio_comp: 755 stocks flagged
2026-03-25 17:52:24,264 - __main__ - INFO -     eps_adjustment_spread_fy: 1,835 stocks flagged
2026-03-25 17:52:24,264 - __main__ - INFO -     eps_adjustment_spread_ltm: 1,030 stocks flagged
2026-03-25 17:52:24,264 - __main__ - INFO -     eps_growth_accel: 369 stocks flagged
2026-03-25 17:52:24,264 - __main__ - INFO -     eps_surprise_pct: 648 stocks flagged
2026-03-25 17:52:24,264 - __main__ - INFO -     exceptional_items_frequency: 515 stocks flagged
2026-03-25 17:52:24,264 - __main__ - INFO -     exceptional_items_to_ebitda: 2,858 stocks flagged
2026-03-25 17:52:24,264 - __main__ - INFO -     forward_eps_gaap_adj_spread: 1,685 stocks flagged
2026-03-25 17:52:24,264 - __main__ - INFO -     gaap_adj_eps_gap_pct: 1,495 stocks flagged
2026-03-25 17:52:24,264 - __main__ - INFO -     gaap_revision_1m: 1,098 stocks flagged
2026-03-25 17:52:24,264 - __main__ - INFO -     gaap_revision_1y: 560 stocks flagged
2026-03-25 17:52:24,265 - __main__ - INFO -     gaap_revision_3m: 953 stocks flagged
2026-03-25 17:52:24,265 - __main__ - INFO -     gaap_revision_6m: 818 stocks flagged
2026-03-25 17:52:24,265 - __main__ - INFO -     gaap_revision_momentum: 1,205 stocks flagged
2026-03-25 17:52:24,265 - __main__ - INFO -     gaap_vs_norm_revision_spread: 1,068 stocks flagged
2026-03-25 17:52:24,265 - __main__ - INFO -     goodwill_change_rate: 1,256 stocks flagged
2026-03-25 17:52:24,265 - __main__ - INFO -     net_income_adjustment_pct: 169 stocks flagged
2026-03-25 17:52:24,265 - __main__ - INFO -     net_income_adjustment_ratio_fy: 2,130 stocks flagged
2026-03-25 17:52:24,265 - __main__ - INFO -     net_income_adjustment_ratio_ltm: 725 stocks flagged
2026-03-25 17:52:24,265 - __main__ - INFO -     restructuring_intensity: 100 stocks flagged
2026-03-25 17:52:24,265 - __main__ - INFO -     revenue_surprise_pct: 830 stocks flagged
2026-03-25 17:52:24,265 - __main__ - INFO -     revision_quality_divergence: 939 stocks flagged
2026-03-25 17:52:24,265 - __main__ - INFO -   Mahalanobis distance — computed: 1,307, mean: 3.79, p95: 8.46
2026-03-25 17:52:24,265 - __main__ - INFO -   Sector-relative outliers (|z| > 2): 232
2026-03-25 17:52:24,266 - __main__ - INFO -   Severity score — mean: 38.40, median: 35.80, max: 100.00
2026-03-25 17:52:24,266 - __main__ - INFO -   Conditional P(anomaly) — mean: 0.301, median: 0.280, max: 0.459
2026-03-25 17:52:24,266 - __main__ - INFO -   Multi-flag alerts: 821
2026-03-25 17:52:24,266 - __main__ - INFO -   Stocks in top 10% risk rank: 636
2026-03-25 17:52:24,266 - __main__ - INFO -   Benford's Law chi² p-value: 0.0328 (⚠️ suspicious)
2026-03-25 17:52:24,266 - __main__ - INFO -   Best-fit distributions per feature:
2026-03-25 17:52:24,268 - __main__ - INFO -     asset_sale_boost: student_t (mean KS p=0.000)
2026-03-25 17:52:24,268 - __main__ - INFO -     discontinued_ops_impact: student_t (mean KS p=0.000)
2026-03-25 17:52:24,269 - __main__ - INFO -     ebit_adjustment_pct_fy: student_t (mean KS p=0.000)
2026-03-25 17:52:24,269 - __main__ - INFO -     ebit_adjustment_pct_ltm: student_t (mean KS p=0.000)
2026-03-25 17:52:24,269 - __main__ - INFO -     ebitda_adjustment_pct_fy: student_t (mean KS p=0.000)
2026-03-25 17:52:24,270 - __main__ - INFO -     ebitda_adjustment_pct_ltm: student_t (mean KS p=0.000)
2026-03-25 17:52:24,270 - __main__ - INFO -     ebitda_adjustment_ratio: student_t (mean KS p=0.000)
2026-03-25 17:52:24,270 - __main__ - INFO -     eps_adjustment_pct: student_t (mean KS p=0.000)
2026-03-25 17:52:24,271 - __main__ - INFO -     eps_adjustment_ratio_comp: student_t (mean KS p=0.000)
2026-03-25 17:52:24,271 - __main__ - INFO -     eps_adjustment_ratio: student_t (mean KS p=0.000)
2026-03-25 17:52:24,272 - __main__ - INFO -     eps_adjustment_spread_fy: student_t (mean KS p=0.000)
2026-03-25 17:52:24,272 - __main__ - INFO -     eps_adjustment_spread_ltm: student_t (mean KS p=0.000)
2026-03-25 17:52:24,272 - __main__ - INFO -     eps_growth_accel: student_t (mean KS p=0.171)
2026-03-25 17:52:24,273 - __main__ - INFO -     eps_surprise_pct: student_t (mean KS p=0.000)
2026-03-25 17:52:24,273 - __main__ - INFO -     exceptional_items_frequency: student_t (mean KS p=0.000)
2026-03-25 17:52:24,273 - __main__ - INFO -     exceptional_items_to_ebitda: student_t (mean KS p=0.000)
2026-03-25 17:52:24,274 - __main__ - INFO -     forward_eps_gaap_adj_spread: student_t (mean KS p=0.000)
2026-03-25 17:52:24,274 - __main__ - INFO -     gaap_adj_eps_gap_pct: student_t (mean KS p=0.000)
2026-03-25 17:52:24,274 - __main__ - INFO -     gaap_revision_1m: student_t (mean KS p=0.000)
2026-03-25 17:52:24,275 - __main__ - INFO -     gaap_revision_1y: student_t (mean KS p=0.002)
2026-03-25 17:52:24,275 - __main__ - INFO -     gaap_revision_3m: student_t (mean KS p=0.000)
2026-03-25 17:52:24,276 - __main__ - INFO -     gaap_revision_6m: student_t (mean KS p=0.002)
2026-03-25 17:52:24,276 - __main__ - INFO -     gaap_revision_momentum: student_t (mean KS p=0.000)
2026-03-25 17:52:24,276 - __main__ - INFO -     gaap_vs_norm_revision_spread: student_t (mean KS p=0.000)
2026-03-25 17:52:24,277 - __main__ - INFO -     goodwill_change_rate: student_t (mean KS p=0.000)
2026-03-25 17:52:24,277 - __main__ - INFO -     net_income_adjustment_pct: student_t (mean KS p=0.000)
2026-03-25 17:52:24,277 - __main__ - INFO -     net_income_adjustment_ratio_fy: student_t (mean KS p=0.000)
2026-03-25 17:52:24,278 - __main__ - INFO -     net_income_adjustment_ratio_ltm: student_t (mean KS p=0.000)
2026-03-25 17:52:24,278 - __main__ - INFO -     restructuring_intensity: student_t (mean KS p=0.000)
2026-03-25 17:52:24,278 - __main__ - INFO -     revenue_surprise_pct: student_t (mean KS p=0.000)
2026-03-25 17:52:24,279 - __main__ - INFO -     revision_quality_divergence: student_t (mean KS p=0.000)
2026-03-25 17:52:24,286 - root - INFO - Exporting 6358 rows to analytics.accounting_anomaly_analysis
2026-03-25 17:52:27,130 - root - INFO - Export complete: analytics.accounting_anomaly_analysis
2026-03-25 17:52:27,130 - __main__ - INFO -   ✓ Exported 6,358 rows → analytics.accounting_anomaly_analysis
2026-03-25 17:52:27,130 - __main__ - INFO - ✓ Accounting anomaly analysis complete: 6,358 stocks
2026-03-25 17:52:27,132 - __main__ - INFO -   ⏱ Step 5b completed in 35.1s
2026-03-25 17:52:27,132 - __main__ - INFO - 
2026-03-25 17:52:27,132 - __main__ - INFO - 🛡️ Step 5c: Credit risk & dividend safety analysis...
2026-03-25 17:52:27,132 - __main__ - INFO - --------------------------------------------------------------------------------
2026-03-25 17:52:27,149 - __main__ - INFO - Credit risk analysis: merged 49 risk columns from feature views
2026-03-25 17:52:38,435 - finance_ml.analytics.probability_analytics - INFO - Sector-adjusted distress: 3423 / 6358 stocks flagged (vs 1417 with global threshold)
2026-03-25 17:52:38,514 - __main__ - INFO - Hierarchical MCMC credit risk: 36 sectors enriched
2026-03-25 17:52:38,857 - __main__ - INFO - Ruin probability enrichment: 7 columns added
2026-03-25 17:52:38,857 - __main__ - INFO - Credit risk analysis: 6358 stocks processed
2026-03-25 17:52:38,860 - __main__ - INFO - ✓ Credit risk: 6,358 stocks, 3711 high/distressed
2026-03-25 17:52:38,860 - __main__ - INFO -   Mean ruin probability: 0.048
2026-03-25 17:52:38,870 - __main__ - INFO -   Merged 820 anomaly columns into credit risk DataFrame
2026-03-25 17:52:47,171 - finance_ml.analytics.probability_analytics - INFO - Hierarchical sector MCMC for dividend FCF coverage: 30 sectors
2026-03-25 17:52:47,179 - __main__ - INFO - Dividend safety analysis: 6362 stocks processed
2026-03-25 17:52:47,181 - __main__ - INFO - ✓ Dividend safety: 6,362 stocks, 3157 at risk
2026-03-25 17:52:47,181 - __main__ - INFO -   ⏱ Step 5c completed in 20.0s
2026-03-25 17:52:47,181 - __main__ - INFO - 
2026-03-25 17:52:47,181 - __main__ - INFO - 🔍 Step 5d: Running stock screening strategies...
2026-03-25 17:52:47,182 - __main__ - INFO - --------------------------------------------------------------------------------
2026-03-25 17:52:47,222 - __main__ - INFO -   ✓ Productivity frontier scores added
2026-03-25 17:52:47,224 - __main__ - INFO -    Reporting lag sentiment: corr=-0.028, p=0.1045, hypothesis=not confirmed
2026-03-25 17:52:47,224 - __main__ - INFO - Quality screen: 0 stocks
2026-03-25 17:52:47,224 - __main__ - WARNING - Quality screen returned 0 stocks — applying adaptive fallback.
2026-03-25 17:52:47,224 - __main__ - WARNING - Adaptive screening: quality returned 0 stocks (0.0% < 0.0% threshold). Applying percentile-based fallback (top 10%).
2026-03-25 17:52:47,230 - __main__ - INFO - Adaptive screening: quality fallback using piotroski_f_score >= 6.00 → 932 stocks
2026-03-25 17:52:48,246 - __main__ - INFO - Earnings quality screen: 1162 stocks
2026-03-25 17:52:49,293 - __main__ - INFO - Value screen: 1044 stocks
2026-03-25 17:52:50,420 - __main__ - INFO - Growth screen: 2826 stocks
2026-03-25 17:52:51,354 - __main__ - INFO - GARP screen: 922 stocks
2026-03-25 17:52:52,251 - __main__ - INFO - Dividend screen: 15 stocks
2026-03-25 17:52:52,941 - __main__ - INFO - Financial health screen: 1418 stocks
2026-03-25 17:52:53,246 - __main__ - INFO - Valuation reversion screen: 449 stocks
2026-03-25 17:52:54,407 - __main__ - INFO - Integrity growth screen: 1075 stocks
2026-03-25 17:52:55,009 - __main__ - INFO - High-yield safe dividend screen: 45 stocks
2026-03-25 17:52:55,026 - __main__ - INFO - Sector-relative ranking: 6362 stocks
2026-03-25 17:52:56,203 - __main__ - INFO - Low-volatility quality screen: 2196 stocks
2026-03-25 17:52:56,663 - __main__ - INFO - FCF compounders screen: 964 stocks
2026-03-25 17:52:56,676 - __main__ - INFO - Total return leaders screen: 6362 stocks
2026-03-25 17:52:56,676 - __main__ - INFO -   ✓ quality: 932 stocks
2026-03-25 17:52:56,676 - __main__ - INFO -   ✓ earnings_quality: 1,162 stocks
2026-03-25 17:52:56,676 - __main__ - INFO -   ✓ value: 1,044 stocks
2026-03-25 17:52:56,676 - __main__ - INFO -   ✓ growth: 2,826 stocks
2026-03-25 17:52:56,676 - __main__ - INFO -   ✓ garp: 922 stocks
2026-03-25 17:52:56,676 - __main__ - INFO -   ✓ dividend: 15 stocks
2026-03-25 17:52:56,676 - __main__ - INFO -   ✓ healthy: 1,418 stocks
2026-03-25 17:52:56,676 - __main__ - INFO -   ✓ valuation_reversion: 449 stocks
2026-03-25 17:52:56,676 - __main__ - INFO -   ✓ integrity_growth: 1,075 stocks
2026-03-25 17:52:56,676 - __main__ - INFO -   ✓ high_yield_safe: 45 stocks
2026-03-25 17:52:56,676 - __main__ - INFO -   ✓ sector_relative: 6,362 stocks
2026-03-25 17:52:56,676 - __main__ - INFO -   ✓ low_vol_quality: 2,196 stocks
2026-03-25 17:52:56,676 - __main__ - INFO -   ✓ fcf_compounders: 964 stocks
2026-03-25 17:52:56,676 - __main__ - INFO -   ✓ total_return_leaders: 6,362 stocks
2026-03-25 17:52:56,676 - __main__ - INFO -   ⏱ Step 5d completed in 9.5s
2026-03-25 17:52:56,676 - __main__ - INFO - 
2026-03-25 17:52:56,676 - __main__ - INFO - 🧪 Step 5e: Resampled Bayesian posterior returns...
2026-03-25 17:52:56,677 - __main__ - INFO - --------------------------------------------------------------------------------
2026-03-25 17:53:17,005 - __main__ - INFO - Resampled posterior returns: 6358 stocks, mean posterior=-3.82%
2026-03-25 17:53:17,207 - __main__ - INFO -   ✓ Resampled posteriors: 6,358 stocks
2026-03-25 17:53:17,207 - __main__ - INFO -   Mean posterior return: -3.82%
2026-03-25 17:53:17,207 - __main__ - INFO -   ⏱ Step 5e completed in 20.5s
2026-03-25 17:53:17,207 - __main__ - INFO - 
2026-03-25 17:53:17,207 - __main__ - INFO - 🔗 Step 6: Cross-model alignment...
2026-03-25 17:53:17,221 - __main__ - INFO - --------------------------------------------------------------------------------
2026-03-25 17:53:17,264 - __main__ - INFO - Tri-model alignment: 5515 stocks, 4741 strong bullish
2026-03-25 17:53:17,272 - __main__ - INFO - Strong consensus picks: 50 stocks
2026-03-25 17:53:17,293 - __main__ - INFO - Quad-model alignment: 5512 stocks, full consensus (4/4): 1522
2026-03-25 17:53:17,293 - __main__ - INFO -   Tri-model coverage: 5,515 stocks
2026-03-25 17:53:17,295 - __main__ - INFO -     Strong Bearish (0/3): 504
2026-03-25 17:53:17,295 - __main__ - INFO -     Bearish (1/3): 103
2026-03-25 17:53:17,295 - __main__ - INFO -     Bullish (2/3): 167
2026-03-25 17:53:17,296 - __main__ - INFO -     Strong Bullish (3/3): 4741
2026-03-25 17:53:17,296 - __main__ - INFO -   Strong consensus picks: 50
2026-03-25 17:53:17,296 - __main__ - INFO -   Quad-model (4/4): 1522 stocks
2026-03-25 17:53:17,333 - __main__ - INFO -   MC ↔ Kalman correlation: 0.958
2026-03-25 17:53:17,333 - __main__ - INFO -   ⏱ Step 6 completed in 0.1s
2026-03-25 17:53:17,333 - __main__ - INFO - 
2026-03-25 17:53:17,333 - __main__ - INFO - 📋 Step 7: Building expected_returns_summary (4-model merge)...
2026-03-25 17:53:17,334 - __main__ - INFO - --------------------------------------------------------------------------------
2026-03-25 17:53:17,369 - __main__ - INFO - Enriched expected_returns_summary with 43 anomaly columns
2026-03-25 17:53:17,381 - __main__ - INFO - Enriched expected_returns_summary with 21 credit risk columns
2026-03-25 17:53:17,390 - __main__ - INFO - Enriched expected_returns_summary with 11 dividend safety columns
2026-03-25 17:53:17,570 - __main__ - INFO - Enriched expected_returns_summary with 33 columns from mv_all_stock_features
2026-03-25 17:53:17,575 - __main__ - INFO - Expected returns summary: 5512 stocks, 1522 strong bullish (4/4)
2026-03-25 17:53:17,575 - __main__ - INFO -   ✓ 5,512 stocks in expected_returns_summary
2026-03-25 17:53:17,575 - __main__ - INFO -   Full consensus (4/4): 1522 stocks
2026-03-25 17:53:17,689 - __main__ - INFO - Quality scoring: 11 High, 1646 Above Avg
2026-03-25 17:53:17,693 - __main__ - INFO -   High-quality full consensus: 706 stocks
2026-03-25 17:53:17,738 - __main__ - INFO - Added z-scores and percentile ranks for 3 return metrics
2026-03-25 17:53:17,740 - __main__ - INFO -   Agreement distribution:
2026-03-25 17:53:17,740 - __main__ - INFO -     Strong Bearish (0/4): 383
2026-03-25 17:53:17,741 - __main__ - INFO -     Bearish (1/4): 195
2026-03-25 17:53:17,741 - __main__ - INFO -     Neutral (2/4): 144
2026-03-25 17:53:17,741 - __main__ - INFO -     Bullish (3/4): 3268
2026-03-25 17:53:17,741 - __main__ - INFO -     Strong Bullish (4/4): 1522
2026-03-25 17:53:17,826 - __main__ - INFO - Cross-model diagnostics: tail agreement=95.1%, mean dispersion=9.71
2026-03-25 17:53:17,828 - __main__ - INFO - 
  🔬 Cross-Model Diagnostics:
2026-03-25 17:53:17,829 - __main__ - INFO -      Direction agreement: 95.1%
2026-03-25 17:53:17,829 - __main__ - INFO -      Mean inter-model dispersion: 9.71
2026-03-25 17:53:17,829 - __main__ - INFO -      Kendall τ (expected_upside_pct ↔ filtered_upside): 0.916 (p=0.0000)
2026-03-25 17:53:17,829 - __main__ - INFO -      Kendall τ (expected_upside_pct ↔ expected_return_prob_weighted): 0.481 (p=0.0000)
2026-03-25 17:53:17,829 - __main__ - INFO -      Kendall τ (filtered_upside ↔ expected_return_prob_weighted): 0.507 (p=0.0000)
2026-03-25 17:53:17,883 - __main__ - INFO - 
  🏢 Sector Analytics: 59 sectors
2026-03-25 17:53:17,939 - __main__ - INFO -    Hierarchical MCMC: 39 sector posteriors (Bayesian shrinkage)
2026-03-25 17:53:17,940 - __main__ - INFO -      Metals and Mining: raw=36.7% → posterior=36.6% (shrinkage=0.96)
2026-03-25 17:53:17,940 - __main__ - INFO -      Trading Companies and Distributors: raw=31.0% → posterior=31.2% (shrinkage=0.88)
2026-03-25 17:53:17,940 - __main__ - INFO -      Software: raw=63.5% → posterior=62.1% (shrinkage=0.96)
2026-03-25 17:53:17,940 - __main__ - INFO -      Biotechnology: raw=83.2% → posterior=80.8% (shrinkage=0.95)
2026-03-25 17:53:17,940 - __main__ - INFO -      Aerospace and Defense: raw=25.4% → posterior=26.1% (shrinkage=0.90)
2026-03-25 17:53:18,465 - finance_ml.analytics.statistical_analysis - INFO - Multi-level hierarchical MCMC: 9 levels, 307 total groups for 'expected_upside_pct'
2026-03-25 17:53:18,466 - __main__ - INFO -    Multi-level MCMC: 9 category levels, 307 group posteriors
2026-03-25 17:53:18,467 - __main__ - INFO -      [region] Europe: raw=42.7% → posterior=42.6% (n=1558, shrink=0.99)
2026-03-25 17:53:18,467 - __main__ - INFO -      [region] United States and Canada: raw=34.3% → posterior=34.3% (n=1703, shrink=0.99)
2026-03-25 17:53:18,467 - __main__ - INFO -      [region] Latin America and Caribbean: raw=32.7% → posterior=32.7% (n=230, shrink=0.96)
2026-03-25 17:53:18,467 - __main__ - INFO -      [region] Africa / Middle East: raw=31.2% → posterior=31.3% (n=283, shrink=0.97)
2026-03-25 17:53:18,467 - __main__ - INFO -      [region] Asia / Pacific: raw=22.0% → posterior=22.1% (n=1738, shrink=0.99)
2026-03-25 17:53:18,468 - __main__ - INFO -      [country] GB: raw=59.2% → posterior=58.7% (n=287, shrink=0.97)
2026-03-25 17:53:18,468 - __main__ - INFO -      [country] LU: raw=64.1% → posterior=56.8% (n=24, shrink=0.66)
2026-03-25 17:53:18,468 - __main__ - INFO -      [country] DE: raw=51.6% → posterior=51.1% (n=168, shrink=0.94)
2026-03-25 17:53:18,468 - __main__ - INFO -      [country] SE: raw=48.0% → posterior=47.7% (n=168, shrink=0.94)
2026-03-25 17:53:18,468 - __main__ - INFO -      [country] NL: raw=48.1% → posterior=47.3% (n=57, shrink=0.85)
2026-03-25 17:53:18,468 - __main__ - INFO -      [country] IT: raw=47.1% → posterior=46.8% (n=107, shrink=0.91)
2026-03-25 17:53:18,468 - __main__ - INFO -      [country] IE: raw=46.4% → posterior=45.5% (n=32, shrink=0.76)
2026-03-25 17:53:18,468 - __main__ - INFO -      [country] MT: raw=125.0% → posterior=45.0% (n=3, shrink=0.03)
2026-03-25 17:53:18,468 - __main__ - INFO -      [country] JE: raw=43.8% → posterior=42.6% (n=3, shrink=0.03)
2026-03-25 17:53:18,468 - __main__ - INFO -      [country] FR: raw=42.3% → posterior=42.4% (n=157, shrink=0.94)
2026-03-25 17:53:18,468 - __main__ - INFO -      [country] BE: raw=42.3% → posterior=42.3% (n=41, shrink=0.80)
2026-03-25 17:53:18,468 - __main__ - INFO -      [country] SI: raw=-1.2% → posterior=41.3% (n=3, shrink=0.03)
2026-03-25 17:53:18,468 - __main__ - INFO -      [country] HU: raw=9.1% → posterior=40.9% (n=4, shrink=0.05)
2026-03-25 17:53:18,468 - __main__ - INFO -      [country] CY: raw=7.7% → posterior=39.9% (n=5, shrink=0.08)
2026-03-25 17:53:18,468 - __main__ - INFO -      [country] CZ: raw=6.1% → posterior=39.8% (n=5, shrink=0.08)
2026-03-25 17:53:18,468 - __main__ - INFO -      [country] AE: raw=41.4% → posterior=39.0% (n=33, shrink=0.77)
2026-03-25 17:53:18,469 - __main__ - INFO -      [country] TR: raw=40.5% → posterior=39.0% (n=52, shrink=0.84)
2026-03-25 17:53:18,469 - __main__ - INFO -      [country] MX: raw=39.4% → posterior=38.2% (n=45, shrink=0.82)
2026-03-25 17:53:18,469 - __main__ - INFO -      [country] ZA: raw=39.8% → posterior=38.0% (n=38, shrink=0.79)
2026-03-25 17:53:18,469 - __main__ - INFO -      [country] HR: raw=10.0% → posterior=38.0% (n=7, shrink=0.14)
2026-03-25 17:53:18,469 - __main__ - INFO -      [country] DK: raw=36.7% → posterior=38.0% (n=35, shrink=0.78)
2026-03-25 17:53:18,469 - __main__ - INFO -      [country] VG: raw=197.8% → posterior=37.5% (n=3, shrink=0.03)
2026-03-25 17:53:18,469 - __main__ - INFO -      [country] PT: raw=16.7% → posterior=36.1% (n=10, shrink=0.25)
2026-03-25 17:53:18,469 - __main__ - INFO -      [country] US: raw=35.1% → posterior=35.1% (n=1502, shrink=0.99)
2026-03-25 17:53:18,469 - __main__ - INFO -      [country] HK: raw=35.8% → posterior=33.5% (n=50, shrink=0.83)
2026-03-25 17:53:18,469 - __main__ - INFO -      [country] ID: raw=37.5% → posterior=33.5% (n=29, shrink=0.74)
2026-03-25 17:53:18,469 - __main__ - INFO -      [country] KY: raw=38.7% → posterior=33.2% (n=5, shrink=0.08)
2026-03-25 17:53:18,469 - __main__ - INFO -      [country] SA: raw=33.1% → posterior=32.9% (n=70, shrink=0.88)
2026-03-25 17:53:18,469 - __main__ - INFO -      [country] QA: raw=34.8% → posterior=32.5% (n=13, shrink=0.36)
2026-03-25 17:53:18,469 - __main__ - INFO -      [country] RO: raw=-14.8% → posterior=32.5% (n=8, shrink=0.18)
2026-03-25 17:53:18,469 - __main__ - INFO -      [country] CH: raw=31.4% → posterior=32.3% (n=113, shrink=0.92)
2026-03-25 17:53:18,469 - __main__ - INFO -      [country] BR: raw=31.8% → posterior=31.9% (n=121, shrink=0.92)
2026-03-25 17:53:18,469 - __main__ - INFO -      [country] SG: raw=36.3% → posterior=31.7% (n=25, shrink=0.68)
2026-03-25 17:53:18,469 - __main__ - INFO -      [country] PE: raw=12.3% → posterior=31.7% (n=4, shrink=0.05)
2026-03-25 17:53:18,469 - __main__ - INFO -      [country] ES: raw=29.6% → posterior=31.6% (n=53, shrink=0.84)
2026-03-25 17:53:18,469 - __main__ - INFO -      [country] MA: raw=33.9% → posterior=31.4% (n=4, shrink=0.05)
2026-03-25 17:53:18,469 - __main__ - INFO -      [country] AU: raw=32.8% → posterior=31.3% (n=59, shrink=0.86)
2026-03-25 17:53:18,469 - __main__ - INFO -      [country] GR: raw=21.9% → posterior=30.8% (n=20, shrink=0.57)
2026-03-25 17:53:18,469 - __main__ - INFO -      [country] IL: raw=30.2% → posterior=30.6% (n=23, shrink=0.64)
2026-03-25 17:53:18,469 - __main__ - INFO -      [country] CO: raw=9.7% → posterior=30.2% (n=6, shrink=0.11)
2026-03-25 17:53:18,469 - __main__ - INFO -      [country] EG: raw=28.6% → posterior=30.2% (n=14, shrink=0.40)
2026-03-25 17:53:18,470 - __main__ - INFO -      [country] FI: raw=28.7% → posterior=30.2% (n=80, shrink=0.89)
2026-03-25 17:53:18,470 - __main__ - INFO -      [country] GH: raw=-13.2% → posterior=30.0% (n=3, shrink=0.03)
2026-03-25 17:53:18,470 - __main__ - INFO -      [country] AT: raw=24.8% → posterior=29.7% (n=28, shrink=0.72)
2026-03-25 17:53:18,470 - __main__ - INFO -      [country] KW: raw=15.8% → posterior=29.6% (n=6, shrink=0.11)
2026-03-25 17:53:18,470 - __main__ - INFO -      [country] CL: raw=25.1% → posterior=28.7% (n=18, shrink=0.52)
2026-03-25 17:53:18,470 - __main__ - INFO -      [country] CA: raw=27.8% → posterior=28.1% (n=201, shrink=0.95)
2026-03-25 17:53:18,470 - __main__ - INFO -      [country] PL: raw=23.1% → posterior=26.5% (n=47, shrink=0.82)
2026-03-25 17:53:18,470 - __main__ - INFO -      [country] CN: raw=23.8% → posterior=23.8% (n=712, shrink=0.99)
2026-03-25 17:53:18,470 - __main__ - INFO -      [country] IN: raw=23.9% → posterior=23.8% (n=210, shrink=0.95)
2026-03-25 17:53:18,470 - __main__ - INFO -      [country] VN: raw=27.7% → posterior=22.9% (n=7, shrink=0.14)
2026-03-25 17:53:18,470 - __main__ - INFO -      [country] NZ: raw=25.0% → posterior=22.4% (n=6, shrink=0.11)
2026-03-25 17:53:18,485 - __main__ - INFO -      [country] TH: raw=22.0% → posterior=22.0% (n=23, shrink=0.64)
2026-03-25 17:53:18,485 - __main__ - INFO -      [country] BM: raw=15.2% → posterior=21.9% (n=22, shrink=0.62)
2026-03-25 17:53:18,485 - __main__ - INFO -      [country] PH: raw=19.0% → posterior=21.9% (n=5, shrink=0.08)
2026-03-25 17:53:18,485 - __main__ - INFO -      [country] NO: raw=19.2% → posterior=21.8% (n=81, shrink=0.89)
2026-03-25 17:53:18,485 - __main__ - INFO -      [country] OM: raw=-7.4% → posterior=20.2% (n=11, shrink=0.29)
2026-03-25 17:53:18,485 - __main__ - INFO -      [country] MY: raw=17.9% → posterior=18.9% (n=30, shrink=0.75)
2026-03-25 17:53:18,485 - __main__ - INFO -      [country] KR: raw=18.0% → posterior=18.4% (n=113, shrink=0.92)
2026-03-25 17:53:18,485 - __main__ - INFO -      [country] TW: raw=15.8% → posterior=16.3% (n=99, shrink=0.91)
2026-03-25 17:53:18,485 - __main__ - INFO -      [country] JP: raw=14.6% → posterior=14.8% (n=362, shrink=0.97)
2026-03-25 17:53:18,485 - __main__ - INFO -      [country] NG: raw=-17.1% → posterior=13.8% (n=13, shrink=0.36)
2026-03-25 17:53:18,486 - __main__ - INFO -      [trading_country] GB: raw=60.1% → posterior=59.5% (n=284, shrink=0.97)
2026-03-25 17:53:18,486 - __main__ - INFO -      [trading_country] DE: raw=55.6% → posterior=54.9% (n=177, shrink=0.95)
2026-03-25 17:53:18,486 - __main__ - INFO -      [trading_country] SE: raw=48.4% → posterior=48.1% (n=171, shrink=0.94)
2026-03-25 17:53:18,486 - __main__ - INFO -      [trading_country] BE: raw=48.4% → posterior=47.2% (n=39, shrink=0.80)
2026-03-25 17:53:18,486 - __main__ - INFO -      [trading_country] IT: raw=45.6% → posterior=45.3% (n=101, shrink=0.91)
2026-03-25 17:53:18,486 - __main__ - INFO -      [trading_country] FR: raw=43.3% → posterior=43.3% (n=159, shrink=0.94)
2026-03-25 17:53:18,486 - __main__ - INFO -      [trading_country] IE: raw=30.6% → posterior=42.0% (n=4, shrink=0.05)
2026-03-25 17:53:18,486 - __main__ - INFO -      [trading_country] SI: raw=-1.2% → posterior=41.3% (n=3, shrink=0.03)
2026-03-25 17:53:18,486 - __main__ - INFO -      [trading_country] HU: raw=-6.9% → posterior=41.2% (n=3, shrink=0.03)
2026-03-25 17:53:18,487 - __main__ - INFO -      [trading_country] CZ: raw=-0.6% → posterior=40.4% (n=4, shrink=0.05)
2026-03-25 17:53:18,487 - __main__ - INFO -      [trading_country] MX: raw=41.0% → posterior=39.4% (n=42, shrink=0.81)
2026-03-25 17:53:18,487 - __main__ - INFO -      [trading_country] TR: raw=40.7% → posterior=39.2% (n=51, shrink=0.84)
2026-03-25 17:53:18,487 - __main__ - INFO -      [trading_country] DK: raw=37.6% → posterior=38.7% (n=34, shrink=0.77)
2026-03-25 17:53:18,487 - __main__ - INFO -      [trading_country] AE: raw=40.6% → posterior=38.4% (n=31, shrink=0.76)
2026-03-25 17:53:18,487 - __main__ - INFO -      [trading_country] HR: raw=10.0% → posterior=38.0% (n=7, shrink=0.14)
2026-03-25 17:53:18,487 - __main__ - INFO -      [trading_country] NL: raw=36.9% → posterior=37.8% (n=51, shrink=0.84)
2026-03-25 17:53:18,487 - __main__ - INFO -      [trading_country] US: raw=36.3% → posterior=36.3% (n=1696, shrink=0.99)
2026-03-25 17:53:18,487 - __main__ - INFO -      [trading_country] HK: raw=36.8% → posterior=35.9% (n=165, shrink=0.94)
2026-03-25 17:53:18,487 - __main__ - INFO -      [trading_country] GR: raw=26.1% → posterior=35.0% (n=16, shrink=0.46)
2026-03-25 17:53:18,487 - __main__ - INFO -      [trading_country] PT: raw=15.2% → posterior=33.7% (n=12, shrink=0.32)
2026-03-25 17:53:18,487 - __main__ - INFO -      [trading_country] ID: raw=37.5% → posterior=33.5% (n=29, shrink=0.74)
2026-03-25 17:53:18,487 - __main__ - INFO -      [trading_country] SA: raw=33.1% → posterior=32.9% (n=70, shrink=0.88)
2026-03-25 17:53:18,487 - __main__ - INFO -      [trading_country] QA: raw=34.8% → posterior=32.5% (n=13, shrink=0.36)
2026-03-25 17:53:18,487 - __main__ - INFO -      [trading_country] ES: raw=30.2% → posterior=32.2% (n=53, shrink=0.84)
2026-03-25 17:53:18,487 - __main__ - INFO -      [trading_country] PE: raw=13.4% → posterior=32.1% (n=3, shrink=0.03)
2026-03-25 17:53:18,487 - __main__ - INFO -      [trading_country] BR: raw=31.6% → posterior=31.7% (n=118, shrink=0.92)
2026-03-25 17:53:18,487 - __main__ - INFO -      [trading_country] MA: raw=33.9% → posterior=31.4% (n=4, shrink=0.05)
2026-03-25 17:53:18,487 - __main__ - INFO -      [trading_country] CH: raw=30.1% → posterior=31.3% (n=95, shrink=0.90)
2026-03-25 17:53:18,487 - __main__ - INFO -      [trading_country] CA: raw=30.4% → posterior=30.6% (n=202, shrink=0.95)
2026-03-25 17:53:18,487 - __main__ - INFO -      [trading_country] CO: raw=9.7% → posterior=30.2% (n=6, shrink=0.11)
2026-03-25 17:53:18,487 - __main__ - INFO -      [trading_country] EG: raw=28.6% → posterior=30.2% (n=14, shrink=0.40)
2026-03-25 17:53:18,487 - __main__ - INFO -      [trading_country] FI: raw=28.4% → posterior=30.0% (n=79, shrink=0.89)
2026-03-25 17:53:18,487 - __main__ - INFO -      [trading_country] GH: raw=-13.2% → posterior=30.0% (n=3, shrink=0.03)
2026-03-25 17:53:18,487 - __main__ - INFO -      [trading_country] CL: raw=26.9% → posterior=29.9% (n=17, shrink=0.49)
2026-03-25 17:53:18,488 - __main__ - INFO -      [trading_country] KW: raw=15.8% → posterior=29.6% (n=6, shrink=0.11)
2026-03-25 17:53:18,488 - __main__ - INFO -      [trading_country] ZA: raw=29.0% → posterior=29.5% (n=36, shrink=0.78)
2026-03-25 17:53:18,488 - __main__ - INFO -      [trading_country] AU: raw=30.3% → posterior=29.0% (n=56, shrink=0.85)
2026-03-25 17:53:18,488 - __main__ - INFO -      [trading_country] RO: raw=-13.6% → posterior=28.6% (n=10, shrink=0.25)
2026-03-25 17:53:18,488 - __main__ - INFO -      [trading_country] IL: raw=-7.8% → posterior=28.3% (n=5, shrink=0.08)
2026-03-25 17:53:18,488 - __main__ - INFO -      [trading_country] AT: raw=17.3% → posterior=27.0% (n=22, shrink=0.62)
2026-03-25 17:53:18,488 - __main__ - INFO -      [trading_country] PL: raw=23.2% → posterior=26.3% (n=52, shrink=0.84)
2026-03-25 17:53:18,488 - __main__ - INFO -      [trading_country] IN: raw=23.3% → posterior=23.2% (n=209, shrink=0.95)
2026-03-25 17:53:18,488 - __main__ - INFO -      [trading_country] VN: raw=27.7% → posterior=22.9% (n=7, shrink=0.14)
2026-03-25 17:53:18,488 - __main__ - INFO -      [trading_country] NO: raw=20.5% → posterior=22.6% (n=98, shrink=0.91)
2026-03-25 17:53:18,488 - __main__ - INFO -      [trading_country] TH: raw=22.0% → posterior=22.1% (n=22, shrink=0.62)
2026-03-25 17:53:18,488 - __main__ - INFO -      [trading_country] PH: raw=19.0% → posterior=21.9% (n=5, shrink=0.08)
2026-03-25 17:53:18,488 - __main__ - INFO -      [trading_country] NZ: raw=15.6% → posterior=21.4% (n=6, shrink=0.11)
2026-03-25 17:53:18,488 - __main__ - INFO -      [trading_country] OM: raw=-7.4% → posterior=20.2% (n=11, shrink=0.29)
2026-03-25 17:53:18,488 - __main__ - INFO -      [trading_country] CN: raw=20.0% → posterior=20.0% (n=566, shrink=0.98)
2026-03-25 17:53:18,488 - __main__ - INFO -      [trading_country] MY: raw=17.9% → posterior=18.9% (n=30, shrink=0.75)
2026-03-25 17:53:18,488 - __main__ - INFO -      [trading_country] KR: raw=18.0% → posterior=18.4% (n=113, shrink=0.92)
2026-03-25 17:53:18,488 - __main__ - INFO -      [trading_country] SG: raw=11.2% → posterior=17.8% (n=14, shrink=0.40)
2026-03-25 17:53:18,488 - __main__ - INFO -      [trading_country] TW: raw=15.9% → posterior=16.4% (n=100, shrink=0.91)
2026-03-25 17:53:18,488 - __main__ - INFO -      [trading_country] NG: raw=-19.5% → posterior=14.8% (n=12, shrink=0.32)
2026-03-25 17:53:18,488 - __main__ - INFO -      [trading_country] JP: raw=14.6% → posterior=14.8% (n=362, shrink=0.97)
2026-03-25 17:53:18,489 - __main__ - INFO -      [exchange] AIM: raw=99.2% → posterior=95.2% (n=90, shrink=0.90)
2026-03-25 17:53:18,489 - __main__ - INFO -      [exchange] NasdaqGM: raw=81.5% → posterior=77.4% (n=103, shrink=0.91)
2026-03-25 17:53:18,489 - __main__ - INFO -      [exchange] NasdaqCM: raw=69.6% → posterior=65.3% (n=70, shrink=0.88)
2026-03-25 17:53:18,489 - __main__ - INFO -      [exchange] XTRA: raw=53.5% → posterior=53.4% (n=172, shrink=0.95)
2026-03-25 17:53:18,489 - __main__ - INFO -      [exchange] DB: raw=85.0% → posterior=52.1% (n=3, shrink=0.03)
2026-03-25 17:53:18,489 - __main__ - INFO -      [exchange] OM: raw=49.4% → posterior=49.3% (n=169, shrink=0.94)
2026-03-25 17:53:18,489 - __main__ - INFO -      [exchange] ENXTBR: raw=48.4% → posterior=47.2% (n=39, shrink=0.80)
2026-03-25 17:53:18,489 - __main__ - INFO -      [exchange] BIT: raw=44.9% → posterior=45.1% (n=105, shrink=0.91)
2026-03-25 17:53:18,489 - __main__ - INFO -      [exchange] LSE: raw=44.2% → posterior=44.9% (n=198, shrink=0.95)
2026-03-25 17:53:18,489 - __main__ - INFO -      [exchange] ISE: raw=30.6% → posterior=44.7% (n=4, shrink=0.05)
2026-03-25 17:53:18,489 - __main__ - INFO -      [exchange] ENXTPA: raw=41.8% → posterior=41.8% (n=157, shrink=0.94)
2026-03-25 17:53:18,490 - __main__ - INFO -      [exchange] ADX: raw=41.8% → posterior=40.6% (n=20, shrink=0.57)
2026-03-25 17:53:18,490 - __main__ - INFO -      [exchange] BMV: raw=41.0% → posterior=40.5% (n=42, shrink=0.81)
2026-03-25 17:53:18,490 - __main__ - INFO -      [exchange] IBSE: raw=40.7% → posterior=40.4% (n=51, shrink=0.84)
2026-03-25 17:53:18,490 - __main__ - INFO -      [exchange] LJSE: raw=-1.2% → posterior=40.1% (n=3, shrink=0.03)
2026-03-25 17:53:18,490 - __main__ - INFO -      [exchange] NasdaqGS: raw=39.6% → posterior=39.6% (n=620, shrink=0.98)
2026-03-25 17:53:18,490 - __main__ - INFO -      [exchange] BUSE: raw=-6.9% → posterior=39.5% (n=3, shrink=0.03)
2026-03-25 17:53:18,490 - __main__ - INFO -      [exchange] DFM: raw=38.5% → posterior=38.9% (n=11, shrink=0.29)
2026-03-25 17:53:18,490 - __main__ - INFO -      [exchange] ENXTAM: raw=36.9% → posterior=38.6% (n=51, shrink=0.84)
2026-03-25 17:53:18,490 - __main__ - INFO -      [exchange] SEP: raw=-0.6% → posterior=37.8% (n=4, shrink=0.05)
2026-03-25 17:53:18,490 - __main__ - INFO -      [exchange] CPSE: raw=37.6% → posterior=37.7% (n=34, shrink=0.77)
2026-03-25 17:53:18,490 - __main__ - INFO -      [exchange] NYSEAM: raw=64.6% → posterior=37.4% (n=5, shrink=0.08)
2026-03-25 17:53:18,490 - __main__ - INFO -      [exchange] CNSX: raw=89.2% → posterior=36.7% (n=3, shrink=0.03)
2026-03-25 17:53:18,490 - __main__ - INFO -      [exchange] IDX: raw=37.5% → posterior=36.4% (n=29, shrink=0.74)
2026-03-25 17:53:18,490 - __main__ - INFO -      [exchange] SEHK: raw=36.8% → posterior=36.0% (n=165, shrink=0.94)
2026-03-25 17:53:18,490 - __main__ - INFO -      [exchange] ZGSE: raw=10.0% → posterior=34.1% (n=7, shrink=0.14)
2026-03-25 17:53:18,490 - __main__ - INFO -      [exchange] TSXV: raw=59.0% → posterior=33.5% (n=8, shrink=0.18)
2026-03-25 17:53:18,490 - __main__ - INFO -      [exchange] DSM: raw=34.8% → posterior=33.3% (n=13, shrink=0.36)
2026-03-25 17:53:18,490 - __main__ - INFO -      [exchange] SASE: raw=33.1% → posterior=33.1% (n=70, shrink=0.88)
2026-03-25 17:53:18,490 - __main__ - INFO -      [exchange] BOVESPA: raw=31.6% → posterior=31.6% (n=118, shrink=0.92)
2026-03-25 17:53:18,490 - __main__ - INFO -      [exchange] CBSE: raw=33.9% → posterior=31.5% (n=4, shrink=0.05)
2026-03-25 17:53:18,490 - __main__ - INFO -      [exchange] BME: raw=31.2% → posterior=31.2% (n=53, shrink=0.84)
2026-03-25 17:53:18,490 - __main__ - INFO -      [exchange] BVL: raw=13.4% → posterior=31.1% (n=3, shrink=0.03)
2026-03-25 17:53:18,490 - __main__ - INFO -      [exchange] JSE: raw=29.0% → posterior=31.0% (n=36, shrink=0.78)
2026-03-25 17:53:18,491 - __main__ - INFO -      [exchange] SWX: raw=30.3% → posterior=30.5% (n=96, shrink=0.91)
2026-03-25 17:53:18,491 - __main__ - INFO -      [exchange] ASX: raw=30.3% → posterior=30.4% (n=56, shrink=0.85)
2026-03-25 17:53:18,491 - __main__ - INFO -      [exchange] ENXTLS: raw=14.7% → posterior=30.0% (n=11, shrink=0.29)
2026-03-25 17:53:18,491 - __main__ - INFO -      [exchange] CASE: raw=28.6% → posterior=29.6% (n=14, shrink=0.40)
2026-03-25 17:53:18,491 - __main__ - INFO -      [exchange] GHSE: raw=-13.2% → posterior=28.7% (n=3, shrink=0.03)
2026-03-25 17:53:18,491 - __main__ - INFO -      [exchange] ATSE: raw=26.1% → posterior=28.6% (n=16, shrink=0.46)
2026-03-25 17:53:18,491 - __main__ - INFO -      [exchange] HLSE: raw=28.4% → posterior=28.6% (n=79, shrink=0.89)
2026-03-25 17:53:18,491 - __main__ - INFO -      [exchange] KWSE: raw=15.8% → posterior=28.1% (n=6, shrink=0.11)
2026-03-25 17:53:18,491 - __main__ - INFO -      [exchange] BVC: raw=9.7% → posterior=28.0% (n=6, shrink=0.11)
2026-03-25 17:53:18,491 - __main__ - INFO -      [exchange] SNSE: raw=26.9% → posterior=27.8% (n=17, shrink=0.49)
2026-03-25 17:53:18,491 - __main__ - INFO -      [exchange] TSX: raw=27.7% → posterior=27.7% (n=189, shrink=0.95)
2026-03-25 17:53:18,491 - __main__ - INFO -      [exchange] TASE: raw=-7.8% → posterior=27.6% (n=5, shrink=0.08)
2026-03-25 17:53:18,491 - __main__ - INFO -      [exchange] NYSE: raw=25.7% → posterior=25.8% (n=888, shrink=0.99)
2026-03-25 17:53:18,491 - __main__ - INFO -      [exchange] NSEI: raw=25.1% → posterior=25.0% (n=150, shrink=0.94)
2026-03-25 17:53:18,491 - __main__ - INFO -      [exchange] OTCPK: raw=33.5% → posterior=24.3% (n=4, shrink=0.05)
2026-03-25 17:53:18,491 - __main__ - INFO -      [exchange] SGX: raw=11.2% → posterior=23.6% (n=14, shrink=0.40)
2026-03-25 17:53:18,491 - __main__ - INFO -      [exchange] HOSE: raw=27.7% → posterior=23.6% (n=7, shrink=0.14)
2026-03-25 17:53:18,491 - __main__ - INFO -      [exchange] WSE: raw=23.0% → posterior=23.5% (n=52, shrink=0.84)
2026-03-25 17:53:18,491 - __main__ - INFO -      [exchange] WBAG: raw=17.3% → posterior=22.0% (n=22, shrink=0.62)
2026-03-25 17:53:18,491 - __main__ - INFO -      [exchange] SET: raw=22.0% → posterior=22.0% (n=22, shrink=0.62)
2026-03-25 17:53:18,491 - __main__ - INFO -      [exchange] NZSE: raw=15.6% → posterior=21.7% (n=6, shrink=0.11)
2026-03-25 17:53:18,491 - __main__ - INFO -      [exchange] PSE: raw=19.0% → posterior=21.6% (n=5, shrink=0.08)
2026-03-25 17:53:18,491 - __main__ - INFO -      [exchange] SHSE: raw=21.3% → posterior=21.3% (n=299, shrink=0.97)
2026-03-25 17:53:18,491 - __main__ - INFO -      [exchange] BVB: raw=-13.5% → posterior=21.0% (n=10, shrink=0.25)
2026-03-25 17:53:18,492 - __main__ - INFO -      [exchange] OB: raw=20.6% → posterior=20.7% (n=99, shrink=0.91)
2026-03-25 17:53:18,492 - __main__ - INFO -      [exchange] KOSE: raw=19.7% → posterior=19.6% (n=98, shrink=0.91)
2026-03-25 17:53:18,492 - __main__ - INFO -      [exchange] BSE: raw=18.5% → posterior=19.3% (n=59, shrink=0.86)
2026-03-25 17:53:18,492 - __main__ - INFO -      [exchange] SZSE: raw=18.5% → posterior=18.7% (n=267, shrink=0.96)
2026-03-25 17:53:18,492 - __main__ - INFO -      [exchange] KLSE: raw=17.9% → posterior=18.2% (n=30, shrink=0.75)
2026-03-25 17:53:18,492 - __main__ - INFO -      [exchange] TWSE: raw=16.2% → posterior=16.2% (n=82, shrink=0.89)
2026-03-25 17:53:18,492 - __main__ - INFO -      [exchange] TPEX: raw=14.2% → posterior=15.3% (n=18, shrink=0.52)
2026-03-25 17:53:18,492 - __main__ - INFO -      [exchange] TSE: raw=14.6% → posterior=14.6% (n=362, shrink=0.97)
2026-03-25 17:53:18,492 - __main__ - INFO -      [exchange] KOSDAQ: raw=7.2% → posterior=13.6% (n=15, shrink=0.43)
2026-03-25 17:53:18,492 - __main__ - INFO -      [exchange] MSM: raw=-7.4% → posterior=12.2% (n=11, shrink=0.29)
2026-03-25 17:53:18,492 - __main__ - INFO -      [exchange] NGSE: raw=-19.5% → posterior=3.0% (n=12, shrink=0.32)
2026-03-25 17:53:18,492 - __main__ - INFO -      [unit] GBP: raw=60.2% → posterior=59.3% (n=282, shrink=0.97)
2026-03-25 17:53:18,493 - __main__ - INFO -      [unit] SEK: raw=48.1% → posterior=47.2% (n=170, shrink=0.94)
2026-03-25 17:53:18,493 - __main__ - INFO -      [unit] EUR: raw=41.7% → posterior=41.6% (n=727, shrink=0.99)
2026-03-25 17:53:18,493 - __main__ - INFO -      [unit] MXN: raw=41.0% → posterior=39.4% (n=42, shrink=0.81)
2026-03-25 17:53:18,493 - __main__ - INFO -      [unit] TRY: raw=40.7% → posterior=39.4% (n=51, shrink=0.84)
2026-03-25 17:53:18,493 - __main__ - INFO -      [unit] AED: raw=40.6% → posterior=38.7% (n=31, shrink=0.76)
2026-03-25 17:53:18,493 - __main__ - INFO -      [unit] HKD: raw=36.8% → posterior=36.5% (n=165, shrink=0.94)
2026-03-25 17:53:18,493 - __main__ - INFO -      [unit] DKK: raw=37.6% → posterior=36.4% (n=34, shrink=0.77)
2026-03-25 17:53:18,493 - __main__ - INFO -      [unit] USD: raw=36.3% → posterior=36.2% (n=1701, shrink=0.99)
2026-03-25 17:53:18,493 - __main__ - INFO -      [unit] IDR: raw=37.5% → posterior=36.2% (n=29, shrink=0.74)
2026-03-25 17:53:18,493 - __main__ - INFO -      [unit] QAR: raw=34.8% → posterior=33.4% (n=13, shrink=0.36)
2026-03-25 17:53:18,493 - __main__ - INFO -      [unit] SAR: raw=33.1% → posterior=33.0% (n=70, shrink=0.88)
2026-03-25 17:53:18,493 - __main__ - INFO -      [unit] MAD: raw=33.9% → posterior=32.6% (n=4, shrink=0.05)
2026-03-25 17:53:18,493 - __main__ - INFO -      [unit] VND: raw=27.7% → posterior=31.9% (n=7, shrink=0.14)
2026-03-25 17:53:18,493 - __main__ - INFO -      [unit] BRL: raw=31.6% → posterior=31.7% (n=118, shrink=0.92)
2026-03-25 17:53:18,493 - __main__ - INFO -      [unit] PHP: raw=19.0% → posterior=31.5% (n=5, shrink=0.08)
2026-03-25 17:53:18,493 - __main__ - INFO -      [unit] HUF: raw=-6.9% → posterior=31.4% (n=3, shrink=0.03)
2026-03-25 17:53:18,493 - __main__ - INFO -      [unit] GHS: raw=-13.2% → posterior=31.2% (n=3, shrink=0.03)
2026-03-25 17:53:18,493 - __main__ - INFO -      [unit] EGP: raw=28.6% → posterior=31.0% (n=14, shrink=0.40)
2026-03-25 17:53:18,493 - __main__ - INFO -      [unit] CZK: raw=-0.6% → posterior=30.9% (n=4, shrink=0.05)
2026-03-25 17:53:18,493 - __main__ - INFO -      [unit] KWD: raw=15.8% → posterior=30.8% (n=6, shrink=0.11)
2026-03-25 17:53:18,493 - __main__ - INFO -      [unit] NZD: raw=15.6% → posterior=30.8% (n=6, shrink=0.11)
2026-03-25 17:53:18,493 - __main__ - INFO -      [unit] AUD: raw=30.3% → posterior=30.6% (n=56, shrink=0.85)
2026-03-25 17:53:18,493 - __main__ - INFO -      [unit] CAD: raw=30.4% → posterior=30.5% (n=202, shrink=0.95)
2026-03-25 17:53:18,494 - __main__ - INFO -      [unit] CHF: raw=30.1% → posterior=30.3% (n=95, shrink=0.90)
2026-03-25 17:53:18,494 - __main__ - INFO -      [unit] COP: raw=9.7% → posterior=30.1% (n=6, shrink=0.11)
2026-03-25 17:53:18,494 - __main__ - INFO -      [unit] ZAR: raw=29.0% → posterior=29.8% (n=36, shrink=0.78)
2026-03-25 17:53:18,494 - __main__ - INFO -      [unit] CLP: raw=26.9% → posterior=29.8% (n=17, shrink=0.49)
2026-03-25 17:53:18,494 - __main__ - INFO -      [unit] ILS: raw=-7.8% → posterior=29.5% (n=5, shrink=0.08)
2026-03-25 17:53:18,494 - __main__ - INFO -      [unit] THB: raw=22.0% → posterior=26.1% (n=22, shrink=0.62)
2026-03-25 17:53:18,494 - __main__ - INFO -      [unit] SGD: raw=10.5% → posterior=25.4% (n=12, shrink=0.32)
2026-03-25 17:53:18,494 - __main__ - INFO -      [unit] PLN: raw=23.2% → posterior=24.7% (n=52, shrink=0.84)
2026-03-25 17:53:18,494 - __main__ - INFO -      [unit] INR: raw=23.3% → posterior=23.7% (n=209, shrink=0.95)
2026-03-25 17:53:18,494 - __main__ - INFO -      [unit] NOK: raw=20.5% → posterior=21.6% (n=98, shrink=0.91)
2026-03-25 17:53:18,494 - __main__ - INFO -      [unit] MYR: raw=17.9% → posterior=21.6% (n=30, shrink=0.75)
2026-03-25 17:53:18,494 - __main__ - INFO -      [unit] OMR: raw=-7.4% → posterior=21.1% (n=11, shrink=0.29)
2026-03-25 17:53:18,494 - __main__ - INFO -      [unit] RON: raw=-13.6% → posterior=21.0% (n=10, shrink=0.25)
2026-03-25 17:53:18,494 - __main__ - INFO -      [unit] CNY: raw=20.0% → posterior=20.2% (n=566, shrink=0.98)
2026-03-25 17:53:18,494 - __main__ - INFO -      [unit] KRW: raw=18.0% → posterior=19.2% (n=113, shrink=0.92)
2026-03-25 17:53:18,494 - __main__ - INFO -      [unit] TWD: raw=15.9% → posterior=17.4% (n=100, shrink=0.91)
2026-03-25 17:53:18,494 - __main__ - INFO -      [unit] NGN: raw=-19.5% → posterior=15.7% (n=12, shrink=0.32)
2026-03-25 17:53:18,494 - __main__ - INFO -      [unit] JPY: raw=14.6% → posterior=15.0% (n=362, shrink=0.97)
2026-03-25 17:53:18,495 - __main__ - INFO -      [sector] Health Care: raw=55.4% → posterior=55.2% (n=720, shrink=0.99)
2026-03-25 17:53:18,495 - __main__ - INFO -      [sector] Consumer Discretionary: raw=39.6% → posterior=39.6% (n=794, shrink=0.99)
2026-03-25 17:53:18,495 - __main__ - INFO -      [sector] Information Technology: raw=33.7% → posterior=33.6% (n=847, shrink=0.99)
2026-03-25 17:53:18,495 - __main__ - INFO -      [sector] Communication Services: raw=33.8% → posterior=33.4% (n=243, shrink=0.96)
2026-03-25 17:53:18,495 - __main__ - INFO -      [sector] Materials: raw=29.1% → posterior=29.0% (n=601, shrink=0.98)
2026-03-25 17:53:18,495 - __main__ - INFO -      [sector] Consumer Staples: raw=28.2% → posterior=28.1% (n=501, shrink=0.98)
2026-03-25 17:53:18,495 - __main__ - INFO -      [sector] Industrials: raw=27.1% → posterior=27.3% (n=1251, shrink=0.99)
2026-03-25 17:53:18,495 - __main__ - INFO -      [sector] Utilities: raw=11.9% → posterior=12.3% (n=232, shrink=0.96)
2026-03-25 17:53:18,495 - __main__ - INFO -      [sector] Energy: raw=9.5% → posterior=10.2% (n=323, shrink=0.97)
2026-03-25 17:53:18,496 - __main__ - INFO -      [industry] Biotechnology: raw=83.2% → posterior=81.9% (n=205, shrink=0.95)
2026-03-25 17:53:18,496 - __main__ - INFO -      [industry] Software: raw=63.5% → posterior=62.2% (n=216, shrink=0.96)
2026-03-25 17:53:18,496 - __main__ - INFO -      [industry] Professional Services: raw=59.2% → posterior=56.0% (n=88, shrink=0.90)
2026-03-25 17:53:18,496 - __main__ - INFO -      [industry] Health Care Technology: raw=53.9% → posterior=54.3% (n=28, shrink=0.72)
2026-03-25 17:53:18,496 - __main__ - INFO -      [industry] Life Sciences Tools and Services: raw=52.6% → posterior=53.0% (n=65, shrink=0.87)
2026-03-25 17:53:18,496 - __main__ - INFO -      [industry] Interactive Media and Services: raw=54.6% → posterior=50.8% (n=46, shrink=0.82)
2026-03-25 17:53:18,496 - __main__ - INFO -      [industry] Leisure Products: raw=51.4% → posterior=48.1% (n=28, shrink=0.72)
2026-03-25 17:53:18,496 - __main__ - INFO -      [industry] Pharmaceuticals: raw=46.5% → posterior=47.0% (n=171, shrink=0.94)
2026-03-25 17:53:18,496 - __main__ - INFO -      [industry] Entertainment: raw=47.8% → posterior=46.2% (n=80, shrink=0.89)
2026-03-25 17:53:18,496 - __main__ - INFO -      [industry] Health Care Equipment and Supplies: raw=44.7% → posterior=45.5% (n=123, shrink=0.92)
2026-03-25 17:53:18,496 - __main__ - INFO -      [industry] Hotels Restaurants and Leisure: raw=44.5% → posterior=44.2% (n=163, shrink=0.94)
2026-03-25 17:53:18,496 - __main__ - INFO -      [industry] Media: raw=46.0% → posterior=43.8% (n=70, shrink=0.88)
2026-03-25 17:53:18,496 - __main__ - INFO -      [industry] IT Services: raw=43.4% → posterior=42.5% (n=106, shrink=0.91)
2026-03-25 17:53:18,496 - __main__ - INFO -      [industry] Distributors: raw=46.0% → posterior=41.4% (n=11, shrink=0.29)
2026-03-25 17:53:18,496 - __main__ - INFO -      [industry] Specialty Retail: raw=41.1% → posterior=41.0% (n=155, shrink=0.94)
2026-03-25 17:53:18,496 - __main__ - INFO -      [industry] Household Durables: raw=39.8% → posterior=39.8% (n=107, shrink=0.91)
2026-03-25 17:53:18,496 - __main__ - INFO -      [industry] Automobile Components: raw=38.4% → posterior=38.5% (n=112, shrink=0.92)
2026-03-25 17:53:18,496 - __main__ - INFO -      [industry] Health Care Providers and Services: raw=35.1% → posterior=36.5% (n=128, shrink=0.93)
2026-03-25 17:53:18,496 - __main__ - INFO -      [industry] Metals and Mining: raw=36.7% → posterior=36.4% (n=262, shrink=0.96)
2026-03-25 17:53:18,496 - __main__ - INFO -      [industry] Textiles Apparel and Luxury Goods: raw=35.5% → posterior=36.1% (n=67, shrink=0.87)
2026-03-25 17:53:18,497 - __main__ - INFO -      [industry] Broadline Retail: raw=33.6% → posterior=34.6% (n=47, shrink=0.82)
2026-03-25 17:53:18,497 - __main__ - INFO -      [industry] Commercial Services and Supplies: raw=35.2% → posterior=34.4% (n=87, shrink=0.90)
2026-03-25 17:53:18,497 - __main__ - INFO -      [industry] Diversified Consumer Services: raw=33.1% → posterior=34.3% (n=44, shrink=0.81)
2026-03-25 17:53:18,497 - __main__ - INFO -      [industry] Passenger Airlines: raw=34.3% → posterior=32.9% (n=40, shrink=0.80)
2026-03-25 17:53:18,497 - __main__ - INFO -      [industry] Automobiles: raw=31.5% → posterior=32.6% (n=60, shrink=0.86)
2026-03-25 17:53:18,497 - __main__ - INFO -      [industry] Building Products: raw=33.1% → posterior=32.4% (n=70, shrink=0.88)
2026-03-25 17:53:18,497 - __main__ - INFO -      [industry] Personal Care Products: raw=31.8% → posterior=31.0% (n=41, shrink=0.80)
2026-03-25 17:53:18,497 - __main__ - INFO -      [industry] Trading Companies and Distributors: raw=31.0% → posterior=30.5% (n=72, shrink=0.88)
2026-03-25 17:53:18,497 - __main__ - INFO -      [industry] Paper and Forest Products: raw=30.8% → posterior=30.2% (n=24, shrink=0.66)
2026-03-25 17:53:18,497 - __main__ - INFO -      [industry] Construction Materials: raw=29.5% → posterior=29.5% (n=53, shrink=0.84)
2026-03-25 17:53:18,497 - __main__ - INFO -      [industry] Technology Hardware Storage and Peripherals: raw=26.8% → posterior=27.8% (n=60, shrink=0.86)
2026-03-25 17:53:18,497 - __main__ - INFO -      [industry] Containers and Packaging: raw=27.2% → posterior=27.6% (n=33, shrink=0.77)
2026-03-25 17:53:18,497 - __main__ - INFO -      [industry] Consumer Staples Distribution and Retail: raw=27.3% → posterior=27.4% (n=98, shrink=0.91)
2026-03-25 17:53:18,497 - __main__ - INFO -      [industry] Beverages: raw=26.0% → posterior=26.3% (n=73, shrink=0.88)
2026-03-25 17:53:18,497 - __main__ - INFO -      [industry] Industrial Conglomerates: raw=25.8% → posterior=26.1% (n=47, shrink=0.82)
2026-03-25 17:53:18,497 - __main__ - INFO -      [industry] Ground Transportation: raw=25.7% → posterior=25.9% (n=72, shrink=0.88)
2026-03-25 17:53:18,497 - __main__ - INFO -      [industry] Aerospace and Defense: raw=25.4% → posterior=25.5% (n=95, shrink=0.90)
2026-03-25 17:53:18,497 - __main__ - INFO -      [industry] Tobacco: raw=16.6% → posterior=24.8% (n=11, shrink=0.29)
2026-03-25 17:53:18,497 - __main__ - INFO -      [industry] Machinery: raw=24.3% → posterior=24.4% (n=267, shrink=0.96)
2026-03-25 17:53:18,497 - __main__ - INFO -      [industry] Food Products: raw=24.0% → posterior=24.2% (n=189, shrink=0.95)
2026-03-25 17:53:18,497 - __main__ - INFO -      [industry] Electronic Equipment Instruments and Components: raw=23.1% → posterior=23.6% (n=205, shrink=0.95)
2026-03-25 17:53:18,497 - __main__ - INFO -      [industry] Household Products: raw=16.7% → posterior=21.9% (n=19, shrink=0.55)
2026-03-25 17:53:18,497 - __main__ - INFO -      [industry] Air Freight and Logistics: raw=19.9% → posterior=21.5% (n=36, shrink=0.78)
2026-03-25 17:53:18,497 - __main__ - INFO -      [industry] Transportation Infrastructure: raw=20.2% → posterior=21.5% (n=48, shrink=0.83)
2026-03-25 17:53:18,497 - __main__ - INFO -      [industry] Electrical Equipment: raw=21.1% → posterior=21.4% (n=178, shrink=0.95)
2026-03-25 17:53:18,498 - __main__ - INFO -      [industry] Communications Equipment: raw=19.0% → posterior=21.4% (n=52, shrink=0.84)
2026-03-25 17:53:18,498 - __main__ - INFO -      [industry] Chemicals: raw=20.5% → posterior=20.8% (n=229, shrink=0.96)
2026-03-25 17:53:18,498 - __main__ - INFO -      [industry] Diversified Telecommunication Services: raw=17.9% → posterior=19.7% (n=76, shrink=0.88)
2026-03-25 17:53:18,498 - __main__ - INFO -      [industry] Construction and Engineering: raw=18.9% → posterior=19.5% (n=118, shrink=0.92)
2026-03-25 17:53:18,498 - __main__ - INFO -      [industry] Wireless Telecommunication Services: raw=12.7% → posterior=16.7% (n=41, shrink=0.80)
2026-03-25 17:53:18,498 - __main__ - INFO -      [industry] Multi-Utilities: raw=15.9% → posterior=15.0% (n=32, shrink=0.76)
2026-03-25 17:53:18,498 - __main__ - INFO -      [industry] Semiconductors and Semiconductor Equipment: raw=14.0% → posterior=14.9% (n=208, shrink=0.95)
2026-03-25 17:53:18,498 - __main__ - INFO -      [industry] Independent Power and Renewable Electricity Producers: raw=14.9% → posterior=14.6% (n=69, shrink=0.87)
2026-03-25 17:53:18,498 - __main__ - INFO -      [industry] Water Utilities: raw=12.6% → posterior=12.5% (n=18, shrink=0.52)
2026-03-25 17:53:18,498 - __main__ - INFO -      [industry] Gas Utilities: raw=9.8% → posterior=10.4% (n=34, shrink=0.77)
2026-03-25 17:53:18,498 - __main__ - INFO -      [industry] Oil Gas and Consumable Fuels: raw=10.1% → posterior=10.1% (n=252, shrink=0.96)
2026-03-25 17:53:18,498 - __main__ - INFO -      [industry] Electric Utilities: raw=8.4% → posterior=8.9% (n=79, shrink=0.89)
2026-03-25 17:53:18,498 - __main__ - INFO -      [industry] Marine Transportation: raw=3.2% → posterior=8.8% (n=33, shrink=0.77)
2026-03-25 17:53:18,498 - __main__ - INFO -      [industry] Energy Equipment and Services: raw=7.3% → posterior=7.6% (n=71, shrink=0.88)
2026-03-25 17:53:18,499 - __main__ - INFO -      [style_class] Core: raw=33.8% → posterior=33.8% (n=3202, shrink=1.00)
2026-03-25 17:53:18,499 - __main__ - INFO -      [style_class] Growth: raw=32.1% → posterior=32.1% (n=733, shrink=0.99)
2026-03-25 17:53:18,499 - __main__ - INFO -      [style_class] Value: raw=30.3% → posterior=30.3% (n=1577, shrink=0.99)
2026-03-25 17:53:18,500 - __main__ - INFO -      [size_class] Small Cap: raw=44.2% → posterior=44.1% (n=2841, shrink=1.00)
2026-03-25 17:53:18,500 - __main__ - INFO -      [size_class] Mid Cap: raw=21.4% → posterior=21.5% (n=1590, shrink=0.99)
2026-03-25 17:53:18,500 - __main__ - INFO -      [size_class] Large Cap: raw=18.5% → posterior=18.6% (n=1081, shrink=0.99)
2026-03-25 17:53:18,500 - __main__ - INFO -      Biotechnology: MC mean=83.2%, consensus=78%, risk-adj=1.06
2026-03-25 17:53:18,500 - __main__ - INFO -      Containers and Packaging: MC mean=27.2%, consensus=76%, risk-adj=1.35
2026-03-25 17:53:18,501 - __main__ - INFO -      Paper and Forest Products: MC mean=30.8%, consensus=75%, risk-adj=1.41
2026-03-25 17:53:18,501 - __main__ - INFO -      Gas Utilities: MC mean=9.8%, consensus=74%, risk-adj=0.76
2026-03-25 17:53:18,501 - __main__ - INFO -      Metals and Mining: MC mean=36.7%, consensus=73%, risk-adj=0.77
2026-03-25 17:53:18,501 - __main__ - INFO -      Entertainment: MC mean=47.8%, consensus=72%, risk-adj=1.23
2026-03-25 17:53:18,501 - __main__ - INFO -      Water Utilities: MC mean=12.6%, consensus=72%, risk-adj=1.26
2026-03-25 17:53:18,501 - __main__ - INFO -      Construction Materials: MC mean=29.5%, consensus=72%, risk-adj=0.96
2026-03-25 17:53:18,501 - __main__ - INFO -      Automobiles: MC mean=31.5%, consensus=72%, risk-adj=1.68
2026-03-25 17:53:18,501 - __main__ - INFO -      Life Sciences Tools and Services: MC mean=52.6%, consensus=69%, risk-adj=1.00
2026-03-25 17:53:18,501 - __main__ - INFO -      Media: MC mean=46.0%, consensus=69%, risk-adj=0.92
2026-03-25 17:53:18,501 - __main__ - INFO -      Leisure Products: MC mean=51.4%, consensus=68%, risk-adj=0.50
2026-03-25 17:53:18,501 - __main__ - INFO -      Pharmaceuticals: MC mean=46.5%, consensus=68%, risk-adj=0.86
2026-03-25 17:53:18,501 - __main__ - INFO -      Specialty Retail: MC mean=41.1%, consensus=68%, risk-adj=0.81
2026-03-25 17:53:18,501 - __main__ - INFO -      Passenger Airlines: MC mean=34.3%, consensus=68%, risk-adj=2.11
2026-03-25 17:53:18,501 - __main__ - INFO -      Health Care Equipment and Supplies: MC mean=44.7%, consensus=67%, risk-adj=1.07
2026-03-25 17:53:18,501 - __main__ - INFO -      Independent Power and Renewable Electricity Producers: MC mean=14.9%, consensus=67%, risk-adj=0.66
2026-03-25 17:53:18,501 - __main__ - INFO -      Industrial Conglomerates: MC mean=25.8%, consensus=66%, risk-adj=1.31
2026-03-25 17:53:18,501 - __main__ - INFO -      Chemicals: MC mean=20.5%, consensus=65%, risk-adj=0.61
2026-03-25 17:53:18,501 - __main__ - INFO -      Automobile Components: MC mean=38.4%, consensus=64%, risk-adj=0.88
2026-03-25 17:53:18,501 - __main__ - INFO -      Broadline Retail: MC mean=33.6%, consensus=64%, risk-adj=1.16
2026-03-25 17:53:18,501 - __main__ - INFO -      Tobacco: MC mean=16.6%, consensus=64%, risk-adj=1.02
2026-03-25 17:53:18,501 - __main__ - INFO -      Distributors: MC mean=46.0%, consensus=64%, risk-adj=2.21
2026-03-25 17:53:18,501 - __main__ - INFO -      Household Durables: MC mean=39.8%, consensus=64%, risk-adj=1.31
2026-03-25 17:53:18,502 - __main__ - INFO -      Household Products: MC mean=16.7%, consensus=63%, risk-adj=0.79
2026-03-25 17:53:18,502 - __main__ - INFO -      Interactive Media and Services: MC mean=54.6%, consensus=63%, risk-adj=1.18
2026-03-25 17:53:18,502 - __main__ - INFO -      Building Products: MC mean=33.1%, consensus=63%, risk-adj=1.32
2026-03-25 17:53:18,502 - __main__ - INFO -      Software: MC mean=63.5%, consensus=62%, risk-adj=1.28
2026-03-25 17:53:18,502 - __main__ - INFO -      Diversified Consumer Services: MC mean=33.1%, consensus=61%, risk-adj=1.41
2026-03-25 17:53:18,502 - __main__ - INFO -      Consumer Staples Distribution and Retail: MC mean=27.3%, consensus=61%, risk-adj=0.91
2026-03-25 17:53:18,502 - __main__ - INFO -      Health Care Providers and Services: MC mean=35.1%, consensus=61%, risk-adj=1.03
2026-03-25 17:53:18,502 - __main__ - INFO -      Health Care Technology: MC mean=53.9%, consensus=61%, risk-adj=1.02
2026-03-25 17:53:18,502 - __main__ - INFO -      Aerospace and Defense: MC mean=25.4%, consensus=60%, risk-adj=0.84
2026-03-25 17:53:18,506 - __main__ - INFO -      Food Products: MC mean=24.0%, consensus=60%, risk-adj=0.96
2026-03-25 17:53:18,506 - __main__ - INFO -      Textiles Apparel and Luxury Goods: MC mean=35.5%, consensus=60%, risk-adj=1.06
2026-03-25 17:53:18,506 - __main__ - INFO -      Electric Utilities: MC mean=8.4%, consensus=59%, risk-adj=0.52
2026-03-25 17:53:18,506 - __main__ - INFO -      Machinery: MC mean=24.3%, consensus=59%, risk-adj=1.19
2026-03-25 17:53:18,506 - __main__ - INFO -      Personal Care Products: MC mean=31.8%, consensus=59%, risk-adj=1.22
2026-03-25 17:53:18,506 - __main__ - INFO -      Air Freight and Logistics: MC mean=19.9%, consensus=58%, risk-adj=0.95
2026-03-25 17:53:18,506 - __main__ - INFO -      Commercial Services and Supplies: MC mean=35.2%, consensus=57%, risk-adj=0.80
2026-03-25 17:53:18,506 - __main__ - INFO -      Transportation Infrastructure: MC mean=20.2%, consensus=56%, risk-adj=0.86
2026-03-25 17:53:18,507 - __main__ - INFO -      Multi-Utilities: MC mean=15.9%, consensus=56%, risk-adj=0.65
2026-03-25 17:53:18,507 - __main__ - INFO -      Diversified Telecommunication Services: MC mean=17.9%, consensus=55%, risk-adj=0.59
2026-03-25 17:53:18,507 - __main__ - INFO -      Hotels Restaurants and Leisure: MC mean=44.5%, consensus=55%, risk-adj=1.03
2026-03-25 17:53:18,507 - __main__ - INFO -      Wireless Telecommunication Services: MC mean=12.7%, consensus=54%, risk-adj=0.77
2026-03-25 17:53:18,507 - __main__ - INFO -      Professional Services: MC mean=59.2%, consensus=53%, risk-adj=1.03
2026-03-25 17:53:18,507 - __main__ - INFO -      Construction and Engineering: MC mean=18.9%, consensus=53%, risk-adj=0.94
2026-03-25 17:53:18,507 - __main__ - INFO -      IT Services: MC mean=43.4%, consensus=53%, risk-adj=1.19
2026-03-25 17:53:18,507 - __main__ - INFO -      Ground Transportation: MC mean=25.7%, consensus=53%, risk-adj=0.78
2026-03-25 17:53:18,507 - __main__ - INFO -      Technology Hardware Storage and Peripherals: MC mean=26.8%, consensus=52%, risk-adj=1.05
2026-03-25 17:53:18,507 - __main__ - INFO -      Trading Companies and Distributors: MC mean=31.0%, consensus=50%, risk-adj=0.96
2026-03-25 17:53:18,507 - __main__ - INFO -      Electronic Equipment Instruments and Components: MC mean=23.1%, consensus=49%, risk-adj=0.82
2026-03-25 17:53:18,507 - __main__ - INFO -      Beverages: MC mean=26.0%, consensus=47%, risk-adj=1.05
2026-03-25 17:53:18,507 - __main__ - INFO -      Marine Transportation: MC mean=3.2%, consensus=45%, risk-adj=0.19
2026-03-25 17:53:18,507 - __main__ - INFO -      Energy Equipment and Services: MC mean=7.3%, consensus=44%, risk-adj=0.37
2026-03-25 17:53:18,507 - __main__ - INFO -      Oil Gas and Consumable Fuels: MC mean=10.1%, consensus=43%, risk-adj=0.27
2026-03-25 17:53:18,507 - __main__ - INFO -      Electrical Equipment: MC mean=21.1%, consensus=42%, risk-adj=0.57
2026-03-25 17:53:18,507 - __main__ - INFO -      Semiconductors and Semiconductor Equipment: MC mean=14.0%, consensus=40%, risk-adj=0.49
2026-03-25 17:53:18,507 - __main__ - INFO -      Communications Equipment: MC mean=19.0%, consensus=35%, risk-adj=0.52
2026-03-25 17:53:18,508 - __main__ - INFO -   ⏱ Step 7 completed in 1.2s
2026-03-25 17:53:18,508 - __main__ - INFO - 
2026-03-25 17:53:18,508 - __main__ - INFO - 🔀 Step 7a: Parallel MCMC return analysis...
2026-03-25 17:53:18,508 - __main__ - INFO - --------------------------------------------------------------------------------
2026-03-25 17:53:23,861 - __main__ - INFO - Parallel MCMC: R̂=1.0000, converged=True, posterior mean=32.47
2026-03-25 17:53:23,861 - __main__ - INFO -   R̂=1.0000, converged=True, posterior mean=32.47
2026-03-25 17:53:24,240 - __main__ - INFO -    ✓ er_mcse_convergence.html
2026-03-25 17:53:24,240 - __main__ - INFO -   ⏱ Step 7a completed in 5.7s
2026-03-25 17:53:24,240 - __main__ - INFO - 
2026-03-25 17:53:24,240 - __main__ - INFO - 🧮 Step 7b: Per-category Bayesian probability analytics...
2026-03-25 17:53:24,240 - __main__ - INFO - --------------------------------------------------------------------------------
2026-03-25 17:53:24,303 - root - INFO - Loaded view category mapping from DB: 17 views, 689 total features
2026-03-25 17:53:24,303 - __main__ - INFO -   Feature categories from 17 views → 17 categories, 689 total features
2026-03-25 18:05:32,959 - __main__ - INFO - Category Analyst Sentiment: 26 features analyzed (parallel)
2026-03-25 18:05:32,959 - __main__ - INFO - Category Balance Sheet: 58 features analyzed (parallel)
2026-03-25 18:05:32,959 - __main__ - INFO - Category Cash Flow: 81 features analyzed (parallel)
2026-03-25 18:05:32,959 - __main__ - INFO - Category Composite Scores: 30 features analyzed (parallel)
2026-03-25 18:05:32,959 - __main__ - INFO - Category Cost Structure: 43 features analyzed (parallel)
2026-03-25 18:05:32,959 - __main__ - INFO - Category Dividend Features: 26 features analyzed (parallel)
2026-03-25 18:05:32,959 - __main__ - INFO - Category Earnings Quality: 68 features analyzed (parallel)
2026-03-25 18:05:32,959 - __main__ - INFO - Category Employment Metrics: 17 features analyzed (parallel)
2026-03-25 18:05:32,959 - __main__ - INFO - Category Growth Metrics: 62 features analyzed (parallel)
2026-03-25 18:05:32,959 - __main__ - INFO - Category Leverage & Liquidity: 71 features analyzed (parallel)
2026-03-25 18:05:32,959 - __main__ - INFO - Category Momentum: 21 features analyzed (parallel)
2026-03-25 18:05:32,959 - __main__ - INFO - Category Profitability: 68 features analyzed (parallel)
2026-03-25 18:05:32,959 - __main__ - INFO - Category Quality & Risk: 44 features analyzed (parallel)
2026-03-25 18:05:32,959 - __main__ - INFO - Category Technical Analysis: 11 features analyzed (parallel)
2026-03-25 18:05:32,959 - __main__ - INFO - Category Temporal Features: 16 features analyzed (parallel)
2026-03-25 18:05:32,959 - __main__ - INFO - Category Unusual Items: 9 features analyzed (parallel)
2026-03-25 18:05:32,959 - __main__ - INFO - Category Valuation Ratios: 38 features analyzed (parallel)
2026-03-25 18:05:36,936 - __main__ - INFO - Category analytics cached → 414cd2b0b1e1bc4c8f3cabcc405e6cc6.pkl
2026-03-25 18:05:36,937 - __main__ - INFO -   ✓ Analyzed 17 categories
2026-03-25 18:05:36,937 - __main__ - INFO -     Analyst Sentiment: 26 features — 26 posteriors
2026-03-25 18:05:36,937 - __main__ - INFO -     Balance Sheet: 58 features — 58 posteriors
2026-03-25 18:05:36,937 - __main__ - INFO -     Cash Flow: 81 features — 81 posteriors
2026-03-25 18:05:36,937 - __main__ - INFO -     Composite Scores: 30 features — 30 posteriors
2026-03-25 18:05:36,937 - __main__ - INFO -     Cost Structure: 43 features — 43 posteriors
2026-03-25 18:05:36,937 - __main__ - INFO -     Dividend Features: 26 features — 26 posteriors
2026-03-25 18:05:36,937 - __main__ - INFO -     Earnings Quality: 68 features — 68 posteriors
2026-03-25 18:05:36,937 - __main__ - INFO -     Employment Metrics: 17 features — 17 posteriors
2026-03-25 18:05:36,937 - __main__ - INFO -     Growth Metrics: 62 features — 62 posteriors
2026-03-25 18:05:36,937 - __main__ - INFO -     Leverage & Liquidity: 71 features — 71 posteriors
2026-03-25 18:05:36,937 - __main__ - INFO -     Momentum: 21 features — 21 posteriors
2026-03-25 18:05:36,937 - __main__ - INFO -     Profitability: 68 features — 68 posteriors
2026-03-25 18:05:36,937 - __main__ - INFO -     Quality & Risk: 44 features — 44 posteriors
2026-03-25 18:05:36,937 - __main__ - INFO -     Technical Analysis: 11 features — 11 posteriors
2026-03-25 18:05:36,937 - __main__ - INFO -     Temporal Features: 16 features — 16 posteriors
2026-03-25 18:05:36,937 - __main__ - INFO -     Unusual Items: 9 features — 9 posteriors
2026-03-25 18:05:36,937 - __main__ - INFO -     Valuation Ratios: 38 features — 38 posteriors
2026-03-25 18:05:36,937 - __main__ - INFO -   ⏱ Step 7b completed in 732.7s
2026-03-25 18:05:36,937 - __main__ - INFO - 
2026-03-25 18:05:36,937 - __main__ - INFO - 🧪 Step 8: Building InferenceData (ArviZ)...
2026-03-25 18:05:36,937 - __main__ - INFO - --------------------------------------------------------------------------------
2026-03-25 18:05:38,849 - __main__ - INFO -    ✓ MC InferenceData: 25000 draws, 5515 equities
2026-03-25 18:05:49,783 - finance_ml.analytics.inference_schema - INFO - Built InferenceData: 8 chains × 4000 draws × 6362 equities
2026-03-25 18:06:36,550 - __main__ - INFO -    ✓ Beat InferenceData: 8 chains × 4000 draws
2026-03-25 18:07:31,318 - __main__ - INFO -    ✓ Credit Risk InferenceData: 6358 equities
2026-03-25 18:07:31,319 - __main__ - INFO -    ✓ EquityCoordinates: 6362 tickers, 6362 sectors
2026-03-25 18:07:31,320 - __main__ - INFO -    Building per-view feature InferenceData...
2026-03-25 18:07:31,724 - __main__ - INFO - 
2026-03-25 18:07:31,724 - __main__ - INFO -   ⏱ Step 8 completed in 114.8s
2026-03-25 18:07:31,803 - __main__ - INFO -   ✓ Enriched df (mv_equities) with 8 viz-critical columns
2026-03-25 18:07:31,807 - __main__ - INFO -   ✓ Enriched beat with 1 viz-critical columns
2026-03-25 18:07:31,811 - __main__ - INFO -   ⚠️ Viz column coverage gaps after enrichment: {'create_distress_early_warning_dashboard': ['distress_probability', 'survival_probability', 'ruin_probability']}
2026-03-25 18:07:31,811 - __main__ - INFO - 
2026-03-25 18:07:31,811 - __main__ - INFO - 📈 Step 9: Generating visualizations...
2026-03-25 18:07:31,811 - __main__ - INFO - --------------------------------------------------------------------------------
2026-03-25 18:07:31,959 - __main__ - INFO -    ✓ er_mc_distribution.html
2026-03-25 18:07:32,159 - __main__ - INFO -    ✓ er_sector_risk_reward.html
2026-03-25 18:07:32,213 - __main__ - INFO -    ✓ er_var_analysis.html
2026-03-25 18:07:32,246 - __main__ - INFO -    ✓ er_posterior_return_forest.html
2026-03-25 18:07:32,378 - __main__ - INFO -    ✓ er_kalman_vs_raw.html
2026-03-25 18:07:32,422 - __main__ - INFO -    ✓ er_tri_model_agreement.html
2026-03-25 18:07:32,473 - __main__ - INFO -    ✓ er_sector_heatmap.html
2026-03-25 18:07:32,496 - __main__ - INFO -    ✓ er_strong_consensus.html
2026-03-25 18:07:32,774 - __main__ - INFO -    ✓ er_tri_model_posterior.html
2026-03-25 18:07:32,820 - __main__ - INFO -    ✓ er_beat_vs_achievement.html
2026-03-25 18:07:32,878 - __main__ - INFO -    ✓ er_beat_probability_posterior.html
2026-03-25 18:07:32,931 - __main__ - INFO -    ✓ er_earnings_probability_dashboard.html
2026-03-25 18:07:33,004 - __main__ - INFO -    ✓ er_revision_momentum.html
2026-03-25 18:07:33,097 - __main__ - INFO -    ✓ er_gaap_divergence.html
2026-03-25 18:07:33,152 - __main__ - INFO -    ✓ er_enhanced_beat_probability.html
2026-03-25 18:07:33,323 - __main__ - INFO -    ✓ er_quality_risk_quadrant.html
2026-03-25 18:07:33,441 - __main__ - INFO -    ✓ er_distress_early_warning.html
2026-03-25 18:07:33,471 - __main__ - INFO -    ✓ er_piotroski_fscore.html
2026-03-25 18:07:33,622 - __main__ - INFO -    ✓ er_altman_zscore.html
2026-03-25 18:07:33,656 - __main__ - INFO -    ✓ er_beneish_mscore.html
2026-03-25 18:07:33,795 - __main__ - INFO -    ✓ er_accounting_anomaly_dashboard.html
2026-03-25 18:07:33,913 - __main__ - INFO -    ✓ er_anomaly_severity_dashboard.html
2026-03-25 18:07:33,973 - __main__ - INFO -    ✓ er_anomaly_conditional_probability.html
2026-03-25 18:07:34,027 - __main__ - INFO -    ✓ er_mcmc_anomaly_posterior.html
2026-03-25 18:07:34,204 - __main__ - INFO -    ✓ er_mcmc_credit_risk_posterior.html
2026-03-25 18:07:34,235 - __main__ - INFO -    ✓ er_mcmc_dividend_cut_posterior.html
2026-03-25 18:07:34,272 - __main__ - INFO -    ✓ er_mcmc_price_target_posterior.html
2026-03-25 18:07:34,339 - __main__ - INFO -    ✓ er_ruin_probability_diagnostic.html
2026-03-25 18:07:34,627 - __main__ - INFO -    ✓ er_expected_returns_summary_posterior.html
2026-03-25 18:07:34,676 - __main__ - INFO -    ✓ er_model_dispersion_dashboard.html
2026-03-25 18:07:35,022 - __main__ - INFO -    ✓ er_return_distribution_fit.html
2026-03-25 18:07:35,102 - __main__ - INFO -    ✓ er_sector_return_analytics.html
2026-03-25 18:07:35,123 - __main__ - INFO -    ✓ er_screening_summary.html
2026-03-25 18:07:35,147 - __main__ - INFO -    ✓ er_price_target_drift.html
2026-03-25 18:07:35,174 - __main__ - INFO -    ✓ er_valuation_multiples.html
2026-03-25 18:07:35,698 - __main__ - INFO -    ✓ er_valuation_distribution.html
2026-03-25 18:07:36,081 - __main__ - INFO -    ✓ er_relative_valuation_matrix.html
2026-03-25 18:07:36,228 - __main__ - INFO -    ✓ er_valuation_vs_growth.html
2026-03-25 18:07:36,373 - __main__ - INFO -    ✓ er_historical_valuation_percentile.html
2026-03-25 18:07:36,481 - __main__ - INFO -    ✓ er_earnings_surprise.html
2026-03-25 18:07:36,526 - __main__ - INFO -    ✓ er_eps_trajectory.html
2026-03-25 18:07:36,548 - __main__ - INFO -    ✓ er_earnings_quality_decomposition.html
2026-03-25 18:07:36,681 - __main__ - INFO -    ✓ er_beat_rate_heatmap.html
2026-03-25 18:07:36,792 - __main__ - INFO -    ✓ er_earnings_consistency_matrix.html
2026-03-25 18:07:36,829 - __main__ - INFO -    ✓ er_growth_waterfall.html
2026-03-25 18:07:36,951 - __main__ - INFO -    ✓ er_growth_consistency_matrix.html
2026-03-25 18:07:37,124 - __main__ - INFO -    ✓ er_growth_vs_profitability.html
2026-03-25 18:07:37,181 - __main__ - INFO -    ✓ er_growth_acceleration.html
2026-03-25 18:07:37,326 - __main__ - INFO -    ✓ er_sustainable_growth.html
2026-03-25 18:07:37,674 - __main__ - INFO -    ✓ er_bayesian_sentiment_ridge.html
2026-03-25 18:07:37,697 - __main__ - INFO -    ✓ er_mcmc_category_sentiment_posterior.html
2026-03-25 18:07:37,787 - __main__ - INFO -    ✓ er_bayesian_profitability_ridge.html
2026-03-25 18:07:37,787 - __main__ - INFO -    📊 Generating ArviZ diagnostic visualizations...
2026-03-25 18:07:38,320 - finance_ml.analytics.visualizations.arviz_diagnostics - INFO - Resampled posterior R̂: <xarray.Dataset> Size: 16B
Dimensions:                ()
Data variables:
    posterior_return       float64 8B 1.002
    posterior_uncertainty  float64 8B 1.012
2026-03-25 18:07:38,326 - __main__ - INFO -    ✓ er_resampled_trace.png
2026-03-25 18:07:38,326 - __main__ - INFO -    ✓ er_resampled_posterior_hdi.png
2026-03-25 18:07:41,370 - __main__ - INFO -    ✓ er_model_alignment_forest.png
2026-03-25 18:07:41,370 - __main__ - INFO -    ✓ er_model_alignment_pair.png
2026-03-25 18:07:54,035 - __main__ - INFO -    ✓ er_agreement_by_sector.png
2026-03-25 18:07:54,364 - __main__ - INFO -    ✓ er_hierarchical_shrinkage.png
2026-03-25 18:09:47,973 - __main__ - INFO -    ✓ er_category_analyst_sentiment_ridge.png
2026-03-25 18:09:47,973 - __main__ - INFO -    ✓ er_category_analyst_sentiment_forest.png
2026-03-25 18:09:47,973 - __main__ - INFO -    ✓ er_category_balance_sheet_ridge.png
2026-03-25 18:09:47,973 - __main__ - INFO -    ✓ er_category_balance_sheet_forest.png
2026-03-25 18:09:47,973 - __main__ - INFO -    ✓ er_category_cash_flow_ridge.png
2026-03-25 18:09:47,973 - __main__ - INFO -    ✓ er_category_cash_flow_forest.png
2026-03-25 18:09:47,973 - __main__ - INFO -    ✓ er_category_composite_scores_ridge.png
2026-03-25 18:09:47,973 - __main__ - INFO -    ✓ er_category_composite_scores_forest.png
2026-03-25 18:09:47,973 - __main__ - INFO -    ✓ er_category_cost_structure_ridge.png
2026-03-25 18:09:47,973 - __main__ - INFO -    ✓ er_category_cost_structure_forest.png
2026-03-25 18:09:47,973 - __main__ - INFO -    ✓ er_category_dividend_features_ridge.png
2026-03-25 18:09:47,973 - __main__ - INFO -    ✓ er_category_dividend_features_forest.png
2026-03-25 18:09:47,973 - __main__ - INFO -    ✓ er_category_earnings_quality_ridge.png
2026-03-25 18:09:47,973 - __main__ - INFO -    ✓ er_category_earnings_quality_forest.png
2026-03-25 18:09:47,973 - __main__ - INFO -    ✓ er_category_employment_metrics_ridge.png
2026-03-25 18:09:47,973 - __main__ - INFO -    ✓ er_category_employment_metrics_forest.png
2026-03-25 18:09:47,973 - __main__ - INFO -    ✓ er_category_growth_metrics_ridge.png
2026-03-25 18:09:47,973 - __main__ - INFO -    ✓ er_category_growth_metrics_forest.png
2026-03-25 18:09:47,973 - __main__ - INFO -    ✓ er_category_leverage_and_liquidity_ridge.png
2026-03-25 18:09:47,973 - __main__ - INFO -    ✓ er_category_leverage_and_liquidity_forest.png
2026-03-25 18:09:47,974 - __main__ - INFO -    ✓ er_category_momentum_ridge.png
2026-03-25 18:09:47,974 - __main__ - INFO -    ✓ er_category_momentum_forest.png
2026-03-25 18:09:47,974 - __main__ - INFO -    ✓ er_category_profitability_ridge.png
2026-03-25 18:09:47,974 - __main__ - INFO -    ✓ er_category_profitability_forest.png
2026-03-25 18:09:47,974 - __main__ - INFO -    ✓ er_category_quality_and_risk_ridge.png
2026-03-25 18:09:47,974 - __main__ - INFO -    ✓ er_category_quality_and_risk_forest.png
2026-03-25 18:09:47,974 - __main__ - INFO -    ✓ er_category_technical_analysis_ridge.png
2026-03-25 18:09:47,974 - __main__ - INFO -    ✓ er_category_technical_analysis_forest.png
2026-03-25 18:09:47,974 - __main__ - INFO -    ✓ er_category_temporal_features_forest.png
2026-03-25 18:09:47,974 - __main__ - INFO -    ✓ er_category_unusual_items_ridge.png
2026-03-25 18:09:47,974 - __main__ - INFO -    ✓ er_category_unusual_items_forest.png
2026-03-25 18:09:47,974 - __main__ - INFO -    ✓ er_category_valuation_ratios_ridge.png
2026-03-25 18:09:47,974 - __main__ - INFO -    ✓ er_category_valuation_ratios_forest.png
2026-03-25 18:09:47,995 - __main__ - INFO -   ⏱ Step 9 completed in 136.2s
2026-03-25 18:09:47,995 - __main__ - INFO - 
2026-03-25 18:09:47,995 - __main__ - INFO - 💾 Step 10: Exporting results...
2026-03-25 18:09:47,995 - __main__ - INFO - --------------------------------------------------------------------------------
2026-03-25 18:09:48,030 - root - INFO - Exporting 6354 rows to analytics.kalman_filtered_price_targets
2026-03-25 18:09:48,033 - root - INFO - Exporting 5515 rows to analytics.monte_carlo_simulation
2026-03-25 18:09:48,050 - root - INFO - Exporting 5515 rows to analytics.expected_returns_tri_model
2026-03-25 18:09:48,096 - root - INFO - Exporting 6358 rows to analytics.price_target_achievement
2026-03-25 18:09:48,741 - root - INFO - Export complete: analytics.monte_carlo_simulation
2026-03-25 18:09:48,763 - __main__ - INFO - Exported 5515 rows → analytics.monte_carlo_simulation
2026-03-25 18:09:48,767 - root - INFO - Exporting 50 rows to analytics.strong_consensus_picks
2026-03-25 18:09:48,931 - root - INFO - Export complete: analytics.kalman_filtered_price_targets
2026-03-25 18:09:49,040 - __main__ - INFO - Exported 6354 rows → analytics.kalman_filtered_price_targets
2026-03-25 18:09:49,122 - root - INFO - Export complete: analytics.expected_returns_tri_model
2026-03-25 18:09:49,169 - __main__ - INFO - Exported 5515 rows → analytics.expected_returns_tri_model
2026-03-25 18:09:49,369 - root - INFO - Export complete: analytics.strong_consensus_picks
2026-03-25 18:09:49,369 - __main__ - INFO - Exported 50 rows → analytics.strong_consensus_picks
2026-03-25 18:09:49,457 - __main__ - INFO - Export skipped (unchanged): analytics.earnings_probability_analysis
2026-03-25 18:09:49,658 - root - INFO - Exporting 5512 rows to analytics.expected_returns_summary
2026-03-25 18:09:49,661 - root - INFO - Exporting 6362 rows to analytics.dividend_safety_analysis
2026-03-25 18:09:50,196 - root - INFO - Export complete: analytics.price_target_achievement
2026-03-25 18:09:50,197 - __main__ - INFO - Exported 6358 rows → analytics.price_target_achievement
2026-03-25 18:09:51,898 - root - INFO - Export complete: analytics.dividend_safety_analysis
2026-03-25 18:09:51,900 - __main__ - INFO - Exported 6362 rows → analytics.dividend_safety_analysis
2026-03-25 18:09:51,933 - root - INFO - Exporting 6358 rows to analytics.credit_risk_analysis
2026-03-25 18:09:52,618 - __main__ - INFO - Export skipped (unchanged): analytics.quality_stocks
2026-03-25 18:09:55,931 - root - INFO - Export complete: analytics.expected_returns_summary
2026-03-25 18:09:55,931 - __main__ - INFO - Exported 5512 rows → analytics.expected_returns_summary
2026-03-25 18:09:55,959 - root - INFO - Exporting 6358 rows to analytics.accounting_anomaly_analysis
2026-03-25 18:09:56,028 - __main__ - INFO - Export skipped (unchanged): analytics.earnings_quality_stocks
2026-03-25 18:09:56,046 - __main__ - INFO - Export skipped (unchanged): analytics.value_stocks
2026-03-25 18:09:56,624 - __main__ - INFO - Export skipped (unchanged): analytics.garp_stocks
2026-03-25 18:09:56,637 - __main__ - INFO - Export skipped (unchanged): analytics.dividend_quality_stocks
2026-03-25 18:10:16,248 - root - INFO - Export complete: analytics.credit_risk_analysis
2026-03-25 18:10:16,249 - __main__ - INFO - Exported 6358 rows → analytics.credit_risk_analysis
2026-03-25 18:10:16,274 - __main__ - INFO - Export skipped (unchanged): analytics.valuation_reversion_stocks
2026-03-25 18:10:16,354 - __main__ - INFO - Export skipped (unchanged): analytics.growth_momentum_stocks
2026-03-25 18:10:16,368 - __main__ - INFO - Export skipped (unchanged): analytics.high_yield_safe_dividend_stocks
2026-03-25 18:10:16,448 - __main__ - INFO - Export skipped (unchanged): analytics.healthy_stocks
2026-03-25 18:10:16,706 - __main__ - INFO - Export skipped (unchanged): analytics.integrity_filtered_growth_stocks
2026-03-25 18:10:16,944 - __main__ - INFO - Export skipped (unchanged): analytics.screen_fcf_compounders
2026-03-25 18:10:17,131 - __main__ - INFO - Export skipped (unchanged): analytics.screen_low_vol_quality
2026-03-25 18:10:17,450 - __main__ - INFO - Export skipped (unchanged): analytics.sector_relative_ranking
2026-03-25 18:10:17,694 - __main__ - INFO - Export skipped (unchanged): analytics.screen_total_return_leaders
2026-03-25 18:10:19,310 - root - INFO - Export complete: analytics.accounting_anomaly_analysis
2026-03-25 18:10:19,311 - __main__ - INFO - Exported 6358 rows → analytics.accounting_anomaly_analysis
2026-03-25 18:10:19,313 - __main__ - INFO -    ✓ monte_carlo_simulation → analytics.monte_carlo_simulation
2026-03-25 18:10:19,313 - __main__ - INFO -    ✓ kalman_filtered_price_targets → analytics.kalman_filtered_price_targets
2026-03-25 18:10:19,313 - __main__ - INFO -    ✓ expected_returns_tri_model → analytics.expected_returns_tri_model
2026-03-25 18:10:19,313 - __main__ - INFO -    ✓ strong_consensus_picks → analytics.strong_consensus_picks
2026-03-25 18:10:19,313 - __main__ - INFO -    ✓ earnings_probability_analysis → analytics.earnings_probability_analysis (cached)
2026-03-25 18:10:19,314 - __main__ - INFO -    ✓ price_target_achievement → analytics.price_target_achievement
2026-03-25 18:10:19,314 - __main__ - INFO -    ✓ dividend_safety_analysis → analytics.dividend_safety_analysis
2026-03-25 18:10:19,314 - __main__ - INFO -    ✓ quality_stocks → analytics.quality_stocks (cached)
2026-03-25 18:10:19,314 - __main__ - INFO -    ✓ expected_returns_summary → analytics.expected_returns_summary
2026-03-25 18:10:19,314 - __main__ - INFO -    ✓ earnings_quality_stocks → analytics.earnings_quality_stocks (cached)
2026-03-25 18:10:19,314 - __main__ - INFO -    ✓ value_stocks → analytics.value_stocks (cached)
2026-03-25 18:10:19,314 - __main__ - INFO -    ✓ garp_stocks → analytics.garp_stocks (cached)
2026-03-25 18:10:19,314 - __main__ - INFO -    ✓ dividend_quality_stocks → analytics.dividend_quality_stocks (cached)
2026-03-25 18:10:19,314 - __main__ - INFO -    ✓ credit_risk_analysis → analytics.credit_risk_analysis
2026-03-25 18:10:19,314 - __main__ - INFO -    ✓ valuation_reversion_stocks → analytics.valuation_reversion_stocks (cached)
2026-03-25 18:10:19,314 - __main__ - INFO -    ✓ growth_momentum_stocks → analytics.growth_momentum_stocks (cached)
2026-03-25 18:10:19,314 - __main__ - INFO -    ✓ high_yield_safe_dividend_stocks → analytics.high_yield_safe_dividend_stocks (cached)
2026-03-25 18:10:19,314 - __main__ - INFO -    ✓ healthy_stocks → analytics.healthy_stocks (cached)
2026-03-25 18:10:19,314 - __main__ - INFO -    ✓ integrity_filtered_growth_stocks → analytics.integrity_filtered_growth_stocks (cached)
2026-03-25 18:10:19,314 - __main__ - INFO -    ✓ screen_fcf_compounders → analytics.screen_fcf_compounders (cached)
2026-03-25 18:10:19,314 - __main__ - INFO -    ✓ screen_low_vol_quality → analytics.screen_low_vol_quality (cached)
2026-03-25 18:10:19,314 - __main__ - INFO -    ✓ sector_relative_ranking → analytics.sector_relative_ranking (cached)
2026-03-25 18:10:19,314 - __main__ - INFO -    ✓ screen_total_return_leaders → analytics.screen_total_return_leaders (cached)
2026-03-25 18:10:19,314 - __main__ - INFO -    ✓ accounting_anomaly_analysis → analytics.accounting_anomaly_analysis
2026-03-25 18:10:20,445 - root - INFO - Exporting 6362 rows to analytics.earnings_probability_analysis
2026-03-25 18:10:22,156 - root - INFO - Export complete: analytics.earnings_probability_analysis
2026-03-25 18:10:22,419 - root - INFO - Exported 6362 rows to outputs\analytics\earnings_probability_analysis.csv
2026-03-25 18:10:22,532 - root - INFO - Exported 6362 rows to outputs\analytics\earnings_probability_analysis.json
2026-03-25 18:10:22,534 - root - INFO - Exporting 6362 rows to analytics.eps_streak_analysis
2026-03-25 18:10:23,485 - root - INFO - Export complete: analytics.eps_streak_analysis
2026-03-25 18:10:23,627 - root - INFO - Exported 6362 rows to outputs\analytics\eps_streak_analysis.csv
2026-03-25 18:10:23,720 - root - INFO - Exported 6362 rows to outputs\analytics\eps_streak_analysis.json
2026-03-25 18:10:23,723 - root - INFO - Exporting 8 rows to analytics.probability_analytics_summary
2026-03-25 18:10:23,792 - root - INFO - Export complete: analytics.probability_analytics_summary
2026-03-25 18:10:23,794 - root - INFO - Exported 8 rows to outputs\analytics\probability_analytics_summary.csv
2026-03-25 18:10:23,794 - root - INFO - Exported 8 rows to outputs\analytics\probability_analytics_summary.json
2026-03-25 18:10:23,795 - finance_ml.analytics.probability_analytics - INFO - Exported probability analytics results to database and outputs\analytics
2026-03-25 18:10:23,795 - __main__ - INFO -    ✓ earnings_probability_analysis_db → analytics.earnings_probability_analysis
2026-03-25 18:10:23,795 - __main__ - INFO -    ✓ earnings_probability_analysis_csv → outputs\analytics\earnings_probability_analysis.csv
2026-03-25 18:10:23,795 - __main__ - INFO -    ✓ eps_streak_analysis_db → analytics.eps_streak_analysis
2026-03-25 18:10:23,795 - __main__ - INFO -    ✓ eps_streak_analysis_csv → outputs\analytics\eps_streak_analysis.csv
2026-03-25 18:10:23,795 - __main__ - INFO -    ✓ probability_analytics_summary_db → analytics.probability_analytics_summary
2026-03-25 18:10:23,795 - __main__ - INFO -    ✓ probability_analytics_summary_csv → outputs\analytics\probability_analytics_summary.csv
2026-03-25 18:10:23,795 - __main__ - INFO -   ⏱ Step 10 completed in 35.8s
2026-03-25 18:10:23,795 - __main__ - INFO - 
2026-03-25 18:10:23,795 - __main__ - INFO - ================================================================================
2026-03-25 18:10:23,795 - __main__ - INFO - ✅ EXPECTED RETURNS ANALYTICS v3.6 COMPLETE
2026-03-25 18:10:23,795 - __main__ - INFO - ================================================================================
2026-03-25 18:10:23,795 - __main__ - INFO - 
2026-03-25 18:10:23,795 - __main__ - INFO -   Data sources:
2026-03-25 18:10:23,795 - __main__ - INFO -     mv_equities:       6,358 stocks × 685 features
2026-03-25 18:10:23,795 - __main__ - INFO -     mv_all_stock_features:     6,362 stocks × 733 features
2026-03-25 18:10:23,795 - __main__ - INFO - 
2026-03-25 18:10:23,795 - __main__ - INFO -   Models:
2026-03-25 18:10:23,795 - __main__ - INFO -     Monte Carlo simulations:   5,515
2026-03-25 18:10:23,795 - __main__ - INFO -     Price target achievements: 6,358
2026-03-25 18:10:23,795 - __main__ - INFO -     Kalman-filtered targets:   6,354
2026-03-25 18:10:23,795 - __main__ - INFO -     Earnings beat analyses:    6,362
2026-03-25 18:10:23,795 - __main__ - INFO -     Credit risk analyses:      6,358
2026-03-25 18:10:23,795 - __main__ - INFO -     Dividend safety analyses:  6,362
2026-03-25 18:10:23,795 - __main__ - INFO -     Accounting anomaly analyses: 6,358
2026-03-25 18:10:23,795 - __main__ - INFO - 
2026-03-25 18:10:23,796 - __main__ - INFO -   Alignment:
2026-03-25 18:10:23,796 - __main__ - INFO -     Tri-model aligned:         5,515
2026-03-25 18:10:23,796 - __main__ - INFO -     Strong consensus picks:    50
2026-03-25 18:10:23,796 - __main__ - INFO -     Quad-model full consensus: 1522
2026-03-25 18:10:23,796 - __main__ - INFO -     Expected returns summary:  5,512 stocks, 1522 full consensus
2026-03-25 18:10:23,796 - __main__ - INFO -     MC ↔ Kalman correlation:   0.958
2026-03-25 18:10:23,796 - __main__ - INFO - 
2026-03-25 18:10:23,796 - __main__ - INFO -   Screening:
2026-03-25 18:10:23,796 - __main__ - INFO -     quality: 932 stocks
2026-03-25 18:10:23,796 - __main__ - INFO -     earnings_quality: 1,162 stocks
2026-03-25 18:10:23,796 - __main__ - INFO -     value: 1,044 stocks
2026-03-25 18:10:23,796 - __main__ - INFO -     growth: 2,826 stocks
2026-03-25 18:10:23,796 - __main__ - INFO -     garp: 922 stocks
2026-03-25 18:10:23,796 - __main__ - INFO -     dividend: 15 stocks
2026-03-25 18:10:23,796 - __main__ - INFO -     healthy: 1,418 stocks
2026-03-25 18:10:23,796 - __main__ - INFO -     valuation_reversion: 449 stocks
2026-03-25 18:10:23,796 - __main__ - INFO -     integrity_growth: 1,075 stocks
2026-03-25 18:10:23,796 - __main__ - INFO -     high_yield_safe: 45 stocks
2026-03-25 18:10:23,796 - __main__ - INFO -     sector_relative: 6,362 stocks
2026-03-25 18:10:23,796 - __main__ - INFO -     low_vol_quality: 2,196 stocks
2026-03-25 18:10:23,796 - __main__ - INFO -     fcf_compounders: 964 stocks
2026-03-25 18:10:23,796 - __main__ - INFO -     total_return_leaders: 6,362 stocks
2026-03-25 18:10:23,796 - __main__ - INFO - 
2026-03-25 18:10:23,796 - __main__ - INFO -   Probability Analytics:
2026-03-25 18:10:23,796 - __main__ - INFO -     Categories analyzed:       17
2026-03-25 18:10:23,796 - __main__ - INFO - 
2026-03-25 18:10:23,796 - __main__ - INFO -   Outputs: outputs\analytics/
2026-03-25 18:10:23,796 - __main__ - INFO - 
