"Date"   ;"D0";"D1"    ;"Value"
"2019-01";"M0";"EUR1"  ;"1.12959"
"2019-01";"M0";"GBP1"  ;"1.27585"
"2019-01";"M0";"DKK100";"15.13067"
"2019-01";"M0";"NOK100";"11.57456"
"2019-01";"M0";"CZK100";"4.40536"
"2019-01";"M0";"HUF100";"0.35315"
"2019-01";"M0";"PLN100";"26.30421"
"2019-01";"M0";"RUB1"  ;"0.01482"
"2019-01";"M0";"SEK100";"10.9987"
"2019-01";"M0";"TRY100";"18.40345"
"2019-01";"M0";"USD1"  ;"0.9892"
"2019-01";"M0";"CAD1"  ;"0.74409"
"2019-01";"M0";"ARS1"  ;"0.02643"
"2019-01";"M0";"BRL100";"26.46126"
"2019-01";"M0";"MXN100";"5.15858"
"2019-01";"M0";"ZAR1"  ;"0.07148"
"2019-01";"M0";"JPY100";"0.90838"
"2019-01";"M0";"AUD1"  ;"0.70746"
"2019-01";"M0";"CNY100";"14.58121"
"2019-01";"M0";"HKD100";"12.61306"
"2019-01";"M0";"KRW100";"0.08818"
"2019-01";"M0";"MYR100";"24.03215"
"2019-01";"M0";"NZD1"  ;"0.6705"
"2019-01";"M0";"SGD1"  ;"0.7294"
"2019-01";"M0";"THB100";"3.1117"
"2019-01";"M0";"XDR1"  ;"1.37927"
"2019-01";"M0";"USD3M" ;"0.98"
"2019-01";"M0";"USD6M" ;"0.9714"
"2019-01";"M1";"EUR1"  ;"1.14065"
"2019-01";"M1";"GBP1"  ;"1.30245"
"2019-01";"M1";"DKK100";"15.27956"
"2019-01";"M1";"NOK100";"11.81268"
"2019-01";"M1";"CZK100";"4.42665"
"2019-01";"M1";"HUF100";"0.36115"
"2019-01";"M1";"PLN100";"26.64922"
"2019-01";"M1";"RUB1"  ;"0.01522"
"2019-01";"M1";"SEK100";"11.00648"
"2019-01";"M1";"TRY100";"19.08785"
"2019-01";"M1";"USD1"  ;"0.99295"
"2019-01";"M1";"CAD1"  ;"0.75587"
"2019-01";"M1";"ARS1"  ;"0.0265"
"2019-01";"M1";"BRL100";"26.97867"
"2019-01";"M1";"MXN100";"5.19954"
"2019-01";"M1";"ZAR1"  ;"0.07446"
"2019-01";"M1";"JPY100";"0.9147"
"2019-01";"M1";"AUD1"  ;"0.72212"
"2019-01";"M1";"CNY100";"14.79762"
"2019-01";"M1";"HKD100";"12.65614"
"2019-01";"M1";"KRW100";"0.08925"
"2019-01";"M1";"MYR100";"24.25497"
"2019-01";"M1";"NZD1"  ;"0.68608"
"2019-01";"M1";"SGD1"  ;"0.73776"
"2019-01";"M1";"THB100";"3.17805"
"2019-01";"M1";"XDR1"  ;"1.3934"
"2019-02";"M0";"EUR1"  ;"1.1366"
"2019-02";"M0";"GBP1"  ;"1.30204"
"2019-02";"M0";"DKK100";"15.23041"
"2019-02";"M0";"NOK100";"11.66234"
"2019-02";"M0";"CZK100";"4.4181"
"2019-02";"M0";"HUF100";"0.35734"
"2019-02";"M0";"PLN100";"26.32435"
"2019-02";"M0";"RUB1"  ;"0.01521"
"2019-02";"M0";"SEK100";"10.82993"
"2019-02";"M0";"TRY100";"18.97608"
"2019-02";"M0";"USD1"  ;"1.00153"
"2019-02";"M0";"CAD1"  ;"0.75827"
"2019-02";"M0";"ARS1"  ;"0.02616"
"2019-02";"M0";"BRL100";"26.9361"
"2019-02";"M0";"MXN100";"5.21992"
"2019-02";"M0";"ZAR1"  ;"0.07256"
"2019-02";"M0";"JPY100";"0.90737"
"2019-02";"M0";"AUD1"  ;"0.71491"
"2019-02";"M0";"CNY100";"14.86124"
"2019-02";"M0";"HKD100";"12.76182"
"2019-02";"M0";"KRW100";"0.08917"
"2019-02";"M0";"MYR100";"24.55299"
"2019-02";"M0";"NZD1"  ;"0.68435"
"2019-02";"M0";"SGD1"  ;"0.73977"
"2019-02";"M0";"THB100";"3.19915"
"2019-02";"M0";"XDR1"  ;"1.3939"
"2019-02";"M0";"USD3M" ;"0.9929"
"2019-02";"M0";"USD6M" ;"0.9842"
"2019-02";"M1";"EUR1"  ;"1.13444"
"2019-02";"M1";"GBP1"  ;"1.32471"
"2019-02";"M1";"DKK100";"15.20407"
"2019-02";"M1";"NOK100";"11.66013"
"2019-02";"M1";"CZK100";"4.42731"
"2019-02";"M1";"HUF100";"0.35858"
"2019-02";"M1";"PLN100";"26.3103"
"2019-02";"M1";"RUB1"  ;"0.01513"
"2019-02";"M1";"SEK100";"10.83603"
"2019-02";"M1";"TRY100";"18.69276"
"2019-02";"M1";"USD1"  ;"0.99595"
"2019-02";"M1";"CAD1"  ;"0.75631"
"2019-02";"M1";"ARS1"  ;"0.0257"
"2019-02";"M1";"BRL100";"26.70322"
"2019-02";"M1";"MXN100";"5.18856"
"2019-02";"M1";"ZAR1"  ;"0.07124"
"2019-02";"M1";"JPY100";"0.89891"
"2019-02";"M1";"AUD1"  ;"0.71096"
"2019-02";"M1";"CNY100";"14.89605"
"2019-02";"M1";"HKD100";"12.68758"
"2019-02";"M1";"KRW100";"0.08859"
"2019-02";"M1";"MYR100";"24.47894"
"2019-02";"M1";"NZD1"  ;"0.68133"
"2019-02";"M1";"SGD1"  ;"0.73845"
"2019-02";"M1";"THB100";"3.16074"
"2019-02";"M1";"XDR1"  ;"1.3929"
"2019-03";"M0";"EUR1"  ;"1.13145"
"2019-03";"M0";"GBP1"  ;"1.31835"
"2019-03";"M0";"DKK100";"15.16202"
"2019-03";"M0";"NOK100";"11.64094"
"2019-03";"M0";"CZK100";"4.40732"
"2019-03";"M0";"HUF100";"0.35821"
"2019-03";"M0";"PLN100";"26.32191"
"2019-03";"M0";"RUB1"  ;"0.01537"
"2019-03";"M0";"SEK100";"10.77495"
"2019-03";"M0";"TRY100";"18.29063"
"2019-03";"M0";"USD1"  ;"1.00062"
"2019-03";"M0";"CAD1"  ;"0.74903"
"2019-03";"M0";"ARS1"  ;"0.02434"
"2019-03";"M0";"BRL100";"26.11411"
"2019-03";"M0";"MXN100";"5.20299"
"2019-03";"M0";"ZAR1"  ;"0.06963"
"2019-03";"M0";"JPY100";"0.89986"
"2019-03";"M0";"AUD1"  ;"0.70863"
"2019-03";"M0";"CNY100";"14.90908"
"2019-03";"M0";"HKD100";"12.74765"
"2019-03";"M0";"KRW100";"0.08843"
"2019-03";"M0";"MYR100";"24.53106"
"2019-03";"M0";"NZD1"  ;"0.68367"
"2019-03";"M0";"SGD1"  ;"0.73896"
"2019-03";"M0";"THB100";"3.15437"
"2019-03";"M0";"XDR1"  ;"1.3919"
"2019-03";"M0";"USD3M" ;"0.992"
"2019-03";"M0";"USD6M" ;"0.9834"
"2019-03";"M1";"EUR1"  ;"1.11686"
"2019-03";"M1";"GBP1"  ;"1.29689"
"2019-03";"M1";"DKK100";"14.96248"
"2019-03";"M1";"NOK100";"11.51312"
"2019-03";"M1";"CZK100";"4.32701"
"2019-03";"M1";"HUF100";"0.34814"
"2019-03";"M1";"PLN100";"25.96658"
"2019-03";"M1";"RUB1"  ;"0.01539"
"2019-03";"M1";"SEK100";"10.72478"
"2019-03";"M1";"TRY100";"17.66177"
"2019-03";"M1";"USD1"  ;"0.996"
"2019-03";"M1";"CAD1"  ;"0.74126"
"2019-03";"M1";"ARS1"  ;"0.0228"
"2019-03";"M1";"BRL100";"25.52537"
"2019-03";"M1";"MXN100";"5.15584"
"2019-03";"M1";"ZAR1"  ;"0.06851"
"2019-03";"M1";"JPY100";"0.89896"
"2019-03";"M1";"AUD1"  ;"0.70542"
"2019-03";"M1";"CNY100";"14.82915"
"2019-03";"M1";"HKD100";"12.6879"
"2019-03";"M1";"KRW100";"0.08772"
"2019-03";"M1";"MYR100";"24.40339"
"2019-03";"M1";"NZD1"  ;"0.67623"
"2019-03";"M1";"SGD1"  ;"0.73451"
"2019-03";"M1";"THB100";"3.1381"
"2019-03";"M1";"XDR1"  ;"1.3823"
"2019-04";"M0";"EUR1"  ;"1.13157"
"2019-04";"M0";"GBP1"  ;"1.31258"
"2019-04";"M0";"DKK100";"15.1587"
"2019-04";"M0";"NOK100";"11.75357"
"2019-04";"M0";"CZK100";"4.40673"
"2019-04";"M0";"HUF100";"0.35232"
"2019-04";"M0";"PLN100";"26.38761"
"2019-04";"M0";"RUB1"  ;"0.01557"
"2019-04";"M0";"SEK100";"10.79728"
"2019-04";"M0";"TRY100";"17.4621"
"2019-04";"M0";"USD1"  ;"1.00654"
"2019-04";"M0";"CAD1"  ;"0.75244"
"2019-04";"M0";"ARS1"  ;"0.02341"
"2019-04";"M0";"BRL100";"25.84738"
"2019-04";"M0";"MXN100";"5.29991"
"2019-04";"M0";"ZAR1"  ;"0.07112"
"2019-04";"M0";"JPY100";"0.90186"
"2019-04";"M0";"AUD1"  ;"0.7159"
"2019-04";"M0";"CNY100";"14.98483"
"2019-04";"M0";"HKD100";"12.83025"
"2019-04";"M0";"KRW100";"0.08805"
"2019-04";"M0";"MYR100";"24.47243"
"2019-04";"M0";"NZD1"  ;"0.67682"
"2019-04";"M0";"SGD1"  ;"0.74233"
"2019-04";"M0";"THB100";"3.16023"
"2019-04";"M0";"XDR1"  ;"1.39802"
"2019-04";"M0";"USD3M" ;"0.9985"
"2019-04";"M0";"USD6M" ;"0.9899"
"2019-04";"M1";"EUR1"  ;"1.141"
"2019-04";"M1";"GBP1"  ;"1.32087"
"2019-04";"M1";"DKK100";"15.28399"
"2019-04";"M1";"NOK100";"11.79281"
"2019-04";"M1";"CZK100";"4.44647"
"2019-04";"M1";"HUF100";"0.35339"
"2019-04";"M1";"PLN100";"26.59658"
"2019-04";"M1";"RUB1"  ;"0.01578"
"2019-04";"M1";"SEK100";"10.73854"
"2019-04";"M1";"TRY100";"17.06154"
"2019-04";"M1";"USD1"  ;"1.01825"
"2019-04";"M1";"CAD1"  ;"0.75687"
"2019-04";"M1";"ARS1"  ;"0.023"
"2019-04";"M1";"BRL100";"25.82556"
"2019-04";"M1";"MXN100";"5.3511"
"2019-04";"M1";"ZAR1"  ;"0.07103"
"2019-04";"M1";"JPY100";"0.91421"
"2019-04";"M1";"AUD1"  ;"0.71822"
"2019-04";"M1";"CNY100";"15.1125"
"2019-04";"M1";"HKD100";"12.9801"
"2019-04";"M1";"KRW100";"0.08718"
"2019-04";"M1";"MYR100";"24.6186"
"2019-04";"M1";"NZD1"  ;"0.67958"
"2019-04";"M1";"SGD1"  ;"0.74822"
"2019-04";"M1";"THB100";"3.18911"
"2019-04";"M1";"XDR1"  ;"1.4113"
"2019-05";"M0";"EUR1"  ;"1.13077"
"2019-05";"M0";"GBP1"  ;"1.29894"
"2019-05";"M0";"DKK100";"15.14356"
"2019-05";"M0";"NOK100";"11.56228"
"2019-05";"M0";"CZK100";"4.38903"
"2019-05";"M0";"HUF100";"0.34777"
"2019-05";"M0";"PLN100";"26.31042"
"2019-05";"M0";"RUB1"  ;"0.01557"
"2019-05";"M0";"SEK100";"10.52733"
"2019-05";"M0";"TRY100";"16.66652"
"2019-05";"M0";"USD1"  ;"1.01077"
"2019-05";"M0";"CAD1"  ;"0.75102"
"2019-05";"M0";"ARS1"  ;"0.02255"
"2019-05";"M0";"BRL100";"25.27666"
"2019-05";"M0";"MXN100";"5.28445"
"2019-05";"M0";"ZAR1"  ;"0.07007"
"2019-05";"M0";"JPY100";"0.91933"
"2019-05";"M0";"AUD1"  ;"0.70181"
"2019-05";"M0";"CNY100";"14.74244"
"2019-05";"M0";"HKD100";"12.87911"
"2019-05";"M0";"KRW100";"0.08536"
"2019-05";"M0";"MYR100";"24.23625"
"2019-05";"M0";"NZD1"  ;"0.6632"
"2019-05";"M0";"SGD1"  ;"0.73728"
"2019-05";"M0";"THB100";"3.17917"
"2019-05";"M0";"XDR1"  ;"1.39681"
"2019-05";"M0";"USD3M" ;"1.0022"
"2019-05";"M0";"USD6M" ;"0.9938"
"2019-05";"M1";"EUR1"  ;"1.12076"
"2019-05";"M1";"GBP1"  ;"1.26824"
"2019-05";"M1";"DKK100";"15.00728"
"2019-05";"M1";"NOK100";"11.45028"
"2019-05";"M1";"CZK100";"4.33745"
"2019-05";"M1";"HUF100";"0.34497"
"2019-05";"M1";"PLN100";"26.11576"
"2019-05";"M1";"RUB1"  ;"0.01534"
"2019-05";"M1";"SEK100";"10.52626"
"2019-05";"M1";"TRY100";"17.06704"
"2019-05";"M1";"USD1"  ;"1.0053"
"2019-05";"M1";"CAD1"  ;"0.74263"
"2019-05";"M1";"ARS1"  ;"0.0226"
"2019-05";"M1";"BRL100";"25.24991"
"2019-05";"M1";"MXN100";"5.1031"
"2019-05";"M1";"ZAR1"  ;"0.06795"
"2019-05";"M1";"JPY100";"0.92403"
"2019-05";"M1";"AUD1"  ;"0.69542"
"2019-05";"M1";"CNY100";"14.5664"
"2019-05";"M1";"HKD100";"12.81649"
"2019-05";"M1";"KRW100";"0.08443"
"2019-05";"M1";"MYR100";"23.99112"
"2019-05";"M1";"NZD1"  ;"0.65525"
"2019-05";"M1";"SGD1"  ;"0.72975"
"2019-05";"M1";"THB100";"3.1759"
"2019-05";"M1";"XDR1"  ;"1.3847"
"2019-06";"M0";"EUR1"  ;"1.1165"
"2019-06";"M0";"GBP1"  ;"1.25329"
"2019-06";"M0";"DKK100";"14.95301"
"2019-06";"M0";"NOK100";"11.45662"
"2019-06";"M0";"CZK100";"4.36008"
"2019-06";"M0";"HUF100";"0.34592"
"2019-06";"M0";"PLN100";"26.17883"
"2019-06";"M0";"RUB1"  ;"0.01543"
"2019-06";"M0";"SEK100";"10.51128"
"2019-06";"M0";"TRY100";"17.02132"
"2019-06";"M0";"USD1"  ;"0.9889"
"2019-06";"M0";"CAD1"  ;"0.74361"
"2019-06";"M0";"ARS1"  ;"0.02257"
"2019-06";"M0";"BRL100";"25.60378"
"2019-06";"M0";"MXN100";"5.12834"
"2019-06";"M0";"ZAR1"  ;"0.06787"
"2019-06";"M0";"JPY100";"0.91527"
"2019-06";"M0";"AUD1"  ;"0.68653"
"2019-06";"M0";"CNY100";"14.33237"
"2019-06";"M0";"HKD100";"12.63784"
"2019-06";"M0";"KRW100";"0.08428"
"2019-06";"M0";"MYR100";"23.75568"
"2019-06";"M0";"NZD1"  ;"0.65226"
"2019-06";"M0";"SGD1"  ;"0.72564"
"2019-06";"M0";"THB100";"3.17857"
"2019-06";"M0";"XDR1"  ;"1.36921"
"2019-06";"M0";"USD3M" ;"0.9808"
"2019-06";"M0";"USD6M" ;"0.9733"
"2019-06";"M1";"EUR1"  ;"1.10934"
"2019-06";"M1";"GBP1"  ;"1.23489"
"2019-06";"M1";"DKK100";"14.86308"
"2019-06";"M1";"NOK100";"11.43823"
"2019-06";"M1";"CZK100";"4.36194"
"2019-06";"M1";"HUF100";"0.34281"
"2019-06";"M1";"PLN100";"26.09022"
"2019-06";"M1";"RUB1"  ;"0.01544"
"2019-06";"M1";"SEK100";"10.51597"
"2019-06";"M1";"TRY100";"16.92206"
"2019-06";"M1";"USD1"  ;"0.974"
"2019-06";"M1";"CAD1"  ;"0.74368"
"2019-06";"M1";"ARS1"  ;"0.0228"
"2019-06";"M1";"BRL100";"25.49138"
"2019-06";"M1";"MXN100";"5.07575"
"2019-06";"M1";"ZAR1"  ;"0.06882"
"2019-06";"M1";"JPY100";"0.90474"
"2019-06";"M1";"AUD1"  ;"0.68292"
"2019-06";"M1";"CNY100";"14.18667"
"2019-06";"M1";"HKD100";"12.47614"
"2019-06";"M1";"KRW100";"0.08435"
"2019-06";"M1";"MYR100";"23.54477"
"2019-06";"M1";"NZD1"  ;"0.65326"
"2019-06";"M1";"SGD1"  ;"0.72009"
"2019-06";"M1";"THB100";"3.17543"
"2019-06";"M1";"XDR1"  ;"1.3571"
"2019-07";"M0";"EUR1"  ;"1.10792"
"2019-07";"M0";"GBP1"  ;"1.2315"
"2019-07";"M0";"DKK100";"14.84085"
"2019-07";"M0";"NOK100";"11.46412"
"2019-07";"M0";"CZK100";"4.3371"
"2019-07";"M0";"HUF100";"0.34059"
"2019-07";"M0";"PLN100";"26.00613"
"2019-07";"M0";"RUB1"  ;"0.01561"
"2019-07";"M0";"SEK100";"10.48997"
"2019-07";"M0";"TRY100";"17.39197"
"2019-07";"M0";"USD1"  ;"0.98737"
"2019-07";"M0";"CAD1"  ;"0.75388"
"2019-07";"M0";"ARS1"  ;"0.02328"
"2019-07";"M0";"BRL100";"26.09828"
"2019-07";"M0";"MXN100";"5.17961"
"2019-07";"M0";"ZAR1"  ;"0.07028"
"2019-07";"M0";"JPY100";"0.91245"
"2019-07";"M0";"AUD1"  ;"0.68962"
"2019-07";"M0";"CNY100";"14.35722"
"2019-07";"M0";"HKD100";"12.64003"
"2019-07";"M0";"KRW100";"0.08389"
"2019-07";"M0";"MYR100";"23.9396"
"2019-07";"M0";"NZD1"  ;"0.65978"
"2019-07";"M0";"SGD1"  ;"0.72547"
"2019-07";"M0";"THB100";"3.20629"
"2019-07";"M0";"XDR1"  ;"1.36457"
"2019-07";"M0";"USD3M" ;"0.9791"
"2019-07";"M0";"USD6M" ;"0.9708"
"2019-07";"M1";"EUR1"  ;"1.10402"
"2019-07";"M1";"GBP1"  ;"1.20466"
"2019-07";"M1";"DKK100";"14.78532"
"2019-07";"M1";"NOK100";"11.29978"
"2019-07";"M1";"CZK100";"4.30262"
"2019-07";"M1";"HUF100";"0.3375"
"2019-07";"M1";"PLN100";"25.72924"
"2019-07";"M1";"RUB1"  ;"0.01562"
"2019-07";"M1";"SEK100";"10.35112"
"2019-07";"M1";"TRY100";"17.87545"
"2019-07";"M1";"USD1"  ;"0.99055"
"2019-07";"M1";"CAD1"  ;"0.7533"
"2019-07";"M1";"ARS1"  ;"0.0226"
"2019-07";"M1";"BRL100";"26.13037"
"2019-07";"M1";"MXN100";"5.19766"
"2019-07";"M1";"ZAR1"  ;"0.06972"
"2019-07";"M1";"JPY100";"0.9124"
"2019-07";"M1";"AUD1"  ;"0.68284"
"2019-07";"M1";"CNY100";"14.38707"
"2019-07";"M1";"HKD100";"12.65507"
"2019-07";"M1";"KRW100";"0.08373"
"2019-07";"M1";"MYR100";"23.98717"
"2019-07";"M1";"NZD1"  ;"0.6546"
"2019-07";"M1";"SGD1"  ;"0.72329"
"2019-07";"M1";"THB100";"3.22162"
"2019-07";"M1";"XDR1"  ;"1.3626"
"2019-08";"M0";"EUR1"  ;"1.08933"
"2019-08";"M0";"GBP1"  ;"1.1889"
"2019-08";"M0";"DKK100";"14.60216"
"2019-08";"M0";"NOK100";"10.9152"
"2019-08";"M0";"CZK100";"4.22089"
"2019-08";"M0";"HUF100";"0.33325"
"2019-08";"M0";"PLN100";"25.04583"
"2019-08";"M0";"RUB1"  ;"0.01487"
"2019-08";"M0";"SEK100";"10.14683"
"2019-08";"M0";"TRY100";"17.31693"
"2019-08";"M0";"USD1"  ;"0.97886"
"2019-08";"M0";"CAD1"  ;"0.7375"
"2019-08";"M0";"ARS1"  ;"0.01909"
"2019-08";"M0";"BRL100";"24.34499"
"2019-08";"M0";"MXN100";"4.96763"
"2019-08";"M0";"ZAR1"  ;"0.06449"
"2019-08";"M0";"JPY100";"0.92194"
"2019-08";"M0";"AUD1"  ;"0.66226"
"2019-08";"M0";"CNY100";"13.84419"
"2019-08";"M0";"HKD100";"12.48356"
"2019-08";"M0";"KRW100";"0.08078"
"2019-08";"M0";"MYR100";"23.36141"
"2019-08";"M0";"NZD1"  ;"0.62871"
"2019-08";"M0";"SGD1"  ;"0.70644"
"2019-08";"M0";"THB100";"3.18281"
"2019-08";"M0";"XDR1"  ;"1.34496"
"2019-08";"M0";"USD3M" ;"0.9716"
"2019-08";"M0";"USD6M" ;"0.9635"
"2019-08";"M1";"EUR1"  ;"1.09136"
"2019-08";"M1";"GBP1"  ;"1.20313"
"2019-08";"M1";"DKK100";"14.63779"
"2019-08";"M1";"NOK100";"10.86911"
"2019-08";"M1";"CZK100";"4.2186"
"2019-08";"M1";"HUF100";"0.32959"
"2019-08";"M1";"PLN100";"24.8911"
"2019-08";"M1";"RUB1"  ;"0.01486"
"2019-08";"M1";"SEK100";"10.0784"
"2019-08";"M1";"TRY100";"16.90319"
"2019-08";"M1";"USD1"  ;"0.9886"
"2019-08";"M1";"CAD1"  ;"0.74317"
"2019-08";"M1";"ARS1"  ;"0.0171"
"2019-08";"M1";"BRL100";"23.7063"
"2019-08";"M1";"MXN100";"4.91462"
"2019-08";"M1";"ZAR1"  ;"0.06489"
"2019-08";"M1";"JPY100";"0.92905"
"2019-08";"M1";"AUD1"  ;"0.66424"
"2019-08";"M1";"CNY100";"13.8318"
"2019-08";"M1";"HKD100";"12.60471"
"2019-08";"M1";"KRW100";"0.0816"
"2019-08";"M1";"MYR100";"23.45099"
"2019-08";"M1";"NZD1"  ;"0.62287"
"2019-08";"M1";"SGD1"  ;"0.71209"
"2019-08";"M1";"THB100";"3.23114"
"2019-08";"M1";"XDR1"  ;"1.3516"
"2019-09";"M0";"EUR1"  ;"1.09055"
"2019-09";"M0";"GBP1"  ;"1.22218"
"2019-09";"M0";"DKK100";"14.61206"
"2019-09";"M0";"NOK100";"10.98585"
"2019-09";"M0";"CZK100";"4.21641"
"2019-09";"M0";"HUF100";"0.32808"
"2019-09";"M0";"PLN100";"25.04754"
"2019-09";"M0";"RUB1"  ;"0.01525"
"2019-09";"M0";"SEK100";"10.19374"
"2019-09";"M0";"TRY100";"17.33105"
"2019-09";"M0";"USD1"  ;"0.9905"
"2019-09";"M0";"CAD1"  ;"0.74765"
"2019-09";"M0";"ARS1"  ;"0.01749"
"2019-09";"M0";"BRL100";"24.03376"
"2019-09";"M0";"MXN100";"5.05672"
"2019-09";"M0";"ZAR1"  ;"0.06672"
"2019-09";"M0";"JPY100";"0.9221"
"2019-09";"M0";"AUD1"  ;"0.67432"
"2019-09";"M0";"CNY100";"13.91616"
"2019-09";"M0";"HKD100";"12.64053"
"2019-09";"M0";"KRW100";"0.08286"
"2019-09";"M0";"MYR100";"23.66584"
"2019-09";"M0";"NZD1"  ;"0.62836"
"2019-09";"M0";"SGD1"  ;"0.71773"
"2019-09";"M0";"THB100";"3.2406"
"2019-09";"M0";"XDR1"  ;"1.35562"
"2019-09";"M0";"USD3M" ;"0.9827"
"2019-09";"M0";"USD6M" ;"0.9749"
"2019-09";"M1";"EUR1"  ;"1.08585"
"2019-09";"M1";"GBP1"  ;"1.22398"
"2019-09";"M1";"DKK100";"14.54454"
"2019-09";"M1";"NOK100";"10.93957"
"2019-09";"M1";"CZK100";"4.20406"
"2019-09";"M1";"HUF100";"0.32445"
"2019-09";"M1";"PLN100";"24.82811"
"2019-09";"M1";"RUB1"  ;"0.01534"
"2019-09";"M1";"SEK100";"10.12077"
"2019-09";"M1";"TRY100";"17.58513"
"2019-09";"M1";"USD1"  ;"0.99305"
"2019-09";"M1";"CAD1"  ;"0.75001"
"2019-09";"M1";"ARS1"  ;"0.0173"
"2019-09";"M1";"BRL100";"23.88403"
"2019-09";"M1";"MXN100";"5.04102"
"2019-09";"M1";"ZAR1"  ;"0.06539"
"2019-09";"M1";"JPY100";"0.92043"
"2019-09";"M1";"AUD1"  ;"0.67046"
"2019-09";"M1";"CNY100";"13.90573"
"2019-09";"M1";"HKD100";"12.66548"
"2019-09";"M1";"KRW100";"0.08303"
"2019-09";"M1";"MYR100";"23.69991"
"2019-09";"M1";"NZD1"  ;"0.62185"
"2019-09";"M1";"SGD1"  ;"0.71814"
"2019-09";"M1";"THB100";"3.24738"
"2019-09";"M1";"XDR1"  ;"1.3585"
"2019-10";"M0";"EUR1"  ;"1.0979"
"2019-10";"M0";"GBP1"  ;"1.25433"
"2019-10";"M0";"DKK100";"14.69907"
"2019-10";"M0";"NOK100";"10.85341"
"2019-10";"M0";"CZK100";"4.27289"
"2019-10";"M0";"HUF100";"0.3311"
"2019-10";"M0";"PLN100";"25.51566"
"2019-10";"M0";"RUB1"  ;"0.01544"
"2019-10";"M0";"SEK100";"10.16586"
"2019-10";"M0";"TRY100";"17.15"
"2019-10";"M0";"USD1"  ;"0.99361"
"2019-10";"M0";"CAD1"  ;"0.75311"
"2019-10";"M0";"ARS1"  ;"0.01703"
"2019-10";"M0";"BRL100";"24.28246"
"2019-10";"M0";"MXN100";"5.13768"
"2019-10";"M0";"ZAR1"  ;"0.06663"
"2019-10";"M0";"JPY100";"0.91897"
"2019-10";"M0";"AUD1"  ;"0.67492"
"2019-10";"M0";"CNY100";"14.00003"
"2019-10";"M0";"HKD100";"12.67011"
"2019-10";"M0";"KRW100";"0.08393"
"2019-10";"M0";"MYR100";"23.72637"
"2019-10";"M0";"NZD1"  ;"0.62917"
"2019-10";"M0";"SGD1"  ;"0.72468"
"2019-10";"M0";"THB100";"3.27296"
"2019-10";"M0";"XDR1"  ;"1.36302"
"2019-10";"M0";"USD3M" ;"0.986"
"2019-10";"M0";"USD6M" ;"0.9795"
"2019-10";"M1";"EUR1"  ;"1.10187"
"2019-10";"M1";"GBP1"  ;"1.27708"
"2019-10";"M1";"DKK100";"14.74947"
"2019-10";"M1";"NOK100";"10.73211"
"2019-10";"M1";"CZK100";"4.3212"
"2019-10";"M1";"HUF100";"0.33408"
"2019-10";"M1";"PLN100";"25.85543"
"2019-10";"M1";"RUB1"  ;"0.01542"
"2019-10";"M1";"SEK100";"10.22738"
"2019-10";"M1";"TRY100";"17.27648"
"2019-10";"M1";"USD1"  ;"0.98685"
"2019-10";"M1";"CAD1"  ;"0.74906"
"2019-10";"M1";"ARS1"  ;"0.0165"
"2019-10";"M1";"BRL100";"24.74363"
"2019-10";"M1";"MXN100";"5.1531"
"2019-10";"M1";"ZAR1"  ;"0.06508"
"2019-10";"M1";"JPY100";"0.91118"
"2019-10";"M1";"AUD1"  ;"0.68024"
"2019-10";"M1";"CNY100";"14.00582"
"2019-10";"M1";"HKD100";"12.59267"
"2019-10";"M1";"KRW100";"0.08479"
"2019-10";"M1";"MYR100";"23.62807"
"2019-10";"M1";"NZD1"  ;"0.63124"
"2019-10";"M1";"SGD1"  ;"0.72456"
"2019-10";"M1";"THB100";"3.26847"
"2019-10";"M1";"XDR1"  ;"1.3619"
"2019-11";"M0";"EUR1"  ;"1.09778"
"2019-11";"M0";"GBP1"  ;"1.27973"
"2019-11";"M0";"DKK100";"14.6921"
"2019-11";"M0";"NOK100";"10.85294"
"2019-11";"M0";"CZK100";"4.29952"
"2019-11";"M0";"HUF100";"0.32911"
"2019-11";"M0";"PLN100";"25.61498"
"2019-11";"M0";"RUB1"  ;"0.01555"
"2019-11";"M0";"SEK100";"10.30513"
"2019-11";"M0";"TRY100";"17.2959"
"2019-11";"M0";"USD1"  ;"0.99306"
"2019-11";"M0";"CAD1"  ;"0.7502"
"2019-11";"M0";"ARS1"  ;"0.01664"
"2019-11";"M0";"BRL100";"23.93489"
"2019-11";"M0";"MXN100";"5.1454"
"2019-11";"M0";"ZAR1"  ;"0.06713"
"2019-11";"M0";"JPY100";"0.91219"
"2019-11";"M0";"AUD1"  ;"0.67832"
"2019-11";"M0";"CNY100";"14.14842"
"2019-11";"M0";"HKD100";"12.68511"
"2019-11";"M0";"KRW100";"0.08499"
"2019-11";"M0";"MYR100";"23.89206"
"2019-11";"M0";"NZD1"  ;"0.63591"
"2019-11";"M0";"SGD1"  ;"0.72933"
"2019-11";"M0";"THB100";"3.28394"
"2019-11";"M0";"XDR1"  ;"1.36574"
"2019-11";"M0";"USD3M" ;"0.986"
"2019-11";"M0";"USD6M" ;"0.9797"
"2019-11";"M1";"EUR1"  ;"1.10006"
"2019-11";"M1";"GBP1"  ;"1.28855"
"2019-11";"M1";"DKK100";"14.72455"
"2019-11";"M1";"NOK100";"10.87593"
"2019-11";"M1";"CZK100";"4.30646"
"2019-11";"M1";"HUF100";"0.3287"
"2019-11";"M1";"PLN100";"25.44092"
"2019-11";"M1";"RUB1"  ;"0.0156"
"2019-11";"M1";"SEK100";"10.47193"
"2019-11";"M1";"TRY100";"17.40217"
"2019-11";"M1";"USD1"  ;"0.99965"
"2019-11";"M1";"CAD1"  ;"0.75224"
"2019-11";"M1";"ARS1"  ;"0.0167"
"2019-11";"M1";"BRL100";"23.73676"
"2019-11";"M1";"MXN100";"5.14247"
"2019-11";"M1";"ZAR1"  ;"0.06833"
"2019-11";"M1";"JPY100";"0.91246"
"2019-11";"M1";"AUD1"  ;"0.67746"
"2019-11";"M1";"CNY100";"14.24145"
"2019-11";"M1";"HKD100";"12.77279"
"2019-11";"M1";"KRW100";"0.08458"
"2019-11";"M1";"MYR100";"23.92767"
"2019-11";"M1";"NZD1"  ;"0.64322"
"2019-11";"M1";"SGD1"  ;"0.73159"
"2019-11";"M1";"THB100";"3.30802"
"2019-11";"M1";"XDR1"  ;"1.3744"
"2019-12";"M0";"EUR1"  ;"1.09305"
"2019-12";"M0";"GBP1"  ;"1.29006"
"2019-12";"M0";"DKK100";"14.62927"
"2019-12";"M0";"NOK100";"10.8823"
"2019-12";"M0";"CZK100";"4.2871"
"2019-12";"M0";"HUF100";"0.33039"
"2019-12";"M0";"PLN100";"25.58311"
"2019-12";"M0";"RUB1"  ;"0.01562"
"2019-12";"M0";"SEK100";"10.42864"
"2019-12";"M0";"TRY100";"16.82328"
"2019-12";"M0";"USD1"  ;"0.98355"
"2019-12";"M0";"CAD1"  ;"0.74641"
"2019-12";"M0";"ARS1"  ;"0.01644"
"2019-12";"M0";"BRL100";"23.89135"
"2019-12";"M0";"MXN100";"5.13994"
"2019-12";"M0";"ZAR1"  ;"0.06816"
"2019-12";"M0";"JPY100";"0.90135"
"2019-12";"M0";"AUD1"  ;"0.67644"
"2019-12";"M0";"CNY100";"14.01753"
"2019-12";"M0";"HKD100";"12.59991"
"2019-12";"M0";"KRW100";"0.08367"
"2019-12";"M0";"MYR100";"23.70972"
"2019-12";"M0";"NZD1"  ;"0.64797"
"2019-12";"M0";"SGD1"  ;"0.72472"
"2019-12";"M0";"THB100";"3.25624"
"2019-12";"M0";"XDR1"  ;"1.35506"
"2019-12";"M0";"USD3M" ;"0.9765"
"2019-12";"M0";"USD6M" ;"0.9702"
"2019-12";"M1";"EUR1"  ;"1.08584"
"2019-12";"M1";"GBP1"  ;"1.27393"
"2019-12";"M1";"DKK100";"14.53403"
"2019-12";"M1";"NOK100";"11.01398"
"2019-12";"M1";"CZK100";"4.27393"
"2019-12";"M1";"HUF100";"0.32858"
"2019-12";"M1";"PLN100";"25.49502"
"2019-12";"M1";"RUB1"  ;"0.01559"
"2019-12";"M1";"SEK100";"10.38438"
"2019-12";"M1";"TRY100";"16.27393"
"2019-12";"M1";"USD1"  ;"0.96825"
"2019-12";"M1";"CAD1"  ;"0.74295"
"2019-12";"M1";"ARS1"  ;"0.0162"
"2019-12";"M1";"BRL100";"24.06726"
"2019-12";"M1";"MXN100";"5.12293"
"2019-12";"M1";"ZAR1"  ;"0.06912"
"2019-12";"M1";"JPY100";"0.89162"
"2019-12";"M1";"AUD1"  ;"0.67884"
"2019-12";"M1";"CNY100";"13.90924"
"2019-12";"M1";"HKD100";"12.43562"
"2019-12";"M1";"KRW100";"0.08377"
"2019-12";"M1";"MYR100";"23.65509"
"2019-12";"M1";"NZD1"  ;"0.65197"
"2019-12";"M1";"SGD1"  ;"0.71957"
"2019-12";"M1";"THB100";"3.25222"
"2019-12";"M1";"XDR1"  ;"1.3369"
"2020-01";"M0";"EUR1"  ;"1.07638"
"2020-01";"M0";"GBP1"  ;"1.26692"
"2020-01";"M0";"DKK100";"14.40388"
"2020-01";"M0";"NOK100";"10.82823"
"2020-01";"M0";"CZK100";"4.26998"
"2020-01";"M0";"HUF100";"0.32182"
"2020-01";"M0";"PLN100";"25.32432"
"2020-01";"M0";"RUB1"  ;"0.01567"
"2020-01";"M0";"SEK100";"10.19394"
"2020-01";"M0";"TRY100";"16.3683"
"2020-01";"M0";"USD1"  ;"0.97017"
"2020-01";"M0";"CAD1"  ;"0.74131"
"2020-01";"M0";"ARS1"  ;"0.01619"
"2020-01";"M0";"BRL100";"23.40454"
"2020-01";"M0";"MXN100";"5.15905"
"2020-01";"M0";"ZAR1"  ;"0.06725"
"2020-01";"M0";"JPY100";"0.8875"
"2020-01";"M0";"AUD1"  ;"0.66473"
"2020-01";"M0";"CNY100";"14.03277"
"2020-01";"M0";"HKD100";"12.48193"
"2020-01";"M0";"KRW100";"0.0831"
"2020-01";"M0";"MYR100";"23.79051"
"2020-01";"M0";"NZD1"  ;"0.64036"
"2020-01";"M0";"SGD1"  ;"0.71778"
"2020-01";"M0";"THB100";"3.18409"
"2020-01";"M0";"XDR1"  ;"1.3379"
"2020-01";"M0";"USD3M" ;"0.9636"
"2020-01";"M0";"USD6M" ;"0.9575"
"2020-01";"M1";"EUR1"  ;"1.06994"
"2020-01";"M1";"GBP1"  ;"1.27263"
"2020-01";"M1";"DKK100";"14.31776"
"2020-01";"M1";"NOK100";"10.51385"
"2020-01";"M1";"CZK100";"4.23953"
"2020-01";"M1";"HUF100";"0.31791"
"2020-01";"M1";"PLN100";"24.87757"
"2020-01";"M1";"RUB1"  ;"0.01533"
"2020-01";"M1";"SEK100";"10.03143"
"2020-01";"M1";"TRY100";"16.21245"
"2020-01";"M1";"USD1"  ;"0.97025"
"2020-01";"M1";"CAD1"  ;"0.73326"
"2020-01";"M1";"ARS1"  ;"0.0161"
"2020-01";"M1";"BRL100";"22.84285"
"2020-01";"M1";"MXN100";"5.15907"
"2020-01";"M1";"ZAR1"  ;"0.06529"
"2020-01";"M1";"JPY100";"0.89042"
"2020-01";"M1";"AUD1"  ;"0.64885"
"2020-01";"M1";"CNY100";"14.02866"
"2020-01";"M1";"HKD100";"12.49131"
"2020-01";"M1";"KRW100";"0.08143"
"2020-01";"M1";"MYR100";"23.67676"
"2020-01";"M1";"NZD1"  ;"0.62639"
"2020-01";"M1";"SGD1"  ;"0.7106"
"2020-01";"M1";"THB100";"3.11307"
"2020-01";"M1";"XDR1"  ;"1.3294"
"2020-02";"M0";"EUR1"  ;"1.06504"
"2020-02";"M0";"GBP1"  ;"1.26605"
"2020-02";"M0";"DKK100";"14.2549"
"2020-02";"M0";"NOK100";"10.50356"
"2020-02";"M0";"CZK100";"4.24988"
"2020-02";"M0";"HUF100";"0.3156"
"2020-02";"M0";"PLN100";"24.89281"
"2020-02";"M0";"RUB1"  ;"0.01522"
"2020-02";"M0";"SEK100";"10.07556"
"2020-02";"M0";"TRY100";"16.08833"
"2020-02";"M0";"USD1"  ;"0.97608"
"2020-02";"M0";"CAD1"  ;"0.73484"
"2020-02";"M0";"ARS1"  ;"0.01594"
"2020-02";"M0";"BRL100";"22.48709"
"2020-02";"M0";"MXN100";"5.18102"
"2020-02";"M0";"ZAR1"  ;"0.06496"
"2020-02";"M0";"JPY100";"0.8872"
"2020-02";"M0";"AUD1"  ;"0.65098"
"2020-02";"M0";"CNY100";"13.94961"
"2020-02";"M0";"HKD100";"12.55417"
"2020-02";"M0";"KRW100";"0.08167"
"2020-02";"M0";"MYR100";"23.45052"
"2020-02";"M0";"NZD1"  ;"0.62403"
"2020-02";"M0";"SGD1"  ;"0.70233"
"2020-02";"M0";"THB100";"3.11646"
"2020-02";"M0";"XDR1"  ;"1.33672"
"2020-02";"M0";"USD3M" ;"0.97"
"2020-02";"M0";"USD6M" ;"0.9642"
"2020-02";"M1";"EUR1"  ;"1.06436"
"2020-02";"M1";"GBP1"  ;"1.24404"
"2020-02";"M1";"DKK100";"14.24401"
"2020-02";"M1";"NOK100";"10.21745"
"2020-02";"M1";"CZK100";"4.17975"
"2020-02";"M1";"HUF100";"0.31315"
"2020-02";"M1";"PLN100";"24.55287"
"2020-02";"M1";"RUB1"  ;"0.01428"
"2020-02";"M1";"SEK100";"9.98374"
"2020-02";"M1";"TRY100";"15.41082"
"2020-02";"M1";"USD1"  ;"0.9637"
"2020-02";"M1";"CAD1"  ;"0.71675"
"2020-02";"M1";"ARS1"  ;"0.0155"
"2020-02";"M1";"BRL100";"21.46421"
"2020-02";"M1";"MXN100";"4.85591"
"2020-02";"M1";"ZAR1"  ;"0.06165"
"2020-02";"M1";"JPY100";"0.88677"
"2020-02";"M1";"AUD1"  ;"0.62925"
"2020-02";"M1";"CNY100";"13.79809"
"2020-02";"M1";"HKD100";"12.36337"
"2020-02";"M1";"KRW100";"0.07931"
"2020-02";"M1";"MYR100";"22.86412"
"2020-02";"M1";"NZD1"  ;"0.60251"
"2020-02";"M1";"SGD1"  ;"0.69137"
"2020-02";"M1";"THB100";"3.05365"
"2020-02";"M1";"XDR1"  ;"1.3276"
"2020-03";"M0";"EUR1"  ;"1.05902"
"2020-03";"M0";"GBP1"  ;"1.18516"
"2020-03";"M0";"DKK100";"14.1761"
"2020-03";"M0";"NOK100";"9.41136"
"2020-03";"M0";"CZK100";"3.99434"
"2020-03";"M0";"HUF100";"0.30692"
"2020-03";"M0";"PLN100";"23.87084"
"2020-03";"M0";"RUB1"  ;"0.01293"
"2020-03";"M0";"SEK100";"9.75557"
"2020-03";"M0";"TRY100";"15.1078"
"2020-03";"M0";"USD1"  ;"0.95701"
"2020-03";"M0";"CAD1"  ;"0.68807"
"2020-03";"M0";"ARS1"  ;"0.01518"
"2020-03";"M0";"BRL100";"19.72251"
"2020-03";"M0";"MXN100";"4.32082"
"2020-03";"M0";"ZAR1"  ;"0.05761"
"2020-03";"M0";"JPY100";"0.89067"
"2020-03";"M0";"AUD1"  ;"0.5969"
"2020-03";"M0";"CNY100";"13.63297"
"2020-03";"M0";"HKD100";"12.32581"
"2020-03";"M0";"KRW100";"0.07844"
"2020-03";"M0";"MYR100";"22.2707"
"2020-03";"M0";"NZD1"  ;"0.58"
"2020-03";"M0";"SGD1"  ;"0.67567"
"2020-03";"M0";"THB100";"2.98049"
"2020-03";"M0";"XDR1"  ;"1.31438"
"2020-03";"M0";"USD3M" ;"0.9517"
"2020-03";"M0";"USD6M" ;"0.948"
"2020-03";"M1";"EUR1"  ;"1.05882"
"2020-03";"M1";"GBP1"  ;"1.18728"
"2020-03";"M1";"DKK100";"14.17773"
"2020-03";"M1";"NOK100";"9.19246"
"2020-03";"M1";"CZK100";"3.87284"
"2020-03";"M1";"HUF100";"0.29492"
"2020-03";"M1";"PLN100";"23.25478"
"2020-03";"M1";"RUB1"  ;"0.01228"
"2020-03";"M1";"SEK100";"9.56892"
"2020-03";"M1";"TRY100";"14.67888"
"2020-03";"M1";"USD1"  ;"0.96405"
"2020-03";"M1";"CAD1"  ;"0.67929"
"2020-03";"M1";"ARS1"  ;"0.015"
"2020-03";"M1";"BRL100";"18.56227"
"2020-03";"M1";"MXN100";"4.02979"
"2020-03";"M1";"ZAR1"  ;"0.05361"
"2020-03";"M1";"JPY100";"0.88853"
"2020-03";"M1";"AUD1"  ;"0.5927"
"2020-03";"M1";"CNY100";"13.5908"
"2020-03";"M1";"HKD100";"12.43438"
"2020-03";"M1";"KRW100";"0.07907"
"2020-03";"M1";"MYR100";"22.36775"
"2020-03";"M1";"NZD1"  ;"0.57602"
"2020-03";"M1";"SGD1"  ;"0.67634"
"2020-03";"M1";"THB100";"2.93578"
"2020-03";"M1";"XDR1"  ;"1.3169"
"2020-04";"M0";"EUR1"  ;"1.05442"
"2020-04";"M0";"GBP1"  ;"1.20439"
"2020-04";"M0";"DKK100";"14.13143"
"2020-04";"M0";"NOK100";"9.29542"
"2020-04";"M0";"CZK100";"3.86821"
"2020-04";"M0";"HUF100";"0.29594"
"2020-04";"M0";"PLN100";"23.21129"
"2020-04";"M0";"RUB1"  ;"0.01291"
"2020-04";"M0";"SEK100";"9.68887"
"2020-04";"M0";"TRY100";"14.13949"
"2020-04";"M0";"USD1"  ;"0.97097"
"2020-04";"M0";"CAD1"  ;"0.6902"
"2020-04";"M0";"ARS1"  ;"0.01482"
"2020-04";"M0";"BRL100";"18.24955"
"2020-04";"M0";"MXN100";"3.99807"
"2020-04";"M0";"ZAR1"  ;"0.05223"
"2020-04";"M0";"JPY100";"0.9012"
"2020-04";"M0";"AUD1"  ;"0.611"
"2020-04";"M0";"CNY100";"13.72071"
"2020-04";"M0";"HKD100";"12.52634"
"2020-04";"M0";"KRW100";"0.07931"
"2020-04";"M0";"MYR100";"22.29309"
"2020-04";"M0";"NZD1"  ;"0.58247"
"2020-04";"M0";"SGD1"  ;"0.68165"
"2020-04";"M0";"THB100";"2.97611"
"2020-04";"M0";"XDR1"  ;"1.32292"
"2020-04";"M0";"USD3M" ;"0.9674"
"2020-04";"M0";"USD6M" ;"0.9642"
"2020-04";"M1";"EUR1"  ;"1.05685"
"2020-04";"M1";"GBP1"  ;"1.21127"
"2020-04";"M1";"DKK100";"14.16982"
"2020-04";"M1";"NOK100";"9.42014"
"2020-04";"M1";"CZK100";"3.89734"
"2020-04";"M1";"HUF100";"0.29939"
"2020-04";"M1";"PLN100";"23.26721"
"2020-04";"M1";"RUB1"  ;"0.01336"
"2020-04";"M1";"SEK100";"9.87995"
"2020-04";"M1";"TRY100";"13.90874"
"2020-04";"M1";"USD1"  ;"0.97115"
"2020-04";"M1";"CAD1"  ;"0.69985"
"2020-04";"M1";"ARS1"  ;"0.0146"
"2020-04";"M1";"BRL100";"18.19144"
"2020-04";"M1";"MXN100";"4.09702"
"2020-04";"M1";"ZAR1"  ;"0.05388"
"2020-04";"M1";"JPY100";"0.9103"
"2020-04";"M1";"AUD1"  ;"0.63542"
"2020-04";"M1";"CNY100";"13.76795"
"2020-04";"M1";"HKD100";"12.52919"
"2020-04";"M1";"KRW100";"0.08063"
"2020-04";"M1";"MYR100";"22.56704"
"2020-04";"M1";"NZD1"  ;"0.59434"
"2020-04";"M1";"SGD1"  ;"0.689"
"2020-04";"M1";"THB100";"3.00182"
"2020-04";"M1";"XDR1"  ;"1.3274"
"2020-05";"M0";"EUR1"  ;"1.05675"
"2020-05";"M0";"GBP1"  ;"1.19284"
"2020-05";"M0";"DKK100";"14.16988"
"2020-05";"M0";"NOK100";"9.59359"
"2020-05";"M0";"CZK100";"3.87334"
"2020-05";"M0";"HUF100";"0.30103"
"2020-05";"M0";"PLN100";"23.33323"
"2020-05";"M0";"RUB1"  ;"0.01332"
"2020-05";"M0";"SEK100";"9.96007"
"2020-05";"M0";"TRY100";"13.98901"
"2020-05";"M0";"USD1"  ;"0.97072"
"2020-05";"M0";"CAD1"  ;"0.69451"
"2020-05";"M0";"ARS1"  ;"0.01436"
"2020-05";"M0";"BRL100";"17.22675"
"2020-05";"M0";"MXN100";"4.13087"
"2020-05";"M0";"ZAR1"  ;"0.05347"
"2020-05";"M0";"JPY100";"0.9057"
"2020-05";"M0";"AUD1"  ;"0.63215"
"2020-05";"M0";"CNY100";"13.65617"
"2020-05";"M0";"HKD100";"12.52201"
"2020-05";"M0";"KRW100";"0.07896"
"2020-05";"M0";"MYR100";"22.35367"
"2020-05";"M0";"NZD1"  ;"0.59049"
"2020-05";"M0";"SGD1"  ;"0.68419"
"2020-05";"M0";"THB100";"3.02612"
"2020-05";"M0";"XDR1"  ;"1.32194"
"2020-05";"M0";"USD3M" ;"0.9675"
"2020-05";"M0";"USD6M" ;"0.9647"
"2020-05";"M1";"EUR1"  ;"1.06913"
"2020-05";"M1";"GBP1"  ;"1.18257"
"2020-05";"M1";"DKK100";"14.34292"
"2020-05";"M1";"NOK100";"9.86218"
"2020-05";"M1";"CZK100";"3.96216"
"2020-05";"M1";"HUF100";"0.30687"
"2020-05";"M1";"PLN100";"24.02633"
"2020-05";"M1";"RUB1"  ;"0.01359"
"2020-05";"M1";"SEK100";"10.16929"
"2020-05";"M1";"TRY100";"14.09674"
"2020-05";"M1";"USD1"  ;"0.96175"
"2020-05";"M1";"CAD1"  ;"0.69831"
"2020-05";"M1";"ARS1"  ;"0.01405"
"2020-05";"M1";"BRL100";"17.79009"
"2020-05";"M1";"MXN100";"4.33082"
"2020-05";"M1";"ZAR1"  ;"0.05482"
"2020-05";"M1";"JPY100";"0.89678"
"2020-05";"M1";"AUD1"  ;"0.63942"
"2020-05";"M1";"CNY100";"13.46536"
"2020-05";"M1";"HKD100";"12.40536"
"2020-05";"M1";"KRW100";"0.07776"
"2020-05";"M1";"MYR100";"22.10767"
"2020-05";"M1";"NZD1"  ;"0.59643"
"2020-05";"M1";"SGD1"  ;"0.68103"
"2020-05";"M1";"THB100";"3.02352"
"2020-05";"M1";"XDR1"  ;"1.3216"
"2020-06";"M0";"EUR1"  ;"1.07173"
"2020-06";"M0";"GBP1"  ;"1.19224"
"2020-06";"M0";"DKK100";"14.37663"
"2020-06";"M0";"NOK100";"9.99728"
"2020-06";"M0";"CZK100";"4.02055"
"2020-06";"M0";"HUF100";"0.30837"
"2020-06";"M0";"PLN100";"24.11807"
"2020-06";"M0";"RUB1"  ;"0.01374"
"2020-06";"M0";"SEK100";"10.22319"
"2020-06";"M0";"TRY100";"13.94022"
"2020-06";"M0";"USD1"  ;"0.95106"
"2020-06";"M0";"CAD1"  ;"0.70219"
"2020-06";"M0";"ARS1"  ;"0.01369"
"2020-06";"M0";"BRL100";"18.38785"
"2020-06";"M0";"MXN100";"4.27307"
"2020-06";"M0";"ZAR1"  ;"0.05563"
"2020-06";"M0";"JPY100";"0.88405"
"2020-06";"M0";"AUD1"  ;"0.65658"
"2020-06";"M0";"CNY100";"13.42799"
"2020-06";"M0";"HKD100";"12.2714"
"2020-06";"M0";"KRW100";"0.07878"
"2020-06";"M0";"MYR100";"22.25367"
"2020-06";"M0";"NZD1"  ;"0.61351"
"2020-06";"M0";"SGD1"  ;"0.68276"
"2020-06";"M0";"THB100";"3.05446"
"2020-06";"M0";"XDR1"  ;"1.31299"
"2020-06";"M0";"USD3M" ;"0.9487"
"2020-06";"M0";"USD6M" ;"0.9459"
"2020-06";"M1";"EUR1"  ;"1.06791"
"2020-06";"M1";"GBP1"  ;"1.16837"
"2020-06";"M1";"DKK100";"14.32981"
"2020-06";"M1";"NOK100";"9.77357"
"2020-06";"M1";"CZK100";"3.98323"
"2020-06";"M1";"HUF100";"0.29941"
"2020-06";"M1";"PLN100";"23.90971"
"2020-06";"M1";"RUB1"  ;"0.01347"
"2020-06";"M1";"SEK100";"10.16588"
"2020-06";"M1";"TRY100";"13.88686"
"2020-06";"M1";"USD1"  ;"0.95175"
"2020-06";"M1";"CAD1"  ;"0.69547"
"2020-06";"M1";"ARS1"  ;"0.01352"
"2020-06";"M1";"BRL100";"17.61032"
"2020-06";"M1";"MXN100";"4.11283"
"2020-06";"M1";"ZAR1"  ;"0.05493"
"2020-06";"M1";"JPY100";"0.88383"
"2020-06";"M1";"AUD1"  ;"0.65185"
"2020-06";"M1";"CNY100";"13.4542"
"2020-06";"M1";"HKD100";"12.28033"
"2020-06";"M1";"KRW100";"0.07914"
"2020-06";"M1";"MYR100";"22.22624"
"2020-06";"M1";"NZD1"  ;"0.60917"
"2020-06";"M1";"SGD1"  ;"0.68177"
"2020-06";"M1";"THB100";"3.08279"
"2020-06";"M1";"XDR1"  ;"1.3066"
"2020-07";"M0";"EUR1"  ;"1.07056"
"2020-07";"M0";"GBP1"  ;"1.18276"
"2020-07";"M0";"DKK100";"14.37678"
"2020-07";"M0";"NOK100";"10.0433"
"2020-07";"M0";"CZK100";"4.03661"
"2020-07";"M0";"HUF100";"0.30497"
"2020-07";"M0";"PLN100";"24.05507"
"2020-07";"M0";"RUB1"  ;"0.01308"
"2020-07";"M0";"SEK100";"10.33778"
"2020-07";"M0";"TRY100";"13.59488"
"2020-07";"M0";"USD1"  ;"0.93462"
"2020-07";"M0";"CAD1"  ;"0.69181"
"2020-07";"M0";"ARS1"  ;"0.0131"
"2020-07";"M0";"BRL100";"17.65137"
"2020-07";"M0";"MXN100";"4.16641"
"2020-07";"M0";"ZAR1"  ;"0.05573"
"2020-07";"M0";"JPY100";"0.87546"
"2020-07";"M0";"AUD1"  ;"0.65658"
"2020-07";"M0";"CNY100";"13.33015"
"2020-07";"M0";"HKD100";"12.05816"
"2020-07";"M0";"KRW100";"0.07796"
"2020-07";"M0";"MYR100";"21.91446"
"2020-07";"M0";"NZD1"  ;"0.6151"
"2020-07";"M0";"SGD1"  ;"0.67334"
"2020-07";"M0";"THB100";"2.97486"
"2020-07";"M0";"XDR1"  ;"1.2986"
"2020-07";"M0";"USD3M" ;"0.9321"
"2020-07";"M0";"USD6M" ;"0.9291"
"2020-07";"M1";"EUR1"  ;"1.07648"
"2020-07";"M1";"GBP1"  ;"1.19137"
"2020-07";"M1";"DKK100";"14.46116"
"2020-07";"M1";"NOK100";"10.02186"
"2020-07";"M1";"CZK100";"4.11488"
"2020-07";"M1";"HUF100";"0.31224"
"2020-07";"M1";"PLN100";"24.42492"
"2020-07";"M1";"RUB1"  ;"0.01229"
"2020-07";"M1";"SEK100";"10.46248"
"2020-07";"M1";"TRY100";"13.01316"
"2020-07";"M1";"USD1"  ;"0.90785"
"2020-07";"M1";"CAD1"  ;"0.67644"
"2020-07";"M1";"ARS1"  ;"0.01256"
"2020-07";"M1";"BRL100";"17.60252"
"2020-07";"M1";"MXN100";"4.1005"
"2020-07";"M1";"ZAR1"  ;"0.0536"
"2020-07";"M1";"JPY100";"0.86714"
"2020-07";"M1";"AUD1"  ;"0.65288"
"2020-07";"M1";"CNY100";"13.01372"
"2020-07";"M1";"HKD100";"11.71404"
"2020-07";"M1";"KRW100";"0.07622"
"2020-07";"M1";"MYR100";"21.41509"
"2020-07";"M1";"NZD1"  ;"0.60649"
"2020-07";"M1";"SGD1"  ;"0.66204"
"2020-07";"M1";"THB100";"2.90884"
"2020-07";"M1";"XDR1"  ;"1.2881"
"2020-08";"M0";"EUR1"  ;"1.07678"
"2020-08";"M0";"GBP1"  ;"1.19565"
"2020-08";"M0";"DKK100";"14.46122"
"2020-08";"M0";"NOK100";"10.16996"
"2020-08";"M0";"CZK100";"4.11513"
"2020-08";"M0";"HUF100";"0.30854"
"2020-08";"M0";"PLN100";"24.46304"
"2020-08";"M0";"RUB1"  ;"0.01233"
"2020-08";"M0";"SEK100";"10.44616"
"2020-08";"M0";"TRY100";"12.49916"
"2020-08";"M0";"USD1"  ;"0.91007"
"2020-08";"M0";"CAD1"  ;"0.68753"
"2020-08";"M0";"ARS1"  ;"0.01243"
"2020-08";"M0";"BRL100";"16.71485"
"2020-08";"M0";"MXN100";"4.09887"
"2020-08";"M0";"ZAR1"  ;"0.05277"
"2020-08";"M0";"JPY100";"0.85861"
"2020-08";"M0";"AUD1"  ;"0.65493"
"2020-08";"M0";"CNY100";"13.1368"
"2020-08";"M0";"HKD100";"11.74249"
"2020-08";"M0";"KRW100";"0.07671"
"2020-08";"M0";"MYR100";"21.73602"
"2020-08";"M0";"NZD1"  ;"0.6003"
"2020-08";"M0";"SGD1"  ;"0.66465"
"2020-08";"M0";"THB100";"2.91617"
"2020-08";"M0";"XDR1"  ;"1.28496"
"2020-08";"M0";"USD3M" ;"0.9077"
"2020-08";"M0";"USD6M" ;"0.905"
"2020-08";"M1";"EUR1"  ;"1.07537"
"2020-08";"M1";"GBP1"  ;"1.20239"
"2020-08";"M1";"DKK100";"14.44694"
"2020-08";"M1";"NOK100";"10.28389"
"2020-08";"M1";"CZK100";"4.10455"
"2020-08";"M1";"HUF100";"0.30374"
"2020-08";"M1";"PLN100";"24.45768"
"2020-08";"M1";"RUB1"  ;"0.01224"
"2020-08";"M1";"SEK100";"10.45315"
"2020-08";"M1";"TRY100";"12.30868"
"2020-08";"M1";"USD1"  ;"0.9031"
"2020-08";"M1";"CAD1"  ;"0.691"
"2020-08";"M1";"ARS1"  ;"0.01221"
"2020-08";"M1";"BRL100";"16.75137"
"2020-08";"M1";"MXN100";"4.135"
"2020-08";"M1";"ZAR1"  ;"0.05416"
"2020-08";"M1";"JPY100";"0.85291"
"2020-08";"M1";"AUD1"  ;"0.66446"
"2020-08";"M1";"CNY100";"13.18471"
"2020-08";"M1";"HKD100";"11.65275"
"2020-08";"M1";"KRW100";"0.07605"
"2020-08";"M1";"MYR100";"21.68828"
"2020-08";"M1";"NZD1"  ;"0.60797"
"2020-08";"M1";"SGD1"  ;"0.6638"
"2020-08";"M1";"THB100";"2.90013"
"2020-08";"M1";"XDR1"  ;"1.2812"
"2020-09";"M0";"EUR1"  ;"1.07837"
"2020-09";"M0";"GBP1"  ;"1.1861"
"2020-09";"M0";"DKK100";"14.49105"
"2020-09";"M0";"NOK100";"10.01625"
"2020-09";"M0";"CZK100";"4.03623"
"2020-09";"M0";"HUF100";"0.29919"
"2020-09";"M0";"PLN100";"24.11155"
"2020-09";"M0";"RUB1"  ;"0.01204"
"2020-09";"M0";"SEK100";"10.34543"
"2020-09";"M0";"TRY100";"12.10543"
"2020-09";"M0";"USD1"  ;"0.91437"
"2020-09";"M0";"CAD1"  ;"0.69199"
"2020-09";"M0";"ARS1"  ;"0.01217"
"2020-09";"M0";"BRL100";"16.95348"
"2020-09";"M0";"MXN100";"4.22318"
"2020-09";"M0";"ZAR1"  ;"0.05467"
"2020-09";"M0";"JPY100";"0.86616"
"2020-09";"M0";"AUD1"  ;"0.66159"
"2020-09";"M0";"CNY100";"13.42445"
"2020-09";"M0";"HKD100";"11.79802"
"2020-09";"M0";"KRW100";"0.07767"
"2020-09";"M0";"MYR100";"22.03616"
"2020-09";"M0";"NZD1"  ;"0.61025"
"2020-09";"M0";"SGD1"  ;"0.66964"
"2020-09";"M0";"THB100";"2.91539"
"2020-09";"M0";"XDR1"  ;"1.29238"
"2020-09";"M0";"USD3M" ;"0.9118"
"2020-09";"M0";"USD6M" ;"0.9091"
"2020-09";"M1";"EUR1"  ;"1.08069"
"2020-09";"M1";"GBP1"  ;"1.18329"
"2020-09";"M1";"DKK100";"14.51315"
"2020-09";"M1";"NOK100";"9.75811"
"2020-09";"M1";"CZK100";"3.97752"
"2020-09";"M1";"HUF100";"0.29629"
"2020-09";"M1";"PLN100";"23.87481"
"2020-09";"M1";"RUB1"  ;"0.01176"
"2020-09";"M1";"SEK100";"10.25464"
"2020-09";"M1";"TRY100";"11.88698"
"2020-09";"M1";"USD1"  ;"0.923"
"2020-09";"M1";"CAD1"  ;"0.68857"
"2020-09";"M1";"ARS1"  ;"0.01213"
"2020-09";"M1";"BRL100";"16.36815"
"2020-09";"M1";"MXN100";"4.12662"
"2020-09";"M1";"ZAR1"  ;"0.05462"
"2020-09";"M1";"JPY100";"0.8736"
"2020-09";"M1";"AUD1"  ;"0.65695"
"2020-09";"M1";"CNY100";"13.54683"
"2020-09";"M1";"HKD100";"11.90952"
"2020-09";"M1";"KRW100";"0.07888"
"2020-09";"M1";"MYR100";"22.21046"
"2020-09";"M1";"NZD1"  ;"0.60715"
"2020-09";"M1";"SGD1"  ;"0.67372"
"2020-09";"M1";"THB100";"2.91415"
"2020-09";"M1";"XDR1"  ;"1.3004"
"2020-10";"M0";"EUR1"  ;"1.07399"
"2020-10";"M0";"GBP1"  ;"1.1849"
"2020-10";"M0";"DKK100";"14.43135"
"2020-10";"M0";"NOK100";"9.8309"
"2020-10";"M0";"CZK100";"3.94606"
"2020-10";"M0";"HUF100";"0.29614"
"2020-10";"M0";"PLN100";"23.64597"
"2020-10";"M0";"RUB1"  ;"0.01175"
"2020-10";"M0";"SEK100";"10.32666"
"2020-10";"M0";"TRY100";"11.48677"
"2020-10";"M0";"USD1"  ;"0.91277"
"2020-10";"M0";"CAD1"  ;"0.69094"
"2020-10";"M0";"ARS1"  ;"0.01179"
"2020-10";"M0";"BRL100";"16.23415"
"2020-10";"M0";"MXN100";"4.28096"
"2020-10";"M0";"ZAR1"  ;"0.05544"
"2020-10";"M0";"JPY100";"0.86778"
"2020-10";"M0";"AUD1"  ;"0.65061"
"2020-10";"M0";"CNY100";"13.56803"
"2020-10";"M0";"HKD100";"11.77725"
"2020-10";"M0";"KRW100";"0.07978"
"2020-10";"M0";"MYR100";"21.98309"
"2020-10";"M0";"NZD1"  ;"0.60583"
"2020-10";"M0";"SGD1"  ;"0.67142"
"2020-10";"M0";"THB100";"2.92081"
"2020-10";"M0";"XDR1"  ;"1.28988"
"2020-10";"M0";"USD3M" ;"0.9101"
"2020-10";"M0";"USD6M" ;"0.9077"
"2020-10";"M1";"EUR1"  ;"1.06927"
"2020-10";"M1";"GBP1"  ;"1.18678"
"2020-10";"M1";"DKK100";"14.35794"
"2020-10";"M1";"NOK100";"9.60204"
"2020-10";"M1";"CZK100";"3.91529"
"2020-10";"M1";"HUF100";"0.29073"
"2020-10";"M1";"PLN100";"23.15042"
"2020-10";"M1";"RUB1"  ;"0.01158"
"2020-10";"M1";"SEK100";"10.30073"
"2020-10";"M1";"TRY100";"10.97241"
"2020-10";"M1";"USD1"  ;"0.9159"
"2020-10";"M1";"CAD1"  ;"0.68769"
"2020-10";"M1";"ARS1"  ;"0.0117"
"2020-10";"M1";"BRL100";"15.84986"
"2020-10";"M1";"MXN100";"4.29343"
"2020-10";"M1";"ZAR1"  ;"0.05623"
"2020-10";"M1";"JPY100";"0.87713"
"2020-10";"M1";"AUD1"  ;"0.64502"
"2020-10";"M1";"CNY100";"13.69632"
"2020-10";"M1";"HKD100";"11.81227"
"2020-10";"M1";"KRW100";"0.08075"
"2020-10";"M1";"MYR100";"22.04491"
"2020-10";"M1";"NZD1"  ;"0.60784"
"2020-10";"M1";"SGD1"  ;"0.67114"
"2020-10";"M1";"THB100";"2.93887"
"2020-10";"M1";"XDR1"  ;"1.2926"
"2020-11";"M0";"EUR1"  ;"1.07798"
"2020-11";"M0";"GBP1"  ;"1.20291"
"2020-11";"M0";"DKK100";"14.47698"
"2020-11";"M0";"NOK100";"10.02261"
"2020-11";"M0";"CZK100";"4.07133"
"2020-11";"M0";"HUF100";"0.29943"
"2020-11";"M0";"PLN100";"23.96187"
"2020-11";"M0";"RUB1"  ;"0.01185"
"2020-11";"M0";"SEK100";"10.5348"
"2020-11";"M0";"TRY100";"11.41188"
"2020-11";"M0";"USD1"  ;"0.91087"
"2020-11";"M0";"CAD1"  ;"0.6965"
"2020-11";"M0";"ARS1"  ;"0.01142"
"2020-11";"M0";"BRL100";"16.70825"
"2020-11";"M0";"MXN100";"4.46131"
"2020-11";"M0";"ZAR1"  ;"0.05858"
"2020-11";"M0";"JPY100";"0.87257"
"2020-11";"M0";"AUD1"  ;"0.66258"
"2020-11";"M0";"CNY100";"13.79631"
"2020-11";"M0";"HKD100";"11.74932"
"2020-11";"M0";"KRW100";"0.08169"
"2020-11";"M0";"MYR100";"22.15538"
"2020-11";"M0";"NZD1"  ;"0.62527"
"2020-11";"M0";"SGD1"  ;"0.67618"
"2020-11";"M0";"THB100";"2.99025"
"2020-11";"M0";"XDR1"  ;"1.29553"
"2020-11";"M0";"USD3M" ;"0.9082"
"2020-11";"M0";"USD6M" ;"0.9058"
"2020-11";"M1";"EUR1"  ;"1.08232"
"2020-11";"M1";"GBP1"  ;"1.20379"
"2020-11";"M1";"DKK100";"14.54466"
"2020-11";"M1";"NOK100";"10.24876"
"2020-11";"M1";"CZK100";"4.13632"
"2020-11";"M1";"HUF100";"0.30045"
"2020-11";"M1";"PLN100";"24.17162"
"2020-11";"M1";"RUB1"  ;"0.01187"
"2020-11";"M1";"SEK100";"10.66221"
"2020-11";"M1";"TRY100";"11.61319"
"2020-11";"M1";"USD1"  ;"0.9031"
"2020-11";"M1";"CAD1"  ;"0.69611"
"2020-11";"M1";"ARS1"  ;"0.01114"
"2020-11";"M1";"BRL100";"16.92784"
"2020-11";"M1";"MXN100";"4.50076"
"2020-11";"M1";"ZAR1"  ;"0.0592"
"2020-11";"M1";"JPY100";"0.86803"
"2020-11";"M1";"AUD1"  ;"0.66707"
"2020-11";"M1";"CNY100";"13.73661"
"2020-11";"M1";"HKD100";"11.65095"
"2020-11";"M1";"KRW100";"0.08166"
"2020-11";"M1";"MYR100";"22.1723"
"2020-11";"M1";"NZD1"  ;"0.63583"
"2020-11";"M1";"SGD1"  ;"0.67547"
"2020-11";"M1";"THB100";"2.98555"
"2020-11";"M1";"XDR1"  ;"1.2928"
"2020-12";"M0";"EUR1"  ;"1.08156"
"2020-12";"M0";"GBP1"  ;"1.19369"
"2020-12";"M0";"DKK100";"14.53502"
"2020-12";"M0";"NOK100";"10.20189"
"2020-12";"M0";"CZK100";"4.11161"
"2020-12";"M0";"HUF100";"0.30116"
"2020-12";"M0";"PLN100";"24.15173"
"2020-12";"M0";"RUB1"  ;"0.01198"
"2020-12";"M0";"SEK100";"10.62872"
"2020-12";"M0";"TRY100";"11.51838"
"2020-12";"M0";"USD1"  ;"0.88887"
"2020-12";"M0";"CAD1"  ;"0.69343"
"2020-12";"M0";"ARS1"  ;"0.01077"
"2020-12";"M0";"BRL100";"17.24938"
"2020-12";"M0";"MXN100";"4.45096"
"2020-12";"M0";"ZAR1"  ;"0.05962"
"2020-12";"M0";"JPY100";"0.8564"
"2020-12";"M0";"AUD1"  ;"0.66876"
"2020-12";"M0";"CNY100";"13.58844"
"2020-12";"M0";"HKD100";"11.46601"
"2020-12";"M0";"KRW100";"0.08125"
"2020-12";"M0";"MYR100";"21.91408"
"2020-12";"M0";"NZD1"  ;"0.63016"
"2020-12";"M0";"SGD1"  ;"0.66687"
"2020-12";"M0";"THB100";"2.95494"
"2020-12";"M0";"XDR1"  ;"1.27741"
"2020-12";"M0";"USD3M" ;"0.886"
"2020-12";"M0";"USD6M" ;"0.8836"
"2020-12";"M1";"EUR1"  ;"1.08216"
"2020-12";"M1";"GBP1"  ;"1.20359"
"2020-12";"M1";"DKK100";"14.54437"
"2020-12";"M1";"NOK100";"10.31814"
"2020-12";"M1";"CZK100";"4.11222"
"2020-12";"M1";"HUF100";"0.29637"
"2020-12";"M1";"PLN100";"23.47113"
"2020-12";"M1";"RUB1"  ;"0.01174"
"2020-12";"M1";"SEK100";"10.78633"
"2020-12";"M1";"TRY100";"11.76533"
"2020-12";"M1";"USD1"  ;"0.8812"
"2020-12";"M1";"CAD1"  ;"0.69114"
"2020-12";"M1";"ARS1"  ;"0.01047"
"2020-12";"M1";"BRL100";"16.96508"
"2020-12";"M1";"MXN100";"4.4338"
"2020-12";"M1";"ZAR1"  ;"0.05995"
"2020-12";"M1";"JPY100";"0.85537"
"2020-12";"M1";"AUD1"  ;"0.67874"
"2020-12";"M1";"CNY100";"13.4703"
"2020-12";"M1";"HKD100";"11.36739"
"2020-12";"M1";"KRW100";"0.0811"
"2020-12";"M1";"MYR100";"21.91931"
"2020-12";"M1";"NZD1"  ;"0.63614"
"2020-12";"M1";"SGD1"  ;"0.66636"
"2020-12";"M1";"THB100";"2.93792"
"2020-12";"M1";"XDR1"  ;"1.2682"
"2021-01";"M0";"EUR1"  ;"1.07931"
"2021-01";"M0";"GBP1"  ;"1.2092"
"2021-01";"M0";"DKK100";"14.50958"
"2021-01";"M0";"NOK100";"10.41457"
"2021-01";"M0";"CZK100";"4.12933"
"2021-01";"M0";"HUF100";"0.30062"
"2021-01";"M0";"PLN100";"23.8027"
"2021-01";"M0";"RUB1"  ;"0.01192"
"2021-01";"M0";"SEK100";"10.69221"
"2021-01";"M0";"TRY100";"11.99406"
"2021-01";"M0";"USD1"  ;"0.88663"
"2021-01";"M0";"CAD1"  ;"0.69679"
"2021-01";"M0";"ARS1"  ;"0.01033"
"2021-01";"M0";"BRL100";"16.57994"
"2021-01";"M0";"MXN100";"4.4537"
"2021-01";"M0";"ZAR1"  ;"0.05863"
"2021-01";"M0";"JPY100";"0.85465"
"2021-01";"M0";"AUD1"  ;"0.68486"
"2021-01";"M0";"CNY100";"13.70628"
"2021-01";"M0";"HKD100";"11.43635"
"2021-01";"M0";"KRW100";"0.08068"
"2021-01";"M0";"MYR100";"21.95528"
"2021-01";"M0";"NZD1"  ;"0.63784"
"2021-01";"M0";"SGD1"  ;"0.6687"
"2021-01";"M0";"THB100";"2.95486"
"2021-01";"M0";"XDR1"  ;"1.27895"
"2021-01";"M0";"USD3M" ;"0.884"
"2021-01";"M0";"USD6M" ;"0.8817"
"2021-01";"M1";"EUR1"  ;"1.07766"
"2021-01";"M1";"GBP1"  ;"1.2157"
"2021-01";"M1";"DKK100";"14.49111"
"2021-01";"M1";"NOK100";"10.38495"
"2021-01";"M1";"CZK100";"4.1396"
"2021-01";"M1";"HUF100";"0.3006"
"2021-01";"M1";"PLN100";"23.7459"
"2021-01";"M1";"RUB1"  ;"0.01167"
"2021-01";"M1";"SEK100";"10.63897"
"2021-01";"M1";"TRY100";"12.13686"
"2021-01";"M1";"USD1"  ;"0.88945"
"2021-01";"M1";"CAD1"  ;"0.69213"
"2021-01";"M1";"ARS1"  ;"0.0102"
"2021-01";"M1";"BRL100";"16.35169"
"2021-01";"M1";"MXN100";"4.39567"
"2021-01";"M1";"ZAR1"  ;"0.05876"
"2021-01";"M1";"JPY100";"0.84819"
"2021-01";"M1";"AUD1"  ;"0.67994"
"2021-01";"M1";"CNY100";"13.80083"
"2021-01";"M1";"HKD100";"11.47263"
"2021-01";"M1";"KRW100";"0.07952"
"2021-01";"M1";"MYR100";"22.01554"
"2021-01";"M1";"NZD1"  ;"0.63725"
"2021-01";"M1";"SGD1"  ;"0.66861"
"2021-01";"M1";"THB100";"2.97177"
"2021-01";"M1";"XDR1"  ;"1.28"
"2021-02";"M0";"EUR1"  ;"1.08554"
"2021-02";"M0";"GBP1"  ;"1.24399"
"2021-02";"M0";"DKK100";"14.59703"
"2021-02";"M0";"NOK100";"10.56249"
"2021-02";"M0";"CZK100";"4.19592"
"2021-02";"M0";"HUF100";"0.30307"
"2021-02";"M0";"PLN100";"24.13525"
"2021-02";"M0";"RUB1"  ;"0.01207"
"2021-02";"M0";"SEK100";"10.76438"
"2021-02";"M0";"TRY100";"12.67175"
"2021-02";"M0";"USD1"  ;"0.89725"
"2021-02";"M0";"CAD1"  ;"0.70691"
"2021-02";"M0";"ARS1"  ;"0.01013"
"2021-02";"M0";"BRL100";"16.58829"
"2021-02";"M0";"MXN100";"4.4258"
"2021-02";"M0";"ZAR1"  ;"0.06081"
"2021-02";"M0";"JPY100";"0.8516"
"2021-02";"M0";"AUD1"  ;"0.69602"
"2021-02";"M0";"CNY100";"13.89589"
"2021-02";"M0";"HKD100";"11.57295"
"2021-02";"M0";"KRW100";"0.08073"
"2021-02";"M0";"MYR100";"22.17867"
"2021-02";"M0";"NZD1"  ;"0.65021"
"2021-02";"M0";"SGD1"  ;"0.67603"
"2021-02";"M0";"THB100";"2.99003"
"2021-02";"M0";"XDR1"  ;"1.29246"
"2021-02";"M0";"USD3M" ;"0.895"
"2021-02";"M0";"USD6M" ;"0.8927"
"2021-02";"M1";"EUR1"  ;"1.09633"
"2021-02";"M1";"GBP1"  ;"1.26048"
"2021-02";"M1";"DKK100";"14.74322"
"2021-02";"M1";"NOK100";"10.60102"
"2021-02";"M1";"CZK100";"4.19254"
"2021-02";"M1";"HUF100";"0.30369"
"2021-02";"M1";"PLN100";"24.26727"
"2021-02";"M1";"RUB1"  ;"0.01212"
"2021-02";"M1";"SEK100";"10.84724"
"2021-02";"M1";"TRY100";"12.28598"
"2021-02";"M1";"USD1"  ;"0.90415"
"2021-02";"M1";"CAD1"  ;"0.71653"
"2021-02";"M1";"ARS1"  ;"0.01007"
"2021-02";"M1";"BRL100";"16.38279"
"2021-02";"M1";"MXN100";"4.31845"
"2021-02";"M1";"ZAR1"  ;"0.06054"
"2021-02";"M1";"JPY100";"0.84965"
"2021-02";"M1";"AUD1"  ;"0.70623"
"2021-02";"M1";"CNY100";"13.98855"
"2021-02";"M1";"HKD100";"11.65562"
"2021-02";"M1";"KRW100";"0.08047"
"2021-02";"M1";"MYR100";"22.32524"
"2021-02";"M1";"NZD1"  ;"0.66206"
"2021-02";"M1";"SGD1"  ;"0.68073"
"2021-02";"M1";"THB100";"2.97937"
"2021-02";"M1";"XDR1"  ;"1.3035"
"2021-03";"M0";"EUR1"  ;"1.10624"
"2021-03";"M0";"GBP1"  ;"1.28826"
"2021-03";"M0";"DKK100";"14.87645"
"2021-03";"M0";"NOK100";"10.90131"
"2021-03";"M0";"CZK100";"4.22369"
"2021-03";"M0";"HUF100";"0.30249"
"2021-03";"M0";"PLN100";"24.05762"
"2021-03";"M0";"RUB1"  ;"0.01248"
"2021-03";"M0";"SEK100";"10.87807"
"2021-03";"M0";"TRY100";"12.11563"
"2021-03";"M0";"USD1"  ;"0.92945"
"2021-03";"M0";"CAD1"  ;"0.73898"
"2021-03";"M0";"ARS1"  ;"0.01021"
"2021-03";"M0";"BRL100";"16.47986"
"2021-03";"M0";"MXN100";"4.4692"
"2021-03";"M0";"ZAR1"  ;"0.06201"
"2021-03";"M0";"JPY100";"0.85509"
"2021-03";"M0";"AUD1"  ;"0.71622"
"2021-03";"M0";"CNY100";"14.27819"
"2021-03";"M0";"HKD100";"11.96933"
"2021-03";"M0";"KRW100";"0.0822"
"2021-03";"M0";"MYR100";"22.61039"
"2021-03";"M0";"NZD1"  ;"0.66308"
"2021-03";"M0";"SGD1"  ;"0.69227"
"2021-03";"M0";"THB100";"3.01906"
"2021-03";"M0";"XDR1"  ;"1.3275"
"2021-03";"M0";"USD3M" ;"0.927"
"2021-03";"M0";"USD6M" ;"0.9246"
"2021-03";"M1";"EUR1"  ;"1.10646"
"2021-03";"M1";"GBP1"  ;"1.29787"
"2021-03";"M1";"DKK100";"14.87697"
"2021-03";"M1";"NOK100";"11.05536"
"2021-03";"M1";"CZK100";"4.23386"
"2021-03";"M1";"HUF100";"0.30423"
"2021-03";"M1";"PLN100";"23.73806"
"2021-03";"M1";"RUB1"  ;"0.01247"
"2021-03";"M1";"SEK100";"10.81682"
"2021-03";"M1";"TRY100";"11.30222"
"2021-03";"M1";"USD1"  ;"0.94195"
"2021-03";"M1";"CAD1"  ;"0.74785"
"2021-03";"M1";"ARS1"  ;"0.01024"
"2021-03";"M1";"BRL100";"16.31223"
"2021-03";"M1";"MXN100";"4.58828"
"2021-03";"M1";"ZAR1"  ;"0.06367"
"2021-03";"M1";"JPY100";"0.85217"
"2021-03";"M1";"AUD1"  ;"0.71772"
"2021-03";"M1";"CNY100";"14.37236"
"2021-03";"M1";"HKD100";"12.11698"
"2021-03";"M1";"KRW100";"0.08322"
"2021-03";"M1";"MYR100";"22.71784"
"2021-03";"M1";"NZD1"  ;"0.65889"
"2021-03";"M1";"SGD1"  ;"0.70075"
"2021-03";"M1";"THB100";"3.00885"
"2021-03";"M1";"XDR1"  ;"1.3344"
"2021-04";"M0";"EUR1"  ;"1.10326"
"2021-04";"M0";"GBP1"  ;"1.27488"
"2021-04";"M0";"DKK100";"14.83537"
"2021-04";"M0";"NOK100";"10.98858"
"2021-04";"M0";"CZK100";"4.25505"
"2021-04";"M0";"HUF100";"0.30578"
"2021-04";"M0";"PLN100";"24.16934"
"2021-04";"M0";"RUB1"  ;"0.01211"
"2021-04";"M0";"SEK100";"10.85842"
"2021-04";"M0";"TRY100";"11.27475"
"2021-04";"M0";"USD1"  ;"0.92125"
"2021-04";"M0";"CAD1"  ;"0.73686"
"2021-04";"M0";"ARS1"  ;"0.00993"
"2021-04";"M0";"BRL100";"16.56554"
"2021-04";"M0";"MXN100";"4.59498"
"2021-04";"M0";"ZAR1"  ;"0.06395"
"2021-04";"M0";"JPY100";"0.84553"
"2021-04";"M0";"AUD1"  ;"0.70973"
"2021-04";"M0";"CNY100";"14.13592"
"2021-04";"M0";"HKD100";"11.85796"
"2021-04";"M0";"KRW100";"0.08246"
"2021-04";"M0";"MYR100";"22.35603"
"2021-04";"M0";"NZD1"  ;"0.65705"
"2021-04";"M0";"SGD1"  ;"0.69067"
"2021-04";"M0";"THB100";"2.93898"
"2021-04";"M0";"XDR1"  ;"1.31872"
"2021-04";"M0";"USD3M" ;"0.9207"
"2021-04";"M0";"USD6M" ;"0.9183"
"2021-04";"M1";"EUR1"  ;"1.10003"
"2021-04";"M1";"GBP1"  ;"1.26473"
"2021-04";"M1";"DKK100";"14.79394"
"2021-04";"M1";"NOK100";"11.05634"
"2021-04";"M1";"CZK100";"4.25386"
"2021-04";"M1";"HUF100";"0.30588"
"2021-04";"M1";"PLN100";"24.09394"
"2021-04";"M1";"RUB1"  ;"0.01213"
"2021-04";"M1";"SEK100";"10.82356"
"2021-04";"M1";"TRY100";"11.05056"
"2021-04";"M1";"USD1"  ;"0.90945"
"2021-04";"M1";"CAD1"  ;"0.74093"
"2021-04";"M1";"ARS1"  ;"0.00973"
"2021-04";"M1";"BRL100";"17.01688"
"2021-04";"M1";"MXN100";"4.52645"
"2021-04";"M1";"ZAR1"  ;"0.06311"
"2021-04";"M1";"JPY100";"0.83509"
"2021-04";"M1";"AUD1"  ;"0.70655"
"2021-04";"M1";"CNY100";"14.0612"
"2021-04";"M1";"HKD100";"11.71292"
"2021-04";"M1";"KRW100";"0.08177"
"2021-04";"M1";"MYR100";"22.15739"
"2021-04";"M1";"NZD1"  ;"0.65794"
"2021-04";"M1";"SGD1"  ;"0.68498"
"2021-04";"M1";"THB100";"2.91836"
"2021-04";"M1";"XDR1"  ;"1.3074"
"2021-05";"M0";"EUR1"  ;"1.09679"
"2021-05";"M0";"GBP1"  ;"1.27102"
"2021-05";"M0";"DKK100";"14.74952"
"2021-05";"M0";"NOK100";"10.8777"
"2021-05";"M0";"CZK100";"4.28878"
"2021-05";"M0";"HUF100";"0.30983"
"2021-05";"M0";"PLN100";"24.2087"
"2021-05";"M0";"RUB1"  ;"0.0122"
"2021-05";"M0";"SEK100";"10.81189"
"2021-05";"M0";"TRY100";"10.78434"
"2021-05";"M0";"USD1"  ;"0.90282"
"2021-05";"M0";"CAD1"  ;"0.74392"
"2021-05";"M0";"ARS1"  ;"0.0096"
"2021-05";"M0";"BRL100";"17.02507"
"2021-05";"M0";"MXN100";"4.51997"
"2021-05";"M0";"ZAR1"  ;"0.06419"
"2021-05";"M0";"JPY100";"0.82732"
"2021-05";"M0";"AUD1"  ;"0.70088"
"2021-05";"M0";"CNY100";"14.0439"
"2021-05";"M0";"HKD100";"11.62675"
"2021-05";"M0";"KRW100";"0.08039"
"2021-05";"M0";"MYR100";"21.87165"
"2021-05";"M0";"NZD1"  ;"0.65228"
"2021-05";"M0";"SGD1"  ;"0.67893"
"2021-05";"M0";"THB100";"2.88732"
"2021-05";"M0";"XDR1"  ;"1.30051"
"2021-05";"M0";"USD3M" ;"0.9006"
"2021-05";"M0";"USD6M" ;"0.8985"
"2021-05";"M1";"EUR1"  ;"1.09774"
"2021-05";"M1";"GBP1"  ;"1.27502"
"2021-05";"M1";"DKK100";"14.76105"
"2021-05";"M1";"NOK100";"10.75856"
"2021-05";"M1";"CZK100";"4.30498"
"2021-05";"M1";"HUF100";"0.31521"
"2021-05";"M1";"PLN100";"24.49907"
"2021-05";"M1";"RUB1"  ;"0.01227"
"2021-05";"M1";"SEK100";"10.84348"
"2021-05";"M1";"TRY100";"10.61716"
"2021-05";"M1";"USD1"  ;"0.8999"
"2021-05";"M1";"CAD1"  ;"0.74566"
"2021-05";"M1";"ARS1"  ;"0.00952"
"2021-05";"M1";"BRL100";"17.22099"
"2021-05";"M1";"MXN100";"4.51469"
"2021-05";"M1";"ZAR1"  ;"0.06551"
"2021-05";"M1";"JPY100";"0.82048"
"2021-05";"M1";"AUD1"  ;"0.69621"
"2021-05";"M1";"CNY100";"14.13914"
"2021-05";"M1";"HKD100";"11.59605"
"2021-05";"M1";"KRW100";"0.08099"
"2021-05";"M1";"MYR100";"21.7904"
"2021-05";"M1";"NZD1"  ;"0.65324"
"2021-05";"M1";"SGD1"  ;"0.68081"
"2021-05";"M1";"THB100";"2.88162"
"2021-05";"M1";"XDR1"  ;"1.2997"
"2021-06";"M0";"EUR1"  ;"1.09398"
"2021-06";"M0";"GBP1"  ;"1.27357"
"2021-06";"M0";"DKK100";"14.71126"
"2021-06";"M0";"NOK100";"10.78565"
"2021-06";"M0";"CZK100";"4.29922"
"2021-06";"M0";"HUF100";"0.31283"
"2021-06";"M0";"PLN100";"24.30604"
"2021-06";"M0";"RUB1"  ;"0.01251"
"2021-06";"M0";"SEK100";"10.81675"
"2021-06";"M0";"TRY100";"10.53531"
"2021-06";"M0";"USD1"  ;"0.9079"
"2021-06";"M0";"CAD1"  ;"0.74305"
"2021-06";"M0";"ARS1"  ;"0.00954"
"2021-06";"M0";"BRL100";"18.02775"
"2021-06";"M0";"MXN100";"4.53609"
"2021-06";"M0";"ZAR1"  ;"0.06526"
"2021-06";"M0";"JPY100";"0.82468"
"2021-06";"M0";"AUD1"  ;"0.69401"
"2021-06";"M0";"CNY100";"14.13304"
"2021-06";"M0";"HKD100";"11.69718"
"2021-06";"M0";"KRW100";"0.08092"
"2021-06";"M0";"MYR100";"21.95766"
"2021-06";"M0";"NZD1"  ;"0.6457"
"2021-06";"M0";"SGD1"  ;"0.68088"
"2021-06";"M0";"THB100";"2.8879"
"2021-06";"M0";"XDR1"  ;"1.30273"
"2021-06";"M0";"USD3M" ;"0.9057"
"2021-06";"M0";"USD6M" ;"0.9035"
"2021-06";"M1";"EUR1"  ;"1.09701"
"2021-06";"M1";"GBP1"  ;"1.27697"
"2021-06";"M1";"DKK100";"14.75283"
"2021-06";"M1";"NOK100";"10.75842"
"2021-06";"M1";"CZK100";"4.30489"
"2021-06";"M1";"HUF100";"0.31184"
"2021-06";"M1";"PLN100";"24.26832"
"2021-06";"M1";"RUB1"  ;"0.01261"
"2021-06";"M1";"SEK100";"10.84183"
"2021-06";"M1";"TRY100";"10.61122"
"2021-06";"M1";"USD1"  ;"0.9229"
"2021-06";"M1";"CAD1"  ;"0.74311"
"2021-06";"M1";"ARS1"  ;"0.00964"
"2021-06";"M1";"BRL100";"18.62713"
"2021-06";"M1";"MXN100";"4.652"
"2021-06";"M1";"ZAR1"  ;"0.06439"
"2021-06";"M1";"JPY100";"0.83551"
"2021-06";"M1";"AUD1"  ;"0.69213"
"2021-06";"M1";"CNY100";"14.28682"
"2021-06";"M1";"HKD100";"11.886"
"2021-06";"M1";"KRW100";"0.08195"
"2021-06";"M1";"MYR100";"22.2241"
"2021-06";"M1";"NZD1"  ;"0.64414"
"2021-06";"M1";"SGD1"  ;"0.68622"
"2021-06";"M1";"THB100";"2.87813"
"2021-06";"M1";"XDR1"  ;"1.3179"
"2021-07";"M0";"EUR1"  ;"1.0854"
"2021-07";"M0";"GBP1"  ;"1.26725"
"2021-07";"M0";"DKK100";"14.59438"
"2021-07";"M0";"NOK100";"10.45764"
"2021-07";"M0";"CZK100";"4.23432"
"2021-07";"M0";"HUF100";"0.30378"
"2021-07";"M0";"PLN100";"23.78405"
"2021-07";"M0";"RUB1"  ;"0.01242"
"2021-07";"M0";"SEK100";"10.64391"
"2021-07";"M0";"TRY100";"10.66861"
"2021-07";"M0";"USD1"  ;"0.91801"
"2021-07";"M0";"CAD1"  ;"0.73309"
"2021-07";"M0";"ARS1"  ;"0.00955"
"2021-07";"M0";"BRL100";"17.8162"
"2021-07";"M0";"MXN100";"4.59495"
"2021-07";"M0";"ZAR1"  ;"0.06321"
"2021-07";"M0";"JPY100";"0.83257"
"2021-07";"M0";"AUD1"  ;"0.68158"
"2021-07";"M0";"CNY100";"14.18181"
"2021-07";"M0";"HKD100";"11.81348"
"2021-07";"M0";"KRW100";"0.08018"
"2021-07";"M0";"MYR100";"21.84979"
"2021-07";"M0";"NZD1"  ;"0.64108"
"2021-07";"M0";"SGD1"  ;"0.67758"
"2021-07";"M0";"THB100";"2.81308"
"2021-07";"M0";"XDR1"  ;"1.30625"
"2021-07";"M0";"USD3M" ;"0.9158"
"2021-07";"M0";"USD6M" ;"0.9132"
"2021-07";"M1";"EUR1"  ;"1.07739"
"2021-07";"M1";"GBP1"  ;"1.26506"
"2021-07";"M1";"DKK100";"14.48589"
"2021-07";"M1";"NOK100";"10.33762"
"2021-07";"M1";"CZK100";"4.23037"
"2021-07";"M1";"HUF100";"0.30124"
"2021-07";"M1";"PLN100";"23.5654"
"2021-07";"M1";"RUB1"  ;"0.0124"
"2021-07";"M1";"SEK100";"10.5908"
"2021-07";"M1";"TRY100";"10.75183"
"2021-07";"M1";"USD1"  ;"0.9051"
"2021-07";"M1";"CAD1"  ;"0.72816"
"2021-07";"M1";"ARS1"  ;"0.00937"
"2021-07";"M1";"BRL100";"17.81342"
"2021-07";"M1";"MXN100";"4.55619"
"2021-07";"M1";"ZAR1"  ;"0.06218"
"2021-07";"M1";"JPY100";"0.82654"
"2021-07";"M1";"AUD1"  ;"0.66973"
"2021-07";"M1";"CNY100";"14.02017"
"2021-07";"M1";"HKD100";"11.6449"
"2021-07";"M1";"KRW100";"0.0787"
"2021-07";"M1";"MYR100";"21.41488"
"2021-07";"M1";"NZD1"  ;"0.63511"
"2021-07";"M1";"SGD1"  ;"0.6696"
"2021-07";"M1";"THB100";"2.75466"
"2021-07";"M1";"XDR1"  ;"1.2943"
"2021-08";"M0";"EUR1"  ;"1.07602"
"2021-08";"M0";"GBP1"  ;"1.26153"
"2021-08";"M0";"DKK100";"14.46858"
"2021-08";"M0";"NOK100";"10.32178"
"2021-08";"M0";"CZK100";"4.22482"
"2021-08";"M0";"HUF100";"0.30582"
"2021-08";"M0";"PLN100";"23.55002"
"2021-08";"M0";"RUB1"  ;"0.01243"
"2021-08";"M0";"SEK100";"10.53222"
"2021-08";"M0";"TRY100";"10.78453"
"2021-08";"M0";"USD1"  ;"0.91421"
"2021-08";"M0";"CAD1"  ;"0.72575"
"2021-08";"M0";"ARS1"  ;"0.00941"
"2021-08";"M0";"BRL100";"17.39887"
"2021-08";"M0";"MXN100";"4.55599"
"2021-08";"M0";"ZAR1"  ;"0.06186"
"2021-08";"M0";"JPY100";"0.83228"
"2021-08";"M0";"AUD1"  ;"0.66746"
"2021-08";"M0";"CNY100";"14.11566"
"2021-08";"M0";"HKD100";"11.74486"
"2021-08";"M0";"KRW100";"0.07874"
"2021-08";"M0";"MYR100";"21.67136"
"2021-08";"M0";"NZD1"  ;"0.63756"
"2021-08";"M0";"SGD1"  ;"0.67467"
"2021-08";"M0";"THB100";"2.76201"
"2021-08";"M0";"XDR1"  ;"1.29987"
"2021-08";"M0";"USD3M" ;"0.912"
"2021-08";"M0";"USD6M" ;"0.9096"
"2021-08";"M1";"EUR1"  ;"1.08102"
"2021-08";"M1";"GBP1"  ;"1.25933"
"2021-08";"M1";"DKK100";"14.53746"
"2021-08";"M1";"NOK100";"10.56069"
"2021-08";"M1";"CZK100";"4.23231"
"2021-08";"M1";"HUF100";"0.31014"
"2021-08";"M1";"PLN100";"23.82125"
"2021-08";"M1";"RUB1"  ;"0.01248"
"2021-08";"M1";"SEK100";"10.63252"
"2021-08";"M1";"TRY100";"10.99931"
"2021-08";"M1";"USD1"  ;"0.91445"
"2021-08";"M1";"CAD1"  ;"0.7263"
"2021-08";"M1";"ARS1"  ;"0.00936"
"2021-08";"M1";"BRL100";"17.63509"
"2021-08";"M1";"MXN100";"4.54889"
"2021-08";"M1";"ZAR1"  ;"0.0629"
"2021-08";"M1";"JPY100";"0.83204"
"2021-08";"M1";"AUD1"  ;"0.67015"
"2021-08";"M1";"CNY100";"14.149"
"2021-08";"M1";"HKD100";"11.75084"
"2021-08";"M1";"KRW100";"0.07887"
"2021-08";"M1";"MYR100";"22.00736"
"2021-08";"M1";"NZD1"  ;"0.6451"
"2021-08";"M1";"SGD1"  ;"0.68029"
"2021-08";"M1";"THB100";"2.83436"
"2021-08";"M1";"XDR1"  ;"1.2997"
"2021-09";"M0";"EUR1"  ;"1.08595"
"2021-09";"M0";"GBP1"  ;"1.26734"
"2021-09";"M0";"DKK100";"14.60398"
"2021-09";"M0";"NOK100";"10.65417"
"2021-09";"M0";"CZK100";"4.27845"
"2021-09";"M0";"HUF100";"0.30827"
"2021-09";"M0";"PLN100";"23.77532"
"2021-09";"M0";"RUB1"  ;"0.01265"
"2021-09";"M0";"SEK100";"10.67276"
"2021-09";"M0";"TRY100";"10.7955"
"2021-09";"M0";"USD1"  ;"0.92233"
"2021-09";"M0";"CAD1"  ;"0.72861"
"2021-09";"M0";"ARS1"  ;"0.00939"
"2021-09";"M0";"BRL100";"17.52316"
"2021-09";"M0";"MXN100";"4.60592"
"2021-09";"M0";"ZAR1"  ;"0.06338"
"2021-09";"M0";"JPY100";"0.83728"
"2021-09";"M0";"AUD1"  ;"0.67549"
"2021-09";"M0";"CNY100";"14.28441"
"2021-09";"M0";"HKD100";"11.85431"
"2021-09";"M0";"KRW100";"0.07867"
"2021-09";"M0";"MYR100";"22.13273"
"2021-09";"M0";"NZD1"  ;"0.65154"
"2021-09";"M0";"SGD1"  ;"0.68449"
"2021-09";"M0";"THB100";"2.79031"
"2021-09";"M0";"XDR1"  ;"1.31085"
"2021-09";"M0";"USD3M" ;"0.9202"
"2021-09";"M0";"USD6M" ;"0.9178"
"2021-09";"M1";"EUR1"  ;"1.08444"
"2021-09";"M1";"GBP1"  ;"1.25578"
"2021-09";"M1";"DKK100";"14.58322"
"2021-09";"M1";"NOK100";"10.60618"
"2021-09";"M1";"CZK100";"4.24979"
"2021-09";"M1";"HUF100";"0.30086"
"2021-09";"M1";"PLN100";"23.40697"
"2021-09";"M1";"RUB1"  ;"0.01286"
"2021-09";"M1";"SEK100";"10.63491"
"2021-09";"M1";"TRY100";"10.51418"
"2021-09";"M1";"USD1"  ;"0.9345"
"2021-09";"M1";"CAD1"  ;"0.73464"
"2021-09";"M1";"ARS1"  ;"0.00947"
"2021-09";"M1";"BRL100";"17.25857"
"2021-09";"M1";"MXN100";"4.56268"
"2021-09";"M1";"ZAR1"  ;"0.06165"
"2021-09";"M1";"JPY100";"0.83486"
"2021-09";"M1";"AUD1"  ;"0.67312"
"2021-09";"M1";"CNY100";"14.46012"
"2021-09";"M1";"HKD100";"11.99923"
"2021-09";"M1";"KRW100";"0.07894"
"2021-09";"M1";"MYR100";"22.31162"
"2021-09";"M1";"NZD1"  ;"0.64214"
"2021-09";"M1";"SGD1"  ;"0.68678"
"2021-09";"M1";"THB100";"2.76038"
"2021-09";"M1";"XDR1"  ;"1.3175"
"2021-10";"M0";"EUR1"  ;"1.07137"
"2021-10";"M0";"GBP1"  ;"1.26398"
"2021-10";"M0";"DKK100";"14.40046"
"2021-10";"M0";"NOK100";"10.90088"
"2021-10";"M0";"CZK100";"4.2023"
"2021-10";"M0";"HUF100";"0.29682"
"2021-10";"M0";"PLN100";"23.32327"
"2021-10";"M0";"RUB1"  ;"0.01294"
"2021-10";"M0";"SEK100";"10.64842"
"2021-10";"M0";"TRY100";"10.04283"
"2021-10";"M0";"USD1"  ;"0.92356"
"2021-10";"M0";"CAD1"  ;"0.74204"
"2021-10";"M0";"ARS1"  ;"0.00931"
"2021-10";"M0";"BRL100";"16.70066"
"2021-10";"M0";"MXN100";"4.51115"
"2021-10";"M0";"ZAR1"  ;"0.06218"
"2021-10";"M0";"JPY100";"0.81663"
"2021-10";"M0";"AUD1"  ;"0.68326"
"2021-10";"M0";"CNY100";"14.38428"
"2021-10";"M0";"HKD100";"11.87079"
"2021-10";"M0";"KRW100";"0.0781"
"2021-10";"M0";"MYR100";"22.18013"
"2021-10";"M0";"NZD1"  ;"0.65092"
"2021-10";"M0";"SGD1"  ;"0.6836"
"2021-10";"M0";"THB100";"2.76053"
"2021-10";"M0";"XDR1"  ;"1.30324"
"2021-10";"M0";"USD3M" ;"0.921"
"2021-10";"M0";"USD6M" ;"0.9188"
"2021-10";"M1";"EUR1"  ;"1.06223"
"2021-10";"M1";"GBP1"  ;"1.25562"
"2021-10";"M1";"DKK100";"14.27967"
"2021-10";"M1";"NOK100";"10.88774"
"2021-10";"M1";"CZK100";"4.13537"
"2021-10";"M1";"HUF100";"0.29439"
"2021-10";"M1";"PLN100";"22.98684"
"2021-10";"M1";"RUB1"  ;"0.01293"
"2021-10";"M1";"SEK100";"10.6766"
"2021-10";"M1";"TRY100";"9.49522"
"2021-10";"M1";"USD1"  ;"0.91175"
"2021-10";"M1";"CAD1"  ;"0.73778"
"2021-10";"M1";"ARS1"  ;"0.00915"
"2021-10";"M1";"BRL100";"16.1466"
"2021-10";"M1";"MXN100";"4.45054"
"2021-10";"M1";"ZAR1"  ;"0.05967"
"2021-10";"M1";"JPY100";"0.80179"
"2021-10";"M1";"AUD1"  ;"0.68696"
"2021-10";"M1";"CNY100";"14.25188"
"2021-10";"M1";"HKD100";"11.72639"
"2021-10";"M1";"KRW100";"0.07803"
"2021-10";"M1";"MYR100";"22.00859"
"2021-10";"M1";"NZD1"  ;"0.65459"
"2021-10";"M1";"SGD1"  ;"0.67758"
"2021-10";"M1";"THB100";"2.7459"
"2021-10";"M1";"XDR1"  ;"1.2912"
"2021-11";"M0";"EUR1"  ;"1.05217"
"2021-11";"M0";"GBP1"  ;"1.24082"
"2021-11";"M0";"DKK100";"14.14731"
"2021-11";"M0";"NOK100";"10.56299"
"2021-11";"M0";"CZK100";"4.14278"
"2021-11";"M0";"HUF100";"0.28869"
"2021-11";"M0";"PLN100";"22.63431"
"2021-11";"M0";"RUB1"  ;"0.01266"
"2021-11";"M0";"SEK100";"10.47546"
"2021-11";"M0";"TRY100";"8.70018"
"2021-11";"M0";"USD1"  ;"0.92184"
"2021-11";"M0";"CAD1"  ;"0.73375"
"2021-11";"M0";"ARS1"  ;"0.00919"
"2021-11";"M0";"BRL100";"16.58544"
"2021-11";"M0";"MXN100";"4.41642"
"2021-11";"M0";"ZAR1"  ;"0.05941"
"2021-11";"M0";"JPY100";"0.80879"
"2021-11";"M0";"AUD1"  ;"0.67368"
"2021-11";"M0";"CNY100";"14.4293"
"2021-11";"M0";"HKD100";"11.8332"
"2021-11";"M0";"KRW100";"0.0779"
"2021-11";"M0";"MYR100";"22.06395"
"2021-11";"M0";"NZD1"  ;"0.64708"
"2021-11";"M0";"SGD1"  ;"0.67931"
"2021-11";"M0";"THB100";"2.78574"
"2021-11";"M0";"XDR1"  ;"1.29376"
"2021-11";"M0";"USD3M" ;"0.9191"
"2021-11";"M0";"USD6M" ;"0.9167"
"2021-11";"M1";"EUR1"  ;"1.04336"
"2021-11";"M1";"GBP1"  ;"1.22701"
"2021-11";"M1";"DKK100";"14.02958"
"2021-11";"M1";"NOK100";"10.14293"
"2021-11";"M1";"CZK100";"4.08002"
"2021-11";"M1";"HUF100";"0.28452"
"2021-11";"M1";"PLN100";"22.27627"
"2021-11";"M1";"RUB1"  ;"0.01228"
"2021-11";"M1";"SEK100";"10.15966"
"2021-11";"M1";"TRY100";"7.06618"
"2021-11";"M1";"USD1"  ;"0.91825"
"2021-11";"M1";"CAD1"  ;"0.71797"
"2021-11";"M1";"ARS1"  ;"0.0091"
"2021-11";"M1";"BRL100";"16.37714"
"2021-11";"M1";"MXN100";"4.22816"
"2021-11";"M1";"ZAR1"  ;"0.05692"
"2021-11";"M1";"JPY100";"0.81365"
"2021-11";"M1";"AUD1"  ;"0.65416"
"2021-11";"M1";"CNY100";"14.41364"
"2021-11";"M1";"HKD100";"11.77621"
"2021-11";"M1";"KRW100";"0.07732"
"2021-11";"M1";"MYR100";"21.84333"
"2021-11";"M1";"NZD1"  ;"0.62657"
"2021-11";"M1";"SGD1"  ;"0.67173"
"2021-11";"M1";"THB100";"2.7251"
"2021-11";"M1";"XDR1"  ;"1.2833"
"2021-12";"M0";"EUR1"  ;"1.04078"
"2021-12";"M0";"GBP1"  ;"1.2259"
"2021-12";"M0";"DKK100";"13.99625"
"2021-12";"M0";"NOK100";"10.26689"
"2021-12";"M0";"CZK100";"4.12174"
"2021-12";"M0";"HUF100";"0.2833"
"2021-12";"M0";"PLN100";"22.5478"
"2021-12";"M0";"RUB1"  ;"0.01248"
"2021-12";"M0";"SEK100";"10.13557"
"2021-12";"M0";"TRY100";"6.86317"
"2021-12";"M0";"USD1"  ;"0.9209"
"2021-12";"M0";"CAD1"  ;"0.71976"
"2021-12";"M0";"ARS1"  ;"0.00904"
"2021-12";"M0";"BRL100";"16.28731"
"2021-12";"M0";"MXN100";"4.40168"
"2021-12";"M0";"ZAR1"  ;"0.05802"
"2021-12";"M0";"JPY100";"0.80808"
"2021-12";"M0";"AUD1"  ;"0.65938"
"2021-12";"M0";"CNY100";"14.46188"
"2021-12";"M0";"HKD100";"11.80821"
"2021-12";"M0";"KRW100";"0.07778"
"2021-12";"M0";"MYR100";"21.87046"
"2021-12";"M0";"NZD1"  ;"0.62512"
"2021-12";"M0";"SGD1"  ;"0.67564"
"2021-12";"M0";"THB100";"2.74434"
"2021-12";"M0";"XDR1"  ;"1.28692"
"2021-12";"M0";"USD3M" ;"0.9183"
"2021-12";"M0";"USD6M" ;"0.9157"
"2021-12";"M1";"EUR1"  ;"1.03391"
"2021-12";"M1";"GBP1"  ;"1.23297"
"2021-12";"M1";"DKK100";"13.90177"
"2021-12";"M1";"NOK100";"10.36158"
"2021-12";"M1";"CZK100";"4.15835"
"2021-12";"M1";"HUF100";"0.28017"
"2021-12";"M1";"PLN100";"22.48694"
"2021-12";"M1";"RUB1"  ;"0.01218"
"2021-12";"M1";"SEK100";"10.0872"
"2021-12";"M1";"TRY100";"6.81669"
"2021-12";"M1";"USD1"  ;"0.9127"
"2021-12";"M1";"CAD1"  ;"0.71756"
"2021-12";"M1";"ARS1"  ;"0.00888"
"2021-12";"M1";"BRL100";"16.38541"
"2021-12";"M1";"MXN100";"4.46505"
"2021-12";"M1";"ZAR1"  ;"0.05738"
"2021-12";"M1";"JPY100";"0.79293"
"2021-12";"M1";"AUD1"  ;"0.66344"
"2021-12";"M1";"CNY100";"14.36305"
"2021-12";"M1";"HKD100";"11.70638"
"2021-12";"M1";"KRW100";"0.07669"
"2021-12";"M1";"MYR100";"21.91357"
"2021-12";"M1";"NZD1"  ;"0.62447"
"2021-12";"M1";"SGD1"  ;"0.67653"
"2021-12";"M1";"THB100";"2.75283"
"2021-12";"M1";"XDR1"  ;"1.2787"
"2022-01";"M0";"EUR1"  ;"1.04018"
"2022-01";"M0";"GBP1"  ;"1.24588"
"2022-01";"M0";"DKK100";"13.97931"
"2022-01";"M0";"NOK100";"10.39293"
"2022-01";"M0";"CZK100";"4.2518"
"2022-01";"M0";"HUF100";"0.29001"
"2022-01";"M0";"PLN100";"22.84826"
"2022-01";"M0";"RUB1"  ;"0.01202"
"2022-01";"M0";"SEK100";"10.05149"
"2022-01";"M0";"TRY100";"6.77205"
"2022-01";"M0";"USD1"  ;"0.91868"
"2022-01";"M0";"CAD1"  ;"0.72822"
"2022-01";"M0";"ARS1"  ;"0.00885"
"2022-01";"M0";"BRL100";"16.58074"
"2022-01";"M0";"MXN100";"4.48265"
"2022-01";"M0";"ZAR1"  ;"0.05935"
"2022-01";"M0";"JPY100";"0.79952"
"2022-01";"M0";"AUD1"  ;"0.65982"
"2022-01";"M0";"CNY100";"14.45474"
"2022-01";"M0";"HKD100";"11.78955"
"2022-01";"M0";"KRW100";"0.07682"
"2022-01";"M0";"MYR100";"21.9261"
"2022-01";"M0";"NZD1"  ;"0.61981"
"2022-01";"M0";"SGD1"  ;"0.68021"
"2022-01";"M0";"THB100";"2.76562"
"2022-01";"M0";"XDR1"  ;"1.28656"
"2022-01";"M0";"USD3M" ;"0.9162"
"2022-01";"M0";"USD6M" ;"0.9132"
"2022-01";"M1";"EUR1"  ;"1.0413"
"2022-01";"M1";"GBP1"  ;"1.25287"
"2022-01";"M1";"DKK100";"13.9908"
"2022-01";"M1";"NOK100";"10.41045"
"2022-01";"M1";"CZK100";"4.25989"
"2022-01";"M1";"HUF100";"0.29075"
"2022-01";"M1";"PLN100";"22.64685"
"2022-01";"M1";"RUB1"  ;"0.01203"
"2022-01";"M1";"SEK100";"9.94154"
"2022-01";"M1";"TRY100";"6.96924"
"2022-01";"M1";"USD1"  ;"0.93185"
"2022-01";"M1";"CAD1"  ;"0.73184"
"2022-01";"M1";"ARS1"  ;"0.00889"
"2022-01";"M1";"BRL100";"17.31741"
"2022-01";"M1";"MXN100";"4.49182"
"2022-01";"M1";"ZAR1"  ;"0.06001"
"2022-01";"M1";"JPY100";"0.80732"
"2022-01";"M1";"AUD1"  ;"0.65709"
"2022-01";"M1";"CNY100";"14.64851"
"2022-01";"M1";"HKD100";"11.94848"
"2022-01";"M1";"KRW100";"0.07704"
"2022-01";"M1";"MYR100";"22.26111"
"2022-01";"M1";"NZD1"  ;"0.61306"
"2022-01";"M1";"SGD1"  ;"0.68812"
"2022-01";"M1";"THB100";"2.79894"
"2022-01";"M1";"XDR1"  ;"1.2951"
"2022-02";"M0";"EUR1"  ;"1.04611"
"2022-02";"M0";"GBP1"  ;"1.24925"
"2022-02";"M0";"DKK100";"14.05885"
"2022-02";"M0";"NOK100";"10.39822"
"2022-02";"M0";"CZK100";"4.28312"
"2022-02";"M0";"HUF100";"0.29317"
"2022-02";"M0";"PLN100";"22.99345"
"2022-02";"M0";"RUB1"  ;"0.01183"
"2022-02";"M0";"SEK100";"9.92367"
"2022-02";"M0";"TRY100";"6.7559"
"2022-02";"M0";"USD1"  ;"0.92266"
"2022-02";"M0";"CAD1"  ;"0.7253"
"2022-02";"M0";"ARS1"  ;"0.00869"
"2022-02";"M0";"BRL100";"17.75218"
"2022-02";"M0";"MXN100";"4.50944"
"2022-02";"M0";"ZAR1"  ;"0.0606"
"2022-02";"M0";"JPY100";"0.80117"
"2022-02";"M0";"AUD1"  ;"0.66085"
"2022-02";"M0";"CNY100";"14.54277"
"2022-02";"M0";"HKD100";"11.82933"
"2022-02";"M0";"KRW100";"0.07697"
"2022-02";"M0";"MYR100";"22.03235"
"2022-02";"M0";"NZD1"  ;"0.6157"
"2022-02";"M0";"SGD1"  ;"0.68504"
"2022-02";"M0";"THB100";"2.82734"
"2022-02";"M0";"XDR1"  ;"1.29276"
"2022-02";"M0";"USD3M" ;"0.9197"
"2022-02";"M0";"USD6M" ;"0.9157"
"2022-02";"M1";"EUR1"  ;"1.03138"
"2022-02";"M1";"GBP1"  ;"1.234"
"2022-02";"M1";"DKK100";"13.86099"
"2022-02";"M1";"NOK100";"10.35917"
"2022-02";"M1";"CZK100";"4.13965"
"2022-02";"M1";"HUF100";"0.27869"
"2022-02";"M1";"PLN100";"21.98408"
"2022-02";"M1";"RUB1"  ;"0.00903"
"2022-02";"M1";"SEK100";"9.6969"
"2022-02";"M1";"TRY100";"6.67479"
"2022-02";"M1";"USD1"  ;"0.92265"
"2022-02";"M1";"CAD1"  ;"0.72257"
"2022-02";"M1";"ARS1"  ;"0.00859"
"2022-02";"M1";"BRL100";"17.90858"
"2022-02";"M1";"MXN100";"4.48404"
"2022-02";"M1";"ZAR1"  ;"0.05974"
"2022-02";"M1";"JPY100";"0.79845"
"2022-02";"M1";"AUD1"  ;"0.66435"
"2022-02";"M1";"CNY100";"14.62643"
"2022-02";"M1";"HKD100";"11.8069"
"2022-02";"M1";"KRW100";"0.07673"
"2022-02";"M1";"MYR100";"21.97152"
"2022-02";"M1";"NZD1"  ;"0.61961"
"2022-02";"M1";"SGD1"  ;"0.67912"
"2022-02";"M1";"THB100";"2.82372"
"2022-02";"M1";"XDR1"  ;"1.2811"
"2022-03";"M0";"EUR1"  ;"1.02458"
"2022-03";"M0";"GBP1"  ;"1.22444"
"2022-03";"M0";"DKK100";"13.77083"
"2022-03";"M0";"NOK100";"10.52065"
"2022-03";"M0";"CZK100";"4.10213"
"2022-03";"M0";"HUF100";"0.27214"
"2022-03";"M0";"PLN100";"21.55273"
"2022-03";"M0";"RUB1"  ;"0.00872"
"2022-03";"M0";"SEK100";"9.7168"
"2022-03";"M0";"TRY100";"6.35487"
"2022-03";"M0";"USD1"  ;"0.92967"
"2022-03";"M0";"CAD1"  ;"0.73428"
"2022-03";"M0";"ARS1"  ;"0.00851"
"2022-03";"M0";"BRL100";"18.65366"
"2022-03";"M0";"MXN100";"4.51944"
"2022-03";"M0";"ZAR1"  ;"0.06202"
"2022-03";"M0";"JPY100";"0.78397"
"2022-03";"M0";"AUD1"  ;"0.68516"
"2022-03";"M0";"CNY100";"14.65311"
"2022-03";"M0";"HKD100";"11.88409"
"2022-03";"M0";"KRW100";"0.07615"
"2022-03";"M0";"MYR100";"22.13094"
"2022-03";"M0";"NZD1"  ;"0.63815"
"2022-03";"M0";"SGD1"  ;"0.68398"
"2022-03";"M0";"THB100";"2.79513"
"2022-03";"M0";"XDR1"  ;"1.2849"
"2022-03";"M0";"USD3M" ;"0.926"
"2022-03";"M0";"USD6M" ;"0.9209"
"2022-03";"M1";"EUR1"  ;"1.02939"
"2022-03";"M1";"GBP1"  ;"1.21342"
"2022-03";"M1";"DKK100";"13.83912"
"2022-03";"M1";"NOK100";"10.62925"
"2022-03";"M1";"CZK100";"4.21048"
"2022-03";"M1";"HUF100";"0.27851"
"2022-03";"M1";"PLN100";"22.12654"
"2022-03";"M1";"RUB1"  ;"0.01137"
"2022-03";"M1";"SEK100";"9.9652"
"2022-03";"M1";"TRY100";"6.31404"
"2022-03";"M1";"USD1"  ;"0.925"
"2022-03";"M1";"CAD1"  ;"0.73861"
"2022-03";"M1";"ARS1"  ;"0.00834"
"2022-03";"M1";"BRL100";"19.38472"
"2022-03";"M1";"MXN100";"4.65479"
"2022-03";"M1";"ZAR1"  ;"0.06389"
"2022-03";"M1";"JPY100";"0.75705"
"2022-03";"M1";"AUD1"  ;"0.69158"
"2022-03";"M1";"CNY100";"14.58163"
"2022-03";"M1";"HKD100";"11.81444"
"2022-03";"M1";"KRW100";"0.07634"
"2022-03";"M1";"MYR100";"21.99501"
"2022-03";"M1";"NZD1"  ;"0.64144"
"2022-03";"M1";"SGD1"  ;"0.68316"
"2022-03";"M1";"THB100";"2.77678"
"2022-03";"M1";"XDR1"  ;"1.276"
"2022-04";"M0";"EUR1"  ;"1.02172"
"2022-04";"M0";"GBP1"  ;"1.22122"
"2022-04";"M0";"DKK100";"13.73474"
"2022-04";"M0";"NOK100";"10.61003"
"2022-04";"M0";"CZK100";"4.18104"
"2022-04";"M0";"HUF100";"0.27238"
"2022-04";"M0";"PLN100";"21.97446"
"2022-04";"M0";"RUB1"  ;"0.01191"
"2022-04";"M0";"SEK100";"9.90104"
"2022-04";"M0";"TRY100";"6.41082"
"2022-04";"M0";"USD1"  ;"0.94391"
"2022-04";"M0";"CAD1"  ;"0.74814"
"2022-04";"M0";"ARS1"  ;"0.00834"
"2022-04";"M0";"BRL100";"19.92795"
"2022-04";"M0";"MXN100";"4.7026"
"2022-04";"M0";"ZAR1"  ;"0.06282"
"2022-04";"M0";"JPY100";"0.7473"
"2022-04";"M0";"AUD1"  ;"0.69682"
"2022-04";"M0";"CNY100";"14.66993"
"2022-04";"M0";"HKD100";"12.03787"
"2022-04";"M0";"KRW100";"0.07641"
"2022-04";"M0";"MYR100";"22.09732"
"2022-04";"M0";"NZD1"  ;"0.63928"
"2022-04";"M0";"SGD1"  ;"0.69102"
"2022-04";"M0";"THB100";"2.79307"
"2022-04";"M0";"XDR1"  ;"1.2891"
"2022-04";"M0";"USD3M" ;"0.9394"
"2022-04";"M0";"USD6M" ;"0.9331"
"2022-04";"M1";"EUR1"  ;"1.02399"
"2022-04";"M1";"GBP1"  ;"1.21632"
"2022-04";"M1";"DKK100";"13.76046"
"2022-04";"M1";"NOK100";"10.42846"
"2022-04";"M1";"CZK100";"4.17221"
"2022-04";"M1";"HUF100";"0.27146"
"2022-04";"M1";"PLN100";"21.98611"
"2022-04";"M1";"RUB1"  ;"0.01362"
"2022-04";"M1";"SEK100";"9.90706"
"2022-04";"M1";"TRY100";"6.53455"
"2022-04";"M1";"USD1"  ;"0.96895"
"2022-04";"M1";"CAD1"  ;"0.76002"
"2022-04";"M1";"ARS1"  ;"0.00841"
"2022-04";"M1";"BRL100";"19.60643"
"2022-04";"M1";"MXN100";"4.75967"
"2022-04";"M1";"ZAR1"  ;"0.061"
"2022-04";"M1";"JPY100";"0.74457"
"2022-04";"M1";"AUD1"  ;"0.69236"
"2022-04";"M1";"CNY100";"14.7049"
"2022-04";"M1";"HKD100";"12.34599"
"2022-04";"M1";"KRW100";"0.07714"
"2022-04";"M1";"MYR100";"22.27625"
"2022-04";"M1";"NZD1"  ;"0.63195"
"2022-04";"M1";"SGD1"  ;"0.70193"
"2022-04";"M1";"THB100";"2.83186"
"2022-04";"M1";"XDR1"  ;"1.3046"
"2022-05";"M0";"EUR1"  ;"1.03591"
"2022-05";"M0";"GBP1"  ;"1.21942"
"2022-05";"M0";"DKK100";"13.92306"
"2022-05";"M0";"NOK100";"10.21936"
"2022-05";"M0";"CZK100";"4.18452"
"2022-05";"M0";"HUF100";"0.26978"
"2022-05";"M0";"PLN100";"22.26913"
"2022-05";"M0";"RUB1"  ;"0.01523"
"2022-05";"M0";"SEK100";"9.87572"
"2022-05";"M0";"TRY100";"6.2913"
"2022-05";"M0";"USD1"  ;"0.98024"
"2022-05";"M0";"CAD1"  ;"0.76282"
"2022-05";"M0";"ARS1"  ;"0.00834"
"2022-05";"M0";"BRL100";"19.73513"
"2022-05";"M0";"MXN100";"4.88533"
"2022-05";"M0";"ZAR1"  ;"0.06161"
"2022-05";"M0";"JPY100";"0.76041"
"2022-05";"M0";"AUD1"  ;"0.69113"
"2022-05";"M0";"CNY100";"14.63506"
"2022-05";"M0";"HKD100";"12.48849"
"2022-05";"M0";"KRW100";"0.07732"
"2022-05";"M0";"MYR100";"22.37555"
"2022-05";"M0";"NZD1"  ;"0.6274"
"2022-05";"M0";"SGD1"  ;"0.70881"
"2022-05";"M0";"THB100";"2.84735"
"2022-05";"M0";"XDR1"  ;"1.31461"
"2022-05";"M0";"USD3M" ;"0.974"
"2022-05";"M0";"USD6M" ;"0.967"
"2022-05";"M1";"EUR1"  ;"1.03112"
"2022-05";"M1";"GBP1"  ;"1.2122"
"2022-05";"M1";"DKK100";"13.86041"
"2022-05";"M1";"NOK100";"10.2099"
"2022-05";"M1";"CZK100";"4.17213"
"2022-05";"M1";"HUF100";"0.26174"
"2022-05";"M1";"PLN100";"22.5384"
"2022-05";"M1";"RUB1"  ;"0.01541"
"2022-05";"M1";"SEK100";"9.80315"
"2022-05";"M1";"TRY100";"5.85186"
"2022-05";"M1";"USD1"  ;"0.96115"
"2022-05";"M1";"CAD1"  ;"0.75848"
"2022-05";"M1";"ARS1"  ;"0.00801"
"2022-05";"M1";"BRL100";"20.22282"
"2022-05";"M1";"MXN100";"4.90971"
"2022-05";"M1";"ZAR1"  ;"0.06173"
"2022-05";"M1";"JPY100";"0.7514"
"2022-05";"M1";"AUD1"  ;"0.69092"
"2022-05";"M1";"CNY100";"14.4384"
"2022-05";"M1";"HKD100";"12.24738"
"2022-05";"M1";"KRW100";"0.0777"
"2022-05";"M1";"MYR100";"21.94056"
"2022-05";"M1";"NZD1"  ;"0.6271"
"2022-05";"M1";"SGD1"  ;"0.70167"
"2022-05";"M1";"THB100";"2.80997"
"2022-05";"M1";"XDR1"  ;"1.2948"
"2022-06";"M0";"EUR1"  ;"1.02495"
"2022-06";"M0";"GBP1"  ;"1.19485"
"2022-06";"M0";"DKK100";"13.77732"
"2022-06";"M0";"NOK100";"9.94607"
"2022-06";"M0";"CZK100";"4.14539"
"2022-06";"M0";"HUF100";"0.25822"
"2022-06";"M0";"PLN100";"22.05405"
"2022-06";"M0";"RUB1"  ;"0.01703"
"2022-06";"M0";"SEK100";"9.66685"
"2022-06";"M0";"TRY100";"5.69668"
"2022-06";"M0";"USD1"  ;"0.96962"
"2022-06";"M0";"CAD1"  ;"0.75647"
"2022-06";"M0";"ARS1"  ;"0.00791"
"2022-06";"M0";"BRL100";"19.2346"
"2022-06";"M0";"MXN100";"4.84534"
"2022-06";"M0";"ZAR1"  ;"0.06138"
"2022-06";"M0";"JPY100";"0.72381"
"2022-06";"M0";"AUD1"  ;"0.68082"
"2022-06";"M0";"CNY100";"14.47895"
"2022-06";"M0";"HKD100";"12.35462"
"2022-06";"M0";"KRW100";"0.07582"
"2022-06";"M0";"MYR100";"22.02477"
"2022-06";"M0";"NZD1"  ;"0.61565"
"2022-06";"M0";"SGD1"  ;"0.70067"
"2022-06";"M0";"THB100";"2.77386"
"2022-06";"M0";"XDR1"  ;"1.2963"
"2022-06";"M0";"USD3M" ;"0.9631"
"2022-06";"M0";"USD6M" ;"0.9558"
"2022-06";"M1";"EUR1"  ;"0.9978"
"2022-06";"M1";"GBP1"  ;"1.16046"
"2022-06";"M1";"DKK100";"13.41286"
"2022-06";"M1";"NOK100";"9.63728"
"2022-06";"M1";"CZK100";"4.03382"
"2022-06";"M1";"HUF100";"0.2515"
"2022-06";"M1";"PLN100";"21.31641"
"2022-06";"M1";"RUB1"  ;"0.01772"
"2022-06";"M1";"SEK100";"9.32108"
"2022-06";"M1";"TRY100";"5.73264"
"2022-06";"M1";"USD1"  ;"0.9557"
"2022-06";"M1";"CAD1"  ;"0.74008"
"2022-06";"M1";"ARS1"  ;"0.00764"
"2022-06";"M1";"BRL100";"18.44909"
"2022-06";"M1";"MXN100";"4.73213"
"2022-06";"M1";"ZAR1"  ;"0.05886"
"2022-06";"M1";"JPY100";"0.70156"
"2022-06";"M1";"AUD1"  ;"0.65824"
"2022-06";"M1";"CNY100";"14.27675"
"2022-06";"M1";"HKD100";"12.18213"
"2022-06";"M1";"KRW100";"0.07357"
"2022-06";"M1";"MYR100";"21.67956"
"2022-06";"M1";"NZD1"  ;"0.59554"
"2022-06";"M1";"SGD1"  ;"0.68726"
"2022-06";"M1";"THB100";"2.70928"
"2022-06";"M1";"XDR1"  ;"1.2684"
"2022-07";"M0";"EUR1"  ;"0.98765"
"2022-07";"M0";"GBP1"  ;"1.16254"
"2022-07";"M0";"DKK100";"13.2707"
"2022-07";"M0";"NOK100";"9.68793"
"2022-07";"M0";"CZK100";"4.01505"
"2022-07";"M0";"HUF100";"0.24444"
"2022-07";"M0";"PLN100";"20.69005"
"2022-07";"M0";"RUB1"  ;"0.01642"
"2022-07";"M0";"SEK100";"9.33381"
"2022-07";"M0";"TRY100";"5.54941"
"2022-07";"M0";"USD1"  ;"0.96954"
"2022-07";"M0";"CAD1"  ;"0.74919"
"2022-07";"M0";"ARS1"  ;"0.00757"
"2022-07";"M0";"BRL100";"18.04921"
"2022-07";"M0";"MXN100";"4.72285"
"2022-07";"M0";"ZAR1"  ;"0.05752"
"2022-07";"M0";"JPY100";"0.70908"
"2022-07";"M0";"AUD1"  ;"0.66437"
"2022-07";"M0";"CNY100";"14.40007"
"2022-07";"M0";"HKD100";"12.35213"
"2022-07";"M0";"KRW100";"0.07414"
"2022-07";"M0";"MYR100";"21.83229"
"2022-07";"M0";"NZD1"  ;"0.60063"
"2022-07";"M0";"SGD1"  ;"0.69464"
"2022-07";"M0";"THB100";"2.66648"
"2022-07";"M0";"XDR1"  ;"1.27828"
"2022-07";"M0";"USD3M" ;"0.9626"
"2022-07";"M0";"USD6M" ;"0.954"
"2022-07";"M1";"EUR1"  ;"0.97365"
"2022-07";"M1";"GBP1"  ;"1.15903"
"2022-07";"M1";"DKK100";"13.07897"
"2022-07";"M1";"NOK100";"9.83065"
"2022-07";"M1";"CZK100";"3.95731"
"2022-07";"M1";"HUF100";"0.24091"
"2022-07";"M1";"PLN100";"20.54257"
"2022-07";"M1";"RUB1"  ;"0.01538"
"2022-07";"M1";"SEK100";"9.36336"
"2022-07";"M1";"TRY100";"5.31989"
"2022-07";"M1";"USD1"  ;"0.9526"
"2022-07";"M1";"CAD1"  ;"0.74323"
"2022-07";"M1";"ARS1"  ;"0.00727"
"2022-07";"M1";"BRL100";"18.38074"
"2022-07";"M1";"MXN100";"4.70834"
"2022-07";"M1";"ZAR1"  ;"0.0576"
"2022-07";"M1";"JPY100";"0.71603"
"2022-07";"M1";"AUD1"  ;"0.66653"
"2022-07";"M1";"CNY100";"14.14297"
"2022-07";"M1";"HKD100";"12.13503"
"2022-07";"M1";"KRW100";"0.07331"
"2022-07";"M1";"MYR100";"21.4053"
"2022-07";"M1";"NZD1"  ;"0.60014"
"2022-07";"M1";"SGD1"  ;"0.69074"
"2022-07";"M1";"THB100";"2.63106"
"2022-07";"M1";"XDR1"  ;"1.2679"
"2022-08";"M0";"EUR1"  ;"0.96899"
"2022-08";"M0";"GBP1"  ;"1.14693"
"2022-08";"M0";"DKK100";"13.0253"
"2022-08";"M0";"NOK100";"9.8602"
"2022-08";"M0";"CZK100";"3.94514"
"2022-08";"M0";"HUF100";"0.24092"
"2022-08";"M0";"PLN100";"20.52874"
"2022-08";"M0";"RUB1"  ;"0.01576"
"2022-08";"M0";"SEK100";"9.21974"
"2022-08";"M0";"TRY100";"5.30527"
"2022-08";"M0";"USD1"  ;"0.95717"
"2022-08";"M0";"CAD1"  ;"0.74116"
"2022-08";"M0";"ARS1"  ;"0.00709"
"2022-08";"M0";"BRL100";"18.61382"
"2022-08";"M0";"MXN100";"4.75566"
"2022-08";"M0";"ZAR1"  ;"0.05734"
"2022-08";"M0";"JPY100";"0.70772"
"2022-08";"M0";"AUD1"  ;"0.66613"
"2022-08";"M0";"CNY100";"14.06791"
"2022-08";"M0";"HKD100";"12.1992"
"2022-08";"M0";"KRW100";"0.07249"
"2022-08";"M0";"MYR100";"21.42617"
"2022-08";"M0";"NZD1"  ;"0.59962"
"2022-08";"M0";"SGD1"  ;"0.69142"
"2022-08";"M0";"THB100";"2.67159"
"2022-08";"M0";"XDR1"  ;"1.2583"
"2022-08";"M0";"USD3M" ;"0.9497"
"2022-08";"M0";"USD6M" ;"0.9411"
"2022-08";"M1";"EUR1"  ;"0.97534"
"2022-08";"M1";"GBP1"  ;"1.13764"
"2022-08";"M1";"DKK100";"13.11359"
"2022-08";"M1";"NOK100";"9.85964"
"2022-08";"M1";"CZK100";"3.97789"
"2022-08";"M1";"HUF100";"0.24096"
"2022-08";"M1";"PLN100";"20.63482"
"2022-08";"M1";"RUB1"  ;"0.01603"
"2022-08";"M1";"SEK100";"9.13271"
"2022-08";"M1";"TRY100";"5.37081"
"2022-08";"M1";"USD1"  ;"0.9771"
"2022-08";"M1";"CAD1"  ;"0.74554"
"2022-08";"M1";"ARS1"  ;"0.00705"
"2022-08";"M1";"BRL100";"19.07951"
"2022-08";"M1";"MXN100";"4.83782"
"2022-08";"M1";"ZAR1"  ;"0.05736"
"2022-08";"M1";"JPY100";"0.70498"
"2022-08";"M1";"AUD1"  ;"0.67146"
"2022-08";"M1";"CNY100";"14.16354"
"2022-08";"M1";"HKD100";"12.45062"
"2022-08";"M1";"KRW100";"0.07298"
"2022-08";"M1";"MYR100";"21.82976"
"2022-08";"M1";"NZD1"  ;"0.59886"
"2022-08";"M1";"SGD1"  ;"0.69853"
"2022-08";"M1";"THB100";"2.6786"
"2022-08";"M1";"XDR1"  ;"1.2745"
"2022-09";"M0";"EUR1"  ;"0.96419"
"2022-09";"M0";"GBP1"  ;"1.10347"
"2022-09";"M0";"DKK100";"12.96564"
"2022-09";"M0";"NOK100";"9.50279"
"2022-09";"M0";"CZK100";"3.92288"
"2022-09";"M0";"HUF100";"0.23873"
"2022-09";"M0";"PLN100";"20.32739"
"2022-09";"M0";"RUB1"  ;"0.0162"
"2022-09";"M0";"SEK100";"8.94482"
"2022-09";"M0";"TRY100";"5.31038"
"2022-09";"M0";"USD1"  ;"0.97293"
"2022-09";"M0";"CAD1"  ;"0.73088"
"2022-09";"M0";"ARS1"  ;"0.0068"
"2022-09";"M0";"BRL100";"18.62051"
"2022-09";"M0";"MXN100";"4.84742"
"2022-09";"M0";"ZAR1"  ;"0.05544"
"2022-09";"M0";"JPY100";"0.68075"
"2022-09";"M0";"AUD1"  ;"0.65041"
"2022-09";"M0";"CNY100";"13.85476"
"2022-09";"M0";"HKD100";"12.39519"
"2022-09";"M0";"KRW100";"0.06972"
"2022-09";"M0";"MYR100";"21.40682"
"2022-09";"M0";"NZD1"  ;"0.57777"
"2022-09";"M0";"SGD1"  ;"0.68832"
"2022-09";"M0";"THB100";"2.62679"
"2022-09";"M0";"XDR1"  ;"1.25636"
"2022-09";"M0";"USD3M" ;"0.9651"
"2022-09";"M0";"USD6M" ;"0.9566"
"2022-09";"M1";"EUR1"  ;"0.96029"
"2022-09";"M1";"GBP1"  ;"1.09505"
"2022-09";"M1";"DKK100";"12.91338"
"2022-09";"M1";"NOK100";"9.14962"
"2022-09";"M1";"CZK100";"3.90432"
"2022-09";"M1";"HUF100";"0.22786"
"2022-09";"M1";"PLN100";"19.71603"
"2022-09";"M1";"RUB1"  ;"0.01674"
"2022-09";"M1";"SEK100";"8.80451"
"2022-09";"M1";"TRY100";"5.26256"
"2022-09";"M1";"USD1"  ;"0.9762"
"2022-09";"M1";"CAD1"  ;"0.7143"
"2022-09";"M1";"ARS1"  ;"0.00664"
"2022-09";"M1";"BRL100";"18.07577"
"2022-09";"M1";"MXN100";"4.85718"
"2022-09";"M1";"ZAR1"  ;"0.05451"
"2022-09";"M1";"JPY100";"0.67672"
"2022-09";"M1";"AUD1"  ;"0.63585"
"2022-09";"M1";"CNY100";"13.75743"
"2022-09";"M1";"HKD100";"12.43599"
"2022-09";"M1";"KRW100";"0.06818"
"2022-09";"M1";"MYR100";"21.06194"
"2022-09";"M1";"NZD1"  ;"0.55907"
"2022-09";"M1";"SGD1"  ;"0.68228"
"2022-09";"M1";"THB100";"2.58569"
"2022-09";"M1";"XDR1"  ;"1.2521"
"2022-10";"M0";"EUR1"  ;"0.97899"
"2022-10";"M0";"GBP1"  ;"1.12398"
"2022-10";"M0";"DKK100";"13.16062"
"2022-10";"M0";"NOK100";"9.41809"
"2022-10";"M0";"CZK100";"3.98994"
"2022-10";"M0";"HUF100";"0.23419"
"2022-10";"M0";"PLN100";"20.36972"
"2022-10";"M0";"RUB1"  ;"0.01614"
"2022-10";"M0";"SEK100";"8.94175"
"2022-10";"M0";"TRY100";"5.35473"
"2022-10";"M0";"USD1"  ;"0.99564"
"2022-10";"M0";"CAD1"  ;"0.72599"
"2022-10";"M0";"ARS1"  ;"0.00656"
"2022-10";"M0";"BRL100";"18.91138"
"2022-10";"M0";"MXN100";"4.9786"
"2022-10";"M0";"ZAR1"  ;"0.05492"
"2022-10";"M0";"JPY100";"0.67652"
"2022-10";"M0";"AUD1"  ;"0.63286"
"2022-10";"M0";"CNY100";"13.83964"
"2022-10";"M0";"HKD100";"12.68395"
"2022-10";"M0";"KRW100";"0.06979"
"2022-10";"M0";"MYR100";"21.2069"
"2022-10";"M0";"NZD1"  ;"0.56614"
"2022-10";"M0";"SGD1"  ;"0.6987"
"2022-10";"M0";"THB100";"2.6245"
"2022-10";"M0";"XDR1"  ;"1.27656"
"2022-10";"M0";"USD3M" ;"0.9848"
"2022-10";"M0";"USD6M" ;"0.9751"
"2022-10";"M1";"EUR1"  ;"0.9936"
"2022-10";"M1";"GBP1"  ;"1.15533"
"2022-10";"M1";"DKK100";"13.34812"
"2022-10";"M1";"NOK100";"9.66653"
"2022-10";"M1";"CZK100";"4.05523"
"2022-10";"M1";"HUF100";"0.24174"
"2022-10";"M1";"PLN100";"21.1002"
"2022-10";"M1";"RUB1"  ;"0.01614"
"2022-10";"M1";"SEK100";"9.1006"
"2022-10";"M1";"TRY100";"5.36728"
"2022-10";"M1";"USD1"  ;"0.9992"
"2022-10";"M1";"CAD1"  ;"0.73242"
"2022-10";"M1";"ARS1"  ;"0.0064"
"2022-10";"M1";"BRL100";"18.89847"
"2022-10";"M1";"MXN100";"5.02881"
"2022-10";"M1";"ZAR1"  ;"0.05465"
"2022-10";"M1";"JPY100";"0.67322"
"2022-10";"M1";"AUD1"  ;"0.63984"
"2022-10";"M1";"CNY100";"13.69274"
"2022-10";"M1";"HKD100";"12.72899"
"2022-10";"M1";"KRW100";"0.07013"
"2022-10";"M1";"MYR100";"21.13725"
"2022-10";"M1";"NZD1"  ;"0.58098"
"2022-10";"M1";"SGD1"  ;"0.7063"
"2022-10";"M1";"THB100";"2.62595"
"2022-10";"M1";"XDR1"  ;"1.2868"
"2022-11";"M0";"EUR1"  ;"0.9843"
"2022-11";"M0";"GBP1"  ;"1.13286"
"2022-11";"M0";"DKK100";"13.23148"
"2022-11";"M0";"NOK100";"9.51697"
"2022-11";"M0";"CZK100";"4.03946"
"2022-11";"M0";"HUF100";"0.24179"
"2022-11";"M0";"PLN100";"20.96683"
"2022-11";"M0";"RUB1"  ;"0.01584"
"2022-11";"M0";"SEK100";"9.04706"
"2022-11";"M0";"TRY100";"5.18798"
"2022-11";"M0";"USD1"  ;"0.96588"
"2022-11";"M0";"CAD1"  ;"0.71855"
"2022-11";"M0";"ARS1"  ;"0.00598"
"2022-11";"M0";"BRL100";"18.32133"
"2022-11";"M0";"MXN100";"4.96159"
"2022-11";"M0";"ZAR1"  ;"0.05519"
"2022-11";"M0";"JPY100";"0.67855"
"2022-11";"M0";"AUD1"  ;"0.63698"
"2022-11";"M0";"CNY100";"13.45553"
"2022-11";"M0";"HKD100";"12.33599"
"2022-11";"M0";"KRW100";"0.07112"
"2022-11";"M0";"MYR100";"20.96009"
"2022-11";"M0";"NZD1"  ;"0.58513"
"2022-11";"M0";"SGD1"  ;"0.69628"
"2022-11";"M0";"THB100";"2.65458"
"2022-11";"M0";"XDR1"  ;"1.2543"
"2022-11";"M0";"USD3M" ;"0.9549"
"2022-11";"M0";"USD6M" ;"0.9448"
"2022-11";"M1";"EUR1"  ;"0.98477"
"2022-11";"M1";"GBP1"  ;"1.14153"
"2022-11";"M1";"DKK100";"13.24223"
"2022-11";"M1";"NOK100";"9.57774"
"2022-11";"M1";"CZK100";"4.04227"
"2022-11";"M1";"HUF100";"0.24154"
"2022-11";"M1";"PLN100";"21.09585"
"2022-11";"M1";"RUB1"  ;"0.01557"
"2022-11";"M1";"SEK100";"9.01"
"2022-11";"M1";"TRY100";"5.09984"
"2022-11";"M1";"USD1"  ;"0.9506"
"2022-11";"M1";"CAD1"  ;"0.70248"
"2022-11";"M1";"ARS1"  ;"0.00569"
"2022-11";"M1";"BRL100";"17.99765"
"2022-11";"M1";"MXN100";"4.94144"
"2022-11";"M1";"ZAR1"  ;"0.05611"
"2022-11";"M1";"JPY100";"0.68489"
"2022-11";"M1";"AUD1"  ;"0.63914"
"2022-11";"M1";"CNY100";"13.39477"
"2022-11";"M1";"HKD100";"12.18671"
"2022-11";"M1";"KRW100";"0.07218"
"2022-11";"M1";"MYR100";"21.3916"
"2022-11";"M1";"NZD1"  ;"0.59294"
"2022-11";"M1";"SGD1"  ;"0.69509"
"2022-11";"M1";"THB100";"2.69536"
"2022-11";"M1";"XDR1"  ;"1.249"
"2022-12";"M0";"EUR1"  ;"0.98654"
"2022-12";"M0";"GBP1"  ;"1.13487"
"2022-12";"M0";"DKK100";"13.26406"
"2022-12";"M0";"NOK100";"9.43884"
"2022-12";"M0";"CZK100";"4.06462"
"2022-12";"M0";"HUF100";"0.24231"
"2022-12";"M0";"PLN100";"21.06493"
"2022-12";"M0";"RUB1"  ;"0.01415"
"2022-12";"M0";"SEK100";"8.98384"
"2022-12";"M0";"TRY100";"4.99415"
"2022-12";"M0";"USD1"  ;"0.93205"
"2022-12";"M0";"CAD1"  ;"0.68622"
"2022-12";"M0";"ARS1"  ;"0.00542"
"2022-12";"M0";"BRL100";"17.76749"
"2022-12";"M0";"MXN100";"4.75481"
"2022-12";"M0";"ZAR1"  ;"0.05398"
"2022-12";"M0";"JPY100";"0.69079"
"2022-12";"M0";"AUD1"  ;"0.62919"
"2022-12";"M0";"CNY100";"13.35874"
"2022-12";"M0";"HKD100";"11.97113"
"2022-12";"M0";"KRW100";"0.07205"
"2022-12";"M0";"MYR100";"21.12426"
"2022-12";"M0";"NZD1"  ;"0.59208"
"2022-12";"M0";"SGD1"  ;"0.68937"
"2022-12";"M0";"THB100";"2.67903"
"2022-12";"M0";"XDR1"  ;"1.238"
"2022-12";"M0";"USD3M" ;"0.9223"
"2022-12";"M0";"USD6M" ;"0.9129"
"2022-12";"M1";"EUR1"  ;"0.98386"
"2022-12";"M1";"GBP1"  ;"1.11076"
"2022-12";"M1";"DKK100";"13.23077"
"2022-12";"M1";"NOK100";"9.3579"
"2022-12";"M1";"CZK100";"4.07445"
"2022-12";"M1";"HUF100";"0.24582"
"2022-12";"M1";"PLN100";"20.97962"
"2022-12";"M1";"RUB1"  ;"0.01265"
"2022-12";"M1";"SEK100";"8.83789"
"2022-12";"M1";"TRY100";"4.93181"
"2022-12";"M1";"USD1"  ;"0.92325"
"2022-12";"M1";"CAD1"  ;"0.68139"
"2022-12";"M1";"ARS1"  ;"0.00522"
"2022-12";"M1";"BRL100";"17.48778"
"2022-12";"M1";"MXN100";"4.72758"
"2022-12";"M1";"ZAR1"  ;"0.05435"
"2022-12";"M1";"JPY100";"0.69925"
"2022-12";"M1";"AUD1"  ;"0.62703"
"2022-12";"M1";"CNY100";"13.31329"
"2022-12";"M1";"HKD100";"11.83639"
"2022-12";"M1";"KRW100";"0.07325"
"2022-12";"M1";"MYR100";"20.9639"
"2022-12";"M1";"NZD1"  ;"0.58479"
"2022-12";"M1";"SGD1"  ;"0.68807"
"2022-12";"M1";"THB100";"2.66704"
"2022-12";"M1";"XDR1"  ;"1.2274"
"2023-01";"M0";"EUR1"  ;"0.99615"
"2023-01";"M0";"GBP1"  ;"1.1296"
"2023-01";"M0";"DKK100";"13.39202"
"2023-01";"M0";"NOK100";"9.3013"
"2023-01";"M0";"CZK100";"4.15871"
"2023-01";"M0";"HUF100";"0.2519"
"2023-01";"M0";"PLN100";"21.19802"
"2023-01";"M0";"RUB1"  ;"0.01328"
"2023-01";"M0";"SEK100";"8.89424"
"2023-01";"M0";"TRY100";"4.91825"
"2023-01";"M0";"USD1"  ;"0.92411"
"2023-01";"M0";"CAD1"  ;"0.68812"
"2023-01";"M0";"ARS1"  ;"0.00508"
"2023-01";"M0";"BRL100";"17.79058"
"2023-01";"M0";"MXN100";"4.87077"
"2023-01";"M0";"ZAR1"  ;"0.05403"
"2023-01";"M0";"JPY100";"0.70877"
"2023-01";"M0";"AUD1"  ;"0.64224"
"2023-01";"M0";"CNY100";"13.60888"
"2023-01";"M0";"HKD100";"11.81537"
"2023-01";"M0";"KRW100";"0.07437"
"2023-01";"M0";"MYR100";"21.3763"
"2023-01";"M0";"NZD1"  ;"0.5913"
"2023-01";"M0";"SGD1"  ;"0.69731"
"2023-01";"M0";"THB100";"2.78207"
"2023-01";"M0";"XDR1"  ;"1.24262"
"2023-01";"M0";"USD3M" ;"0.9152"
"2023-01";"M0";"USD6M" ;"0.9064"
"2023-01";"M1";"EUR1"  ;"1.0037"
"2023-01";"M1";"GBP1"  ;"1.14228"
"2023-01";"M1";"DKK100";"13.49336"
"2023-01";"M1";"NOK100";"9.22067"
"2023-01";"M1";"CZK100";"4.21048"
"2023-01";"M1";"HUF100";"0.25808"
"2023-01";"M1";"PLN100";"21.31406"
"2023-01";"M1";"RUB1"  ;"0.0131"
"2023-01";"M1";"SEK100";"8.85662"
"2023-01";"M1";"TRY100";"4.92624"
"2023-01";"M1";"USD1"  ;"0.92665"
"2023-01";"M1";"CAD1"  ;"0.68914"
"2023-01";"M1";"ARS1"  ;"0.00497"
"2023-01";"M1";"BRL100";"18.09793"
"2023-01";"M1";"MXN100";"4.92307"
"2023-01";"M1";"ZAR1"  ;"0.05303"
"2023-01";"M1";"JPY100";"0.71073"
"2023-01";"M1";"AUD1"  ;"0.64981"
"2023-01";"M1";"CNY100";"13.71778"
"2023-01";"M1";"HKD100";"11.82238"
"2023-01";"M1";"KRW100";"0.07521"
"2023-01";"M1";"MYR100";"21.70039"
"2023-01";"M1";"NZD1"  ;"0.5957"
"2023-01";"M1";"SGD1"  ;"0.70371"
"2023-01";"M1";"THB100";"2.80735"
"2023-01";"M1";"XDR1"  ;"1.2444"
"2023-02";"M0";"EUR1"  ;"0.99045"
"2023-02";"M0";"GBP1"  ;"1.11787"
"2023-02";"M0";"DKK100";"13.30322"
"2023-02";"M0";"NOK100";"9.04817"
"2023-02";"M0";"CZK100";"4.17426"
"2023-02";"M0";"HUF100";"0.25737"
"2023-02";"M0";"PLN100";"20.88237"
"2023-02";"M0";"RUB1"  ;"0.01261"
"2023-02";"M0";"SEK100";"8.86279"
"2023-02";"M0";"TRY100";"4.90303"
"2023-02";"M0";"USD1"  ;"0.92427"
"2023-02";"M0";"CAD1"  ;"0.68785"
"2023-02";"M0";"ARS1"  ;"0.00483"
"2023-02";"M0";"BRL100";"17.89159"
"2023-02";"M0";"MXN100";"4.96248"
"2023-02";"M0";"ZAR1"  ;"0.05164"
"2023-02";"M0";"JPY100";"0.6958"
"2023-02";"M0";"AUD1"  ;"0.63852"
"2023-02";"M0";"CNY100";"13.52017"
"2023-02";"M0";"HKD100";"11.77914"
"2023-02";"M0";"KRW100";"0.07243"
"2023-02";"M0";"MYR100";"21.16146"
"2023-02";"M0";"NZD1"  ;"0.58216"
"2023-02";"M0";"SGD1"  ;"0.69441"
"2023-02";"M0";"THB100";"2.71518"
"2023-02";"M0";"XDR1"  ;"1.23844"
"2023-02";"M0";"USD3M" ;"0.9155"
"2023-02";"M0";"USD6M" ;"0.9066"
"2023-02";"M1";"EUR1"  ;"0.99482"
"2023-02";"M1";"GBP1"  ;"1.1325"
"2023-02";"M1";"DKK100";"13.36559"
"2023-02";"M1";"NOK100";"9.05776"
"2023-02";"M1";"CZK100";"4.21538"
"2023-02";"M1";"HUF100";"0.26187"
"2023-02";"M1";"PLN100";"21.09329"
"2023-02";"M1";"RUB1"  ;"0.01253"
"2023-02";"M1";"SEK100";"8.99763"
"2023-02";"M1";"TRY100";"4.96585"
"2023-02";"M1";"USD1"  ;"0.93785"
"2023-02";"M1";"CAD1"  ;"0.69018"
"2023-02";"M1";"ARS1"  ;"0.00477"
"2023-02";"M1";"BRL100";"18.03072"
"2023-02";"M1";"MXN100";"5.11059"
"2023-02";"M1";"ZAR1"  ;"0.05086"
"2023-02";"M1";"JPY100";"0.68589"
"2023-02";"M1";"AUD1"  ;"0.63028"
"2023-02";"M1";"CNY100";"13.52012"
"2023-02";"M1";"HKD100";"11.94789"
"2023-02";"M1";"KRW100";"0.07085"
"2023-02";"M1";"MYR100";"20.90149"
"2023-02";"M1";"NZD1"  ;"0.57631"
"2023-02";"M1";"SGD1"  ;"0.69527"
"2023-02";"M1";"THB100";"2.65364"
"2023-02";"M1";"XDR1"  ;"1.2432"
"2023-03";"M0";"EUR1"  ;"0.99051"
"2023-03";"M0";"GBP1"  ;"1.12331"
"2023-03";"M0";"DKK100";"13.30277"
"2023-03";"M0";"NOK100";"8.78479"
"2023-03";"M0";"CZK100";"4.18025"
"2023-03";"M0";"HUF100";"0.25728"
"2023-03";"M0";"PLN100";"21.11561"
"2023-03";"M0";"RUB1"  ;"0.01213"
"2023-03";"M0";"SEK100";"8.82636"
"2023-03";"M0";"TRY100";"4.86973"
"2023-03";"M0";"USD1"  ;"0.92552"
"2023-03";"M0";"CAD1"  ;"0.67641"
"2023-03";"M0";"ARS1"  ;"0.00457"
"2023-03";"M0";"BRL100";"17.76368"
"2023-03";"M0";"MXN100";"5.02742"
"2023-03";"M0";"ZAR1"  ;"0.0506"
"2023-03";"M0";"JPY100";"0.69225"
"2023-03";"M0";"AUD1"  ;"0.61791"
"2023-03";"M0";"CNY100";"13.41733"
"2023-03";"M0";"HKD100";"11.79177"
"2023-03";"M0";"KRW100";"0.07089"
"2023-03";"M0";"MYR100";"20.72094"
"2023-03";"M0";"NZD1"  ;"0.57444"
"2023-03";"M0";"SGD1"  ;"0.6902"
"2023-03";"M0";"THB100";"2.68352"
"2023-03";"M0";"XDR1"  ;"1.23632"
"2023-03";"M0";"USD3M" ;"0.9159"
"2023-03";"M0";"USD6M" ;"0.9076"
"2023-03";"M1";"EUR1"  ;"0.99775"
"2023-03";"M1";"GBP1"  ;"1.13294"
"2023-03";"M1";"DKK100";"13.39508"
"2023-03";"M1";"NOK100";"8.78492"
"2023-03";"M1";"CZK100";"4.24019"
"2023-03";"M1";"HUF100";"0.26182"
"2023-03";"M1";"PLN100";"21.3394"
"2023-03";"M1";"RUB1"  ;"0.01187"
"2023-03";"M1";"SEK100";"8.86105"
"2023-03";"M1";"TRY100";"4.77676"
"2023-03";"M1";"USD1"  ;"0.91625"
"2023-03";"M1";"CAD1"  ;"0.67592"
"2023-03";"M1";"ARS1"  ;"0.00439"
"2023-03";"M1";"BRL100";"17.98367"
"2023-03";"M1";"MXN100";"5.06392"
"2023-03";"M1";"ZAR1"  ;"0.05144"
"2023-03";"M1";"JPY100";"0.68646"
"2023-03";"M1";"AUD1"  ;"0.61283"
"2023-03";"M1";"CNY100";"13.33231"
"2023-03";"M1";"HKD100";"11.67197"
"2023-03";"M1";"KRW100";"0.07042"
"2023-03";"M1";"MYR100";"20.74466"
"2023-03";"M1";"NZD1"  ;"0.57371"
"2023-03";"M1";"SGD1"  ;"0.68907"
"2023-03";"M1";"THB100";"2.68074"
"2023-03";"M1";"XDR1"  ;"1.2281"
"2023-04";"M0";"EUR1"  ;"0.98479"
"2023-04";"M0";"GBP1"  ;"1.11735"
"2023-04";"M0";"DKK100";"13.21569"
"2023-04";"M0";"NOK100";"8.54636"
"2023-04";"M0";"CZK100";"4.20058"
"2023-04";"M0";"HUF100";"0.26199"
"2023-04";"M0";"PLN100";"21.23988"
"2023-04";"M0";"RUB1"  ;"0.01107"
"2023-04";"M0";"SEK100";"8.68226"
"2023-04";"M0";"TRY100";"4.63803"
"2023-04";"M0";"USD1"  ;"0.89768"
"2023-04";"M0";"CAD1"  ;"0.66574"
"2023-04";"M0";"ARS1"  ;"0.00416"
"2023-04";"M0";"BRL100";"17.89625"
"2023-04";"M0";"MXN100";"4.96304"
"2023-04";"M0";"ZAR1"  ;"0.0494"
"2023-04";"M0";"JPY100";"0.672"
"2023-04";"M0";"AUD1"  ;"0.60022"
"2023-04";"M0";"CNY100";"13.0293"
"2023-04";"M0";"HKD100";"11.43582"
"2023-04";"M0";"KRW100";"0.06788"
"2023-04";"M0";"MYR100";"20.27909"
"2023-04";"M0";"NZD1"  ;"0.55697"
"2023-04";"M0";"SGD1"  ;"0.67397"
"2023-04";"M0";"THB100";"2.62203"
"2023-04";"M0";"XDR1"  ;"1.21172"
"2023-04";"M0";"USD3M" ;"0.8894"
"2023-04";"M0";"USD6M" ;"0.8815"
"2023-04";"M1";"EUR1"  ;"0.98448"
"2023-04";"M1";"GBP1"  ;"1.11588"
"2023-04";"M1";"DKK100";"13.20755"
"2023-04";"M1";"NOK100";"8.32869"
"2023-04";"M1";"CZK100";"4.19266"
"2023-04";"M1";"HUF100";"0.26396"
"2023-04";"M1";"PLN100";"21.45337"
"2023-04";"M1";"RUB1"  ;"0.01103"
"2023-04";"M1";"SEK100";"8.66873"
"2023-04";"M1";"TRY100";"4.60567"
"2023-04";"M1";"USD1"  ;"0.896"
"2023-04";"M1";"CAD1"  ;"0.65586"
"2023-04";"M1";"ARS1"  ;"0.00404"
"2023-04";"M1";"BRL100";"17.99269"
"2023-04";"M1";"MXN100";"4.95356"
"2023-04";"M1";"ZAR1"  ;"0.04867"
"2023-04";"M1";"JPY100";"0.66045"
"2023-04";"M1";"AUD1"  ;"0.5897"
"2023-04";"M1";"CNY100";"12.94162"
"2023-04";"M1";"HKD100";"11.41416"
"2023-04";"M1";"KRW100";"0.06693"
"2023-04";"M1";"MYR100";"20.0996"
"2023-04";"M1";"NZD1"  ;"0.54902"
"2023-04";"M1";"SGD1"  ;"0.67011"
"2023-04";"M1";"THB100";"2.62726"
"2023-04";"M1";"XDR1"  ;"1.2044"
"2023-05";"M0";"EUR1"  ;"0.97533"
"2023-05";"M0";"GBP1"  ;"1.1199"
"2023-05";"M0";"DKK100";"13.09446"
"2023-05";"M0";"NOK100";"8.3128"
"2023-05";"M0";"CZK100";"4.13438"
"2023-05";"M0";"HUF100";"0.26186"
"2023-05";"M0";"PLN100";"21.50253"
"2023-05";"M0";"RUB1"  ;"0.01136"
"2023-05";"M0";"SEK100";"8.58591"
"2023-05";"M0";"TRY100";"4.54068"
"2023-05";"M0";"USD1"  ;"0.89699"
"2023-05";"M0";"CAD1"  ;"0.66373"
"2023-05";"M0";"ARS1"  ;"0.00389"
"2023-05";"M0";"BRL100";"18.02273"
"2023-05";"M0";"MXN100";"5.05497"
"2023-05";"M0";"ZAR1"  ;"0.0472"
"2023-05";"M0";"JPY100";"0.6553"
"2023-05";"M0";"AUD1"  ;"0.59669"
"2023-05";"M0";"CNY100";"12.84086"
"2023-05";"M0";"HKD100";"11.44547"
"2023-05";"M0";"KRW100";"0.06761"
"2023-05";"M0";"MYR100";"19.86371"
"2023-05";"M0";"NZD1"  ;"0.55788"
"2023-05";"M0";"SGD1"  ;"0.66999"
"2023-05";"M0";"THB100";"2.62406"
"2023-05";"M0";"XDR1"  ;"1.20408"
"2023-05";"M0";"USD3M" ;"0.8879"
"2023-05";"M0";"USD6M" ;"0.8797"
"2023-05";"M1";"EUR1"  ;"0.97154"
"2023-05";"M1";"GBP1"  ;"1.12575"
"2023-05";"M1";"DKK100";"13.04454"
"2023-05";"M1";"NOK100";"8.08099"
"2023-05";"M1";"CZK100";"4.09712"
"2023-05";"M1";"HUF100";"0.26193"
"2023-05";"M1";"PLN100";"21.41028"
"2023-05";"M1";"RUB1"  ;"0.01126"
"2023-05";"M1";"SEK100";"8.32169"
"2023-05";"M1";"TRY100";"4.40181"
"2023-05";"M1";"USD1"  ;"0.91135"
"2023-05";"M1";"CAD1"  ;"0.66797"
"2023-05";"M1";"ARS1"  ;"0.00382"
"2023-05";"M1";"BRL100";"18.08378"
"2023-05";"M1";"MXN100";"5.16042"
"2023-05";"M1";"ZAR1"  ;"0.04596"
"2023-05";"M1";"JPY100";"0.65141"
"2023-05";"M1";"AUD1"  ;"0.59033"
"2023-05";"M1";"CNY100";"12.81985"
"2023-05";"M1";"HKD100";"11.63356"
"2023-05";"M1";"KRW100";"0.06878"
"2023-05";"M1";"MYR100";"19.71936"
"2023-05";"M1";"NZD1"  ;"0.54658"
"2023-05";"M1";"SGD1"  ;"0.67258"
"2023-05";"M1";"THB100";"2.62055"
"2023-05";"M1";"XDR1"  ;"1.2094"
"2023-06";"M0";"EUR1"  ;"0.97602"
"2023-06";"M0";"GBP1"  ;"1.13719"
"2023-06";"M0";"DKK100";"13.10236"
"2023-06";"M0";"NOK100";"8.33852"
"2023-06";"M0";"CZK100";"4.11796"
"2023-06";"M0";"HUF100";"0.26329"
"2023-06";"M0";"PLN100";"21.87033"
"2023-06";"M0";"RUB1"  ;"0.01078"
"2023-06";"M0";"SEK100";"8.36268"
"2023-06";"M0";"TRY100";"3.81098"
"2023-06";"M0";"USD1"  ;"0.90083"
"2023-06";"M0";"CAD1"  ;"0.67764"
"2023-06";"M0";"ARS1"  ;"0.00363"
"2023-06";"M0";"BRL100";"18.53437"
"2023-06";"M0";"MXN100";"5.21931"
"2023-06";"M0";"ZAR1"  ;"0.0481"
"2023-06";"M0";"JPY100";"0.63779"
"2023-06";"M0";"AUD1"  ;"0.60452"
"2023-06";"M0";"CNY100";"12.57606"
"2023-06";"M0";"HKD100";"11.50173"
"2023-06";"M0";"KRW100";"0.06948"
"2023-06";"M0";"MYR100";"19.44907"
"2023-06";"M0";"NZD1"  ;"0.55226"
"2023-06";"M0";"SGD1"  ;"0.66902"
"2023-06";"M0";"THB100";"2.57994"
"2023-06";"M0";"XDR1"  ;"1.20113"
"2023-06";"M0";"USD3M" ;"0.892"
"2023-06";"M0";"USD6M" ;"0.8835"
"2023-06";"M1";"EUR1"  ;"0.97665"
"2023-06";"M1";"GBP1"  ;"1.13667"
"2023-06";"M1";"DKK100";"13.11496"
"2023-06";"M1";"NOK100";"8.36249"
"2023-06";"M1";"CZK100";"4.11425"
"2023-06";"M1";"HUF100";"0.26313"
"2023-06";"M1";"PLN100";"21.94846"
"2023-06";"M1";"RUB1"  ;"0.01026"
"2023-06";"M1";"SEK100";"8.26841"
"2023-06";"M1";"TRY100";"3.45623"
"2023-06";"M1";"USD1"  ;"0.90105"
"2023-06";"M1";"CAD1"  ;"0.67965"
"2023-06";"M1";"ARS1"  ;"0.00352"
"2023-06";"M1";"BRL100";"18.56189"
"2023-06";"M1";"MXN100";"5.26693"
"2023-06";"M1";"ZAR1"  ;"0.0476"
"2023-06";"M1";"JPY100";"0.6229"
"2023-06";"M1";"AUD1"  ;"0.59636"
"2023-06";"M1";"CNY100";"12.39988"
"2023-06";"M1";"HKD100";"11.49944"
"2023-06";"M1";"KRW100";"0.06837"
"2023-06";"M1";"MYR100";"19.31594"
"2023-06";"M1";"NZD1"  ;"0.54779"
"2023-06";"M1";"SGD1"  ;"0.664"
"2023-06";"M1";"THB100";"2.53788"
"2023-06";"M1";"XDR1"  ;"1.1919"
"2023-07";"M0";"EUR1"  ;"0.9661"
"2023-07";"M0";"GBP1"  ;"1.12533"
"2023-07";"M0";"DKK100";"12.96625"
"2023-07";"M0";"NOK100";"8.50804"
"2023-07";"M0";"CZK100";"4.04406"
"2023-07";"M0";"HUF100";"0.25497"
"2023-07";"M0";"PLN100";"21.74485"
"2023-07";"M0";"RUB1"  ;"0.00966"
"2023-07";"M0";"SEK100";"8.30282"
"2023-07";"M0";"TRY100";"3.29707"
"2023-07";"M0";"USD1"  ;"0.87398"
"2023-07";"M0";"CAD1"  ;"0.66112"
"2023-07";"M0";"ARS1"  ;"0.00329"
"2023-07";"M0";"BRL100";"18.18351"
"2023-07";"M0";"MXN100";"5.16188"
"2023-07";"M0";"ZAR1"  ;"0.04803"
"2023-07";"M0";"JPY100";"0.61949"
"2023-07";"M0";"AUD1"  ;"0.58847"
"2023-07";"M0";"CNY100";"12.15522"
"2023-07";"M0";"HKD100";"11.18089"
"2023-07";"M0";"KRW100";"0.0681"
"2023-07";"M0";"MYR100";"19.03768"
"2023-07";"M0";"NZD1"  ;"0.54412"
"2023-07";"M0";"SGD1"  ;"0.65485"
"2023-07";"M0";"THB100";"2.52524"
"2023-07";"M0";"XDR1"  ;"1.17381"
"2023-07";"M0";"USD3M" ;"0.8654"
"2023-07";"M0";"USD6M" ;"0.8564"
"2023-07";"M1";"EUR1"  ;"0.96064"
"2023-07";"M1";"GBP1"  ;"1.11881"
"2023-07";"M1";"DKK100";"12.89067"
"2023-07";"M1";"NOK100";"8.56499"
"2023-07";"M1";"CZK100";"4.01798"
"2023-07";"M1";"HUF100";"0.2494"
"2023-07";"M1";"PLN100";"21.76478"
"2023-07";"M1";"RUB1"  ;"0.00951"
"2023-07";"M1";"SEK100";"8.28646"
"2023-07";"M1";"TRY100";"3.22896"
"2023-07";"M1";"USD1"  ;"0.8707"
"2023-07";"M1";"CAD1"  ;"0.65793"
"2023-07";"M1";"ARS1"  ;"0.00318"
"2023-07";"M1";"BRL100";"18.40609"
"2023-07";"M1";"MXN100";"5.19691"
"2023-07";"M1";"ZAR1"  ;"0.04925"
"2023-07";"M1";"JPY100";"0.61125"
"2023-07";"M1";"AUD1"  ;"0.58276"
"2023-07";"M1";"CNY100";"12.18393"
"2023-07";"M1";"HKD100";"11.16025"
"2023-07";"M1";"KRW100";"0.06835"
"2023-07";"M1";"MYR100";"19.34459"
"2023-07";"M1";"NZD1"  ;"0.53914"
"2023-07";"M1";"SGD1"  ;"0.65451"
"2023-07";"M1";"THB100";"2.54271"
"2023-07";"M1";"XDR1"  ;"1.1672"
"2023-08";"M0";"EUR1"  ;"0.95835"
"2023-08";"M0";"GBP1"  ;"1.11603"
"2023-08";"M0";"DKK100";"12.86015"
"2023-08";"M0";"NOK100";"8.38882"
"2023-08";"M0";"CZK100";"3.97315"
"2023-08";"M0";"HUF100";"0.24872"
"2023-08";"M0";"PLN100";"21.47783"
"2023-08";"M0";"RUB1"  ;"0.00919"
"2023-08";"M0";"SEK100";"8.1092"
"2023-08";"M0";"TRY100";"3.25731"
"2023-08";"M0";"USD1"  ;"0.87859"
"2023-08";"M0";"CAD1"  ;"0.65156"
"2023-08";"M0";"ARS1"  ;"0.00276"
"2023-08";"M0";"BRL100";"17.91147"
"2023-08";"M0";"MXN100";"5.16954"
"2023-08";"M0";"ZAR1"  ;"0.04676"
"2023-08";"M0";"JPY100";"0.60668"
"2023-08";"M0";"AUD1"  ;"0.56924"
"2023-08";"M0";"CNY100";"12.10677"
"2023-08";"M0";"HKD100";"11.22558"
"2023-08";"M0";"KRW100";"0.06638"
"2023-08";"M0";"MYR100";"19.03935"
"2023-08";"M0";"NZD1"  ;"0.52617"
"2023-08";"M0";"SGD1"  ;"0.65007"
"2023-08";"M0";"THB100";"2.50709"
"2023-08";"M0";"XDR1"  ;"1.17098"
"2023-08";"M0";"USD3M" ;"0.8698"
"2023-08";"M0";"USD6M" ;"0.8606"
"2023-08";"M1";"EUR1"  ;"0.95822"
"2023-08";"M1";"GBP1"  ;"1.11835"
"2023-08";"M1";"DKK100";"12.85839"
"2023-08";"M1";"NOK100";"8.26367"
"2023-08";"M1";"CZK100";"3.97545"
"2023-08";"M1";"HUF100";"0.25214"
"2023-08";"M1";"PLN100";"21.44213"
"2023-08";"M1";"RUB1"  ;"0.00913"
"2023-08";"M1";"SEK100";"8.06756"
"2023-08";"M1";"TRY100";"3.29675"
"2023-08";"M1";"USD1"  ;"0.8808"
"2023-08";"M1";"CAD1"  ;"0.65044"
"2023-08";"M1";"ARS1"  ;"0.00252"
"2023-08";"M1";"BRL100";"18.0178"
"2023-08";"M1";"MXN100";"5.26143"
"2023-08";"M1";"ZAR1"  ;"0.0471"
"2023-08";"M1";"JPY100";"0.60362"
"2023-08";"M1";"AUD1"  ;"0.57014"
"2023-08";"M1";"CNY100";"12.08264"
"2023-08";"M1";"HKD100";"11.22782"
"2023-08";"M1";"KRW100";"0.0666"
"2023-08";"M1";"MYR100";"18.98767"
"2023-08";"M1";"NZD1"  ;"0.52425"
"2023-08";"M1";"SGD1"  ;"0.65162"
"2023-08";"M1";"THB100";"2.51873"
"2023-08";"M1";"XDR1"  ;"1.1747"
"2023-09";"M0";"EUR1"  ;"0.95969"
"2023-09";"M0";"GBP1"  ;"1.11365"
"2023-09";"M0";"DKK100";"12.87107"
"2023-09";"M0";"NOK100";"8.3766"
"2023-09";"M0";"CZK100";"3.93741"
"2023-09";"M0";"HUF100";"0.24833"
"2023-09";"M0";"PLN100";"20.87711"
"2023-09";"M0";"RUB1"  ;"0.00929"
"2023-09";"M0";"SEK100";"8.10249"
"2023-09";"M0";"TRY100";"3.32477"
"2023-09";"M0";"USD1"  ;"0.89823"
"2023-09";"M0";"CAD1"  ;"0.66347"
"2023-09";"M0";"ARS1"  ;"0.00257"
"2023-09";"M0";"BRL100";"18.17607"
"2023-09";"M0";"MXN100";"5.1918"
"2023-09";"M0";"ZAR1"  ;"0.04734"
"2023-09";"M0";"JPY100";"0.60817"
"2023-09";"M0";"AUD1"  ;"0.57701"
"2023-09";"M0";"CNY100";"12.30869"
"2023-09";"M0";"HKD100";"11.47406"
"2023-09";"M0";"KRW100";"0.06735"
"2023-09";"M0";"MYR100";"19.18531"
"2023-09";"M0";"NZD1"  ;"0.5326"
"2023-09";"M0";"SGD1"  ;"0.65892"
"2023-09";"M0";"THB100";"2.50546"
"2023-09";"M0";"XDR1"  ;"1.18616"
"2023-09";"M0";"USD3M" ;"0.8895"
"2023-09";"M0";"USD6M" ;"0.8803"
"2023-09";"M1";"EUR1"  ;"0.96523"
"2023-09";"M1";"GBP1"  ;"1.11305"
"2023-09";"M1";"DKK100";"12.94461"
"2023-09";"M1";"NOK100";"8.57473"
"2023-09";"M1";"CZK100";"3.95911"
"2023-09";"M1";"HUF100";"0.24669"
"2023-09";"M1";"PLN100";"20.82341"
"2023-09";"M1";"RUB1"  ;"0.00935"
"2023-09";"M1";"SEK100";"8.39873"
"2023-09";"M1";"TRY100";"3.31717"
"2023-09";"M1";"USD1"  ;"0.90965"
"2023-09";"M1";"CAD1"  ;"0.67634"
"2023-09";"M1";"ARS1"  ;"0.0026"
"2023-09";"M1";"BRL100";"18.07192"
"2023-09";"M1";"MXN100";"5.21708"
"2023-09";"M1";"ZAR1"  ;"0.04842"
"2023-09";"M1";"JPY100";"0.6103"
"2023-09";"M1";"AUD1"  ;"0.58964"
"2023-09";"M1";"CNY100";"12.46386"
"2023-09";"M1";"HKD100";"11.61839"
"2023-09";"M1";"KRW100";"0.06747"
"2023-09";"M1";"MYR100";"19.39387"
"2023-09";"M1";"NZD1"  ;"0.54852"
"2023-09";"M1";"SGD1"  ;"0.66773"
"2023-09";"M1";"THB100";"2.49486"
"2023-09";"M1";"XDR1"  ;"1.2016"
"2023-10";"M0";"EUR1"  ;"0.95518"
"2023-10";"M0";"GBP1"  ;"1.10018"
"2023-10";"M0";"DKK100";"12.80336"
"2023-10";"M0";"NOK100";"8.22272"
"2023-10";"M0";"CZK100";"3.88537"
"2023-10";"M0";"HUF100";"0.24786"
"2023-10";"M0";"PLN100";"21.16628"
"2023-10";"M0";"RUB1"  ;"0.00934"
"2023-10";"M0";"SEK100";"8.20288"
"2023-10";"M0";"TRY100";"3.24237"
"2023-10";"M0";"USD1"  ;"0.90385"
"2023-10";"M0";"CAD1"  ;"0.65986"
"2023-10";"M0";"ARS1"  ;"0.00258"
"2023-10";"M0";"BRL100";"17.8534"
"2023-10";"M0";"MXN100";"5.00761"
"2023-10";"M0";"ZAR1"  ;"0.04743"
"2023-10";"M0";"JPY100";"0.60428"
"2023-10";"M0";"AUD1"  ;"0.57427"
"2023-10";"M0";"CNY100";"12.36889"
"2023-10";"M0";"HKD100";"11.55126"
"2023-10";"M0";"KRW100";"0.06687"
"2023-10";"M0";"MYR100";"19.03957"
"2023-10";"M0";"NZD1"  ;"0.53332"
"2023-10";"M0";"SGD1"  ;"0.66025"
"2023-10";"M0";"THB100";"2.47618"
"2023-10";"M0";"XDR1"  ;"1.1857"
"2023-10";"M0";"USD3M" ;"0.8945"
"2023-10";"M0";"USD6M" ;"0.8855"
"2023-10";"M1";"EUR1"  ;"0.9617"
"2023-10";"M1";"GBP1"  ;"1.09951"
"2023-10";"M1";"DKK100";"12.88447"
"2023-10";"M1";"NOK100";"8.10413"
"2023-10";"M1";"CZK100";"3.91836"
"2023-10";"M1";"HUF100";"0.25145"
"2023-10";"M1";"PLN100";"21.62208"
"2023-10";"M1";"RUB1"  ;"0.00981"
"2023-10";"M1";"SEK100";"8.12823"
"2023-10";"M1";"TRY100";"3.18818"
"2023-10";"M1";"USD1"  ;"0.9019"
"2023-10";"M1";"CAD1"  ;"0.65279"
"2023-10";"M1";"ARS1"  ;"0.00258"
"2023-10";"M1";"BRL100";"17.88455"
"2023-10";"M1";"MXN100";"5.00727"
"2023-10";"M1";"ZAR1"  ;"0.04806"
"2023-10";"M1";"JPY100";"0.59857"
"2023-10";"M1";"AUD1"  ;"0.57451"
"2023-10";"M1";"CNY100";"12.32794"
"2023-10";"M1";"HKD100";"11.52676"
"2023-10";"M1";"KRW100";"0.06675"
"2023-10";"M1";"MYR100";"18.93435"
"2023-10";"M1";"NZD1"  ;"0.5277"
"2023-10";"M1";"SGD1"  ;"0.66068"
"2023-10";"M1";"THB100";"2.50911"
"2023-10";"M1";"XDR1"  ;"1.1925"
"2023-11";"M0";"EUR1"  ;"0.96324"
"2023-11";"M0";"GBP1"  ;"1.10675"
"2023-11";"M0";"DKK100";"12.91541"
"2023-11";"M0";"NOK100";"8.16249"
"2023-11";"M0";"CZK100";"3.93438"
"2023-11";"M0";"HUF100";"0.25408"
"2023-11";"M0";"PLN100";"21.88145"
"2023-11";"M0";"RUB1"  ;"0.00987"
"2023-11";"M0";"SEK100";"8.33915"
"2023-11";"M0";"TRY100";"3.11173"
"2023-11";"M0";"USD1"  ;"0.8918"
"2023-11";"M0";"CAD1"  ;"0.64981"
"2023-11";"M0";"ARS1"  ;"0.00253"
"2023-11";"M0";"BRL100";"18.17612"
"2023-11";"M0";"MXN100";"5.12372"
"2023-11";"M0";"ZAR1"  ;"0.04808"
"2023-11";"M0";"JPY100";"0.59514"
"2023-11";"M0";"AUD1"  ;"0.57891"
"2023-11";"M0";"CNY100";"12.33963"
"2023-11";"M0";"HKD100";"11.42279"
"2023-11";"M0";"KRW100";"0.06819"
"2023-11";"M0";"MYR100";"19.01988"
"2023-11";"M0";"NZD1"  ;"0.53409"
"2023-11";"M0";"SGD1"  ;"0.66104"
"2023-11";"M0";"THB100";"2.51409"
"2023-11";"M0";"XDR1"  ;"1.17952"
"2023-11";"M0";"USD3M" ;"0.8828"
"2023-11";"M0";"USD6M" ;"0.8742"
"2023-11";"M1";"EUR1"  ;"0.95577"
"2023-11";"M1";"GBP1"  ;"1.10682"
"2023-11";"M1";"DKK100";"12.82104"
"2023-11";"M1";"NOK100";"8.1725"
"2023-11";"M1";"CZK100";"3.92861"
"2023-11";"M1";"HUF100";"0.25181"
"2023-11";"M1";"PLN100";"21.97839"
"2023-11";"M1";"RUB1"  ;"0.00988"
"2023-11";"M1";"SEK100";"8.37634"
"2023-11";"M1";"TRY100";"3.03157"
"2023-11";"M1";"USD1"  ;"0.87485"
"2023-11";"M1";"CAD1"  ;"0.64299"
"2023-11";"M1";"ARS1"  ;"0.00243"
"2023-11";"M1";"BRL100";"17.8377"
"2023-11";"M1";"MXN100";"5.01019"
"2023-11";"M1";"ZAR1"  ;"0.0464"
"2023-11";"M1";"JPY100";"0.5934"
"2023-11";"M1";"AUD1"  ;"0.57854"
"2023-11";"M1";"CNY100";"12.26362"
"2023-11";"M1";"HKD100";"11.20253"
"2023-11";"M1";"KRW100";"0.06781"
"2023-11";"M1";"MYR100";"18.76595"
"2023-11";"M1";"NZD1"  ;"0.53838"
"2023-11";"M1";"SGD1"  ;"0.65497"
"2023-11";"M1";"THB100";"2.48692"
"2023-11";"M1";"XDR1"  ;"1.1674"
"2023-12";"M0";"EUR1"  ;"0.94415"
"2023-12";"M0";"GBP1"  ;"1.09558"
"2023-12";"M0";"DKK100";"12.66354"
"2023-12";"M0";"NOK100";"8.1897"
"2023-12";"M0";"CZK100";"3.85846"
"2023-12";"M0";"HUF100";"0.24733"
"2023-12";"M0";"PLN100";"21.79434"
"2023-12";"M0";"RUB1"  ;"0.00952"
"2023-12";"M0";"SEK100";"8.42523"
"2023-12";"M0";"TRY100";"2.97656"
"2023-12";"M0";"USD1"  ;"0.86603"
"2023-12";"M0";"CAD1"  ;"0.64442"
"2023-12";"M0";"ARS1"  ;"0.0017"
"2023-12";"M0";"BRL100";"17.66104"
"2023-12";"M0";"MXN100";"5.03243"
"2023-12";"M0";"ZAR1"  ;"0.04646"
"2023-12";"M0";"JPY100";"0.60067"
"2023-12";"M0";"AUD1"  ;"0.57869"
"2023-12";"M0";"CNY100";"12.12405"
"2023-12";"M0";"HKD100";"11.08977"
"2023-12";"M0";"KRW100";"0.06636"
"2023-12";"M0";"MYR100";"18.57613"
"2023-12";"M0";"NZD1"  ;"0.53796"
"2023-12";"M0";"SGD1"  ;"0.64977"
"2023-12";"M0";"THB100";"2.47366"
"2023-12";"M0";"XDR1"  ;"1.1544"
"2023-12";"M0";"USD3M" ;"0.8567"
"2023-12";"M0";"USD6M" ;"0.8485"
"2023-12";"M1";"EUR1"  ;"0.92809"
"2023-12";"M1";"GBP1"  ;"1.0672"
"2023-12";"M1";"DKK100";"12.45081"
"2023-12";"M1";"NOK100";"8.25529"
"2023-12";"M1";"CZK100";"3.75381"
"2023-12";"M1";"HUF100";"0.24245"
"2023-12";"M1";"PLN100";"21.34545"
"2023-12";"M1";"RUB1"  ;"0.00936"
"2023-12";"M1";"SEK100";"8.3632"
"2023-12";"M1";"TRY100";"2.8428"
"2023-12";"M1";"USD1"  ;"0.84005"
"2023-12";"M1";"CAD1"  ;"0.6339"
"2023-12";"M1";"ARS1"  ;"0.00104"
"2023-12";"M1";"BRL100";"17.30064"
"2023-12";"M1";"MXN100";"4.9559"
"2023-12";"M1";"ZAR1"  ;"0.04536"
"2023-12";"M1";"JPY100";"0.59208"
"2023-12";"M1";"AUD1"  ;"0.57165"
"2023-12";"M1";"CNY100";"11.81438"
"2023-12";"M1";"HKD100";"10.75443"
"2023-12";"M1";"KRW100";"0.06506"
"2023-12";"M1";"MYR100";"18.28302"
"2023-12";"M1";"NZD1"  ;"0.53024"
"2023-12";"M1";"SGD1"  ;"0.63602"
"2023-12";"M1";"THB100";"2.44435"
"2023-12";"M1";"XDR1"  ;"1.1246"
"2024-01";"M0";"EUR1"  ;"0.93645"
"2024-01";"M0";"GBP1"  ;"1.0911"
"2024-01";"M0";"DKK100";"12.55771"
"2024-01";"M0";"NOK100";"8.2532"
"2024-01";"M0";"CZK100";"3.7888"
"2024-01";"M0";"HUF100";"0.24508"
"2024-01";"M0";"PLN100";"21.44783"
"2024-01";"M0";"RUB1"  ;"0.00963"
"2024-01";"M0";"SEK100";"8.29486"
"2024-01";"M0";"TRY100";"2.85205"
"2024-01";"M0";"USD1"  ;"0.85893"
"2024-01";"M0";"CAD1"  ;"0.64004"
"2024-01";"M0";"ARS1"  ;"0.00105"
"2024-01";"M0";"BRL100";"17.47957"
"2024-01";"M0";"MXN100";"5.02927"
"2024-01";"M0";"ZAR1"  ;"0.04566"
"2024-01";"M0";"JPY100";"0.58702"
"2024-01";"M0";"AUD1"  ;"0.57019"
"2024-01";"M0";"CNY100";"11.97519"
"2024-01";"M0";"HKD100";"10.98783"
"2024-01";"M0";"KRW100";"0.06473"
"2024-01";"M0";"MYR100";"18.30878"
"2024-01";"M0";"NZD1"  ;"0.53002"
"2024-01";"M0";"SGD1"  ;"0.64281"
"2024-01";"M0";"THB100";"2.43661"
"2024-01";"M0";"XDR1"  ;"1.14366"
"2024-01";"M0";"USD3M" ;"0.8494"
"2024-01";"M0";"USD6M" ;"0.8417"
"2024-01";"M1";"EUR1"  ;"0.93392"
"2024-01";"M1";"GBP1"  ;"1.09329"
"2024-01";"M1";"DKK100";"12.52686"
"2024-01";"M1";"NOK100";"8.23519"
"2024-01";"M1";"CZK100";"3.76962"
"2024-01";"M1";"HUF100";"0.24259"
"2024-01";"M1";"PLN100";"21.50154"
"2024-01";"M1";"RUB1"  ;"0.00962"
"2024-01";"M1";"SEK100";"8.28803"
"2024-01";"M1";"TRY100";"2.84237"
"2024-01";"M1";"USD1"  ;"0.8629"
"2024-01";"M1";"CAD1"  ;"0.6429"
"2024-01";"M1";"ARS1"  ;"0.00104"
"2024-01";"M1";"BRL100";"17.4281"
"2024-01";"M1";"MXN100";"5.03689"
"2024-01";"M1";"ZAR1"  ;"0.0461"
"2024-01";"M1";"JPY100";"0.58395"
"2024-01";"M1";"AUD1"  ;"0.56805"
"2024-01";"M1";"CNY100";"12.02363"
"2024-01";"M1";"HKD100";"11.03537"
"2024-01";"M1";"KRW100";"0.06464"
"2024-01";"M1";"MYR100";"18.23234"
"2024-01";"M1";"NZD1"  ;"0.5287"
"2024-01";"M1";"SGD1"  ;"0.64396"
"2024-01";"M1";"THB100";"2.43235"
"2024-01";"M1";"XDR1"  ;"1.1383"
"2024-02";"M0";"EUR1"  ;"0.946"
"2024-02";"M0";"GBP1"  ;"1.10711"
"2024-02";"M0";"DKK100";"12.68899"
"2024-02";"M0";"NOK100";"8.30688"
"2024-02";"M0";"CZK100";"3.74971"
"2024-02";"M0";"HUF100";"0.24375"
"2024-02";"M0";"PLN100";"21.86062"
"2024-02";"M0";"RUB1"  ;"0.00955"
"2024-02";"M0";"SEK100";"8.40986"
"2024-02";"M0";"TRY100";"2.84515"
"2024-02";"M0";"USD1"  ;"0.87667"
"2024-02";"M0";"CAD1"  ;"0.64976"
"2024-02";"M0";"ARS1"  ;"0.00105"
"2024-02";"M0";"BRL100";"17.66882"
"2024-02";"M0";"MXN100";"5.12924"
"2024-02";"M0";"ZAR1"  ;"0.04611"
"2024-02";"M0";"JPY100";"0.58649"
"2024-02";"M0";"AUD1"  ;"0.57223"
"2024-02";"M0";"CNY100";"12.18672"
"2024-02";"M0";"HKD100";"11.20811"
"2024-02";"M0";"KRW100";"0.06584"
"2024-02";"M0";"MYR100";"18.38726"
"2024-02";"M0";"NZD1"  ;"0.53695"
"2024-02";"M0";"SGD1"  ;"0.65197"
"2024-02";"M0";"THB100";"2.44528"
"2024-02";"M0";"XDR1"  ;"1.16334"
"2024-02";"M0";"USD3M" ;"0.8681"
"2024-02";"M0";"USD6M" ;"0.8598"
"2024-02";"M1";"EUR1"  ;"0.95274"
"2024-02";"M1";"GBP1"  ;"1.1122"
"2024-02";"M1";"DKK100";"12.78138"
"2024-02";"M1";"NOK100";"8.28584"
"2024-02";"M1";"CZK100";"3.76187"
"2024-02";"M1";"HUF100";"0.24183"
"2024-02";"M1";"PLN100";"22.05672"
"2024-02";"M1";"RUB1"  ;"0.00967"
"2024-02";"M1";"SEK100";"8.5018"
"2024-02";"M1";"TRY100";"2.81221"
"2024-02";"M1";"USD1"  ;"0.8781"
"2024-02";"M1";"CAD1"  ;"0.64637"
"2024-02";"M1";"ARS1"  ;"0.00104"
"2024-02";"M1";"BRL100";"17.66516"
"2024-02";"M1";"MXN100";"5.14179"
"2024-02";"M1";"ZAR1"  ;"0.0457"
"2024-02";"M1";"JPY100";"0.58636"
"2024-02";"M1";"AUD1"  ;"0.57103"
"2024-02";"M1";"CNY100";"12.20482"
"2024-02";"M1";"HKD100";"11.21843"
"2024-02";"M1";"KRW100";"0.06591"
"2024-02";"M1";"MYR100";"18.51321"
"2024-02";"M1";"NZD1"  ;"0.53468"
"2024-02";"M1";"SGD1"  ;"0.65315"
"2024-02";"M1";"THB100";"2.4478"
"2024-02";"M1";"XDR1"  ;"1.1669"
"2024-03";"M0";"EUR1"  ;"0.96527"
"2024-03";"M0";"GBP1"  ;"1.12857"
"2024-03";"M0";"DKK100";"12.94548"
"2024-03";"M0";"NOK100";"8.38177"
"2024-03";"M0";"CZK100";"3.81642"
"2024-03";"M0";"HUF100";"0.24429"
"2024-03";"M0";"PLN100";"22.40791"
"2024-03";"M0";"RUB1"  ;"0.00968"
"2024-03";"M0";"SEK100";"8.54012"
"2024-03";"M0";"TRY100";"2.77122"
"2024-03";"M0";"USD1"  ;"0.8879"
"2024-03";"M0";"CAD1"  ;"0.65566"
"2024-03";"M0";"ARS1"  ;"0.00105"
"2024-03";"M0";"BRL100";"17.8384"
"2024-03";"M0";"MXN100";"5.28545"
"2024-03";"M0";"ZAR1"  ;"0.04708"
"2024-03";"M0";"JPY100";"0.59308"
"2024-03";"M0";"AUD1"  ;"0.58202"
"2024-03";"M0";"CNY100";"12.32845"
"2024-03";"M0";"HKD100";"11.3506"
"2024-03";"M0";"KRW100";"0.06671"
"2024-03";"M0";"MYR100";"18.8261"
"2024-03";"M0";"NZD1"  ;"0.54028"
"2024-03";"M0";"SGD1"  ;"0.6624"
"2024-03";"M0";"THB100";"2.47106"
"2024-03";"M0";"XDR1"  ;"1.18159"
"2024-03";"M0";"USD3M" ;"0.8796"
"2024-03";"M0";"USD6M" ;"0.8709"
"2024-03";"M1";"EUR1"  ;"0.97652"
"2024-03";"M1";"GBP1"  ;"1.14118"
"2024-03";"M1";"DKK100";"13.09396"
"2024-03";"M1";"NOK100";"8.34892"
"2024-03";"M1";"CZK100";"3.85443"
"2024-03";"M1";"HUF100";"0.24675"
"2024-03";"M1";"PLN100";"22.60865"
"2024-03";"M1";"RUB1"  ;"0.00981"
"2024-03";"M1";"SEK100";"8.4588"
"2024-03";"M1";"TRY100";"2.80296"
"2024-03";"M1";"USD1"  ;"0.9062"
"2024-03";"M1";"CAD1"  ;"0.66574"
"2024-03";"M1";"ARS1"  ;"0.00106"
"2024-03";"M1";"BRL100";"18.17708"
"2024-03";"M1";"MXN100";"5.46022"
"2024-03";"M1";"ZAR1"  ;"0.04746"
"2024-03";"M1";"JPY100";"0.59827"
"2024-03";"M1";"AUD1"  ;"0.58785"
"2024-03";"M1";"CNY100";"12.53302"
"2024-03";"M1";"HKD100";"11.58305"
"2024-03";"M1";"KRW100";"0.06732"
"2024-03";"M1";"MYR100";"19.14116"
"2024-03";"M1";"NZD1"  ;"0.53991"
"2024-03";"M1";"SGD1"  ;"0.67071"
"2024-03";"M1";"THB100";"2.48308"
"2024-03";"M1";"XDR1"  ;"1.1933"
"2024-04";"M0";"EUR1"  ;"0.97598"
"2024-04";"M0";"GBP1"  ;"1.13956"
"2024-04";"M0";"DKK100";"13.08354"
"2024-04";"M0";"NOK100";"8.35451"
"2024-04";"M0";"CZK100";"3.86082"
"2024-04";"M0";"HUF100";"0.24865"
"2024-04";"M0";"PLN100";"22.68381"
"2024-04";"M0";"RUB1"  ;"0.00977"
"2024-04";"M0";"SEK100";"8.4224"
"2024-04";"M0";"TRY100";"2.81272"
"2024-04";"M0";"USD1"  ;"0.90975"
"2024-04";"M0";"CAD1"  ;"0.66565"
"2024-04";"M0";"ARS1"  ;"0.00105"
"2024-04";"M0";"BRL100";"17.75941"
"2024-04";"M0";"MXN100";"5.42064"
"2024-04";"M0";"ZAR1"  ;"0.04821"
"2024-04";"M0";"JPY100";"0.59156"
"2024-04";"M0";"AUD1"  ;"0.59254"
"2024-04";"M0";"CNY100";"12.56652"
"2024-04";"M0";"HKD100";"11.61756"
"2024-04";"M0";"KRW100";"0.06645"
"2024-04";"M0";"MYR100";"19.0796"
"2024-04";"M0";"NZD1"  ;"0.5424"
"2024-04";"M0";"SGD1"  ;"0.67066"
"2024-04";"M0";"THB100";"2.47412"
"2024-04";"M0";"XDR1"  ;"1.20062"
"2024-04";"M0";"USD3M" ;"0.9"
"2024-04";"M0";"USD6M" ;"0.8906"
"2024-04";"M1";"EUR1"  ;"0.9772"
"2024-04";"M1";"GBP1"  ;"1.14409"
"2024-04";"M1";"DKK100";"13.10169"
"2024-04";"M1";"NOK100";"8.27409"
"2024-04";"M1";"CZK100";"3.88364"
"2024-04";"M1";"HUF100";"0.25003"
"2024-04";"M1";"PLN100";"22.6163"
"2024-04";"M1";"RUB1"  ;"0.00977"
"2024-04";"M1";"SEK100";"8.30587"
"2024-04";"M1";"TRY100";"2.81785"
"2024-04";"M1";"USD1"  ;"0.9125"
"2024-04";"M1";"CAD1"  ;"0.6662"
"2024-04";"M1";"ARS1"  ;"0.00104"
"2024-04";"M1";"BRL100";"17.82401"
"2024-04";"M1";"MXN100";"5.3643"
"2024-04";"M1";"ZAR1"  ;"0.04878"
"2024-04";"M1";"JPY100";"0.58149"
"2024-04";"M1";"AUD1"  ;"0.59563"
"2024-04";"M1";"CNY100";"12.60046"
"2024-04";"M1";"HKD100";"11.66596"
"2024-04";"M1";"KRW100";"0.06602"
"2024-04";"M1";"MYR100";"19.12557"
"2024-04";"M1";"NZD1"  ;"0.5423"
"2024-04";"M1";"SGD1"  ;"0.67007"
"2024-04";"M1";"THB100";"2.46036"
"2024-04";"M1";"XDR1"  ;"1.2058"
"2024-05";"M0";"EUR1"  ;"0.9828"
"2024-05";"M0";"GBP1"  ;"1.14898"
"2024-05";"M0";"DKK100";"13.17365"
"2024-05";"M0";"NOK100";"8.47458"
"2024-05";"M0";"CZK100";"3.9596"
"2024-05";"M0";"HUF100";"0.25376"
"2024-05";"M0";"PLN100";"22.94823"
"2024-05";"M0";"RUB1"  ;"0.01002"
"2024-05";"M0";"SEK100";"8.45885"
"2024-05";"M0";"TRY100";"2.81851"
"2024-05";"M0";"USD1"  ;"0.90912"
"2024-05";"M0";"CAD1"  ;"0.665"
"2024-05";"M0";"ARS1"  ;"0.00103"
"2024-05";"M0";"BRL100";"17.6874"
"2024-05";"M0";"MXN100";"5.41322"
"2024-05";"M0";"ZAR1"  ;"0.04935"
"2024-05";"M0";"JPY100";"0.58319"
"2024-05";"M0";"AUD1"  ;"0.60223"
"2024-05";"M0";"CNY100";"12.56685"
"2024-05";"M0";"HKD100";"11.63808"
"2024-05";"M0";"KRW100";"0.06661"
"2024-05";"M0";"MYR100";"19.27862"
"2024-05";"M0";"NZD1"  ;"0.5517"
"2024-05";"M0";"SGD1"  ;"0.67294"
"2024-05";"M0";"THB100";"2.48133"
"2024-05";"M0";"XDR1"  ;"1.20179"
"2024-05";"M0";"USD3M" ;"0.9001"
"2024-05";"M0";"USD6M" ;"0.8908"
"2024-05";"M1";"EUR1"  ;"0.98163"
"2024-05";"M1";"GBP1"  ;"1.15158"
"2024-05";"M1";"DKK100";"13.16113"
"2024-05";"M1";"NOK100";"8.60942"
"2024-05";"M1";"CZK100";"3.9671"
"2024-05";"M1";"HUF100";"0.25204"
"2024-05";"M1";"PLN100";"23.00114"
"2024-05";"M1";"RUB1"  ;"0.01004"
"2024-05";"M1";"SEK100";"8.57373"
"2024-05";"M1";"TRY100";"2.80977"
"2024-05";"M1";"USD1"  ;"0.9059"
"2024-05";"M1";"CAD1"  ;"0.66327"
"2024-05";"M1";"ARS1"  ;"0.00101"
"2024-05";"M1";"BRL100";"17.40342"
"2024-05";"M1";"MXN100";"5.31862"
"2024-05";"M1";"ZAR1"  ;"0.04812"
"2024-05";"M1";"JPY100";"0.57594"
"2024-05";"M1";"AUD1"  ;"0.60152"
"2024-05";"M1";"CNY100";"12.50777"
"2024-05";"M1";"HKD100";"11.58988"
"2024-05";"M1";"KRW100";"0.06538"
"2024-05";"M1";"MYR100";"19.2458"
"2024-05";"M1";"NZD1"  ;"0.55504"
"2024-05";"M1";"SGD1"  ;"0.66985"
"2024-05";"M1";"THB100";"2.46168"
"2024-05";"M1";"XDR1"  ;"1.1942"
"2024-06";"M0";"EUR1"  ;"0.9619"
"2024-06";"M0";"GBP1"  ;"1.13646"
"2024-06";"M0";"DKK100";"12.89532"
"2024-06";"M0";"NOK100";"8.42565"
"2024-06";"M0";"CZK100";"3.88326"
"2024-06";"M0";"HUF100";"0.24384"
"2024-06";"M0";"PLN100";"22.26512"
"2024-06";"M0";"RUB1"  ;"0.01019"
"2024-06";"M0";"SEK100";"8.52495"
"2024-06";"M0";"TRY100";"2.74282"
"2024-06";"M0";"USD1"  ;"0.89391"
"2024-06";"M0";"CAD1"  ;"0.65205"
"2024-06";"M0";"ARS1"  ;"0.00099"
"2024-06";"M0";"BRL100";"16.62053"
"2024-06";"M0";"MXN100";"4.91336"
"2024-06";"M0";"ZAR1"  ;"0.04857"
"2024-06";"M0";"JPY100";"0.56619"
"2024-06";"M0";"AUD1"  ;"0.59373"
"2024-06";"M0";"CNY100";"12.32098"
"2024-06";"M0";"HKD100";"11.44657"
"2024-06";"M0";"KRW100";"0.06481"
"2024-06";"M0";"MYR100";"18.97707"
"2024-06";"M0";"NZD1"  ;"0.54843"
"2024-06";"M0";"SGD1"  ;"0.66122"
"2024-06";"M0";"THB100";"2.43506"
"2024-06";"M0";"XDR1"  ;"1.179"
"2024-06";"M0";"USD3M" ;"0.8843"
"2024-06";"M0";"USD6M" ;"0.8751"
"2024-06";"M1";"EUR1"  ;"0.96241"
"2024-06";"M1";"GBP1"  ;"1.13686"
"2024-06";"M1";"DKK100";"12.90503"
"2024-06";"M1";"NOK100";"8.43767"
"2024-06";"M1";"CZK100";"3.84632"
"2024-06";"M1";"HUF100";"0.24356"
"2024-06";"M1";"PLN100";"22.31454"
"2024-06";"M1";"RUB1"  ;"0.01049"
"2024-06";"M1";"SEK100";"8.45535"
"2024-06";"M1";"TRY100";"2.73142"
"2024-06";"M1";"USD1"  ;"0.8997"
"2024-06";"M1";"CAD1"  ;"0.65633"
"2024-06";"M1";"ARS1"  ;"0.00099"
"2024-06";"M1";"BRL100";"16.35551"
"2024-06";"M1";"MXN100";"4.90492"
"2024-06";"M1";"ZAR1"  ;"0.04943"
"2024-06";"M1";"JPY100";"0.55913"
"2024-06";"M1";"AUD1"  ;"0.59758"
"2024-06";"M1";"CNY100";"12.38284"
"2024-06";"M1";"HKD100";"11.52162"
"2024-06";"M1";"KRW100";"0.06535"
"2024-06";"M1";"MYR100";"19.06306"
"2024-06";"M1";"NZD1"  ;"0.54612"
"2024-06";"M1";"SGD1"  ;"0.66306"
"2024-06";"M1";"THB100";"2.4461"
"2024-06";"M1";"XDR1"  ;"1.1821"
"2024-07";"M0";"EUR1"  ;"0.96782"
"2024-07";"M0";"GBP1"  ;"1.14718"
"2024-07";"M0";"DKK100";"12.97271"
"2024-07";"M0";"NOK100";"8.27054"
"2024-07";"M0";"CZK100";"3.82691"
"2024-07";"M0";"HUF100";"0.24645"
"2024-07";"M0";"PLN100";"22.60184"
"2024-07";"M0";"RUB1"  ;"0.01021"
"2024-07";"M0";"SEK100";"8.39229"
"2024-07";"M0";"TRY100";"2.71117"
"2024-07";"M0";"USD1"  ;"0.89244"
"2024-07";"M0";"CAD1"  ;"0.65102"
"2024-07";"M0";"ARS1"  ;"0.00097"
"2024-07";"M0";"BRL100";"16.10825"
"2024-07";"M0";"MXN100";"4.92697"
"2024-07";"M0";"ZAR1"  ;"0.04894"
"2024-07";"M0";"JPY100";"0.56548"
"2024-07";"M0";"AUD1"  ;"0.59562"
"2024-07";"M0";"CNY100";"12.28777"
"2024-07";"M0";"HKD100";"11.4281"
"2024-07";"M0";"KRW100";"0.06452"
"2024-07";"M0";"MYR100";"19.07512"
"2024-07";"M0";"NZD1"  ;"0.53837"
"2024-07";"M0";"SGD1"  ;"0.66276"
"2024-07";"M0";"THB100";"2.46096"
"2024-07";"M0";"XDR1"  ;"1.18021"
"2024-07";"M0";"USD3M" ;"0.8827"
"2024-07";"M0";"USD6M" ;"0.8732"
"2024-07";"M1";"EUR1"  ;"0.95381"
"2024-07";"M1";"GBP1"  ;"1.13049"
"2024-07";"M1";"DKK100";"12.7813"
"2024-07";"M1";"NOK100";"8.07477"
"2024-07";"M1";"CZK100";"3.74864"
"2024-07";"M1";"HUF100";"0.24105"
"2024-07";"M1";"PLN100";"22.20486"
"2024-07";"M1";"RUB1"  ;"0.01023"
"2024-07";"M1";"SEK100";"8.19965"
"2024-07";"M1";"TRY100";"2.65778"
"2024-07";"M1";"USD1"  ;"0.8812"
"2024-07";"M1";"CAD1"  ;"0.63648"
"2024-07";"M1";"ARS1"  ;"0.00095"
"2024-07";"M1";"BRL100";"15.69535"
"2024-07";"M1";"MXN100";"4.67505"
"2024-07";"M1";"ZAR1"  ;"0.04828"
"2024-07";"M1";"JPY100";"0.58416"
"2024-07";"M1";"AUD1"  ;"0.57225"
"2024-07";"M1";"CNY100";"12.193"
"2024-07";"M1";"HKD100";"11.27893"
"2024-07";"M1";"KRW100";"0.06407"
"2024-07";"M1";"MYR100";"19.18279"
"2024-07";"M1";"NZD1"  ;"0.52123"
"2024-07";"M1";"SGD1"  ;"0.65771"
"2024-07";"M1";"THB100";"2.47195"
"2024-07";"M1";"XDR1"  ;"1.1657"
"2024-08";"M0";"EUR1"  ;"0.94494"
"2024-08";"M0";"GBP1"  ;"1.10943"
"2024-08";"M0";"DKK100";"12.66426"
"2024-08";"M0";"NOK100";"8.01461"
"2024-08";"M0";"CZK100";"3.75497"
"2024-08";"M0";"HUF100";"0.23933"
"2024-08";"M0";"PLN100";"22.01625"
"2024-08";"M0";"RUB1"  ;"0.00958"
"2024-08";"M0";"SEK100";"8.25208"
"2024-08";"M0";"TRY100";"2.54181"
"2024-08";"M0";"USD1"  ;"0.85732"
"2024-08";"M0";"CAD1"  ;"0.62763"
"2024-08";"M0";"ARS1"  ;"0.00091"
"2024-08";"M0";"BRL100";"15.44905"
"2024-08";"M0";"MXN100";"4.47658"
"2024-08";"M0";"ZAR1"  ;"0.04754"
"2024-08";"M0";"JPY100";"0.58674"
"2024-08";"M0";"AUD1"  ;"0.57081"
"2024-08";"M0";"CNY100";"11.99358"
"2024-08";"M0";"HKD100";"10.99883"
"2024-08";"M0";"KRW100";"0.06345"
"2024-08";"M0";"MYR100";"19.45343"
"2024-08";"M0";"NZD1"  ;"0.5217"
"2024-08";"M0";"SGD1"  ;"0.65198"
"2024-08";"M0";"THB100";"2.46884"
"2024-08";"M0";"XDR1"  ;"1.15054"
"2024-08";"M0";"USD3M" ;"0.8488"
"2024-08";"M0";"USD6M" ;"0.8404"
"2024-08";"M1";"EUR1"  ;"0.94005"
"2024-08";"M1";"GBP1"  ;"1.1187"
"2024-08";"M1";"DKK100";"12.60351"
"2024-08";"M1";"NOK100";"8.06383"
"2024-08";"M1";"CZK100";"3.75379"
"2024-08";"M1";"HUF100";"0.23944"
"2024-08";"M1";"PLN100";"21.96423"
"2024-08";"M1";"RUB1"  ;"0.00929"
"2024-08";"M1";"SEK100";"8.29285"
"2024-08";"M1";"TRY100";"2.49097"
"2024-08";"M1";"USD1"  ;"0.8485"
"2024-08";"M1";"CAD1"  ;"0.62964"
"2024-08";"M1";"ARS1"  ;"0.00089"
"2024-08";"M1";"BRL100";"15.07935"
"2024-08";"M1";"MXN100";"4.2921"
"2024-08";"M1";"ZAR1"  ;"0.04807"
"2024-08";"M1";"JPY100";"0.58485"
"2024-08";"M1";"AUD1"  ;"0.57766"
"2024-08";"M1";"CNY100";"11.96553"
"2024-08";"M1";"HKD100";"10.88281"
"2024-08";"M1";"KRW100";"0.06361"
"2024-08";"M1";"MYR100";"19.65941"
"2024-08";"M1";"NZD1"  ;"0.53142"
"2024-08";"M1";"SGD1"  ;"0.65139"
"2024-08";"M1";"THB100";"2.50037"
"2024-08";"M1";"XDR1"  ;"1.1442"
"2024-09";"M0";"EUR1"  ;"0.94101"
"2024-09";"M0";"GBP1"  ;"1.11956"
"2024-09";"M0";"DKK100";"12.61399"
"2024-09";"M0";"NOK100";"7.98581"
"2024-09";"M0";"CZK100";"3.74907"
"2024-09";"M0";"HUF100";"0.23828"
"2024-09";"M0";"PLN100";"21.99999"
"2024-09";"M0";"RUB1"  ;"0.00926"
"2024-09";"M0";"SEK100";"8.28394"
"2024-09";"M0";"TRY100";"2.48702"
"2024-09";"M0";"USD1"  ;"0.84719"
"2024-09";"M0";"CAD1"  ;"0.6258"
"2024-09";"M0";"ARS1"  ;"0.00088"
"2024-09";"M0";"BRL100";"15.27289"
"2024-09";"M0";"MXN100";"4.32247"
"2024-09";"M0";"ZAR1"  ;"0.0481"
"2024-09";"M0";"JPY100";"0.59182"
"2024-09";"M0";"AUD1"  ;"0.57361"
"2024-09";"M0";"CNY100";"11.96862"
"2024-09";"M0";"HKD100";"10.87318"
"2024-09";"M0";"KRW100";"0.06362"
"2024-09";"M0";"MYR100";"19.87728"
"2024-09";"M0";"NZD1"  ;"0.52716"
"2024-09";"M0";"SGD1"  ;"0.65357"
"2024-09";"M0";"THB100";"2.54235"
"2024-09";"M0";"XDR1"  ;"1.14415"
"2024-09";"M0";"USD3M" ;"0.8384"
"2024-09";"M0";"USD6M" ;"0.8309"
"2024-09";"M1";"EUR1"  ;"0.94483"
"2024-09";"M1";"GBP1"  ;"1.13171"
"2024-09";"M1";"DKK100";"12.67215"
"2024-09";"M1";"NOK100";"8.02944"
"2024-09";"M1";"CZK100";"3.75257"
"2024-09";"M1";"HUF100";"0.23766"
"2024-09";"M1";"PLN100";"22.07938"
"2024-09";"M1";"RUB1"  ;"0.00902"
"2024-09";"M1";"SEK100";"8.36532"
"2024-09";"M1";"TRY100";"2.46736"
"2024-09";"M1";"USD1"  ;"0.8433"
"2024-09";"M1";"CAD1"  ;"0.62383"
"2024-09";"M1";"ARS1"  ;"0.00087"
"2024-09";"M1";"BRL100";"15.51838"
"2024-09";"M1";"MXN100";"4.28689"
"2024-09";"M1";"ZAR1"  ;"0.04926"
"2024-09";"M1";"JPY100";"0.59162"
"2024-09";"M1";"AUD1"  ;"0.58407"
"2024-09";"M1";"CNY100";"12.02533"
"2024-09";"M1";"HKD100";"10.85622"
"2024-09";"M1";"KRW100";"0.06433"
"2024-09";"M1";"MYR100";"20.45703"
"2024-09";"M1";"NZD1"  ;"0.53617"
"2024-09";"M1";"SGD1"  ;"0.65883"
"2024-09";"M1";"THB100";"2.62008"
"2024-09";"M1";"XDR1"  ;"1.145"
"2024-10";"M0";"EUR1"  ;"0.93867"
"2024-10";"M0";"GBP1"  ;"1.12372"
"2024-10";"M0";"DKK100";"12.58383"
"2024-10";"M0";"NOK100";"7.95869"
"2024-10";"M0";"CZK100";"3.71029"
"2024-10";"M0";"HUF100";"0.23367"
"2024-10";"M0";"PLN100";"21.74647"
"2024-10";"M0";"RUB1"  ;"0.00892"
"2024-10";"M0";"SEK100";"8.23001"
"2024-10";"M0";"TRY100";"2.51244"
"2024-10";"M0";"USD1"  ;"0.86059"
"2024-10";"M0";"CAD1"  ;"0.62595"
"2024-10";"M0";"ARS1"  ;"0.00088"
"2024-10";"M0";"BRL100";"15.34413"
"2024-10";"M0";"MXN100";"4.37229"
"2024-10";"M0";"ZAR1"  ;"0.049"
"2024-10";"M0";"JPY100";"0.57536"
"2024-10";"M0";"AUD1"  ;"0.5775"
"2024-10";"M0";"CNY100";"12.14234"
"2024-10";"M0";"HKD100";"11.07543"
"2024-10";"M0";"KRW100";"0.06323"
"2024-10";"M0";"MYR100";"20.01728"
"2024-10";"M0";"NZD1"  ;"0.52375"
"2024-10";"M0";"SGD1"  ;"0.65711"
"2024-10";"M0";"THB100";"2.57707"
"2024-10";"M0";"XDR1"  ;"1.15022"
"2024-10";"M0";"USD3M" ;"0.8517"
"2024-10";"M0";"USD6M" ;"0.8437"
"2024-10";"M1";"EUR1"  ;"0.94023"
"2024-10";"M1";"GBP1"  ;"1.1232"
"2024-10";"M1";"DKK100";"12.6025"
"2024-10";"M1";"NOK100";"7.88917"
"2024-10";"M1";"CZK100";"3.70683"
"2024-10";"M1";"HUF100";"0.23022"
"2024-10";"M1";"PLN100";"21.60064"
"2024-10";"M1";"RUB1"  ;"0.0089"
"2024-10";"M1";"SEK100";"8.10107"
"2024-10";"M1";"TRY100";"2.52582"
"2024-10";"M1";"USD1"  ;"0.8653"
"2024-10";"M1";"CAD1"  ;"0.62171"
"2024-10";"M1";"ARS1"  ;"0.00088"
"2024-10";"M1";"BRL100";"15.01371"
"2024-10";"M1";"MXN100";"4.29803"
"2024-10";"M1";"ZAR1"  ;"0.04878"
"2024-10";"M1";"JPY100";"0.56743"
"2024-10";"M1";"AUD1"  ;"0.56842"
"2024-10";"M1";"CNY100";"12.15702"
"2024-10";"M1";"HKD100";"11.13169"
"2024-10";"M1";"KRW100";"0.06279"
"2024-10";"M1";"MYR100";"19.76428"
"2024-10";"M1";"NZD1"  ;"0.51684"
"2024-10";"M1";"SGD1"  ;"0.65479"
"2024-10";"M1";"THB100";"2.56416"
"2024-10";"M1";"XDR1"  ;"1.1511"
"2024-11";"M0";"EUR1"  ;"0.9354"
"2024-11";"M0";"GBP1"  ;"1.12169"
"2024-11";"M0";"DKK100";"12.54173"
"2024-11";"M0";"NOK100";"7.96342"
"2024-11";"M0";"CZK100";"3.6963"
"2024-11";"M0";"HUF100";"0.22843"
"2024-11";"M0";"PLN100";"21.57432"
"2024-11";"M0";"RUB1"  ;"0.00872"
"2024-11";"M0";"SEK100";"8.07525"
"2024-11";"M0";"TRY100";"2.5544"
"2024-11";"M0";"USD1"  ;"0.88034"
"2024-11";"M0";"CAD1"  ;"0.62994"
"2024-11";"M0";"ARS1"  ;"0.00088"
"2024-11";"M0";"BRL100";"15.1956"
"2024-11";"M0";"MXN100";"4.32976"
"2024-11";"M0";"ZAR1"  ;"0.04911"
"2024-11";"M0";"JPY100";"0.57306"
"2024-11";"M0";"AUD1"  ;"0.57504"
"2024-11";"M0";"CNY100";"12.21271"
"2024-11";"M0";"HKD100";"11.31575"
"2024-11";"M0";"KRW100";"0.06311"
"2024-11";"M0";"MYR100";"19.84594"
"2024-11";"M0";"NZD1"  ;"0.52062"
"2024-11";"M0";"SGD1"  ;"0.65852"
"2024-11";"M0";"THB100";"2.55552"
"2024-11";"M0";"XDR1"  ;"1.1607"
"2024-11";"M0";"USD3M" ;"0.8711"
"2024-11";"M0";"USD6M" ;"0.8624"
"2024-11";"M1";"EUR1"  ;"0.93031"
"2024-11";"M1";"GBP1"  ;"1.11851"
"2024-11";"M1";"DKK100";"12.4739"
"2024-11";"M1";"NOK100";"7.9536"
"2024-11";"M1";"CZK100";"3.68262"
"2024-11";"M1";"HUF100";"0.22533"
"2024-11";"M1";"PLN100";"21.61307"
"2024-11";"M1";"RUB1"  ;"0.00818"
"2024-11";"M1";"SEK100";"8.08156"
"2024-11";"M1";"TRY100";"2.54044"
"2024-11";"M1";"USD1"  ;"0.8811"
"2024-11";"M1";"CAD1"  ;"0.62942"
"2024-11";"M1";"ARS1"  ;"0.00087"
"2024-11";"M1";"BRL100";"14.65057"
"2024-11";"M1";"MXN100";"4.31358"
"2024-11";"M1";"ZAR1"  ;"0.04876"
"2024-11";"M1";"JPY100";"0.58664"
"2024-11";"M1";"AUD1"  ;"0.57342"
"2024-11";"M1";"CNY100";"12.17073"
"2024-11";"M1";"HKD100";"11.32025"
"2024-11";"M1";"KRW100";"0.06311"
"2024-11";"M1";"MYR100";"19.81113"
"2024-11";"M1";"NZD1"  ;"0.52108"
"2024-11";"M1";"SGD1"  ;"0.65744"
"2024-11";"M1";"THB100";"2.56955"
"2024-11";"M1";"XDR1"  ;"1.1583"
"2024-12";"M0";"EUR1"  ;"0.93383"
"2024-12";"M0";"GBP1"  ;"1.12782"
"2024-12";"M0";"DKK100";"12.52015"
"2024-12";"M0";"NOK100";"7.95615"
"2024-12";"M0";"CZK100";"3.71591"
"2024-12";"M0";"HUF100";"0.22677"
"2024-12";"M0";"PLN100";"21.86461"
"2024-12";"M0";"RUB1"  ;"0.00861"
"2024-12";"M0";"SEK100";"8.1154"
"2024-12";"M0";"TRY100";"2.54723"
"2024-12";"M0";"USD1"  ;"0.89113"
"2024-12";"M0";"CAD1"  ;"0.62614"
"2024-12";"M0";"ARS1"  ;"0.00088"
"2024-12";"M0";"BRL100";"14.6259"
"2024-12";"M0";"MXN100";"4.39728"
"2024-12";"M0";"ZAR1"  ;"0.04904"
"2024-12";"M0";"JPY100";"0.57998"
"2024-12";"M0";"AUD1"  ;"0.56522"
"2024-12";"M0";"CNY100";"12.23695"
"2024-12";"M0";"HKD100";"11.46391"
"2024-12";"M0";"KRW100";"0.06197"
"2024-12";"M0";"MYR100";"19.98138"
"2024-12";"M0";"NZD1"  ;"0.51296"
"2024-12";"M0";"SGD1"  ;"0.66009"
"2024-12";"M0";"THB100";"2.60849"
"2024-12";"M0";"XDR1"  ;"1.16838"
"2024-12";"M0";"USD3M" ;"0.8827"
"2024-12";"M0";"USD6M" ;"0.8734"
"2024-12";"M1";"EUR1"  ;"0.94185"
"2024-12";"M1";"GBP1"  ;"1.13499"
"2024-12";"M1";"DKK100";"12.62917"
"2024-12";"M1";"NOK100";"7.9884"
"2024-12";"M1";"CZK100";"3.74483"
"2024-12";"M1";"HUF100";"0.22966"
"2024-12";"M1";"PLN100";"22.04229"
"2024-12";"M1";"RUB1"  ;"0.00824"
"2024-12";"M1";"SEK100";"8.22436"
"2024-12";"M1";"TRY100";"2.55602"
"2024-12";"M1";"USD1"  ;"0.9038"
"2024-12";"M1";"CAD1"  ;"0.62899"
"2024-12";"M1";"ARS1"  ;"0.00088"
"2024-12";"M1";"BRL100";"14.63028"
"2024-12";"M1";"MXN100";"4.36416"
"2024-12";"M1";"ZAR1"  ;"0.04821"
"2024-12";"M1";"JPY100";"0.57705"
"2024-12";"M1";"AUD1"  ;"0.56207"
"2024-12";"M1";"CNY100";"12.38201"
"2024-12";"M1";"HKD100";"11.63776"
"2024-12";"M1";"KRW100";"0.06143"
"2024-12";"M1";"MYR100";"20.20884"
"2024-12";"M1";"NZD1"  ;"0.50875"
"2024-12";"M1";"SGD1"  ;"0.66402"
"2024-12";"M1";"THB100";"2.64261"
"2024-12";"M1";"XDR1"  ;"1.1796"
"2025-01";"M0";"EUR1"  ;"0.94162"
"2025-01";"M0";"GBP1"  ;"1.12201"
"2025-01";"M0";"DKK100";"12.62055"
"2025-01";"M0";"NOK100";"8.01414"
"2025-01";"M0";"CZK100";"3.74265"
"2025-01";"M0";"HUF100";"0.22862"
"2025-01";"M0";"PLN100";"22.17575"
"2025-01";"M0";"RUB1"  ;"0.00895"
"2025-01";"M0";"SEK100";"8.2002"
"2025-01";"M0";"TRY100";"2.55688"
"2025-01";"M0";"USD1"  ;"0.90933"
"2025-01";"M0";"CAD1"  ;"0.63189"
"2025-01";"M0";"ARS1"  ;"0.00087"
"2025-01";"M0";"BRL100";"15.1065"
"2025-01";"M0";"MXN100";"4.42126"
"2025-01";"M0";"ZAR1"  ;"0.04856"
"2025-01";"M0";"JPY100";"0.58142"
"2025-01";"M0";"AUD1"  ;"0.56641"
"2025-01";"M0";"CNY100";"12.45953"
"2025-01";"M0";"HKD100";"11.67982"
"2025-01";"M0";"KRW100";"0.06263"
"2025-01";"M0";"MYR100";"20.36653"
"2025-01";"M0";"NZD1"  ;"0.51208"
"2025-01";"M0";"SGD1"  ;"0.66813"
"2025-01";"M0";"THB100";"2.65448"
"2025-01";"M0";"XDR1"  ;"1.18247"
"2025-01";"M0";"USD3M" ;"0.8996"
"2025-01";"M0";"USD6M" ;"0.8902"
"2025-01";"M1";"EUR1"  ;"0.94563"
"2025-01";"M1";"GBP1"  ;"1.13111"
"2025-01";"M1";"DKK100";"12.67333"
"2025-01";"M1";"NOK100";"8.03953"
"2025-01";"M1";"CZK100";"3.76253"
"2025-01";"M1";"HUF100";"0.23181"
"2025-01";"M1";"PLN100";"22.44553"
"2025-01";"M1";"RUB1"  ;"0.00927"
"2025-01";"M1";"SEK100";"8.24096"
"2025-01";"M1";"TRY100";"2.53972"
"2025-01";"M1";"USD1"  ;"0.91075"
"2025-01";"M1";"CAD1"  ;"0.62899"
"2025-01";"M1";"ARS1"  ;"0.00087"
"2025-01";"M1";"BRL100";"15.50107"
"2025-01";"M1";"MXN100";"4.40519"
"2025-01";"M1";"ZAR1"  ;"0.04893"
"2025-01";"M1";"JPY100";"0.58883"
"2025-01";"M1";"AUD1"  ;"0.56676"
"2025-01";"M1";"CNY100";"12.57143"
"2025-01";"M1";"HKD100";"11.68722"
"2025-01";"M1";"KRW100";"0.06279"
"2025-01";"M1";"MYR100";"20.42498"
"2025-01";"M1";"NZD1"  ;"0.51466"
"2025-01";"M1";"SGD1"  ;"0.67174"
"2025-01";"M1";"THB100";"2.70421"
"2025-01";"M1";"XDR1"  ;"1.1865"
"2025-02";"M0";"EUR1"  ;"0.94114"
"2025-02";"M0";"GBP1"  ;"1.13291"
"2025-02";"M0";"DKK100";"12.61708"
"2025-02";"M0";"NOK100";"8.0731"
"2025-02";"M0";"CZK100";"3.75307"
"2025-02";"M0";"HUF100";"0.23344"
"2025-02";"M0";"PLN100";"22.55001"
"2025-02";"M0";"RUB1"  ;"0.00982"
"2025-02";"M0";"SEK100";"8.36523"
"2025-02";"M0";"TRY100";"2.49694"
"2025-02";"M0";"USD1"  ;"0.90396"
"2025-02";"M0";"CAD1"  ;"0.632"
"2025-02";"M0";"ARS1"  ;"0.00085"
"2025-02";"M0";"BRL100";"15.68208"
"2025-02";"M0";"MXN100";"4.4123"
"2025-02";"M0";"ZAR1"  ;"0.04889"
"2025-02";"M0";"JPY100";"0.59539"
"2025-02";"M0";"AUD1"  ;"0.56951"
"2025-02";"M0";"CNY100";"12.42677"
"2025-02";"M0";"HKD100";"11.61589"
"2025-02";"M0";"KRW100";"0.06255"
"2025-02";"M0";"MYR100";"20.34668"
"2025-02";"M0";"NZD1"  ;"0.51338"
"2025-02";"M0";"SGD1"  ;"0.6712"
"2025-02";"M0";"THB100";"2.67538"
"2025-02";"M0";"XDR1"  ;"1.18209"
"2025-02";"M0";"USD3M" ;"0.8945"
"2025-02";"M0";"USD6M" ;"0.885"
"2025-02";"M1";"EUR1"  ;"0.93762"
"2025-02";"M1";"GBP1"  ;"1.13603"
"2025-02";"M1";"DKK100";"12.57161"
"2025-02";"M1";"NOK100";"8.0082"
"2025-02";"M1";"CZK100";"3.74447"
"2025-02";"M1";"HUF100";"0.23411"
"2025-02";"M1";"PLN100";"22.55145"
"2025-02";"M1";"RUB1"  ;"0.01022"
"2025-02";"M1";"SEK100";"8.39289"
"2025-02";"M1";"TRY100";"2.46895"
"2025-02";"M1";"USD1"  ;"0.9019"
"2025-02";"M1";"CAD1"  ;"0.62471"
"2025-02";"M1";"ARS1"  ;"0.00085"
"2025-02";"M1";"BRL100";"15.46388"
"2025-02";"M1";"MXN100";"4.41204"
"2025-02";"M1";"ZAR1"  ;"0.04872"
"2025-02";"M1";"JPY100";"0.60023"
"2025-02";"M1";"AUD1"  ;"0.56053"
"2025-02";"M1";"CNY100";"12.38755"
"2025-02";"M1";"HKD100";"11.59523"
"2025-02";"M1";"KRW100";"0.06177"
"2025-02";"M1";"MYR100";"20.212"
"2025-02";"M1";"NZD1"  ;"0.50515"
"2025-02";"M1";"SGD1"  ;"0.66882"
"2025-02";"M1";"THB100";"2.63945"
"2025-02";"M1";"XDR1"  ;"1.1812"
"2025-03";"M0";"EUR1"  ;"0.95488"
"2025-03";"M0";"GBP1"  ;"1.14062"
"2025-03";"M0";"DKK100";"12.80071"
"2025-03";"M0";"NOK100";"8.26861"
"2025-03";"M0";"CZK100";"3.81862"
"2025-03";"M0";"HUF100";"0.23889"
"2025-03";"M0";"PLN100";"22.8318"
"2025-03";"M0";"RUB1"  ;"0.01029"
"2025-03";"M0";"SEK100";"8.708"
"2025-03";"M0";"TRY100";"2.37529"
"2025-03";"M0";"USD1"  ;"0.88351"
"2025-03";"M0";"CAD1"  ;"0.61557"
"2025-03";"M0";"ARS1"  ;"0.00083"
"2025-03";"M0";"BRL100";"15.32263"
"2025-03";"M0";"MXN100";"4.36776"
"2025-03";"M0";"ZAR1"  ;"0.04836"
"2025-03";"M0";"JPY100";"0.59254"
"2025-03";"M0";"AUD1"  ;"0.5566"
"2025-03";"M0";"CNY100";"12.18519"
"2025-03";"M0";"HKD100";"11.36625"
"2025-03";"M0";"KRW100";"0.06061"
"2025-03";"M0";"MYR100";"19.92189"
"2025-03";"M0";"NZD1"  ;"0.50581"
"2025-03";"M0";"SGD1"  ;"0.66125"
"2025-03";"M0";"THB100";"2.61351"
"2025-03";"M0";"XDR1"  ;"1.17323"
"2025-03";"M0";"USD3M" ;"0.874"
"2025-03";"M0";"USD6M" ;"0.865"
"2025-03";"M1";"EUR1"  ;"0.95353"
"2025-03";"M1";"GBP1"  ;"1.14015"
"2025-03";"M1";"DKK100";"12.78053"
"2025-03";"M1";"NOK100";"8.37916"
"2025-03";"M1";"CZK100";"3.82213"
"2025-03";"M1";"HUF100";"0.23727"
"2025-03";"M1";"PLN100";"22.79067"
"2025-03";"M1";"RUB1"  ;"0.0103"
"2025-03";"M1";"SEK100";"8.81193"
"2025-03";"M1";"TRY100";"2.32114"
"2025-03";"M1";"USD1"  ;"0.8807"
"2025-03";"M1";"CAD1"  ;"0.61386"
"2025-03";"M1";"ARS1"  ;"0.00082"
"2025-03";"M1";"BRL100";"15.28967"
"2025-03";"M1";"MXN100";"4.3187"
"2025-03";"M1";"ZAR1"  ;"0.04818"
"2025-03";"M1";"JPY100";"0.59103"
"2025-03";"M1";"AUD1"  ;"0.55119"
"2025-03";"M1";"CNY100";"12.14306"
"2025-03";"M1";"HKD100";"11.32122"
"2025-03";"M1";"KRW100";"0.05979"
"2025-03";"M1";"MYR100";"19.84318"
"2025-03";"M1";"NZD1"  ;"0.50112"
"2025-03";"M1";"SGD1"  ;"0.65665"
"2025-03";"M1";"THB100";"2.59679"
"2025-03";"M1";"XDR1"  ;"1.1724"
"2025-04";"M0";"EUR1"  ;"0.93799"
"2025-04";"M0";"GBP1"  ;"1.09923"
"2025-04";"M0";"DKK100";"12.56531"
"2025-04";"M0";"NOK100";"7.93362"
"2025-04";"M0";"CZK100";"3.745"
"2025-04";"M0";"HUF100";"0.23071"
"2025-04";"M0";"PLN100";"21.99663"
"2025-04";"M0";"RUB1"  ;"0.01003"
"2025-04";"M0";"SEK100";"8.55182"
"2025-04";"M0";"TRY100";"2.19389"
"2025-04";"M0";"USD1"  ;"0.83684"
"2025-04";"M0";"CAD1"  ;"0.59769"
"2025-04";"M0";"ARS1"  ;"0.00075"
"2025-04";"M0";"BRL100";"14.4949"
"2025-04";"M0";"MXN100";"4.16871"
"2025-04";"M0";"ZAR1"  ;"0.04428"
"2025-04";"M0";"JPY100";"0.57933"
"2025-04";"M0";"AUD1"  ;"0.52599"
"2025-04";"M0";"CNY100";"11.46118"
"2025-04";"M0";"HKD100";"10.77888"
"2025-04";"M0";"KRW100";"0.05797"
"2025-04";"M0";"MYR100";"18.9478"
"2025-04";"M0";"NZD1"  ;"0.48727"
"2025-04";"M0";"SGD1"  ;"0.63166"
"2025-04";"M0";"THB100";"2.47505"
"2025-04";"M0";"XDR1"  ;"1.12462"
"2025-04";"M0";"USD3M" ;"0.8254"
"2025-04";"M0";"USD6M" ;"0.8167"
"2025-04";"M1";"EUR1"  ;"0.93879"
"2025-04";"M1";"GBP1"  ;"1.10379"
"2025-04";"M1";"DKK100";"12.57521"
"2025-04";"M1";"NOK100";"7.97204"
"2025-04";"M1";"CZK100";"3.76644"
"2025-04";"M1";"HUF100";"0.23206"
"2025-04";"M1";"PLN100";"21.94519"
"2025-04";"M1";"RUB1"  ;"0.01012"
"2025-04";"M1";"SEK100";"8.56547"
"2025-04";"M1";"TRY100";"2.14428"
"2025-04";"M1";"USD1"  ;"0.8256"
"2025-04";"M1";"CAD1"  ;"0.59645"
"2025-04";"M1";"ARS1"  ;"0.00071"
"2025-04";"M1";"BRL100";"14.68752"
"2025-04";"M1";"MXN100";"4.223"
"2025-04";"M1";"ZAR1"  ;"0.04431"
"2025-04";"M1";"JPY100";"0.57775"
"2025-04";"M1";"AUD1"  ;"0.52764"
"2025-04";"M1";"CNY100";"11.36658"
"2025-04";"M1";"HKD100";"10.6448"
"2025-04";"M1";"KRW100";"0.05807"
"2025-04";"M1";"MYR100";"19.11908"
"2025-04";"M1";"NZD1"  ;"0.48876"
"2025-04";"M1";"SGD1"  ;"0.6323"
"2025-04";"M1";"THB100";"2.47193"
"2025-04";"M1";"XDR1"  ;"1.1158"
"2025-05";"M0";"EUR1"  ;"0.93578"
"2025-05";"M0";"GBP1"  ;"1.10814"
"2025-05";"M0";"DKK100";"12.54397"
"2025-05";"M0";"NOK100";"8.06451"
"2025-05";"M0";"CZK100";"3.75546"
"2025-05";"M0";"HUF100";"0.23168"
"2025-05";"M0";"PLN100";"21.99494"
"2025-05";"M0";"RUB1"  ;"0.01028"
"2025-05";"M0";"SEK100";"8.59568"
"2025-05";"M0";"TRY100";"2.13684"
"2025-05";"M0";"USD1"  ;"0.82921"
"2025-05";"M0";"CAD1"  ;"0.59794"
"2025-05";"M0";"ARS1"  ;"0.00072"
"2025-05";"M0";"BRL100";"14.63379"
"2025-05";"M0";"MXN100";"4.26665"
"2025-05";"M0";"ZAR1"  ;"0.0458"
"2025-05";"M0";"JPY100";"0.57335"
"2025-05";"M0";"AUD1"  ;"0.53417"
"2025-05";"M0";"CNY100";"11.49497"
"2025-05";"M0";"HKD100";"10.62893"
"2025-05";"M0";"KRW100";"0.05963"
"2025-05";"M0";"MYR100";"19.44773"
"2025-05";"M0";"NZD1"  ;"0.49242"
"2025-05";"M0";"SGD1"  ;"0.6409"
"2025-05";"M0";"THB100";"2.5179"
"2025-05";"M0";"XDR1"  ;"1.12173"
"2025-05";"M0";"USD3M" ;"0.8199"
"2025-05";"M0";"USD6M" ;"0.8106"
"2025-05";"M1";"EUR1"  ;"0.93326"
"2025-05";"M1";"GBP1"  ;"1.10976"
"2025-05";"M1";"DKK100";"12.51196"
"2025-05";"M1";"NOK100";"8.09001"
"2025-05";"M1";"CZK100";"3.74234"
"2025-05";"M1";"HUF100";"0.23098"
"2025-05";"M1";"PLN100";"21.95577"
"2025-05";"M1";"RUB1"  ;"0.01046"
"2025-05";"M1";"SEK100";"8.58128"
"2025-05";"M1";"TRY100";"2.09992"
"2025-05";"M1";"USD1"  ;"0.824"
"2025-05";"M1";"CAD1"  ;"0.59632"
"2025-05";"M1";"ARS1"  ;"0.0007"
"2025-05";"M1";"BRL100";"14.54032"
"2025-05";"M1";"MXN100";"4.26645"
"2025-05";"M1";"ZAR1"  ;"0.0461"
"2025-05";"M1";"JPY100";"0.57208"
"2025-05";"M1";"AUD1"  ;"0.52868"
"2025-05";"M1";"CNY100";"11.45017"
"2025-05";"M1";"HKD100";"10.50632"
"2025-05";"M1";"KRW100";"0.0597"
"2025-05";"M1";"MYR100";"19.40193"
"2025-05";"M1";"NZD1"  ;"0.49053"
"2025-05";"M1";"SGD1"  ;"0.63831"
"2025-05";"M1";"THB100";"2.51334"
"2025-05";"M1";"XDR1"  ;"1.1177"
"2025-06";"M0";"EUR1"  ;"0.93766"
"2025-06";"M0";"GBP1"  ;"1.10318"
"2025-06";"M0";"DKK100";"12.57"
"2025-06";"M0";"NOK100";"8.09352"
"2025-06";"M0";"CZK100";"3.78079"
"2025-06";"M0";"HUF100";"0.23323"
"2025-06";"M0";"PLN100";"21.98641"
"2025-06";"M0";"RUB1"  ;"0.01033"
"2025-06";"M0";"SEK100";"8.5199"
"2025-06";"M0";"TRY100";"2.062"
"2025-06";"M0";"USD1"  ;"0.81376"
"2025-06";"M0";"CAD1"  ;"0.59489"
"2025-06";"M0";"ARS1"  ;"0.00069"
"2025-06";"M0";"BRL100";"14.65737"
"2025-06";"M0";"MXN100";"4.27288"
"2025-06";"M0";"ZAR1"  ;"0.0456"
"2025-06";"M0";"JPY100";"0.5633"
"2025-06";"M0";"AUD1"  ;"0.52878"
"2025-06";"M0";"CNY100";"11.33098"
"2025-06";"M0";"HKD100";"10.36815"
"2025-06";"M0";"KRW100";"0.0596"
"2025-06";"M0";"MYR100";"19.18247"
"2025-06";"M0";"NZD1"  ;"0.49033"
"2025-06";"M0";"SGD1"  ;"0.63418"
"2025-06";"M0";"THB100";"2.4959"
"2025-06";"M0";"XDR1"  ;"1.1109"
"2025-06";"M0";"USD3M" ;"0.8046"
"2025-06";"M0";"USD6M" ;"0.7956"
"2025-06";"M1";"EUR1"  ;"0.93546"
"2025-06";"M1";"GBP1"  ;"1.09277"
"2025-06";"M1";"DKK100";"12.53871"
"2025-06";"M1";"NOK100";"7.91833"
"2025-06";"M1";"CZK100";"3.78324"
"2025-06";"M1";"HUF100";"0.23431"
"2025-06";"M1";"PLN100";"22.05358"
"2025-06";"M1";"RUB1"  ;"0.01016"
"2025-06";"M1";"SEK100";"8.40365"
"2025-06";"M1";"TRY100";"2.00546"
"2025-06";"M1";"USD1"  ;"0.7977"
"2025-06";"M1";"CAD1"  ;"0.58324"
"2025-06";"M1";"ARS1"  ;"0.00067"
"2025-06";"M1";"BRL100";"14.54357"
"2025-06";"M1";"MXN100";"4.23365"
"2025-06";"M1";"ZAR1"  ;"0.04478"
"2025-06";"M1";"JPY100";"0.5535"
"2025-06";"M1";"AUD1"  ;"0.52146"
"2025-06";"M1";"CNY100";"11.13313"
"2025-06";"M1";"HKD100";"10.16191"
"2025-06";"M1";"KRW100";"0.05891"
"2025-06";"M1";"MYR100";"18.9374"
"2025-06";"M1";"NZD1"  ;"0.48404"
"2025-06";"M1";"SGD1"  ;"0.62579"
"2025-06";"M1";"THB100";"2.4565"
"2025-06";"M1";"XDR1"  ;"1.0953"
"2025-07";"M0";"EUR1"  ;"0.93245"
"2025-07";"M0";"GBP1"  ;"1.07794"
"2025-07";"M0";"DKK100";"12.49525"
"2025-07";"M0";"NOK100";"7.86063"
"2025-07";"M0";"CZK100";"3.78631"
"2025-07";"M0";"HUF100";"0.23359"
"2025-07";"M0";"PLN100";"21.91656"
"2025-07";"M0";"RUB1"  ;"0.01011"
"2025-07";"M0";"SEK100";"8.32884"
"2025-07";"M0";"TRY100";"1.9824"
"2025-07";"M0";"USD1"  ;"0.79786"
"2025-07";"M0";"CAD1"  ;"0.58305"
"2025-07";"M0";"ARS1"  ;"0.00063"
"2025-07";"M0";"BRL100";"14.44395"
"2025-07";"M0";"MXN100";"4.26807"
"2025-07";"M0";"ZAR1"  ;"0.04492"
"2025-07";"M0";"JPY100";"0.54317"
"2025-07";"M0";"AUD1"  ;"0.52177"
"2025-07";"M0";"CNY100";"11.12389"
"2025-07";"M0";"HKD100";"10.16417"
"2025-07";"M0";"KRW100";"0.05792"
"2025-07";"M0";"MYR100";"18.83314"
"2025-07";"M0";"NZD1"  ;"0.47869"
"2025-07";"M0";"SGD1"  ;"0.6229"
"2025-07";"M0";"THB100";"2.45959"
"2025-07";"M0";"XDR1"  ;"1.09367"
"2025-07";"M0";"USD3M" ;"0.7887"
"2025-07";"M0";"USD6M" ;"0.7799"
"2025-07";"M1";"EUR1"  ;"0.93053"
"2025-07";"M1";"GBP1"  ;"1.07705"
"2025-07";"M1";"DKK100";"12.47037"
"2025-07";"M1";"NOK100";"7.88657"
"2025-07";"M1";"CZK100";"3.7848"
"2025-07";"M1";"HUF100";"0.23277"
"2025-07";"M1";"PLN100";"21.81286"
"2025-07";"M1";"RUB1"  ;"0.01019"
"2025-07";"M1";"SEK100";"8.34308"
"2025-07";"M1";"TRY100";"2.00243"
"2025-07";"M1";"USD1"  ;"0.8129"
"2025-07";"M1";"CAD1"  ;"0.58736"
"2025-07";"M1";"ARS1"  ;"0.00062"
"2025-07";"M1";"BRL100";"14.5919"
"2025-07";"M1";"MXN100";"4.31576"
"2025-07";"M1";"ZAR1"  ;"0.04501"
"2025-07";"M1";"JPY100";"0.54316"
"2025-07";"M1";"AUD1"  ;"0.52497"
"2025-07";"M1";"CNY100";"11.30064"
"2025-07";"M1";"HKD100";"10.35541"
"2025-07";"M1";"KRW100";"0.05836"
"2025-07";"M1";"MYR100";"19.06873"
"2025-07";"M1";"NZD1"  ;"0.48075"
"2025-07";"M1";"SGD1"  ;"0.62748"
"2025-07";"M1";"THB100";"2.48989"
"2025-07";"M1";"XDR1"  ;"1.1032"
"2025-08";"M0";"EUR1"  ;"0.93875"
"2025-08";"M0";"GBP1"  ;"1.08509"
"2025-08";"M0";"DKK100";"12.57762"
"2025-08";"M0";"NOK100";"7.90953"
"2025-08";"M0";"CZK100";"3.82938"
"2025-08";"M0";"HUF100";"0.23683"
"2025-08";"M0";"PLN100";"22.02424"
"2025-08";"M0";"RUB1"  ;"0.01006"
"2025-08";"M0";"SEK100";"8.41276"
"2025-08";"M0";"TRY100";"1.97389"
"2025-08";"M0";"USD1"  ;"0.80649"
"2025-08";"M0";"CAD1"  ;"0.58429"
"2025-08";"M0";"ARS1"  ;"0.00061"
"2025-08";"M0";"BRL100";"14.80997"
"2025-08";"M0";"MXN100";"4.31003"
"2025-08";"M0";"ZAR1"  ;"0.04555"
"2025-08";"M0";"JPY100";"0.54669"
"2025-08";"M0";"AUD1"  ;"0.52363"
"2025-08";"M0";"CNY100";"11.24384"
"2025-08";"M0";"HKD100";"10.30556"
"2025-08";"M0";"KRW100";"0.05804"
"2025-08";"M0";"MYR100";"19.09008"
"2025-08";"M0";"NZD1"  ;"0.47573"
"2025-08";"M0";"SGD1"  ;"0.6276"
"2025-08";"M0";"THB100";"2.48664"
"2025-08";"M0";"XDR1"  ;"1.10101"
"2025-08";"M0";"USD3M" ;"0.7979"
"2025-08";"M0";"USD6M" ;"0.7894"
"2025-08";"M1";"EUR1"  ;"0.93482"
"2025-08";"M1";"GBP1"  ;"1.0791"
"2025-08";"M1";"DKK100";"12.52327"
"2025-08";"M1";"NOK100";"7.9583"
"2025-08";"M1";"CZK100";"3.81493"
"2025-08";"M1";"HUF100";"0.2355"
"2025-08";"M1";"PLN100";"21.90039"
"2025-08";"M1";"RUB1"  ;"0.00993"
"2025-08";"M1";"SEK100";"8.45441"
"2025-08";"M1";"TRY100";"1.94578"
"2025-08";"M1";"USD1"  ;"0.8007"
"2025-08";"M1";"CAD1"  ;"0.58271"
"2025-08";"M1";"ARS1"  ;"0.0006"
"2025-08";"M1";"BRL100";"14.79572"
"2025-08";"M1";"MXN100";"4.28289"
"2025-08";"M1";"ZAR1"  ;"0.04509"
"2025-08";"M1";"JPY100";"0.5449"
"2025-08";"M1";"AUD1"  ;"0.5233"
"2025-08";"M1";"CNY100";"11.22576"
"2025-08";"M1";"HKD100";"10.27447"
"2025-08";"M1";"KRW100";"0.05755"
"2025-08";"M1";"MYR100";"18.95731"
"2025-08";"M1";"NZD1"  ;"0.47189"
"2025-08";"M1";"SGD1"  ;"0.6234"
"2025-08";"M1";"THB100";"2.47328"
"2025-08";"M1";"XDR1"  ;"1.0963"
"2025-09";"M0";"EUR1"  ;"0.93483"
"2025-09";"M0";"GBP1"  ;"1.07581"
"2025-09";"M0";"DKK100";"12.52379"
"2025-09";"M0";"NOK100";"8.01101"
"2025-09";"M0";"CZK100";"3.83955"
"2025-09";"M0";"HUF100";"0.23862"
"2025-09";"M0";"PLN100";"21.94901"
"2025-09";"M0";"RUB1"  ;"0.00962"
"2025-09";"M0";"SEK100";"8.49996"
"2025-09";"M0";"TRY100";"1.92697"
"2025-09";"M0";"USD1"  ;"0.79661"
"2025-09";"M0";"CAD1"  ;"0.57605"
"2025-09";"M0";"ARS1"  ;"0.00057"
"2025-09";"M0";"BRL100";"14.82875"
"2025-09";"M0";"MXN100";"4.30615"
"2025-09";"M0";"ZAR1"  ;"0.04565"
"2025-09";"M0";"JPY100";"0.53878"
"2025-09";"M0";"AUD1"  ;"0.52527"
"2025-09";"M0";"CNY100";"11.18146"
"2025-09";"M0";"HKD100";"10.23243"
"2025-09";"M0";"KRW100";"0.05721"
"2025-09";"M0";"MYR100";"18.90983"
"2025-09";"M0";"NZD1"  ;"0.46888"
"2025-09";"M0";"SGD1"  ;"0.62009"
"2025-09";"M0";"THB100";"2.48948"
"2025-09";"M0";"XDR1"  ;"1.09138"
"2025-09";"M0";"USD3M" ;"0.7881"
"2025-09";"M0";"USD6M" ;"0.7804"
"2025-09";"M1";"EUR1"  ;"0.9359"
"2025-09";"M1";"GBP1"  ;"1.07067"
"2025-09";"M1";"DKK100";"12.5379"
"2025-09";"M1";"NOK100";"7.9708"
"2025-09";"M1";"CZK100";"3.84617"
"2025-09";"M1";"HUF100";"0.23946"
"2025-09";"M1";"PLN100";"21.92267"
"2025-09";"M1";"RUB1"  ;"0.00962"
"2025-09";"M1";"SEK100";"8.46231"
"2025-09";"M1";"TRY100";"1.91432"
"2025-09";"M1";"USD1"  ;"0.7961"
"2025-09";"M1";"CAD1"  ;"0.57232"
"2025-09";"M1";"ARS1"  ;"0.00059"
"2025-09";"M1";"BRL100";"14.95866"
"2025-09";"M1";"MXN100";"4.34277"
"2025-09";"M1";"ZAR1"  ;"0.04607"
"2025-09";"M1";"JPY100";"0.53841"
"2025-09";"M1";"AUD1"  ;"0.5263"
"2025-09";"M1";"CNY100";"11.18165"
"2025-09";"M1";"HKD100";"10.23212"
"2025-09";"M1";"KRW100";"0.0568"
"2025-09";"M1";"MYR100";"18.91468"
"2025-09";"M1";"NZD1"  ;"0.4619"
"2025-09";"M1";"SGD1"  ;"0.61761"
"2025-09";"M1";"THB100";"2.45998"
"2025-09";"M1";"XDR1"  ;"1.0918"
"2025-10";"M0";"EUR1"  ;"0.92857"
"2025-10";"M0";"GBP1"  ;"1.0655"
"2025-10";"M0";"DKK100";"12.43428"
"2025-10";"M0";"NOK100";"7.95535"
"2025-10";"M0";"CZK100";"3.81913"
"2025-10";"M0";"HUF100";"0.23808"
"2025-10";"M0";"PLN100";"21.85281"
"2025-10";"M0";"RUB1"  ;"0.00988"
"2025-10";"M0";"SEK100";"8.46117"
"2025-10";"M0";"TRY100";"1.90612"
"2025-10";"M0";"USD1"  ;"0.79772"
"2025-10";"M0";"CAD1"  ;"0.57011"
"2025-10";"M0";"ARS1"  ;"0.00056"
"2025-10";"M0";"BRL100";"14.81056"
"2025-10";"M0";"MXN100";"4.32807"
"2025-10";"M0";"ZAR1"  ;"0.04615"
"2025-10";"M0";"JPY100";"0.52708"
"2025-10";"M0";"AUD1"  ;"0.52197"
"2025-10";"M0";"CNY100";"11.20319"
"2025-10";"M0";"HKD100";"10.26035"
"2025-10";"M0";"KRW100";"0.05605"
"2025-10";"M0";"MYR100";"18.91929"
"2025-10";"M0";"NZD1"  ;"0.45956"
"2025-10";"M0";"SGD1"  ;"0.6157"
"2025-10";"M0";"THB100";"2.45007"
"2025-10";"M0";"XDR1"  ;"1.08857"
"2025-10";"M0";"USD3M" ;"0.7892"
"2025-10";"M0";"USD6M" ;"0.7819"
"2025-10";"M1";"EUR1"  ;"0.92781"
"2025-10";"M1";"GBP1"  ;"1.05367"
"2025-10";"M1";"DKK100";"12.42474"
"2025-10";"M1";"NOK100";"7.95519"
"2025-10";"M1";"CZK100";"3.81466"
"2025-10";"M1";"HUF100";"0.23907"
"2025-10";"M1";"PLN100";"21.80844"
"2025-10";"M1";"RUB1"  ;"0.00993"
"2025-10";"M1";"SEK100";"8.48962"
"2025-10";"M1";"TRY100";"1.90649"
"2025-10";"M1";"USD1"  ;"0.8017"
"2025-10";"M1";"CAD1"  ;"0.5724"
"2025-10";"M1";"ARS1"  ;"0.00056"
"2025-10";"M1";"BRL100";"14.90093"
"2025-10";"M1";"MXN100";"4.32288"
"2025-10";"M1";"ZAR1"  ;"0.04628"
"2025-10";"M1";"JPY100";"0.52008"
"2025-10";"M1";"AUD1"  ;"0.52427"
"2025-10";"M1";"CNY100";"11.27028"
"2025-10";"M1";"HKD100";"10.31709"
"2025-10";"M1";"KRW100";"0.05618"
"2025-10";"M1";"MYR100";"19.13913"
"2025-10";"M1";"NZD1"  ;"0.45873"
"2025-10";"M1";"SGD1"  ;"0.61636"
"2025-10";"M1";"THB100";"2.47928"
"2025-10";"M1";"XDR1"  ;"1.0916"
"2025-11";"M0";"EUR1"  ;"0.92887"
"2025-11";"M0";"GBP1"  ;"1.05529"
"2025-11";"M0";"DKK100";"12.43825"
"2025-11";"M0";"NOK100";"7.91461"
"2025-11";"M0";"CZK100";"3.83201"
"2025-11";"M0";"HUF100";"0.24166"
"2025-11";"M0";"PLN100";"21.91476"
"2025-11";"M0";"RUB1"  ;"0.01002"
"2025-11";"M0";"SEK100";"8.45338"
"2025-11";"M0";"TRY100";"1.9004"
"2025-11";"M0";"USD1"  ;"0.80389"
"2025-11";"M0";"CAD1"  ;"0.57186"
"2025-11";"M0";"ARS1"  ;"0.00056"
"2025-11";"M0";"BRL100";"15.04943"
"2025-11";"M0";"MXN100";"4.36225"
"2025-11";"M0";"ZAR1"  ;"0.04665"
"2025-11";"M0";"JPY100";"0.51814"
"2025-11";"M0";"AUD1"  ;"0.52285"
"2025-11";"M0";"CNY100";"11.30979"
"2025-11";"M0";"HKD100";"10.33568"
"2025-11";"M0";"KRW100";"0.05504"
"2025-11";"M0";"MYR100";"19.35109"
"2025-11";"M0";"NZD1"  ;"0.45456"
"2025-11";"M0";"SGD1"  ;"0.61691"
"2025-11";"M0";"THB100";"2.48152"
"2025-11";"M0";"XDR1"  ;"1.09075"
"2025-11";"M0";"USD3M" ;"0.7954"
"2025-11";"M0";"USD6M" ;"0.7878"
"2025-11";"M1";"EUR1"  ;"0.93303"
"2025-11";"M1";"GBP1"  ;"1.06543"
"2025-11";"M1";"DKK100";"12.49235"
"2025-11";"M1";"NOK100";"7.93004"
"2025-11";"M1";"CZK100";"3.85889"
"2025-11";"M1";"HUF100";"0.24468"
"2025-11";"M1";"PLN100";"22.02119"
"2025-11";"M1";"RUB1"  ;"0.01036"
"2025-11";"M1";"SEK100";"8.48655"
"2025-11";"M1";"TRY100";"1.89674"
"2025-11";"M1";"USD1"  ;"0.80635"
"2025-11";"M1";"CAD1"  ;"0.57434"
"2025-11";"M1";"ARS1"  ;"0.00056"
"2025-11";"M1";"BRL100";"15.06183"
"2025-11";"M1";"MXN100";"4.39461"
"2025-11";"M1";"ZAR1"  ;"0.04703"
"2025-11";"M1";"JPY100";"0.51582"
"2025-11";"M1";"AUD1"  ;"0.52614"
"2025-11";"M1";"CNY100";"11.39685"
"2025-11";"M1";"HKD100";"10.3588"
"2025-11";"M1";"KRW100";"0.05481"
"2025-11";"M1";"MYR100";"19.5091"
"2025-11";"M1";"NZD1"  ;"0.46035"
"2025-11";"M1";"SGD1"  ;"0.62118"
"2025-11";"M1";"THB100";"2.50466"
"2025-11";"M1";"XDR1"  ;"1.0937"
"2025-12";"M0";"EUR1"  ;"0.93313"
"2025-12";"M0";"GBP1"  ;"1.0662"
"2025-12";"M0";"DKK100";"12.4928"
"2025-12";"M0";"NOK100";"7.88348"
"2025-12";"M0";"CZK100";"3.84657"
"2025-12";"M0";"HUF100";"0.24249"
"2025-12";"M0";"PLN100";"22.08736"
"2025-12";"M0";"RUB1"  ;"0.01016"
"2025-12";"M0";"SEK100";"8.56667"
"2025-12";"M0";"TRY100";"1.86747"
"2025-12";"M0";"USD1"  ;"0.79709"
"2025-12";"M0";"CAD1"  ;"0.5771"
"2025-12";"M0";"ARS1"  ;"0.00055"
"2025-12";"M0";"BRL100";"14.63028"
"2025-12";"M0";"MXN100";"4.40691"
"2025-12";"M0";"ZAR1"  ;"0.0473"
"2025-12";"M0";"JPY100";"0.5114"
"2025-12";"M0";"AUD1"  ;"0.52921"
"2025-12";"M0";"CNY100";"11.31454"
"2025-12";"M0";"HKD100";"10.24324"
"2025-12";"M0";"KRW100";"0.05433"
"2025-12";"M0";"MYR100";"19.47613"
"2025-12";"M0";"NZD1"  ;"0.46092"
"2025-12";"M0";"SGD1"  ;"0.61719"
"2025-12";"M0";"THB100";"2.52151"
"2025-12";"M0";"XDR1"  ;"1.08806"
"2025-12";"M0";"USD3M" ;"0.7884"
"2025-12";"M0";"USD6M" ;"0.781"
"2025-12";"M1";"EUR1"  ;"0.9311"
"2025-12";"M1";"GBP1"  ;"1.06623"
"2025-12";"M1";"DKK100";"12.4667"
"2025-12";"M1";"NOK100";"7.88052"
"2025-12";"M1";"CZK100";"3.84669"
"2025-12";"M1";"HUF100";"0.24175"
"2025-12";"M1";"PLN100";"22.02877"
"2025-12";"M1";"RUB1"  ;"0.00978"
"2025-12";"M1";"SEK100";"8.60963"
"2025-12";"M1";"TRY100";"1.84639"
"2025-12";"M1";"USD1"  ;"0.7933"
"2025-12";"M1";"CAD1"  ;"0.57901"
"2025-12";"M1";"ARS1"  ;"0.00055"
"2025-12";"M1";"BRL100";"14.47628"
"2025-12";"M1";"MXN100";"4.4136"
"2025-12";"M1";"ZAR1"  ;"0.04776"
"2025-12";"M1";"JPY100";"0.50646"
"2025-12";"M1";"AUD1"  ;"0.53032"
"2025-12";"M1";"CNY100";"11.35069"
"2025-12";"M1";"HKD100";"10.19181"
"2025-12";"M1";"KRW100";"0.05481"
"2025-12";"M1";"MYR100";"19.53797"
"2025-12";"M1";"NZD1"  ;"0.4575"
"2025-12";"M1";"SGD1"  ;"0.61683"
"2025-12";"M1";"THB100";"2.5149"
"2025-12";"M1";"XDR1"  ;"1.0861"
"2026-01";"M0";"EUR1"  ;"0.92732"
"2026-01";"M0";"GBP1"  ;"1.06864"
"2026-01";"M0";"DKK100";"12.4133"
"2026-01";"M0";"NOK100";"7.94367"
"2026-01";"M0";"CZK100";"3.82044"
"2026-01";"M0";"HUF100";"0.24134"
"2026-01";"M0";"PLN100";"22.01307"
"2026-01";"M0";"RUB1"  ;"0.01013"
"2026-01";"M0";"SEK100";"8.68205"
"2026-01";"M0";"TRY100";"1.82737"
"2026-01";"M0";"USD1"  ;"0.79023"
"2026-01";"M0";"CAD1"  ;"0.57307"
"2026-01";"M0";"ARS1"  ;"0.00054"
"2026-01";"M0";"BRL100";"14.81067"
"2026-01";"M0";"MXN100";"4.47581"
"2026-01";"M0";"ZAR1"  ;"0.04855"
"2026-01";"M0";"JPY100";"0.50424"
"2026-01";"M0";"AUD1"  ;"0.53606"
"2026-01";"M0";"CNY100";"11.34082"
"2026-01";"M0";"HKD100";"10.1343"
"2026-01";"M0";"KRW100";"0.05421"
"2026-01";"M0";"MYR100";"19.62933"
"2026-01";"M0";"NZD1"  ;"0.46168"
"2026-01";"M0";"SGD1"  ;"0.61731"
"2026-01";"M0";"THB100";"2.52637"
"2026-01";"M0";"XDR1"  ;"1.08011"
"2026-01";"M0";"USD3M" ;"0.7828"
"2026-01";"M0";"USD6M" ;"0.7755"
"2026-01";"M1";"EUR1"  ;"0.91637"
"2026-01";"M1";"GBP1"  ;"1.05701"
"2026-01";"M1";"DKK100";"12.27154"
"2026-01";"M1";"NOK100";"8.00766"
"2026-01";"M1";"CZK100";"3.76497"
"2026-01";"M1";"HUF100";"0.23994"
"2026-01";"M1";"PLN100";"21.75006"
"2026-01";"M1";"RUB1"  ;"0.01019"
"2026-01";"M1";"SEK100";"8.68457"
"2026-01";"M1";"TRY100";"1.76961"
"2026-01";"M1";"USD1"  ;"0.7698"
"2026-01";"M1";"CAD1"  ;"0.56816"
"2026-01";"M1";"ARS1"  ;"0.00053"
"2026-01";"M1";"BRL100";"14.83351"
"2026-01";"M1";"MXN100";"4.43955"
"2026-01";"M1";"ZAR1"  ;"0.04805"
"2026-01";"M1";"JPY100";"0.49908"
"2026-01";"M1";"AUD1"  ;"0.53678"
"2026-01";"M1";"CNY100";"11.07164"
"2026-01";"M1";"HKD100";"9.85912"
"2026-01";"M1";"KRW100";"0.05325"
"2026-01";"M1";"MYR100";"19.51281"
"2026-01";"M1";"NZD1"  ;"0.46457"
"2026-01";"M1";"SGD1"  ;"0.60652"
"2026-01";"M1";"THB100";"2.44513"
"2026-01";"M1";"XDR1"  ;"1.0629"
