y_true,y_pred,abs_error,pct_error,ticker,isin,sector,region,last_price,market_cap,y_pred_calibrated,abs_error_calibrated,pct_error_calibrated,model_version,snapshot_date,pred_p10,pred_p50,pred_p90,interval_width
5013.309999999996,5870.107807483086,856.7978074830899,17.090461341570553,BRKA,US0846701086,Financials,United States and Canada,4513.579999999998,1.0,5013.309999999997,9.094947017729282e-13,1.814160109334809e-14,v9_9,2025-11-24,1176.2697476391509,4941.988226525629,6341.364754573141,5165.095006933991
128.72,125.02660373046452,3.6933962695354836,-2.8693258775135826,XOM,US30231G1022,Energy,United States and Canada,117.08,0.9999999999999999,127.28420457599555,1.4357954240044535,-1.1154408203887922,v9_9,2025-11-24,119.69882694461637,123.66556329548881,205.67991799484335,85.98109105022698
200.8237,207.5997983867548,6.776098386754796,3.374152745295897,JNJ,US4781601046,Health Care,United States and Canada,203.9,1.0,209.81293905660192,8.989239056601917,4.476184363001935,v9_9,2025-11-24,177.7765327564323,201.37220464962044,317.393369811307,139.61683705487474
134.6528,135.2248892051697,0.5720892051696751,0.4248624649243648,NFLX,US64110L1061,Communication Services,United States and Canada,104.31,0.9999999999999999,137.32693605628535,2.6741360562853345,1.985949090019171,v9_9,2025-11-24,124.69929867458063,126.88857174946763,201.24522067834016,76.54592200375953
1055.9677,1046.7990573458712,9.16864265412869,-0.8682692334366563,COST,US22160K1051,Consumer Staples,United States and Canada,899.01,1.0,1050.1663485867393,5.801351413260591,-0.5493872031559859,v9_9,2025-11-24,789.8102794044945,1116.0188534572128,1227.9704041763998,438.1601247719053
407.9091,427.00717174181653,19.09807174181651,4.68194304608956,HD,US4370761029,Consumer Discretionary,United States and Canada,343.32,1.0,428.41498981014854,20.505889810148517,5.027073387219976,v9_9,2025-11-24,399.16690267287584,444.04955122780365,542.7009644365127,143.53406176363683
79.1304,78.40142514296286,0.7289748570371302,-0.9212323671270842,KO,US1912161007,Consumer Staples,United States and Canada,72.95,1.0,80.2473282214982,1.116928221498199,1.411503317938743,v9_9,2025-11-24,78.52960008028451,80.03061301789982,92.22360120092141,13.694001120636898
290.8889,311.8822039898658,20.993303989865808,7.2169491478931675,IBM,US4592001014,Information Technology,United States and Canada,297.44,0.9999999999999999,314.4072402064446,23.518340206444634,8.084990594843818,v9_9,2025-11-24,280.1150672362112,298.97790311872376,361.9860965886983,81.87102935248708
587.6704,600.873742257415,13.203342257414988,2.2467257594418553,CAT,US1491231015,Industrials,United States and Canada,550.43,1.0,604.0474466029581,16.377046602958103,2.7867741174233216,v9_9,2025-11-24,447.58667064641685,606.6360609572354,611.0938379239411,163.50716727752427
102.9242,98.60598427382403,4.318215726175964,-4.195530036838726,MRK,US58933Y1055,Health Care,United States and Canada,97.76,1.0,100.51579480719593,2.408405192804068,-2.3399795119166025,v9_9,2025-11-24,96.63050542345958,101.78510761571304,186.21126167690102,89.58075625344144
193.0,188.11682982248453,4.883170177515467,-2.530139988349983,RTX,US75513E1010,Industrials,United States and Canada,169.68,1.0,190.14676628577052,2.853233714229475,-1.4783594374245983,v9_9,2025-11-24,163.4910783638034,190.92966525251748,200.2251459373505,36.734067573547094
331.5333,331.3607362066377,0.17256379336231475,-0.052050214371321,MCD,US5801351017,Consumer Discretionary,United States and Canada,309.35,1.0,334.6329271163989,3.099627116398892,0.9349368876064311,v9_9,2025-11-24,290.0810074492591,308.1094323440212,455.55924175441726,165.47823430515814
330.5918,291.06416900232716,39.527630997672816,-11.956627780142405,CRM,US79466L3024,Information Technology,United States and Canada,227.11,0.9999999999999999,292.88915640386034,37.70264359613964,-11.404591280285729,v9_9,2025-11-24,255.3010021618946,294.90853156689417,394.78229278107955,139.48129061918496
175.4348,170.9331971847668,4.501602815233184,-2.565969132254937,SHOP,CA82509L1076,Information Technology,United States and Canada,147.8,0.9999999999999999,172.86358210629342,2.5712178937065744,-1.4656259155575602,v9_9,2025-11-24,160.55393734405334,167.08737012589677,228.30192088067585,67.74798353662251
805.2207,749.4891673849986,55.731532615001356,-6.921274206562419,INTU,US4612021034,Information Technology,United States and Canada,663.15,0.9999999999999999,750.6543152607435,54.56638473925648,-6.776575010957428,v9_9,2025-11-24,682.2895113041118,861.2403336805252,875.2413630272878,192.951851723176
111.0627,110.71613037492243,0.3465696250775778,-0.31204862215449275,UBER,US90353T1007,Industrials,United States and Canada,83.87,1.0,112.6136694825058,1.550969482505792,1.3964809810186425,v9_9,2025-11-24,101.39735892843778,103.59721542420641,127.18829145583013,25.790932527392343
47.525,47.23223127369049,0.2927687263095109,-0.6160309864482082,VZ,US92343V1044,Communication Services,United States and Canada,41.23,0.9999999999999999,49.17328476212129,1.6482847621212926,3.4682477898396478,v9_9,2025-11-24,44.62396567938062,47.891174942046774,76.27662466470598,31.65265898532536
1154.5363,1080.9029426074312,73.63335739256877,-6.377742942562202,NOW,US81762P1021,Information Technology,United States and Canada,813.43,0.9999999999999999,1085.6405576384327,68.89574236156727,-5.967395079874689,v9_9,2025-11-24,786.3818360685337,1117.0163631438954,1186.1005298011726,399.7186937326388
1334.0,1226.0193873226654,107.98061267733465,-8.094498701449373,BLK,US09290D1019,Financials,United States and Canada,1014.72,1.0,1229.3237429238206,104.67625707617935,-7.846795882772066,v9_9,2025-11-24,1056.879695338248,1135.3351161070389,1163.4794047363423,106.59970939809432
608.9,591.4586034300446,17.441396569955373,-2.864410670053436,SPGI,US78409V1044,Financials,United States and Canada,493.6,1.0,596.3963386611134,12.503661338886559,-2.053483550482273,v9_9,2025-11-24,479.2610135526942,673.7076196045177,768.8300694908286,289.5690559381344
126.4828,119.62155229049353,6.861247709506472,-5.424648813519681,BSX,US1011371077,Health Care,United States and Canada,96.88,1.0,121.76477318333635,4.718026816663652,-3.7301726532490207,v9_9,2025-11-24,115.34960299786694,127.53901032862727,171.3196907867679,55.970087788900955
28.9563,26.340960793076,2.6153392069239985,-9.032021380231585,PFE,US7170811035,Health Care,United States and Canada,25.04,1.0,28.22234995926835,0.7339500407316493,-2.534681712551843,v9_9,2025-11-24,27.89012951359911,29.052671467541384,66.38031923093286,38.49018971733375
245.0,240.83496809188313,4.165031908116873,-1.7000130237211728,BA,US0970231058,Industrials,United States and Canada,179.7,1.0,243.22057819233316,1.7794218076668358,-0.7262946153742187,v9_9,2025-11-24,185.36584862142962,224.76292949234733,284.8958258386148,99.5299772171852
260.2381,244.88806906485996,15.350030935140012,-5.898456427071983,COF,US14040H1059,Financials,United States and Canada,207.87,1.0,247.43556644486904,12.802533555130935,-4.919546198320282,v9_9,2025-11-24,233.6011775823202,286.9505675159301,294.83345645026657,61.23227886794638
410.7733,399.80920479553816,10.964095204461842,-2.669135312461117,ETN,IE00B8KQN827,Industrials,Europe,331.71,1.0,402.5152686212294,8.258031378770625,-2.010362255475374,v9_9,2025-11-24,341.6087342588192,397.99202751284685,413.68298045044247,72.07424619162327
241.6665,233.83522205094903,7.831277949050985,-3.2405310413528494,HON,US4385161066,Industrials,United States and Canada,190.02,1.0,235.61954784371494,6.046952156285073,-2.502188824799909,v9_9,2025-11-24,211.89774441825864,213.41156455796374,256.3046277094834,44.406883291224744
273.5,273.7307772514301,0.23077725143008365,0.0843792509799209,ADI,US0326541051,Information Technology,United States and Canada,232.32,0.9999999999999999,276.38668403907207,2.8866840390720654,1.055460343353589,v9_9,2025-11-24,246.29530761654064,283.411449198805,335.12598422965266,88.83067661311202
528.1667,520.6890366886532,7.47766331134676,-1.415777123273156,LMT,US5398301094,Industrials,United States and Canada,460.78,1.0,522.1406809915319,6.026019008468097,-1.1409312644034728,v9_9,2025-11-24,480.43161004075955,617.6425594272063,660.1095530433769,179.67794300261733
157.1421,151.14572315472847,5.996376845271527,-3.8158945599374876,KKR,US48251W1045,Financials,United States and Canada,118.67,1.0,152.9017632168511,4.240336783148905,-2.6984091361569593,v9_9,2025-11-24,123.7257887562665,133.73333123613654,200.9949517526809,77.2691629964144
482.0194,479.163802692339,2.8555973076610144,-0.5924237297629544,TT,IE00BK9ZQ967,Industrials,Europe,410.1,1.0,481.6178157371542,0.40158426284580173,-0.0833128838477874,v9_9,2025-11-24,422.9706391712021,440.6102630465859,469.2959776197863,46.325338448584205
213.4737,220.78612527409865,7.3124252740986435,3.4254455111325863,MMC,US5717481023,Financials,United States and Canada,180.92,1.0,223.16070655992198,9.687006559921969,4.537798595293925,v9_9,2025-11-24,191.08203816694515,194.63288473818073,285.96761706027905,94.8855788933339
162.375,162.47406095522237,0.09906095522237024,0.06100751668814179,DELL,US24703L2025,Information Technology,United States and Canada,122.51,0.9999999999999999,164.67429431415968,2.299294314159681,1.4160396084124287,v9_9,2025-11-24,139.9900083423719,164.03460337495414,182.03630510072344,42.04629675835153
667.2105,666.0986997716186,1.1118002283814121,-0.16663410248810714,NOC,US6668071029,Industrials,United States and Canada,566.7,1.0,668.5802723543842,1.3697723543841676,0.20529838100332168,v9_9,2025-11-24,483.1385961068597,649.2623862125057,659.2391838768726,176.1005877700129
400.3889,394.5824241561852,5.8064758438147805,-1.4502089952580555,AON,IE00BLP1HW54,Financials,Europe,346.51,0.8814024895016508,397.4485338836264,2.940366116373582,-0.7343775305393286,v9_9,2025-11-24,333.554544515041,413.16568806845004,451.87989754849684,118.32535303345583
67.4614,68.63222407333997,1.170824073339972,1.7355466582964065,WMB,US9694571004,Energy,United States and Canada,59.61,0.9999999999999999,70.71665143684034,3.2552514368403394,4.825354108927979,v9_9,2025-11-24,65.71824682093435,68.78937595029362,99.73338607493805,34.0151392540037
554.7727,606.5550673328733,51.782367332873264,9.3339790030896,SNPS,US8716071076,Information Technology,United States and Canada,388.36,0.8883683510221088,609.8475673797909,55.07486737979093,9.927465316838937,v9_9,2025-11-24,419.4993539051116,647.7412124218841,765.0665093644913,345.56715545937965
139.35,135.15623026815396,4.193769731846032,-3.009522591923956,ABNB,US0090661010,Consumer Discretionary,United States and Canada,114.26,1.0,137.0786554200823,2.2713445799176952,-1.6299566414909907,v9_9,2025-11-24,124.63413169377493,124.67373935042413,204.26559042540467,79.63145873162973
418.5455,400.0752917254033,18.4702082745967,-4.4129511067725495,CVNA,US1468691027,Consumer Discretionary,United States and Canada,309.88,1.0,402.3149138638819,16.23058613611812,-3.8778546504784113,v9_9,2025-11-24,321.0416387153881,402.3444533019058,457.4614725079177,136.41983379252957
73.9231,72.71959319787689,1.2035068021231154,-1.628052397860906,GM,US37045V1008,Consumer Discretionary,United States and Canada,70.33,1.0,74.69079544716642,0.7676954471664175,1.038505483626116,v9_9,2025-11-24,66.83250888831863,81.39701810470768,97.35867982225706,30.52617093393843
382.1893,351.19820281537073,30.991097184629268,-8.10883433540114,COIN,US19260Q1076,Financials,United States and Canada,240.41,0.7668690470701949,353.3630187555029,28.826281244497125,-7.542409283697143,v9_9,2025-11-24,313.9616594347071,404.66628863144587,473.4616196008787,159.4999601661716
313.125,310.09480071235544,3.030199287644564,-0.9677283154154295,AJG,US3635761097,Financials,United States and Canada,251.41,0.7637229719935241,312.70262898642113,0.42237101357886786,-0.13488894645233304,v9_9,2025-11-24,294.7737781499215,298.2334565440568,453.90852367160034,159.13474552167884
270.4706,249.8016711606126,20.668928839387377,-7.641839386383355,TEL,IE000IVNQZ81,Information Technology,Europe,218.93,0.7929747995607861,252.28511466919093,18.18548533080906,-6.7236458716064,v9_9,2025-11-24,237.88971840648475,265.76485791633456,275.5525708127805,37.66285240629577
283.72,298.7643301664536,15.044330166453562,5.302527198101495,HLT,US43300A2033,Consumer Discretionary,United States and Canada,274.48,1.0,301.83591284977604,18.11591284977601,6.385137758979279,v9_9,2025-11-24,285.92396701359667,287.63618484358017,355.73958813134544,69.81562111774878
31.15,30.132778015944094,1.0172219840559045,-3.2655601414314748,KMI,US49456B1017,Energy,United States and Canada,26.98,0.9999999999999999,32.00104976809767,0.8510497680976741,2.732101984262196,v9_9,2025-11-24,30.05384370934242,33.58623906334191,74.83024708404353,44.77640337470112
51.8733,48.26720484234989,3.6060951576501097,-6.951736553583654,MFC,CA56501R1064,Financials,United States and Canada,48.66,0.6879966220288994,50.04517103971863,1.8281289602813686,-3.5242195123143674,v9_9,2025-11-24,48.87776245423942,51.2624614526522,84.1725981528285,35.29483569858908
50.5524,48.48545014570226,2.0669498542977394,-4.0887274477527065,TFC,US89832Q1094,Financials,United States and Canada,45.48,0.6879528210289262,50.36025897198081,0.19214102801918642,-0.3800829001574335,v9_9,2025-11-24,46.515780421861656,49.12909849646137,88.34986923220433,41.83408881034267
47.47,49.637382378469,2.167382378469,4.565793929785128,FCX,US35671D8570,Materials,United States and Canada,39.87,0.9999999999999999,51.44791737490012,3.977917374900123,8.379855434801186,v9_9,2025-11-24,47.29745711791297,49.09613748078345,87.70745224417063,40.409995126257655
201.4933,223.39953568060733,21.906235680607324,10.871942481763575,BDX,US0758871091,Health Care,United States and Canada,192.72,0.9570046343689282,225.9108606892292,24.41756068922919,12.118299064648399,v9_9,2025-11-24,189.09746992956653,197.72160504720173,386.501298140007,197.40382821044048
57.0,56.47825257977125,0.5217474202287491,-0.9153463512785072,MPLX,US55336V1008,Energy,United States and Canada,54.06,0.9172822246806518,58.30499777262565,1.3049977726256472,2.289469776536223,v9_9,2025-11-24,56.413935555871674,60.33763365697476,92.3477111915602,35.93377563568852
169.9627,157.79253155847738,12.170168441522634,-7.160493709221279,ZTS,US98978V1035,Health Care,United States and Canada,122.06,0.9318589478153021,159.98087389610143,9.981826103898584,-5.872951008602819,v9_9,2025-11-24,154.51855413057868,162.84451647672242,293.69211683355127,139.1735627029726
334.1579,309.52450864070187,24.633391359298116,-7.371781831073908,LHX,US5024311095,Industrials,United States and Canada,277.78,1.0,311.67928015826374,22.478619841736247,-6.726945507419171,v9_9,2025-11-24,286.8668737914533,307.256845462258,331.05403741587634,44.18716362442302
287.0953,244.2601117081361,42.835188291863915,-14.920198377285839,STX,IE00BKVD2N49,Information Technology,Asia / Pacific,237.49,0.6366971977241903,246.47288450012394,40.62241549987607,-14.149453334790248,v9_9,2025-11-24,231.8645110843322,284.19057312195355,296.34515911362655,64.48064802929434
1025.4714,1009.0825387656364,16.388861234363503,-1.5981782850661173,URI,US9113631090,Industrials,United States and Canada,800.0,1.0,1011.0496158813992,14.421784118600726,-1.4063565418402433,v9_9,2025-11-24,734.2047089008074,910.0185107578981,1110.195583591401,375.9908746905935
103.1765,102.06845645026499,1.1080435497350152,-1.0739301582579515,NDAQ,US6311031081,Financials,United States and Canada,87.66,0.5914878252449799,103.9415474341247,0.7650474341246962,0.7414938809948933,v9_9,2025-11-24,96.13635839228404,97.93898554824243,132.70883198718792,36.57247359490388
214.7143,214.5433808264201,0.17091917357990383,-0.07960306955796788,CAH,US14149Y1082,Health Care,United States and Canada,209.48,0.8620476415446122,216.47457995094717,1.7602799509471652,0.8198242739059136,v9_9,2025-11-24,190.0016264839226,200.60260316846495,284.017457853215,94.01583136929239
35.9882,35.26929978603865,0.7189002139613478,-1.9975998076073487,CPNG,US22266T1097,Consumer Discretionary,United States and Canada,26.66,0.9459479923588866,37.071426228892214,1.0832262288922152,3.009948341101292,v9_9,2025-11-24,33.366348221101006,35.525786402502064,75.12014058956902,41.75379236846801
112.5882,128.05468440872406,15.466484408724057,13.737216163615775,IMO,CA4530384086,Energy,United States and Canada,137.26,0.807052744630723,130.2006840888577,17.612484088857713,15.643277083084827,v9_9,2025-11-24,134.3344260925926,140.47186029643493,260.217665984335,125.88323989174239
575.5,602.1031426717486,26.60314267174863,4.622613843918093,ROP,US7766961061,Information Technology,United States and Canada,443.75,0.5876051501658682,605.0440162558037,29.54401625580374,5.133625761216983,v9_9,2025-11-24,524.2945391380078,704.6020632807172,760.3902521332686,236.09571299526078
88.3529,89.84257355151341,1.4896735515134054,1.6860494126547123,XEL,US98389B1008,Utilities,United States and Canada,79.67,0.9614151027632697,91.90125370856194,3.548353708561933,4.0161145911021965,v9_9,2025-11-24,88.67125550498247,99.16613053005979,139.31965089542922,50.64839539044675
258.4087,265.0852604661454,6.676560466145418,2.5837212393179554,FERG,US31488V1070,Industrials,United States and Canada,236.92,1.0,267.7861190002529,9.377419000252871,3.628909940049569,v9_9,2025-11-24,250.37306461513714,268.05907931947405,312.20654109864034,61.833476483503205
85.3918,81.35933201390937,4.032467986090637,-4.722312899002758,TCOM,US89677Q1076,Consumer Discretionary,Asia / Pacific,69.85,0.8866477468270558,83.2507571295847,2.141042870415305,-2.507316710053313,v9_9,2025-11-24,81.40443226799198,82.3724037205527,111.72751354190524,30.32308127391326
156.0,159.67189556388294,3.6718955638829414,2.3537792076172703,N/A,CA6330671034,Financials,United States and Canada,162.59,0.5325497219692964,161.64078967195854,5.640789671958544,3.615890815358041,v9_9,2025-11-24,147.6671892252083,154.46522328486577,205.5318227221646,57.864633496956316
205.0833,200.3094039999129,4.77389600008712,-2.327783881031327,WCN,CA94106B1013,Industrials,United States and Canada,175.3,0.9804573414110317,202.0959843120661,2.987315687933915,-1.4566352735371018,v9_9,2025-11-24,178.57633573659655,217.29393848991646,231.2146935030986,52.638357766502054
77.7143,74.54262458979778,3.171675410202212,-4.081199226142695,CTVA,US22052L1044,Materials,United States and Canada,65.54,0.9999999999999999,76.37705342889791,1.3372465711020851,-1.7207213744472833,v9_9,2025-11-24,77.12711505660626,79.39327306772311,102.78698730896282,25.659872252356564
331.2422,337.337619668281,6.095419668280954,1.840170023107247,ZS,US98980G1022,Information Technology,United States and Canada,275.01,0.5354098660353329,339.8613176669231,8.619117666923103,2.6020590573674194,v9_9,2025-11-24,298.51151873205174,382.5931219166246,416.9872343873852,118.47571565533343
65.379,68.97370819498629,3.594708194986282,5.498261207706269,LVS,US5178341070,Consumer Discretionary,United States and Canada,64.31,0.844311717030719,70.82571876692077,5.4467187669207675,8.330991246303503,v9_9,2025-11-24,56.805698510726415,64.57050860610244,89.22594729353987,32.42024878281346
822.5,761.1803710480126,61.3196289519874,-7.455274036715793,AXON,US05464C1018,Industrials,United States and Canada,521.99,0.8996830782686441,764.6934843585724,57.80651564142761,-7.0281477983498615,v9_9,2025-11-24,651.1605077987158,686.9950881249256,906.8957700795146,255.7352622807988
398.5375,381.36253580366406,17.174964196335964,-4.309497649866315,ONC,US07725L1026,Health Care,Europe,347.72,0.6659064581988567,384.0227311024053,14.514768897594706,-3.6420083173088367,v9_9,2025-11-24,344.22820836905925,416.1593966712524,592.7565950417434,248.52838667268412
199.0,209.79755798280357,10.797557982803568,5.4259085340721445,DOL,CA25675T1075,Consumer Discretionary,United States and Canada,197.68,0.745206623386006,212.0240686102636,13.024068610263612,6.544758095609855,v9_9,2025-11-24,180.82286463448744,205.07022705818332,247.62042162796584,66.7975569934784
71.6524,67.14950956968649,4.5028904303135135,-6.2843539508983834,DAL,US2473617023,Industrials,United States and Canada,58.57,0.8294945160024012,68.84580799986418,2.806592000135822,-3.916954631157955,v9_9,2025-11-24,54.937008125679895,61.8563050623488,88.85078259408483,33.91377446840494
2641.0565,2418.0821955938777,222.97430440612243,-8.442617732945978,FFH,CA3039011026,Financials,United States and Canada,2402.92,0.4475925189886251,2424.1805713066974,216.87592869330274,-8.211711059316706,v9_9,2025-11-24,1201.4775885174488,2401.6986590052884,2595.4619285161034,1393.9843399986546
341.2555,304.18937631452155,37.06612368547843,-10.86169268641192,FNV,CA3518581051,Materials,United States and Canada,269.38,0.9788759174303969,306.75517168480263,34.50032831519735,-10.109823377263472,v9_9,2025-11-24,280.24151902445936,288.6778432934869,438.19700935716133,157.95549033270197
293.4667,294.6294824865648,1.1627824865648222,0.3962229740426503,RMD,US7611521078,Health Care,United States and Canada,250.75,0.6333084546466013,296.87350091599274,3.406800915992733,1.1608815978074285,v9_9,2025-11-24,282.0229314430435,289.1070222138505,432.26207809894436,150.23914665590087
63.8518,65.1804280422188,1.3286280422187957,2.0807996676973803,EQT,US26884L1098,Energy,United States and Canada,57.03,0.5927298528115164,66.9971705250902,3.1453705250902004,4.9260483261085835,v9_9,2025-11-24,64.17704496390897,70.73323190563336,87.47003461452036,23.29298965061139
89.2125,89.68275895298379,0.47025895298378373,0.5271222676012708,GEHC,US36266G1076,Health Care,United States and Canada,76.45,0.6024560811056073,91.68933453233066,2.476834532330656,2.776331267849972,v9_9,2025-11-24,83.87143540193487,86.10063762467269,150.7346140084958,66.86317860656094
240.7037,243.85967136169228,3.1559713616922807,1.3111436848259004,RDDT,US75734B1008,Communication Services,United States and Canada,183.48,0.4912085113408753,246.0449455085972,5.341245508597211,2.219012631960876,v9_9,2025-11-24,184.79965374552438,220.59588608719946,331.22423217951854,146.42457843399416
222.5263,233.48172683070942,10.955426830709428,4.923205405702349,TKO,US87256C1018,Communication Services,United States and Canada,178.17,0.48828299146003507,235.6075823913353,13.081282391335321,5.878533185216903,v9_9,2025-11-24,183.5836435346185,223.9551864100235,276.54618364802263,92.96254011340415
35.7609,33.27128258447788,2.489617415522119,-6.9618421670654795,CCL,PA1436583006,Consumer Discretionary,United States and Canada,26.56,0.6685190647955733,35.05955801934636,0.7013419806536376,-1.9611977904740587,v9_9,2025-11-24,33.58583180755783,34.083217164584354,79.05270732218736,45.46687551462953
21.2333,20.313094331677956,0.9202056683220441,-4.333785461148498,PCG,US69331C1080,Utilities,United States and Canada,15.67,0.7005806069693957,22.184388651626065,0.9510886516260655,4.479231450721581,v9_9,2025-11-24,15.302197393545885,24.812763186358673,64.34628146732452,49.044084073778635
103.2473,99.77174629447795,3.475553705522046,-3.3662417375776856,OTIS,US68902V1070,Industrials,United States and Canada,88.06,0.7489393898979196,101.55787081647455,1.6894291835254478,-1.6362938144875925,v9_9,2025-11-24,94.37737295441201,99.70237271521901,129.7858985734358,35.40852561902378
233.8182,226.08592801943246,7.732271980567532,-3.3069589880375143,WAB,US9297401088,Industrials,United States and Canada,200.22,0.746979879227635,228.23026660495435,5.5879333950456385,-2.3898624636771815,v9_9,2025-11-24,207.17695094233008,227.89137929645736,268.8790152952718,61.70206435294173
95.8357,119.81659978375833,23.980899783758332,25.022929642876647,FISV,US3377381088,Financials,United States and Canada,60.84,0.38577090923231655,121.72830558890905,25.89260558890905,27.017703829480087,v9_9,2025-11-24,101.65166584006825,118.90635536819097,226.66809322487245,125.0164273848042
101.8696,97.8343187630281,4.035281236971912,-3.96122222623031,EL,US5184391044,Consumer Staples,United States and Canada,89.9,0.6237861414821629,99.76900883557593,2.100591164424074,-2.06203927808107,v9_9,2025-11-24,90.3106097902547,93.80169389023206,141.7524167345965,51.44180694434179
569.9353,461.5719468585645,108.36335314143548,-19.013272759458044,CLS,CA15101Q2071,Information Technology,United States and Canada,394.99,0.3960949294480436,464.81998634902203,105.11531365097795,-18.443376581688824,v9_9,2025-11-24,330.3931990098418,461.85783265193794,506.7771936561941,176.38399464635228
208.1364,192.22817007554872,15.908229924451291,-7.643175304488446,NRG,US6293775085,Utilities,United States and Canada,159.2,0.6197344567243458,194.59344941394278,13.54295058605723,-6.506766998015355,v9_9,2025-11-24,189.3110899457407,200.9042697902436,266.28488592220054,76.97379597645985
26.6111,27.25793107748746,0.6468310774874588,2.430681473097538,SOFI,US83406F1021,Financials,United States and Canada,25.19,0.35792095146882547,29.008458234837768,2.3973582348377676,9.008865604344681,v9_9,2025-11-24,26.729575019126358,26.97116179544688,45.560834143852816,18.831259124726458
270.0909,255.29905835184235,14.791841648157629,-5.476616075609223,EXPE,US30212P3038,Consumer Discretionary,United States and Canada,247.49,0.588051875744615,257.83890001925266,12.251999980747314,-4.536250566289836,v9_9,2025-11-24,244.51620204267752,256.36526568700134,321.8020292327216,77.2858271900441
365.1667,373.4568909605852,8.290190960585221,2.27024834427269,WTW,IE00BDB6Q211,Financials,Europe,315.05,0.35541515442428423,377.0303766362535,11.863676636253501,3.248838581462522,v9_9,2025-11-24,333.62566616750075,405.82980597785075,416.6010498501793,82.97538368267857
195.9286,193.01862280089276,2.9099771991072316,-1.485223290069562,KEYS,US49338L1035,Information Technology,United States and Canada,172.71,0.36446506605283097,195.10537431864128,0.8232256813587071,-0.4201661632649379,v9_9,2025-11-24,170.0874824748551,205.45565180962006,222.96338653222205,52.87590405736694
50.25,48.41457473609389,1.8354252639061102,-3.652587589862906,FITB,US3167731005,Financials,United States and Canada,42.42,0.33018530363209386,50.257933808878995,0.007933808878995308,0.015788674386060315,v9_9,2025-11-24,45.93649111655875,45.99390501012246,75.19070687070261,29.254215754143864
27.8978,24.14588294960292,3.751917050397079,-13.448791841640126,TEVA,US8816242098,Health Care,Africa / Middle East,24.21,0.4800323789965438,26.01361039718002,1.8841896028199798,-6.753900317659385,v9_9,2025-11-24,25.251155834521526,29.73736469155959,57.67220514638156,32.42104931186003
73.64,71.13727633915296,2.502723660847039,-3.3985926953381846,MCHP,US5950171042,Information Technology,United States and Canada,50.9,0.33765602909179393,73.0181182782994,0.6218817217006034,-0.8444890300116831,v9_9,2025-11-24,59.01461056061656,81.84057734168412,82.48283088890267,23.468220328286108
130.2963,128.54096255786513,1.7553374421348735,-1.347189016215252,EXE,US1651677353,Energy,United States and Canada,114.99,0.4554342580861149,130.6691099408178,0.3728099408178025,0.2861247332562801,v9_9,2025-11-24,114.3842558428378,135.31526185423476,230.63602257386563,116.25176673102783
50.0,50.02661309641361,0.026613096413612425,0.05322619282722485,FE,US3379321074,Utilities,United States and Canada,46.89,0.5493741463499,52.00845008778675,2.0084500877867484,4.016900175573497,v9_9,2025-11-24,49.173180520414896,49.66364644962402,78.7901337878232,29.6169532674083
142.0909,151.67408769110293,9.583187691102921,6.744406356144498,AWK,US0304201033,Utilities,United States and Canada,132.74,0.5249895623725436,154.19214950866788,12.101249508667877,8.516554901593189,v9_9,2025-11-24,143.7378024869638,147.61039159226866,232.67405702798342,88.93625454101962
55.6,59.54236624013691,3.9423662401369057,7.090586762836161,CQP,US16411Q1013,Energy,United States and Canada,52.51,0.42247140572599634,61.347185802875195,5.747185802875194,10.33666511308488,v9_9,2025-11-24,54.41456018560952,56.8269508969986,70.09657991121881,15.682019725609294
115.7647,115.33668841764207,0.42801158235793935,-0.36972547102695325,VLTO,US92338C1036,Industrials,United States and Canada,98.98,0.5352443647781026,117.26841805014959,1.5037180501495868,1.298943503632443,v9_9,2025-11-24,95.27705747403157,99.3109470846887,138.54687722755844,43.269819753526875
134.5,129.4615664763948,5.0384335236051925,-3.74604722944624,NTRS,US6658591044,Financials,United States and Canada,127.13,0.2827326772030594,131.3085340351562,3.191465964843786,-2.372837148582741,v9_9,2025-11-24,120.71885308967445,137.27380847294629,147.3290942374407,26.610241147766246
171.2174,175.723397547848,4.505997547848011,2.631740435170731,STZ,US21036P1084,Consumer Staples,United States and Canada,133.66,0.44712420851522294,178.05824158636378,6.84084158636378,3.995412607809592,v9_9,2025-11-24,147.96720104972806,164.07234548416807,239.59268996992935,91.62548892020129
118.6667,115.20196519314855,3.464734806851453,-2.9197195227064148,FWONK,US5312297550,Communication Services,United States and Canada,93.52,0.3267785494215697,117.1488424503437,1.5178575496563127,-1.2790930814258024,v9_9,2025-11-24,102.79642338640997,123.73575422127689,149.06233010811576,46.26590672170579
162.9333,177.3558452529911,14.422545252991085,8.85180945392445,CRDO,KYG254571055,Information Technology,Latin America and Caribbean,133.49,0.2831684862303286,179.47570882252492,16.54240882252492,10.152871649027498,v9_9,2025-11-24,138.9418534390014,171.70654728602585,197.32953665444347,58.38768321544208
2166.5385,2074.5771284053712,91.96137159462887,-4.244622082396822,FCNCA,US31946M1036,Financials,United States and Canada,1868.49,0.2701911095792771,2080.4827629558763,86.05573704412382,-3.972038209527493,v9_9,2025-11-24,1201.0096767395416,1866.286540769034,2114.63606247168,913.6263857321383
478.6667,492.29573894604255,13.629038946042556,2.847292060643148,HUBB,US4435106079,Industrials,United States and Canada,421.84,0.4879096678084321,495.69906152693784,17.032361526937848,3.558292550314832,v9_9,2025-11-24,442.0079474464981,453.29338529568366,493.89371545442714,51.885768007929016
119.3929,112.35893467607346,7.033965323926537,-5.8914435648405705,DG,US2566771059,Consumer Staples,United States and Canada,101.7,0.4301559581493793,114.24704113735851,5.145858862641489,-4.310020832596821,v9_9,2025-11-24,102.07480302204901,115.78942124184408,117.82072419134056,15.745921169291549
485.4692,532.0489568626954,46.579756862695376,9.59479136116058,CYBR,IL0011334468,Information Technology,Africa / Middle East,440.07,0.2723119707862878,536.4046783660476,50.93547836604762,10.492010279137713,v9_9,2025-11-24,441.0318038515276,461.3387791051803,484.34988633811145,43.31808248658382
299.7059,306.6394408156793,6.933540815679294,2.31344822230036,LH,US5049221055,Health Care,United States and Canada,265.64,0.3800958858187423,309.47707102750115,9.771171027501168,3.2602531439992233,v9_9,2025-11-24,286.1468326081355,304.47961078341035,381.2182448901992,95.07141228206365
36.4706,33.205686041160774,3.264913958839223,-8.952180547726726,BCE,CA05534B7604,Communication Services,United States and Canada,32.6,0.30403750821450515,35.02517381254508,1.4454261874549204,-3.9632640742266934,v9_9,2025-11-24,33.4009235232041,38.74075586769073,60.41086103197184,27.00993750876774
197.3125,200.85739499007238,3.544894990072379,1.7965891618992103,DGX,US74834L1008,Health Care,United States and Canada,191.25,0.3671315740268179,202.66283994754224,5.350339947542238,2.711607195460114,v9_9,2025-11-24,182.29399433239843,186.9546647372896,289.5917999813846,107.29780564898618
217.1667,221.55250741623468,4.385807416234684,2.0195579783800577,PTC,US69370C1009,Information Technology,United States and Canada,172.12,0.2526339118368244,223.74028408671475,6.57358408671476,3.0269760910465373,v9_9,2025-11-24,186.30668623809433,225.35024390921404,284.1547005009689,97.84801426287456
108.5909,110.52601758701316,1.9351175870131527,1.7820255537187302,DLTR,US2567461080,Consumer Staples,United States and Canada,101.82,0.39459717091452673,112.45459930087434,3.8636993008743303,3.5580323036961015,v9_9,2025-11-24,97.17899348289518,106.36866152383988,116.28275825598038,19.103764773085203
518.2517,503.99440528154196,14.25729471845807,-2.7510367488342187,UTHR,US91307C1027,Health Care,United States and Canada,474.82,0.352699515819097,505.44138804728044,12.810311952719587,-2.4718321141483157,v9_9,2025-11-24,450.1516636417472,450.8809464163726,531.5021984188501,81.3505347771029
20.3667,20.861301357574458,0.49460135757445656,2.428480596142019,BEKE,US4824971042,Real Estate,Asia / Pacific,17.5,0.9922517350254202,22.7132581894238,2.3465581894237992,11.521543447999917,v9_9,2025-11-24,22.28538100334555,23.291855021357268,56.266420538367214,33.981039535021665
221.5,223.44661813972962,1.9466181397296225,0.8788343745957664,DRI,US2371941053,Consumer Discretionary,United States and Canada,174.72,0.39319276729930697,225.83127041158966,4.3312704115896565,1.955426822388107,v9_9,2025-11-24,188.79133969250995,215.86923058682137,317.62306445852556,128.8317247660156
350.0,329.68417658383675,20.315823416163255,-5.804520976046644,CPAY,US2199481068,Financials,United States and Canada,288.82,0.23718438530673802,332.1438886068001,17.85611139319991,-5.101746112342831,v9_9,2025-11-24,304.1718271312009,310.2058470362382,350.2564261685577,46.08459903735678
94.9048,100.84846882131885,5.943668821318852,6.26276945035325,INCY,US45337C1027,Health Care,United States and Canada,102.06,0.34562338373782836,102.82913665146037,7.924336651460379,8.349774354363932,v9_9,2025-11-24,86.65496432707194,97.30245841953034,156.220874042962,69.56590971589007
193.5441,229.76339743520296,36.219297435202975,18.71371818371264,LULU,US5500211090,Consumer Discretionary,United States and Canada,168.18,0.38581232928001136,231.77685331273378,38.23275331273379,19.754026763271934,v9_9,2025-11-24,187.92657671570757,188.05519294980996,406.85064279640204,218.92406608069447
350.7692,319.2245814569984,31.544618543001604,-8.992984145415733,WST,US9553061055,Health Care,United States and Canada,271.07,0.33633165101446805,321.5094829066942,29.259717093305824,-8.341586745160585,v9_9,2025-11-24,303.5962681073946,321.0191832228964,406.7683433737007,103.17207526630608
126.8,126.81156050750266,0.011560507502665018,0.009117119481597019,EXPD,US3021301094,Industrials,United States and Canada,143.21,0.41715757896523153,128.34335877964,1.543358779640002,1.2171599208517365,v9_9,2025-11-24,119.35673709255117,137.6236881151893,140.6942121609189,21.337475068367738
119.8421,121.794202688294,1.952102688294005,1.6288955953659063,ILMN,US4523271090,Health Care,United States and Canada,123.85,0.3263031794086312,123.81140962212176,3.969309622121756,3.312116211349564,v9_9,2025-11-24,110.9757309816208,121.56153931424322,187.7591771884282,76.7834462068074
65.3125,65.44556768304982,0.1330676830498163,0.20373999318632163,CG,US14316J1088,Financials,United States and Canada,51.72,0.21860920026116382,67.26520715500949,1.9527071550094917,2.989790859344676,v9_9,2025-11-24,55.5979766002151,64.69260411869718,87.26817736224152,31.67020076202642
109.8872,102.31690756709159,7.570292432908417,-6.889148538599961,KOF,US1912411089,Consumer Staples,Latin America and Caribbean,88.39,0.3563616496305793,104.239437921839,5.6477620781610085,-5.139599587723601,v9_9,2025-11-24,90.20914717763407,98.72676860413365,103.54102247563591,13.331875298001847
345.9375,310.9266676730779,35.01083232692213,-10.120565803626992,BURL,US1220171060,Consumer Discretionary,United States and Canada,296.51,0.3569910642994661,313.85461071349715,32.08288928650285,-9.274186604951138,v9_9,2025-11-24,285.23981338910437,302.89228387427096,361.1907722222442,75.95095883313985
103.7778,105.62180800410488,1.8440080041048788,1.7768809939166939,BG,CH1300646267,Consumer Staples,United States and Canada,94.58,0.35092366326797847,107.6275484350065,3.8497484350065037,3.709606905336694,v9_9,2025-11-24,93.23556606590918,102.62695457935483,112.89980240085832,19.664236334949138
71.5,72.32297909751946,0.8229790975194646,1.15101971681044,LNT,US0188021085,Utilities,United States and Canada,68.27,0.3532826495123971,74.38356694348442,2.883566943484425,4.032960760118077,v9_9,2025-11-24,61.979848653387684,71.78918486968958,106.8192719931752,44.83942333978752
14.4706,14.67619945947671,0.20559945947671032,1.4208081176779839,PSKY,US69932A2042,Communication Services,United States and Canada,15.89,0.2454024302595067,16.43324492501165,1.9626449250116504,13.56298235741193,v9_9,2025-11-24,16.19557941273386,17.42070396983555,35.88043257940867,19.68485316667481
57.9404,53.447974585172595,4.492425414827402,-7.75352847896701,YUMC,US98850P1093,Consumer Discretionary,Asia / Pacific,48.02,0.33292828063055907,55.23726349881603,2.7031365011839696,-4.665374248683078,v9_9,2025-11-24,49.886149338468265,50.97689975752771,82.135237987651,32.24908864918273
91.71,88.70482224505706,3.0051777549429346,-3.2768266873219223,ULS,US9037311076,Industrials,United States and Canada,85.7,0.3737822649126818,90.49084245507441,1.2191575449255794,-1.3293616235149706,v9_9,2025-11-24,76.48250774267531,93.68776477584468,97.65305625070175,21.170548508026442
175.0625,165.98591530685584,9.076584693144156,-5.184768121753177,GDDY,US3802371076,Information Technology,United States and Canada,127.06,0.21009052268675651,167.75331846561355,7.309181534386454,-4.175184025354633,v9_9,2025-11-24,144.50030222282126,168.181520682139,207.7537782656151,63.253476042793835
72.7619,75.4339373110654,2.6720373110654094,3.6723028275311798,TOU,CA89156V1067,Energy,United States and Canada,62.02,0.2821415007169793,77.54187167056783,4.779971670567832,6.56933322324985,v9_9,2025-11-24,66.27076406975513,66.86664294932156,119.71941354484645,53.448649475091315
233.4286,229.5928477016733,3.835752298326696,-1.6432229376891678,THC,US88033G4073,Health Care,United States and Canada,191.96,0.2906319569677802,231.63373090190166,1.7948690980983315,-0.768915676184637,v9_9,2025-11-24,185.80546689177328,229.39690454630988,271.9792298945471,86.1737630027738
37.6447,38.488753004725886,0.8440530047258861,2.242156278907485,PINS,US72352L1061,Communication Services,United States and Canada,24.96,0.23721296040058837,40.31309748054772,2.6683974805477177,7.088374938697129,v9_9,2025-11-24,37.9560130678849,40.61285312675649,100.85996181508074,62.903948747195834
241.8696,252.26887774158365,10.39927774158366,4.299538983643939,DKS,US2533931026,Consumer Discretionary,United States and Canada,208.45,0.3225559679401708,254.48540105019538,12.615801050195387,5.215951508662266,v9_9,2025-11-24,241.52002931664993,260.4062308401944,292.4247692941589,50.904739977508996
41.6364,41.043262450286456,0.5931375497135463,-1.4245649232727764,BIP,BMG162521014,Utilities,Latin America and Caribbean,35.21,0.3303600632472847,42.9669660048943,1.330566004894301,3.1956797535192787,v9_9,2025-11-24,39.41979572186818,44.05739478308441,81.5805416432095,42.160745921341324
82.0,87.35490273438215,5.354902734382151,6.530369188270916,BBY,US0865161014,Consumer Discretionary,United States and Canada,76.45,0.31020764270576495,89.23056054760237,7.230560547602366,8.81775676536874,v9_9,2025-11-24,80.45210430511914,94.7416115663954,96.95022757496453,16.498123269845394
41.0,39.56612748600522,1.4338725139947783,-3.497250034133606,WES,US9586691035,Energy,United States and Canada,38.96,0.26310584803976617,41.484905328756724,0.48490532875672443,1.1826959237968888,v9_9,2025-11-24,38.34719212318214,38.35731763957874,63.208018820974594,24.860826697792454
42.3,40.95550294132113,1.3444970586788685,-3.1784800441580816,APG,US00187Y1001,Industrials,United States and Canada,36.86,0.3324234941929348,42.59800860041477,0.29800860041477506,0.7045120577181444,v9_9,2025-11-24,35.04938020452503,43.57091977457473,60.93796324461299,25.88858304008796
155.8571,168.85552546538233,12.998425465382326,8.339963636807258,J,US46982L1089,Industrials,United States and Canada,128.77,0.3315688816807408,170.82254893319828,14.965448933198275,9.602032203344137,v9_9,2025-11-24,152.38796694582132,160.75166604026523,178.84453467754386,26.456567731722544
83.0,83.98777255737535,0.9877725573753509,1.1900874185245192,COO,US2166485019,Health Care,United States and Canada,75.47,0.2582187460065089,86.03375402607625,3.0337540260762523,3.6551253326219912,v9_9,2025-11-24,82.93864927080323,83.36307410021458,141.14772894576163,58.2090796749584
246.6667,224.19851146506716,22.468188534932835,-9.108723850820901,MTZ,US5763231090,Industrials,United States and Canada,193.08,0.32498511886221115,226.4148159053604,20.251884094639593,-8.210222172121163,v9_9,2025-11-24,182.22948549670616,227.61552349812885,249.5221329167764,67.29264742007024
92.4615,90.32574705319348,2.1357529468065195,-2.3098835156324737,TXT,US8832031012,Industrials,United States and Canada,81.33,0.31053194539815776,92.1932405592589,0.2682594407411045,-0.29013096341840067,v9_9,2025-11-24,76.28198100379193,76.70974782103904,89.77814615319281,13.49616514940088
68.4643,70.29814876175286,1.8338487617528614,2.6785474499160316,EMA,CA2908761018,Utilities,United States and Canada,66.78,0.2854540561719228,72.37107734223208,3.9067773422320897,5.706298526724278,v9_9,2025-11-24,59.95790040526464,66.6566907856746,76.99071131520428,17.03281090993964
41.2,41.85715942941751,0.6571594294175043,1.59504715878035,BEPC,CA11285B1085,Utilities,United States and Canada,41.26,0.28034436285981496,43.78861867357676,2.588618673576754,6.2830550329532855,v9_9,2025-11-24,40.39634057602684,42.08273520824696,57.665637210714834,17.269296634687997
106.0682,125.51079688773487,19.442596887734865,18.330278903323393,OKLO,US02156V1098,Utilities,United States and Canada,88.17,0.2757159712836603,127.68898671127606,21.620786711276054,20.38385370099243,v9_9,2025-11-24,97.66623902325756,132.52940423072963,140.78696951264098,43.12073048938342
69.3791,71.00509903373268,1.6259990337326826,2.343643883723892,MG,CA5592224011,Consumer Discretionary,United States and Canada,68.03,0.26234056991112054,72.81460606298681,3.4355060629868177,4.951788165293032,v9_9,2025-11-24,61.214967961078656,74.99032838057785,78.89508137550753,17.680113414428874
108.3178,100.738469237888,7.579330762112008,-6.997308625278585,KSPI,US48581R2058,Financials,Asia / Pacific,70.89,0.1578846334364351,102.65858918523182,5.659210814768187,-5.224636038368751,v9_9,2025-11-24,84.64706423632985,106.70428222370083,136.22691536849015,51.5798511321603
132.2857,133.45223193021292,1.1665319302129262,0.8818276882633015,RPM,US7496851038,Materials,United States and Canada,105.14,0.3552111167359212,135.44591223084817,3.160212230848174,2.3889295901584027,v9_9,2025-11-24,119.19333292726799,130.50297476633196,160.91205733167513,41.71872440440714
479.8333,443.71018556553133,36.123114434468675,-7.5282633436380255,RBC,US75524B1044,Industrials,United States and Canada,426.16,0.2904088478542299,446.72740852312756,33.10589147687244,-6.899456848216337,v9_9,2025-11-24,423.4816684203329,432.6169891399399,470.0076573040699,46.525988883737
64.1667,59.145777310020755,5.020922689979251,-7.824810516949213,EQH,US29452E1010,Financials,United States and Canada,45.12,0.15080548970633811,60.97088608178367,3.195813918216338,-4.980486635928508,v9_9,2025-11-24,51.986843716116795,66.31171012316833,69.37368276014386,17.38683904402707
93.7143,89.04249305998202,4.671806940017973,-4.985159084598586,UNM,US91529Y1064,Financials,United States and Canada,75.66,0.14762368535868647,90.96343396314106,2.7508660368589375,-2.935374896743547,v9_9,2025-11-24,81.25059565638945,93.30602651089019,100.15979229830232,18.90919664191287
206.1875,199.70064859251568,6.486851407484323,-3.1460934380039154,ICLR,IE0005711209,Health Care,Europe,164.56,0.21587067547562305,202.10181041472077,4.085689585279226,-1.9815408719147505,v9_9,2025-11-24,167.8980575244841,208.43722529581282,286.4728778596837,118.5748203351996
133.597,118.27168453373235,15.325315466267654,-11.471302099798388,SN,KYG8068L1086,Consumer Discretionary,United States and Canada,87.51,0.23792851667484136,120.20036355392351,13.3966364460765,-10.027647661307139,v9_9,2025-11-24,101.8293173317577,130.36358453155415,146.87145325705555,45.042135925297856
111.579,108.5733165299774,3.005683470022589,-2.6937716505996554,BJ,US05550J1016,Consumer Staples,United States and Canada,91.61,0.2306609422078711,110.53262040319521,1.0463795968047833,-0.9377925925172151,v9_9,2025-11-24,96.90148228841605,99.36812629118738,114.28706929084568,17.38558700242963
331.8889,319.51330268766776,12.375597312332218,-3.7288373646519117,HII,US4464131063,Industrials,United States and Canada,305.49,0.25910537424920926,322.1951464106594,9.693753589340588,-2.920782704495567,v9_9,2025-11-24,291.1344004318668,297.64603708934067,329.4299887780582,38.29558834619138
119.2308,123.09526279370516,3.864462793705158,3.2411615066787762,DTM,US23345M1071,Energy,United States and Canada,116.89,0.195978804146016,125.39615077839412,6.165350778394114,5.170938028088475,v9_9,2025-11-24,113.72889295179557,118.26180989174173,174.9909889321888,61.26209598039323
285.7857,271.161126333873,14.624573666126992,-5.117321708583386,RNR,BMG7496G1033,Financials,Latin America and Caribbean,257.24,0.1381385728793803,273.18354558133206,12.602154418667965,-4.409651854052867,v9_9,2025-11-24,247.61545616458545,275.1794318161543,313.4683675267497,65.85291136216426
140.3333,137.51748764070155,2.8158123592984623,-2.0065175972477394,EHC,US29261A1007,Health Care,United States and Canada,114.35,0.19745480857241723,139.61407668231396,0.7192233176860441,-0.5125107994225491,v9_9,2025-11-24,125.71261699658069,130.98235930208767,198.15473550625416,72.44211850967346
253.6667,244.51911453722548,9.147585462774515,-3.606143598183962,AIZ,US04621X1081,Financials,United States and Canada,226.82,0.13218199298870664,247.01662315490455,6.650076845095441,-2.621580540565806,v9_9,2025-11-24,233.87858769275297,277.97089352782996,283.96416773414654,50.08558004139357
100.5,101.72689661105323,1.2268966110532347,1.2207926478141637,ENTG,US29362U1043,Information Technology,United States and Canada,73.66,0.13599896024052183,103.6531212889299,3.1531212889298956,3.1374341183382044,v9_9,2025-11-24,92.00120984737653,102.95337808861973,109.2509669803981,17.249757133021575
46.5,45.62683907039106,0.8731609296089431,-1.8777654400192325,ORI,US6802231042,Financials,United States and Canada,45.83,0.12976106780048224,47.34310000000001,0.8431000000000068,1.8131182795699072,v9_9,2025-11-24,42.700118638069846,46.45290712874834,53.629762779733895,10.929644141664049
24.0833,21.456346950446076,2.6269530495539257,-10.907778624831007,ELAN,US28414H1032,Health Care,United States and Canada,22.25,0.1896353378732798,23.282259023843213,0.8010409761567878,-3.3261263039400237,v9_9,2025-11-24,22.93085322143273,26.262035268209928,42.02644385889511,19.095590637462376
10.1591,9.793483708384285,0.36561629161571574,-3.598904347980783,AGNC,US00123Q1040,Real Estate,United States and Canada,10.28,0.5332015005662225,11.571271986211547,1.412171986211547,13.900561921937443,v9_9,2025-11-24,9.325496728500449,10.742897109944805,64.18410319647114,54.858606467970695
65.0,69.64863286250313,4.648632862503135,7.151742865389438,NYT,US6501111073,Communication Services,United States and Canada,64.1,0.1456480888234644,71.54030649845895,6.540306498458946,10.062009997629149,v9_9,2025-11-24,62.109266768600776,63.99404602992388,70.99430002001398,8.885033251413205
42.0952,42.085473745129654,0.009726254870344064,-0.0231053775022902,AR,US03674X1063,Energy,United States and Canada,33.55,0.17029344290903364,44.02802730137817,1.9328273013781683,4.59156222414472,v9_9,2025-11-24,40.37397013584049,48.13782164601553,57.949101142763254,17.575131006922767
213.75,216.00495493723574,2.2549549372357376,1.0549496782389416,CR,US2244081046,Industrials,United States and Canada,178.89,0.22215786061884157,218.11043522110518,4.360435221105178,2.0399696940842937,v9_9,2025-11-24,166.23557758253537,220.87254268761708,278.3556516893361,112.12007410680076
50.7857,51.7760798495259,0.9903798495259011,1.9501155827839356,QGEN,NL0015002CX3,Health Care,Europe,46.84,0.17403252134241542,53.72178021291163,2.9360802129116337,5.781312875300791,v9_9,2025-11-24,48.12990572434612,50.96463052842927,69.10106161282754,20.971155888481412
80.0,86.30835276723413,6.308352767234126,7.885440959042659,DCI,US2576511099,Industrials,United States and Canada,87.68,0.21892432801046066,88.22715,8.227149999999995,10.283937499999993,v9_9,2025-11-24,53.67973929394356,64.06829201435585,98.01261490600254,44.33287561205898
64.5238,61.618498110824405,2.9053018891755897,-4.5026825592658675,CELH,US15118V2079,Consumer Staples,United States and Canada,38.99,0.19161466448361986,63.42099085605793,1.1028091439420677,-1.7091509550616484,v9_9,2025-11-24,53.43704804266984,67.89687910964354,75.7944359983656,22.357387955695756
207.8824,200.85513450133496,7.027265498665031,-3.3804042567648978,EPAM,US29414B1044,Information Technology,United States and Canada,180.98,0.12157300702457727,203.42627332764354,4.456126672356447,-2.14358053993818,v9_9,2025-11-24,162.15005844338125,184.08311526616635,214.82095565214075,52.6708972087595
13.5938,11.686375650819558,1.9074243491804417,-14.031575785876221,WCP,CA96467A2002,Energy,United States and Canada,11.46,0.16224222776818348,13.480305654283427,0.11349434571657291,-0.8348978631182813,v9_9,2025-11-24,11.11871145087942,12.209948676550006,33.82311002253834,22.704398571658917
15.2917,15.669732038282298,0.3780320382822975,2.47213873069899,AES,US00130H1059,Utilities,United States and Canada,13.75,0.19379311143109787,17.527661518698377,2.2359615186983763,14.622059801711885,v9_9,2025-11-24,13.77844127305883,19.3567258217724,22.894360373097047,9.115919100038218
60.0,59.30988184111271,0.6901181588872873,-1.150196931478812,DINO,US4039491000,Energy,United States and Canada,52.65,0.15916205973400468,61.10164600599695,1.1016460059969475,1.8360766766615793,v9_9,2025-11-24,53.95681908916346,62.54431723996842,68.46008917176239,14.503270082598931
68.5263,72.56076885030386,4.034468850303853,5.8874751012441235,DOCS,US26622P1075,Health Care,United States and Canada,50.42,0.16249705226292255,74.54718997679024,6.0208899767902295,8.786246998291501,v9_9,2025-11-24,62.488291006114366,78.4667392044118,122.6109361950437,60.12264518892934
38.5,39.002545751118156,0.5025457511181557,1.3053136392679368,FYBR,US35909D1090,Communication Services,United States and Canada,37.91,0.13265154653973762,40.71403796802104,2.2140379680210387,5.750747968885815,v9_9,2025-11-24,37.853886821644615,41.39295107344289,52.33537088898046,14.481484067335842
19.8037,19.984617492562965,0.18091749256296552,0.9135539952784859,VIPS,US92763W1036,Consumer Discretionary,Asia / Pacific,18.64,0.17632967610955172,21.76730672346462,1.963606723464622,9.915352805105218,v9_9,2025-11-24,19.524024240140914,23.1440853654961,31.78528315102439,12.261258910883477
187.0,174.35252325678601,12.647476743213986,-6.763356547173255,RGEN,US7599161095,Health Care,United States and Canada,162.51,0.1565081397489107,176.58433876435305,10.415661235646951,-5.569872318527781,v9_9,2025-11-24,157.50697126625107,171.06653529791836,211.05662314801313,53.54965188176206
78.5,73.86181352206158,4.638186477938419,-5.908517806290979,AOS,US8318652091,Industrials,United States and Canada,65.1,0.19497675173190676,75.59221317658344,2.907786823416558,-3.704187036199437,v9_9,2025-11-24,66.24436158597545,77.24794933177644,83.26684440084365,17.022482814868198
14.4,13.540157834310824,0.8598421656891766,-5.971126150619281,HL,US4227041062,Materials,United States and Canada,13.38,0.23472394828578647,15.299986963465496,0.899986963465496,6.249909468510388,v9_9,2025-11-24,13.353439639209704,14.490079134020409,41.219350849208794,27.86591120999909
329.2727,312.40872004899745,16.863979951002534,-5.121584616945934,POOL,US73278L1052,Consumer Discretionary,United States and Canada,239.98,0.17145217432626564,315.27610440880994,13.996595591190044,-4.250761023063875,v9_9,2025-11-24,300.67008523442087,303.2100475957946,353.1494811027546,52.47939586833371
47.35,47.32176528321139,0.028234716788610115,-0.05962981370350605,OGE,US6708371033,Utilities,United States and Canada,44.3,0.17596829387293086,49.40168170268305,2.051681702683048,4.333013099647409,v9_9,2025-11-24,46.614455773331635,47.518007414114415,64.9598249063491,18.345369133017464
47.3,45.9778823839341,1.3221176160658956,-2.7951746639870945,DRS,US52661A1088,Industrials,United States and Canada,33.24,0.1901147172522403,47.75222235589022,0.4522223558902212,0.956072634017381,v9_9,2025-11-24,43.90720255685159,51.802985334102964,57.00887563842933,13.101673081577744
52.35,53.37654655737054,1.026546557370537,1.9609294314623438,TIGO,LU0038705702,Communication Services,Europe,52.61,0.12272293489856564,55.22736621603651,2.8773662160365063,5.49640155880899,v9_9,2025-11-24,48.46005835782638,50.77307642732915,60.52029123383299,12.060232876006616
120.3333,115.86157281800583,4.471727181994169,-3.7161178011358196,HQY,US42226A1079,Health Care,United States and Canada,101.91,0.15012341678860844,118.11506378989073,2.218236210109268,-1.8434101035285062,v9_9,2025-11-24,111.02132066181278,130.13488340500197,177.4139819921523,66.39266133033951
94.9,94.15850742624617,0.7414925737538312,-0.7813409628596745,PSN,US70202L1026,Industrials,United States and Canada,81.68,0.18693975280113756,96.10714999999999,1.2071499999999844,1.2720231822971384,v9_9,2025-11-24,70.8547957236541,101.01851490274275,104.40522061681817,33.55042489316406
107.0,111.71692476517363,4.71692476517363,4.40834090203143,ATZ,CA04045U1021,Consumer Discretionary,United States and Canada,105.95,0.1661673537112031,113.68310167979044,6.68310167979044,6.245889420364897,v9_9,2025-11-24,85.83044989913168,110.38785864989099,116.22976209135237,30.39931219222069
77.0,78.12639400764314,1.1263940076431425,1.4628493605755097,HSIC,US8064071025,Health Care,United States and Canada,73.4,0.14770600318531024,79.98822608348719,2.9882260834871914,3.8808130954379108,v9_9,2025-11-24,79.16938252826857,82.24609177492917,85.94198805601461,6.7726055277460375
18.6429,18.401653791396633,0.24124620860336776,-1.2940379908885837,AM,US03676B1026,Energy,United States and Canada,17.7,0.13816121834470024,20.249330003915745,1.6064300039157438,8.616846112545492,v9_9,2025-11-24,16.504536541676657,21.653211516739667,21.811309505401677,5.30677296372502
365.8333,369.27052928759525,3.437229287595244,0.9395616220817634,NVMI,IL0010845571,Information Technology,Africa / Middle East,280.42,0.10080903739293329,371.79535346010016,5.962053460100151,1.6297186341703038,v9_9,2025-11-24,297.7708026855262,380.5310181907813,429.98131397859277,132.2105112930666
28.2046,26.42396073601258,1.7806392639874176,-6.313293803093884,NCLH,BMG667211046,Consumer Discretionary,United States and Canada,18.2,0.15872341213420346,28.18085574485915,0.02374425514084777,-0.08418575388712399,v9_9,2025-11-24,27.505356404121706,28.55709338379138,37.749255419238615,10.24389901511691
40.4545,38.436866350868485,2.0176336491315183,-4.987414624161757,OTEX,CA6837151068,Information Technology,United States and Canada,33.09,0.09928617106011628,40.25570801440634,0.1987919855936653,-0.4913964715758822,v9_9,2025-11-24,34.06135496038027,37.6064619495132,44.95461031905976,10.89325535867949
13.6429,15.016904939998827,1.3740049399988283,10.071208760592166,AVTR,US05352A1007,Health Care,United States and Canada,11.52,0.13404646137298193,16.785999986136357,3.1430999861363578,23.0383568459518,v9_9,2025-11-24,14.408297544583668,15.314190639840263,15.564388263284135,1.156090718700467
7.0,5.010948510166327,1.989051489833673,-28.415021283338188,UWMC,US91823B1098,Financials,United States and Canada,5.15,0.09035726089770094,6.7757493080103375,0.22425069198966252,-3.2035813141380363,v9_9,2025-11-24,5.824943900721222,6.606932346398162,24.293982560922206,18.469038660200983
147.1333,144.7746528000133,2.3586471999866774,-1.603068238112431,OLLI,US6811161099,Consumer Discretionary,United States and Canada,124.34,0.14582030735273913,146.89299795124478,0.24030204875521122,-0.1633226800154766,v9_9,2025-11-24,119.14816989083009,130.0448577762168,177.5505193416969,58.40234945086682
44.0,40.88243740070938,3.117562599290622,-7.085369543842322,LNC,US5341871094,Financials,United States and Canada,39.93,0.08737048376673243,42.73024945103761,1.2697505489623921,-2.8857967021872546,v9_9,2025-11-24,39.37773414244505,41.94597246809435,45.03500640581551,5.657272263370459
115.25,112.14865850796953,3.101341492030471,-2.690968756642491,AAON,US0003602069,Industrials,United States and Canada,91.52,0.15982072177378975,114.03485370353876,1.215146296461242,-1.0543568732852426,v9_9,2025-11-24,88.74295267369347,130.93910674951493,147.13250064746674,58.389547973773276
102.0,92.0619177833589,9.938082216641106,-9.743217859452065,NFG,US6361801011,Utilities,United States and Canada,80.13,0.14134910911994472,94.0826616955603,7.917338304439696,-7.762096376901663,v9_9,2025-11-24,93.57257486886236,100.62786590487242,117.7609645081089,24.188389639246537
141.5192,147.82768137051715,6.308481370517143,4.45768586207182,TFII,CA87241L1094,Industrials,United States and Canada,121.19,0.15137747480077637,149.60451362205282,8.085313622052809,5.713227337388006,v9_9,2025-11-24,123.94685666620315,130.97677729372953,191.4726854118748,67.52582874567166
69.4706,60.60510228245925,8.865497717540755,-12.761510218050159,FROG,IL0011684185,Information Technology,United States and Canada,59.22,0.08466043495843878,62.662167539746335,6.80843246025367,-9.800451500712056,v9_9,2025-11-24,53.6922837693735,57.917211248250574,65.94172724334962,12.249443473976115
31.3571,25.68177168810036,5.675328311899641,-18.099021631144595,CHYM,US16935C1099,Financials,United States and Canada,18.46,0.07942267955478076,27.521199224967507,3.835900775032492,-12.232957687517315,v9_9,2025-11-24,26.279710079807966,28.23258153591731,38.915023053219876,12.63531297341191
126.3077,127.44620708124933,1.1385070812493296,0.9013758315996014,RYTM,US76243J1051,Health Care,United States and Canada,101.74,0.11555365544928171,129.7198116340794,3.412111634079409,2.7014280476007473,v9_9,2025-11-24,104.93255110581379,139.1970170843154,144.82227128575843,39.889720179944646
83.7778,77.09969539327433,6.678104606725668,-7.971210280916506,FTT,CA3180714048,Industrials,United States and Canada,72.68,0.14472900184592816,79.04309210805249,4.734707891947508,-5.651506594763181,v9_9,2025-11-24,63.2169374792677,85.14127263444391,85.30541769461132,22.088480215343623
14.4816,12.670145654249081,1.811454345750919,-12.50866165168848,TAL,US8740801043,Consumer Discretionary,Asia / Pacific,10.94,0.1269899441239794,14.408062447918551,0.07353755208144896,-0.5077999121744072,v9_9,2025-11-24,14.277189606902743,14.669349734574615,14.908515982106021,0.6313263752032778
75.4583,78.21442172916944,2.7561217291694504,3.6525097029345353,CPX,CA14042M1023,Utilities,United States and Canada,59.69,0.1279520208165781,79.96781852011496,4.509518520114966,5.976172959256923,v9_9,2025-11-24,67.1296726242732,82.4779458026447,102.02978980288056,34.90011717860736
66.85,64.6110251942923,2.2389748057076986,-3.3492517662044854,CMC,US2017231034,Materials,United States and Canada,59.32,0.1711235355071549,66.49601971504647,0.3539802849535221,-0.5295142632064654,v9_9,2025-11-24,58.41603454270142,66.20098858267541,73.19723284079986,14.781198298098438
180.1818,173.5796487963923,6.602151203607718,-3.664160977195099,CTCA,CA1366812024,Consumer Discretionary,United States and Canada,166.65,0.12385489425376868,175.62645097301012,4.555349026989887,-2.5281959814975137,v9_9,2025-11-24,162.42830814266483,181.22337802954237,191.64396578432115,29.21565764165632
90.5,80.3197975798743,10.180202420125696,-11.248842453177565,DLB,US25659T1079,Information Technology,United States and Canada,67.48,0.07772849943895127,82.2355756193352,8.264424380664806,-9.131960641618571,v9_9,2025-11-24,78.99529905142052,84.7657427526802,87.11279779078333,8.117498739362816
14.7083,14.006351034629942,0.7019489653700575,-4.772468370716245,OBDC,US69121K1043,Financials,United States and Canada,12.34,0.0722012122502449,15.751845215986181,1.0435452159861818,7.094941060395707,v9_9,2025-11-24,13.602279542712026,15.130696710904193,24.838670788018145,11.23639124530612
80.5,80.24824231051446,0.2517576894855438,-0.3127424714106134,PTCT,US69366J2006,Health Care,United States and Canada,78.47,0.10705198052327777,82.0148377060052,1.5148377060051956,1.8817859701927897,v9_9,2025-11-24,75.30785820060821,90.11356635910225,94.41263383158388,19.104775630975666
47.7289,42.25946209021337,5.469437909786635,-11.459383957699915,GDS,US36165L1089,Information Technology,Asia / Pacific,30.92,0.07465512541049815,44.10750633714514,3.6213936628548637,-7.587423265264574,v9_9,2025-11-24,38.666690572854954,48.733778533466946,57.03515914881587,18.368468575960918
223.0,239.46574226418542,16.465742264185423,7.3837409256436874,KRYS,US5011471027,Health Care,United States and Canada,212.02,0.10440913385315864,241.6416696086422,18.64166960864219,8.359493098045826,v9_9,2025-11-24,187.2235824562241,230.84208590240266,240.1937056910883,52.97012323486419
28.7914,28.745295985363253,0.046104014636746626,-0.16013120111125762,STVN,IT0005452658,Health Care,Europe,22.38,0.10374516573724449,30.689,1.8976000000000006,6.590856992018453,v9_9,2025-11-24,28.510697971975134,33.25369489803622,41.08705510267885,12.57635713070372
112.7778,112.62846784912665,0.14933215087334872,-0.13241271852558634,CWST,US1474481041,Industrials,United States and Canada,95.05,0.12852668049372407,114.4882916880888,1.7104916880887941,1.5166918383660564,v9_9,2025-11-24,88.86726370208345,103.41580246307063,121.80606700769088,32.938803305607436
200.8333,205.22060043158115,4.387300431581139,2.1845482953181263,MKTX,US57060D1081,Financials,United States and Canada,161.72,0.06869998109791013,207.39930090406145,6.56600090406144,3.2693785861515194,v9_9,2025-11-24,172.7749329774308,198.71546669766605,201.3525356893619,28.577602711931092
15.0098,12.348591035359393,2.6612089646406076,-17.729809621984355,CS,CA14071L1085,Materials,United States and Canada,10.98,0.1542118337880178,14.105310253848607,0.904489746151393,-6.025994657832836,v9_9,2025-11-24,13.518084617342852,15.026451759140548,41.31709616890684,27.799011551563993
26.2097,22.53914810453546,3.6705518954645413,-14.004555166463337,HBM,CA4436281022,Materials,United States and Canada,20.98,0.15285084916100633,24.320196076514204,1.8895039234857975,-7.209177989392466,v9_9,2025-11-24,23.49761157609592,27.75348586499372,36.96857695148131,13.47096537538539
24.5667,24.58290579328221,0.016205793282210834,0.06596650458633367,BVN,US2044481040,Materials,Latin America and Caribbean,23.02,0.1514866622172254,26.431120707016028,1.864420707016027,7.589219174801771,v9_9,2025-11-24,22.275589299207514,24.38621722984783,44.722349731246375,22.44676043203886
86.5,89.57138335526203,3.0713833552620287,3.5507322026150616,SWX,US8448951025,Utilities,United States and Canada,80.44,0.11185729899016934,91.6346990877826,5.134699087782593,5.936068309575252,v9_9,2025-11-24,84.1682074070385,99.9476100359455,106.56002980941102,22.391822402372526
75.7857,67.90108353046361,7.884616469536397,-10.403831421411159,HXL,US4282911084,Industrials,United States and Canada,72.54,0.12281354320417237,69.77651749771755,6.0091825022824565,-7.929177275241181,v9_9,2025-11-24,67.43694905039008,72.93256663725779,79.2523230905266,11.815374040136518
18.7857,17.748172051603333,1.037527948396665,-5.522966662922676,FNB,US3025201019,Financials,United States and Canada,16.04,0.06553218357409817,19.52009148065099,0.7343914806509915,3.909311234880742,v9_9,2025-11-24,17.152369783884634,18.84896738143545,26.03663065996093,8.884260876076297
219.9333,207.4691125367351,12.464187463264892,-5.667257965603613,IRTC,US4500561067,Health Care,United States and Canada,177.82,0.09713483603287408,209.6771564002115,10.256143599788516,-4.663297281397822,v9_9,2025-11-24,168.54976636164128,189.61036001622242,219.97506912683406,51.42530276519278
120.5,108.87339381831976,11.626606181680245,-9.64863583541929,GKOS,US3773221029,Health Care,United States and Canada,99.62,0.09695508008205767,111.03694917830387,9.463050821696129,-7.853154208876456,v9_9,2025-11-24,99.81934025798665,114.75727814922995,144.5385326734678,44.71919241548116
129.4444,119.93614022489083,9.508259775109167,-7.345439258175067,BFAM,US1091941005,Consumer Discretionary,United States and Canada,101.12,0.10872000953176723,121.82525210139941,7.619147898600588,-5.886039024168359,v9_9,2025-11-24,109.32130801365,124.76887682898189,139.7354561182821,30.41414810463209
39.9091,31.218608917865886,8.690491082134116,-21.77571301315769,LTH,US53190C1027,Consumer Discretionary,United States and Canada,25.8,0.10814516597721327,33.038304537484265,6.870795462515737,-17.216112271426155,v9_9,2025-11-24,32.43747523739487,36.67635039983249,41.99706588907885,9.559590651683976
227.3077,211.367395473018,15.940304526982004,-7.012654884538448,BOOT,US0994061002,Consumer Discretionary,United States and Canada,183.9,0.1065229033129213,213.76255319584132,13.54514680415869,-5.95894763096837,v9_9,2025-11-24,167.8145412189655,220.63680460394698,243.47122887944775,75.65668766048225
187.5,188.58930618408263,1.0893061840826306,0.580963298177403,GATX,US3614481030,Industrials,United States and Canada,157.01,0.11902569698739457,190.64486514141612,3.144865141416119,1.6772614087552633,v9_9,2025-11-24,159.72260423492165,181.50802030400317,217.24770926733825,57.525105032416604
108.25,123.6337671910164,15.383767191016403,14.2113322780752,ARW,US0427351004,Information Technology,United States and Canada,105.74,0.0654141489040832,125.6966634842876,17.446663484287598,16.117010147147894,v9_9,2025-11-24,106.08890136754718,121.16762168105545,143.06586912642194,36.976967758874764
49.9216,41.52583591831388,8.395764081686117,-16.817898628421602,ELD,CA2849025093,Materials,United States and Canada,38.22,0.1407975957005695,43.32795988334276,6.593640116657241,-13.207990362202416,v9_9,2025-11-24,39.4109606836445,45.104176705391936,45.15442195393604,5.74346127029154
168.7778,158.9798584193439,9.7979415806561,-5.805231245256248,OLED,US91347P1057,Information Technology,United States and Canada,113.73,0.06492265092145535,160.89483420675714,7.8829657932428745,-4.670617695717608,v9_9,2025-11-24,131.68605600805304,164.55656286954573,169.16581679781027,37.47976078975722
17.3182,17.62118020513729,0.3029802051372883,1.749490161432991,M,US55616P1049,Consumer Discretionary,United States and Canada,20.12,0.10255685289925845,19.461775541413793,2.1435755414137923,12.377588556627087,v9_9,2025-11-24,16.330099128989467,16.88446368933163,25.59065332740104,9.260554198411572
90.6923,94.31931648872373,3.6270164887237257,3.99925516137944,PTGX,US74366E1029,Health Care,United States and Canada,85.4,0.09035499733527003,96.4011356627015,5.708835662701503,6.294730272251892,v9_9,2025-11-24,80.01818542562641,90.32648433661053,105.30298686207595,25.28480143644954
46.1538,40.240550617410214,5.9132493825897825,-12.81205314099767,DAR,US2372661015,Consumer Staples,United States and Canada,33.38,0.09934470204560603,41.92174131195618,4.232058688043814,-9.169469660231258,v9_9,2025-11-24,37.49741585890389,41.597464945796254,53.15899192877324,15.661576069869348
16.6389,17.88368199981258,1.2447819998125809,7.481155604111936,UEC,US9168961038,Energy,United States and Canada,10.9,0.0852110813011558,19.725145922956386,3.086245922956387,18.548377134043637,v9_9,2025-11-24,16.15939053339266,20.957444828481965,37.30466383531481,21.145273301922153
219.5,218.970114455481,0.5298855445190043,-0.24140571504282657,BMI,US0565251081,Information Technology,United States and Canada,177.46,0.06273515789156744,221.2284968750623,1.7284968750622909,0.7874701025340732,v9_9,2025-11-24,185.0543835323929,213.1317106424175,217.60815267994448,32.55376914755158
113.125,110.2520082564989,2.872991743501103,-2.539661209724732,ACLX,US03940C1009,Health Care,United States and Canada,90.19,0.08820487301535973,112.40754077075944,0.7174592292405606,-0.6342181031960756,v9_9,2025-11-24,88.77405355239347,112.40836426173297,132.28778837420188,43.51373482180841
264.5,247.45795790586916,17.042042094130835,-6.443116103641147,MSGS,US55825T1034,Communication Services,United States and Canada,216.27,0.07184356972148624,249.71938005589882,14.780619944101176,-5.588136084726343,v9_9,2025-11-24,240.271334612604,260.45916848243814,269.08775820938223,28.816423596778236
46.3333,50.115892545771636,3.782592545771635,8.163874677114807,KNTK,US02215L2097,Energy,United States and Canada,32.65,0.08378547429642122,51.995688719210456,5.662388719210455,12.220991639297123,v9_9,2025-11-24,47.665742720745335,50.23080168788765,72.20983544037269,24.54409271962735
27.75,25.382774987032303,2.3672250129676975,-8.530540587270982,REYN,US76171L1061,Consumer Staples,United States and Canada,24.29,0.0960308898203756,27.196560695740605,0.5534393042593955,-1.9943758712050286,v9_9,2025-11-24,26.12704405841338,27.393414093402097,35.20058994069638,9.073545882283003
93.5,94.58806125499807,1.0880612549980668,1.16370187700328,SR,US84857L1017,Utilities,United States and Canada,86.1,0.09698834433580367,96.72541792208861,3.22541792208861,3.4496448364584062,v9_9,2025-11-24,90.64545601445413,96.06087759166569,96.42313895388709,5.777682939432964
97.75,95.82738271473008,1.9226172852699221,-1.9668719030894344,HHH,US44267T1025,Real Estate,United States and Canada,84.57,0.23822165384220997,97.86858103403873,0.11858103403872633,0.12131052075573026,v9_9,2025-11-24,81.46412510128157,102.96020135440739,141.05274092709226,59.58861582581069
23.97,21.99332713133812,1.976672868661879,-8.246445009019105,PONY,US7329081084,Information Technology,Asia / Pacific,11.19,0.05806598875607358,23.757119477234482,0.2128805227655164,-0.8881123185878865,v9_9,2025-11-24,21.18085373001672,22.902998400516164,31.37979478978212,10.1989410597654
82.5217,82.03948004499401,0.4822199550059878,-0.5843553332105226,CRSP,CH0334081137,Health Care,Europe,50.23,0.08076957638695266,84.0242913308151,1.5025913308151075,1.820843888110773,v9_9,2025-11-24,64.28247062256635,83.24910041394548,92.51149962589119,28.22902900332484
21.4423,14.482022393982156,6.9602776060178435,-32.4604991349708,WULF,US88080T1043,Information Technology,United States and Canada,11.29,0.056530782529140886,16.236659102376787,5.205640897623212,-24.27743711086596,v9_9,2025-11-24,14.463417871058732,19.42115373958987,21.28027249905445,6.816854627995719
197.2,187.00767864953897,10.192321350461015,-5.168519954594835,MZTI,US5138471033,Consumer Staples,United States and Canada,171.67,0.08848052706440675,188.98889496217177,8.211105037828219,-4.163846368067048,v9_9,2025-11-24,172.9832968736598,174.44422106631396,182.72715252775114,9.743855654091334
81.5,87.81122474360637,6.311224743606374,7.743834041234815,SIGI,US8163001071,Financials,United States and Canada,77.97,0.05325354065205247,89.68316915087692,8.183169150876921,10.04069834463426,v9_9,2025-11-24,83.02128908681212,93.05641211751097,93.10881783768353,10.087528750871414
38.1111,34.131936784508305,3.9791632154916954,-10.440956087574737,YOU,US18467V1098,Information Technology,United States and Canada,35.85,0.056292869370590436,35.92156519788752,2.189534802112483,-5.745136724241712,v9_9,2025-11-24,34.66673783339529,38.014107121516815,41.696833239894374,7.030095406499086
295.75,357.4867721239726,61.73677212397263,20.874648224504693,AGX,US04010E1091,Industrials,United States and Canada,335.33,0.09773737827694337,360.00253181760485,64.25253181760485,21.725285483551936,v9_9,2025-11-24,280.44114134176624,316.6731130786089,345.5838323375646,65.14269099579838
135.75,161.09580766440993,25.345807664409932,18.670944872493507,CAR,US0537741052,Industrials,United States and Canada,131.42,0.09760905478627771,162.98032382087086,27.230323820870865,20.059170402114816,v9_9,2025-11-24,130.82646811142425,143.88683397587292,146.06468497899013,15.238216867565882
241.1111,217.51936222527104,23.591737774728955,-9.7845921547075,PI,US4532041096,Information Technology,United States and Canada,153.57,0.05525903304157812,219.7507567466244,21.36034325337559,-8.859128946521164,v9_9,2025-11-24,168.4957176315219,220.6433758286918,251.7282160462299,83.232498414708
66.7857,60.55734507162916,6.228354928370848,-9.325881031973681,ALK,US0116591092,Industrials,United States and Canada,39.53,0.09671934525099563,62.357929558174725,4.427770441825281,-6.629818122480232,v9_9,2025-11-24,53.06777291961576,67.7508720416802,75.28442760692025,22.216654687304484
27.6538,22.661314014550015,4.992485985449985,-18.053526045064277,CORZ,US21874A1060,Information Technology,United States and Canada,14.73,0.054594282945566036,24.398177959860305,3.255622040139695,-11.772783632411079,v9_9,2025-11-24,19.81450544245609,26.079475066511407,27.138342678563582,7.323837236107494
249.0,252.88761382760833,3.887613827608334,1.561290693818608,NPO,US29355X1072,Industrials,United States and Canada,215.67,0.09580287423560893,254.94603744035584,5.946037440355838,2.3879668435164003,v9_9,2025-11-24,224.52369592853057,252.52927666902,273.9981969829235,49.47450105439293
100.5,96.62959633729126,3.870403662708739,-3.8511479230932726,AX,US05465C1009,Financials,United States and Canada,79.47,0.05077741908174791,98.30365513910756,2.196344860892438,-2.1854177720322765,v9_9,2025-11-24,82.89606839021113,103.53036627031213,109.15086563081923,26.2547972406081
40.4038,32.04122716467219,8.362572835327803,-20.697490917507274,GMIN,CA36270K1021,Materials,United States and Canada,27.78,0.11525965318375665,33.819130773424874,6.584669226575123,-16.297153303835586,v9_9,2025-11-24,30.393072063945922,34.93304900551293,44.36490359574299,13.971831531797065
141.9091,143.0744265709677,1.165326570967693,0.8211781844629364,TMDX,US89377M1099,Health Care,United States and Canada,130.93,0.0753423360902744,145.0005965346071,3.091496534607103,2.1785047855332063,v9_9,2025-11-24,125.76559339875229,132.72201065909508,155.59351728299566,29.827923884243376
56.0,58.366050265630825,2.3660502656308253,4.225089760055045,AKRO,US00973Y1082,Health Care,United States and Canada,54.31,0.0752832858262381,60.31635319984231,4.316353199842311,7.7077735711469835,v9_9,2025-11-24,52.999066599754,64.74366969734479,69.9449347390456,16.945868139291605
36.0,36.346766540167295,0.3467665401672946,0.963240389353596,FFIN,US32020R1095,Financials,United States and Canada,31.36,0.05030557904138547,38.15546007753964,2.1554600775396366,5.987389104276768,v9_9,2025-11-24,33.4097665723253,39.39243403962103,45.30029399369937,11.890527421374067
116.0,115.34071343562654,0.6592865643734598,-0.5683504865288447,SNEX,US8618961085,Financials,United States and Canada,83.71,0.049186457556973616,117.23306514067447,1.2330651406744693,1.0629871902366115,v9_9,2025-11-24,96.30964462356926,101.70575072587951,134.96541672337813,38.65577209980887
144.2,137.47174081421522,6.728259185784765,-4.665921765454067,BDC,US0774541066,Information Technology,United States and Canada,110.61,0.05184260995670887,139.4397771924197,4.760222807580277,-3.3011253866714823,v9_9,2025-11-24,117.81541377945507,137.97364991357307,140.3532493908818,22.537835611426743
36.5,27.433065617276778,9.066934382723222,-24.84091611704992,PACS,US69380Q1076,Health Care,United States and Canada,27.5,0.07243289484575605,29.306386775439528,7.1936132245604725,-19.708529382357458,v9_9,2025-11-24,18.42919798517347,39.885133414857684,42.7946346597643,24.36543667459083
140.4,140.52509125424723,0.12509125424722356,0.08909633493391991,ITRI,US4657411066,Information Technology,United States and Canada,95.69,0.05117057932316853,142.53202253531526,2.132022535315258,1.5185345693128618,v9_9,2025-11-24,122.78291789973039,136.70466631110202,150.46447835460106,27.681560454870663
293.0,291.30089237381935,1.6991076261806484,-0.5799002137135318,OSIS,US6710441055,Information Technology,United States and Canada,251.1,0.05080778643616732,293.1627026032607,0.16270260326069774,0.05552989872378763,v9_9,2025-11-24,250.55990791605132,301.815875280994,317.62117055548464,67.06126263943332
158.4444,164.6060937907049,6.161693790704902,3.888868139678589,WGS,US81663L2007,Health Care,United States and Canada,146.55,0.07120065477711603,166.81095729373325,8.366557293733251,5.280437360823893,v9_9,2025-11-24,124.7233382557642,157.19253934431467,175.17749612829726,50.45415787253306
20.6,20.72735237347834,0.12735237347833817,0.6182154052346512,MDU,US5526901096,Utilities,United States and Canada,20.5,0.07859998638539074,22.596183181560324,1.9961831815603226,9.690209619224866,v9_9,2025-11-24,19.006048952313648,22.81396354616803,32.212858124144226,13.206809171830578
52.5,52.082880028422984,0.41711997157701575,-0.7945142315752681,CE,US1508701034,Materials,United States and Canada,37.93,0.10630037144205928,53.86559389679802,1.3655938967980177,2.601131231996224,v9_9,2025-11-24,43.77736707579458,48.62354687849555,67.26554361545037,23.48817653965579
38.8571,35.35492381994128,3.5021761800587257,-9.012963345331292,HASI,US41068X1000,Financials,United States and Canada,32.48,0.04647447531743631,37.1011186018753,1.7559813981247032,-4.519074758859264,v9_9,2025-11-24,35.30105750077761,36.77513020073249,52.83300760731528,17.53195010653767
38.2188,38.417555832348874,0.19875583234887273,0.5200472865418923,SPR,US8485741099,Industrials,United States and Canada,34.82,0.08590792664511604,40.263438031920835,2.044638031920833,5.349822683916902,v9_9,2025-11-24,28.487456942697136,42.28452776818462,45.14191214313685,16.654455200439713
30.4167,34.654340097302025,4.237640097302027,13.93195217529195,PBF,US69318G1067,Energy,United States and Canada,34.86,0.06516304346643625,36.52042721389305,6.103727213893052,20.067026383181123,v9_9,2025-11-24,26.345785423143333,37.26943638708095,53.54612223893258,27.20033681578925
53.25,51.21784107549404,2.032158924505957,-3.8162608910909994,SON,US8354951027,Materials,United States and Canada,41.05,0.10350821807883942,53.01904813584959,0.2309518641504127,-0.43371242093974216,v9_9,2025-11-24,46.13335501876023,52.323119950675945,60.56805764296989,14.434702624209663
226.7692,231.37347559553578,4.604275595535768,2.03037960866633,GPOR,US4026355028,Energy,United States and Canada,204.68,0.06324404723301448,233.53212567325815,6.762925673258138,2.9822946296314217,v9_9,2025-11-24,203.00883685191428,225.20928146361888,270.5731350168379,67.56429816492363
44.4,39.93355262342615,4.466447376573846,-10.05956616345461,CNO,US12621E1038,Financials,United States and Canada,40.45,0.043127675333028984,41.72754895925734,2.672451040742658,-6.019033875546527,v9_9,2025-11-24,38.657140787367844,40.78640160897159,48.12504885191629,9.467908064548446
10.5714,8.539693943128048,2.0317060568719523,-19.218893021472578,GBTG,US37890B1008,Consumer Discretionary,United States and Canada,7.11,0.06982972952753662,10.30850425482666,0.26289574517334025,-2.4868583647704208,v9_9,2025-11-24,9.82467899826177,10.538242350048149,23.844953213987615,14.020274215725845
159.0,161.23256330966154,2.2325633096615434,1.4041278677116626,PLXS,US7291321005,Information Technology,United States and Canada,138.46,0.04394742230255082,163.31879503738486,4.318795037384859,2.716223293952742,v9_9,2025-11-24,136.8635739521202,153.03052297836985,176.61883148554242,39.755257533422224
52.6316,56.54756480692044,3.9159648069204422,7.440330157016778,VRNS,US9222801022,Information Technology,United States and Canada,31.35,0.04381032607892553,58.33001780041255,5.69841780041255,10.826989489988048,v9_9,2025-11-24,53.226607269573854,58.957163546526914,68.61465639719434,15.388049127620484
25.8667,23.253499245885536,2.613200754114466,-10.102567216206419,CAAP,LU1756447840,Industrials,Europe,22.44,0.07642076259162747,24.994130331385087,0.8725696686149149,-3.3733320006607523,v9_9,2025-11-24,23.307704274988076,24.748291837192408,27.483470326620022,4.175766051631946
87.994,83.41156009864363,4.582439901356366,-5.2076731383462125,MIRM,US6047491013,Health Care,United States and Canada,70.97,0.06097853304068951,85.5211598436797,2.472840156320302,-2.810237239266657,v9_9,2025-11-24,73.7150382110741,94.2550769922027,97.22333201152483,23.50829380045073
64.2857,62.169832475871324,2.1158675241286815,-3.2913502133891077,HNGE,US4333131039,Health Care,United States and Canada,45.99,0.060508041378117855,63.969473116055,0.3162268839450064,-0.4919085954496978,v9_9,2025-11-24,55.39387412875702,56.30129196282974,73.46515714772048,18.071283018963456
55.3846,57.395342878422895,2.010742878422896,3.630508983404946,UPST,US91680M1071,Financials,United States and Canada,37.09,0.040175677857865806,59.3712112930405,3.9866112930405038,7.198050167448178,v9_9,2025-11-24,47.61169422935365,49.98032581507997,69.85535592796964,22.243661698615988
41.1429,41.024585561166134,0.11831443883386328,-0.2875695170585041,AB,US01881G1067,Financials,United States and Canada,39.48,0.03998634833223609,42.83133320765718,1.6884332076571837,4.103826438236449,v9_9,2025-11-24,41.63780917502395,42.06108421996269,52.475894191504835,10.838085016480882
79.5,73.37503145365851,6.124968546341492,-7.704362951372946,CALX,US13100M5094,Information Technology,United States and Canada,53.82,0.04221749254647258,75.25706671217853,4.242933287821472,-5.337023003549022,v9_9,2025-11-24,60.52478742985555,82.14573808936895,90.2938321929831,29.769044763127553
180.8333,163.2248720091169,17.608427990883115,-9.73738132903791,ICUI,US44930G1076,Health Care,United States and Canada,142.34,0.05865994179102857,165.6415649897616,15.191735010238403,-8.400961001230637,v9_9,2025-11-24,136.6130031997661,169.86693176882858,172.00754697067077,35.394543770904676
29.0835,30.370602285256332,1.2871022852563314,4.425541235602082,NGEX,CA62930A1021,Materials,United States and Canada,22.81,0.08889684723908256,32.17827661392377,3.09477661392377,10.641004741257998,v9_9,2025-11-24,25.32237355308378,31.821522786098633,41.69568603975401,16.37331248667023
27.6667,36.50519882944746,8.83849882944746,31.946342821686212,CVI,US12662P1084,Energy,United States and Canada,34.48,0.055085551734094955,38.45621525210079,10.789515252100792,38.99820091337526,v9_9,2025-11-24,31.597594445715835,40.04437896434059,51.963607744498454,20.36601329878262
140.0,139.8829983692376,0.11700163076238823,-0.08357259340170589,AGYS,US00847J1051,Information Technology,United States and Canada,123.36,0.04065007919589794,141.8933066117715,1.893306611771493,1.3523618655510665,v9_9,2025-11-24,117.19189396975372,131.8701706781013,146.618108815166,29.42621484541229
10.0,8.190396745222328,1.809603254777672,-18.09603254777672,GNW,US37247D1063,Financials,United States and Canada,8.59,0.038066582552919906,9.945545618899521,0.054454381100478955,-0.5445438110047895,v9_9,2025-11-24,9.605293716292705,9.866007661110455,24.40837551481518,14.803081798522475
125.0,141.3106794777707,16.31067947777069,13.048543582216555,USLM,US9119221029,Materials,United States and Canada,118.96,0.08612630951405642,143.46769392356666,18.467693923566657,14.774155138853326,v9_9,2025-11-24,121.93026994924689,129.26575991017668,162.41370245925592,40.483432510009024
166.5,151.87797932534198,14.622020674658017,-8.781994399194005,ATGE,US00737L1035,Consumer Discretionary,United States and Canada,93.37,0.06339619578431249,153.94361343472931,12.556386565270685,-7.541373312474886,v9_9,2025-11-24,124.58065976873375,135.88706003467112,177.92704674175735,53.3463869730236
86.1111,83.18482366206696,2.9262763379330323,-3.3982568309231125,TARS,US87650L1035,Health Care,United States and Canada,79.66,0.05636045503855584,85.3194568492975,0.7916431507024981,-0.9193276484709849,v9_9,2025-11-24,71.13092912414307,79.52721639554352,91.61946468927766,20.488535565134598
17.7143,14.877421302210927,2.836878697789075,-16.01462489507954,HAYW,US4212981009,Industrials,United States and Canada,15.55,0.07011558239385923,16.68869587397323,1.0256041260267708,-5.789696042331736,v9_9,2025-11-24,14.716888340190769,16.674631531736573,26.78458754626991,12.067699206079142
7.6857,6.060157117819226,1.625542882180774,-21.150225512064928,DSV,CA2546771072,Materials,United States and Canada,5.84,0.08470127855165616,7.8339652335605034,0.1482652335605037,1.9291051375997463,v9_9,2025-11-24,4.698356120503538,6.4387897500009785,32.5404714868354,27.84211536633186
43.7368,51.605041476157055,7.868241476157053,17.98997977940099,TREX,US89531P1057,Industrials,United States and Canada,31.05,0.06919516296337513,53.49233128486922,9.755531284869221,22.30508698594598,v9_9,2025-11-24,39.8790221352678,47.16233306810147,67.82904373609601,27.950021600828208
48.375,50.40334153205635,2.028341532056352,4.19295407143432,WHD,US1272031071,Energy,United States and Canada,41.18,0.05184555102915756,52.33202347099673,3.957023470996731,8.179893480096602,v9_9,2025-11-24,47.260071044053895,50.01878311441875,67.61662426120671,20.356553217152815
51.2,50.851022989374734,0.3489770106252692,-0.6815957238774789,CATY,US1491501045,Financials,United States and Canada,47.83,0.03597161277371066,52.61568823637455,1.4156882363745495,2.765016086669042,v9_9,2025-11-24,45.73215223048611,50.649272129478796,59.99634223725817,14.264190006772061
83.4,75.79128702358688,7.6087129764131305,-9.123157046058909,RARE,US90400D1081,Health Care,United States and Canada,33.59,0.05381382556336645,77.58803961245721,5.811960387542797,-6.9687774430968785,v9_9,2025-11-24,47.46203087760736,61.557391062586134,70.45381035194114,22.991779474333782
39.0,42.14599396053049,3.1459939605304896,8.066651180847408,FIZZ,US6350171061,Consumer Staples,United States and Canada,34.28,0.059291361157074784,43.89948160230662,4.899481602306622,12.562773339247748,v9_9,2025-11-24,40.708483049663414,43.74859073184294,53.15833584689108,12.449852797227663
34.4667,34.390340048932835,0.0763599510671682,-0.2215470325478453,BTU,US7045511000,Energy,United States and Canada,26.36,0.05071868885929633,36.2698148194491,1.8031148194490996,5.231469271642192,v9_9,2025-11-24,30.996756603105762,33.224658116492584,51.757176788073586,20.760420184967824
24.75,24.503997230002255,0.2460027699977445,-0.9939505858494728,WSC,US9713781048,Industrials,United States and Canada,17.61,0.06642688526730517,26.308861256625704,1.558861256625704,6.298429319699815,v9_9,2025-11-24,23.34474322948467,24.00692426248,36.762634568033505,13.417891338548834
20.75,17.914322896670004,2.8356771033299957,-13.665913750987931,MH,US5809071039,Consumer Discretionary,United States and Canada,16.64,0.05923281683091287,19.661140721709184,1.0888592782908155,-5.247514594172605,v9_9,2025-11-24,19.18489177214098,26.190757109775276,28.828295981519737,9.643404209378758
67.9769,69.61869085656126,1.6417908565612578,2.4152187825000224,JOYY,US46591M1099,Communication Services,Asia / Pacific,61.79,0.04305489381674883,71.52510189494174,3.548201894941741,5.219717131763497,v9_9,2025-11-24,60.17244749611152,68.95393515736407,78.00330649125617,17.830858995144645
24.1667,23.02635406158082,1.140345938419177,-4.718666340125781,FBP,PR3186727065,Financials,United States and Canada,20.16,0.03489059459821863,24.866218148209736,0.6995181482097372,2.894553862172896,v9_9,2025-11-24,24.037164106692302,25.904943237325547,37.74571326858929,13.70854916189699
22.6923,25.25615953495052,2.56385953495052,11.29836788227954,NPI,CA6665111002,Utilities,United States and Canada,17.02,0.057415719717665854,27.14687176430851,4.454571764308511,19.630322903841883,v9_9,2025-11-24,24.18192777332999,28.258463087111167,36.42675998408362,12.244832210753628
27.8571,28.876909281766444,1.0198092817664453,3.6608594640735945,VERX,US92538J1060,Information Technology,United States and Canada,19.79,0.03715887635268762,30.60167164445685,2.744571644456851,9.852323624701965,v9_9,2025-11-24,24.949375762413787,37.04396057831729,43.1840083080978,18.234632545684015
16.4444,16.064643499283505,0.37975650071649625,-2.3093363133741347,AEO,US02553E1064,Consumer Discretionary,United States and Canada,18.55,0.05851148654202319,17.875479021299196,1.431079021299194,8.702531082308832,v9_9,2025-11-24,16.984138051578963,17.363845176170773,24.545210684707364,7.561072633128401
20.9375,20.045794427723813,0.8917055722761873,-4.258892285498208,HTGC,US4270965084,Financials,United States and Canada,17.48,0.03457805250355843,21.845215055728524,0.9077150557285236,4.33535549004668,v9_9,2025-11-24,20.068572705618024,22.15745947538089,36.47839592744647,16.409823221828447
74.3333,79.9626349488045,5.629334948804512,7.573099739692053,CNS,US19247A1007,Financials,United States and Canada,61.39,0.03451347867161952,81.77366797017955,7.440367970179551,10.009468125563577,v9_9,2025-11-24,74.64459703003327,79.13162584024255,97.72110181785058,23.076504787817314
54.25,56.94228408913559,2.6922840891355904,4.962735648176204,AAP,US00751Y1064,Consumer Discretionary,United States and Canada,51.7,0.058137867450991504,58.818125641157714,4.568125641157714,8.420508094299933,v9_9,2025-11-24,46.743458192589046,50.54498099177271,63.046325006303256,16.30286681371421
42.0,39.939726700974816,2.0602732990251837,-4.905412616726628,BKU,US06652K1034,Financials,United States and Canada,41.48,0.03434207313242873,41.73348799657547,0.2665120034245305,-0.6345523891060251,v9_9,2025-11-24,38.964309786867354,41.66757445486731,46.65583174977501,7.691521962907657
37.8947,35.248255809397136,2.646444190602864,-6.983678959334323,TENB,US88025T1025,Information Technology,United States and Canada,26.06,0.03657951832395609,36.984411567936746,0.910288432063254,-2.402152364481719,v9_9,2025-11-24,33.21086347563347,38.20454294459644,42.6176107580616,9.406747282428135
91.0,92.43624578063658,1.4362457806365825,1.578292066633607,AIR,US0003611052,Industrials,United States and Canada,77.69,0.06356538110365759,94.28389718843549,3.283897188435489,3.6086782290499877,v9_9,2025-11-24,70.62663101416989,92.45997120430083,102.69051873753286,32.06388772336297
41.6,36.45571442941406,5.144285570585943,-12.366071083139285,APPN,US03782L1017,Information Technology,United States and Canada,41.34,0.035860596092776136,38.28577004739707,3.314229952602929,-7.966898924526271,v9_9,2025-11-24,33.5124460044151,37.69147118152977,46.06345617828712,12.551010173872022
27.3333,25.68310315372001,1.650196846279993,-6.03731289774741,FHB,US32051X1081,Financials,United States and Canada,24.6,0.03347068250694428,27.52281529607988,0.18951529607987894,0.6933494897428372,v9_9,2025-11-24,22.96800991225577,23.89646146596449,35.077181531382124,12.109171619126354
69.1,65.84635458317044,3.2536454168295563,-4.708604076453772,LIVN,GB00BYMT0J19,Health Care,Europe,55.29,0.05006708631026267,67.69830712643748,1.40169287356251,-2.0284990934334446,v9_9,2025-11-24,60.44194355071028,73.6645196635211,73.92195360753354,13.48001005682326
68.6667,64.3145629050094,4.35213709499061,-6.338060653840376,CBU,US2036071064,Financials,United States and Canada,56.98,0.03296204487852841,66.18729447110144,2.4794055288985675,-3.610782998015875,v9_9,2025-11-24,59.4370289203856,65.92423193368724,81.08765755851046,21.650628638124857
3.2188250000000003,1.4627541546704887,1.7560708453295115,-54.556269611722016,RLX,US74969N1037,Consumer Staples,Asia / Pacific,2.7855,0.054956947372807305,3.2292170401267257,0.010392040126725455,0.3228519763182358,v9_9,2025-11-24,3.180681643295788,3.906952656395091,15.84251434782056,12.661832704524771
116.0,112.01193242509537,3.9880675749046333,-3.4379892887108907,PBH,CA74061A1084,Consumer Staples,United States and Canada,91.91,0.053569261910216645,113.8716066917337,2.128393308266297,-1.8348218174709454,v9_9,2025-11-24,95.62654426285393,101.32538908919359,122.49486781783256,26.86832355497863
73.25,73.14129635844236,0.10870364155763923,-0.14840087584660647,STNG,MHY7542C1306,Energy,Europe,61.84,0.04582914804650921,75.22463896245,1.9746389624500011,2.6957528497610936,v9_9,2025-11-24,59.91848953709501,70.23475605010034,80.53414936592924,20.615659828834225
64.2222,60.11023737148656,4.111962628513439,-6.402712190665281,SEI,US83418M1036,Energy,United States and Canada,42.83,0.045617599883327184,61.94694631510683,2.2752536848931726,-3.54278378020867,v9_9,2025-11-24,50.254370262101865,62.65656880833422,76.67032721381688,26.41595695171501
57.5714,61.08285499655825,3.5114549965582498,6.099304509805649,COLM,US1985161066,Consumer Discretionary,United States and Canada,53.35,0.05332464841016656,62.89364865344756,5.322248653447566,9.244605226636084,v9_9,2025-11-24,56.44641946377598,56.55771990144783,75.74027665801516,19.29385719423918
44.3333,46.62132512635399,2.288025126353986,5.160962812048699,KGS,US50012A1088,Energy,United States and Canada,33.49,0.045098101862348534,48.59227593611013,4.258975936110126,9.606719860940029,v9_9,2025-11-24,40.591830564559544,47.33152324449412,56.19954789829025,15.607717333730704
34.8571,29.729779295724324,5.127320704275679,-14.70954469613272,CPRX,US14888U1016,Health Care,United States and Canada,23.28,0.04732750141347229,31.530578945607072,3.3265210543929307,-9.543309840442637,v9_9,2025-11-24,25.651910943389403,38.4957840574763,54.09626390468314,28.44435296129374
81.0,84.7094699789366,3.709469978936596,4.57959256658839,AWR,US0298991011,Utilities,United States and Canada,73.37,0.05087918571887922,86.78364418758919,5.783644187589189,7.140301466159493,v9_9,2025-11-24,76.78682287393585,81.85918222233803,94.90732459982364,18.12050172588779
58.73,55.00153259003432,3.728467409965674,-6.3484886939650504,TEX,US8807791038,Industrials,United States and Canada,43.29,0.05843704796131054,56.74889107825841,1.981108921741587,-3.3732486322860327,v9_9,2025-11-24,54.19119454225777,58.56015650562551,65.92155263082732,11.730358088569552
85.5714,88.5684703151658,2.9970703151658,3.5024205694493724,GLOB,LU0974299876,Information Technology,Europe,62.88,0.032383830925681166,90.39225485274389,4.820854852743892,5.6337220762356255,v9_9,2025-11-24,67.9839722413362,68.56665118601865,138.67876091700293,70.69478867566673
4.9437,3.132787023581188,1.8109129764188117,-36.630721451924906,COTY,US2220702037,Consumer Staples,United States and Canada,3.16,0.05067494651681328,4.892732786123545,0.0509672138764552,-1.0309528061260838,v9_9,2025-11-24,3.2590391272619055,5.848627430675051,16.117719524531946,12.85868039727004
91.5,69.46078980201737,22.039210197982626,-24.086568522385384,CBZ,US1248051021,Industrials,United States and Canada,51.14,0.05613643809788884,71.22966993637412,20.270330063625877,-22.153366189755058,v9_9,2025-11-24,66.67067493410879,69.80503792132683,98.6303617564465,31.959686822337716
55.0,59.392199898350036,4.392199898350036,7.985817997000065,BKE,US1184401065,Consumer Discretionary,United States and Canada,54.31,0.050428613464197726,61.20388039081955,6.203880390819549,11.279782528762816,v9_9,2025-11-24,54.21680209012877,56.39288265309148,76.97154548325425,22.754743393125473
3.1206650000000002,1.660491452074194,1.4601735479258062,-46.79046126148773,PLUG,US72919P2020,Industrials,United States and Canada,2.4457,0.0557598031688752,3.483980092019137,0.3633150920191368,11.642233050299753,v9_9,2025-11-24,2.50257887214962,3.016880065680516,16.92447541848048,14.42189654633086
53.0,56.697618812762315,3.6976188127623146,6.976639269362858,CWT,US1307881029,Utilities,United States and Canada,45.52,0.04825001587720076,58.61803071481593,5.61803071481593,10.600057952482887,v9_9,2025-11-24,51.83048214018606,52.997918767179584,66.81464313389901,14.984160993712955
43.2898,41.06639759943761,2.2234024005623922,-5.136088410115991,PPTA,CA7142661031,Materials,United States and Canada,31.22,0.06751337701115499,42.91195421828936,0.37784578171064,-0.8728286610486534,v9_9,2025-11-24,34.84240834771668,46.6422005775069,67.39142103007484,32.54901268235816
45.1667,43.03528401759571,2.1314159824042918,-4.7189986924089915,NATL,US63001N1063,Financials,United States and Canada,35.61,0.028582894496377135,44.856716889089896,0.3099831109101032,-0.6863089641485945,v9_9,2025-11-24,40.73381454213844,44.723883705981116,47.166064299381844,6.4322497572434045
306.375,253.01632608412686,53.35867391587314,-17.416131837086297,DAVE,US23834J2015,Financials,United States and Canada,194.68,0.02855013277281989,255.18292273065143,51.19207726934857,-16.70896034903258,v9_9,2025-11-24,227.17921929740046,266.3029112186683,311.0628349356305,83.88361563823005
22.9167,19.106302122675007,3.8103978773249914,-16.627166552448614,OCUL,US67576A1007,Health Care,United States and Canada,12.24,0.04292130965288068,20.86662698235545,2.05007301764455,-8.94576015588872,v9_9,2025-11-24,15.129725214699928,21.460062180950178,30.919966358936833,15.790241144236905
128.0,125.70938056384088,2.290619436159119,-1.7895464344993117,NSIT,US45765U1034,Information Technology,United States and Canada,84.05,0.030332200130006953,127.35939726848649,0.6406027315135105,-0.5004708839949301,v9_9,2025-11-24,112.05955394083674,126.38201928464395,148.2709481139405,36.21139417310377
93.7,94.39354846542608,0.6935484654260762,0.7401797923437312,GSHD,US38267D1090,Financials,United States and Canada,71.36,0.028196994629403973,96.26732040800194,2.567320408001933,2.739936401282746,v9_9,2025-11-24,80.21650477910603,82.34128099936046,107.26709817422424,27.050593395118213
124.5,121.89992807725677,2.6000719227432256,-2.0884111829262855,IPAR,US4583341098,Consumer Staples,United States and Canada,80.61,0.04721201854361667,123.82235441687175,0.6776455831282533,-0.5442936410668701,v9_9,2025-11-24,95.9779542730304,131.71545768012083,132.14759380766236,36.169639534631955
11.4375,9.266553899203124,2.1709461007968756,-18.98094951516394,BKD,US1124631045,Health Care,United States and Canada,10.8,0.042203501590345194,10.995095494493448,0.44240450550655197,-3.8680175344835144,v9_9,2025-11-24,8.248351636382466,11.473917630022598,30.173534054212105,21.92518241782964
21.75,19.92803595993945,1.82196404006055,-8.37684616119793,GRND,US39854F1012,Communication Services,United States and Canada,13.84,0.034303156767156555,21.731273266810227,0.018726733189772915,-0.08609992271159961,v9_9,2025-11-24,18.53632465528212,20.25300316528726,40.149076520814496,21.612751865532378
45.6154,43.5243975643024,2.091002435697604,-4.583983557521372,IAC,US44891N2080,Communication Services,United States and Canada,32.7,0.03395337097194919,45.25985571101198,0.35554428898802115,-0.7794391564866715,v9_9,2025-11-24,37.31534777231969,46.62811808664554,68.66018293781153,31.344835165491837
12.4514,10.412482606029105,2.0389173939708947,-16.375005171875408,FVI,CA3499421020,Materials,United States and Canada,11.59,0.06283212361369704,12.147759694704378,0.30364030529562136,-2.438603733681525,v9_9,2025-11-24,11.308697808191463,11.682241922087973,24.818858038243302,13.51016023005184
58.4,50.879585317377014,7.5204146826229845,-12.877422401751687,BATRK,US0477263026,Communication Services,United States and Canada,38.86,0.03355323077394433,52.6677762916045,5.732223708395502,-9.81545155547175,v9_9,2025-11-24,46.707174245447035,51.77289937326723,69.64399873015427,22.93682448470723
10.8571,7.4678098906254835,3.3892901093745174,-31.217268970300697,ONDS,US68236H2040,Information Technology,United States and Canada,6.735,0.02882352467542299,9.229339718862512,1.6277602811374887,-14.992588086482472,v9_9,2025-11-24,7.958955719260784,9.13975567357674,22.441251290786163,14.482295571525379
22.625,21.246748457235604,1.3782515427643958,-6.091719526030478,PFS,US74386T1051,Financials,United States and Canada,18.88,0.026617428486736542,23.038527133032094,0.413527133032094,1.8277442343959955,v9_9,2025-11-24,21.020845149573752,22.997098311292508,28.17388379803334,7.153038648459589
84.5714,106.47685127828518,21.905451278285184,25.90172478909559,ITGR,US45826H1095,Health Care,United States and Canada,70.0,0.0402291386445665,108.49840185468729,23.92700185468729,28.292072561985837,v9_9,2025-11-24,89.24662328402687,99.4643833840825,133.90221795023513,44.65559466620826
143.6667,138.45253402922808,5.214165970771916,-3.629349021570006,MTRN,US5766901012,Materials,United States and Canada,117.47,0.06045280225400402,140.5968033167678,3.0698966832322014,-2.1368185412710123,v9_9,2025-11-24,122.15728856939155,133.816967014676,140.5761600699041,18.418871500512537
32.2222,30.72071940204261,1.5014805979573893,-4.659770586606095,RCUS,US03969F1093,Health Care,United States and Canada,22.05,0.038980920269187244,32.52136840281826,0.2991684028182604,0.9284543042320524,v9_9,2025-11-24,19.428292911895415,29.79116884930409,34.51079433164743,15.082501419752017
17.4286,15.405079462617422,2.023520537382577,-11.610344705728384,FA,US31846B1089,Industrials,United States and Canada,13.64,0.048239388546683235,17.16836919251564,0.26023080748435845,-1.493125136180522,v9_9,2025-11-24,15.830816133116734,17.761397104312397,26.11443766422218,10.283621531105446
6.6667,5.53465883780287,1.1320411621971296,-16.980532530294294,BBAI,US08975B1098,Information Technology,United States and Canada,5.4,0.027290909826254598,7.262858392314678,0.5961583923146785,8.942331173064312,v9_9,2025-11-24,6.603402882561569,6.944380423014597,8.960446725665683,2.3570438431041145
18.352,14.66744516753042,3.68455483246958,-20.07712964510451,CG,CA1520061021,Materials,United States and Canada,16.36,0.057970206178496596,16.46855823726572,1.8834417627342788,-10.26286923896185,v9_9,2025-11-24,15.134410602786872,17.77609908617365,21.591981670191114,6.457571067404242
9.46,8.762211761620447,0.6977882383795535,-7.376197023039676,GT,US3825501014,Consumer Discretionary,United States and Canada,8.1,0.04247313709415886,10.521363996968661,1.0613639969686606,11.219492568379074,v9_9,2025-11-24,9.784131391051835,10.413620918680582,24.2841331447928,14.500001753740966
166.0,165.27377333423644,0.7262266657635621,-0.43748594323106155,KWR,US7473161070,Materials,United States and Canada,132.96,0.0569849600524326,167.58062222435038,1.5806222243503782,0.9521820628616737,v9_9,2025-11-24,141.3164198169372,170.10413729056515,189.85526770406938,48.538847887132164
36.25,30.11431861548983,6.135681384510171,-16.92601761244185,DRD,US26152H3012,Materials,Africa / Middle East,26.48,0.056601749479023085,31.91938642898077,4.3306135710192315,-11.94652019591512,v9_9,2025-11-24,24.96088237475417,33.30227160164145,56.924985316556786,31.964102941802615
59.6,54.658273553326005,4.9417264466739965,-8.291487326634222,KMPR,US4884011002,Financials,United States and Canada,38.99,0.024440316994840287,56.50149185329549,3.0985081467045106,-5.198839172323004,v9_9,2025-11-24,53.56029074956149,60.24197811220462,62.79133163015362,9.231040880592133
34.0,34.30867474441521,0.3086747444152067,0.9078668953388432,MFI,CA5649051078,Consumer Staples,United States and Canada,25.58,0.04104257205285997,36.04134968328653,2.0413496832865334,6.003969656725099,v9_9,2025-11-24,31.72663190411532,34.804112422323094,37.922192758738944,6.195560854623626
74.0,71.72348339613677,2.2765166038632287,-3.076373789004363,TGLS,KYG872641009,Industrials,Latin America and Caribbean,47.29,0.044451981042694017,73.58310492064032,0.4168950793596764,-0.5633717288644275,v9_9,2025-11-24,69.01370244298745,71.41638236237206,97.99715581877754,28.98345337579009
66.4545,62.54047279564065,3.9140272043593427,-5.889785047452532,ODD,IL0011974909,Consumer Staples,Africa / Middle East,37.7,0.03910271348982384,64.23750192838617,2.21699807161383,-3.3361142911523376,v9_9,2025-11-24,57.405200219191784,66.55530368353881,74.86032027707793,17.45512005788615
64.3333,67.07807832985323,2.744778329853233,4.266497023863587,TNK,BMG8726X1065,Energy,Latin America and Caribbean,62.25,0.03305625823818172,69.11830569323908,4.785005693239086,7.4378365375926405,v9_9,2025-11-24,62.000311094235705,72.53337618803343,76.29090519806697,14.29059410383126
30.51,29.080428037351414,1.4295719626485877,-4.685584931657121,SKE,CA83056P7157,Materials,United States and Canada,24.77,0.05226154281751037,30.910775850466003,0.40077585046600106,1.3135884971025926,v9_9,2025-11-24,27.12373707001964,33.69835795907377,49.347647482950926,22.223910412931286
72.4,71.53185928641795,0.8681407135820507,-1.1990893834006224,BANR,US06652V2088,Financials,United States and Canada,62.31,0.022554737361844705,73.45976468771599,1.0597646877159832,1.463763380823181,v9_9,2025-11-24,65.31276790659481,81.79706694375385,82.76428833391972,17.45152042732491
80.7,75.96300151402389,4.736998485976116,-5.869886599722572,CSGS,US1263491094,Industrials,United States and Canada,77.84,0.04252581254434296,77.80136891585089,2.898631084149116,-3.5918600794908504,v9_9,2025-11-24,60.35958546586171,65.08785521868928,83.82701720543831,23.467431739576597
7.2321,7.420653161090328,0.18855316109032838,2.607170269912313,PTEN,US7034811015,Energy,United States and Canada,5.53,0.032171906581335334,9.22033595086816,1.9882359508681597,27.491820506742993,v9_9,2025-11-24,7.189080018145318,8.289284902889449,24.77649985659137,17.587419838446053
128.25,128.087940798099,0.16205920190100187,-0.12636195080000145,SII,CA8520662088,Financials,United States and Canada,114.6,0.022236022768543282,129.96936379277696,1.71936379277696,1.3406345362783314,v9_9,2025-11-24,103.05182980541056,131.1621754987807,146.05314527820218,43.00131547279162
58.75,56.873311272021574,1.8766887279784257,-3.194363792303703,FBNC,US3189101062,Financials,United States and Canada,50.4,0.02215067610463873,58.62096288544431,0.12903711455569322,-0.21963764179692463,v9_9,2025-11-24,52.02432831243129,61.94696400298374,63.516189565191745,11.491861252760458
12.8571,12.957938437850574,0.10083843785057311,0.7843015753985978,ZIM,IL0065100930,Industrials,Africa / Middle East,16.9,0.04079881965201659,14.711293167870926,1.8541931678709247,14.421550488608819,v9_9,2025-11-24,9.866315818331124,13.603809081077106,24.06837421296146,14.202058394630335
184.5,188.9632445890835,4.4632445890835015,2.419102758310841,AMR,US0207641061,Materials,United States and Canada,157.06,0.04935143745328287,190.9733806698163,6.473380669816294,3.5086074091145223,v9_9,2025-11-24,159.41193538722288,214.41897179089514,223.70338948715644,64.29145409993356
23.9,24.068390465658588,0.1683904656585895,0.7045626178183662,TSLX,US83012A1097,Financials,United States and Canada,21.23,0.021156666419608512,25.855227571017586,1.9552275710175877,8.180868497981539,v9_9,2025-11-24,23.685533766285083,25.337129016259276,26.576203806412504,2.8906700401274215
212.75,217.79501871980236,5.045018719802357,2.37133664855575,ALG,US0113111076,Industrials,United States and Canada,161.01,0.03893385158767532,219.9662686703984,7.216268670398392,3.3919006676373176,v9_9,2025-11-24,176.86305110194021,227.3213745524151,325.7812975282652,148.918246426325
37.1818,38.20201149751563,1.020211497515625,2.7438464450769593,IMAX,CA45245E1097,Communication Services,United States and Canada,36.04,0.025539930403123162,40.02044701858059,2.8386470185805877,7.634506717212688,v9_9,2025-11-24,37.021139657164596,39.16595742607548,39.41810611812453,2.3969664609599306
61.7,57.91444320679469,3.7855567932053162,-6.1354243001706905,SKWD,US8309401029,Financials,United States and Canada,47.5,0.020171915482540128,59.760501693525576,1.9394983064744267,-3.143433235777029,v9_9,2025-11-24,54.914124572582075,55.48855883609125,60.516728341544116,5.602603768962041
76.6,77.91468238980194,1.3146823898019449,1.7162955480443145,SYBT,US8610251048,Financials,United States and Canada,64.72,0.019986384417612704,79.76617006797264,3.1661700679726437,4.13338128978152,v9_9,2025-11-24,73.16288260261818,76.95821312464565,77.05964784826517,3.8967652456469892
48.6482,47.72816953340101,0.9200304665989947,-1.8911911778832404,WPK,CA97535P1045,Materials,United States and Canada,43.65,0.04557964201834554,49.469497989963195,0.8212979899631918,1.688239215352658,v9_9,2025-11-24,43.84458980755823,47.97295418903529,58.365830721980224,14.521240914421995
51.75,49.34183437890511,2.408165621094888,-4.653460137381426,NTB,BMG0772R2087,Financials,Latin America and Caribbean,46.22,0.019608674981528854,51.169869267575905,0.5801307324240952,-1.1210255699016332,v9_9,2025-11-24,46.181126203509514,48.55198963228107,49.425834897480435,3.244708693970921
32.8,35.332110791911944,2.532110791911947,7.719849975341303,EVTC,PR30040P1032,Financials,United States and Canada,29.25,0.01955917629050215,37.07831482056471,4.2783148205647095,13.043642745624116,v9_9,2025-11-24,32.65540442520561,36.15805980041925,36.457188000330156,3.8017835751245457
13.5,12.18441762307712,1.3155823769228796,-9.745054643873182,TALO,US87484T1088,Energy,United States and Canada,10.99,0.028338767672033142,13.948661522046258,0.4486615220462582,3.3234186818241347,v9_9,2025-11-24,11.111062898286644,14.326599178777695,20.378036679844467,9.266973781557823
42.0,38.56391602053835,3.4360839794616496,-8.181152332051548,PRDO,US71363P1066,Consumer Discretionary,United States and Canada,28.79,0.033394465896753586,40.438292989917706,1.5617070100822943,-3.7183500240054626,v9_9,2025-11-24,34.62227115616834,39.242367286415806,59.644244147589696,25.021972991421357
48.6667,51.182802626237006,2.516102626237007,5.170070348384023,ASGN,US00191U1025,Information Technology,United States and Canada,42.99,0.020853063667159243,53.0,4.333300000000001,8.904034997236305,v9_9,2025-11-24,48.73381729310698,58.852655339883796,69.91032084842703,21.176503555320053
10.55,8.924695477859322,1.625304522140679,-15.405730067684159,AVAH,US05356F1057,Health Care,United States and Canada,8.74,0.029343048792225858,10.66813990335453,0.11813990335453006,1.1198095104694792,v9_9,2025-11-24,8.786484995758828,9.727169304310225,22.9995491088302,14.213064113071374
34.7273,28.124779020372003,6.602520979627997,-19.01248003624813,ZYME,US98985Y1082,Health Care,United States and Canada,24.02,0.028851194828252838,29.955413178846186,4.771886821153814,-13.741024557491697,v9_9,2025-11-24,22.54919101708283,37.085365700883024,47.307759585031526,24.758568567948696
66.0,73.05269744736034,7.0526974473603445,10.685905223273249,CCS,US1565043007,Consumer Discretionary,United States and Canada,61.02,0.032248869507620424,74.98198148990394,8.981981489903944,13.609062863490825,v9_9,2025-11-24,62.52896453434662,79.6653150380439,100.6779796282823,38.14901509393568
63.0475,58.499337528184356,4.548162471815644,-7.2138664845008025,DNTH,US2528281080,Health Care,United States and Canada,41.45,0.02849758795302365,60.48114897150511,2.5663510284948927,-4.070504030286518,v9_9,2025-11-24,41.20550249958116,55.0810495637277,57.868318617955616,16.662816118374458
110.0,111.47239888188471,1.4723988818847147,1.3385444380770135,JJSF,US4660321096,Consumer Staples,United States and Canada,90.81,0.03141309867349745,113.36910612230459,3.3691061223045864,3.062823747549624,v9_9,2025-11-24,96.11575434935921,102.44533811282847,121.40354033383157,25.287785984472364
15.6077,14.986404636513935,0.6212953634860643,-3.980697754864998,KSS,US5002551043,Consumer Discretionary,United States and Canada,15.71,0.03161889863150128,16.76720229273492,1.1595022927349188,7.429040106709629,v9_9,2025-11-24,13.930375109537144,19.55239700602533,25.14855649822128,11.218181388684135
12.25,10.514738862465952,1.7352611375340476,-14.165397041094266,CMRE,MHY1771G1026,Industrials,Europe,14.57,0.034582040081151386,12.293662676372794,0.04366267637279364,0.3564300112064787,v9_9,2025-11-24,10.00275250206053,12.593321573703552,24.890693410696795,14.887940908636265
40.8,33.45275795927735,7.347242040722648,-18.007946178241784,PGY,IL0011858912,Information Technology,United States and Canada,21.63,0.0196596725072311,35.20155326637084,5.59844673362916,-13.721683170659707,v9_9,2025-11-24,31.812794094972826,33.539718647671215,40.71782318888088,8.905029093908052
10.8571,7.994303247959321,2.86279675204068,-26.3679689055151,CXM,US85208T1079,Information Technology,United States and Canada,7.11,0.01961907425559049,9.736637858513607,1.120462141486394,-10.320086777190907,v9_9,2025-11-24,9.34855848517327,9.489500526135453,15.498120469102421,6.149561983929152
329.5,258.5067570288921,70.99324297110792,-21.545749004888595,UFPT,US9026731029,Health Care,United States and Canada,219.98,0.027097228309127308,261.1576556562541,68.34234434374588,-20.741227418435777,v9_9,2025-11-24,251.82487285728826,262.51353490972144,335.65557893374444,83.83070607645618
86.5,73.92316400516383,12.576835994836173,-14.53969479171812,CMPR,IE00BKYC3F77,Industrials,Europe,67.65,0.032755459385812674,75.65905328350736,10.840946716492638,-12.532886377448138,v9_9,2025-11-24,60.42980936439214,85.38697077058762,85.94107726046518,25.511267896073036
50.0,46.326794544054685,3.6732054559453147,-7.3464109118906284,ANDE,US0341641035,Consumer Staples,United States and Canada,49.63,0.029469758808952383,48.202708228403374,1.7972917715966261,-3.594583543193252,v9_9,2025-11-24,44.75000052661016,45.6707373825347,56.685545088571004,11.935544561960846
41.8889,37.882434814927905,4.006465185072095,-9.564503209852957,AMRC,US02361E1082,Industrials,United States and Canada,31.44,0.03255584506699939,39.68876180524262,2.200138194757379,-5.252317904641514,v9_9,2025-11-24,35.856346156467744,44.16481539276966,52.96953960123132,17.113193444763574
4.880000000000001,2.947747307128153,1.932252692871848,-39.595342067046055,CURA,CA23126M1023,Health Care,United States and Canada,3.392,0.02627608228452829,4.88,8.881784197001252e-16,-1.8200377452871416e-14,v9_9,2025-11-24,4.641081495479285,4.751093150840003,8.60342296961888,3.9623414741395946
47.3333,41.00071512884204,6.332584871157962,-13.378709853650522,OMCL,US68213N1090,Health Care,United States and Canada,36.0,0.02568992157534434,42.85586856380537,4.477431436194628,-9.459368850670941,v9_9,2025-11-24,43.073892947141495,48.03030875655269,56.75970962980216,13.685816682660665
12.3571,9.448752775585916,2.9083472244140847,-23.53583951262096,LZ,US52466B1035,Industrials,United States and Canada,9.1,0.03152947649806822,11.137549934403493,1.2195500655965077,-9.86922551081166,v9_9,2025-11-24,11.08401403080188,12.17302672831965,24.902595364032,13.818581333230119
20.0,16.117054790239028,3.8829452097609725,-19.414726048804862,NN,US65345N1063,Information Technology,United States and Canada,11.96,0.01808028945936425,17.88217168905487,2.1178283109451286,-10.589141554725643,v9_9,2025-11-24,16.366920082027665,18.530174232989935,20.302756957696076,3.935836875668411
31.8,30.265848266669757,1.5341517333302441,-4.824376519906428,STEL,US8589271068,Financials,United States and Canada,31.42,0.016434704959075667,32.02445600973,0.22445600973000168,0.705836508584911,v9_9,2025-11-24,29.669810319330196,31.26939526298695,33.636594849930326,3.9667845306001297
88.0,84.17989309653973,3.820106903460271,-4.341030572113945,CASH,US59100U1088,Financials,United States and Canada,70.2,0.016319801522831433,85.87133857200868,2.128661427991318,-2.418933440899225,v9_9,2025-11-24,73.58233134601262,76.22299138805067,89.74499056116413,16.162659215151507
25.5,30.504938829425058,5.004938829425058,19.62721109578454,FMC,US3024913036,Materials,United States and Canada,12.75,0.03796319844196615,32.300892732083646,6.800892732083646,26.670167576798615,v9_9,2025-11-24,24.070935623659672,35.17486206990558,46.131790990496185,22.060855366836513
8.775,7.510217611541464,1.2647823884585367,-14.413474512347996,FIGS,US30260D1037,Consumer Discretionary,United States and Canada,9.68,0.028339699581226202,9.254846329157939,0.47984632915793846,5.468334235418102,v9_9,2025-11-24,7.437708738741137,8.524865023599883,13.9958669111213,6.558158172380163
36.5,22.122136143948154,14.377863856051846,-39.39140782479958,OLMA,US68062P1066,Health Care,United States and Canada,23.17,0.025260938774845275,23.9847110698695,12.515288930130499,-34.28846282227534,v9_9,2025-11-24,17.679982647512453,34.02553422064451,37.977723208435314,20.29774056092286
32.25,27.2526063220408,4.997393677959199,-15.49579435026108,INVA,US45781M1018,Health Care,United States and Canada,20.96,0.02484949737630994,29.10686322258825,3.143136777411751,-9.746160550113956,v9_9,2025-11-24,22.025799710413054,29.26221537811815,31.984675912389918,9.958876201976864
23.25,21.955908013125825,1.2940919868741751,-5.565987040319033,PWP,US71367G1022,Financials,United States and Canada,17.81,0.01587585642825142,23.726171214933856,0.4761712149338564,2.048048236274651,v9_9,2025-11-24,22.004084259117583,23.503385069976414,26.312481965737547,4.308397706619964
131.2,124.6049159406827,6.595084059317287,-5.026740898869884,CCB,US19046P2092,Financials,United States and Canada,102.77,0.015790153658656027,126.48763744097727,4.712362559022722,-3.5917397553526844,v9_9,2025-11-24,101.75374320584397,131.8276865084765,138.2773438582788,36.52360065243484
14.0,9.632053199011773,4.367946800988227,-31.199620007058765,PBI,US7244791007,Industrials,United States and Canada,9.63,0.03013612468147263,11.374769751817526,2.625230248182474,-18.751644629874814,v9_9,2025-11-24,10.36164776668873,11.9360121731684,24.43822601578793,14.0765782490992
7.0786,5.277683939854839,1.8009160601451608,-25.441698360483155,TKO,CA8765111064,Materials,United States and Canada,6.03,0.03661555680149398,7.038012704259504,0.04058729574049558,-0.5733802692692845,v9_9,2025-11-24,6.068611852001428,7.126701129476429,30.921120620549782,24.852508768548354
4.5423,3.275135415727446,1.267164584272554,-27.896981359059374,JBLU,US4771431016,Industrials,United States and Canada,4.19,0.029572598104515117,5.058929175324918,0.5166291753249181,11.3737352293974,v9_9,2025-11-24,4.162073229343354,5.441755733388116,17.628539206188517,13.466465976845162
11.6667,11.294053268637175,0.3726467313628259,-3.194105714236467,HOUS,US75605Y1064,Real Estate,United States and Canada,13.55,0.06870277114078822,13.102129170309654,1.4354291703096536,12.303643449387176,v9_9,2025-11-24,10.930662386703188,16.899066242566985,24.833520898544208,13.90285851184102
72.6667,65.34868065360963,7.318019346390372,-10.070664205737113,SRCE,US3369011032,Financials,United States and Canada,62.09,0.01535261846651113,67.15927086783775,5.507429132162258,-7.57902743920153,v9_9,2025-11-24,61.09842346436734,63.69597802857108,69.42596617930947,8.327542714942126
9.6667,9.608329222758947,0.05837077724105377,-0.6038335444469547,NEXT,US65342K1051,Energy,United States and Canada,5.71,0.022377929555030707,11.382817197945801,1.7161171979458008,17.752875313662372,v9_9,2025-11-24,8.826114312850489,10.93281898166397,24.64073817581231,15.81462386296182
15.0417,14.626061086571564,0.4156389134284364,-2.7632442704510556,WT,US97717P1049,Financials,United States and Canada,10.94,0.015105599818965407,16.449499999999997,1.4077999999999964,9.359314439192353,v9_9,2025-11-24,14.233204959276744,15.367717632999497,16.527219552211445,2.294014592934701
46.6667,43.77905663614278,2.887643363857215,-6.1878027884063265,NNE,US63010H1086,Industrials,United States and Canada,29.79,0.028863638238136508,45.52548031136454,1.1412196886354593,-2.4454690145981166,v9_9,2025-11-24,37.72385975632872,50.3966349766618,56.90270317378561,19.17884341745689
45.6667,44.6067039809353,1.0599960190646982,-2.321157471559579,GABC,US3738651047,Financials,United States and Canada,39.38,0.014869264342144872,46.37795088988903,0.7112508898890297,1.55748256363834,v9_9,2025-11-24,43.95496998703407,46.424783325997026,49.5475648592256,5.592594872191533
20.4,11.983763476285244,8.416236523714755,-41.2560613907586,BCRX,US09058V1035,Health Care,United States and Canada,6.97,0.023118456253810267,13.747686219907953,6.6523137800920455,-32.60938127496101,v9_9,2025-11-24,12.08882467193255,20.808914977879542,24.198900831608103,12.110076159675554
13.9309,11.816593792414647,2.1143062075853525,-15.17709701157393,TIGR,US91531W1062,Financials,Asia / Pacific,8.24,0.014656906648507533,13.577549683743086,0.35335031625691293,-2.5364500230201417,v9_9,2025-11-24,12.127939076122054,12.413579998726904,15.564323826679866,3.436384750557812
24.9667,26.13000243386757,1.163302433867571,4.659416077685761,FLNG,BMG359472021,Energy,Latin America and Caribbean,26.9,0.021422950267754877,27.960079265323518,2.9933792653235187,11.989487058055404,v9_9,2025-11-24,25.08654802862709,28.079966102792795,42.158307917757654,17.071759889130565
40.0,36.208211208016586,3.7917887919834143,-9.479471979958536,MBIN,US58844R1086,Financials,United States and Canada,31.43,0.014464134767866375,37.95406013018697,2.045939869813033,-5.114849674532582,v9_9,2025-11-24,35.03816656860249,40.9271110861903,43.06314598350571,8.024979414903221
46.9,43.27718927756192,3.622810722438082,-7.724543118204866,ORKA,US6876041087,Health Care,United States and Canada,29.29,0.022257364462363156,45.18261034332803,1.717389656671969,-3.66181163469503,v9_9,2025-11-24,26.852474490975617,41.533640559650856,51.14255447264159,24.290079981665976
208.9,194.9569584470793,13.943041552920704,-6.674505291010389,GSY,CA3803551074,Financials,United States and Canada,124.43,0.014173552524141275,197.28732232903238,11.612677670967628,-5.558964897543143,v9_9,2025-11-24,146.54544893738634,213.6935549961,221.20556183393776,74.66011289655142
2.56275,0.6531906972805408,1.909559302719459,-74.51211794827663,PSNY,US7311052010,Consumer Discretionary,Europe,1.83,0.024749216220487806,2.5627500000000003,4.440892098500626e-16,1.732862003121891e-14,v9_9,2025-11-24,1.8544742180059057,2.5300258781847114,14.200317503827687,12.34584328582178
38.9091,41.173928343403354,2.2648283434033516,5.820819148742458,PET,CA71584R1055,Consumer Discretionary,United States and Canada,28.3,0.02422540926752418,43.01664735968231,4.107547359682307,10.556778130777394,v9_9,2025-11-24,35.54062445555799,43.60635773004519,47.74333210830128,12.202707652743292
12.8796,8.924667392129034,3.9549326078709655,-30.706952140368998,SVM,CA82835P1036,Materials,United States and Canada,8.82,0.03225747053801857,10.681896467488597,2.1977035325114027,-17.063445545757652,v9_9,2025-11-24,10.612327524661078,12.031759305369985,30.509867275222952,19.897539750561876
8.6408,6.441913076817517,2.1988869231824832,-25.447723858699227,VZLA,CA92859G6085,Materials,United States and Canada,5.64,0.03221103694486171,8.196885857957852,0.4439141420421482,-5.137419475536388,v9_9,2025-11-24,6.630263250880287,7.846467480453573,21.72822003225382,15.097956781373533
36.0,32.49914358615278,3.5008564138472167,-9.724601149575602,LNF,CA5266821092,Consumer Discretionary,United States and Canada,28.13,0.024058858525693047,34.31030003572667,1.6896999642733306,-4.693611011870362,v9_9,2025-11-24,32.705322655602004,34.18964698018077,51.129262073952106,18.423939418350102
13.5909,12.674623475025513,0.9162765249744869,-6.741838472613932,VET,CA9237251058,Energy,United States and Canada,12.56,0.01994010475684288,14.447144965195776,0.856244965195776,6.300134392834734,v9_9,2025-11-24,12.418277985130993,13.6108816588624,18.34369115356539,5.925413168434398
10.7963,9.581073193613879,1.2152268063861218,-11.255956266370161,HSBA,GB0005405286,Financials,Europe,10.414,1.0,11.352291727536281,0.5559917275362807,5.149835846876066,v9_9,2025-11-24,9.376656418596369,10.37238961204016,48.69258584625498,39.31592942765861
224.4,217.28188638003184,7.11811361996817,-3.1720648930339443,AIR,NL0000235190,Industrials,Europe,202.75,1.0,219.6121950863166,4.787804913683402,-2.1336029027109635,v9_9,2025-11-24,201.01252630089195,220.11623357091702,235.774574237613,34.762047936721046
312.2,331.24363542762705,19.043635427627066,6.0998191632373695,EL,FR0000121667,Health Care,Europe,306.0,1.0,333.94362635483674,21.74362635483675,6.964646494182175,v9_9,2025-11-24,312.5221052017951,389.5191111989076,413.97486463710345,101.45275943530834
68.622,61.323621902852814,7.298378097147186,-10.635624285429142,ABI,BE0974293251,Consumer Staples,Europe,54.4,1.0,63.12599741537849,5.4960025846215075,-8.009097060157833,v9_9,2025-11-24,62.03493004598105,65.71718835702058,81.42572093627221,19.390790890291164
88.1341,87.19096696784091,0.9431330321590963,-1.070111378182901,BNP,FR0000131104,Financials,Europe,70.47,1.0,89.044165963013,0.9100659630129968,1.0325923371464585,v9_9,2025-11-24,79.79556078619817,80.56304980632534,97.33354643832949,17.537985652131326
45.0435,46.62126259105566,1.5777625910556594,3.502753096574776,CS,FR0000120628,Financials,Europe,38.14,1.0,48.40161995496042,3.358119954960415,7.455282016185276,v9_9,2025-11-24,45.74950229178919,47.213539977562284,71.26690508394903,25.517402792159835
580.5482,584.4307172688916,3.882517268891661,0.6687674285945011,MUV2,DE0008430026,Financials,Europe,532.4,0.9342211538840499,589.1854697715299,8.637269771529986,1.487778236420333,v9_9,2025-11-24,543.7300859195213,552.7577419580025,774.3048058710295,230.5747199515082
9.5955,7.892150373466336,1.7033496265336634,-17.751546313726887,CABK,ES0140609019,Financials,Europe,9.254,0.8870346571079695,9.650908000220102,0.05540800022010295,0.5774373427138029,v9_9,2025-11-24,10.281285275961269,10.647092687505484,43.068174887013804,32.78688961105254
136.685,136.77900468354738,0.09400468354738223,0.06877468891786387,DG,FR0000125486,Industrials,Europe,119.2,1.0,138.71761065843353,2.0326106584335264,1.4870766056506028,v9_9,2025-11-24,120.32984441034354,128.99432653471646,154.5365359595211,34.20669154917756
23.2217,22.018431949723382,1.2032680502766162,-5.181653583831572,INGA,NL0011821202,Financials,Europe,21.515,0.854168713285209,23.790191158331968,0.5684911583319696,2.4481031032696556,v9_9,2025-11-24,20.924920945959446,25.73345081261249,41.77124137630377,20.846320430344324
21.2067,19.175083789187195,2.031616210812807,-9.58006767112661,BA,GB0002634946,Industrials,Europe,17.13,1.0,20.937182612406623,0.2695173875933783,-1.270906777543787,v9_9,2025-11-24,19.538361972112074,37.72720811870419,71.11286763348897,51.574505661376904
22.2176,21.130144507580308,1.0874554924196929,-4.894567785988103,ENGI,FR0010208488,Utilities,Europe,21.62,1.0,22.92147698448935,0.703876984489348,3.16810539612446,v9_9,2025-11-24,22.229891797518867,25.61902926213249,50.01890911976834,27.78901732224947
143.7647,139.40808071580335,4.356619284196654,-3.030381786486289,MRK,DE0006599905,Health Care,Europe,112.3,0.9741271268124918,141.76487153657177,1.99982846342823,-1.3910427687938902,v9_9,2025-11-24,128.52207586485258,131.90726165627234,217.82181708736402,89.29974122251144
1780.3333,1713.151725857462,67.18157414253801,-3.7735391537381235,DSV,DK0060079531,Industrials,Europe,1389.5,1.0,1721.8839217473749,58.44937825262514,-3.283058192116338,v9_9,2025-11-24,1204.5176372545416,1577.6638570954344,1662.8740348619053,458.35639760736376
143.6056,147.30954963887237,3.703949638872359,2.5792515325811523,SREN,CH0126881561,Financials,Europe,138.5,0.5975937321220123,149.38813017078553,5.78253017078552,4.026674566162824,v9_9,2025-11-24,136.844777273653,152.37969767081285,194.14983792626515,57.305060652612156
16.006,13.982180736295394,2.023819263704606,-12.644128849835102,STAN,GB0004082847,Financials,Europe,15.6,0.5494417141161689,15.720816007661018,0.2851839923389825,-1.781731802692631,v9_9,2025-11-24,16.4132394144281,16.41585769859454,40.24611969230489,23.832880277876786
45.8,47.85033775806773,2.0503377580677338,4.476719995781078,P911,DE000PAG9113,Consumer Discretionary,Europe,43.21,0.880326610485044,49.640353948917145,3.840353948917148,8.385052290212114,v9_9,2025-11-24,42.82668808333615,45.98698669404981,80.07130916217213,37.244621078835976
293.0455,323.51009317667933,30.46459317667933,10.395857700145312,KER,FR0000121485,Consumer Discretionary,Europe,296.2,0.8119155523845774,326.34921688070335,33.30371688070335,11.36469144917883,v9_9,2025-11-24,305.04638615272495,376.51126987500845,418.3250560756164,113.27866992289142
372.5465,376.4174237469297,3.8709237469297477,1.0390444540291608,EQT,SE0012853455,Financials,Europe,314.0,0.4547300640520197,379.56313378403934,7.016633784039357,1.8834249641425587,v9_9,2025-11-24,342.1571994907754,413.0433082490635,420.03064983246884,77.87345034169346
282.5556,291.6698222177339,9.114222217733868,3.225638500080645,SAND,SE0000667891,Industrials,Europe,277.1,0.7947195081011839,293.31100788305986,10.755407883059831,3.8064748612520267,v9_9,2025-11-24,280.08271690082574,281.17172229404395,339.845601455714,59.762884554888274
297.5,303.124897391269,5.6248973912689735,1.8907218121912515,DANSKE,DK0010274414,Financials,Europe,285.8,0.42812042240972287,304.8853900241859,7.385390024185881,2.4824840417431533,v9_9,2025-11-24,283.91973918351084,290.6525413905911,340.3460535262299,56.42631434271908
34.2917,33.24640743623299,1.0452925637670063,-3.0482378061367803,IMB,GB0004544929,Consumer Staples,Europe,32.24,0.6452555212934243,35.02256826508412,0.7308682650841192,2.131327012321113,v9_9,2025-11-24,33.28054976039869,36.305957699318995,60.1023325121588,26.82178275176011
108.8,118.19228559572302,9.392285595723024,8.632615437245427,TLX,DE000TLX1005,Financials,Europe,108.4,0.37960256515749025,120.16582833062157,11.365828330621568,10.446533392115413,v9_9,2025-11-24,100.75050453547804,115.3788357588426,130.54932032944257,29.798815793964522
53.5429,53.5285600227678,0.014339977232204149,-0.026782219924965114,FRE,DE0005785604,Health Care,Europe,46.94,0.5263903098099894,55.430553065839845,1.8876530658398423,3.5254965006375114,v9_9,2025-11-24,51.307444390044964,55.35430699856227,99.73885453674555,48.431410146700586
1251.7143,1177.3110419860895,74.40325801391054,-5.944108652742126,PGHN,CH0024608827,Financials,Europe,917.8,0.34720561252956555,1180.4801156976105,71.23418430238962,-5.690929975186,v9_9,2025-11-24,849.0033807926071,1125.0040894995157,1168.4895967012897,319.48621590868254
149.6958,176.5678460745637,26.872046074563713,17.951102218341273,HMB,SE0000106270,Consumer Discretionary,Europe,172.4,0.5612903856694761,178.8201579087149,29.1243579087149,19.455694754772612,v9_9,2025-11-24,153.26283403887894,172.902323453063,275.21150443436346,121.94867039548453
481.0,561.472276003163,80.47227600316296,16.73020291126049,SAABB,SE0021921269,Industrials,Europe,480.0,0.5885209877565799,562.5002042611487,81.50020426114872,16.94390940980223,v9_9,2025-11-24,436.94977785860465,536.0781105742243,609.6526686958107,172.70289083720604
124.8571,118.82050153665793,6.036598463342074,-4.83480592080232,SHBA,SE0007100599,Financials,Europe,125.7,0.31040695615906966,120.87389737972458,3.9832026202754207,-3.190209143312972,v9_9,2025-11-24,108.74155338998665,114.28944239135043,145.49238253711644,36.75082914712979
48.1645,46.37594412901546,1.7885558709845384,-3.7134318242368103,AMRZ,CH1430134226,Materials,Europe,38.41,0.6973461066633007,48.19237445322804,0.02787445322804416,0.05787344045519867,v9_9,2025-11-24,44.37953909660327,47.54696426188413,92.64991701631754,48.27037791971428
6.7723,5.749831872429319,1.022468127570681,-15.097797315102419,AV,GB00BPQY8M80,Financials,Europe,6.372,0.2985847220307833,7.497864658856358,0.7255646588563573,10.713711129990658,v9_9,2025-11-24,6.881396489311649,7.2139470095382245,31.676863430952668,24.79546694164102
35.7125,33.68219420822664,2.0303057917733582,-5.685140473989103,VIE,FR0000124141,Utilities,Europe,28.5,0.4858780910195673,35.5336818624073,0.1788181375926996,-0.5007158210506114,v9_9,2025-11-24,33.54439768684563,33.71719932816325,47.98376666622887,14.43936897938324
325.0625,295.1538352084829,29.908664791517083,-9.200896686488624,AM,FR0014004L86,Industrials,Europe,265.8,0.5213303693312392,297.06995019554273,27.99254980445727,-8.611436202101833,v9_9,2025-11-24,281.47454864288557,289.73586009375475,332.2066706167847,50.732121973899154
12.0,9.441506658740437,2.558493341259563,-21.320777843829696,BPE,IT0000066123,Financials,Europe,10.185,0.2707101929746243,11.197137258415232,0.802862741584768,-6.690522846539733,v9_9,2025-11-24,11.321218708755055,11.887405549662422,27.197482318121303,15.876263609366248
116.8947,112.71585017060723,4.1788498293927745,-3.5748839163732606,BEI,DE0005200000,Consumer Staples,Europe,89.2,0.43146396048854313,114.63320108429686,2.261498915703143,-1.934646237770526,v9_9,2025-11-24,95.16494599911624,99.95241911870362,115.45410662084831,20.289160621732066
70.6857,72.69800129264176,2.012301292641766,2.8468294048750535,ACS,ES0167050915,Industrials,Europe,72.3,0.46287364510136003,74.61650488082473,3.930804880824738,5.5609619496231035,v9_9,2025-11-24,58.127402459925726,63.77794792969107,80.48375707874528,22.35635461881956
18.4915,16.954253570958837,1.5372464290411614,-8.313259762816221,TEN,LU2598331598,Energy,Europe,17.175,0.34096845912284474,18.789446082088368,0.2979460820883695,1.6112596711373848,v9_9,2025-11-24,18.425337707547325,21.528461455842812,88.63419670578593,70.2088589982386
15.9761,14.968243652927423,1.0078563470725772,-6.308525529212869,REP,ES0173516115,Energy,Europe,15.7,0.33849649205781424,16.770108095343264,0.7940080953432638,4.969974495297749,v9_9,2025-11-24,14.295798949866784,17.41175945721638,48.51129712523117,34.21549817536438
690.6111,703.3239947299492,12.712894729949198,1.8408181869577827,COLOB,DK0060448595,Health Care,Europe,580.2,0.3478205745917205,704.9997227663351,14.388622766335175,2.0834624242696322,v9_9,2025-11-24,612.4126627940994,714.4534500735026,961.2441965212981,348.8315337271987
107.0,68.90799470877963,38.092005291220374,-35.60000494506577,HEIO,NL0000008977,Consumer Staples,Europe,61.75,0.38201710110069964,70.6981123782934,36.3018876217066,-33.92699777729589,v9_9,2025-11-24,64.46759770696436,67.93480190225311,90.61641007061498,26.14881236365062
170.4706,174.03414047252875,3.563540472528757,2.0904135214686623,TEL,NO0010063308,Communication Services,Europe,145.1,0.2725708291412701,176.32413754674587,5.8535375467458834,3.4337519471075266,v9_9,2025-11-24,166.6412844547663,189.49443178968892,205.57610560799898,38.93482115323269
467.6429,495.24783015606414,27.604930156064142,5.90299353546566,ALFA,SE0000695876,Industrials,Europe,432.4,0.40675153097601896,498.2462652469061,30.603365246906094,6.544174036835819,v9_9,2025-11-24,437.5746869937605,441.52707987047796,536.8805981463045,99.30591115254396
65.8,65.13994888963292,0.6600511103670783,-1.003117189007718,NN,NL0010773842,Financials,Europe,60.62,0.21639873353622557,66.92647206402144,1.126472064021442,1.7119636231328907,v9_9,2025-11-24,56.57462867776106,65.99089280851382,73.40850512788893,16.833876450127867
47.15,41.478691965830116,5.671308034169883,-12.028224886892646,EN,FR0000120503,Industrials,Europe,41.75,0.4000385672412465,43.32074310952183,3.8292568904781703,-8.121435610770245,v9_9,2025-11-24,37.458489220975274,45.71760090622163,47.253739772579145,9.795250551603871
29.5173,31.178241148753607,1.6609411487536079,5.627009071810796,JDEP,NL0014332678,Consumer Staples,Europe,31.48,0.3363948382317036,32.914559626002934,3.397259626002935,11.509384754035548,v9_9,2025-11-24,30.184982100797043,32.127570438933,52.46849634430084,22.283514243503795
19.5917,18.25034265439922,1.3413573456007803,-6.846559234781976,MB,IT0000062957,Financials,Europe,17.425,0.19105314839451232,20.00953845927006,0.4178384592700617,2.1327320205498332,v9_9,2025-11-24,18.66689680021775,19.230205529875676,35.6250448909019,16.958148090684148
62.12,60.08739464987956,2.032605350120434,-3.2720627014173123,BAER,CH0102484968,Financials,Europe,58.5,0.17346698755429651,61.91272860682158,0.20727139317841647,-0.3336628995145146,v9_9,2025-11-24,55.62593163159489,58.00491337716145,59.618795210107564,3.992863578512676
18.37,16.134886359055656,2.235113640944345,-12.167194561482551,NESTE,FI0009013296,Energy,Europe,16.725,0.2447143796031287,17.996477762724805,0.3735222372751963,-2.0333273667675353,v9_9,2025-11-24,16.10150912308839,19.174467713273827,38.12209389220683,22.020584769118436
2.8638,1.2922986727961887,1.5715013272038112,-54.87468842809593,AAF,GB00BKDRYJ47,Communication Services,Europe,3.05,0.20489280966078294,3.0642162481988637,0.20041624819886383,6.998262734788178,v9_9,2025-11-24,2.485742873086767,5.735718484029905,31.62988970680283,29.144146833716064
3.9188,2.21993278045992,1.6988672195400802,-43.351720412883544,EUROB,GRS323003012,Financials,Europe,3.4,0.16611720349916148,4.0218264820100185,0.1030264820100184,2.629031387414984,v9_9,2025-11-24,3.9105637521168166,3.9846977215526658,4.796782633390492,0.8862188812736758
14.4218,12.966833999279153,1.4549660007208463,-10.088657454137808,SN,GB0009223206,Health Care,Europe,12.51,0.23903227315762923,14.761031145221068,0.3392311452210688,2.3522108559338557,v9_9,2025-11-24,14.302709015966103,15.436224980368852,35.67870615480753,21.375997138841427
62.6786,64.1608316991888,1.4822316991888016,2.364813028990439,ASRNL,NL0011872643,Financials,Europe,57.4,0.15951251125115978,66.15788109975277,3.479281099752768,5.550987258414783,v9_9,2025-11-24,56.439925395534964,60.86657262802342,61.22909310025241,4.78916770471745
4.5606,2.684660365482773,1.875939634517227,-41.13361475501529,RTO,GB00B082RF11,Industrials,Europe,4.053,0.2891289032934875,4.485084628875666,0.07551537112433415,-1.6558209692657577,v9_9,2025-11-24,4.424652248776167,4.439296617919588,24.481121914530743,20.056469665754577
61.375,62.55133368694082,1.176333686940822,1.916633298477918,1COV,DE0006062144,Materials,Europe,60.32,0.34531569105862453,64.35151870671689,2.976518706716888,4.8497249803941145,v9_9,2025-11-24,57.97389328717444,62.20521998999075,75.86145945182156,17.88756616464712
113.4615,115.93862659207169,2.4771265920716843,2.183230956819436,ELI,BE0003822393,Utilities,Europe,103.9,0.26071790193891503,118.17449640775745,4.712996407757444,4.153828750507833,v9_9,2025-11-24,110.66215790027513,125.1065752724075,166.09880769663133,55.43664979635619
142.775,130.22622804642157,12.548771953578438,-8.789194154143539,FGR,FR0000130452,Industrials,Europe,112.45,0.2695441063411726,132.27716615155407,10.497833848445936,-7.352711503026395,v9_9,2025-11-24,115.00037330655698,129.59094575557413,129.6338251688217,14.633451862264707
11.7965,10.45268107495304,1.3438189250469605,-11.391674861585729,WISE,GB00BL9YR756,Financials,Europe,8.74,0.13551905941756437,12.247489427331743,0.4509894273317432,3.8230782633132128,v9_9,2025-11-24,11.417339855376866,11.575898673664232,13.026906798252998,1.609566942876132
100.8361,101.01167979721123,0.17557979721122763,0.17412394689126973,SY1,DE000SYM9999,Materials,Europe,70.84,0.29973177928458644,102.95453808415608,2.1184380841560824,2.1008726876149337,v9_9,2025-11-24,84.14562889872762,104.26014770382093,130.75345809031228,46.607829191584656
243.0428,243.38500794874975,0.3422079487497456,0.1408015167492086,MOWI,NO0003054108,Consumer Staples,Europe,218.4,0.21458680611290631,245.66793074667203,2.6251307466720277,1.0801104771143304,v9_9,2025-11-24,239.55782574476692,252.4784309300539,263.23831291935926,23.680487174592344
51.2615,53.583762734028966,2.3222627340289677,4.530227820155415,BZU,IT0001347308,Materials,Europe,49.96,0.2733823163264516,55.418423843625426,4.156923843625428,8.109251277519052,v9_9,2025-11-24,45.95543768353938,49.285245989265846,69.779586645686,23.824148962146616
108.0,114.90875915483971,6.908759154839714,6.39699921744418,ORK,NO0003733800,Consumer Staples,Europe,106.1,0.1969872797401085,116.7899939714312,8.789993971431201,8.138883306880741,v9_9,2025-11-24,93.49194435698877,113.39600413599557,138.94776930658765,45.45582494959888
70.0,87.81262647175096,17.81262647175096,25.446609245358516,HLE,DE000A13SX22,Consumer Discretionary,Europe,79.2,0.194719605154358,89.70760965916821,19.707609659168213,28.15372808452602,v9_9,2025-11-24,80.59914303493014,94.64466306689668,106.46038239240988,25.861239357479747
7.9817,6.382173320903329,1.5995266790966713,-20.039924816726653,TPEIR,GRS014003032,Financials,Europe,7.0,0.11557583500968142,8.139896666740624,0.15819666674062383,1.981992141280978,v9_9,2025-11-24,7.303739658217456,8.332261120777417,15.697703789883185,8.39396413166573
131.13,123.21859702923298,7.911402970767014,-6.033251712626412,BG,AT0000BAWAG2,Financials,Europe,111.0,0.11411235932222769,125.14440883627397,5.985591163726028,-4.564623780771774,v9_9,2025-11-24,106.96250907802671,122.76832086925864,141.6726423964161,34.710133318389396
3.4192,1.9673710092018881,1.451828990798112,-42.461072496435186,SBRY,GB00B019KW72,Consumer Staples,Europe,3.226,0.18123400360088426,3.7487862893174406,0.3295862893174406,9.639280805961645,v9_9,2025-11-24,3.4334646662062003,3.458680573946606,25.538866112386668,22.105401446180466
6.9533,4.793648635851494,2.1596513641485053,-31.0593727316311,MRO,GB00BNGDN821,Industrials,Europe,5.7,0.20256165713402302,6.592360097799415,0.3609399022005846,-5.190915136706091,v9_9,2025-11-24,6.473207428558351,6.840399419278699,35.420709371874175,28.947501943315824
30.8806,29.52770772626725,1.3528922737327527,-4.381042705558676,WEIR,GB0009465807,Industrials,Europe,27.12,0.1969465721527236,31.301449062507544,0.4208490625075427,1.3628267019019795,v9_9,2025-11-24,28.627813692768413,33.70022417439228,44.697242108167515,16.069428415399102
93.2908,98.72535605424312,5.434556054243117,5.825393344513197,ABVX,FR0012333284,Health Care,Europe,102.6,0.1527058237767139,100.64632805202297,7.355528052022962,7.88451599945864,v9_9,2025-11-24,75.36489986776027,97.27338813985097,152.65675039443857,77.2918505266783
1004.1765,1002.6730552085137,1.503444791486345,-0.14971917700586948,PNDORA,DK0060252690,Consumer Discretionary,Europe,762.0,0.16956459925217954,1005.1132616207215,0.9367616207214269,0.09328655079275673,v9_9,2025-11-24,847.1691025496807,864.8982869212052,1149.078233088374,301.90913053869326
4.2707,2.6300207803117663,1.6406792196882334,-38.41710304372196,MKS,GB0031274896,Consumer Staples,Europe,3.331,0.16747164511349388,4.399131187057611,0.12843118705761114,3.0072631432226835,v9_9,2025-11-24,4.199246666192182,4.305870085021843,21.684355824784394,17.485109158592213
7.1133,5.630609747388396,1.4826902526116035,-20.843915659561716,PHNX,GB00BGXQNP29,Financials,Europe,6.6,0.0999057601899765,7.405750255258454,0.29245025525845403,4.111316200054181,v9_9,2025-11-24,6.748354611776887,7.416763300751932,23.553439294183992,16.805084682407106
38.9713,38.68360706502844,0.28769293497155957,-0.7382174445593541,VAR,NO0011202772,Energy,Europe,32.08,0.12787887301130293,40.60737918795853,1.6360791879585292,4.198164259233152,v9_9,2025-11-24,38.556517857481296,40.391102902943025,40.54982956335769,1.993311705876394
8.5556,7.445440026186493,1.1101599738135075,-12.975828390919485,AUTO,GB00BVYVFW23,Communication Services,Europe,6.594,0.10358528312436727,9.190957400663764,0.6353574006637643,7.4262167546842335,v9_9,2025-11-24,5.661210487357075,9.132993529187662,23.078082788648757,17.416872301291683
19.8,19.520248301732153,0.27975169826784807,-1.4128873649891316,OPAP,GRS419003009,Consumer Discretionary,Europe,17.2,0.13567902294283232,21.26147778777817,1.4614777877781684,7.3812009483745875,v9_9,2025-11-24,17.685690662769304,18.14640969092829,27.182613246768067,9.496922583998764
4.35,2.660808523186849,1.6891914768131508,-38.831987972716114,HER,IT0001250932,Utilities,Europe,4.118,0.1355967207089092,4.445995480139362,0.09599548013936232,2.2067926468818926,v9_9,2025-11-24,4.1564972792744035,4.746937575937382,13.757650767345751,9.601153488071347
42.6923,42.30396620286423,0.3883337971357719,-0.9096108598875484,TE,NL0014559478,Energy,Europe,33.56,0.11088121240930149,44.234444838861606,1.5421448388616028,3.6122318049428177,v9_9,2025-11-24,40.49926831395998,43.24419021881447,55.1698269237837,14.670558609823722
41.3235,40.222572682348584,1.1009273176514185,-2.6641676471049607,RAND,NL0000379121,Industrials,Europe,33.57,0.14473448575578565,41.954737858649544,0.6312378586495413,1.5275517771958842,v9_9,2025-11-24,36.30477041608627,37.44245597827198,43.05369518039233,6.748924764306061
278.2636,262.7823365199384,15.481263480061614,-5.56352447106327,ROCKB,DK0063855168,Industrials,Europe,209.9,0.14358330339849762,265.3473791201398,12.916220879860191,-4.641721331809188,v9_9,2025-11-24,228.2524580114748,278.52129136944677,297.70154072201393,69.44908271053913
3.0727,1.584689854715558,1.4880101452844423,-48.42679549856616,KGF,GB0033195214,Consumer Discretionary,Europe,2.915,0.12469836175333453,3.3656965176390896,0.2929965176390894,9.535474261694581,v9_9,2025-11-24,2.857473323142363,3.1527086080272877,15.88425384627259,13.026780523130228
40.0889,36.66969662995633,3.4192033700436752,-8.529052605693035,DLG,IT0003115950,Consumer Discretionary,Europe,34.96,0.1144600688411682,38.49526568735985,1.5936343126401553,-3.9752507867268876,v9_9,2025-11-24,36.75067109488588,37.90696765353811,45.568014207825875,8.817343112939994
197.0,189.9424213624981,7.057578637501905,-3.5825272271583275,SWECB,SE0014960373,Industrials,Europe,155.6,0.12510406267345625,192.06796754365516,4.932032456344842,-2.5035697747943364,v9_9,2025-11-24,166.45512242562776,178.47971785138236,208.04189497541594,41.58677254978818
14.8206,14.261208491322888,0.5593915086771126,-3.774418773039638,HSX,BMG4593F1389,Financials,Latin America and Caribbean,13.28,0.06540968321644934,16.024172160063127,1.2035721600631266,8.120940853022999,v9_9,2025-11-24,14.804716292997497,15.043114529286322,24.70164543057035,9.896929137572851
9.56,7.796894302424123,1.7631056975758774,-18.44252821732089,HWDN,GB0005576813,Industrials,Europe,8.02,0.12048068795078853,9.60005868018875,0.04005868018874992,0.4190238513467564,v9_9,2025-11-24,10.057365596274147,10.682930598155577,23.73865570647062,13.681290110196473
366.4444,389.00080763220745,22.55640763220748,6.155478875433076,HOLMB,SE0011090018,Materials,Europe,346.2,0.14434496210191533,392.17240082308325,25.728000823083278,7.0209834897417664,v9_9,2025-11-24,326.6645431711767,341.64662853753117,377.68041752781335,51.01587435663663
14.3,13.56796540211761,0.7320345978823912,-5.119123062114624,CE,IT0003121677,Financials,Europe,14.2,0.06347484229622095,15.362066430046475,1.0620664300464746,7.427037972352969,v9_9,2025-11-24,15.078285660699338,15.30944228699978,24.775942267090812,9.697656606391474
230.7627,227.56909994816138,3.193600051838615,-1.3839325210870799,SUBC,LU0075646355,Energy,Europe,191.0,0.08945794414984562,229.8261616216487,0.9365383783512868,-0.40584478269290786,v9_9,2025-11-24,184.82391953622235,217.83006384514718,261.1570630128103,76.33314347658794
29.5494,26.56827727561678,2.9811227243832192,-10.088606619366956,DHER,DE000A2E4K43,Consumer Discretionary,Europe,16.02,0.10448416639595688,28.374240423398017,1.1751595766019811,-3.9769321089496947,v9_9,2025-11-24,25.756139334259935,26.39615666844247,37.815471647886575,12.05933231362664
14.6413,13.1351020168549,1.5061979831450998,-10.287324097894995,PSN,GB0006825383,Consumer Discretionary,Europe,12.585,0.100218324646998,14.923579896174768,0.282279896174769,1.9279701677772396,v9_9,2025-11-24,13.323768820574927,14.336081714418691,25.193446451527112,11.869677630952186
5.7813,4.008650064430523,1.7726499355694765,-30.66178775655089,NEXI,IT0005366767,Financials,Europe,3.792,0.05924015212265361,5.779088198961423,0.002211801038576766,-0.03825784924803705,v9_9,2025-11-24,4.363346641016481,5.36434304324158,23.96068882202976,19.59734218101328
58.7333,56.48415118154329,2.2491488184567103,-3.8294269493740525,FLU,AT00000VIE62,Industrials,Europe,53.0,0.10843275735023811,58.2823150866217,0.45098491337829927,-0.7678521611731323,v9_9,2025-11-24,52.908515640086705,57.97638054646795,61.04834333813362,8.139827698046915
54.5,57.02376550509376,2.5237655050937633,4.630762394667456,SOL,IT0001206769,Materials,Europe,48.7,0.131197050025792,58.98999848030967,4.489998480309673,8.238529321669125,v9_9,2025-11-24,51.59595865046863,52.01669030146838,65.3181088220375,13.72215017156887
27.0659,23.69596190693274,3.3699380930672582,-12.4508628682854,ADEN,CH0012138605,Industrials,Europe,24.3,0.10664193174717032,25.498580471352646,1.567319528647353,-5.790753415357896,v9_9,2025-11-24,23.96540052961849,25.87114442839402,35.32770847254012,11.362307942921628
166.3636,153.0669781518529,13.296621848147083,-7.992506683040691,REY,IT0005282865,Information Technology,Europe,114.1,0.05864226181127618,155.17376747543042,11.189832524569567,-6.726130310097622,v9_9,2025-11-24,117.08428665723203,138.72715515402325,164.5335480438853,47.449261386653276
10.3627,9.954992481160643,0.4077075188393575,-3.934375392893334,MNDI,GB00BMWC6P49,Materials,Europe,8.328,0.12376580710257847,11.717434768256958,1.3547347682569573,13.073183323428808,v9_9,2025-11-24,10.746291716526159,12.14225179253749,23.689149226555074,12.942857510028915
28.2429,27.232968419877572,1.0099315801224265,-3.5758777608617622,SPG,DE000SPG1003,Communication Services,Europe,20.35,0.06414728932320703,29.076293098051462,0.833393098051463,2.9508056823182574,v9_9,2025-11-24,26.124962948057952,28.773223022982673,48.272160407139445,22.147197459081493
23.5519,21.627645625645886,1.9242543743541134,-8.170272353203407,HIK,GB00B0LCW083,Health Care,Europe,15.95,0.07802564955898313,23.46314520079205,0.08875479920795115,-0.37684772442117687,v9_9,2025-11-24,22.48020982006189,25.857036454170995,32.65890932885038,10.178699508788487
40.075,36.55945464790566,3.5155453520943425,-8.772415101919757,COLR,BE0974256852,Consumer Staples,Europe,33.06,0.08608790589956926,38.31619520946817,1.7588047905318334,-4.388783008189228,v9_9,2025-11-24,37.481425273118,40.11259941376497,40.34028079409343,2.858855520975432
2.0769,0.31779367948543946,1.7591063205145607,-84.69865282462133,ABDN,GB00BF8Q6K64,Financials,Europe,1.947,0.05150470560433929,2.1269481276662536,0.05004812766625344,2.409751440428207,v9_9,2025-11-24,1.6987985981078226,2.2563167402396056,12.121448920326749,10.422650322218926
1769.5714,1867.2625291173488,97.69112911734874,5.520609629956087,MTELEKOM,HU0000073507,Communication Services,Europe,1714.0,0.06266729541112524,1873.6116762656825,104.04027626568245,5.879405389671332,v9_9,2025-11-24,1199.174952302449,1918.7329279808678,2060.1973161366527,861.0223638342038
251.1667,247.89830349342125,3.268396506578739,-1.3012857622362914,LAGRB,SE0014990966,Information Technology,Europe,207.2,0.053397066418462036,250.47108162039245,0.6956183796075379,-0.2769548589074658,v9_9,2025-11-24,232.30656177238234,249.95364879118532,249.97135463608802,17.664792863705685
13.0953,12.118250213331935,0.977049786668065,-7.461072191305773,SIGN,CH0435377954,Materials,Europe,9.005,0.10918806058890068,13.851947564663806,0.7566475646638064,5.7780086341191605,v9_9,2025-11-24,14.740213091234303,15.094418501488063,24.992020485060408,10.251807393826105
61.0,55.682678110817164,5.3173218891828355,-8.716921129807927,FIE,DE0005772206,Consumer Discretionary,Europe,43.2,0.0787097086118802,57.60021750982472,3.3997824901752765,-5.573413918320125,v9_9,2025-11-24,51.02923541065942,62.87270207533395,68.22153578909621,17.19230037843679
6.6714,5.291955843728053,1.3794441562719468,-20.676981687081376,BBY,GB0000961622,Industrials,Europe,6.445,0.0864920727231378,7.071265487513946,0.3998654875139458,5.993726766704826,v9_9,2025-11-24,6.387954211266107,6.732009727539507,23.62364236902376,17.23568815775765
651.516,631.7081056437808,19.807894356219208,-3.0402774998955064,BDX,PLBUDMX00013,Industrials,Europe,574.2,0.08351781937281982,633.9498931732221,17.566106826777855,-2.6961896295375487,v9_9,2025-11-24,528.5714390814132,626.599683261738,662.8672273321241,134.29578825071087
2.1525,0.37904902163113974,1.7734509783688601,-82.39028935511546,ITV,GB0033986497,Communication Services,Europe,1.5095,0.05238889797474591,2.1762025359550976,0.023702535955097748,1.1011631105736468,v9_9,2025-11-24,1.8882106035179334,2.0627616939586066,15.302618093979252,13.414407490461318
40.61,35.90970727748082,4.70029272251918,-11.574224876924847,JUN3,DE0006219934,Industrials,Europe,32.4,0.07962248852283485,37.68758805424688,2.922411945753119,-7.19628649532903,v9_9,2025-11-24,32.39056823337939,39.425191791801005,42.74715350712335,10.35658527374396
562.6667,524.72862972038,37.93807027961998,-6.742547636037459,PROT,NO0010209331,Financials,Europe,471.0,0.04226601826309414,528.5454746306607,34.1212253693393,-6.064198462311578,v9_9,2025-11-24,440.9718887431208,466.7941858616284,574.231967364366,133.2600786212452
32.2727,33.576627641213534,1.3039276412135337,4.0403425843314436,FTK,DE000FTG1111,Financials,Europe,30.26,0.04160093153450275,35.331585833470186,3.0588858334701854,9.478245803636465,v9_9,2025-11-24,31.821126552114446,35.31378190661068,45.46371498075842,13.642588428643972
94.7923,93.4802207379386,1.3120792620614026,-1.3841622811783263,DIA,IT0003492391,Health Care,Europe,59.54,0.06186619745095297,95.56767863663903,0.775378636639033,0.8179763932714292,v9_9,2025-11-24,82.2914986972821,89.02306656718524,131.03850747535967,48.74700877807757
89.0376,93.22750172467288,4.189901724672879,4.705766692580302,WAWI,NO0010571680,Industrials,Europe,88.5,0.07624527747618723,95.14217510030008,6.104575100300082,6.856176604378467,v9_9,2025-11-24,76.48614628368196,98.77090855944854,105.14448036460263,28.658334080920667
5.48,4.571002652822481,0.908997347177519,-16.58754283170655,MANTA,FI4000552526,Financials,Europe,6.308,0.0406884700526748,6.332355777502597,0.8523557775025967,15.553937545667823,v9_9,2025-11-24,4.688030442377119,5.243226358458939,20.20170837550819,15.51367793313107
267.9658,287.9865132548767,20.020713254876682,7.471368829483718,MCOVB,SE0009778848,Health Care,Europe,226.0,0.05972927260182725,289.5965165708376,21.630716570837592,8.072193007778452,v9_9,2025-11-24,239.85622206764216,276.4421718071545,301.2165639491972,61.36034188155506
19.8867,21.16352619132496,1.2768261913249574,6.4205031067243805,BRD,ROBRDBACNOR2,Financials,Europe,21.65,0.03787891485384745,22.9614379537702,3.0747379537701995,15.461277908200955,v9_9,2025-11-24,20.305224662088797,20.412852588980677,26.32976843576207,6.0245437736732725
53.375,57.2996568293317,3.9246568293317026,7.352987033876726,HIAB,FI4000571013,Industrials,Europe,45.54,0.07036170026826422,59.11396373675206,5.738963736752062,10.752156883844613,v9_9,2025-11-24,53.04256918742814,58.4567024102253,85.40213515709067,32.359565969662526
335.0,303.8896708135372,31.11032918646282,-9.286665428794871,OLT,NO0005638858,Real Estate,Europe,333.0,0.15558801952508453,306.2072558412398,28.792744158760172,-8.594849002614977,v9_9,2025-11-24,277.8349984646532,301.69621531916675,383.91338156763743,106.07838310298422
3.2188250000000003,1.3104250760637735,1.9083999239362268,-59.28871323965195,SON,PTSON0AM0001,Consumer Staples,Europe,2.7855,0.060939950827196415,3.218825,4.440892098500626e-16,-1.3796624850685035e-14,v9_9,2025-11-24,3.1609385475918237,3.2330849510963353,12.457603054225984,9.29666450663416
29.1917,26.78154245117253,2.4101575488274705,-8.25631103645033,1SXP,DE000A3ENQ51,Health Care,Europe,18.44,0.053177298452504476,28.542673169308184,0.6490268306918168,-2.223326598628435,v9_9,2025-11-24,27.817452830317006,30.524197656280357,40.50328404923465,12.685831218917645
11.4703,9.45148369175672,2.018816308243279,-17.60037931216515,AUTO,BMG0670A1099,Industrials,Europe,9.645,0.06551655623095887,11.14001896592256,0.3302810340774407,-2.8794454728946994,v9_9,2025-11-24,10.954066217588242,11.817713246276435,23.319587370310167,12.365521152721925
82.1143,80.22813776007273,1.8861622399272733,-2.2969960651522006,DOKA,CH1486524122,Industrials,Europe,60.3,0.06424801820272016,82.10353657443389,0.010763425566111096,-0.013107857664391095,v9_9,2025-11-24,73.33164149160248,84.62967198350634,85.90035823206703,12.568716740464552
11.2969,10.807095633521733,0.48980436647826764,-4.3357413669083344,AF,FR001400J770,Industrials,Europe,10.225,0.06397535820460487,12.57351560820262,1.2766156082026185,11.300583418483109,v9_9,2025-11-24,9.788706924612047,12.628478731282915,23.591476223685394,13.802769299073347
13.8727,13.177893347389007,0.6948066526109926,-5.008445743157371,ALM,ES0157097017,Health Care,Europe,12.48,0.05124097082385506,14.985019793514487,1.1123197935144873,8.018048350461607,v9_9,2025-11-24,13.788726623046522,14.443462803339719,25.474601285534977,11.685874662488455
76.7,72.71943193361511,3.9805680663848904,-5.189788874035059,SK,FR0000121709,Consumer Discretionary,Europe,48.0,0.05630795204893114,74.69062113152421,2.0093788684757925,-2.6197899197859096,v9_9,2025-11-24,69.76993839099333,85.38213768177586,98.3277607711488,28.55782238015547
109.6,112.74347324097988,3.143473240979887,2.8681325191422324,WIHL,SE0018012635,Real Estate,Europe,93.0,0.14076574876649212,114.65992269702669,5.059922697026693,4.616717789257931,v9_9,2025-11-24,99.2192788964214,100.72498964707066,158.7434972345489,59.5242183381275
98.75,102.34258798516166,3.592587985161657,3.638063782442184,HPOLB,SE0007074281,Materials,Europe,82.7,0.07507484748299234,104.25259197387679,5.50259197387679,5.572245036837256,v9_9,2025-11-24,87.92533927810932,104.33949461760541,118.29962654214366,30.374287264034336
43.6461,42.64201306789736,1.0040869321026378,-2.3005192493776945,BOSS,DE000A1PHFF7,Consumer Discretionary,Europe,37.16,0.05485029216457755,44.38748393553956,0.7413839355395595,1.6986258463861825,v9_9,2025-11-24,40.10538088156616,44.392857996504716,49.93554885406144,9.830167972495275
23.36,21.9768489586014,1.3831510413985981,-5.921023293658383,TKO,FR0013230612,Financials,Europe,14.8,0.032212679803104986,23.747613213262888,0.3876132132628882,1.6593031389678432,v9_9,2025-11-24,21.012691172918878,23.308616039756757,28.748547455229836,7.735856282310959
2.74,0.9580952477695401,1.78190475223046,-65.03302015439635,IWG,JE00BYVQYS01,Real Estate,Europe,2.4579000000000004,0.1345683483234117,2.7401241721204417,0.00012417212044146808,0.004531829213192265,v9_9,2025-11-24,1.4299000005830176,2.630112624602086,7.142162881649281,5.712262881066263
4.625,2.8155492633773482,1.8094507366226518,-39.1232591702195,ENAV,IT0005176406,Industrials,Europe,4.574,0.05871606929486053,4.6211000805041085,0.003899919495891524,-0.08432258369495187,v9_9,2025-11-24,2.6011927220176343,4.359508992423566,16.132152163567095,13.530959441549461
12.9108,12.449538729824686,0.4612612701753136,-3.572677682059312,DNLM,GB00B1CKQ739,Consumer Discretionary,Europe,10.8,0.05282460659229464,14.186544657322646,1.2757446573226456,9.881220817630554,v9_9,2025-11-24,12.715164603403426,13.72263114041646,25.630031992519985,12.914867389116559
1.32532,2.2463442153628224,0.9210242153628223,69.49447796478,CREDIA,GRS001003052,Financials,Europe,1.498,0.03047452792611699,4.051665083129813,2.726345083129813,205.71221162661192,v9_9,2025-11-24,1.1670159257130381,2.064406295575629,26.284377463194208,25.11736153748117
52.075,52.07638374981363,0.0013837498136268778,0.002657224798131306,HUSQB,SE0001662230,Industrials,Europe,43.99,0.05395691296412092,53.90381311223053,1.8288131122305273,3.5118830767748968,v9_9,2025-11-24,50.94106598246559,60.98030426095676,63.579900216146356,12.638834233680768
538.2539,561.2499547211739,22.99605472117389,4.272343353419992,BAKKA,FO0000000179,Consumer Staples,Europe,453.8,0.04779030140537919,565.298419227035,27.044519227034925,5.024491086276369,v9_9,2025-11-24,472.06898248691243,645.0617922096594,663.8760744473159,191.80709196040345
1991.0,1953.1071647331808,37.89283526681925,-1.9032061912013687,ROKOB,SE0023950795,Financials,Europe,1680.6,0.02789905286806819,1963.0300302647966,27.96996973520345,-1.4048201775591886,v9_9,2025-11-24,1179.1982846785518,1980.6236023280755,2313.2461785406945,1134.0478938621427
16.25,13.462018677449889,2.7879813225501113,-17.156808138769915,AZE,BE0974400328,Industrials,Europe,9.38,0.052540748082518095,15.235386435545697,1.0146135644543026,-6.243775781257247,v9_9,2025-11-24,12.71787447068733,16.46181036376402,24.946985043442886,12.229110572755557
49.6667,51.68100197888539,2.014301978885392,4.055638846320356,EXENS,FR001400Q9V2,Industrials,Europe,42.3,0.050382719875391606,53.54533333333333,3.878633333333333,7.809323617903612,v9_9,2025-11-24,44.668764665481376,45.19711261159441,50.09213096181814,5.423366296336766
2.4016,0.6090490589659683,1.792550941034032,-74.63986263466154,PAF,GB0004300496,Materials,Africa / Middle East,1.96,0.06054566944031776,2.401686844546157,8.684454615703885e-05,0.0036161120151998187,v9_9,2025-11-24,2.14886525173529,2.2626279289873787,21.956688340413198,19.807823088677907
876.1229,994.8408220615124,118.71792206151247,13.550373133896224,KTY,PLKETY000011,Materials,Europe,909.5,0.0602387807499132,999.9812804428132,123.8583804428132,14.137101135333092,v9_9,2025-11-24,775.5851408695511,1018.2253599559627,1074.5723980421621,298.98725717261107
4.1,2.090873617408169,2.009126382591831,-49.00308250223978,NVG,PTPTI0AM0006,Materials,Europe,2.934,0.05958123837325511,3.8489986206032483,0.2510013793967514,-6.1219848633354,v9_9,2025-11-24,3.7439306436482584,3.7853448827875433,15.763353408914769,12.01942276526651
72.5833,70.56983234793006,2.0134676520699344,-2.774009520192571,MELE,BE0165385973,Information Technology,Europe,50.45,0.027049664896292906,72.28170966439946,0.3015903356005367,-0.4155092639774393,v9_9,2025-11-24,59.08055363030111,72.41244215354723,80.46144824918193,21.380894618880816
13.75,11.887385495578094,1.8626145044219058,-13.546287304886587,FRVIA,FR0000121147,Consumer Discretionary,Europe,10.265,0.04257209355831115,13.666798399294372,0.08320160070562821,-0.605102550586387,v9_9,2025-11-24,10.030242244720023,16.214028106537043,24.622497667299022,14.592255422578999
9.854,10.403867319168114,0.5498673191681149,5.580143283622031,ENOG,GB00BG12Y042,Energy,Europe,9.305,0.03468186528643095,12.187469529082454,2.333469529082455,23.68042956243612,v9_9,2025-11-24,10.608267964847258,10.860045668589539,25.607375913028648,14.99910794818139
10.22,8.918906291490098,1.301093708509903,-12.730858204597876,SZU,DE0007297004,Consumer Staples,Europe,9.53,0.04054803383295136,10.653440866805745,0.43344086680574456,4.24110437187617,v9_9,2025-11-24,8.235787276715925,9.8821678143493,24.227808925729697,15.992021649013772
2666.8,2387.345409529782,279.45459047021814,-10.479023191473607,INRN,CH0006372897,Industrials,Europe,2170.0,0.045005636581908016,2391.644722660114,275.1552773398862,-10.317807009895237,v9_9,2025-11-24,1199.4451297895416,2368.7469431247982,2618.2655561015863,1418.8204263120447
24.425,23.0979068706115,1.3270931293885013,-5.433339321959064,HILS,GB0004270301,Materials,Europe,21.3,0.05480978638679129,24.864742902588176,0.4397429025881756,1.8003803586005143,v9_9,2025-11-24,22.964091128906663,24.241424231965144,29.98928305868539,7.025191929778728
160.0,164.48712653668446,4.487126536684457,2.8044540854277855,VEI,NO0005806802,Industrials,Europe,167.8,0.0447180603489803,166.5805828115635,6.580582811563488,4.11286425722718,v9_9,2025-11-24,150.50284406537966,173.18575454183593,198.87133902991334,48.36849496453368
362.4286,330.9975532813332,31.431046718666835,-8.672341729837777,NETC,DK0060952919,Information Technology,Europe,308.0,0.025292217176336684,333.7683883717612,28.660211628238812,-7.907822845172487,v9_9,2025-11-24,296.2341112862246,300.4007119977402,330.82834157572074,34.594230289496124
42.0,38.10965079861472,3.890349201385277,-9.262736193774469,DMP,DE000A2GS5D8,Health Care,Europe,35.1,0.03542661540594296,40.002384508267085,1.9976154917329154,-4.756227361268847,v9_9,2025-11-24,41.712959939502326,41.7476045169514,54.690341227576,12.977381288073673
5.0567,3.454351573984992,1.6023484260150083,-31.687630787173614,TATE,GB00BP92CJ43,Consumer Staples,Europe,3.708,0.03873253509604008,5.208546204586241,0.1518462045862412,3.0028715285906067,v9_9,2025-11-24,4.685905906341658,5.718150248804348,15.961278437755384,11.275372531413726
142.1429,124.82215218009344,17.320747819906558,-12.185447053568316,GN,DK0010272632,Consumer Discretionary,Europe,95.38,0.03903985425816633,126.81370435591111,15.329195644088884,-10.784355493020675,v9_9,2025-11-24,107.76276683389929,129.01326765457242,145.42651848528934,37.663751651390044
227.5,218.8681016371426,8.631898362857413,-3.7942410386186434,NCCB,SE0000117970,Industrials,Europe,206.6,0.042552135311658995,220.7598271351093,6.740172864890695,-2.9627133472047014,v9_9,2025-11-24,201.7013524732632,210.21618620657,268.3766148801517,66.67526240688849
193.5,180.06266527608244,13.437334723917559,-6.944359030448351,VITR,SE0011205202,Health Care,Europe,144.1,0.03312886542594189,182.3107118384811,11.189288161518903,-5.782577861250079,v9_9,2025-11-24,163.65060385941442,172.65593909206711,196.983480137126,33.33287627771159
15.9143,15.20935055433003,0.7049494456699712,-4.429660403976117,CPS,PLCFRPT00013,Communication Services,Europe,11.66,0.026778365025165143,16.976599031257642,1.0622990312576412,6.67512257062919,v9_9,2025-11-24,16.61399080205617,17.739332905616322,18.706315922486038,2.0923251204298694
646.08,691.5041678270643,45.42416782706425,7.030734247626339,CAR,PLINTCS00010,Consumer Discretionary,Europe,526.0,0.0367665827293134,693.7059762414411,47.625976241441094,7.371529259757474,v9_9,2025-11-24,573.911080374005,698.7763329195507,802.603112606726,228.69203223272098
3.2188250000000003,1.7688227335867062,1.450002266413294,-45.0475644501734,OCDO,GB00B3MBS747,Consumer Staples,Europe,2.7855,0.03612523367148473,3.5490479581951266,0.33022295819512637,10.259114993673975,v9_9,2025-11-24,2.8106629515897392,3.3503130951581928,15.819677627977873,13.009014676388134
137.2222,137.44467894466962,0.22247894466963203,0.1621304312783442,AOF,DE0005104400,Information Technology,Europe,106.2,0.022205145865415127,139.4130273566637,2.1908273566637035,1.5965546075370485,v9_9,2025-11-24,117.47843175025156,127.67231507127643,156.69787525050796,39.2194435002564
114.5833,109.29243804760975,5.2908619523902445,-4.617480865353193,EMBRACB,SE0023615885,Communication Services,Europe,81.5,0.025264045013148172,111.24637086241144,3.3369291375885552,-2.9122299127259867,v9_9,2025-11-24,88.25167106103238,125.34695409817184,147.11885785275408,58.86718679172169
41.4,31.388050362345787,10.011949637654212,-24.18345323104882,DIA,ES0126775008,Consumer Staples,Europe,27.7,0.033036739016138364,33.129432655145116,8.270567344854882,-19.97721580882822,v9_9,2025-11-24,28.337887864874222,33.55901225754762,35.84286700262074,7.5049791377465205
28.0625,28.5059908494655,0.4434908494655012,1.5803682831732784,BFIT,NL0011872650,Consumer Discretionary,Europe,24.52,0.03327953614508065,30.283191609814917,2.220691609814917,7.913377674173424,v9_9,2025-11-24,27.381809754203946,30.39176495237345,35.64372062030675,8.261910866102806
67.464,66.30791532820315,1.1560846717968474,-1.7136319693419417,LAND,CH0371153492,Information Technology,Europe,50.4,0.02042240136252175,68.14670976602822,0.6827097660282249,1.0119615884445405,v9_9,2025-11-24,56.21859745059105,69.84128890840628,81.14885584734303,24.93025839675198
14.1,23.650021558567794,9.550021558567794,67.73064935154464,EL,ROELECACNOR5,Utilities,Europe,23.35,0.029373777098331243,25.501190870818522,11.401190870818523,80.85950972211718,v9_9,2025-11-24,19.535021844577635,24.882712495197268,31.4666455065254,11.931623661947764
14.4167,12.488231335329674,1.9284686646703264,-13.376630329203815,MMT,FR0000053225,Communication Services,Europe,12.34,0.023374691082831005,14.207893241239573,0.20880675876042787,-1.448367232171217,v9_9,2025-11-24,12.352578246726795,14.546988063452464,17.58041471605602,5.227836469329224
28.3333,29.335040940741166,1.0017409407411648,3.5355604209222533,TESB,BE0003555639,Materials,Europe,26.15,0.04305594954429698,31.147890229436424,2.8145902294364227,9.933859555492733,v9_9,2025-11-24,28.944886275176938,30.06313850914173,40.141520055799894,11.196633780622957
140.0,164.0811117585059,24.081111758505898,17.2007941132185,PFV,DE0006916604,Industrials,Europe,155.2,0.03482815795555634,166.25690594307582,26.25690594307582,18.754932816482732,v9_9,2025-11-24,152.77283775715193,178.49812382250443,200.87075068446455,48.09791292731262
52.6,53.443877223766904,0.8438772237669028,1.6043293227507656,VAIAS,FI0009900682,Information Technology,Europe,42.0,0.019839588163437824,55.235793662810444,2.6357936628104426,5.0110145680806895,v9_9,2025-11-24,48.724566219254704,54.861116137091855,59.70384943141674,10.979283212162038
224.5714,237.57256439518312,13.00116439518311,5.789323304384757,COTN,CH0360826991,Information Technology,Europe,178.7,0.019412627827035036,239.58379595722246,15.012395957222452,6.684909991754272,v9_9,2025-11-24,189.75951106740587,208.54732309734064,251.35760415710067,61.5980930896948
11.61,10.888241125408248,0.7217588745917514,-6.216700039549969,SVS,GB00B135BJ46,Real Estate,Europe,9.5,0.07702866549294177,12.670096562289306,1.0600965622893064,9.130892009382483,v9_9,2025-11-24,10.939853675353689,11.001610168307174,25.172204378991164,14.232350703637476
4.880000000000001,3.1049470508240207,1.77505294917598,-36.37403584377008,ONT,GB00BP6S8Z30,Health Care,Europe,3.392,0.026609195244591932,4.88,8.881784197001252e-16,-1.8200377452871416e-14,v9_9,2025-11-24,4.811065568730312,4.836488751806622,8.316847459218813,3.5057818904885014
5.175,2.924773899602907,2.250226100397093,-43.48262995936412,FAE,ES0134950F36,Health Care,Europe,4.585,0.026173612708700576,4.88,0.29499999999999993,-5.700483091787438,v9_9,2025-11-24,4.415124584871774,4.611561986345091,9.082626669983318,4.667502085111544
214.1333,254.22526552877258,40.09196552877259,18.722900888732667,DIA,PLDGNST00012,Health Care,Europe,175.9,0.025652407289956575,256.7515475217355,42.618247521735526,19.90267161704206,v9_9,2025-11-24,167.80153909098107,217.62956813925948,233.855172883907,66.05363379292592
266.6667,286.97765416821494,20.31095416821495,7.616606861004749,NP3,SE0006342333,Real Estate,Europe,248.0,0.07261925855622066,289.49277969265603,22.826079692656037,8.559778814773662,v9_9,2025-11-24,268.9160271290564,282.55261494485245,322.96429101539997,54.04826388634359
120.0,107.64615160116954,12.353848398830465,-10.294873665692055,NBG6,DE0008435967,Financials,Europe,120.0,0.016239796444289474,109.70365572941238,10.296344270587625,-8.580286892156353,v9_9,2025-11-24,82.429634567785,127.36647658058705,134.68752742168166,52.257892853896664
75.125,69.27801114517804,5.846988854821959,-7.783013450678148,ELUXB,SE0016589188,Consumer Discretionary,Europe,55.86,0.028201394286840126,71.16499483755535,3.960005162444645,-5.271221514069411,v9_9,2025-11-24,65.52032526535979,65.58691924546501,89.24534727141106,23.725022006051276
169.3333,163.45297978940306,5.880320210596949,-3.4726307292168452,ALIG,SE0007158910,Industrials,Europe,138.8,0.029891761658222077,165.52979419828998,3.803505801710031,-2.2461652856880665,v9_9,2025-11-24,142.6265369428365,152.45142914377823,169.98190050055507,27.35536355771856
2.56275,0.6873936508800793,1.8753563491199206,-73.17749874626556,SSPG,GB00BGBN7C04,Consumer Discretionary,Europe,1.83,0.026748993899596986,2.5627500000000003,4.440892098500626e-16,1.732862003121891e-14,v9_9,2025-11-24,2.3191361393468566,2.5082460237899804,6.38954299728097,4.070406857934113
79.3333,74.2743895208338,5.058910479166201,-6.376780594234957,PFSE,DE000PFSE212,Industrials,Europe,72.4,0.02924531836421905,76.04170635867006,3.291593641329939,-4.149069358428226,v9_9,2025-11-24,58.21443094818446,60.77716640680654,92.36477322491378,34.15034227672932
4.72,2.9782955294443045,1.7417044705556952,-36.900518443976594,BREE,GB00BM8NFJ84,Materials,Europe,3.196,0.03419273730568275,4.770306192783842,0.050306192783842185,1.0658091691491989,v9_9,2025-11-24,4.69263768001713,4.794282536252261,16.74220582018399,12.04956814016686
146.3333,104.57653445944916,41.756765540550845,-28.53538158474581,RDC,NL0012044747,Consumer Staples,Europe,60.05,0.0244278671958129,106.59872034691182,39.73457965308819,-27.153477474428712,v9_9,2025-11-24,91.7299782246769,93.14406382517024,120.27083314347692,28.540854918800022
155.6667,138.89733301844262,16.76936698155737,-10.772610315216657,MTGB,SE0018012494,Communication Services,Europe,114.5,0.017879110851884438,140.95520968853705,14.711490311462939,-9.450634150696931,v9_9,2025-11-24,120.59482451125673,134.97286639712365,168.38047020528816,47.78564569403143
18.8833,15.96274053442339,2.920559465576609,-15.46636162946418,KLR,GB0004866223,Industrials,Europe,15.2,0.02654877020908529,17.751299627286397,1.1320003727136019,-5.994716880596092,v9_9,2025-11-24,17.22122815743963,17.924887118167494,19.800764942967163,2.5795367855275337
195.8232,200.25502801217027,4.431828012170257,2.2631782200322825,CIBUS,SE0010832204,Real Estate,Europe,160.8,0.062014405267682905,202.40273136759583,6.57953136759582,3.3599345570881387,v9_9,2025-11-24,173.74358287458884,198.51931511551146,202.34346890972793,28.599886035139093
4.880000000000001,2.931156520195355,1.948843479804646,-39.93531720911159,CLARI,FR0010386334,Health Care,Europe,3.392,0.021302139602952283,4.88,8.881784197001252e-16,-1.8200377452871416e-14,v9_9,2025-11-24,4.212119413161739,4.827124668390029,11.75615903634051,7.5440396231787705
197.5,187.73150059129648,9.76849940870352,-4.946075649976465,SKISB,SE0012141687,Consumer Discretionary,Europe,164.8,0.023673746459494056,189.83579994159217,7.664200058407829,-3.880607624510293,v9_9,2025-11-24,175.00324350660924,212.1619795935768,235.66950790137787,60.66626439476863
60.8333,58.670103545723606,2.1631964542763953,-3.555941325353704,WAVE,FR0013357621,Information Technology,Europe,48.05,0.014891660819870586,60.50245258364644,0.3308474163535635,-0.5438590646135644,v9_9,2025-11-24,52.94185741980684,64.63587626552774,69.40714204169774,16.465284621890902
1.585,0.10994285726785402,1.475057142732146,-93.06354212821111,ASHM,GB00B132NW22,Financials,Europe,1.561,0.013174438657542361,1.913228804620895,0.328228804620895,20.708441931917665,v9_9,2025-11-24,0.6607858156077536,2.21057665721557,3.354793377068268,2.6940075614605146
11.3,11.454537903225276,0.15453790322527539,1.36759206394049,TTALO,FI4000252127,Health Care,Europe,9.1,0.020682285507818213,13.221813276239194,1.9218132762391935,17.00719713486012,v9_9,2025-11-24,12.06981508371565,12.213057978621686,14.78670326070451,2.71688817698886
220.6,223.96688560832393,3.3668856083239405,1.5262400763027837,YSN,DE0007276503,Information Technology,Europe,174.8,0.014270593949028031,226.1542704808466,5.554270480846611,2.517801668561474,v9_9,2025-11-24,177.95214634661608,227.63472403478733,285.4518515905689,107.4997052439528
3.1206650000000002,1.213129394463989,1.9075356055360113,-61.125933271786984,FGP,GB0003452173,Industrials,Europe,2.4457,0.02437626447993498,3.1206650000000007,4.440892098500626e-16,1.423059539713691e-14,v9_9,2025-11-24,2.961901108319145,3.1546501725295606,8.368660924101505,5.40675981578236
6.7062,5.5230382886617875,1.1831617113382125,-17.642803843282522,PSM,DE000PSM7770,Communication Services,Europe,4.812,0.015870608475511236,7.2893441438946995,0.5831441438946996,8.695597266629381,v9_9,2025-11-24,6.237719018887296,8.151032298129136,14.580765981849774,8.343046962962479
6.89,4.7746551964154165,2.115344803584583,-30.701666234899612,OCI,BMG670131058,Financials,Latin America and Caribbean,5.58,0.012052230923809892,6.534913553710346,0.35508644628965325,-5.15364943816623,v9_9,2025-11-24,6.757397536623676,6.910167827781092,21.393613746879648,14.636216210255972
15.7667,14.712851301482786,1.0538486985172142,-6.684015669209247,ALMA,FI0009013114,Communication Services,Europe,13.0,0.01549699299109266,16.47081031000433,0.7041103100043316,4.465806478237878,v9_9,2025-11-24,14.811504833330547,16.458868442180368,25.637345083672574,10.825840250342027
25.5625,22.464624598377146,3.0978754016228542,-12.11882797700872,JEN,DE000A2NB601,Information Technology,Europe,18.65,0.013370028476465153,24.246387393557416,1.3161126064425837,-5.14860677336952,v9_9,2025-11-24,21.729317146698833,22.072862921828584,24.072894921126068,2.343577774427235
75.1769,69.76517154638586,5.4117284536141455,-7.198658701827483,KIT,NO0003079709,Information Technology,Europe,62.2,0.0131366810787375,71.71952988796737,3.457370112032635,-4.598979356734096,v9_9,2025-11-24,52.60075073314922,62.79550116005672,86.30651574557577,33.705765012426546
2.56275,1.0400427754233723,1.5227072245766275,-59.41692418599659,PETS,GB00BJ62K685,Consumer Discretionary,Europe,2.056,0.02078803571155685,2.8377559440470836,0.2750059440470838,10.730892363558045,v9_9,2025-11-24,2.5387881910807066,2.699967364039314,6.246965603163596,3.708177412082889
351.0,342.6440806107023,8.355919389297696,-2.3806038146147284,IVSO,SE0001200015,Industrials,Europe,248.0,0.02245557989144143,345.3323164386978,5.667683561302226,-1.6147246613396657,v9_9,2025-11-24,308.97742414628436,328.0887695218207,382.30264819501843,73.32522404873407
66.3333,60.91145110155789,5.421848898442107,-8.173645662799993,TIMA,DE000ZEAL241,Consumer Discretionary,Europe,48.6,0.020324031188701006,62.742273278020676,3.5910267219793184,-5.4136108439943715,v9_9,2025-11-24,54.53888244013717,56.2711193102983,64.27916152619791,9.740279086060738
3.1206650000000002,1.3068325856347647,1.8138324143652356,-58.123265854080316,CASH,ES0105229001,Industrials,Europe,2.4457,0.02182580768340523,3.1206650000000007,4.440892098500626e-16,1.423059539713691e-14,v9_9,2025-11-24,3.1397983900463227,3.560121684958672,5.349869419549391,2.210071029503068
4.880000000000001,2.9854711810311647,1.894528818968836,-38.82231186411549,PHARM,NL0010391025,Health Care,Europe,3.392,0.017048262788124914,4.88,8.881784197001252e-16,-1.8200377452871416e-14,v9_9,2025-11-24,4.24128830079005,4.316666001475937,32.55746694863159,28.316178647841543
48.3,75.58928527646708,27.289285276467083,56.49955543782005,TEL,ROTSELACNOR9,Utilities,Europe,67.2,0.015401840587478479,77.69164490265189,29.39164490265189,60.852266879196456,v9_9,2025-11-24,65.66772467132219,73.18362147912111,85.3128437336978,19.645119062375613
22.85,22.067958979417906,0.7820410205820956,-3.422498995982912,EUZ,DE0005659700,Health Care,Europe,15.47,0.01698938620133577,23.927647761586588,1.0776477615865865,4.716182764055083,v9_9,2025-11-24,21.778871031887537,23.869938961363303,38.81918263142546,17.040311599537926
16.6167,15.564768664923555,1.0519313350764463,-6.330567050476005,CVSG,GB00B2863827,Health Care,Europe,11.66,0.016571866099149637,17.348560302155295,0.7318603021552939,4.404366102507079,v9_9,2025-11-24,15.799394601861305,17.29394601035196,17.635296153221287,1.8359015513599815
11.3714,9.266587519475351,2.1048124805246484,-18.509703998844895,UBI,FR0000054470,Communication Services,Europe,7.032,0.013268065989515788,11.039267553917174,0.33213244608282544,-2.9207700554269964,v9_9,2025-11-24,9.98307061923449,10.802504956961236,10.982597108930388,0.9995264896958993
130.0,132.36345920144257,2.3634592014425664,1.8180455395712047,BIOGB,SE0017769995,Health Care,Europe,101.3,0.016272446525036115,134.34895291223125,4.348952912231255,3.345348394024042,v9_9,2025-11-24,107.86198943674273,132.327848653279,159.86633640065682,52.00434696391409
63.7,65.45000207035771,1.7500020703577093,2.747255997421836,LKPG,SI0031101346,Industrials,Europe,66.5,0.01966076007166113,67.28585484506611,3.585854845066109,5.6292854710613955,v9_9,2025-11-24,51.740805521894536,58.026174679964264,82.25633006970354,30.515524547809
33.55,29.531387149948923,4.018612850051074,-11.977981669302755,CGEO,GB00BF4HYV08,Financials,Asia / Pacific,26.1,0.009958329461673156,31.327532669807812,2.2224673301921847,-6.624343756161505,v9_9,2025-11-24,26.02757939775047,27.06008891027209,30.498063207027673,4.470483809277205
8.065,8.384102615495811,0.31910261549581165,3.9566350340460215,SMWH,GB00B2PDGW16,Consumer Discretionary,Europe,6.51,0.018021929823835207,10.151329223143307,2.0863292231433075,25.868930231163144,v9_9,2025-11-24,9.235592591745453,9.721968768786072,14.79562943322406,5.560036841478606
84.0,69.47140253770426,14.528597462295735,-17.295949359875877,SENS,CH0406705126,Information Technology,Europe,52.5,0.010697330809948384,71.45258615161401,12.547413848385986,-14.937397438554745,v9_9,2025-11-24,63.8704087637954,67.07140610727319,74.46380819925764,10.593399435462239
64.9833,68.67169617694123,3.6883961769412252,5.675913930103927,GPP,PLGRPRC00015,Industrials,Europe,53.3,0.0180316001311927,70.29798224862033,5.314682248620329,8.178535483147716,v9_9,2025-11-24,59.48224797514086,64.92410214087485,67.16172469521004,7.679476720069182
7.62,7.793072609839237,0.17307260983923722,2.271294092378441,M,ROMEDLACNOR6,Health Care,Europe,8.22,0.014782990453343818,9.571567210677829,1.9515672106778288,25.611118250365205,v9_9,2025-11-24,8.13579192084377,8.200229680092155,13.945773315012406,5.809981394168636
852.0,874.7592471724668,22.759247172466758,2.671273142308305,NEU,PLTRFRM00018,Health Care,Europe,807.0,0.01470726717357961,874.7531053995054,22.753105399505444,2.6705522769372587,v9_9,2025-11-24,794.3632025451066,884.3979989462409,1320.3507797323834,525.9875771872769
91.1429,92.26135658693002,1.118456586930023,1.2271461484438426,VETO,FR0004186856,Health Care,Europe,72.3,0.014687815321897063,94.35700525458076,3.2141052545807582,3.5264461132800893,v9_9,2025-11-24,80.40691778584969,84.17898857840308,85.64517197040756,5.238254184557874
29.6,27.736088820345916,1.8639111796540853,-6.296997228561099,LSS,FR0000065484,Information Technology,Europe,22.15,0.010164864378856466,29.42961156899055,0.170388431009453,-0.575636591248152,v9_9,2025-11-24,27.30081708538413,28.67492835423834,31.557286251229282,4.256469165845154
34.6214,37.712900292514945,3.0915002925149437,8.929449105220884,GXI,DE000A0LD6E6,Health Care,Europe,23.56,0.013906441386898968,39.557695527799574,4.936295527799572,14.257931590864528,v9_9,2025-11-24,37.075349996008214,38.72263417460246,73.3424016758097,36.26705167980148
2.56275,0.8189340375548819,1.743815962445118,-68.04471612311454,DOCS,GB00BL6NGV24,Consumer Discretionary,Europe,1.83,0.015553082920949006,2.616822708425741,0.0540727084257413,2.1099486265043916,v9_9,2025-11-24,2.325236254868651,2.464255760878857,5.974249037751244,3.6490127828825933
3.1617,1.179917139643265,1.9817828603567351,-62.680926727922795,TRST,GB00BNK9TP58,Communication Services,Europe,1.761,0.011303393220084626,2.9566034449276795,0.20509655507232072,-6.486907520394746,v9_9,2025-11-24,2.3501478461458984,2.9096638133131125,13.606258231356,11.256110385210102
6.1013,4.418892055323382,1.6824079446766182,-27.574581559284383,OXB,GB00BDFBVT43,Health Care,Europe,5.92,0.013832107525112084,6.184385405205559,0.08308540520555852,1.361765610698679,v9_9,2025-11-24,5.146648559934256,5.422407148496347,9.495435221805344,4.348786661871088
74.95,74.98346647730388,0.03346647730387531,0.04465173756354277,ASE,PLASSEE00014,Information Technology,Europe,65.7,0.009632891543529176,76.85249543792924,1.9024954379292325,2.538352819118389,v9_9,2025-11-24,62.531146681684675,74.8684804477295,85.10378424723773,22.572637565553052
5.9,4.537019481765072,1.3629805182349282,-23.10136471584624,ETS,AT000000ETS9,Communication Services,Europe,4.82,0.011116727321263502,6.296482893634435,0.3964828936344347,6.720049044651434,v9_9,2025-11-24,5.913209305624266,6.029683221180634,20.735634935235154,14.822425629610889
33.0,33.60490209572352,0.6049020957235172,1.8330366537076277,GLO,FR0000066672,Industrials,Europe,27.15,0.016259639178034763,35.36847391636945,2.368473916369453,7.177193685968039,v9_9,2025-11-24,28.138539257632768,33.70066433528643,35.72367896631851,7.585139708685741
37.1667,34.0553057749975,3.111394225002499,-8.371456774484953,FNAC,FR0011476928,Consumer Discretionary,Europe,26.65,0.014848894696715643,35.87124469057125,1.2954553094287462,-3.4855268544927216,v9_9,2025-11-24,34.258774044439015,35.85033190484853,41.71274570792937,7.453971663490357
248.5,179.29757700356538,69.20242299643462,-27.84805754383687,HYQ,DE0005493365,Financials,Europe,116.0,0.007959864324681428,181.66185177524397,66.83814822475603,-26.896639124650314,v9_9,2025-11-24,151.61535850197083,176.18704225600166,177.7445141212539,26.12915561928307
133.6342,160.93027448713102,27.296074487131023,20.425964676056747,CS,JE00BLD8Y945,Financials,Europe,129.8,0.007917962555059305,162.92448511542952,29.290285115429526,21.91825529350236,v9_9,2025-11-24,142.75244754138302,159.49838766385295,163.93586849881558,21.18342095743256
28.0429,27.731538403064906,0.31136159693509313,-1.1103045581416087,COK,DE0005419105,Information Technology,Europe,24.7,0.009071549760206549,29.425473042985793,1.3825730429857934,4.930207086234995,v9_9,2025-11-24,27.27778650311344,27.424459323376738,29.400250751826793,2.122464248713353
15.9011,14.41351243230908,1.4875875676909196,-9.355249433629872,MPE,GB0007538100,Consumer Staples,Europe,12.9,0.014221464794163554,16.14405639761526,0.24295639761525933,1.5279219526652832,v9_9,2025-11-24,13.984189779513944,14.295526609002007,24.55537220863031,10.571182429116366
11.6333,9.185396777523643,2.4479032224763575,-21.04220833706994,FERGR,GB00BN0VZ646,Industrials,Europe,8.17,0.014985617239938541,10.89953002830858,0.7337699716914194,-6.307496339743834,v9_9,2025-11-24,10.898904327449761,11.263363848829435,18.10267286339074,7.203768535940979
563.0,661.5250544452231,98.52505444522308,17.50000967055472,MCAP,SE0009160872,Health Care,Europe,539.0,0.01232458901971456,662.6512824249495,99.6512824249495,17.700050164289433,v9_9,2025-11-24,510.9269603962748,650.7625818082427,1197.343737037755,686.4167766414803
5.8307,3.877307672044262,1.9533923279557381,-33.501849314074434,OCI,NL0010558797,Materials,Europe,3.338,0.017097169232033735,5.652889442303163,0.17781055769683718,-3.049557646540504,v9_9,2025-11-24,5.001178039670256,5.4448878474531535,15.224920562644208,10.223742522973952
2.9,3.772914805494758,0.8729148054947582,30.100510534302003,SBBB,SE0009554454,Real Estate,Europe,4.033,0.034047451100453825,5.5395904224504475,2.6395904224504476,91.02035939484303,v9_9,2025-11-24,2.552407188150868,4.815523540187395,15.737271815821794,13.184864627670926
41.5,43.77821237356503,2.278212373565033,5.489668370036224,PSAN,DE000A0Z1JH9,Information Technology,Europe,45.0,0.008104842455183586,45.58157531202255,4.081575312022551,9.835121233789279,v9_9,2025-11-24,34.463581075420095,34.46420565038688,45.32007761748468,10.856496542064583
26.0,26.677921012446234,0.6779210124462338,2.6073885094085916,ACOMO,NL0000313286,Consumer Staples,Europe,23.2,0.01252897204390142,28.38731643945541,2.387316439455411,9.181986305597736,v9_9,2025-11-24,24.67663955549071,26.288016366714633,29.42028802789613,4.743648472405422
2.4016,0.598231950423977,1.8033680495760231,-75.09027521552395,SOLG,GB00B0WD0R35,Materials,Europe,1.96,0.0165674526664224,2.4015999999999997,4.440892098500626e-16,-1.8491389484096543e-14,v9_9,2025-11-24,2.2034635602785455,2.327721238858778,12.899681938902203,10.696218378623659
10.725,8.655917064312112,2.069082935687888,-19.292148584502453,SCANFL,FI4000029905,Information Technology,Europe,10.42,0.007881737169571955,10.382464013418875,0.34253598658112416,-3.193808732691134,v9_9,2025-11-24,8.120597252805583,9.777148108515073,13.586136287178359,5.465539034372776
3.175,1.8097500665131512,1.3652499334868486,-42.9999979050976,YIT,FI0009800643,Consumer Discretionary,Europe,2.9,0.012325310064642835,3.6354913610308914,0.4604913610308916,14.50366491435879,v9_9,2025-11-24,3.6028478177148444,3.6548690383264573,3.796993737130457,0.19414591941561277
15.616,14.283760989589492,1.3322390104105075,-8.531243662977122,MPCC,NO0010791353,Industrials,Europe,17.08,0.012367379317569992,16.031889187008076,0.41588918700807653,2.6632248143447526,v9_9,2025-11-24,12.370666382014088,15.977066202422577,19.000620519929985,6.629954137915897
81.0,70.67554676638441,10.324453233615586,-12.74623856001924,CEN,FR0000036675,Industrials,Europe,60.8,0.01232438546428713,72.50512639903059,8.494873600969413,-10.487498272801744,v9_9,2025-11-24,62.69653391646084,70.31340371960528,77.42889900047578,14.732365084014944
78.0,87.30800136445377,9.308001364453773,11.933335082633043,ABS,PLABS0000018,Information Technology,Europe,82.2,0.007296702789547209,89.10647468825726,11.106474688257265,14.23907011315034,v9_9,2025-11-24,76.03276970329078,89.36769791860195,113.66497576137945,37.63220605808867
3.2,1.3216090351038705,1.8783909648961297,-58.69971765300404,JHD,GB00B0LS8535,Industrials,Europe,2.4457,0.01219869425035305,3.1206650000000007,0.07933499999999949,-2.4792187499999843,v9_9,2025-11-24,2.7910083028223704,3.000991731354889,5.266245891792565,2.4752375889701943
5.7086,5.180817310579051,0.527782689420949,-9.245396234119555,DIS,LU2592315662,Energy,Europe,5.3,0.009224119161733043,6.967822443324364,1.2592224433243642,22.058340807279617,v9_9,2025-11-24,5.78746675378781,7.041105454302346,12.735351580088023,6.947884826300213
2.56275,0.9465357472241083,1.6162142527758916,-63.06562297437877,PIA,IT0003073266,Consumer Discretionary,Europe,1.83,0.01137899017713919,2.7452327164026675,0.18248271640266767,7.12058204673369,v9_9,2025-11-24,2.5347250145086604,3.5301946345894506,4.334117379009124,1.7993923645004632
9.9667,8.04254592184039,1.92415407815961,-19.30582919280815,NRG,FR0000121691,Communication Services,Europe,8.04,0.008200569104041981,9.834924603603287,0.1317753963967121,-1.3221567459310715,v9_9,2025-11-24,9.45626424482153,9.985125153551234,14.440637893604293,4.984373648782764
8.84,6.2569168501616375,2.5830831498383624,-29.22039762260591,DSCV,GB0000055888,Industrials,Europe,5.67,0.01180056239469798,8.0,0.8399999999999999,-9.502262443438912,v9_9,2025-11-24,7.316049558125278,8.00377451628962,12.009306511129695,4.6932569530044175
17.6333,20.025289158895795,2.3919891588957967,13.565181553627495,KRI,GRS469003024,Consumer Staples,Europe,18.76,0.011002808143510777,21.776979547192994,4.1436795471929955,23.499172288754774,v9_9,2025-11-24,16.496779860185715,18.02102728222716,31.33881810876752,14.842038248581805
275.0,222.35576521442178,52.64423478557822,-19.143358103846627,SDIPB,SE0003756758,Industrials,Europe,177.6,0.01164569678032196,224.93608553482983,50.06391446517017,-18.205059805516427,v9_9,2025-11-24,180.16114105457882,227.2703243502988,279.4375312606161,99.27639020603726
55.352,65.26824033819673,9.916240338196737,17.914872702335487,GPW,PLGPW0000017,Financials,Europe,61.4,0.0056557418030523925,67.0695556809876,11.717555680987608,21.169164042830626,v9_9,2025-11-24,57.076892828830836,61.93738290937262,70.45576066607651,13.378867837245679
95.0,93.91592542594158,1.0840745740584197,-1.14113113058781,NEDAP,NL0000371243,Information Technology,Europe,91.8,0.006795579689509137,95.75911012319389,0.7591101231938922,0.7990632875725181,v9_9,2025-11-24,79.31093249313334,113.05327946734371,127.75998034505258,48.44904785191925
6.8624,5.407266809340423,1.455133190659577,-21.20443562980265,XFAB,BE0974310428,Information Technology,Europe,4.506,0.006565440664251564,7.134910339377766,0.27251033937776636,3.9710646330404282,v9_9,2025-11-24,6.435820789696302,6.441068503821619,14.074351382527945,7.638530592831644
18.0667,15.746705874394223,2.3199941256057777,-12.841272205802817,CHRT,GB00B0YD2B94,Industrials,Europe,11.18,0.01080885213606626,17.564729336398837,0.5019706636011634,-2.778430281131382,v9_9,2025-11-24,15.970789422824542,17.90592464948993,19.094684441279632,3.123895018455091
2.4016,0.6364183873802571,1.765181612619743,-73.50023370335373,IBST,GB00BYXJC278,Materials,Europe,1.96,0.012851164055488678,2.4256844648774325,0.02408446487743232,1.002850802691219,v9_9,2025-11-24,2.2774557428962026,2.31514565739384,5.609091151216285,3.3316354083200825
710.0,720.7112961594928,10.711296159492804,1.508633261900395,FLOB,BE0003215143,Consumer Staples,Europe,575.0,0.009765205457083237,723.3458612929791,13.345861292979066,1.8796987736590234,v9_9,2025-11-24,637.115731224365,653.0817869145457,761.6627013475365,124.54697012317149
37.8429,35.1535984438369,2.6893015561631017,-7.106489080284814,KOF,FR0004007813,Consumer Discretionary,Europe,28.7,0.009947238185959328,36.96589556625974,0.8770044337402609,-2.317487385322639,v9_9,2025-11-24,34.988795892189785,37.38637565469814,42.07956891155505,7.090773019365265
1.32532,-0.4955942363440413,1.8209142363440414,-137.394307513962,PINT,GB00BLNNFL88,Financials,Europe,1.1152000000000002,0.004925250329243467,1.32532,0.0,0.0,v9_9,2025-11-24,1.2203338449195038,1.3435642574116125,8.894781297070855,7.674447452151352
79.0,80.3723324080735,1.372332408073504,1.7371296304727897,SHF,DE0007203705,Information Technology,Europe,75.2,0.005990031401637053,82.28525119477005,3.285251194770055,4.158545816164627,v9_9,2025-11-24,71.8417878169511,74.02817781397859,86.36039683182739,14.51860901487629
3.2188250000000003,1.461645965860944,1.7571790341390563,-54.590697976406176,CCR,IE00B010DT83,Consumer Staples,Europe,2.7855,0.009320952703414844,3.228117499303767,0.009292499303766633,0.2886922806852386,v9_9,2025-11-24,3.014033612945206,3.262931361471877,5.982325952130266,2.9682923391850595
3.51,1.5802605950847854,1.9297394049152143,-54.97833062436508,ENC,ES0130625512,Materials,Europe,2.226,0.01204257907120538,3.365131735070263,0.1448682649297366,-4.127300995149191,v9_9,2025-11-24,2.439806118988856,2.598077104569643,3.4859524359810723,1.0461463169922163
70.0,67.49973696474154,2.500263035258456,-3.571804336083509,BAHNB,SE0010442418,Communication Services,Europe,54.5,0.006746958062158325,69.38533056797753,0.6146694320224668,-0.878099188603524,v9_9,2025-11-24,56.92597348798751,66.48335902834877,79.53669921313528,22.610725725147766
67.5,65.96848184924589,1.5315181507541098,-2.2689157788949776,JEN,BE0003858751,Industrials,Europe,57.4,0.009519255893974716,67.92078625974696,0.4207862597469614,0.6233870514769798,v9_9,2025-11-24,54.537901090011964,68.09797696933815,71.05981176934715,16.521910679335186
27.7167,26.510128524863518,1.2065714751364816,-4.353229190836144,MRN,FR0000039620,Industrials,Europe,21.55,0.009397074382349442,28.32430702932337,0.607607029323372,2.192205527077076,v9_9,2025-11-24,23.861390928556702,26.077613402051522,31.371564859384005,7.510173930827303
234.0,173.78519623908625,60.21480376091375,-25.732822120048617,ZZB,SE0002480442,Consumer Discretionary,Europe,157.2,0.00895630997111144,175.8741521270308,58.12584787296919,-24.84010592861931,v9_9,2025-11-24,144.63497802538245,190.8992362701388,205.2179976626639,60.58301963728144
3.9575,1.8337686471670933,2.1237313528329067,-53.66345806273928,BOWL,GB00BD0NVK62,Consumer Discretionary,Europe,2.7,0.008821900600510883,3.6633500000000003,0.2941499999999997,-7.432722678458616,v9_9,2025-11-24,3.3099917537546464,3.653256719438346,4.604449375056167,1.2944576213015209
102.2,96.70982713426756,5.490172865732447,-5.371989105413353,SCHP,FR0000039109,Industrials,Europe,65.9,0.009070013998447672,98.35277302019894,3.8472269798010643,-3.764409960666403,v9_9,2025-11-24,77.37100154559711,89.97383870689448,103.05812260290251,25.687121057305404
12.375,12.10809640836163,0.2669035916383695,-2.1567967001080364,FGA,FR0011665280,Industrials,Europe,11.6,0.009065626870561666,13.885604005762698,1.5106040057626977,12.206901056668263,v9_9,2025-11-24,10.656726040053476,10.9798156048884,13.476500658355246,2.8197746183017696
3.1206650000000002,1.3192455898756386,1.8014194101243617,-57.72549793471461,ITM,GB00B0130H42,Industrials,Europe,2.4457,0.009010787771986589,3.1206650000000007,4.440892098500626e-16,1.423059539713691e-14,v9_9,2025-11-24,2.5514064760775637,2.8968914014321876,2.9439233870241703,0.3925169109466067
245.5,214.45806976638647,31.041930233613527,-12.644370767256019,MILDEF,SE0016074249,Industrials,Europe,118.5,0.008965380998366423,216.62247804785935,28.877521952140654,-11.762738066045072,v9_9,2025-11-24,175.0592627002577,225.17371405962737,229.88393787156485,54.82467517130715
9.0252,7.796375260132857,1.228824739867143,-13.615484863129272,IVA,FR0013233012,Health Care,Europe,3.465,0.007274575703880019,9.575354497257118,0.5501544972571182,6.095759620364293,v9_9,2025-11-24,6.084293519836941,7.793895092061656,7.86821340963511,1.7839198897981685
85.0,85.10715369710798,0.10715369710797518,0.1260631730682061,IDIP,FR0000051393,Financials,Europe,67.2,0.0038970544978926495,86.99949575305249,1.9994957530524857,2.3523479447676303,v9_9,2025-11-24,79.42850840097898,86.47385640268979,103.7520156231089,24.32350722212992
75.0,73.87309851336832,1.1269014866316809,-1.5025353155089078,JOMA,SE0012481364,Real Estate,Europe,67.2,0.02053881819393799,75.82859665023992,0.8285966502399162,1.1047955336532218,v9_9,2025-11-24,62.1142608487345,67.5717385737851,69.95519492344599,7.840934074711484
35.0,32.25100211668948,2.7489978833105226,-7.854279666601494,BHG,SE0010948588,Consumer Discretionary,Europe,28.34,0.007684680447516591,34.06196083663062,0.9380391633693819,-2.680111895341091,v9_9,2025-11-24,28.99957909213887,33.19724460324397,40.92542272362537,11.925843631486497
25.0,27.155990819713217,2.1559908197132174,8.62396327885287,BOI,FR0000061129,Health Care,Europe,26.6,0.006867997268265317,29.02857182565952,4.028571825659519,16.114287302638076,v9_9,2025-11-24,27.750953820434376,27.951211013005068,43.53375134047813,15.782797520043758
47.1667,48.15181750334192,0.9851175033419182,2.08858687027483,INTRUM,SE0000936478,Industrials,Europe,36.72,0.007543512850511788,49.92938424054979,2.7626842405497882,5.857276935952246,v9_9,2025-11-24,43.76627498752103,45.76125984223034,62.72253895640529,18.956263968884258
89.6845,100.40326339494092,10.718763394940922,11.951634223239157,CLCO,BMG2415A1137,Energy,Europe,99.7,0.005681524248699839,102.61644751833151,12.931947518331512,14.419378508361547,v9_9,2025-11-24,83.17451990657851,90.5909240786024,151.1597514653635,67.985231558785
99.5,50.69292028918645,48.80707971081355,-49.05234141790306,EKT,DE0005313506,Industrials,Europe,32.0,0.0073991763430621815,52.45950548529031,47.04049451470969,-47.27687890925597,v9_9,2025-11-24,43.23824183946547,57.64895047461194,65.16063936855197,21.922397529086496
3.1206650000000002,1.2946433373113089,1.8260216626886914,-58.5138636376763,COST,GB00B64NSP76,Industrials,Europe,2.4457,0.007384040751855458,3.1206650000000007,4.440892098500626e-16,1.423059539713691e-14,v9_9,2025-11-24,2.813696988311598,3.1030506578005133,7.024129215581383,4.210432227269785
10.75,8.014007268284441,2.735992731715559,-25.451095178749384,MAB1,GB00BQSBH502,Financials,Europe,6.74,0.0034203476797553967,9.776333386979355,0.9736666130206455,-9.057363842052517,v9_9,2025-11-24,9.279156477528815,9.338954861652015,15.654321572311563,6.375165094782748
35.0,30.27183922767633,4.728160772323669,-13.509030778067627,VETN,CH0530235594,Materials,Europe,20.8,0.00908310465678236,32.08813031149358,2.911869688506421,-8.319627681446917,v9_9,2025-11-24,30.95582307787511,35.29557164250627,44.57731778378048,13.62149470590537
375.0,331.5728859508973,43.42711404910273,-11.580563746427394,SPG,DK0061027356,Materials,Europe,273.5,0.0088042362381104,333.44099680488995,41.55900319511005,-11.082400852029348,v9_9,2025-11-24,281.4820357764304,322.00140388991525,412.4215582071246,130.93952243069418
14.63,13.321648255537243,1.3083517444627581,-8.942937419431018,NICL,GB0006389398,Consumer Staples,Europe,10.3,0.0067687718860843515,15.056624960285443,0.4266249602854426,2.9160967893741803,v9_9,2025-11-24,13.629884082096279,13.788715548952275,15.609186227819292,1.9793021457230129
58.0,57.50799844109791,0.4920015589020892,-0.8482785498311882,EAST,SE0022050183,Real Estate,Europe,48.1,0.01854124839953819,59.40545854198264,1.4054585419826395,2.423204382728689,v9_9,2025-11-24,51.90733882992333,52.381199567349896,73.81142935174373,21.904090521820393
13.3333,10.724251214958011,2.6090487850419883,-19.567914807601934,IBS,PTIBS0AM0008,Consumer Discretionary,Europe,10.4,0.006862640528771146,12.502428049482486,0.8308719505175137,-6.2315552077693726,v9_9,2025-11-24,11.223328144114216,11.311522677518989,20.97298342661767,9.749655282503454
39.12,41.414515692435714,2.2945156924357164,5.865326412156739,SBO,AT0000946652,Energy,Europe,26.5,0.005120854670646208,43.35029956515245,4.23029956515245,10.813649195174975,v9_9,2025-11-24,33.671101223984444,39.82166059856877,50.887481816245035,17.21638059226059
12.1667,8.992982678319978,3.173717321680023,-26.08527638291421,SLIGR,NL0000817179,Consumer Staples,Europe,9.36,0.006417160433681589,10.727873671372272,1.4388263286277283,-11.825937424508933,v9_9,2025-11-24,10.99799125704833,11.109935573095438,14.65871921692891,3.66072795988058
7.2233,3.5641248167775625,3.6591751832224375,-50.6579428131524,PINE,GB00BSB7BS06,Information Technology,Europe,3.43,0.0037777351845765883,5.318554696751957,1.9047453032480428,-26.36946137150669,v9_9,2025-11-24,5.514781145610359,5.7663883994004586,15.998919560905659,10.4841384152953
125.0,109.91765955992688,15.082340440073125,-12.0658723520585,ENITY,SE0025011554,Financials,Europe,86.2,0.002702082501331962,111.83042067601758,13.169579323982418,-10.535663459185935,v9_9,2025-11-24,95.55639789905044,110.71802921856747,111.02053629082705,15.464138391776615
526.85,318.61660264226487,208.23339735773516,-39.524228406137446,SWTQ,CH1248667003,Industrials,Europe,251.5,0.005923346522209667,321.31534566046355,205.53465433953647,-39.01198715754702,v9_9,2025-11-24,300.86266554845247,310.47268379573103,473.86179280546554,172.99912725701307
4.85,3.779227181821387,1.0707728181786127,-22.07779006553841,CTPE,GB0030738271,Financials,Europe,4.72,0.0025938263713167296,5.548776992255778,0.6987769922557785,14.407773036201618,v9_9,2025-11-24,4.193503990615466,5.280768340436349,13.341048194407145,9.147544203791679
4.880000000000001,3.248282258785969,1.6317177412140316,-33.43683895930392,AVCT,GB00BYYW9G87,Health Care,Europe,3.392,0.005227789346033264,5.002496714664612,0.12249671466461098,2.5101785791928477,v9_9,2025-11-24,4.522003292134236,4.710874633359088,11.669562611201902,7.147559319067667
47.4,38.052048162155494,9.347951837844505,-19.72141737941879,TXT,IT0001454435,Information Technology,Europe,29.5,0.0035357498609679553,39.802965051703715,7.597034948296283,-16.02749989092043,v9_9,2025-11-24,35.76069152773805,39.80758731125794,52.448924854066384,16.688233326328337
3.8478,1.6034255217142386,2.2443744782857613,-58.32877172113315,RST,GB00B5NR1S72,Industrials,Europe,2.4457,0.005393820186368711,3.388868263601154,0.4589317363988461,-11.927120338864965,v9_9,2025-11-24,3.3954489686918765,3.432868967970973,6.824566357500168,3.4291173888082915
12.75,11.506040613454887,1.2439593865451126,-9.756544208196962,SFAST,SE0014956819,Real Estate,Europe,11.08,0.015062477427192637,13.318628482322001,0.5686284823220014,4.45983123389805,v9_9,2025-11-24,13.134635113160623,13.219483346929977,16.193651411704547,3.0590162985439235
5.3,3.9590748175607358,1.340925182439264,-25.300475140363478,AV,IT0005366601,Industrials,Europe,5.02,0.0051463861735979565,5.732153811142309,0.43215381114230933,8.15384549325112,v9_9,2025-11-24,5.193150514268563,5.306555059500469,7.787745799432743,2.5945952851641803
131.0,108.43486219846389,22.56513780153611,-17.225296031706954,MEKO,SE0002110064,Consumer Discretionary,Europe,70.2,0.00529005089274461,110.28943383543094,20.71056616456906,-15.80959249203745,v9_9,2025-11-24,84.51320340255647,112.22118673432547,117.81015175209043,33.29694834953396
115.0,104.49132594587194,10.508674054128065,-9.13797743837223,ENDUR,NO0012555459,Industrials,Europe,82.7,0.005048114508951415,106.46179512768651,8.538204872313486,-7.42452597592477,v9_9,2025-11-24,89.27163359559081,106.35568569776223,120.64161241176805,31.369978816177237
5.9,4.675608073266452,1.2243919267335484,-20.75240553785675,ARBN,CH0110240600,Industrials,Europe,4.695,0.0049943721923478394,6.445938370503559,0.545938370503559,9.253192720399305,v9_9,2025-11-24,3.6624539296001535,5.211450072726659,22.080634441547545,18.41818051194739
3.3,1.5092135008054064,1.7907864991945934,-54.266257551351316,AVAX,GRS213213002,Industrials,Europe,2.4457,0.004948087993150472,3.3060469864935107,0.006046986493510875,0.18324201495487502,v9_9,2025-11-24,3.08271543372402,3.1437157756849543,19.608989783059798,16.52627434933578
35.84,34.97535747550456,0.8646425244954443,-2.4125070437930924,JDC,DE000A0B9N37,Financials,Europe,25.2,0.0020012665017596666,36.71278971616998,0.8727897161699758,2.435239163420691,v9_9,2025-11-24,31.91274830318713,35.08575820237285,51.84867383932332,19.93592553613619
4.854,3.1923303113069137,1.6616696886930864,-34.23299729487199,NFG,GB0030026057,Communication Services,Europe,2.94,0.0035533541776920346,4.978805143654532,0.1248051436545321,2.5711813690674106,v9_9,2025-11-24,4.186342020010349,4.616369103217321,16.060517048423478,11.874175028413129
3.625,1.6422782494761607,1.9827217505238393,-54.69577242824384,TLGO,ES0105065009,Industrials,Europe,2.705,0.004541401238117691,3.4668238296134772,0.15817617038652276,-4.363480562386835,v9_9,2025-11-24,2.917494710559023,3.331457933783708,7.158934761185199,4.241440050626176
45.05,47.02723574086414,1.9772357408641454,4.388980556857149,OVZON,SE0010948711,Communication Services,Europe,32.6,0.0034393120936098273,48.93501107727537,3.8850110772753723,8.623775976193945,v9_9,2025-11-24,39.55464304262068,51.86537050119778,54.90783235546236,15.353189312841678
7.3,5.3649720672913315,1.9350279327086684,-26.50723195491327,ABCA,FR0004040608,Financials,Europe,5.45,0.0017795313582635542,7.128940046845426,0.17105995315457356,-2.3432870295147064,v9_9,2025-11-24,6.22879253320416,7.232250484547502,16.594607985381785,10.365815452177625
16.0,11.74130382894723,4.258696171052771,-26.616851069079818,LTHM,GB00B04NP100,Industrials,Europe,10.25,0.0043384965733899005,13.511697990113626,2.4883020098863735,-15.551887561789835,v9_9,2025-11-24,13.355026984709482,13.723491159629141,18.644091259127006,5.289064274417523
3.2188250000000003,1.689423212127949,1.5294017878720512,-47.51428822231873,MBWS,FR0000060873,Consumer Staples,Europe,2.88,0.004396458313382335,3.4689259866461946,0.2501009866461943,7.7699466931627,v9_9,2025-11-24,2.714078447309777,2.8726504103142556,6.907849459037819,4.1937710117280425
85.635,80.43101511473198,5.203984885268028,-6.07693686608049,PCR,PLPCCRK00076,Materials,Europe,67.8,0.005220043193916025,82.47151033856944,3.1634896614305603,-3.694155031740013,v9_9,2025-11-24,76.92876305156044,87.20521727001812,100.51270737729236,23.58394432573192
3.0811,1.3248001277912085,1.7562998722087917,-57.002365136113454,OTB,GB00BYM1K758,Consumer Discretionary,Europe,1.878,0.004350354075676356,3.1113867030147326,0.030286703014732463,0.9829834479482152,v9_9,2025-11-24,2.5919360611911277,2.761016733846989,9.596669408395462,7.0047333472043345
12.6,14.229872901149362,1.629872901149362,12.935499215471127,TIW,DE000A40ZTT8,Consumer Discretionary,Europe,15.1,0.004112702724759426,15.948543231017236,3.3485432310172367,26.57573992870823,v9_9,2025-11-24,12.655641763999629,13.855254409864155,22.989517142606182,10.333875378606553
53.0,45.42159340905588,7.57840659094412,-14.298880360271923,VIVA,SE0017084361,Consumer Staples,Europe,36.7,0.0038255248659164647,47.32931175189583,5.67068824810417,-10.699411788875793,v9_9,2025-11-24,42.74233672281403,48.258816254817205,53.63912843194753,10.896791709133502
98.0,97.01414996813355,0.9858500318664483,-1.005969420271886,PERR,FR0000061459,Industrials,Europe,77.8,0.003546400633571467,98.71667864695168,0.7166786469516779,0.7313047417874264,v9_9,2025-11-24,75.87737833922681,101.2736596756248,101.68459026432959,25.807211925102777
27.7667,24.334737509431694,3.4319624905683064,-12.359994131705628,ST5,DE000A0LR936,Industrials,Europe,20.1,0.0032943601365204057,26.143721444968435,1.6229785550315654,-5.845053805571297,v9_9,2025-11-24,23.511746576998064,25.722551602984858,27.99478776596124,4.483041188963178
66.68,58.94451725018269,7.735482749817315,-11.600903943937183,TXT,PLLVTSF00010,Information Technology,Europe,44.48,0.002041388683558192,60.78095335160752,5.899046648392485,-8.846800612466232,v9_9,2025-11-24,46.027479315094,53.51977619469775,62.60409652692375,16.57661721182975
94.0,68.77794010237673,25.222059897623268,-26.83197861449284,AAD,DE0005093108,Industrials,Europe,48.4,0.0027850145889550763,70.47116572285292,23.528834277147084,-25.030674762922427,v9_9,2025-11-24,65.74496552603321,70.44343638985384,78.7757783812641,13.030812855230892
36.3333,27.65773785466941,8.675562145330591,-23.877715884135466,VICO,SE0007577895,Health Care,Europe,10.24,0.002875504710422195,29.515691710216515,6.817608289783486,-18.76407672791485,v9_9,2025-11-24,15.843225467357081,34.76834095754938,58.80956768224481,42.96634221488773
3.2188250000000003,1.5313618783828704,1.6874631216171299,-52.42481718071438,MCB,GB0005746358,Consumer Staples,Europe,2.7855,0.0029952344560346972,3.2972893689052585,0.07846436890525821,2.437671165883768,v9_9,2025-11-24,0.914560548651154,3.1475682230219784,3.342523071029229,2.427962522378075
2.4016,0.6093999152721583,1.7922000847278419,-74.62525336141913,ECOR,GB0006449366,Materials,Europe,1.96,0.0034032621467210812,2.401994477831831,0.00039447783183099716,0.016425625909018866,v9_9,2025-11-24,-0.3445142170446931,2.3700764652899484,2.3924830911505928,2.736997308195286
15.0,15.041709560489767,0.04170956048976748,0.2780637365984499,BO,DK0010218429,Consumer Discretionary,Europe,13.3,0.0030237920267056255,16.8247110825401,1.8247110825401016,12.164740550267345,v9_9,2025-11-24,14.43836409434133,15.713147227579332,15.885032096891475,1.4466680025501457
27.8667,26.911797222370748,0.954902777629254,-3.4266805098172872,ALSEM,FR0014010H01,Information Technology,Europe,24.0,0.001702411792200255,28.68310928204126,0.8164092820412598,2.9296948761111286,v9_9,2025-11-24,23.14330913121966,24.415562135102256,33.30323070476076,10.159921573541098
2.902,0.9172204975476133,1.9847795024523869,-68.39350456417598,IPX,GB0004905260,Financials,Europe,1.72,0.0006485396841570449,2.719211340885215,0.18278865911478492,-6.298713270667984,v9_9,2025-11-24,2.8354410506295022,3.167948121666734,21.60357641793306,18.768135367303557
70.1295,31.04337346934343,39.086126530656564,-55.73421531688743,AGLX,NO0010872468,Industrials,United States and Canada,22.75,0.0022486882048908087,32.8750397639885,37.2544602360115,-53.122381075027626,v9_9,2025-11-24,29.28572751820462,30.561917713354955,33.67584460564785,4.390117087443233
3.8667,2.19004049064018,1.67665950935982,-43.36151005663279,ANORA,FI4000292438,Consumer Staples,Europe,3.575,0.0026003001404095944,3.9567767913346,0.09007679133460034,2.3295521073421868,v9_9,2025-11-24,4.148956874818731,4.3143836302099015,4.437326752460758,0.28836987764202693
36.6667,31.497450551557627,5.169249448442372,-14.097940224897174,IMMO,BE0003599108,Real Estate,Europe,22.75,0.007566583339329952,33.29801367944222,3.368686320557778,-9.187317976686689,v9_9,2025-11-24,26.702623921069797,35.03489889429603,49.43578597696073,22.733162055890933
5.725,3.811420126123175,1.9135798738768246,-33.42497596291397,DAL,IT0004053440,Information Technology,Europe,4.235,0.00139021247107336,5.566107196176237,0.15889280382376292,-2.7754201541268633,v9_9,2025-11-24,5.175407264193578,5.1775216665144566,16.026351259377282,10.850943995183705
24.2044,24.651744715060694,0.4473447150606944,1.8481958448079454,SMOP,NO0011012502,Information Technology,Europe,26.9,0.0013772555822518877,26.458741892027334,2.254341892027334,9.31376895121273,v9_9,2025-11-24,20.18581543897458,25.926102243244422,38.97987446907182,18.794059030097237
15.475,18.714088001917432,3.239088001917432,20.93110178945029,GBT,FR0000032526,Health Care,Europe,17.32,0.0019965241625170254,20.491626431622144,5.016626431622145,32.41761829804294,v9_9,2025-11-24,15.78652671275805,17.49307048049939,30.538567659002222,14.752040946244172
4.8775,2.9162955535536703,1.96120444644633,-40.209214688802255,FSJ,GB0003395000,Industrials,Europe,3.76,0.0016105804538711953,4.720960158104633,0.15653984189536718,-3.209427819484719,v9_9,2025-11-24,4.65252934757319,4.780951690993823,6.476868753915657,1.8243394063424665
34.6667,36.51191865108181,1.845218651081808,5.322740990869647,TTR1,DE000A0XYGA7,Industrials,Europe,31.1,0.001570218877319938,38.309859822851365,3.6431598228513664,10.50910476870128,v9_9,2025-11-24,31.05443853317832,34.36026617472042,42.21642409327862,11.161985560100298
17.0,14.763957848701434,2.236042151298566,-13.153189125285683,KENDR,NL0000852531,Consumer Discretionary,Europe,13.48,0.002101237274293675,16.535891142777675,0.46410885722232464,-2.730052101307792,v9_9,2025-11-24,15.637117397710124,17.191277594242184,17.525524320707152,1.888406922997028
90.0,94.66695221749846,4.666952217498462,5.18550246388718,ISLAX,NO0010724701,Consumer Staples,Europe,80.0,0.0018968838299646858,96.58069176398075,6.580691763980752,7.311879737756391,v9_9,2025-11-24,82.70670602122048,94.91200897394245,103.50085197810259,20.794145956882105
8.4,6.285028632536078,2.114971367463922,-25.17823056504669,TISG,IT0005439085,Consumer Discretionary,Europe,3.95,0.002017474912904922,8.035321207950496,0.3646787920495047,-4.341414191065532,v9_9,2025-11-24,6.153127759319853,8.758984616424362,14.087897694064337,7.934769934744484
17.25,15.241365985809406,2.0086340141905943,-11.644255154728082,GOFORE,FI4000283130,Information Technology,Europe,13.04,0.0011534099029933157,17.0,0.25,-1.4492753623188406,v9_9,2025-11-24,15.761698719721768,18.063077345226176,28.80886117696896,13.047162457247193
41.0,35.67973296622082,5.3202670337791815,-12.976261057998004,PCELL,SE0006425815,Industrials,Europe,38.08,0.0012087195395130207,37.434991038233726,3.5650089617662744,-8.695143809186035,v9_9,2025-11-24,32.38745937425869,36.2796294408629,39.33498393344004,6.947524559181353
7.44,7.431911499495129,0.008088500504871199,-0.10871640463536558,RAM,PTFRV0AE0004,Real Estate,Europe,7.48,0.005267594967491982,9.158047826700713,1.7180478267007127,23.09204068146119,v9_9,2025-11-24,6.944335359618177,8.187983701685917,24.578103492070042,17.633768132451866
78.85,59.46403258858662,19.385967411413375,-24.58588130807023,A1OS,DE0005110001,Information Technology,Europe,39.8,0.0009148797497370753,61.296481888038,17.553518111961992,-22.261912634067208,v9_9,2025-11-24,48.661284489979394,58.348942807535764,70.90366251517277,22.242378025193375
8.675,5.3074472223035984,3.3675527776964023,-38.81905219246573,GNFT,FR0004163111,Health Care,Europe,3.734,0.0013500974485666124,7.0593378884720295,1.6156621115279712,-18.624347106950676,v9_9,2025-11-24,5.701675186684935,6.735318387966576,17.532737809962626,11.831062623277692
8.1667,7.373777443088734,0.7929225569112663,-9.709216169459712,ARVEN,FR001400JWR8,Utilities,Europe,4.98,0.0,9.150256813385115,0.983556813385114,12.043503659802784,v9_9,2025-11-24,7.176957917938027,8.149476535313205,16.370179292620595,9.193221374682569
24.0,23.14532816615908,0.8546718338409214,-3.561132641003839,OKEA,NO0010816895,Energy,Europe,20.8,0.0006023599636933818,24.8904115442426,0.8904115442425997,3.710048101010832,v9_9,2025-11-24,20.113413794454946,26.538677510573095,38.4555983590201,18.342184564565155
22.0,21.15697590079067,0.8430240992093303,-3.831927723678774,BDT,DE0005232805,Industrials,Europe,17.64,0.000646728457315616,22.897199743359803,0.8971997433598027,4.078180651635466,v9_9,2025-11-24,13.362736081559543,20.13715726519845,27.90354614476122,14.540810063201675
48.0,48.37663943443149,0.37663943443148895,0.7846654883989354,TIBN,CH0527044959,Consumer Discretionary,Europe,49.0,0.0012920539040404567,50.12751392826371,2.12751392826371,4.432320683882729,v9_9,2025-11-24,44.47446900703672,45.44755171674673,61.99868317546074,17.524214168424024
85.0,73.6169679150461,11.383032084953896,-13.391802452886935,BINV,SE0015244520,Health Care,Europe,29.3,0.0011387322387660607,75.51664782338524,9.483352176614758,-11.156884913664422,v9_9,2025-11-24,38.182194894688735,64.95118834295069,69.43002175165017,31.24782685696144
30.0,21.101863467301598,8.898136532698402,-29.66045510899467,SANN,CH1276028821,Health Care,Europe,12.14,0.0011210171595551679,22.907935276256037,7.092064723743963,-23.64021574581321,v9_9,2025-11-24,16.68802389263759,31.29848947651926,55.40700530729054,38.718981414652944
4.872525,3.0520085464545543,1.8205164535454461,-37.362896107160985,SSH1V,FI0009008270,Information Technology,Europe,3.388,0.0006394533130749292,4.8725249999999996,8.881784197001252e-16,-1.8228298873789773e-14,v9_9,2025-11-24,4.886230982364376,5.5016052243352425,19.523740487700575,14.6375095053362
67.8333,77.15100813406178,9.317708134061789,13.736185817381418,VERTB,SE0012481133,Information Technology,Europe,62.2,0.00062439864225379,78.87510746008216,11.041807460082168,16.277856834448816,v9_9,2025-11-24,64.52435544555601,86.98670545967641,116.34064475919834,51.81628931364233
4.5333,3.1221709911786544,1.4111290088213453,-31.128074665725748,VERK,FI4000049812,Consumer Discretionary,Europe,3.73,0.0011007640461712562,4.91152481387648,0.3782248138764803,8.343255771214796,v9_9,2025-11-24,4.23614022021439,4.432180168280048,20.47451510160064,16.23837488138625
7.35,5.233929087516204,2.1160709124837958,-28.790080441956405,BTLS,BE0974386188,Materials,Europe,4.41,0.0005441269910738096,6.995216096028189,0.3547839039718106,-4.826991890772933,v9_9,2025-11-24,5.430067908452262,6.653100366656778,15.661755951508159,10.231688043055897
13.165,24.639103188851827,11.474103188851828,87.15611993051142,LWB,PLLWBGD00016,Energy,Europe,20.3,0.00021206699174679353,26.49433140898222,13.32933140898222,101.24824465615056,v9_9,2025-11-24,19.445194739246702,20.258005172368676,28.022221120011913,8.577026380765211
2.56275,0.7371012719319983,1.8256487280680016,-71.23787837549514,TRB,GB0030181522,Consumer Discretionary,Europe,1.83,0.0009299277881760532,2.5627500000000003,4.440892098500626e-16,1.732862003121891e-14,v9_9,2025-11-24,2.4308182033380077,2.554368469711428,4.401267727429642,1.970449524091634
1.32532,-0.4986355583030524,1.8239555583030524,-137.62378582554044,DUKE,GG00BYZSSY63,Financials,Europe,1.1152000000000002,0.0,1.3253199999999998,2.220446049250313e-16,-1.6754037132543936e-14,v9_9,2025-11-24,1.264199858036305,1.3435642574116125,2.905291073825356,1.6410912157890511
100.0,70.4444427134678,29.555557286532206,-29.555557286532206,CAM,GB0001667087,Consumer Staples,Europe,53.5,0.0006494174559284879,72.2837649334475,27.7162350665525,-27.716235066552496,v9_9,2025-11-24,54.09084349646501,70.41161029005283,84.89372261078454,30.802879114319524
31.18,18.92975860477165,12.25024139522835,-39.28877933043089,AVTX,NL0015002IE0,Industrials,Europe,6.1,2.6169217840027632e-05,20.67811403697479,10.50188596302521,-33.681481600465716,v9_9,2025-11-24,10.777987214892656,14.710258996804965,16.11944088960109,5.3414536747084345
4.872525,3.1199361545487303,1.7525888454512701,-35.96880150335339,SFPI,FR0004155000,Information Technology,Europe,3.388,0.0003761199726461566,4.872525,0.0,0.0,v9_9,2025-11-24,4.774971578303361,4.803107604170264,16.634624551056014,11.859652972752652
25.0,16.90201274501112,8.09798725498888,-32.39194901995552,KLDVK,NO0010884794,Consumer Staples,Europe,10.7,0.0006200197987418984,18.646520084205367,6.353479915794633,-25.41391966317853,v9_9,2025-11-24,16.090843384224744,20.235307216103607,22.266914114282056,6.176070730057312
14.0,11.185833795073078,2.814166204926922,-20.101187178049443,FTON,CH0009320091,Consumer Discretionary,Europe,9.42,0.0006667581364639451,12.960562314653062,1.0394376853469378,-7.42455489533527,v9_9,2025-11-24,12.155106791377367,14.156483298271182,17.608497308732503,5.453390517355135
128.8604,110.11181065912288,18.748589340877118,-14.549535265199484,NOAP,NO0012928805,Consumer Staples,Europe,82.2,0.000513066480161741,112.04690915710695,16.813490842893046,-13.047833813097775,v9_9,2025-11-24,91.92393096668509,103.0825784244189,107.44319933435567,15.519268367670577
16.0,12.31211424655921,3.6878857534407903,-23.04928595900494,ADOC,FR0011184241,Health Care,Europe,7.78,0.00046903277369545523,14.081121718525168,1.9188782814748322,-11.992989259217701,v9_9,2025-11-24,10.30719206589291,15.075412581525896,20.726318026451732,10.419125960558823
3.1206650000000002,1.3090843422896499,1.8115806577103504,-58.051109545893276,SDY,GB0000163088,Industrials,Europe,2.4457,0.0,3.1206650000000007,4.440892098500626e-16,1.423059539713691e-14,v9_9,2025-11-24,-1.2389415227224343,2.9689073158280834,3.2217356256743166,4.460677148396751
3.5,2.197253288686568,1.3027467113134321,-37.2213346089552,TNOM,FI4000153580,Industrials,Europe,2.98,0.0,3.988796222088719,0.4887962220887192,13.965606345391976,v9_9,2025-11-24,2.7107247159996923,3.297554662139503,3.8430351807545455,1.1323104647548532
3.1206650000000002,1.354544065278576,1.7661209347214242,-56.594377631736315,ECEL,GB00BVV2KN49,Industrials,Europe,2.4457,0.0,3.1369520850149972,0.016287085014996983,0.5219107150237844,v9_9,2025-11-24,0.08828722715318761,3.103068788373837,3.2380313522787665,3.149744125125579
89.414,101.5694395850571,12.155439585057096,13.594559671927323,TEN,PLTSQGM00016,Communication Services,Europe,88.1,0.00019719777039215033,103.47828823298059,14.064288232980587,15.729402814973703,v9_9,2025-11-24,89.28548277232646,95.86685265709436,135.8428841700898,46.55740139776334
78.3333,82.33590453011892,4.00260453011893,5.109710085134841,SPOG,NO0006222009,Financials,Europe,70.6,0.0,84.16022837772165,5.826928377721657,7.438635136936217,v9_9,2025-11-24,75.40392974518798,75.53832368433604,89.26531703566204,13.861387290474056
1318.5,1468.7153326187092,150.21533261870923,11.392895913440213,DUNAHOUSE,HU0000177613,Real Estate,Europe,1375.0,0.0013628320996422394,1474.7706838359236,156.2706838359236,11.852156529080288,v9_9,2025-11-24,1199.1001615582916,1358.4565793166103,1948.6761175970287,749.5759560387371
26.0,6.138834080845354,19.861165919154647,-76.38909968905634,NVM,LU2356314745,Consumer Discretionary,Europe,2.84,6.269515351853576e-05,7.93095,18.06905,-69.49634615384616,v9_9,2025-11-24,7.713993226010519,14.49321131979079,41.738554564511055,34.02456133850053
8.54,5.508566002109051,3.0314339978909484,-35.49688522120549,FUM,IT0005335754,Materials,Europe,3.69,0.0,7.27059437077472,1.2694056292252789,-14.864234534253853,v9_9,2025-11-24,6.00803008998549,7.248095981107183,13.335771673192063,7.327741583206573
11.8,10.638053042308327,1.1619469576916739,-9.847008116031134,PHN,PLPHN0000014,Real Estate,Europe,9.98,0.0012631734451894238,12.417710704668716,0.6177107046687151,5.234836480243348,v9_9,2025-11-24,9.111010330627833,10.692082697808562,14.963398526991746,5.852388196363913
20.35,17.151526511605795,3.1984734883942068,-15.71731443928357,SWA,DE0007229007,Consumer Staples,Europe,15.2,0.0,18.90969273183182,1.4403072681681799,-7.0776769934554284,v9_9,2025-11-24,15.193668773549913,15.416116895485658,19.806537559988982,4.612868786439069
2.56275,0.7885158019609708,1.774234198039029,-69.23165342070156,MOTR,GB00BD0SFR60,Consumer Discretionary,Europe,1.83,4.645889114236398e-06,2.5784677985085045,0.015717798508504632,0.6133176669009709,v9_9,2025-11-24,2.4355762791911926,2.5022514105809655,18.14418169468637,15.708605415495178
33.6667,31.628865565240645,2.037834434759354,-6.052967575554937,GENO,SE0002485979,Health Care,Europe,20.0,1.3129999885719973e-05,33.48427013244836,0.18242986755164026,-0.5418703572124391,v9_9,2025-11-24,26.728837859080713,34.74886019449371,63.567145198068296,36.83830733898758
116.0,109.1232230665142,6.8767769334858,-5.928255977142931,DAT,PLPILAB00012,Information Technology,Europe,88.05,0.0,110.87812070852162,5.121879291478379,-4.4154131823089475,v9_9,2025-11-24,77.41193623627031,98.49979414482092,117.71426027293542,40.30232403666511
13.4333,11.355620242819477,2.0776797571805226,-15.466637067440784,BST,DE000A1X3YY0,Communication Services,Europe,8.74,0.0,13.080038461251716,0.35326153874828314,-2.6297450272701655,v9_9,2025-11-24,10.339086205777804,12.27524145082618,18.24265668676435,7.903570480986545
5.605,4.028761506291133,1.5762384937088676,-28.122007024243846,ANP,GB00B3NWT178,Consumer Staples,Europe,4.9,0.0,5.769296853035155,0.16429685303515473,2.931255183499638,v9_9,2025-11-24,5.583059854232511,5.717917172090565,18.125927353593376,12.542867499360865
3.1206650000000002,1.3344124359120606,1.7862525640879396,-57.239484663939876,AMCO,GB00BMBWCV32,Industrials,Europe,2.4457,0.0,3.1206650000000007,4.440892098500626e-16,1.423059539713691e-14,v9_9,2025-11-24,2.609129819449163,2.668767162065995,3.143522853870851,0.5343930344216878
133.0,127.22299623068997,5.777003769310028,-4.343611856624081,BCX,PLBCLTX00019,Health Care,Europe,90.9,0.0,129.49558514736654,3.5044148526334595,-2.6348983854386914,v9_9,2025-11-24,109.99390891725369,128.55838242600754,135.76611196835717,25.772203051103475
38.0,38.544947619408305,0.5449476194083047,1.4340726826534334,CRADB,SE0002016352,Health Care,Europe,34.55,0.0,40.474344517034346,2.4743445170343463,6.51143293956407,v9_9,2025-11-24,33.88460292955194,43.180683202103936,75.11293344857734,41.2283305190254
3.2188250000000003,1.2912512224865211,1.9275737775134791,-59.88439189808328,CO,FR001400OKR3,Consumer Staples,Europe,2.7855,0.0,3.218825,4.440892098500626e-16,-1.3796624850685035e-14,v9_9,2025-11-24,2.8314554983043005,3.022466944740994,7.510378068506737,4.678922570202436
16.0139,10.229517430895834,5.7843825691041655,-36.121010928656766,NORSE,NO0012885252,Industrials,Europe,6.86,0.0,12.0,4.0139,-25.06509969464028,v9_9,2025-11-24,8.818168071249277,11.609659940526418,12.450719844146372,3.632551772897095
1.00489,-0.7713376507969305,1.7762276507969306,-176.7584164233827,PHAR,GB00B572ZV91,Energy,Europe,0.9302250000000001,0.0,1.0258274458485062,0.020937445848506098,2.083555996030023,v9_9,2025-11-24,0.9520878617417999,1.3435642574116125,2.2687063952969435,1.3166185335551437
17.0,12.828203393507462,4.1717966064925385,-24.539980038191402,NKR,NO0003049405,Industrials,Europe,11.2,0.0,14.546202758214651,2.453797241785349,-14.434101422266757,v9_9,2025-11-24,12.566660066687062,14.053175987866569,16.212713593953357,3.646053527266295
3.5255,5.653850299140843,2.128350299140843,60.370168746017384,PRS,NO0010861990,Energy,Europe,3.11,0.0,7.450361233643964,3.9248612336439637,111.32778992040741,v9_9,2025-11-24,3.681183236351385,7.344988270282806,21.272134763950554,17.59095152759917
6.63,3.729069383348092,2.900930616651908,-43.75460960259288,CLAV,SE0005308558,Information Technology,Europe,3.388,0.0,5.4869501334779915,1.1430498665220084,-17.24057113909515,v9_9,2025-11-24,2.3580505453949345,5.241464724565514,6.105730698017079,3.7476801526221446
8.6667,7.234107731896803,1.432592268103198,-16.52984720947071,SEFER,FR0011950682,Materials,Europe,7.7,0.0,8.992517796197008,0.3258177961970077,3.7594216506514324,v9_9,2025-11-24,7.940800956023926,8.51820382318395,9.640520322159638,1.699719366135712
14.0,11.328170734182784,2.671829265817216,-19.08449475583726,APETIT,FI0009003503,Consumer Staples,Europe,14.05,0.0,13.093698585469221,0.9063014145307786,-6.473581532362704,v9_9,2025-11-24,9.380827102986434,14.291680392786812,21.37558286904792,11.994755766061488
3.1206650000000002,1.4337942229409268,1.6868707770590734,-54.05484975346836,NTI,NO0010969108,Industrials,Europe,2.4457,0.0,3.2253215638842954,0.10465656388429512,3.3536622445631012,v9_9,2025-11-24,2.9009026592055345,3.1000022540358514,16.781351596508216,13.880448937302681
1.00489,-0.6450726849979276,1.6499626849979276,-164.1933629549431,TLW,GB0001500809,Energy,Europe,0.9302250000000001,0.0,1.183573236087954,0.178683236087954,17.78137269631044,v9_9,2025-11-24,0.3843487946156877,0.5864922509626094,1.3435642574116125,0.9592154627959247
4.880000000000001,1.5618625223082367,3.318137477691764,-67.99462044450335,AB,FR0010557264,Health Care,Europe,3.392,0.0,4.88,8.881784197001252e-16,-1.8200377452871416e-14,v9_9,2025-11-24,-1.0101806977085295,4.103860060487367,4.13636975623762,5.1465504539461495
21.0,16.753742145039556,4.246257854960444,-20.22027549981164,CTEK,SE0016798763,Industrials,Europe,12.6,0.0,18.504058472529945,2.4959415274700554,-11.885435845095502,v9_9,2025-11-24,16.1030876389193,17.262831264421045,18.878031809458616,2.7749441705393174
2.4016,0.705521420199541,1.6960785798004592,-70.62285891907308,KOD,GB00BH3X7Y70,Materials,Europe,1.96,0.0,2.486274491794976,0.08467449179497599,3.525753322575616,v9_9,2025-11-24,1.4512933734671931,2.4694638638689117,2.588374536384364,1.1370811629171709
5.0,3.1242965568870886,1.8757034431129114,-37.51406886225823,ALCAT,FR0010193052,Consumer Discretionary,Europe,2.68,0.0,4.91361045944409,0.08638954055590986,-1.7277908111181972,v9_9,2025-11-24,4.707929988990437,4.988004353360578,16.50667414533066,11.798744156340224
2.3464,0.6526324486501802,1.6937675513498198,-72.18579744927634,WJG,GB00BD6RF223,Real Estate,Europe,2.4579000000000004,0.0,2.447668562304031,0.10126856230403103,4.315912133652874,v9_9,2025-11-24,1.9037537518933703,2.797215111995758,3.340478815942359,1.4367250640489888
4.872525,3.375142637057589,1.4973823629424112,-30.731137612273123,TEM1V,FI4000570890,Information Technology,Europe,4.505,0.0,5.129410256828937,0.25688525682893637,5.272117779363602,v9_9,2025-11-24,4.510933864882261,5.095039041604414,17.028365602421886,12.517431737539624
6.87,4.811292609954175,2.058707390045825,-29.96662867606732,LDB,IT0005469272,Industrials,Europe,7.6,0.0,6.595839229672908,0.2741607703270921,-3.9906953468281237,v9_9,2025-11-24,5.474168534672832,6.586487145940053,20.117102694370825,14.642934159697994
11.8,7.216972934353947,4.583027065646053,-38.83921242072926,STAR7,IT0005466195,Industrials,Europe,8.0,0.0,8.979065228893651,2.8209347711063497,-23.906226873782625,v9_9,2025-11-24,8.442871682932125,9.683615386684826,19.381712219910202,10.938840536978077
4.3,2.4524423571720515,1.8475576428279483,-42.966456809952284,PYT,AT0000A00XX9,Consumer Discretionary,Europe,3.2,0.0,4.228157988162819,0.0718420118371812,-1.6707444613297953,v9_9,2025-11-24,4.020176031635684,4.492278034186386,16.31321131907646,12.293035287440775
146.0,138.24633451364994,7.753665486350059,-5.310729785171273,BIEN,NO0012706763,Financials,Europe,146.0,0.0,140.2868920969387,5.713107903061314,-3.913087604836516,v9_9,2025-11-24,124.94518840245594,138.0447265131675,140.91472424293184,15.9695358404759
60.0,58.00586678965236,1.9941332103476412,-3.3235553505794018,MIKO,BE0003731453,Consumer Staples,Europe,55.8,0.0,59.68169053331213,0.31830946668787163,-0.5305157778131193,v9_9,2025-11-24,52.63293485102804,65.15156083933172,88.3846318444586,35.751696993430556
105.8,75.52773530585264,30.272264694147353,-28.61272655401451,CTX,PLCPTRT00014,Health Care,Europe,51.2,0.0,77.32994984620753,28.47005015379247,-26.909310164265094,v9_9,2025-11-24,60.14841991932893,67.42862645226515,109.67824019166618,49.52982027233725
4.872525,3.210735036245036,1.6617899637549645,-34.10531426221444,FACE,ES0105029005,Information Technology,Europe,3.388,0.0,4.971557456930091,0.09903245693009044,2.032466881752078,v9_9,2025-11-24,4.978134830481954,5.0992168683978445,17.166584525886222,12.188449695404268
1756.4943,1530.6258227926971,225.86847720730293,-12.859049824830226,2330,TW0002330008,Information Technology,Asia / Pacific,1385.0,0.9999999999999999,1538.9319253595813,217.56237464041874,-12.386170262005331,v9_9,2025-11-24,1206.137826765339,1489.0654598089016,1970.8097258626372,764.6718990972981
28.0698,26.3643011133945,1.7054988866055005,-6.0759210489761255,2628,CNE1000002L3,Financials,Asia / Pacific,25.88,1.0,28.18510218486133,0.11530218486132782,0.4107695276109121,v9_9,2025-11-24,28.482867953146993,28.69551324257459,47.435549755602295,18.952681802455302
3916.1609249999983,3915.5958612849977,0.5650637150006332,-0.014429021835986822,9983,JP3802300008,Consumer Discretionary,Asia / Pacific,3513.94999999999,1.0,3916.160924999998,4.547473508864641e-13,-1.1612070075656157e-14,v9_9,2025-11-24,1204.5176372545416,3931.111701148951,3975.8093500546215,2771.29171280008
1074.175,1052.736011211862,21.438988788137976,-1.9958562420590666,SBIN,INE062A01020,Financials,Asia / Pacific,972.6,1.0,1054.9528360087315,19.222163991268417,-1.789481601346933,v9_9,2025-11-24,790.0624049487077,1149.4654612132279,1159.3197260156219,369.2573210669142
300.0556,276.16936291297,23.886237087030054,-7.960603663797661,2317,TW0002317005,Information Technology,Asia / Pacific,225.0,0.9999999999999999,279.17325052142456,20.882349478575463,-6.95949333342736,v9_9,2025-11-24,246.14491958184513,288.01898223057134,368.30905098741977,122.16413140557464
3686.972025,3726.788896250497,39.816871250497115,1.079934183945893,7974,JP3756600007,Communication Services,Asia / Pacific,3671.5,0.9999999999999999,3686.9720250000014,1.3642420526593924e-12,3.700169253818497e-14,v9_9,2025-11-24,1209.3001740045415,3690.7654916223346,3879.011726604877,2669.7115526003354
4.76,3.4858978631763957,1.274102136823604,-26.766851613941263,386,CNE1000002Q2,Energy,Asia / Pacific,4.43,0.9999999999999999,5.273625810842913,0.513625810842913,10.790458210985568,v9_9,2025-11-24,3.3788063211581276,4.728896448213066,53.77408299791638,50.39527667675825
4976.34025,4953.070687506504,23.26956249349587,-0.467603928278334,6857,JP3122400009,Information Technology,Asia / Pacific,4452.5,0.9999999999999999,4967.704983985969,8.635266014031004,-0.17352643871228465,v9_9,2025-11-24,1204.5176372545416,4977.40010689136,5350.753769036238,4146.236131781696
7.2631,5.214602759214527,2.0484972407854727,-28.204172333927286,728,CNE1000002V2,Communication Services,Asia / Pacific,5.85,0.9999999999999999,6.968299268088825,0.29480073191117473,-4.058883010163356,v9_9,2025-11-24,5.002632882438765,7.251718833970703,68.08004049219943,63.07740760976066
4976.34025,4967.548236830013,8.792013169987513,-0.1766762867548599,6861,JP3236200006,Information Technology,Asia / Pacific,4452.5,0.9999999999999999,4976.340249999999,9.094947017729282e-13,-1.8276376937307054e-14,v9_9,2025-11-24,1207.5989422545417,4958.345032990021,5319.514097670825,4111.915155416284
255.5,267.93412230366624,12.434122303666243,4.866584071885026,688041,CNE100005PT2,Information Technology,Asia / Pacific,206.3,0.8292236087224418,270.6427374991366,15.142737499136615,5.926707436061298,v9_9,2025-11-24,229.32443893754217,327.8026882767255,423.47276332567696,194.1483243881348
19.1006,17.886322897063533,1.2142771029364674,-6.357272038242083,O39,SG1S04926220,Financials,Asia / Pacific,18.07,0.7342399135318427,19.649803049373038,0.5492030493730375,2.875318311325495,v9_9,2025-11-24,19.178568151099444,21.01062596840463,54.57435358165385,35.39578543055441
81.33,91.66745280930725,10.337452809307251,12.710503884553365,WES,AU000000WES1,Consumer Discretionary,Asia / Pacific,80.03,1.0,93.64949081167254,12.319490811672537,15.147535733029063,v9_9,2025-11-24,90.62502406135575,93.78812790306074,120.70089621447244,30.07587215311669
492.8333,477.8503094936491,14.982990506350916,-3.040174133190861,ITC,INE154A01025,Consumer Staples,Asia / Pacific,407.85,1.0,480.2529759454501,12.58032405454992,-2.552653007528087,v9_9,2025-11-24,461.84820771309154,516.9944421640105,642.2808038089865,180.432596095895
3916.1609249999983,3904.7926247110713,11.368300288927003,-0.2902919595656557,MARUTI,INE585B01010,Consumer Discretionary,Asia / Pacific,3513.94999999999,1.0,3916.160924999998,4.547473508864641e-13,-1.1612070075656157e-14,v9_9,2025-11-24,1206.2188690045416,3868.4938149848863,3911.7716346595635,2705.552765655022
66.552,67.11958276011774,0.5675827601177303,0.8528410267425927,002475,CNE100000TP3,Information Technology,Asia / Pacific,52.85,0.6653399429508184,68.92639709191047,2.374397091910467,3.5677321371415833,v9_9,2025-11-24,52.1376690409554,59.88714638030834,110.92458846805349,58.786919427098084
4976.34025,4924.290037172346,52.05021282765392,-1.0459536569601309,6701,JP3733000008,Information Technology,Asia / Pacific,4452.5,0.6371211964860053,4932.008321044742,44.33192895525826,-0.8908540559552427,v9_9,2025-11-24,1202.6601670045416,4894.920171462492,5288.85580943935,4086.1956424348086
1646.4318,1700.7552631237081,54.32346312370805,3.2994663443519525,HCLTECH,INE860A01027,Information Technology,Asia / Pacific,1608.0,0.5973847630504329,1710.761459716677,64.32965971667704,3.907216789464164,v9_9,2025-11-24,1204.3613987545416,1604.4596070701843,1835.563944698953,631.2025459444114
1948.9737,2024.458743245218,75.4850432452181,3.873066283306855,SUNPHARMA,INE044A01036,Health Care,Asia / Pacific,1779.7,0.8253715225516608,2030.121654001222,81.14795400122193,4.163624886329761,v9_9,2025-11-24,1206.0014548853358,1866.5912999147524,1898.8557296986673,692.8542748133316
43.8144,39.51418859029414,4.3002114097058595,-9.81460754844494,601601,CNE1000008M8,Financials,Asia / Pacific,34.63,0.5254425645915201,41.324149646077196,2.4902503539228036,-5.6836344989839045,v9_9,2025-11-24,42.48004152641407,43.83159417739163,77.7778724776947,35.29783095128063
36.6375,35.359017095753316,1.2784829042466868,-3.4895473333242895,002415,CNE100000PM8,Information Technology,Asia / Pacific,29.82,0.47269938793199684,37.11593418806834,0.47843418806833427,1.30585926460139,v9_9,2025-11-24,34.62865931755392,36.76327947072491,43.40935689565904,8.78069757810512
108.5,143.84802935325195,35.348029353251945,32.5788288970064,11,HK0011000095,Financials,Asia / Pacific,151.4,0.4297697852677949,145.9154056115401,37.41540561154011,34.484244803262776,v9_9,2025-11-24,127.26969988777296,136.1496727955896,137.71287263308284,10.44317274530988
45.355,40.42863475969952,4.926365240300477,-10.861790850623915,600150,CNE000000W05,Industrials,Asia / Pacific,34.26,0.7918801589333605,42.19858818440255,3.156411815597444,-6.959346964165901,v9_9,2025-11-24,41.191227328864194,43.413353750067984,78.02959072033106,36.838363391466864
361.3777,301.47446417436686,59.903235825633146,-16.576350955145585,9992,KYG7170M1033,Consumer Discretionary,Asia / Pacific,199.3,0.6597569374057418,304.5307243274211,56.84697567257888,-15.730626342626808,v9_9,2025-11-24,246.54071290843504,307.7758200289289,430.79670882864434,184.2559959202093
6981.214255000021,6978.277016294989,2.937238705031632,-0.04207346455422063,A329180,KR7329180004,Industrials,Asia / Pacific,6330.799999999976,0.7311269926115512,6981.21425500002,9.094947017729282e-13,-1.3027743721252192e-14,v9_9,2025-11-24,1204.3613987545416,7085.619165117586,7189.087050904833,5984.725652150291
350.0556,324.1238384896139,25.93176151038614,-7.407897919755073,2382,TW0002382009,Information Technology,Asia / Pacific,270.0,0.4073111528055566,326.8973324951423,23.158267504857747,-6.61559692370519,v9_9,2025-11-24,282.79790131369714,311.41824788856894,421.22401762272125,138.4261163090241
2294.2857,2262.579396076344,31.706303923655923,-1.3819684237083432,3382,JP3422950000,Consumer Staples,Asia / Pacific,2144.0,0.6340745478749117,2261.7401284702783,32.545571529721656,-1.4185492037770908,v9_9,2025-11-24,1202.6601670045416,2213.655412568147,2456.6182456404817,1253.9580786359402
2656.0858899999994,2854.0830101374713,197.99712013747194,7.454469785142076,VIC,VN000000VIC9,Real Estate,Asia / Pacific,2835.3749999999986,1.0,2656.0858899999994,0.0,0.0,v9_9,2025-11-24,1202.6304715237393,2752.86662217213,2889.705977245956,1687.0755057222168
4238.3333,4461.149727802048,222.81642780204766,5.257170968645803,8015,JP3635000007,Industrials,Asia / Pacific,4726.0,0.6959836853243037,4471.019667930668,232.68636793066798,5.490044115470296,v9_9,2025-11-24,1202.1917710833263,4491.706679267362,4831.22214884047,3629.030377757144
6.945,5.0277129815016615,1.9172870184983388,-27.606724528413807,601668,CNE100000F46,Industrials,Asia / Pacific,5.25,0.665663367078537,6.801148441681123,0.14385155831887708,-2.0712967360529455,v9_9,2025-11-24,4.741916316887684,6.785657787405031,48.776874199776955,44.03495788288927
6981.214255000021,6978.752277625974,2.46197737404691,-0.035265747248533666,A012450,KR7012450003,Industrials,Asia / Pacific,6330.799999999976,0.6631008456803208,6981.21425500002,9.094947017729282e-13,-1.3027743721252192e-14,v9_9,2025-11-24,1204.3613987545416,6959.033401893158,7171.999259125209,5967.637860370668
4227.5,4291.665326359848,64.16532635984822,1.517807838198657,8591,JP3200450009,Financials,Asia / Pacific,4077.0,0.3419289571046015,4307.169700051675,79.66970005167514,1.884558250778832,v9_9,2025-11-24,1200.984299291336,4317.5354130421765,4737.661353948093,3536.6770546567573
341.8421,329.1487172164383,12.69338278356173,-3.7132298167960385,ADVANC,TH0268010Z03,Communication Services,Asia / Pacific,312.0,0.40422220249023083,331.1929796638244,10.6491203361756,-3.1152161586228257,v9_9,2025-11-24,308.07519019998614,318.55538719082307,403.9755138856838,95.90032368569769
3873.3333,3946.879201986631,73.54590198663118,1.8987754548938813,9020,JP3783600004,Industrials,Asia / Pacific,3962.0,0.6233471056976692,3956.869207075179,83.53590707517924,2.1566929723083534,v9_9,2025-11-24,1202.4565068545417,3790.8162932395744,4280.1481438078345,3077.691636953293
34.7354,31.60222170821409,3.13317829178591,-9.020130160544891,002142,CNE1000005P7,Financials,Asia / Pacific,28.8,0.31497234981753,33.363940286326184,1.371459713673815,-3.9483055144717345,v9_9,2025-11-24,29.968496884437,36.95233957032561,42.86840347145317,12.899906587016172
13.3554,12.011499061605232,1.3439009383947678,-10.062603429285291,788,CNE100006V65,Communication Services,Asia / Pacific,11.76,0.3726592117564338,13.737164508150718,0.3817645081507184,2.8585029886841156,v9_9,2025-11-24,11.875448300610216,13.17983224466821,39.09921099346858,27.223762692858365
1611.4286,1678.7775355607832,67.34893556078327,4.179455146866778,6178,JP3752900005,Financials,Asia / Pacific,1450.0,0.3105625743459665,1688.5927023083664,77.16410230836641,4.788552363310817,v9_9,2025-11-24,1200.5933141395417,1558.1381526764537,1716.660395259806,516.0670811202642
2285.9258449999948,2281.215354734651,4.710490265343651,-0.20606487632339018,KMGZ,KZ1C00001122,Energy,Asia / Pacific,2240.4999999999955,0.4378278944228056,2285.9258449999948,0.0,0.0,v9_9,2025-11-24,1202.4427528853357,2286.4722165272046,2855.881070369728,1653.4383174843924
26.1812,23.895031499349727,2.286168500650273,-8.732099753450083,600031,CNE000001F70,Industrials,Asia / Pacific,20.26,0.5628409346758421,25.684093726076426,0.4971062739235741,-1.8987146269978998,v9_9,2025-11-24,25.882618454999868,25.930446395407557,49.1963826868945,23.313764231894634
4172.3077,3818.687346119875,353.6203538801251,-8.475414070734166,4901,JP3814000000,Information Technology,Asia / Pacific,3306.0,0.31260234206871346,3826.185437821808,346.12226217819216,-8.295703171129784,v9_9,2025-11-24,1200.3834575455417,3758.1187087166963,4254.490269359393,3054.1068118138514
3.09509,1.5606522662603282,1.5344377337396717,-49.57651421250018,1816,CNE100001T80,Utilities,Asia / Pacific,2.98,0.5150339562383869,3.3406648733514475,0.24557487335144756,7.934337074251398,v9_9,2025-11-24,1.1213766844829407,2.9683244956151578,56.3434018604848,55.222025176001864
4976.34025,4888.521688139228,87.8185618607722,-1.7647218125965602,7751,JP3242800005,Information Technology,Asia / Pacific,4452.5,0.3090602988617466,4899.2913334148225,77.04891658517772,-1.5483048327569184,v9_9,2025-11-24,1200.3834575455417,4897.726395420937,5298.188413342161,4097.804955796619
27.6236,23.326345949580045,4.297254050419955,-15.556459152391271,601688,CNE100000LQ8,Financials,Asia / Pacific,20.64,0.29383272899032303,25.123899243263782,2.4997007567362175,-9.049149121534548,v9_9,2025-11-24,24.4210413416085,26.753651566108694,33.75475539844684,9.333714056838339
6981.214255000021,6975.305984764399,5.908270235621785,-0.08463098280346028,A042660,KR7042660001,Industrials,Asia / Pacific,6330.799999999976,0.5437200764974723,6981.21425500002,9.094947017729282e-13,-1.3027743721252192e-14,v9_9,2025-11-24,1204.3613987545416,7106.570340978458,7194.398417323477,5990.037018568935
20.3246,19.03334127988425,1.2912587201157493,-6.353181465395378,600104,CNE000000TY6,Consumer Discretionary,Asia / Pacific,14.7,0.4576192693481295,20.833403846539216,0.508803846539216,2.503389225565157,v9_9,2025-11-24,19.81544495188267,21.83074432296503,42.16171375726993,22.346268805387258
4976.34025,4946.611052388793,29.729197611207383,-0.5974108705932514,4307,JP3762800005,Information Technology,Asia / Pacific,4452.5,0.28766798182173176,4959.693093537247,16.647156462753628,-0.33452608998658456,v9_9,2025-11-24,1200.5933141395417,5234.592755050558,5258.40490924254,4057.8115951029986
2505.1999999999975,2497.694395849827,7.505604150170711,-0.2996009959352834,4543,JP3546800008,Health Care,Asia / Pacific,2285.6799999999853,0.4006026531005749,2505.1999999999975,0.0,0.0,v9_9,2025-11-24,1201.1941558853357,2470.093557431704,3085.9326294068715,1884.7384735215358
75.48,72.5684204551435,2.911579544856508,-3.857418580890975,600760,CNE000000MH6,Industrials,Asia / Pacific,57.9,0.5027677731763638,74.40708671336766,1.0729132866323425,-1.4214537448759175,v9_9,2025-11-24,61.004643597372905,64.13230091081931,113.15402754299944,52.14938394562654
1458.0,1607.2941376746512,149.2941376746512,10.2396527897566,8308,JP3500610005,Financials,Asia / Pacific,1560.0,0.2665790108551943,1615.5162710563177,157.5162710563177,10.803585120460747,v9_9,2025-11-24,1200.5933141395417,1551.9044946494705,1787.5012446002484,586.9079304607067
4340.9091,4045.985243872565,294.92385612743465,-6.794057404414082,2802,JP3119600009,Consumer Staples,Asia / Pacific,3638.0,0.43340478607977617,4056.2683279808953,284.6407720191046,-6.55716960346174,v9_9,2025-11-24,1202.6601670045416,4428.558947202562,4470.444117938909,3267.783950934367
3916.1609249999983,3901.755436592521,14.40548840747715,-0.36784720248637787,505200,INE066A01021,Consumer Discretionary,Asia / Pacific,3513.94999999999,0.42277412701040784,3913.728729844285,2.4321951557130888,-0.06210661927058296,v9_9,2025-11-24,1206.8680437545418,3902.671370965434,4059.433197808758,2852.5651540542162
557.1539,562.1630832009685,5.009183200968437,0.899066344320382,VEDL,INE205A01025,Materials,Asia / Pacific,496.4,0.5729120827948325,565.4962671492389,8.34236714923884,1.49731827224737,v9_9,2025-11-24,460.1175427776714,659.8628952142539,698.4593329162686,238.34179013859722
2656.0858899999994,2778.0103424480794,121.92445244808005,4.5903806389363435,8830,JP3409000001,Real Estate,Asia / Pacific,2835.3749999999986,1.0,2656.0858899999994,0.0,0.0,v9_9,2025-11-24,1202.4130574045334,2784.9103248035085,3164.9293572794422,1962.5162998749088
343.0,331.50580679722776,11.494193202772237,-3.35107673550211,JIOFIN,INE758E01017,Financials,Asia / Pacific,303.55,0.2528430647443361,333.95988673864184,9.040113261358158,-2.635601533923661,v9_9,2025-11-24,325.5389939887603,347.4017375857269,385.00970258358154,59.47070859482125
2266.1999999999953,3430.517474328978,1164.3174743289828,51.37752512262753,A015760,KR7015760002,Utilities,Asia / Pacific,2157.499999999995,0.42467094309050196,2266.1999999999957,4.547473508864641e-13,2.0066514468558162e-14,v9_9,2025-11-24,1202.4427528853357,2542.290842357122,3949.1728607494288,2746.730107864093
22.0325,19.170903303142985,2.8615966968570135,-12.988070790228134,2338,CNE1000004L9,Industrials,Asia / Pacific,18.4,0.438435149212362,20.932579018022285,1.0999209819777143,-4.992265888926424,v9_9,2025-11-24,18.520856853889622,19.806869259839836,45.42805563182743,26.907198777937804
115.8062,112.45782910638901,3.3483708936109906,-2.8913571929749793,669,HK0669013440,Industrials,Asia / Pacific,85.5,0.43728506363704545,114.29097068600979,1.5152293139902184,-1.308418127863809,v9_9,2025-11-24,95.38684418343021,104.17388078815844,121.52562217438319,26.138777990952974
4.9188,2.7379667575910123,2.180833242408988,-44.336692738248914,000725,CNE0000016L5,Information Technology,Asia / Pacific,3.83,0.24524490663929183,4.8725249999999996,0.04627500000000051,-0.9407782385947895,v9_9,2025-11-24,4.026250937525988,4.028202438970157,26.146019413882495,22.11976847635651
4738.0,4677.307962727837,60.69203727216336,-1.2809632180701427,8309,JP3892100003,Financials,Asia / Pacific,4386.0,0.23155209899852225,4688.831949020824,49.16805097917586,-1.0377385179226648,v9_9,2025-11-24,1201.0096767395416,4735.9876958250115,4793.915424582162,3592.9057478426203
1605.33,3270.0312792924124,1664.7012792924124,103.69838471170492,BRPT,ID1000085707,Materials,Asia / Pacific,3490.0,0.517476243479616,3271.504689760706,1666.1746897607059,103.79016711583948,v9_9,2025-11-24,1173.4542796672706,3833.8097497282006,3833.8332896527204,2660.3790099854496
519.5968,484.65505022041725,34.94174977958278,-6.724781557465861,2097,CNE100006T36,Consumer Discretionary,Asia / Pacific,397.8,0.37523957131085783,488.89740849730515,30.69939150269488,-5.90831034808045,v9_9,2025-11-24,420.5280098145611,464.63490667011985,705.2839179524673,284.7559081379062
23.4467,24.77567418419135,1.328974184191349,5.66806494812212,000792,CNE000000SW2,Materials,Asia / Pacific,26.04,0.5128256789511985,26.566017579339327,3.1193175793393273,13.303866127597178,v9_9,2025-11-24,25.148319987260294,26.367282533721916,89.62772119286825,64.47940120560796
8.2868,6.738558373292271,1.5482416267077284,-18.68322665815186,CIMB,MYL1023OO000,Financials,Asia / Pacific,7.46,0.22746376826388998,8.494160119453602,0.2073601194536021,2.502294244504539,v9_9,2025-11-24,8.811417683491586,8.918502014989176,48.57095075942811,39.759533075936524
329.4067,327.44088364574134,1.9658163542586635,-0.5967748543847662,605499,CNE100005576,Consumer Staples,Asia / Pacific,259.96,0.3650788286089607,330.52089703230234,1.114197032302343,0.33824358530119236,v9_9,2025-11-24,296.258202647659,320.72396068854204,396.6848145703459,100.4266119226869
2505.1999999999975,2501.5345237283304,3.665476271667103,-0.14631471625686998,DIVISLAB,INE361B01024,Health Care,Asia / Pacific,2285.6799999999853,0.32558571870059005,2505.1999999999975,0.0,0.0,v9_9,2025-11-24,1205.6194467545415,2498.2772611450523,2805.5928805424687,1599.9734337879272
16.4,14.900511960426886,1.4994880395731123,-9.143219753494588,002736,CNE100001WS9,Financials,Asia / Pacific,13.0,0.21970754891361,16.64675452469894,0.2467545246989431,1.5046007603594094,v9_9,2025-11-24,15.802717429817713,15.88907205483306,33.368595525262826,17.565878095445115
61.4,57.86111461901352,3.5388853809864784,-5.763656972290682,GULF,THC903010005,Utilities,Asia / Pacific,40.5,0.3763682739136097,59.56589238589111,1.8341076141088877,-2.987145951317407,v9_9,2025-11-24,49.5114921575572,55.7710339193111,73.00652357830263,23.495031420745434
873.4412,825.6005094252007,47.84069057479928,-5.477265163905628,HDFCLIFE,INE795G01014,Financials,Asia / Pacific,764.0,0.21565874591066092,828.4799231365464,44.96127686345358,-5.147602021000793,v9_9,2025-11-24,728.4659372810107,927.7666961693049,939.7131482173954,211.2472109363847
7.268,6.2900849862521815,0.9779150137478183,-13.455077239238006,3,HK0003000038,Utilities,Asia / Pacific,7.18,0.3463583602491902,8.075243948839656,0.8072439488396563,11.106823731971057,v9_9,2025-11-24,7.567998544576997,8.03700987383549,44.32439268107981,36.75639413650281
210.72,232.10817108386257,21.388171083862574,10.15004322506766,603986,CNE1000030S9,Information Technology,Asia / Pacific,182.51,0.20964443551447437,234.4746784130849,23.75467841308489,11.273100993301485,v9_9,2025-11-24,200.2943623931708,224.24261550979304,249.74921250754122,49.45485011437043
246.0219,263.53390769436214,17.512007694362154,7.118068633061592,REA,AU000000REA9,Communication Services,Asia / Pacific,196.56,0.23567225751837328,266.10696997693725,20.085069976937262,8.163935802844081,v9_9,2025-11-24,227.97777889914863,259.0163373882598,345.0804611769299,117.10268227778124
28.3571,26.42497152931502,1.9321284706849795,-6.813561579586698,600585,CNE0000019V8,Materials,Asia / Pacific,23.0,0.44052270349188627,28.217506414903415,0.13959358509658415,-0.492270313595481,v9_9,2025-11-24,27.99970887994167,30.05804408428145,47.15337573260681,19.15366685266514
2335.7143,1947.2082790345034,388.50602096549665,-16.633285199542456,2502,JP3116000005,Consumer Staples,Asia / Pacific,1749.0,0.3181307700819773,1955.4033598852031,380.31094011479695,-16.28242547107739,v9_9,2025-11-24,1201.4115700045415,1958.5715804337065,2123.6099078394095,922.198337834868
6.1522,4.665094035557035,1.4871059644429643,-24.17193791559059,600029,CNE000001FG0,Industrials,Asia / Pacific,7.08,0.358940172561534,6.436064004953493,0.28386400495349307,4.614024332003074,v9_9,2025-11-24,6.223039782460916,6.3832455711149345,39.072341613803594,32.84930183134268
311.2353,291.9281338678638,19.307166132136217,-6.2033985644096985,BANKBARODA,INE028A01039,Financials,Asia / Pacific,284.15,0.19202472342101962,294.130353192098,17.104946807901968,-5.495824801332614,v9_9,2025-11-24,283.5766080864554,303.7955119926715,326.1989025021207,42.622294415665294
151.4273,175.74709117969985,24.31979117969985,16.060374304831328,300394,CNE100001XQ1,Information Technology,Asia / Pacific,148.33,0.19840982571472898,177.92010517607022,26.49280517607022,17.495395596481096,v9_9,2025-11-24,142.90190053730663,172.24162696915133,234.42674424486637,91.52484370755974
9.4905,7.11966927380538,2.3708307261946207,-24.981094001313107,1177,KYG8167W1380,Health Care,Asia / Pacific,6.8,0.26886585596674967,8.861560376436161,0.6289396235638396,-6.627044134279959,v9_9,2025-11-24,9.049536484163742,9.548214470268764,30.758100814204305,21.708564330040563
15.6483,15.884589085023403,0.23628908502340273,1.5099984344842745,600886,CNE000000JM2,Utilities,Asia / Pacific,13.81,0.3122461768122487,17.73632149774195,2.0880214977419502,13.343439848047073,v9_9,2025-11-24,16.163948311659233,16.584941483211374,29.71113551437916,13.547187202719925
3.2789,1.678129630249547,1.6007703697504532,-48.82034736498378,F34,SG1T56930848,Consumer Staples,Asia / Pacific,3.25,0.2974775620689225,3.4520215516702635,0.17312155167026333,5.279866774536074,v9_9,2025-11-24,2.8467769003075154,4.1066322542062865,39.00407311949545,36.157296219187934
34.25,34.56153834751038,0.31153834751037834,0.9096010146288419,2884,TW0002884004,Financials,Asia / Pacific,30.05,0.18113061942495823,36.319104575801326,2.069104575801326,6.04118124321555,v9_9,2025-11-24,32.067670829898034,35.49829792546415,38.54532704858761,6.4776562186895745
14.1579,14.17169972092434,0.013799720924339454,0.09747011155848999,300015,CNE100000GR6,Health Care,Asia / Pacific,11.69,0.2631694159369647,15.954525482548545,1.7966254825485457,12.689915047772239,v9_9,2025-11-24,14.23576069012557,16.34815015489721,43.5371793298202,29.301418639694628
4976.34025,4963.4785327440395,12.861717255960684,-0.25845735238784534,6920,JP3979200007,Information Technology,Asia / Pacific,4452.5,0.1860570981091611,4976.340249999999,9.094947017729282e-13,-1.8276376937307054e-14,v9_9,2025-11-24,1199.5752547895415,4993.436968275006,5292.535520564686,4092.960265775144
33.9705,34.24338009984227,0.27288009984226846,0.8032854972469303,2885,TW0002885001,Financials,Asia / Pacific,35.65,0.17705677032175343,35.97575591906756,2.005255919067558,5.902933189289407,v9_9,2025-11-24,32.34423369998651,33.82423391252664,53.923796733844696,21.579563033858186
47.0317,51.94290204174377,4.9112020417437705,10.442323032643452,600418,CNE0000018M9,Consumer Discretionary,Asia / Pacific,48.26,0.28619745400796254,53.880426411965075,6.848726411965075,14.561936761726823,v9_9,2025-11-24,47.14582249649499,48.938483139841374,70.76982837550204,23.62400587900705
7.8417,7.361254140809342,0.48044585919065863,-6.1268074421446705,916,CNE100000HD4,Utilities,Asia / Pacific,6.82,0.2929120743144694,9.138140872957848,1.2964408729578478,16.532650738460383,v9_9,2025-11-24,7.5745273234515915,8.642062693824952,28.71685038692948,21.14232306347789
1576.0714,1640.7138913714132,64.64249137141314,4.101495108115859,TECHM,INE669C01036,Information Technology,Asia / Pacific,1461.5,0.17642889572539588,1645.0706867736533,68.99928677365324,4.377928993169551,v9_9,2025-11-24,1199.4451297895416,1757.0986998586186,1840.7749793243295,641.3298495347879
5813.3333,5518.377502456511,294.9557975434891,-5.073780950139038,9735,JP3421800008,Industrials,Asia / Pacific,5479.0,0.3069781524540984,5533.733967920185,279.5993320798152,-4.809621565648321,v9_9,2025-11-24,1200.2161697895417,5865.123220038659,5925.309693431317,4725.093523641775
250.6667,257.2474647480854,6.580764748085414,2.6253047365627005,301308,CNE100005K10,Information Technology,Asia / Pacific,239.65,0.17259957978341572,259.794641691356,9.127941691356,3.641465616037551,v9_9,2025-11-24,208.21417386607465,294.3612983762587,299.04482826920463,90.83065440312998
191.7143,159.15398666564053,32.56031333435948,-16.983768730010997,3231,TW0003231007,Information Technology,Asia / Pacific,139.0,0.1719829552744548,161.07519538075445,30.639104619245558,-15.981648014386801,v9_9,2025-11-24,136.4516474568906,173.34721883822297,205.633973422576,69.18232596568538
3255.0,2851.9815135965055,403.01848640349453,-12.381520319615808,6594,JP3734800000,Industrials,Asia / Pacific,1921.0,0.3050043836181841,2862.5743834415894,392.42561655841064,-12.056086530212308,v9_9,2025-11-24,1200.2161697895417,2597.8363628704533,3232.907148108279,2032.6909783187375
2285.9258449999948,2326.976151314498,41.05030631450336,1.795784688479405,KZAP,KZ1C00001619,Energy,Asia / Pacific,2240.4999999999955,0.22883303723563994,2285.9258449999948,0.0,0.0,v9_9,2025-11-24,1202.641772550339,2281.701755423198,2563.815181927299,1361.1734093769599
133.2727,141.2261597481611,7.953459748161123,5.967808672114487,2408,TW0002408002,Information Technology,Asia / Pacific,140.0,0.16873225696755925,143.22127860717845,9.948578607178462,7.464828586183414,v9_9,2025-11-24,98.73708593647507,128.72876017611534,135.3016858998444,36.56459996336932
3994.8947,3983.857912831036,11.036787168963656,-0.2762722924577625,4091,JP3711600001,Materials,Asia / Pacific,3490.0,0.36387178243886836,3994.8946999999994,4.547473508864641e-13,-1.138321245079286e-14,v9_9,2025-11-24,1201.4115700045415,4066.129484611833,4166.71653177717,2965.3049617726283
187.6,197.38118660499958,9.78118660499959,5.213852134861189,KBANK,TH0016010009,Financials,Asia / Pacific,186.5,0.15920744737600717,199.52637670308314,11.92637670308315,6.357343658359889,v9_9,2025-11-24,167.2826056382788,192.71153014654794,206.60700621812688,39.32440057984809
136.7778,143.06593602068895,6.288136020688938,4.597336717427051,SCB,THA790010005,Financials,Asia / Pacific,130.5,0.15830198930609912,145.14271593077245,8.36491593077244,6.115697087372688,v9_9,2025-11-24,125.58326204853269,146.47785946745677,151.04639931671002,25.463137268177334
86.125,88.01476712548664,1.8897671254866424,2.19421436921526,1216,TW0001216000,Consumer Staples,Asia / Pacific,74.8,0.259080933887367,89.74462240441348,3.6196224044134766,4.202754605995328,v9_9,2025-11-24,78.69340741769977,89.17602391722741,96.46368910526192,17.770281687562147
5013.309999999996,4998.425180032837,14.884819967159274,-0.2969060354767466,A000810,KR7000810002,Financials,Asia / Pacific,4513.579999999998,0.15611811180607688,5013.309999999997,9.094947017729282e-13,1.814160109334809e-14,v9_9,2025-11-24,1199.174952302449,5013.274739609726,5045.372233910359,3846.1972816079096
28.1917,26.813347021544462,1.3783529784555384,-4.889215543778979,000895,CNE000000XM3,Consumer Staples,Asia / Pacific,27.23,0.2539458207560438,28.522897661553344,0.3311976615533432,1.1748055688494952,v9_9,2025-11-24,27.02201883160775,27.900072010434744,41.944044493643766,14.922025662036017
1275.8929,1283.5194953429,7.626595342899918,0.597745731079773,TATACONSUM,INE192A01025,Consumer Staples,Asia / Pacific,1183.1,0.24994135699256792,1289.7537432728411,13.860843272841066,1.0863641668388517,v9_9,2025-11-24,1051.05265741504,1088.9461410159922,1411.1017147144576,360.04905729941765
5013.309999999996,5003.84227868033,9.467721319665543,-0.18885170315950042,HDFCAMC,INE127D01025,Financials,Asia / Pacific,4513.579999999998,0.15037080335971992,5013.309999999997,9.094947017729282e-13,1.814160109334809e-14,v9_9,2025-11-24,1199.364087550339,5022.349887688238,5087.511039285013,3888.146951734674
45.1819,46.572583129140384,1.3906831291403847,3.077965134579079,1209,KYG2122G1064,Real Estate,Asia / Pacific,43.6,0.6190564543316904,48.46815321430056,3.286253214300558,7.273384285079995,v9_9,2025-11-24,44.35476000207723,48.739973065721614,79.66020814226746,35.30544814019024
183.9553,179.59261964945244,4.362680350547549,-2.3715980733077813,XRO,NZXROE0001S2,Information Technology,Asia / Pacific,119.22,0.15533915288909775,181.78860939124075,2.1666906087592395,-1.177835381073141,v9_9,2025-11-24,146.2484982421578,207.1504866570385,207.38600595602463,61.137507713866825
12.1536,12.054203295108131,0.0993967048918698,-0.8178375534152004,ORG,AU000000ORG5,Utilities,Asia / Pacific,11.43,0.2528525968510787,13.861844265364638,1.7082442653646375,14.05545900280277,v9_9,2025-11-24,12.260524204676535,12.909310879222613,35.254777453910734,22.994253249234198
2571.5385,2828.2759664441614,256.7374664441613,9.9838079983699,7259,JP3102000001,Consumer Discretionary,Asia / Pacific,2674.5,0.24140679743055665,2834.943149599339,263.4046495993389,10.243076259575304,v9_9,2025-11-24,1200.0063131955417,2843.395886381584,2890.7804343830276,1690.774121187486
787.0667,802.8394784545471,15.772778454547165,2.0039951448266287,CGPOWER,INE067A01029,Industrials,Asia / Pacific,710.2,0.2699595673519774,805.1026231512996,18.035923151299585,2.2915368101965927,v9_9,2025-11-24,658.9383426774934,840.0088645611374,898.7672891687637,239.82894649127024
1854.1863,1637.60028967038,216.58601032961997,-11.680919567231186,LGEINDIA,INE324D01010,Consumer Discretionary,Asia / Pacific,1642.4,0.2397013567934438,1641.7518089950697,212.43449100493035,-11.45701977222733,v9_9,2025-11-24,1100.338177615587,1372.4377100518102,2010.214072358899,909.8758947433121
211.0,208.2348109549194,2.7651890450806036,-1.3105161351092909,2603,TW0002603008,Industrials,Asia / Pacific,180.0,0.2684666277323694,210.38309158345248,0.6169084165475169,-0.29237365713152463,v9_9,2025-11-24,177.21851392344487,189.66875309167165,225.01778347689748,47.7992695534526
6981.214255000021,6976.039722078053,5.174532921967511,-0.0741208152759594,A011200,KR7011200003,Industrials,Asia / Pacific,6330.799999999976,0.26560293000477886,6981.21425500002,9.094947017729282e-13,-1.3027743721252192e-14,v9_9,2025-11-24,1200.2161697895417,6612.536043957277,6884.001333517566,5683.785163728025
5263.3462,5230.518895192293,32.82730480770715,-0.6236964767338913,500002,INE117A01022,Industrials,Asia / Pacific,5090.7,0.26025655660649727,5234.71413261029,28.632067389709846,-0.5439898175367952,v9_9,2025-11-24,1202.7228147895416,5443.835921621167,6659.245433869728,5456.522619080186
9.9327,9.460739438195308,0.4719605618046927,-4.75158377686523,83,HK0083000502,Real Estate,Asia / Pacific,10.18,0.5790845404854247,11.248109027074403,1.315409027074402,13.243217121974912,v9_9,2025-11-24,8.126254177559874,9.276497435868983,56.212256627044326,48.086002449484454
183.7037,159.89826141521095,23.805438584789044,-12.958605942498188,BDO,PHY077751022,Financials,Asia / Pacific,131.5,0.1389871727406511,161.8477801688904,21.85591983110959,-11.89737595438175,v9_9,2025-11-24,140.8598221171291,169.0921732780219,189.70332773290764,48.843505615778525
13.206,11.14013536121555,2.065864638784449,-15.643379060915105,600958,CNE100001ZV6,Financials,Asia / Pacific,10.4,0.13668032007539227,12.9404801617345,0.2655198382654991,-2.010600017155074,v9_9,2025-11-24,11.179437570333846,13.16964925239104,13.44715642540673,2.267718855072884
422.7917,408.31710699943005,14.47459300056994,-3.4235754865977595,INDUSTOWER,INE121J01017,Communication Services,Asia / Pacific,397.0,0.16378460996401575,411.2024848215221,11.5892151784779,-2.741117003592526,v9_9,2025-11-24,350.9865061577413,386.1910844260713,394.40685223453045,43.420346076789144
598.2125,675.7049243882143,77.49242438821432,12.953996178316956,MER,PHY5764J1483,Utilities,Asia / Pacific,594.0,0.22665053856965306,676.7986561369717,78.58615613697168,13.136829494029579,v9_9,2025-11-24,616.9039512726505,643.1380167537304,1102.6280583131477,485.7241070404972
2149.2692,2097.4215738853313,51.847626114668856,-2.4123374640398163,ICICIGI,INE765G01017,Financials,Asia / Pacific,2004.1,0.12950597742394415,2102.9196129130796,46.349587086920565,-2.1565277670624305,v9_9,2025-11-24,1199.364087550339,2071.04235113726,2154.142272699162,954.7781851488228
178.7455,185.79604596982807,7.050545969828079,3.9444606828301016,000596,CNE000000MD5,Consumer Staples,Asia / Pacific,165.0,0.21049298894403434,187.84925531906788,9.103755319067886,5.09313818757277,v9_9,2025-11-24,157.9645824278676,213.9448327480118,257.23878612681136,99.27420369894375
32.4636,29.03819844817964,3.425401551820361,-10.551514779076754,SMPH,PHY8076N1120,Real Estate,Asia / Pacific,22.45,0.532350982343662,30.83665470181273,1.6269452981872696,-5.0115985232299245,v9_9,2025-11-24,29.530868149425846,30.966915330148232,60.81580375745547,31.284935608029624
5013.309999999996,5004.706610758776,8.603389241219702,-0.17161095645830218,A024110,KR7024110009,Financials,Asia / Pacific,4513.579999999998,0.12769814753344855,5013.309999999997,9.094947017729282e-13,1.814160109334809e-14,v9_9,2025-11-24,1199.8222741395416,5012.866852608163,5045.191984458408,3845.3697103188665
4526.0,3872.9669969902648,653.0330030097352,-14.428479960444879,2059,TW0002059003,Information Technology,Asia / Pacific,3525.0,0.13025313534343422,3880.618408328577,645.3815916714229,-14.25942535730055,v9_9,2025-11-24,1199.4451297895416,3980.439858271281,4003.2694457061775,2803.824315916636
6981.214255000021,7003.623394821233,22.409139821212193,0.32099200801869854,7012,JP3224200000,Industrials,Asia / Pacific,6330.799999999976,0.23052126186432967,6981.21425500002,9.094947017729282e-13,-1.3027743721252192e-14,v9_9,2025-11-24,1200.2161697895417,6233.642121447995,6941.394176901406,5741.178007111865
102.0,105.29934665329706,3.2993466532970643,3.2346535816637885,4904,TW0004904008,Communication Services,Asia / Pacific,91.4,0.14695347352471883,107.30520033348573,5.305200333485729,5.2011767975350285,v9_9,2025-11-24,94.01288587703533,97.51506871402573,114.68113819299496,20.668252315959634
1015.7333,1136.2035046759563,120.47020467595632,11.86041696929266,ZYDUSLIFE,INE010B01027,Health Care,Asia / Pacific,924.3,0.17792011284297052,1139.3795972816656,123.64629728166562,12.17310659025018,v9_9,2025-11-24,847.0568272660353,1054.2573069675157,1309.3962075960017,462.3393803299664
49.134,44.10662424324203,5.027375756757969,-10.2319692204135,002179,CNE1000007T5,Information Technology,Asia / Pacific,34.56,0.12527176688681346,45.93436154992786,3.1996384500721433,-6.512065881206788,v9_9,2025-11-24,44.75529254362672,49.50626770064984,50.55809039547247,5.802797851845746
59.675,52.934658475118745,6.740341524881252,-11.295084247811065,300450,CNE100001ZF9,Industrials,Asia / Pacific,46.68,0.22017246589402945,54.73370332320071,4.94129667679929,-8.280346337326,v9_9,2025-11-24,51.20816336262339,53.64727152651631,64.23358273042437,13.025419367800986
543.1026,587.5805618237534,44.47796182375339,8.189605762107083,DABUR,INE016A01026,Consumer Staples,Asia / Pacific,515.65,0.19465268026708665,592.1376387427243,49.03503874272428,9.028687902198273,v9_9,2025-11-24,474.26494259447935,580.4187455964492,599.6655975490278,125.40065495454843
3916.1609249999983,3966.1507570955755,49.989832095577185,1.2765009674768972,A066570,KR7066570003,Consumer Discretionary,Asia / Pacific,3513.94999999999,0.19457896230570063,3916.160924999998,4.547473508864641e-13,-1.1612070075656157e-14,v9_9,2025-11-24,1201.3136492955416,3765.7726351629194,3931.9370256995644,2730.6233764040226
71.3246,72.91193229054781,1.5873322905478062,2.2255046513374155,2688,KYG3066L1014,Utilities,Asia / Pacific,69.25,0.19575923210641624,74.9572518237038,3.632651823703796,5.0931261075474605,v9_9,2025-11-24,73.79253376759011,77.66968380662401,114.04609892741112,40.25356515982101
7.7391,7.135054784086968,0.6040452159130316,-7.805109326834278,601238,CNE100001NQ2,Consumer Discretionary,Asia / Pacific,7.6,0.1897982742284848,8.899415562858186,1.1603155628581865,14.992900503394276,v9_9,2025-11-24,6.179471415348683,7.90883277205402,32.778581746648236,26.599110331299553
25.7672,26.473355957295613,0.7061559572956142,2.740522669500816,C07,SG1B51001017,Industrials,Asia / Pacific,32.58,0.21227739055037254,28.292558372694007,2.525358372694008,9.800670514041137,v9_9,2025-11-24,20.76308306544019,31.170762167561705,46.81467855602181,26.051595490581622
5336.3636,5092.6524497164055,243.71115028359418,-4.566989218718046,9104,JP3362700001,Industrials,Asia / Pacific,4408.0,0.20849744116378954,5102.214839188088,234.14876081191142,-4.38779622910087,v9_9,2025-11-24,1199.8222741395416,4763.275446824249,5611.392214031275,4411.569939891733
49.608,46.63053360851549,2.977466391484505,-6.001988371803954,002558,CNE1000010R3,Communication Services,Asia / Pacific,36.0,0.13385437847135098,48.473909912983075,1.1340900870169222,-2.286103223304552,v9_9,2025-11-24,36.37745216651634,49.32975739257513,49.94241706308854,13.5649648965722
358.7273,363.42777977826324,4.7004797782632295,1.310321176632843,ABCAPITAL,INE674K01013,Financials,Asia / Pacific,325.65,0.11006747348187786,366.46709712790806,7.739797127908048,2.1575712603718893,v9_9,2025-11-24,302.8984391664015,307.4995961886321,398.8692501323492,95.97081096594769
17.4532,14.157986183599817,3.2952138164001816,-18.880284511723822,2618,KYG5074S1012,Industrials,Asia / Pacific,11.82,0.20124442198624967,15.935501677184092,1.5176983228159067,-8.695816943688875,v9_9,2025-11-24,14.990689192353953,16.0835715696125,32.34506518873181,17.354375996377854
884.4348,923.9305675654487,39.49576756544866,4.4656505562025215,SBICARD,INE018E01016,Financials,Asia / Pacific,878.05,0.10803684013081359,927.1192177992418,42.68441779924183,4.82618026780966,v9_9,2025-11-24,727.8870368129576,905.004292616573,1048.0395270195995,320.1524902066419
11.0439,9.942836963707705,1.1010630362922953,-9.969875101117315,1138,CNE1000002S8,Energy,Asia / Pacific,10.37,0.14761661789148176,11.711890346587378,0.6679903465873771,6.048500498803657,v9_9,2025-11-24,10.756879382921424,11.9346869892861,26.939077576193807,16.182198193272384
20.9286,23.176481700128555,2.2478817001285556,10.740717009874313,4,HK0004000045,Real Estate,Asia / Pacific,22.86,0.4329312155478445,25.052895255935244,4.124295255935245,19.70650333006147,v9_9,2025-11-24,22.428461000868772,24.38998308538129,54.37416924284726,31.945708241978487
33.25,38.38901336770803,5.139013367708031,15.455679301377536,600580,CNE000001BJ3,Industrials,Asia / Pacific,40.63,0.19138281656769046,40.22314018383613,6.973140183836129,20.971850176950767,v9_9,2025-11-24,29.6187723522736,44.387548976503,51.113874366487835,21.495102014214236
100.1952,90.89441351041894,9.300786489581057,-9.282666724135545,2382,KYG8586D1097,Information Technology,Asia / Pacific,62.8,0.10625734744289164,92.7869281250223,7.4082718749777,-7.393839101052446,v9_9,2025-11-24,75.93304196263941,89.04457599256888,98.27004331573679,22.337001353097378
10.7996,8.820212196351207,1.9793878036487929,-18.328343676143493,177,CNE1000003J5,Industrials,Asia / Pacific,9.87,0.18665327335018136,10.546793957209522,0.25280604279047836,-2.3408833918893137,v9_9,2025-11-24,9.411083205958416,10.749916512097323,33.04443839363209,23.633355187673676
21.404,20.556884595425558,0.847115404574442,-3.957743433818174,600741,CNE000000M15,Consumer Discretionary,Asia / Pacific,19.44,0.1652991470955992,22.273989425164565,0.8699894251645652,4.064611405179243,v9_9,2025-11-24,21.41631925826496,22.9574589848144,29.813393959660132,8.397074701395173
2505.1999999999975,2513.1537588979054,7.953758897907846,0.3174899767646437,4151,JP3256000005,Health Care,Asia / Pacific,2285.6799999999853,0.1468916305733507,2505.1999999999975,0.0,0.0,v9_9,2025-11-24,1199.4451297895416,2435.4348249939944,2825.39034616714,1625.9452163775982
1452.7273,1454.759085434967,2.031785434966878,0.13986007112049711,2801,JP3240400006,Consumer Staples,Asia / Pacific,1438.5,0.16256919896635136,1456.9071094515277,4.179809451527717,0.2877215463306649,v9_9,2025-11-24,1199.4451297895416,1498.1091173317625,1545.4566062602298,346.0114764706882
2062.7273,2197.451692049772,134.72439204977218,6.531371938974782,9107,JP3223800008,Industrials,Asia / Pacific,2090.0,0.1814376363629028,2205.1412138121523,142.41391381215226,6.9041561534649905,v9_9,2025-11-24,1199.4451297895416,2309.422402083246,2364.5682668300187,1165.123137040477
4.2703,3.1613871306524057,1.108912869347594,-25.968031973107138,486,RU000A1025V3,Materials,Europe,4.3,0.21943502058956252,4.947454482981536,0.6771544829815364,15.857304708838637,v9_9,2025-11-24,4.278735145280571,5.308904556899822,31.19619659200293,26.91746144672236
16.205,22.221926977775475,6.016926977775476,37.13006465767033,600673,CNE000000BL1,Materials,Asia / Pacific,19.73,0.2178167831820728,23.991977461818287,7.786977461818289,48.05293095845906,v9_9,2025-11-24,16.2908481870513,22.24135751938243,41.2466456027731,24.9557974157218
6981.214255000021,6978.09535346317,3.118901536850899,-0.044675631243047846,A003550,KR7003550001,Industrials,Asia / Pacific,6330.799999999976,0.17796522464112885,6981.21425500002,9.094947017729282e-13,-1.3027743721252192e-14,v9_9,2025-11-24,1199.4451297895416,6987.833680943137,7068.843265868738,5869.398136079197
1303.7368,1356.4823891379267,52.7455891379268,4.045723733343019,532539,INE405E01023,Consumer Discretionary,Asia / Pacific,1281.6,0.15801649676332022,1363.082148851294,59.34534885129415,4.55194245121363,v9_9,2025-11-24,1199.4451297895416,1317.0380319295364,1454.9153637976942,255.4702340081526
40.0969,41.89099923538131,1.79409923538131,4.4744088330551985,CAR,AU000000CAR3,Communication Services,Asia / Pacific,33.42,0.11387204932064816,43.64111575256746,3.5442157525674602,8.839126597236845,v9_9,2025-11-24,39.65797179797657,41.70503198334442,56.714187144092556,17.056215346115984
596.1875,609.1267809907483,12.93928099074833,2.170337518104343,2379,TW0002379005,Information Technology,Asia / Pacific,498.0,0.09860180053246026,612.6224027537432,16.434902753743245,2.7566667791161747,v9_9,2025-11-24,480.28934412999195,644.9451984476559,649.854293592149,169.56494946215707
14.925,21.37075024795081,6.445750247950809,43.1876063514292,688126,CNE1000040F5,Information Technology,Asia / Pacific,20.82,0.09750540094028143,23.14704516894712,8.222045168947119,55.08907985894217,v9_9,2025-11-24,12.726517356916004,22.649214354604727,23.35249790148316,10.625980544567158
3994.8947,3954.8424914475054,40.05220855249445,-1.002584837905601,HPG,VN000000HPG4,Materials,Asia / Pacific,3490.0,0.2081583289457146,3966.9016791686263,27.993020831373542,-0.7007198670686751,v9_9,2025-11-24,1199.4451297895416,4083.043460148446,4095.0541861330453,2895.6090563435037
8.305,5.606293911901521,2.6987060880984783,-32.49495590726645,601377,CNE100000V95,Financials,Asia / Pacific,6.55,0.09181515759599818,7.3765648459480495,0.9284351540519502,-11.179231234821797,v9_9,2025-11-24,6.921100919252871,7.659985740713614,23.059330572607784,16.138229653354912
1638.1875,1845.5437029690024,207.35620296900242,12.657659942406008,3443,TW0003443008,Information Technology,Asia / Pacific,1850.0,0.09565996977528035,1851.1617478760945,212.97424787609452,13.00060267070128,v9_9,2025-11-24,1199.4451297895416,1432.3328844812295,1973.9472446691657,774.5021148796241
18.5,21.433209593351226,2.9332095933512257,15.855186991087706,YESBANK,INE528G01035,Financials,Asia / Pacific,22.43,0.09057935214688788,23.21124696696244,4.711246966962442,25.466199821418606,v9_9,2025-11-24,17.93239653090095,18.813359037756996,26.901609158161833,8.969212627260884
135.3433,126.95557222397048,8.387727776029521,-6.1973719984879345,301269,CNE100005GY1,Information Technology,Asia / Pacific,102.2,0.09498349677985835,128.76921835141357,6.574081648586429,-4.857338079229949,v9_9,2025-11-24,116.01881906398394,127.57504458562848,139.34824164963518,23.329422585651244
26.275,30.14489799428658,3.869897994286582,14.728441462555974,603659,CNE100002TX3,Materials,Asia / Pacific,26.4,0.20399211482867471,31.95098771038328,5.675987710383282,21.602236766444463,v9_9,2025-11-24,27.353760504887706,28.888839435724925,44.317762270188794,16.964001765301088
30.4167,25.50357091750175,4.913129082498248,-16.15273544631156,000933,CNE000001097,Materials,Asia / Pacific,24.37,0.19983577452167395,27.268802439707333,3.147897560292666,-10.34924091138311,v9_9,2025-11-24,21.751563697721586,32.32984081627556,54.777607279641614,33.02604358192003
5.55,4.445550050054809,1.1044499499451907,-19.899999098111547,688469,CNE1000060N7,Information Technology,Asia / Pacific,6.46,0.0914835326118259,6.187372043602635,0.6373720436026353,11.48418096581325,v9_9,2025-11-24,5.025567556994412,6.455526432400438,15.52981603885407,10.504248481859658
4976.34025,4959.330887271982,17.00936272801846,-0.34180465710756935,7735,JP3494600004,Information Technology,Asia / Pacific,4452.5,0.09073807960829722,4975.469514612568,0.8707353874324326,-0.01749750506775401,v9_9,2025-11-24,1199.4451297895416,4971.933361388862,5371.159085844199,4171.713956054657
75.5,54.868632308719114,20.631367691280886,-27.32631482288859,2344,TW0002344009,Information Technology,Asia / Pacific,52.2,0.09054101149926969,56.65949105400526,18.840508945994742,-24.954316484761247,v9_9,2025-11-24,44.665624848504365,53.515330797206985,68.96408731638768,24.29846246788331
4883.3333,4555.804322689861,327.52897731013945,-6.707078079436836,7911,JP3629000005,Industrials,Asia / Pacific,4118.0,0.1599220644279565,4558.265031848685,325.06826815131535,-6.656688130448014,v9_9,2025-11-24,1199.4451297895416,4575.373478901245,4958.129810729816,3758.6846809402746
2603.4545,2605.87801990247,2.4235199024701615,0.09308862138632197,COROMANDEL,INE169A01031,Materials,Asia / Pacific,2262.8,0.1942285178583866,2616.7129803295625,13.258480329562644,0.5092649143498627,v9_9,2025-11-24,1199.4451297895416,2333.974717018273,2493.492668310425,1294.0475385208833
108.058,89.24672812008384,18.811271879916163,-17.408495326506284,301165,CNE100005WJ9,Information Technology,Asia / Pacific,66.25,0.0896970861406978,91.13023517144615,16.92776482855386,-15.665443399427955,v9_9,2025-11-24,70.36919498838503,100.57911975757439,115.02000550768375,44.650810519298716
905.4546,887.3115960814253,18.143003918574777,-2.0037452919864536,4188,JP3897700005,Materials,Asia / Pacific,846.4,0.19166853246095109,893.6709393683193,11.783660631680732,-1.3014082242975773,v9_9,2025-11-24,827.7123966695171,847.1410395950743,847.6698110971689,19.95741442765177
21.298,18.26523342024395,3.03276657975605,-14.239677808977605,600522,CNE000001CW4,Industrials,Asia / Pacific,15.39,0.15736063981171172,20.0,1.2979999999999983,-6.094468964221985,v9_9,2025-11-24,20.083658889806834,23.426518944766535,31.00181418265759,10.918155292850756
21.3236,18.63509639959878,2.6885036004012193,-12.608113078472769,2319,KYG210961051,Consumer Staples,Asia / Pacific,14.5,0.13725955677945229,20.371415706155364,0.9521842938446348,-4.465401216701846,v9_9,2025-11-24,11.464851071412266,17.604408790612414,20.385791765117606,8.92094069370534
5013.309999999996,4992.681543683365,20.628456316630945,-0.4114737831219486,A006800,KR7006800007,Financials,Asia / Pacific,4513.579999999998,0.08312914628693606,4987.013818220526,26.296181779469407,-0.5245273438001925,v9_9,2025-11-24,1199.6048600203358,5059.976756486063,5141.088309690807,3941.4834496704716
2672.5,2715.949105227693,43.44910522769305,1.6257850412607318,7912,JP3493800001,Industrials,Asia / Pacific,2530.5,0.15205747962310734,2725.4900617634553,52.99006176345529,1.982789963085324,v9_9,2025-11-24,1199.4451297895416,2637.477885218794,2814.3980901809164,1614.9529603913747
977.4,1144.591029344035,167.19102934403497,17.105691563744116,8299,TW0008299009,Information Technology,Asia / Pacific,1065.0,0.08470646276349028,1149.665728833661,172.265728833661,17.624895522167076,v9_9,2025-11-24,844.5425829943879,1151.4561433912043,1181.2572444554487,336.7146614610608
2285.9258449999948,2300.9822858311686,15.056440831173859,0.6586583228019759,A010950,KR7010950004,Energy,Asia / Pacific,2240.4999999999955,0.11419619221005023,2285.9258449999948,0.0,0.0,v9_9,2025-11-24,1199.4451297895416,2289.0113785382396,2547.3075614155564,1347.8624316260148
69.6382,76.10349611457426,6.465296114574258,9.284122959200925,300832,CNE100003T39,Health Care,Asia / Pacific,62.41,0.11745820014169983,77.89377835704477,8.255578357044769,11.854956556954042,v9_9,2025-11-24,67.41380860998662,78.33293574291979,81.21033230176523,13.796523691778617
24.98,26.624221943417812,1.6442219434178114,6.582153496468419,300122,CNE100000V20,Health Care,Asia / Pacific,20.19,0.11573271669110946,28.432875394835634,3.452875394835633,13.822559627044168,v9_9,2025-11-24,24.584375576820463,26.956899091631442,43.864286878786984,19.27991130196652
2.56275,0.7596561183533623,1.8030938816466375,-70.3577751105897,G13,SGXE21576413,Consumer Discretionary,Asia / Pacific,1.83,0.12972838895282382,2.5627500000000003,4.440892098500626e-16,1.732862003121891e-14,v9_9,2025-11-24,2.4373432918764304,2.5542745129098434,5.9615533198609905,3.52421002798456
2505.1999999999975,2536.683922501232,31.483922501234247,1.2567428748696423,A298380,KR7298380007,Health Care,Asia / Pacific,2285.6799999999853,0.11404752636186152,2505.1999999999975,0.0,0.0,v9_9,2025-11-24,1199.4451297895416,2501.831347393063,2769.3085378528685,1569.863408063327
13.8813,15.409890036374456,1.5285900363744567,11.011865145011322,1258,HK0000112026,Materials,Asia / Pacific,13.29,0.17324827268367754,17.170229105213853,3.288929105213853,23.693235541439588,v9_9,2025-11-24,12.858410683035784,16.4306552904075,35.86016041286985,23.001749729834067
2071.6667,1888.3468023105422,183.319897689458,-8.848908836998634,9005,JP3574200006,Industrials,Asia / Pacific,1822.0,0.1420918992736498,1896.3357474658696,175.33095253413057,-8.463279953968009,v9_9,2025-11-24,1199.4451297895416,1970.5574205881717,2025.3197535240272,825.8746237344856
37.531,34.85742919052569,2.673570809474306,-7.123633288413061,000999,CNE0000011K8,Health Care,Asia / Pacific,28.38,0.1130445402594801,36.68320025623199,0.8477997437680074,-2.2589319329834203,v9_9,2025-11-24,33.89891899625889,36.483914435191956,47.98021172240672,14.08129272614783
44.2,67.72047420502749,23.520474205027483,53.21374254531105,300604,CNE100002Q09,Information Technology,Asia / Pacific,73.6,0.07926802462882446,69.55982219961354,25.359822199613532,57.37516334754192,v9_9,2025-11-24,50.7117682642966,55.838804489587325,94.81259211164691,44.100823847350306
187.5,452.8235629354223,265.3235629354223,141.50590023222523,8729,JP3435350008,Financials,Asia / Pacific,148.7,0.07488126367950358,454.5189508125493,267.0189508125493,142.4101071000263,v9_9,2025-11-24,221.39790741925503,328.5442229844942,498.5190762705718,277.1211688513168
3994.8947,4020.5936397457067,25.698939745706866,0.6432945465548032,4004,JP3368000000,Materials,Asia / Pacific,3490.0,0.1695976315665173,3994.8947,0.0,0.0,v9_9,2025-11-24,1199.4451297895416,3981.176150252898,4145.336183806787,2945.891054017245
366.47,478.2946252409708,111.82462524097076,30.513991661246692,688498,CNE100005VF9,Information Technology,Asia / Pacific,538.86,0.0781882838937018,482.5006693154193,116.03066931541929,31.661710185122732,v9_9,2025-11-24,338.16050734185677,481.1161321449168,515.3370258732936,177.17651853143678
30.0,25.666323572161005,4.333676427838995,-14.44558809279665,600482,CNE000001KB1,Industrials,Asia / Pacific,20.08,0.13580075788511678,27.459255012099554,2.540744987900446,-8.469149959668153,v9_9,2025-11-24,21.070129991368184,24.325922796906564,27.116985958780575,6.046855967412391
1110.75,1053.9884084984164,56.76159150158355,-5.1102040514592435,MOTILALOFS,INE338I01027,Financials,Asia / Pacific,947.8,0.07274997111982869,1056.171695563187,54.578304436812914,-4.913644333721622,v9_9,2025-11-24,832.6039786303373,1179.7274748057316,1214.9401031662876,382.33612453595026
4564.2857,4600.769229586172,36.483529586171244,0.7993261593193265,1942,JP3230600003,Industrials,Asia / Pacific,4852.0,0.1352508314046059,4605.058825559894,40.77312555989374,0.8933079180361945,v9_9,2025-11-24,1199.1803940183263,4654.507936333529,4837.3696919145095,3638.1892978961832
104.7833,106.33778369484,1.5544836948400018,1.4835223693470256,NESTLE,MYL4707OO005,Consumer Staples,Asia / Pacific,112.0,0.11972810919171811,108.33225956520533,3.5489595652053367,3.3869515134619133,v9_9,2025-11-24,93.41967226390788,114.00882413712512,125.28390458973885,31.86423232583097
158.0632,160.53978070998127,2.4765807099812776,1.5668294137922538,688120,CNE100005QL7,Information Technology,Asia / Pacific,126.8,0.07583518948478135,162.51059397961245,4.447393979612457,2.813680843872867,v9_9,2025-11-24,133.13012287056654,144.2716266560309,165.22940185382774,32.0992789832612
3686.972025,3700.7238133292135,13.751788329213468,0.37298325661186615,9404,JP3732200005,Communication Services,Asia / Pacific,3671.5,0.08699641519205097,3686.9720250000014,1.3642420526593924e-12,3.700169253818497e-14,v9_9,2025-11-24,1199.4451297895416,3726.4836201455905,3977.3275398945348,2777.882410104993
25.9323,25.89502214673306,0.037277853266942884,-0.1437506633308379,780,KYG8918W1069,Consumer Discretionary,Asia / Pacific,21.0,0.11857552793200589,27.680706655370837,1.748406655370836,6.742196624945862,v9_9,2025-11-24,24.432415342098235,25.21656979709826,26.577383736322368,2.144968394224133
6981.214255000021,7006.307313792678,25.093058792656848,0.3594368812658189,A443060,KR7443060009,Industrials,Asia / Pacific,6330.799999999976,0.13256876077149596,6981.214255000021,0.0,0.0,v9_9,2025-11-24,1199.4451297895416,6431.321017476529,6981.475416707974,5782.0302869184325
49.0,42.48729306727865,6.5127069327213505,-13.291238638206837,5876,TW0005876007,Financials,Asia / Pacific,40.0,0.07070639926199727,44.32221684378385,4.677783156216151,-9.546496237175818,v9_9,2025-11-24,41.08003609759922,42.20244109186327,52.786030033846664,11.705993936247445
4976.34025,4964.528282361856,11.81196763814387,-0.23736254043609395,A007660,KR7007660004,Information Technology,Asia / Pacific,4452.5,0.07342064240316476,4976.340249999999,9.094947017729282e-13,-1.8276376937307054e-14,v9_9,2025-11-24,1199.4451297895416,4447.727744284133,5303.350689762731,4103.905559973189
32.6333,27.683346108734433,4.949953891265565,-15.168413526261718,000786,CNE000000QS4,Industrials,Asia / Pacific,25.27,0.1287589789152881,29.47409035135523,3.1592096486447687,-9.680938331841306,v9_9,2025-11-24,29.02829663160841,29.80426639281477,33.36589238947483,4.337595757866421
12.1,10.53490026965708,1.5650997303429204,-12.934708515230747,601198,CNE100002177,Financials,Asia / Pacific,13.13,0.06819502322829961,12.293083466983886,0.1930834669838859,1.5957311320982306,v9_9,2025-11-24,10.425524468620878,12.041972577598942,34.89337222473118,24.467847756110302
7.6547,7.277851003329179,0.3768489966708213,-4.923106022062541,384,BMG2109G1033,Utilities,Asia / Pacific,8.46,0.11422186595522596,9.057450698544386,1.402750698544386,18.32535172566379,v9_9,2025-11-24,8.273636088868933,8.989915592531078,34.622356543157856,26.348720454288923
44.42,42.70086336308869,1.7191366369113084,-3.870186035369897,300628,CNE100002PC5,Information Technology,Asia / Pacific,33.22,0.07118378979681408,44.52163528147391,0.10163528147391077,0.2288052261907041,v9_9,2025-11-24,41.8537512888849,44.579543732138625,58.157410405335064,16.303659116450163
30.0,72.57763117568479,42.577631175684786,141.92543725228262,301377,CNE100005WS0,Industrials,Asia / Pacific,102.5,0.12584592599897992,74.42394170768169,44.42394170768169,148.07980569227232,v9_9,2025-11-24,31.845456422853953,53.68683521797017,120.83925194140252,88.99379551854857
4385.7143,4316.966468238074,68.74783176192523,-1.567540132788067,2768,JP3663900003,Industrials,Asia / Pacific,4418.0,0.1250733527782542,4330.496533797943,55.21776620205674,-1.2590370102780462,v9_9,2025-11-24,1199.4451297895416,4411.478753781333,4450.98565787416,3251.5405280846185
80.03,73.54104009232157,6.488959907678435,-8.108159324851224,688122,CNE100003MF3,Materials,Asia / Pacific,63.91,0.1513540329310245,75.39561085139736,4.6343891486026365,-5.79081488017323,v9_9,2025-11-24,64.52820667960707,78.83448312708778,105.95730380565026,41.42909712604319
3955.5,3857.3730609581835,98.12693904181651,-2.480772065271559,523642,INE603J01030,Materials,Asia / Pacific,3430.5,0.150465656887236,3868.07835682362,87.4216431763798,-2.210128761885471,v9_9,2025-11-24,1199.4451297895416,3695.1987522148356,3870.296226778664,2670.851096989122
21.7683,20.524175398074888,1.2441246019251118,-5.715304373447223,002601,CNE1000015M3,Materials,Asia / Pacific,17.52,0.15006349927294066,22.282192597801803,0.513892597801803,2.3607383112222955,v9_9,2025-11-24,19.317679623506514,21.894259077267424,44.36972135906962,25.052041735563108
32.38,38.0431633973265,5.6631633973265,17.489695482787212,300748,CNE100003G83,Industrials,Asia / Pacific,32.91,0.12274773628588229,39.81729604186705,7.43729604186705,22.96879568210948,v9_9,2025-11-24,29.040854039875597,39.23607789844952,48.71978606065831,19.67893202078271
43.6125,41.3990511884098,2.2134488115901974,-5.0752623940159305,2618,TW0002618006,Industrials,Asia / Pacific,33.5,0.12256479305303583,43.20140611195164,0.4110938880483559,-0.9426056475743328,v9_9,2025-11-24,42.920670955758446,46.03329461809302,55.050392990929545,12.129722035171099
16.075,15.671065248421165,0.4039347515788343,-2.512813384627274,002078,CNE000001P52,Materials,Asia / Pacific,14.62,0.1488610293260164,17.458020502680455,1.3830205026804556,8.603549005788217,v9_9,2025-11-24,14.391782738603546,17.922244258869586,41.21686016504314,26.82507742643959
682.2222,636.9471414037916,45.275058596208396,-6.636409456656262,KALYANKJIL,INE303R01014,Consumer Discretionary,Asia / Pacific,496.45,0.10877163052192543,637.8524105610443,44.36978943895576,-6.503715276189452,v9_9,2025-11-24,489.81838739481276,657.4851177488804,849.0032131456372,359.1848257508245
24.28,35.26201629986778,10.98201629986778,45.23070963701721,300390,CNE100001XM0,Materials,Asia / Pacific,48.93,0.1480820657718504,37.03893998939208,12.758939989392076,52.54917623308103,v9_9,2025-11-24,21.691125329632886,36.79238986844358,75.98207988276687,54.290954553133986
4.8873,3.488338465366817,1.398961534633183,-28.624425237517297,598,CNE1000004F1,Industrials,Asia / Pacific,5.0,0.1214868757314441,5.252206317410402,0.36490631741040236,7.466419442440659,v9_9,2025-11-24,4.861499841805359,4.966076891459165,27.582543565782643,22.721043723977285
66.3031,70.39203693408295,4.088936934082952,6.167037339254049,300347,CNE100001KV8,Health Care,Asia / Pacific,49.59,0.09637968736219799,72.23010582713727,5.927005827137265,8.939258989605712,v9_9,2025-11-24,62.277977368131346,66.21462523429445,78.4941514212838,16.216174053152457
2266.1999999999953,2291.8298543068113,25.629854306816014,1.1309617115354367,GAS,VN000000GAS3,Utilities,Asia / Pacific,2157.499999999995,0.10886072795150313,2266.1999999999957,4.547473508864641e-13,2.0066514468558162e-14,v9_9,2025-11-24,1199.174952302449,2333.218720461535,2528.300007459758,1329.1250551573091
3686.972025,3669.116039429156,17.85598557084404,-0.484299459007803,9401,JP3588600001,Communication Services,Asia / Pacific,3671.5,0.07796255164340457,3684.680360271822,2.291664728178148,-0.06215573952390235,v9_9,2025-11-24,1199.4451297895416,3639.4114175655222,3976.2844081524604,2776.839278362919
12.0663,11.991478351141845,0.07482164885815479,-0.6200877556347413,002459,CNE100000SD1,Information Technology,Asia / Pacific,12.21,0.06746540950293395,13.754997742808763,1.6886977428087633,13.995157942441041,v9_9,2025-11-24,11.761561016160787,12.455112830672652,23.1545097561949,11.392948740034115
7.2,5.905028219582102,1.2949717804178986,-17.985719172470812,000932,CNE000001006,Materials,Asia / Pacific,5.8,0.14499369810745746,7.6808142551950676,0.4808142551950674,6.677975766598158,v9_9,2025-11-24,6.726069004976204,6.9722902589949465,13.6693734594155,6.9433044544392954
57.5309,62.24285005395783,4.711950053957828,8.190294353048237,002032,CNE000001KS5,Consumer Discretionary,Asia / Pacific,49.98,0.10645452985048537,64.05008228531533,6.519182285315324,11.331618808875445,v9_9,2025-11-24,55.26152319210358,64.82091347685814,72.03169559060355,16.770172398499966
72.8311,68.30939974503849,4.521700254961516,-6.208474477196576,603606,CNE100001T23,Industrials,Asia / Pacific,58.04,0.1189309350250568,70.14692831505381,2.684171684946193,-3.685474591137842,v9_9,2025-11-24,62.689507323979115,62.86055383595691,75.1553727312241,12.46586540724499
21.7706,22.06783834074566,0.2972383407456576,1.365319930298924,KLK,MYL2445OO004,Consumer Staples,Asia / Pacific,20.6,0.10422993509084329,23.812778880905363,2.042178880905361,9.380443721832934,v9_9,2025-11-24,19.99075457947945,21.28812591342769,26.243636438563016,6.2528818590835655
4367.1429,4173.533505457971,193.6093945420289,-4.433319425888923,3038,JP3291200008,Consumer Staples,Asia / Pacific,3870.0,0.10325284980066794,4182.84828215608,184.2946178439197,-4.220027190864757,v9_9,2025-11-24,1199.4451297895416,4632.354081907236,4667.662461903622,3468.2173321140804
25.1429,23.5895009467416,1.5533990532583992,-6.178281157934841,CPF,TH0101A10Z01,Consumer Staples,Asia / Pacific,21.5,0.10270879973707665,25.392101944766946,0.2492019447669449,0.9911424090576062,v9_9,2025-11-24,23.557386803515254,25.615186307973026,27.79232013913386,4.2349333356186065
2486.6667,2814.834698315879,328.1679983158788,13.197104313009811,3099,JP3894900004,Consumer Discretionary,Asia / Pacific,2399.0,0.10238426347555975,2821.1276734378844,334.46097343788415,13.450173014255757,v9_9,2025-11-24,1199.229985519447,2668.0285539265433,3174.073656618894,1974.843671099447
4.7,3.7749903761110994,0.9250096238889007,-19.681055827423418,600968,CNE100003L78,Energy,Asia / Pacific,3.76,0.0870740105767722,5.555999800131887,0.8559998001318867,18.212761704933758,v9_9,2025-11-24,5.145745767235416,5.176731265214699,22.788221199524955,17.642475432289537
6981.214255000021,7003.781883140933,22.567628140912348,0.3232622193875395,A003490,KR7003490000,Industrials,Asia / Pacific,6330.799999999976,0.11408622970054008,6981.21425500002,9.094947017729282e-13,-1.3027743721252192e-14,v9_9,2025-11-24,1199.3037687895417,6194.067836163211,6995.853007498682,5796.54923870914
10.294,10.197604156348309,0.09639584365169185,-0.9364274689303657,CEN,NZCENE0001S6,Utilities,Asia / Pacific,9.6,0.10264615829210251,12.002563888704616,1.7085638887046155,16.59766746361585,v9_9,2025-11-24,10.133418378313321,10.54514838086115,24.516077557587945,14.382659179274624
268.6667,284.3967439233698,15.730043923369806,5.854854331917505,603129,CNE100002W84,Consumer Discretionary,Asia / Pacific,248.05,0.10105029917139653,287.03319687289394,18.366496872893947,6.836164241007146,v9_9,2025-11-24,238.27715401672535,265.89802399365595,295.96841884666827,57.691264829942924
9.8,9.917294745848467,0.11729474584846677,1.1968851617190488,002456,CNE100000S33,Information Technology,Asia / Pacific,11.22,0.06363621695989494,11.688437661842173,1.8884376618421719,19.269772059613995,v9_9,2025-11-24,7.082401052357791,11.071340854135777,23.2916307441387,16.20922969178091
329.0241,305.68417346156593,23.339926538434042,-7.093682966820378,9899,KYG2215N1097,Communication Services,Asia / Pacific,189.4,0.0731174651905687,307.28203027402395,21.742069725976023,-6.608047777040047,v9_9,2025-11-24,237.76168280991897,316.44117771795436,339.29358005938786,101.5318972494689
2700.0,3293.1208172643123,593.1208172643123,21.96743767645601,3197,JP3396210001,Consumer Discretionary,Asia / Pacific,3513.94999999999,0.09924823962440266,3293.6819017875755,593.6819017875755,21.98821858472502,v9_9,2025-11-24,1170.503978223486,3233.2134284721824,3817.342824461545,2646.838846238059
30.0,26.248899196322398,3.751100803677602,-12.503669345592005,002407,CNE100000P85,Materials,Asia / Pacific,32.1,0.13478577968540972,28.031515304064104,1.9684846959358957,-6.561615653119652,v9_9,2025-11-24,24.158112797714296,25.29871915847236,32.02804299464172,7.869930196927427
45.5375,47.573034762775535,2.0355347627755336,4.470018693989643,AP,PHY0005M1090,Utilities,Asia / Pacific,42.4,0.09934550982179394,49.68295589879348,4.145455898793479,9.103389291887957,v9_9,2025-11-24,45.26649479715839,45.509102183551086,56.53238434365638,11.265889546497995
29.8254,30.558629600798042,0.7332296007980439,2.458406595713868,APE,AU000000APE3,Consumer Discretionary,Asia / Pacific,28.5,0.098541713845898,32.33290751974695,2.507507519746955,8.407288820089438,v9_9,2025-11-24,28.903565545038497,30.957888189389532,44.12308449680546,15.219518951766965
6.289,4.642048196538856,1.6469518034611434,-26.187816878059206,3323,CNE1000002N9,Materials,Asia / Pacific,5.31,0.1336879187529538,6.407325988424656,0.11832598842465636,1.8814754082470402,v9_9,2025-11-24,5.37321772429427,6.459582810113569,19.198003197895808,13.824785473601537
18.0,17.252914727208793,0.7470852727912067,-4.150473737728926,688728,CNE100004PM0,Information Technology,Asia / Pacific,14.24,0.06176906758125026,18.98349409388424,0.9834940938842394,5.463856077134663,v9_9,2025-11-24,15.215090174322187,21.41689194773753,26.475849451939,11.260759277616812
1345.4545,1217.8799708011502,127.57452919884986,-9.481891004032455,360ONE,INE466L01038,Financials,Asia / Pacific,1139.7,0.058492092768096596,1222.5771137051138,122.87738629488626,-9.132779019646243,v9_9,2025-11-24,1051.9435597532515,1172.2824387517642,1230.818643864981,178.8750841117294
282.8182,283.89873622012226,1.0805362201222692,0.3820603554234732,8046,TW0008046004,Information Technology,Asia / Pacific,250.0,0.061703419344554804,286.42869174821703,3.6104917482170436,1.2766122364886854,v9_9,2025-11-24,235.05775958387554,283.24891754685973,366.60509512300763,131.5473355391321
1009.3333,1089.493457991315,80.16015799131492,7.941891740945723,3231,JP3762900003,Real Estate,Asia / Pacific,936.7,0.24536678854822405,1093.2646389730626,83.93133897306257,8.315522629944198,v9_9,2025-11-24,851.4884217855267,1144.5604184618192,1255.5796268423244,404.09120505679766
325.2,306.56112178977236,18.63887821022763,-5.731512364768644,2376,TW0002376001,Information Technology,Asia / Pacific,239.5,0.061269918864270696,309.2107865523632,15.989213447636814,-4.916732302471345,v9_9,2025-11-24,279.9741104493445,306.2312060747171,317.9110137046855,37.93690325534101
21.586,23.095956579141607,1.5099565791416083,6.995073562223703,PETDAG,MYL5681OO001,Consumer Discretionary,Asia / Pacific,21.02,0.09542594879842563,24.8933520890199,3.3073520890199006,15.321745988232655,v9_9,2025-11-24,21.829527227745828,22.27289857185508,26.594845107425467,4.765317879679639
4.6937,3.784727975662804,0.9089720243371957,-19.365788702669445,601933,CNE100000XX9,Consumer Staples,Asia / Pacific,4.01,0.09461129242728634,5.530362478257302,0.8366624782573027,17.825222708253673,v9_9,2025-11-24,3.70784850226214,4.997752716669332,15.578923385227688,11.871074882965548
360.0,350.38202446370053,9.617975536299468,-2.6716598711942967,3044,TW0003044004,Information Technology,Asia / Pacific,300.5,0.060289514276779324,353.0978152508459,6.902184749154117,-1.917273541431699,v9_9,2025-11-24,321.56876918199754,327.44625092567526,432.6009273292556,111.03215814725809
10.77,7.904441884390275,2.8655581156097245,-26.60685344113022,000728,CNE000000QZ9,Financials,Asia / Pacific,8.18,0.056959769980413875,9.659109017388177,1.1108909826118225,-10.314679504288046,v9_9,2025-11-24,9.826746600580737,10.511381185678617,23.059330572607784,13.232583972027047
80.4,87.76778504077069,7.367785040770684,9.163911742252093,603160,CNE100002G84,Information Technology,Asia / Pacific,77.23,0.06002778512258559,89.55855858388348,9.158558583883476,11.391242019755566,v9_9,2025-11-24,78.12479730821336,94.8419254851562,97.41099954731826,19.286202239104895
9.0,7.376971043009426,1.6230289569905736,-18.03365507767304,002673,CNE100001D96,Financials,Asia / Pacific,7.94,0.056532205747612495,9.135319139408185,0.1353191394081854,1.5035459934242823,v9_9,2025-11-24,8.268144759760185,8.649444157160449,23.059330572607784,14.7911858128476
9.595,6.505108802014071,3.0898911979859296,-32.20313911397529,000800,CNE000000R85,Industrials,Asia / Pacific,7.15,0.1047423053725296,8.242658345863575,1.352341654136426,-14.094232976929922,v9_9,2025-11-24,8.79946366755288,8.877135121414366,23.59712893602396,14.79766526847108
1890.0,2006.0307331625631,116.03073316256314,6.139192230823447,9508,JP3246400000,Utilities,Asia / Pacific,1637.0,0.09422389190452367,2010.6537631119445,120.6537631119445,6.383796990049974,v9_9,2025-11-24,1199.2277156703358,1851.0945861022394,1864.031181289875,664.8034656195391
77.495,86.61304541968306,9.118045419683057,11.765978991784058,688002,CNE100003MX6,Information Technology,Asia / Pacific,77.22,0.05879712748242806,88.42315684340191,10.928156843401908,14.101757330668956,v9_9,2025-11-24,73.61166375571634,74.46557003929763,83.5583609066761,9.946697150959764
61.0,58.24637407557377,2.753625924426231,-4.514140859715133,688065,CNE100004447,Materials,Asia / Pacific,47.9,0.12506915002774008,60.13830870505363,0.8616912949463682,-1.4126086802399478,v9_9,2025-11-24,51.22936415619239,60.710997953952095,68.32496401608371,17.095599859891323
3994.8947,3984.2868407465103,10.60785925348955,-0.2655353907948951,532644,INE823G01014,Materials,Asia / Pacific,3490.0,0.12480442517479977,3994.8946999999994,4.547473508864641e-13,-1.138321245079286e-14,v9_9,2025-11-24,1199.4451297895416,3988.259084756705,4072.480932472328,2873.035802682786
3916.1609249999983,3879.3611369014743,36.799788098524004,-0.9396903958568561,PAGEIND,INE761H01022,Consumer Discretionary,Asia / Pacific,3513.94999999999,0.09161904687140139,3887.6070289812183,28.55389601878005,-0.7291297923049489,v9_9,2025-11-24,1199.4451297895416,3902.5976619269045,3911.1069975694536,2711.661867779912
12.9,10.107859043793711,2.792140956206289,-21.644503536482862,600352,CNE000001FJ4,Materials,Asia / Pacific,10.57,0.12457439208686176,11.876544294777142,1.0234557052228581,-7.933765156766341,v9_9,2025-11-24,10.761611395720498,12.396585520885719,23.281579643888044,12.519968248167546
1662.0833,1331.5101499498207,330.57315005017927,-19.88908438284527,TEL,PHY7072Q1032,Communication Services,Asia / Pacific,1310.0,0.06633720939303936,1336.3357475824828,325.7475524175172,-19.598750099800487,v9_9,2025-11-24,1051.807187873248,1485.1415500736343,1635.3368664397476,583.5296785664996
3916.1609249999983,3880.6862378560127,35.47468714398565,-0.9058536618738584,A161390,KR7161390000,Consumer Discretionary,Asia / Pacific,3513.94999999999,0.09089031432731924,3888.901327724553,27.25959727544523,-0.6960795993194596,v9_9,2025-11-24,1199.4451297895416,3954.485424557605,3980.420818350346,2780.9756885608044
1960.0,2015.3172338227812,55.31723382278119,2.8223078481010813,5406,JP3289800009,Materials,Asia / Pacific,1903.5,0.12331961763270331,2023.2021271774497,63.20212717744971,3.2245983253800876,v9_9,2025-11-24,1199.4451297895416,1785.4915761050877,1977.827098410997,778.3819686214554
13.2367,10.914826066956039,2.321873933043962,-17.54118423054056,601611,CNE100002896,Industrials,Asia / Pacific,11.2,0.10032205467098398,12.6760138430044,0.560686156995601,-4.235845467492661,v9_9,2025-11-24,11.711317018187763,12.067496683215667,23.319039344588592,11.607722326400829
5276.562499999999,5263.844239538012,12.718260461987484,-0.2410330676835058,VNM,VN000000VNM8,Consumer Staples,Asia / Pacific,4734.5,0.08898299491553016,5276.562499999999,0.0,0.0,v9_9,2025-11-24,1199.4451297895416,5042.065787863689,5265.669565478133,4066.2244356885917
21.0154,23.705815050869088,2.6904150508690883,12.802112026747473,002155,CNE1000006B5,Materials,Asia / Pacific,21.35,0.12072547418972711,25.501868273238923,4.486468273238923,21.348479083143427,v9_9,2025-11-24,21.477171463395926,24.733867985505288,32.7065595910246,11.229388127628674
5013.309999999996,5002.836892151661,10.473107848334621,-0.20890604906408397,A016360,KR7016360000,Financials,Asia / Pacific,4513.579999999998,0.05292343067664417,5013.309999999997,9.094947017729282e-13,1.814160109334809e-14,v9_9,2025-11-24,1199.222726550339,5013.894059948585,5039.130552724315,3839.907826173976
46.325,45.664563643102134,0.6604363568978684,-1.4256586225534127,2356,TW0002356003,Information Technology,Asia / Pacific,40.8,0.05573917832161954,46.43765,0.11264999999999503,0.2431732325957799,v9_9,2025-11-24,45.238316547183224,45.38899730367058,48.551547526862954,3.31323097967973
2042.6364,2077.9589445965385,35.322544596538364,1.7292624667091199,NH,INE410P01011,Health Care,Asia / Pacific,2043.2,0.07807236873847068,2083.9665319896003,41.330131989600204,2.0233719515426336,v9_9,2025-11-24,1199.4451297895416,1995.2446366755682,2238.3385076970367,1038.893377907495
314.4839,307.25876776370563,7.225132236294371,-2.2974569560776787,PETRONET,INE347G01014,Energy,Asia / Pacific,275.15,0.07416890316645594,309.7430029838629,4.740897016137126,-1.5075166061401317,v9_9,2025-11-24,284.575697883252,297.4414205387584,392.8895054236907,108.31380754043869
23.643,17.39172547383864,6.25127452616136,-26.44027630233625,317,CNE100000395,Industrials,Asia / Pacific,14.84,0.097066586423173,19.147011590089512,4.495988409910488,-19.016150276659,v9_9,2025-11-24,16.349316596439156,20.059495087928166,24.84002447140283,8.490707874963675
5013.309999999996,5004.075398691086,9.234601308909987,-0.18420168130257245,A039490,KR7039490008,Financials,Asia / Pacific,4513.579999999998,0.05185357047946512,5013.309999999997,9.094947017729282e-13,1.814160109334809e-14,v9_9,2025-11-24,1199.494212550339,5034.214551750957,5072.244402596452,3872.7501900461134
40.0598,46.52418163320763,6.46438163320763,16.136829522882365,772,KYG2121R1039,Communication Services,Asia / Pacific,34.86,0.06292630143790896,48.35029318486289,8.290493184862889,20.695293498377147,v9_9,2025-11-24,41.61364395421292,46.250417033250876,56.59390394549371,14.98025999128079
18.17,19.217652807788212,1.0476528077882108,5.765838237689657,002085,CNE000001PF1,Consumer Discretionary,Asia / Pacific,15.25,0.08606774506940904,21.016986392509978,2.846986392509976,15.66860975514571,v9_9,2025-11-24,18.706277703031326,18.896210328587976,25.480884150507737,6.774606447476412
49.3778,50.10799482480246,0.7301948248024601,1.4787917339420955,002472,CNE100000TF4,Consumer Discretionary,Asia / Pacific,37.99,0.08577925191309103,51.965990006609395,2.588190006609395,5.241606565317602,v9_9,2025-11-24,44.093406335586224,50.3200175506985,59.19879735398853,15.105391018402308
59.8167,59.66044657030098,0.15625342969902078,-0.2612204111878803,603833,CNE100002RB3,Consumer Discretionary,Asia / Pacific,53.2,0.08564114141489422,61.57529725500421,1.7585972550042115,2.9399770549097686,v9_9,2025-11-24,58.86650962357467,62.21760765683063,75.21775136372719,16.351241740152517
6981.214255000021,6999.943667727474,18.729412727453564,0.26828302417504746,A000720,KR7000720003,Industrials,Asia / Pacific,6330.799999999976,0.09547120736742684,6981.21425500002,9.094947017729282e-13,-1.3027743721252192e-14,v9_9,2025-11-24,1199.4451297895416,6214.9454224566625,6975.282634065088,5775.837504275547
5013.309999999996,5004.562672395415,8.747327604581187,-0.17448208079255412,A377300,KR7377300009,Financials,Asia / Pacific,4513.579999999998,0.05101707821168295,5013.309999999997,9.094947017729282e-13,1.814160109334809e-14,v9_9,2025-11-24,1199.5752547895415,5013.765636638906,5094.408422960287,3894.833168170745
3994.8947,3985.049576138167,9.84512386183269,-0.24644263744505432,4021,JP3670800006,Materials,Asia / Pacific,3490.0,0.11569143222816933,3994.8946999999994,4.547473508864641e-13,-1.138321245079286e-14,v9_9,2025-11-24,1199.4451297895416,3934.5584963496817,3993.6028324166955,2794.157702627154
1985.2941,1813.598736104546,171.69536389545397,-8.648359147163836,4751,JP3311400000,Communication Services,Asia / Pacific,1385.0,0.06169680294932119,1820.0152953939698,165.27880460603023,-8.325154676379194,v9_9,2025-11-24,1199.4451297895416,1853.1696077891368,1884.4014516079287,684.9563218183871
15.95,18.29832087550575,2.348320875505749,14.723014893452973,002436,CNE100000QD5,Information Technology,Asia / Pacific,18.66,0.05318864560684807,20.094707797345535,4.144707797345536,25.98562882348298,v9_9,2025-11-24,17.296975200243562,19.067788859883684,26.78775518169916,9.4907799814556
220.0513,232.55366096705322,12.502360967053221,5.68156651065148,688019,CNE100003ML1,Information Technology,Asia / Pacific,185.26,0.052416415033088345,234.89687182822297,14.845571828222972,6.746414053551591,v9_9,2025-11-24,192.93198764774093,228.19723002652646,236.5813850140993,43.649397366358386
12.95,10.91642850786809,2.033571492131909,-15.703254765497366,600153,CNE000000WL7,Industrials,Asia / Pacific,10.74,0.09225478455780134,12.677596516456292,0.272403483543707,-2.103501803426309,v9_9,2025-11-24,10.45057716900835,11.986360985917107,28.882852381017347,18.432275212008996
8.0,7.8469313954517315,0.15306860454826854,-1.9133575568533567,600637,CNE0000004Z1,Communication Services,Asia / Pacific,9.24,0.06003255447601704,9.617013168470086,1.617013168470086,20.212664605876075,v9_9,2025-11-24,7.639509145123962,8.60063900894177,22.788221199524955,15.148712054400992
4503.65,4466.890016223763,36.75998377623637,-0.8162264779953231,517569,INE878B01027,Industrials,Asia / Pacific,4080.9,0.09166076744203608,4476.759343445173,26.89065655482682,-0.5970858427015159,v9_9,2025-11-24,1199.3037687895417,4635.532064994795,4856.077943431193,3656.774174641651
3916.1609249999983,3918.7155049459393,2.5545799459409864,0.0652317408519413,A021240,KR7021240007,Consumer Discretionary,Asia / Pacific,3513.94999999999,0.0811629718196243,3916.160924999998,4.547473508864641e-13,-1.1612070075656157e-14,v9_9,2025-11-24,1200.6135583805417,3905.583442493367,3922.574298308319,2721.9607399277775
14.6433,12.931354717618985,1.7119452823810146,-11.690980054912584,1888,KYG5257K1076,Information Technology,Asia / Pacific,10.64,0.05107445154800732,14.72431724841767,0.08101724841766966,0.5532717926810873,v9_9,2025-11-24,11.616397461736575,13.60489993538064,32.56726256400552,20.950865102268942
4976.34025,4960.823436312653,15.516813687347167,-0.3118117513638093,4733,JP3173500004,Information Technology,Asia / Pacific,4452.5,0.05092711321226601,4976.340249999999,9.094947017729282e-13,-1.8276376937307054e-14,v9_9,2025-11-24,1199.4451297895416,4792.566370666706,5345.373423817046,4145.928294027504
6981.214255000021,6631.566037215501,349.64821778452006,-5.00841551359204,6370,JP3270000007,Industrials,Asia / Pacific,6094.0,0.08962952723081519,6658.993803955095,322.22045104492554,-4.615535912168113,v9_9,2025-11-24,1199.4451297895416,6492.300322820798,6713.703416824629,5514.258287035087
3347.7778,3322.8060447958082,24.971755204191595,-0.745920329724141,2670,JP3152740001,Consumer Discretionary,Asia / Pacific,2683.5,0.08008594368911635,3322.250468616464,25.527331383535966,-0.7625157017152084,v9_9,2025-11-24,1199.4451297895416,3081.221892139778,3184.2616531241906,1984.816523334649
5276.562499999999,5236.830997584558,39.731502415441355,-0.752980797923674,MSN,VN000000MSN4,Consumer Staples,Asia / Pacific,4734.5,0.07935893689407043,5251.106205646501,25.45629435349838,-0.4824408761101263,v9_9,2025-11-24,1199.4451297895416,5073.9627174807865,5326.839109461375,4127.393979671833
43.18,41.9434348264311,1.2365651735688985,-2.863745191220237,1102,TW0001102002,Materials,Asia / Pacific,37.4,0.10822016034533782,43.675006465997754,0.4950064659977542,1.1463790319540395,v9_9,2025-11-24,39.77497574283178,41.846168956172676,49.16617874610921,9.391203003277433
6981.214255000021,6976.447341087239,4.766913912782002,-0.06828201711998577,5631,JP3721400004,Industrials,Asia / Pacific,6330.799999999976,0.0885182677372898,6981.21425500002,9.094947017729282e-13,-1.3027743721252192e-14,v9_9,2025-11-24,1199.4451297895416,6270.845997867979,6588.493115647361,5389.04798585782
31.94,30.73084564227844,1.2091543577215624,-3.7857055658157868,002130,CNE1000000C6,Industrials,Asia / Pacific,24.0,0.08846145443116601,32.50280225719444,0.5628022571944378,1.7620609179537814,v9_9,2025-11-24,27.810153211177003,32.471721736416605,35.962119090199494,8.151965879022491
5.745,3.9390700558040663,1.8059299441959338,-31.434811909415732,000883,CNE000000750,Utilities,Asia / Pacific,4.59,0.07853769060324901,5.712304530320435,0.03269546967956494,-0.5691117437696246,v9_9,2025-11-24,4.8535826099446195,5.70045103627253,22.788221199524955,17.934638589580334
4.9524,3.6875411985117292,1.2648588014882707,-25.540319874975175,552,CNE1000002G3,Industrials,Asia / Pacific,4.65,0.08690314660605658,5.458173497954228,0.5057734979542277,10.212694813711083,v9_9,2025-11-24,4.774518532265186,5.529718411549443,15.302618093979252,10.528099561714065
47.4425,46.14971944249542,1.2927805575045852,-2.7249418928272857,002487,CNE100000VV7,Industrials,Asia / Pacific,46.01,0.08670484842560908,47.929106289543554,0.4866062895435519,1.0256759014460703,v9_9,2025-11-24,38.47987473833889,45.47655632849829,48.71345184776936,10.23357710943047
103.6191,103.35282868861738,0.2662713113826243,-0.25697126435437506,2145,CNE100005MX1,Consumer Staples,Asia / Pacific,80.1,0.0764547578130584,105.21773437319872,1.5986343731987205,1.5427989368743025,v9_9,2025-11-24,84.64401219181457,100.16305988643686,111.84806119463597,27.204049002821407
1542.5625,1582.2002291142257,39.63772911422575,2.5696027949743203,IPCALAB,INE571A01038,Health Care,Asia / Pacific,1444.0,0.06864673085754568,1585.0559834957373,42.49348349573734,2.7547333411603963,v9_9,2025-11-24,1199.4451297895416,1565.47736859026,1889.1011245730385,689.6559947834969
1873.1364,1910.8292843379097,37.69288433790962,2.012287217199432,500067,INE472A01039,Industrials,Asia / Pacific,1778.0,0.08564930545623597,1919.3213170827812,46.18491708278111,2.465646232852082,v9_9,2025-11-24,1199.4451297895416,2022.686317128188,2430.9274039588827,1231.482274169341
5276.562499999999,5215.588921968368,60.973578031631405,-1.1555549286421114,2501,JP3320800000,Consumer Staples,Asia / Pacific,4734.5,0.07534267538659202,5225.107961868265,51.4545381317339,-0.9751526326416851,v9_9,2025-11-24,1170.503978223486,5147.763357113709,5400.788470118341,4230.284491894855
80.348,87.19860694294667,6.850606942946669,8.52616983987986,300724,CNE100003G91,Information Technology,Asia / Pacific,82.27,0.04783029338499306,88.99891224360749,8.650912243607493,10.766804704046763,v9_9,2025-11-24,66.07315528023646,90.90421907033328,113.2492873351015,47.176132054865036
6981.214255000021,6975.671896076201,5.542358923819847,-0.0793896121989144,A001040,KR7001040005,Industrials,Asia / Pacific,6330.799999999976,0.08423006958511295,6981.21425500002,9.094947017729282e-13,-1.3027743721252192e-14,v9_9,2025-11-24,1199.6124175455416,6958.554211755402,7005.678531980464,5806.066114434922
10.776,10.544874882494849,0.23112511750515097,-2.1448136368332498,002153,CNE100000668,Information Technology,Asia / Pacific,10.4,0.047480827583636795,12.325229931569886,1.5492299315698865,14.37666974359583,v9_9,2025-11-24,9.720614101308584,10.702415597445285,23.5372332741502,13.816619172841616
1600.0,1550.5645033793799,49.43549662062014,-3.089718538788759,8334,JP3276400003,Financials,Asia / Pacific,1646.0,0.04463032264647507,1555.8173872390294,44.18261276097064,-2.761413297560665,v9_9,2025-11-24,1199.4451297895416,1509.5980059950796,1588.0008025228688,388.5556727333271
2188.1818,1911.8705805931047,276.31121940689513,-12.627434311303345,GLO,PHY272571498,Communication Services,Asia / Pacific,1601.0,0.05385187068024826,1918.163691369594,270.0181086304058,-12.339838884977738,v9_9,2025-11-24,1199.4451297895416,1830.3258705868645,1908.5484112948386,709.103281505297
16.55,16.25909780388782,0.2909021961121816,-1.7577171970524565,000830,CNE000000WN3,Materials,Asia / Pacific,14.61,0.09992269073599112,18.04611518226225,1.4961151822622476,9.0399708898021,v9_9,2025-11-24,16.05680552026794,17.75435541727455,24.58609469890567,8.529289178637729
1982.0,2336.3681438037543,354.36814380375426,17.879321079906877,7276,JP3284600008,Consumer Discretionary,Asia / Pacific,2266.0,0.07282160419862935,2346.100327617968,364.1003276179681,18.37034952663815,v9_9,2025-11-24,1170.503978223486,2141.850972631416,2211.4139746344044,1040.9099964109184
53.0,44.81556810720323,8.184431892796773,-15.442324326031647,300346,CNE100001K48,Materials,Asia / Pacific,39.17,0.097108388015116,46.67431083471279,6.3256891652872085,-11.935262576013601,v9_9,2025-11-24,36.83134333439925,46.17333306529136,55.80556810261699,18.974224768217738
67.9412,62.58786449139873,5.353335508601262,-7.879365552273527,603596,CNE1000030Y7,Consumer Discretionary,Asia / Pacific,44.76,0.07150478195912244,64.43519743594769,3.5060025640523094,-5.160348307142513,v9_9,2025-11-24,54.96841725653235,66.58294005186053,67.24414690430062,12.275729647768273
2840.0,2559.496629950308,280.50337004969197,-9.87687922710183,9962,JP3885400006,Industrials,Asia / Pacific,2183.0,0.07940335148492886,2567.605137271068,272.3948627289319,-9.591368405948307,v9_9,2025-11-24,1199.4451297895416,2520.638554993384,2595.3771448722778,1395.9320150827361
81.83,92.42938126061621,10.599381260616212,12.952928339992928,300751,CNE100003FS0,Information Technology,Asia / Pacific,96.5,0.04484465600370246,94.27865170459825,12.448651704598248,15.21282134253727,v9_9,2025-11-24,70.77378401217348,80.19983024557935,132.90010684946319,62.126322837289706
6981.214255000021,6975.667580064681,5.546674935339979,-0.07945143541995421,A000880,KR7000880005,Industrials,Asia / Pacific,6330.799999999976,0.07896770968584843,6981.21425500002,9.094947017729282e-13,-1.3027743721252192e-14,v9_9,2025-11-24,1199.4710565455416,6953.90899936868,7004.747241962807,5805.276185417265
4976.34025,4966.466972297481,9.873277702518862,-0.19840439372124646,6806,JP3799000009,Information Technology,Asia / Pacific,4452.5,0.04453554165610448,4976.340249999999,9.094947017729282e-13,-1.8276376937307054e-14,v9_9,2025-11-24,1199.4451297895416,4945.581082809627,5253.111171827618,4053.6660420380763
46.94,27.644560507388096,19.2954394926119,-41.106603094614194,002180,CNE1000007W9,Information Technology,Asia / Pacific,18.72,0.04395013707925627,29.34636814757336,17.593631852426636,-37.481107482800674,v9_9,2025-11-24,25.987530724489293,31.542431565072654,43.770589222117145,17.783058497627852
5013.309999999996,4989.451972169806,23.858027830189712,-0.4758937275011865,CRISIL,INE007A01025,Financials,Asia / Pacific,4513.579999999998,0.04115520591146854,4982.92457023971,30.38542976028566,-0.606095169863537,v9_9,2025-11-24,1199.4451297895416,5021.06560137029,5168.1140027650235,3968.668872975482
1545.9091,1935.9967130934558,390.08761309345573,25.23354142190221,7731,JP3657400002,Consumer Discretionary,Asia / Pacific,1748.5,0.06900788440498046,1944.4019079746881,398.49280797468805,25.777247056420588,v9_9,2025-11-24,1170.503978223486,1726.633543668637,1993.91808637947,823.414108155984
39.975,46.436423477026544,6.461423477026543,16.163660980679282,603920,CNE100002XQ9,Information Technology,Asia / Pacific,36.19,0.043478259528272376,48.324000342210034,8.349000342210033,20.885554326979445,v9_9,2025-11-24,40.04979831526537,46.09699733656765,46.396044699615516,6.346246384350145
30.775,31.115108952042164,0.34010895204216496,1.1051468790972054,002831,CNE100002H00,Materials,Asia / Pacific,28.78,0.09313911637939659,32.932521531882024,2.1575215318820256,7.01063048540057,v9_9,2025-11-24,29.31455036035332,32.575365590973185,41.86604632286858,12.551495962515258
1382.2308,1243.1112550062735,139.11954499372655,-10.064856389665644,NCKL,ID1000188006,Materials,Asia / Pacific,970.0,0.09298727319257905,1245.832476603333,136.39832339666714,-9.867984666284903,v9_9,2025-11-24,1052.1325686972025,1193.2544524106304,1560.720897554478,508.5883288572754
3461.1111,3396.7158142446638,64.39528575533632,-1.8605379571703526,8252,JP3870400003,Financials,Asia / Pacific,3157.0,0.040463648659858076,3401.473111121979,59.63798887802113,-1.723087966694312,v9_9,2025-11-24,1199.2277156703358,3208.504670205202,3416.6615551642326,2217.433839493897
561.5217,595.1986964413161,33.67699644131608,5.99745235870957,APOLLOTYRE,INE438A01022,Consumer Discretionary,Asia / Pacific,512.4,0.06807442106596903,598.6027099131187,37.08100991311869,6.603664633640817,v9_9,2025-11-24,461.0799682053833,654.4279126357628,687.0224855891964,225.94251738381314
3464.35,3553.923243849968,89.5732438499681,2.5855714304261435,THERMAX,INE152A01029,Industrials,Asia / Pacific,2886.7,0.07575194494540582,3563.9764000324058,99.62640003240585,2.8757602445597543,v9_9,2025-11-24,1199.4451297895416,3624.63763602173,3799.629059037404,2600.1839292478626
3916.1609249999983,3891.3414569366337,24.81946806336464,-0.6337703822363902,7564,JP3990100004,Consumer Discretionary,Asia / Pacific,3513.94999999999,0.06796806234662424,3899.3088643116866,16.852060688311667,-0.4303209446969209,v9_9,2025-11-24,1199.4451297895416,3892.710690177665,4087.139489144799,2887.6943593552573
641.6752,640.6837231038594,0.9914768961406253,-0.1545138250848132,MBMA,ID1000188303,Materials,Asia / Pacific,560.0,0.09199615615243774,643.54598706209,1.8707870620900167,0.29154735325442166,v9_9,2025-11-24,535.7930928981305,730.6388103093494,823.0596892967105,287.2665963985801
43.0,45.96257614007135,2.9625761400713486,6.8897119536543,603650,CNE1000036G1,Materials,Asia / Pacific,42.87,0.09138611480785964,47.71575157256362,4.715751572563619,10.966864122240974,v9_9,2025-11-24,38.1200687990148,46.86323717044649,52.99754823790394,14.87747943888914
87.0,100.08028027589698,13.080280275896982,15.034804914824118,SJVN,INE002L01015,Utilities,Asia / Pacific,81.03,0.0655509731947831,102.50411407631428,15.50411407631428,17.820820777372738,v9_9,2025-11-24,90.82052846771165,94.00877335893958,131.99966173559488,41.17913326788323
5.4997,13.691884863417192,8.192184863417193,148.95694062252838,1860,KYG622681008,Communication Services,Asia / Pacific,18.0,0.04829274461140513,15.445696631951408,9.94599663195141,180.84616673548393,v9_9,2025-11-24,9.86487964559167,19.486786244449092,30.209884167912772,20.345004522321105
455.0,420.8570959495165,34.14290405048348,-7.503934956150216,BELI,ID1000176001,Consumer Discretionary,Asia / Pacific,442.0,0.06626301130188991,422.2186605093294,32.781339490670575,-7.204689997949577,v9_9,2025-11-24,348.0446860748942,393.5328789075726,458.40130786813125,110.35662179323708
87.2717,85.33169175227209,1.9400082477279028,-2.2229522831890556,688114,CNE100005PC8,Health Care,Asia / Pacific,60.89,0.05901215924828043,87.35103372355958,0.07933372355958568,0.09090429493133018,v9_9,2025-11-24,80.66426684225141,86.16536894137126,100.50371024640621,19.839443404154807
1504.0,1568.3432728192672,64.34327281926721,4.278143139578937,9506,JP3605400005,Utilities,Asia / Pacific,1087.0,0.063974869346933,1570.8476158262115,66.8476158262115,4.444655307593849,v9_9,2025-11-24,1051.3850560604778,1141.5598009311545,1367.051609548182,315.66655348770405
85.0,119.02341000609553,34.02341000609553,40.0275411836418,003021,CNE100004934,Industrials,Asia / Pacific,102.46,0.07226132664290491,120.99440187214779,35.99440187214779,42.346355143703285,v9_9,2025-11-24,78.82237553719276,100.34181210756809,128.7920569793054,49.96968144211266
3916.1609249999983,3902.0488612491686,14.112063750829748,-0.36035454163134917,5947,JP3977400005,Consumer Discretionary,Asia / Pacific,3513.94999999999,0.06479054690715133,3914.365802466602,1.795122533396352,-0.045838834710204175,v9_9,2025-11-24,1199.4451297895416,3803.9839966421355,3889.8345455042618,2690.38941571472
21.05,89.85027986497153,68.80027986497153,326.8421846316937,300718,CNE1000035C2,Industrials,Asia / Pacific,82.84,0.07211413850232942,91.65047067403354,70.60047067403355,335.3941599716558,v9_9,2025-11-24,43.31975963239598,44.205020283325986,94.60296618085324,51.283206548457265
425.65,406.15970278864523,19.490297211354743,-4.578949186269175,6274,TW0006274004,Information Technology,Asia / Pacific,392.5,0.04082024633575328,408.51891288972723,17.131087110272745,-4.024688619822095,v9_9,2025-11-24,313.1382161417949,409.6644384201768,482.30195846632256,169.16374232452768
38.02,45.89811274531845,7.878112745318447,20.72096987195804,688248,CNE1000055Q0,Industrials,Asia / Pacific,43.18,0.07139947536969898,47.67010987338746,9.650109873387457,25.38166721038258,v9_9,2025-11-24,36.78514205791351,46.588399205468505,51.042941468676084,14.257799410762573
30.26,26.145749253108292,4.1142507468917096,-13.596334259390977,688772,CNE100005030,Industrials,Asia / Pacific,21.58,0.07110817007806816,27.95945041865529,2.300549581344711,-7.602609323677169,v9_9,2025-11-24,23.53239504452227,30.03235690040678,31.599800584819587,8.067405540297315
3994.8947,3931.380601005709,63.514098994290634,-1.589881680593249,532504,INE048G01026,Materials,Asia / Pacific,3490.0,0.08652739968942863,3943.0605658499408,51.83413415005907,-1.2975093974331557,v9_9,2025-11-24,1199.4451297895416,3942.840522849133,3971.9105299481803,2772.4654001586387
70.25,66.4279294091652,3.822070590834798,-5.440669880191884,3702,TW0003702007,Information Technology,Asia / Pacific,63.8,0.04031171929924579,68.22238170333638,2.0276182966636185,-2.8862893902684963,v9_9,2025-11-24,58.01368882821203,75.56226675846132,78.59276571122723,20.579076883015198
6.4233,4.293101852303741,2.130198147696259,-33.1636097908592,2689,BMG653181005,Materials,Asia / Pacific,5.66,0.08651032066665829,6.057584990868474,0.36571500913152644,-5.693568868518152,v9_9,2025-11-24,5.403655211066339,6.473653211041694,23.06452649077339,17.66087127970705
146.0,130.46454014358108,15.535459856418925,-10.640725929054058,534309,INE095N01031,Industrials,Asia / Pacific,112.7,0.07064291516575721,132.41698260853616,13.58301739146384,-9.30343656949578,v9_9,2025-11-24,104.45413633254152,128.46555700213375,138.01047790575004,33.55634157320851
6981.214255000021,6982.732212199173,1.5179571991520788,0.021743455274487553,A028050,KR7028050003,Industrials,Asia / Pacific,6330.799999999976,0.06997168459919825,6981.21425500002,9.094947017729282e-13,-1.3027743721252192e-14,v9_9,2025-11-24,1199.4451297895416,6866.441001585483,7029.047650576228,5829.602520786686
37.3818,36.11317971849741,1.268620281502585,-3.393684310286249,EBO,NZEBOE0001S6,Health Care,Asia / Pacific,29.13,0.05584932290014745,37.94013239444694,0.5583323944469427,1.493594194091624,v9_9,2025-11-24,36.21601443747216,37.16681416332125,61.96705881956581,25.751044382093646
34.275,36.7629682405317,2.4879682405317,7.258842423141357,300699,CNE1000034T9,Materials,Asia / Pacific,28.62,0.08411311970500256,38.644186905195454,4.3691869051954555,12.747445383502424,v9_9,2025-11-24,33.48063902838748,35.75038257840614,43.13476051846411,9.654121490076633
3.1206650000000002,1.13705569334737,1.9836093066526304,-63.563673340542174,SIME,MYL4197OO009,Industrials,Asia / Pacific,2.4457,0.0682567563085584,3.1206650000000007,4.440892098500626e-16,1.423059539713691e-14,v9_9,2025-11-24,2.8412304044233605,3.333327076965029,15.302618093979252,12.461387689555892
13.245,12.8617153540817,0.3832846459182999,-2.8938063111989423,002739,CNE100001WW1,Communication Services,Asia / Pacific,11.06,0.04465020640340628,14.573286629098872,1.3282866290988729,10.028589121169293,v9_9,2025-11-24,13.293559018194056,14.450190654284562,23.532384986888886,10.23882596869483
1692.3333,1651.0934574090245,41.23984259097551,-2.4368629153001664,KLBF,ID1000125107,Health Care,Asia / Pacific,1210.0,0.05459485214387022,1655.328679564698,37.00462043530206,-2.1866035747983013,v9_9,2025-11-24,1052.0024436972026,1684.3424200981271,1888.7287320355113,836.7262883383087
15.0,13.381867055188406,1.6181329448115935,-10.787552965410624,301301,CNE100005WX0,Health Care,Asia / Pacific,10.42,0.054414922515806645,15.202683099473804,0.2026830994738038,1.351220663158692,v9_9,2025-11-24,13.796103249502892,13.981618163230864,25.2010852286888,11.404981979185909
3994.8947,3878.483152525301,116.41154747469864,-2.9140079080106576,EMAS,ID1000211600,Materials,Asia / Pacific,3490.0,0.08246446028820316,3889.308117102499,105.58658289750065,-2.643037947846301,v9_9,2025-11-24,1098.9535129702772,2444.4593540517426,4047.216297055719,2948.262784085442
9.5,7.1910526807352415,2.3089473192647585,-24.304708623839563,600057,CNE000000QN5,Industrials,Asia / Pacific,8.34,0.06756117718223209,8.95606790372319,0.5439320962768104,-5.725601013440109,v9_9,2025-11-24,9.030374082803203,9.31828152036914,22.691011702456862,13.66063761965366
15.9114,15.36586281939963,0.5455371806003697,-3.428593213673025,551,BMG988031446,Consumer Discretionary,Asia / Pacific,15.78,0.06072047532841499,17.139780538523897,1.228380538523897,7.720128577773779,v9_9,2025-11-24,15.749590939754864,16.78015191289831,24.117947649181268,8.368356709426404
2285.9258449999948,2404.695321224365,118.76947622437046,5.195683686947016,ADRO,ID1000111305,Energy,Asia / Pacific,1870.0,0.050988312348921525,2285.9258449999948,0.0,0.0,v9_9,2025-11-24,1199.174952302449,2255.2041690193305,2265.6366814692683,1066.4617291668194
9.1157,6.422155191615671,2.6935448083843294,-29.548414366250856,548,CNE100000478,Industrials,Asia / Pacific,7.43,0.06677829421097428,8.164711478910217,0.9509885210897835,-10.4324245103479,v9_9,2025-11-24,8.435500561514196,8.443410057746286,23.126327162586534,14.690826601072338
2.56275,1.168002909556002,1.3947470904439978,-54.423845105609125,GENM,MYL4715OO008,Consumer Discretionary,Asia / Pacific,2.35,0.05989434468969474,2.96436979166647,0.4016197916664703,15.671438558832126,v9_9,2025-11-24,2.493615531161042,3.5704870563198012,15.302618093979252,12.80900256281821
37.9333,41.86357636196106,3.930276361961056,10.361018846135336,605090,CNE1000051T3,Energy,Asia / Pacific,33.25,0.050471492152793285,43.80524873936374,5.871948739363738,15.47966757272301,v9_9,2025-11-24,38.72054095329185,40.98316814489784,53.95530514946445,15.234764196172598
2145.0,2176.4674877292196,31.467487729219556,1.4670157449519607,1951,JP3254200003,Industrials,Asia / Pacific,2423.5,0.06576530638209543,2185.1938633757195,40.1938633757195,1.8738397844158274,v9_9,2025-11-24,1196.5148531137766,2209.8185208173886,2524.243703108618,1327.7288499948413
2520.0,2653.733451471482,133.7334514714821,5.306882994900084,4980,JP3548770001,Information Technology,Asia / Pacific,2921.0,0.037193057859388076,2661.037121678399,141.03712167839922,5.596711177714255,v9_9,2025-11-24,1199.4451297895416,2614.1950864332666,2952.161409664382,1752.7162798748404
3088.1818,3046.4516132464255,41.730186753574344,-1.3512865969734795,4182,JP3896800004,Materials,Asia / Pacific,2536.5,0.0797320835046795,3051.083576238132,37.09822376186776,-1.2012966257966988,v9_9,2025-11-24,1199.4451297895416,2903.0234683587764,3418.819372012073,2219.3742422225314
3896.0,4148.242039707673,252.24203970767303,6.474385002763682,1721,JP3305530002,Industrials,Asia / Pacific,4232.0,0.06526144474438761,4157.827229133865,261.82722913386533,6.720411425407222,v9_9,2025-11-24,1199.1803940183263,4107.011697144494,4371.217325360815,3172.036931342489
3.73,2.0424447911224712,1.6875552088775287,-45.24276699403562,600008,CNE000001295,Utilities,Asia / Pacific,3.04,0.05703187078941955,3.821977500686301,0.09197750068630084,2.4658847368981456,v9_9,2025-11-24,3.2240638892536486,3.5270106818042883,23.31402540132521,20.08996151207156
7.0094,5.651247201256887,1.358152798743113,-19.376163419737967,1066,CNE100000171,Health Care,Asia / Pacific,5.33,0.051692184311991324,7.412768054907915,0.40336805490791505,5.754673080547764,v9_9,2025-11-24,6.422415367173818,6.858760552929966,22.788221199524955,16.365805832351136
3994.8947,3979.218004818494,15.676695181505693,-0.39241823273854237,A009830,KR7009830001,Materials,Asia / Pacific,3490.0,0.07848184566594443,3991.67118262874,3.2235173712597316,-0.08069092212267151,v9_9,2025-11-24,1199.6809131395416,3886.4473884303147,4187.011982279836,2987.3310691402944
2943.3333,2780.414302498075,162.91899750192488,-5.535186840780991,2579,JP3293200006,Consumer Staples,Asia / Pacific,2890.5,0.05704069973154621,2790.6194637204426,152.7138362795572,-5.1884656175213735,v9_9,2025-11-24,1198.8806763895416,2824.0497127650583,3180.495515542977,1981.6148391534355
3.88,2.327050859783804,1.552949140216196,-40.02446237670608,GENTING,MYL3182OO002,Consumer Discretionary,Asia / Pacific,3.33,0.05756049154597693,4.100824035457779,0.2208240354577793,5.691341120045858,v9_9,2025-11-24,3.5849037928517733,4.559301089704743,15.302618093979252,11.71771430112748
1613.3333,1761.9449855006367,148.61168550063667,9.211468299863187,5076,JP3153850007,Industrials,Asia / Pacific,1906.0,0.06367045281652742,1769.01925765378,155.68595765377995,9.649956252299505,v9_9,2025-11-24,1132.013156480849,1613.2485629679295,1800.5395273981783,668.5263709173294
77.1,59.94010086848773,17.15989913151226,-22.25667851039204,301611,CNE100006LF8,Industrials,Asia / Pacific,50.09,0.06354651645374776,61.71782158202408,15.382178417975915,-19.950944770396777,v9_9,2025-11-24,54.464694003823425,66.40832756685892,77.33542463412302,22.87073063029959
448.4643,498.2275650718465,49.76326507184655,11.096371566665741,GUJGASLTD,INE844O01030,Utilities,Asia / Pacific,398.75,0.055468925126576286,500.28554553206305,51.821245532063074,11.555266613655329,v9_9,2025-11-24,427.4371798368728,534.7256832538475,545.0357876395428,117.59860780267002
3.8,1.6548311695824718,2.145168830417528,-56.451811326777054,600166,CNE000000WC6,Consumer Discretionary,Asia / Pacific,2.75,0.05699538780088675,3.437671338427888,0.36232866157211197,-9.534964778213473,v9_9,2025-11-24,3.150710573593241,3.467257950209502,23.01541914439977,19.86470857080653
37.245,35.39023658561212,1.8547634143878753,-4.97989908548228,600511,CNE000001D56,Health Care,Asia / Pacific,28.84,0.05080417254723354,37.2659613542746,0.020961354274604105,0.05627964632730327,v9_9,2025-11-24,34.66548199824706,39.36930849019022,50.6695550058387,16.004073007591643
238.135,233.55422182493928,4.580778175060715,-1.9236055913917378,301345,CNE100005ZC7,Consumer Discretionary,Asia / Pacific,199.22,0.05686351078074678,235.4792990945442,2.6557009054558023,-1.1152081405319683,v9_9,2025-11-24,214.71318783309795,277.88824755932933,288.18440772215206,73.47121988905411
2058.3333,1982.4420275205468,75.89127247945294,-3.6870254433260614,2871,JP3665200006,Consumer Staples,Asia / Pacific,1903.0,0.05620151266225272,1990.924679419061,67.40862058093876,-3.274912793809378,v9_9,2025-11-24,1199.4451297895416,2008.5142107522508,2150.7604316245374,951.3153018349958
20.31,18.56880102249884,1.7411989775011598,-8.573111656825013,601966,CNE100002GM3,Consumer Discretionary,Asia / Pacific,14.78,0.05660540582995585,20.287374362710512,0.022625637289486633,-0.11140146375916611,v9_9,2025-11-24,19.652014452588446,20.20632818124995,25.974776025005685,6.322761572417239
26.9857,25.56561492970591,1.4200850702940926,-5.2623614369614,TLX,AU000000TLX2,Health Care,Asia / Pacific,13.78,0.04993491792516965,27.397109786637742,0.41140978663774064,1.5245473959828377,v9_9,2025-11-24,20.210400746283682,32.25786353332394,37.526448682991294,17.316047936707612
5.92,4.299736386578912,1.6202636134210877,-27.369317794275133,000060,CNE000000FS7,Materials,Asia / Pacific,5.05,0.07571504397714933,6.064948725152228,0.14494872515222834,2.4484581951389925,v9_9,2025-11-24,4.66697179356784,6.1638093259869935,22.788221199524955,18.121249405957116
2072.0,1867.6298971690253,204.3701028309747,-9.863421951301868,3405,JP3269600007,Materials,Asia / Pacific,1524.0,0.07557414203929401,1875.8754030179425,196.12459698205748,-9.465472827319378,v9_9,2025-11-24,1199.229985519447,1837.3733116776318,1992.206602674547,792.9766171551
862.1667,970.6275276063138,108.46082760631384,12.580029779196277,AEGISLOG,INE208C01025,Energy,Asia / Pacific,765.2,0.04724370902373587,970.3360181157163,108.16931811571635,12.546218511538006,v9_9,2025-11-24,796.3402449835817,856.1521979964086,1330.0054988868267,533.665253903245
772.3571,817.7779614944616,45.42086149446163,5.880811025685093,KIMS,INE967H01025,Health Care,Asia / Pacific,670.1,0.04960788366875679,819.6754438856899,47.318343885689956,6.126485259951641,v9_9,2025-11-24,765.134004201457,854.7445479162279,1288.855504896335,523.7215006948782
13.3753,10.8874423930399,2.4878576069601,-18.60038733306991,3900,KYG4100M1050,Real Estate,Asia / Pacific,9.17,0.14063677874308259,12.669301772970654,0.7059982270293457,-5.278373023628223,v9_9,2025-11-24,10.479218060009543,12.906647068353188,16.28667184675366,5.807453786744116
22.9833,23.469167505108768,0.48586750510876797,2.114002363058255,600007,CNE000000YH1,Real Estate,Asia / Pacific,20.97,0.1396636412937198,25.340902241128006,2.3576022411280064,10.257892648697126,v9_9,2025-11-24,23.780170605300977,23.855494644565255,25.0296015908506,1.2494309855496226
35.97,35.4534451858381,0.5165548141618999,-1.4360712097912145,605589,CNE100004NN3,Materials,Asia / Pacific,25.91,0.07457208375019046,37.15840067537907,1.1884006753790715,3.303866209004925,v9_9,2025-11-24,34.535494767564316,36.40056823352407,43.149875425068416,8.6143806575041
39.2027,38.243230742973246,0.959469257026754,-2.4474570808305396,1415,KYG248141163,Information Technology,Asia / Pacific,26.42,0.03455898406145341,40.03209830362102,0.8293983036210193,2.115666277121268,v9_9,2025-11-24,34.23085303450282,40.64534602483382,61.10552315504946,26.87467012054664
5013.309999999996,5008.620982636926,4.689017363069979,-0.09353136676307636,NUVAMA,INE531F01015,Financials,Asia / Pacific,4513.579999999998,0.0320343895538913,5013.309999999997,9.094947017729282e-13,1.814160109334809e-14,v9_9,2025-11-24,1199.4451297895416,5013.463337005951,5134.468534694308,3935.0234049047663
54.0,66.18172788556178,12.181727885561784,22.55875534363293,2354,TW0002354008,Information Technology,Asia / Pacific,64.1,0.033843146803802376,68.06714536681699,14.067145366816987,26.050269197809232,v9_9,2025-11-24,53.21943120019681,56.09570335298551,90.2040528511963,36.984621650999486
25.7767,23.626312584881845,2.150387415118157,-8.34236894217707,601126,CNE100000YL2,Industrials,Asia / Pacific,24.58,0.059352202838331446,25.41134193766218,0.36535806233782253,-1.4173965726327362,v9_9,2025-11-24,23.214429166087964,26.67156297777056,32.35840406922768,9.143974903139718
63.79,70.34263694810438,6.552636948104386,10.272200890585335,300558,CNE100002DD9,Health Care,Asia / Pacific,48.6,0.04759756953281482,72.1737950612187,8.383795061218699,13.14280461078335,v9_9,2025-11-24,60.04155091180241,77.96508448898943,78.39553442734096,18.353983515538552
14.2982,13.076508243391912,1.221691756608088,-8.544374512932313,002410,CNE100000PH8,Information Technology,Asia / Pacific,12.37,0.03367964320676952,14.85487389297012,0.5566738929701209,3.8933144939231576,v9_9,2025-11-24,13.66128350314211,13.880726148407131,23.569561196591287,9.908277693449177
2266.1999999999953,2269.128344448587,2.9283444485918153,0.1292182706112356,9533,JP3600200004,Utilities,Asia / Pacific,2157.499999999995,0.05140654110235633,2266.1999999999957,4.547473508864641e-13,2.0066514468558162e-14,v9_9,2025-11-24,1199.4451297895416,2264.505865424374,2574.3522626943172,1374.9071329047756
16.085,15.737336763812262,0.34766323618773853,-2.1614127210925616,600435,CNE000001F88,Industrials,Asia / Pacific,13.4,0.05864719138705023,17.557807294902666,1.4728072949026654,9.15640220642005,v9_9,2025-11-24,13.683881812375967,18.920259029911723,23.800441154996708,10.116559342620741
6981.214255000021,7004.491789813238,23.277534813217244,0.33343103309779704,A001440,KR7001440007,Industrials,Asia / Pacific,6330.799999999976,0.05849693225695452,6981.21425500002,9.094947017729282e-13,-1.3027743721252192e-14,v9_9,2025-11-24,1199.4451297895416,6181.86659797092,6985.951577781222,5786.50644799168
155.4,155.61047605827514,0.21047605827513394,0.1354414789415276,688123,CNE100005X49,Information Technology,Asia / Pacific,127.01,0.0331022595610965,157.7705022559282,2.370502255928187,1.5254197271095156,v9_9,2025-11-24,143.1118547135731,154.16996622037945,170.7359034097168,27.62404869614369
54.2,52.678776755947986,1.5212232440520168,-2.8066849521254924,300100,CNE100000S90,Consumer Discretionary,Asia / Pacific,35.12,0.0523777441340951,54.6424092228617,0.4424092228616985,0.8162531787116208,v9_9,2025-11-24,41.45209260799728,50.08874835721093,60.526895594774516,19.074802986777236
8.5091,7.209688262962132,1.2994117370378682,-15.270848115991917,631,KYG781631059,Industrials,Asia / Pacific,6.8,0.0580582194683539,8.972602022197377,0.46350202219737646,5.447133330168601,v9_9,2025-11-24,8.461941422380553,9.444136353821795,32.58009188981702,24.118150467436465
9.9,6.367901696449049,3.532098303550951,-35.6777606419288,600707,CNE000000KG2,Information Technology,Asia / Pacific,5.59,0.03302772660063774,8.114538939532205,1.7854610604677958,-18.034960206745414,v9_9,2025-11-24,6.066928805063576,8.83724274315448,23.067943636089517,17.00101483102594
21.8,22.664997192729732,0.8649971927297315,3.967877030870328,603185,CNE100003JF9,Information Technology,Asia / Pacific,29.7,0.033014522913933954,24.401839117367572,2.6018391173675717,11.935041822787024,v9_9,2025-11-24,18.356904442098937,25.632281659550006,30.672015860157607,12.31511141805867
89.34,84.1050835120501,5.234916487949903,-5.859543863834679,002847,CNE100002JZ9,Consumer Staples,Asia / Pacific,73.0,0.051408534107002316,85.93622801165178,3.4037719883482254,-3.8099082027627325,v9_9,2025-11-24,79.40850005500172,80.23571613368907,92.425898537555,13.017398482553276
23.1,21.578384408298266,1.5216155917017353,-6.587080483557295,600131,CNE000000VJ3,Information Technology,Asia / Pacific,16.61,0.03275970410044501,23.31688576325632,0.21688576325631814,0.9388994080360091,v9_9,2025-11-24,20.141018851731385,21.471426208024553,26.091256044189652,5.9502371924582675
5.8902,4.32025459779706,1.56994540220294,-26.653516047043226,1199,BMG2442N1048,Industrials,Asia / Pacific,5.62,0.057502809077985495,6.093383158198744,0.203183158198744,3.449512040316865,v9_9,2025-11-24,5.826086741044443,5.881010348029268,22.788221199524955,16.962134458480513
4976.34025,4958.780834148083,17.559415851917038,-0.3528580235629394,A058470,KR7058470006,Information Technology,Asia / Pacific,4452.5,0.03268665192728014,4974.787283296194,1.5529667038063053,-0.031207004058983013,v9_9,2025-11-24,1199.4451297895416,4511.181421641922,5181.614368445564,3982.169238656022
23.8214,22.483627129790666,1.337772870209335,-5.615844871457324,IVL,TH1027010004,Materials,Asia / Pacific,16.1,0.06990070416277161,24.273898768670914,0.4524987686709139,1.8995473342075357,v9_9,2025-11-24,23.06119597429141,24.130800179459232,32.95754615294903,9.896350178657617
9.35,6.475992514878428,2.874007485121572,-30.738047969214676,600820,CNE000000B83,Industrials,Asia / Pacific,6.26,0.05688861117394462,8.215634831923868,1.1343651680761315,-12.132247786910497,v9_9,2025-11-24,8.400420035534596,8.561134628610448,22.788221199524955,14.387801163990359
4306.9231,4391.84923258803,84.92613258802976,1.9718516123036829,6481,JP3539250005,Industrials,Asia / Pacific,3845.0,0.05655650559297395,4406.626816260082,99.70371626008182,2.314963930052102,v9_9,2025-11-24,1199.4451297895416,4544.8825791973495,4600.228599571917,3400.783469782375
12.1193,10.591791640548056,1.5275083594519447,-12.60393223578874,3396,CNE100001ZT0,Information Technology,Asia / Pacific,9.08,0.03211827640431157,12.369390363839837,0.2500903638398366,2.063571030008636,v9_9,2025-11-24,10.682852817852174,12.728034318921287,22.92037174955505,12.237518931702875
3916.1609249999983,3893.941091199948,22.21983380005031,-0.5673881698324315,7988,JP3756200006,Consumer Discretionary,Asia / Pacific,3513.94999999999,0.050841191793084654,3901.84806960666,14.312855393338396,-0.3654817988190412,v9_9,2025-11-24,1199.4451297895416,3936.6275364973526,3950.180664596806,2750.7355348072642
48.7818,50.816856328436984,2.035056328436987,4.171753253133314,2276,CNE100004Z14,Health Care,Asia / Pacific,44.52,0.04530485619298156,52.68185,3.9000500000000002,7.994887437527931,v9_9,2025-11-24,47.30023247415321,54.52084562224939,68.24947001691231,20.9492375427591
6.5482,5.885847226027311,0.6623527739726889,-10.11503579567956,BOQ,AU000000BOQ8,Financials,Asia / Pacific,6.44,0.029797452305934002,7.627453771418193,1.0792537714181938,16.481686133871808,v9_9,2025-11-24,6.624186389480615,7.487075935068886,23.497736146069773,16.873549756589156
74.25,73.87082056117907,0.37917943882092686,-0.5106793788834032,688409,CNE100005NX9,Information Technology,Asia / Pacific,63.68,0.031871972117762444,75.8542695965499,1.6042695965498979,2.1606324532658556,v9_9,2025-11-24,65.19918594103632,78.3189520296363,89.250970586252,24.051784645215676
1.32532,-0.42654018558716245,1.7518601855871625,-132.18393939479992,KFH,KW0EQ0100085,Financials,Africa / Middle East,1.1152000000000002,0.5241282971885282,1.3962550264637719,0.07093502646377181,5.352294273365814,v9_9,2025-11-24,1.1222312223731914,1.3435642574116125,65.88400738269814,64.76177616032496
197.2,269.9795056104753,72.77950561047533,36.906443007340435,2082,SA15CGS10H12,Utilities,Africa / Middle East,210.0,0.8745490828775923,272.7318251589834,75.5318251589834,38.30214257554939,v9_9,2025-11-24,236.44345558531376,249.29037232452384,447.1046068623967,210.66115127708292
13.8778,10.949798859771182,2.928001140228819,-21.098453214694107,ABEV3,BRABEVACNOR1,Consumer Staples,Latin America and Caribbean,13.62,0.7573342827229361,12.705738346297041,1.1720616537029596,-8.445586863212897,v9_9,2025-11-24,11.028310005961384,13.360501786783178,57.558100071130376,46.529790065168996
810.3148,726.8319959655641,83.48280403443584,-10.302515026806352,GFI,ZAE000018123,Materials,Africa / Middle East,664.31,0.9084345554530517,730.2555654928258,80.05923450717421,-9.880016322936989,v9_9,2025-11-24,593.6219503466405,721.9088885606346,840.8248296495931,247.20287930295262
71.8,73.39242061723942,1.5924206172394264,2.2178560128682823,POLI,IL0006625771,Financials,Africa / Middle East,69.1,0.32612344342048066,75.23390971767054,3.433909717670545,4.782604063608002,v9_9,2025-11-24,67.04826962509169,77.0329394214492,86.54152219530863,19.49325257021694
17.6743,16.186877429405392,1.4874225705946067,-8.415736807650696,ADCB,AEA000201011,Financials,Africa / Middle East,13.86,0.32512824671648094,17.948465436959154,0.2741654369591551,1.5512095922280096,v9_9,2025-11-24,17.353587469946586,18.098955831783265,48.22382439076129,30.8702369208147
25.7846,22.891595019253277,2.893004980746724,-11.21989474626996,BBAS3,BRBBASACNOR3,Financials,Latin America and Caribbean,22.0,0.27322133160452805,24.726899546435785,1.057700453564216,-4.102062679134894,v9_9,2025-11-24,22.026000180431396,22.111409931622166,43.46853024731343,21.442530066882036
6.6167,4.933410396844387,1.6832896031556128,-25.44001697455851,ADNOCDRILL,AEA007301012,Energy,Africa / Middle East,5.2,0.3759406843050862,6.690588398783189,0.07388839878318887,1.1166956153851448,v9_9,2025-11-24,5.919328330928704,7.28384945936303,77.34813788947969,71.42880955855098
2.7682,1.201280115846576,1.5669198841534242,-56.604287412521636,BOROUGE,AEE01072B225,Materials,Africa / Middle East,2.51,0.5407117202392023,2.986399617987394,0.21819961798739396,7.882364640827756,v9_9,2025-11-24,1.7992949382116092,3.821616072500773,56.3434018604848,54.544106922273194
17.45,16.987053598807528,0.46294640119247177,-2.652987972449695,EMAARDEV,AEE001901017,Real Estate,Africa / Middle East,14.4,0.7605590420614726,18.788628520899902,1.3386285208999027,7.671223615472222,v9_9,2025-11-24,16.062523563301355,20.162738360277626,62.731254572357926,46.66873100905657
25.6643,25.280132234380567,0.3841677656194342,-1.4968955538215896,TIMS3,BRTIMSACNOR5,Communication Services,Latin America and Caribbean,24.72,0.1540918838773571,27.020305598261487,1.3560055982614863,5.283625886003071,v9_9,2025-11-24,25.05627623513516,26.025042953829082,44.35154344322551,19.295267208090348
283.5522,196.0312441669858,87.52095583301423,-30.865906112882996,KCHOL,TRAKCHOL91Q8,Industrials,Africa / Middle East,170.5,0.2196357007971766,198.24873785264677,85.30346214735326,-30.08386538610995,v9_9,2025-11-24,169.2639134579729,218.75405052852003,251.73831105589073,82.47439759791783
3916.1609249999983,3923.1704601682245,7.0095351682261935,0.17898996753373195,COPEC,CLP7847L1080,Consumer Discretionary,Latin America and Caribbean,3513.94999999999,0.17582008927840526,3916.160924999998,4.547473508864641e-13,-1.1612070075656157e-14,v9_9,2025-11-24,1199.8222741395416,3856.33020513746,3913.965674610018,2714.1434004704765
44.8057,42.92077451069619,1.8849254893038108,-4.2068877158571585,EQTL3,BREQTLACNOR0,Utilities,Latin America and Caribbean,38.84,0.17790172468237284,44.86273290990589,0.057032909905885276,0.12728940716445736,v9_9,2025-11-24,40.83505625422717,45.56107819173736,65.06283994415244,24.227783689925275
674.5,648.6253902772123,25.87460972278768,-3.8361170826964686,ASURB,MXP001661018,Industrials,Latin America and Caribbean,550.29,0.1920658923795416,652.0299155883689,22.470084411631092,-3.3313690751120966,v9_9,2025-11-24,551.1912205773671,656.8401959182254,719.501371484555,168.3101509071879
145.51,121.79570273219214,23.71429726780785,-16.29736600083008,FROTO,TRAOTOSN91H6,Consumer Discretionary,Africa / Middle East,94.05,0.14881354559715676,123.78701814281463,21.72298185718536,-14.928858399550107,v9_9,2025-11-24,105.21977512951379,132.6063874676033,206.33028339952844,101.11050827001465
121.5,112.4381735824449,9.061826417555096,-7.4582933477819715,HARL,IL0005850180,Financials,Africa / Middle East,123.3,0.08924395580623945,114.34932759329003,7.1506724067099725,-5.885327083711911,v9_9,2025-11-24,86.02924240426559,123.00677673354403,138.53754944661023,52.50830704234464
2656.0858899999994,2848.537845431228,192.45195543122873,7.245697744782974,MALLPLAZA,CL0002456714,Real Estate,Latin America and Caribbean,2835.3749999999986,0.34730195932334323,2656.0858899999994,0.0,0.0,v9_9,2025-11-24,1200.953383415339,2762.690530129236,2878.9432273948364,1677.9898439794974
283.85,277.37123665640337,6.478763343596654,-2.282460223215309,NED,ZAE000004875,Financials,Africa / Middle East,261.46,0.08044873875198653,280.09260667317733,3.757393326822694,-1.323724969815992,v9_9,2025-11-24,245.30415154620553,253.71257651768707,279.7216868353268,34.417535289121275
159.8571,153.860779821623,5.996320178377005,-3.7510502682564644,CHDRAUIB,MX01CH170002,Consumer Staples,Latin America and Caribbean,133.29,0.13116147696962882,155.7780826202894,4.079017379710592,-2.5516648179596606,v9_9,2025-11-24,130.90095668679976,150.6455953294121,169.55722730238568,38.656270615585925
40.7662,35.73081875181464,5.0353812481853595,-12.351853369176817,YKBNK,TRAYKBNK91N6,Financials,Africa / Middle East,33.7,0.07696851783541131,37.476861173671494,3.2893388263285033,-8.068789404772835,v9_9,2025-11-24,34.309547819919445,42.33895039374423,46.23008781661803,11.920539996698587
82.445,78.35967161523585,4.085328384764139,-4.955216671434459,OUT,ZAE000314084,Financials,Africa / Middle East,72.23,0.07367477759893908,80.21188791288975,2.233112087110243,-2.7086082686763815,v9_9,2025-11-24,72.83314774061499,74.06883670149688,89.5342622413256,16.701114500710617
8.8513,5.8338983742587525,3.0174016257412477,-34.08992606443401,ARBK,JO1302311013,Financials,Africa / Middle East,7.08,0.07331131239048881,7.56486292885457,1.2864370711454303,-14.533877183525926,v9_9,2025-11-24,7.087739269576612,7.360866670535372,20.91345611439292,13.825716844816306
163.353,158.60526414756637,4.747735852433635,-2.90642709496222,NRP,NL0015000RT3,Real Estate,Europe,143.75,0.28166159115887046,160.71136336705655,2.6416366329434595,-1.6171338346669235,v9_9,2025-11-24,155.64474174206876,161.30823022590928,190.29234458558906,34.6476028435203
17.3833,16.963011793244796,0.4202882067552025,-2.4177699674699427,MOTV3,BRMOTVACNOR7,Industrials,Latin America and Caribbean,15.66,0.12392875111279517,18.72934093489743,1.346040934897431,7.743299229130436,v9_9,2025-11-24,14.865880508994831,17.655271081563093,23.058593108456122,8.192712599461291
55.7857,50.675975718265036,5.109724281734962,-9.159559316697582,PRIO3,BRPRIOACNOR1,Energy,Latin America and Caribbean,38.8,0.09445493268475526,52.658886997396095,3.126813002603903,-5.605043949621324,v9_9,2025-11-24,44.31471417121137,51.05246134425481,73.40149092019539,29.086776748984015
2.5657,1.0217661116483994,1.5439338883516007,-60.17593204005147,MARK,QA000A0M8VM3,Financials,Africa / Middle East,2.196,0.06389765845314449,2.805463424217803,0.23976342421780306,9.344951639622835,v9_9,2025-11-24,2.3867196285260808,3.3907284795210826,15.302618093979252,12.915898465453171
24.7786,22.68035233834947,2.0982476616505323,-8.46798310497983,MBRF3,BRMBRFACNOR1,Consumer Staples,Latin America and Caribbean,20.7,0.10313951409598808,24.444678250191668,0.3339217498083329,-1.3476215355521817,v9_9,2025-11-24,19.638105678202237,21.13953278189061,37.690296439644975,18.052190761442738
796.0,861.5300412550362,65.53004125503617,8.232417243094996,DLEKG,IL0010841281,Energy,Africa / Middle East,927.6,0.0835243863735067,860.508665727815,64.50866572781501,8.104103734650128,v9_9,2025-11-24,731.7329392878169,772.6092360565362,1337.8104380204188,606.077498732602
4.1714,2.3699323447862755,1.8014676552137248,-43.18616424254986,AIRARABIA,AEA003001012,Industrials,Africa / Middle East,4.02,0.10817874264563831,4.174755092519574,0.003355092519574221,0.08043085102301915,v9_9,2025-11-24,3.8694668129398857,4.140902527302473,24.84322361619259,20.9737568032527
18.7583,17.31525765868572,1.4430423413142783,-7.692820465150245,2382,SA55SG6H5716,Energy,Africa / Middle East,17.02,0.08068923931313997,19.14336755760767,0.3850675576076732,2.052784941106994,v9_9,2025-11-24,17.693660075730868,21.181465673442904,31.35050371371804,13.656843637987173
3.785,2.1507024065033447,1.6342975934966555,-43.1782719549975,DUBK,QA000B982PM1,Financials,Africa / Middle East,3.408,0.055047719824399224,3.9469457226206024,0.16194572262060225,4.278618827492794,v9_9,2025-11-24,3.617927803715448,3.9650018474840705,22.788221199524955,19.17029339580951
2.3464,0.574954728103581,1.771445271896419,-75.49630378010652,MABANEE,KW0EQ0400725,Real Estate,Africa / Middle East,2.4579000000000004,0.2305879963202508,2.36878414649314,0.022384146493140022,0.9539782855923977,v9_9,2025-11-24,2.1645882549619917,2.274715569790621,26.818318213546128,24.653729958584137
427.5,399.0212572964458,28.47874270355419,-6.661694199661798,CLS,ZAE000134854,Consumer Staples,Africa / Middle East,348.0,0.08819196585044364,401.23247349314715,26.267526506852846,-6.144450644877859,v9_9,2025-11-24,380.786205661781,401.68367920656675,403.8033311810034,23.01712551922236
16.65,18.050554621096918,1.4005546210969193,8.411739466047564,4300,SA11U0S23612,Real Estate,Africa / Middle East,16.27,0.22335785864426227,19.859171372397146,3.2091713723971473,19.274302536919805,v9_9,2025-11-24,16.6321634780595,18.520370574261804,46.369090286010504,29.736926807951004
73.89,63.365387860607825,10.524612139392175,-14.243621788323422,TTKOM,TRETTLK00013,Communication Services,Africa / Middle East,56.8,0.06448558580397327,65.20307873583273,8.686921264167268,-11.756558755132316,v9_9,2025-11-24,62.28478919065144,68.5903480300558,83.78933512442167,21.50454593377023
292.1929,269.05644287923064,23.136457120769364,-7.9182133175615705,BVT,ZAE000117321,Industrials,Africa / Middle East,232.44,0.09586034561091561,271.5835699489966,20.609330051003383,-7.053330197620607,v9_9,2025-11-24,234.65869978083296,291.9569516247408,294.9227569243601,60.26405714352714
4.8322,3.308767392997906,1.5234326070020945,-31.526687782006007,CBQK,QA0007227752,Financials,Africa / Middle East,4.046,0.050707266260652514,5.090845463104107,0.25864546310410663,5.352540522000468,v9_9,2025-11-24,4.786764712961202,5.125362662231496,23.080655785716637,18.293891072755436
133.2222,129.25938226359037,3.962817736409619,-2.974592625260369,SOL,ZAE000006896,Materials,Africa / Middle East,117.81,0.11192337282946299,131.24259499854557,1.9796050014544164,-1.4859422839845136,v9_9,2025-11-24,101.86320450538283,132.93896984135554,137.32451539151754,35.46131088613471
4.095,2.446711651920676,1.6482883480793236,-40.2512417113388,TECOM,AEE01081T004,Real Estate,Africa / Middle East,3.2,0.20727813015742697,4.232893917988809,0.13789391798880946,3.367372844659572,v9_9,2025-11-24,4.065810343816178,4.373925226251208,37.426008494227744,33.36019815041156
16.0667,14.141767271720243,1.9249327282797584,-11.98088424057061,1030,SA0007879063,Financials,Africa / Middle East,13.03,0.0488930264677218,15.918635782609188,0.14806421739081266,-0.921559607080562,v9_9,2025-11-24,14.780140354839844,15.10754041738003,24.816427303055264,10.03628694821542
5013.309999999996,5017.815163456803,4.505163456807168,0.08986405103229546,GRUPOSURA,COT13PA00086,Financials,Latin America and Caribbean,4513.579999999998,0.04850985674437841,5013.309999999997,9.094947017729282e-13,1.814160109334809e-14,v9_9,2025-11-24,1199.364087550339,4949.936091317871,5013.723651179053,3814.3595636287146
8.225,7.389109516944956,0.835890483055044,-10.16280222559324,RAKBANK,AEN000601015,Financials,Africa / Middle East,7.81,0.04811232409150448,9.148339131421036,0.9233391314210362,11.226007676851504,v9_9,2025-11-24,7.728669992298957,8.246315908068587,24.06391222562232,16.335242233323363
1.32532,-0.4843674628700416,1.8096874628700417,-136.54720843796528,WARBABANK,KW0EQB010944,Financials,Africa / Middle East,1.1152000000000002,0.046780014000176666,1.327315,0.001994999999999969,0.15052968339721493,v9_9,2025-11-24,1.244232013287764,1.3435642574116125,12.058785276077762,10.814553262789998
28.2545,23.76622799541789,4.488272004582111,-15.885158132623515,CUERVO,MX01CU010003,Consumer Staples,Latin America and Caribbean,21.32,0.07733668752865608,25.57663932812859,2.677860671871411,-9.477643107722349,v9_9,2025-11-24,21.2110664880937,24.454773021673073,36.08844052629393,14.87737403820023
5013.309999999996,5004.814252417893,8.495747582102922,-0.16946383890289907,ITAUCL,CL0002841873,Financials,Latin America and Caribbean,4513.579999999998,0.04465275730499796,5013.309999999997,9.094947017729282e-13,1.814160109334809e-14,v9_9,2025-11-24,1199.4451297895416,5013.524874412391,5093.763636859832,3894.3185070702907
2.565,0.9336994928961544,1.6313005071038456,-63.5984603159394,AMR,AEE01135A222,Consumer Discretionary,Africa / Middle East,1.83,0.07482196626630636,2.732531514106344,0.16753151410634404,6.531443045081639,v9_9,2025-11-24,2.37604587247049,3.3861225400364017,16.93528661324271,14.55924074077222
132.77,169.0395360031439,36.269536003143884,27.317568730243185,BUACEMENT,NGBUACEMENT3,Materials,Africa / Middle East,168.0,0.1000521177054226,171.13298944205457,38.362989442054555,28.894320586016836,v9_9,2025-11-24,138.7293359806441,142.81095026952963,167.51038260083592,28.78104662019183
142.05,153.04265433064987,10.992654330649856,7.738581014185043,4004,SA135G51UI10,Health Care,Africa / Middle East,141.6,0.06398835973406959,155.12076980209733,13.070769802097317,9.201527491796773,v9_9,2025-11-24,143.49614752644248,150.23059342809574,179.87573267559756,36.379585149155076
88.85,87.04472579145546,1.8052742085445317,-2.031822406915624,SWDY,EGS3G0Z1C014,Industrials,Africa / Middle East,76.7,0.07313831350731759,88.84526834636635,0.004731653633641031,-0.005325440217941509,v9_9,2025-11-24,75.81703992849893,80.92900646509098,98.5746617659686,22.75762183746967
50.8,46.68091268623608,4.11908731376392,-8.108439594023466,SAE,IL0007770378,Consumer Staples,Africa / Middle East,42.23,0.06357007411719925,48.52172695555129,2.27827304444871,-4.484789457576201,v9_9,2025-11-24,43.60787769452471,48.46730797642822,59.3108730996869,15.702995405162191
3.2188250000000003,0.7980464278685959,2.4207785721314043,-75.20690227432073,LULU,AEE01487L240,Consumer Staples,Africa / Middle East,2.7855,0.06302931194947752,3.218825,4.440892098500626e-16,-1.3796624850685035e-14,v9_9,2025-11-24,3.105853391347707,3.7952791849224643,15.671416848631582,12.565563457283876
13.55,11.160200325599765,2.389799674400235,-17.636897966053393,QNNS,QA0007227695,Industrials,Africa / Middle East,10.86,0.07044944282598434,12.937085186289726,0.6129148137102742,-4.523356558747411,v9_9,2025-11-24,11.873292487259869,12.041084209974075,23.19181855751188,11.31852607025201
14.2613,11.691202640390303,2.570097359609697,-18.02148022697578,OMU,ZAE000255360,Financials,Africa / Middle East,13.48,0.03664239719335548,13.476070403847164,0.7852295961528366,-5.506016956047742,v9_9,2025-11-24,11.515411006298459,11.637539889568773,23.390329265165292,11.874918258866833
90.0,97.0219304081335,7.0219304081335,7.8021448979261105,STRS,IL0007460160,Consumer Staples,Africa / Middle East,92.64,0.06087109841957519,98.96727569274476,8.967275692744764,9.963639658605294,v9_9,2025-11-24,86.71170707744072,87.93172398738763,94.52908830072295,7.817381223282226
51.0775,50.850041425665964,0.2274585743340367,-0.44532049206409224,EAST,EGS37091C013,Consumer Staples,Africa / Middle East,47.5,0.05536058494220475,52.759823785341396,1.6823237853413957,3.293669003654047,v9_9,2025-11-24,41.439138094091994,48.428688837264424,56.843538318095625,15.40440022400363
1.32532,-0.45759484867802924,1.7829148486780293,-134.5271216519806,BKSB,OM0000003398,Financials,Africa / Middle East,1.1152000000000002,0.029162753262960917,1.3651067913914012,0.03978679139140118,3.002051684981829,v9_9,2025-11-24,0.46530996358243076,1.3501680148974147,15.302618093979252,14.83730813039682
2583.5556,2845.748195196162,262.1925951961621,10.148517616426062,PARAUCO,CLP763281068,Real Estate,Latin America and Caribbean,2761.0,0.12456828628101406,2656.0858899999994,72.53028999999924,2.807382585457005,v9_9,2025-11-24,1199.364087550339,2504.6722767068577,2781.259389393279,1581.89530184294
38.0,30.0065708237587,7.9934291762413,-21.035339937477104,INRETC1,PAL1801171A1,Consumer Staples,Latin America and Caribbean,24.48,0.04752939719784821,31.831518294356925,6.1684817056430745,-16.232846593797564,v9_9,2025-11-24,28.280617469378118,29.98461630688042,38.98328604250694,10.702668573128822
11.4778,10.861723046166443,0.6160769538335575,-5.367552613162431,7030,SA121053DR18,Communication Services,Africa / Middle East,10.84,0.03488272885118628,12.625059334252123,1.147259334252123,9.99546371475477,v9_9,2025-11-24,10.690536316240985,11.251445537281578,23.72106214022477,13.030525823983785
171.2,142.66494374448502,28.535056255514974,-16.667673046445664,MTRX,IL0004450156,Information Technology,Africa / Middle East,133.3,0.030072938954636357,144.49110960859173,26.70889039140826,-15.600987378159031,v9_9,2025-11-24,122.80772149148473,137.79309965827946,189.6317854714202,66.82406397993546
35.1,28.29222292588833,6.807777074111673,-19.395376279520434,OYAKC,TRAMRDIN91F2,Materials,Africa / Middle East,21.68,0.061739599875856845,30.146251074841842,4.953748925158159,-14.113244801020395,v9_9,2025-11-24,25.643227766776313,32.066392716872706,57.82833623713849,32.185108470362174
48.7143,47.39626912130173,1.3180308786982735,-2.705634441423306,LACOMERUBC,MX01LA050010,Consumer Staples,Latin America and Caribbean,40.77,0.0440277880967745,49.16617882679943,0.4518788267994296,0.9276102228697314,v9_9,2025-11-24,44.269576994976056,47.38449274489562,48.5905070002662,4.320930005290144
1.32532,-0.49905026384714324,1.8243702638471433,-137.65507680010435,BBK,BH0004659916,Financials,Africa / Middle East,1.1152000000000002,0.02601430414835124,1.3253199999999998,2.220446049250313e-16,-1.6754037132543936e-14,v9_9,2025-11-24,1.2096528005695273,1.3501680148974147,6.721877571730871,5.5122247711613435
411.9935,296.4572825215183,115.53621747848166,-28.043213661982936,TAVHL,TRETAVH00018,Industrials,Africa / Middle East,273.75,0.047548415904637244,298.6036277014192,113.38987229858077,-27.522247874925398,v9_9,2025-11-24,249.43167327840953,314.74173773185424,360.8658176051077,111.43414432669815
120.4,121.30190169143685,0.9019016914368478,0.7490877835854217,APN,ZAE000066692,Health Care,Africa / Middle East,91.45,0.03821048800076058,123.3884757190153,2.988475719015298,2.4821226902120417,v9_9,2025-11-24,99.68621368360571,122.64379978718824,157.00522578428186,57.31901210067615
41.4,37.08990410952501,4.31009589047499,-10.410859638828478,2330,SA000A0LE310,Materials,Africa / Middle East,33.2,0.05652462701682577,38.853514570747414,2.5464854292525843,-6.150930988532812,v9_9,2025-11-24,36.44175994452836,41.11761556868005,50.99314773794726,14.551387793418904
224.29,123.19078920419027,101.09921079580973,-45.07521993660428,ASTOR,TREASTR00013,Industrials,Africa / Middle East,93.1,0.04417076614520101,125.12446482342774,99.16553517657225,-44.213088045196955,v9_9,2025-11-24,105.23844850521489,137.3180739767951,137.97095874545028,32.732510240235385
1.00489,-0.4550159668207563,1.4599059668207564,-145.2801766184116,OQGN,OM0000009072,Energy,Africa / Middle East,0.9302250000000001,0.03186763873270802,1.3746434917015433,0.36975349170154326,36.79541956846453,v9_9,2025-11-24,2.402429388988067,3.5152998142439316,15.302618093979252,12.900188704991185
8.9909,6.223651034823931,2.767248965176069,-30.77833103667118,GMAT3,BRGMATACNOR7,Consumer Staples,Latin America and Caribbean,4.98,0.037274449980713116,7.983464515522694,1.0074354844773055,-11.20505716310164,v9_9,2025-11-24,7.719534434454271,7.7898595316693475,23.222480368871413,15.502945934417141
856.83,810.5585009880062,46.2714990119938,-5.400312665522192,ARADEL,NGARADEL0004,Energy,Africa / Middle East,690.0,0.03163818261583891,809.1961240562658,47.63387594373421,-5.559314676625959,v9_9,2025-11-24,692.9050485950567,912.6939152402068,1282.4075555602828,589.5025069652262
41.8091,41.137200230739886,0.671899769260115,-1.6070658523147232,CURY3,BRCURYACNOR3,Consumer Discretionary,Latin America and Caribbean,37.59,0.03687313624484747,42.97738136691333,1.1682813669133267,2.794323166280371,v9_9,2025-11-24,38.663428805666605,43.87648681080458,47.58166328537815,8.918234479711543
37.0558,37.866469996708034,0.810669996708036,2.1877007019360963,ALUP11,BRALUPCDAM15,Utilities,Latin America and Caribbean,33.03,0.03390492146341974,39.77570771156273,2.7199077115627333,7.340032360825386,v9_9,2025-11-24,38.45069225515001,39.61702863887056,51.83552736335733,13.38483510820732
1593.0,1636.4976232521879,43.49762325218785,2.730547599007398,AKT,MA0000012585,Health Care,Africa / Middle East,1240.0,0.030454930528580115,1640.3999054609521,47.39990546095214,2.975511956117523,v9_9,2025-11-24,1199.5752547895415,1884.070295341545,2140.8385382574106,941.2632834678691
26.9906,20.392832071792608,6.597767928207393,-24.44468788469835,ORBIA,MX01OR010004,Materials,Latin America and Caribbean,17.46,0.043701750092800466,22.14778533391375,4.842814666086252,-17.942597297156237,v9_9,2025-11-24,18.8612609256496,22.94157493891702,26.635838305367763,7.774577379718163
17.85,15.198860029709031,2.65113997029097,-14.852324763534844,4322,SA15J1S23H17,Real Estate,Africa / Middle East,12.8,0.07768133197504452,17.0,0.8500000000000014,-4.761904761904769,v9_9,2025-11-24,15.541201486784871,18.91012395408783,26.890747696262952,11.349546209478081
38.5429,37.05533069442361,1.4875693055763932,-3.8595157748285494,DCP,ZAE000227831,Consumer Staples,Africa / Middle East,34.08,0.02972292679090794,38.904558778894504,0.36165877889450115,0.9383278863149922,v9_9,2025-11-24,36.254941402104826,40.43909386145953,40.50418142684655,4.249240024741724
8.3244,6.641103056969731,1.6832969430302693,-20.221240486164398,4001,SA1230K1UGH7,Consumer Staples,Africa / Middle East,6.99,0.029663164448337838,8.411132719974079,0.08673271997407817,1.041909566744488,v9_9,2025-11-24,8.003889255499876,8.692072924247274,23.393354094683126,15.38946483918325
28.29,27.678378459881962,0.6116215401180369,-2.1619708028209157,MDIA3,BRMDIAACNOR7,Consumer Staples,Latin America and Caribbean,25.66,0.02802405165454609,29.401824841586958,1.1118248415869587,3.9300984149415297,v9_9,2025-11-24,27.234626608163833,30.24750149263909,35.719869455501495,8.485242847337663
1.32532,-0.4988070071666537,1.8241270071666538,-137.6367222381503,NBOB,OM0000001483,Financials,Africa / Middle East,1.1152000000000002,0.015686764306415604,1.3253199999999998,2.220446049250313e-16,-1.6754037132543936e-14,v9_9,2025-11-24,1.3083487458982304,1.3435642574116125,4.390882499568288,3.082533753670057
43.335,31.310126748846088,12.024873251153913,-27.748640247268753,AGHOL,TRAYAZIC91Q6,Industrials,Africa / Middle East,26.92,0.030031491681391374,33.05288116925303,10.282118830746974,-23.727053953494806,v9_9,2025-11-24,28.547254382830815,35.05013244598089,50.0049083980544,21.457654015223582
11.05,8.259577318051882,2.790422681948119,-25.252693954281618,ALICORC1,PEP214001005,Consumer Staples,Latin America and Caribbean,9.0,0.02683963551894955,9.98632157979435,1.063678420205651,-9.626049051634851,v9_9,2025-11-24,9.156256792891298,10.520235299778465,24.375380620367427,15.219123827476128
19.3,14.727902402061947,4.572097597938054,-23.68962485978266,TLEVISACPO,MXP4987V1378,Communication Services,Latin America and Caribbean,10.3,0.019124212113170027,16.4862365575508,2.8137634424492006,-14.579085194037308,v9_9,2025-11-24,9.412603444106715,14.112690117120218,14.774374864143404,5.361771420036689
68.4,73.04854753364198,4.648547533641974,6.796122125207564,NB,NGNB00000005,Consumer Staples,Africa / Middle East,68.5,0.025499721249287097,74.89138612613539,6.491386126135382,9.490330593765178,v9_9,2025-11-24,61.121876581407605,64.08766802208179,66.37162828040363,5.249751698996022
3.925,2.840700962594097,1.084299037405903,-27.625453182316,GISS,QA000A0Q6LH4,Energy,Africa / Middle East,2.772,0.020742113299539303,4.611919804487376,0.6869198044873759,17.501141515601933,v9_9,2025-11-24,4.474289573205996,4.643423831399731,13.663816425482636,9.18952685227664
3.1206650000000002,1.2792537465650122,1.841411253434988,-59.007014640629095,AHCS,QA000A0NCQB1,Industrials,Africa / Middle East,2.4457,0.02630572332420054,3.1206650000000007,4.440892098500626e-16,1.423059539713691e-14,v9_9,2025-11-24,2.9375969089954506,3.0187365563882445,19.785210971227738,16.84761406223229
591.0,649.0890977593799,58.08909775937991,9.828950551502523,ADI,MA0000011819,Real Estate,Africa / Middle East,570.0,0.060655823316539396,651.333281672564,60.333281672564,10.208677101956683,v9_9,2025-11-24,513.2353330046463,610.839491816954,913.2271160183336,399.99178301368727
361.2,339.48912184467184,21.710878155328146,-6.010763608894836,YHNF,IL0011612640,Consumer Staples,Africa / Middle East,292.5,0.02217817279848126,342.47940856018033,18.720591439819657,-5.182887995520392,v9_9,2025-11-24,289.71913915682353,303.67504872651324,359.82488381740507,70.10574466058154
42.125,37.70137664889203,4.42362335110797,-10.501183029336428,4007,SA13J051UJH4,Health Care,Africa / Middle East,29.98,0.019844466467491294,39.539310423005915,2.585689576994085,-6.138135494347976,v9_9,2025-11-24,37.604845479876516,42.31188314604216,51.83699307180483,14.23214759192831
2.56275,0.8243406571192744,1.7384093428807255,-67.8337466737187,ALG,KW0EQ0609648,Consumer Discretionary,Africa / Middle East,1.83,0.021843441465055145,2.6236400139761837,0.06089001397618388,2.375963866010492,v9_9,2025-11-24,2.411488895790016,2.5339319710817896,2.9762255608341213,0.5647366650441055
1.32532,-0.49880030180529555,1.8241203018052956,-137.6362162953321,BKDB,OM0000002549,Financials,Africa / Middle East,1.1152000000000002,0.01214802335464574,1.3253199999999998,2.220446049250313e-16,-1.6754037132543936e-14,v9_9,2025-11-24,1.30672174185834,1.3080447269273805,1.3435642574116125,0.03684251555327256
71.8,60.28937990076767,11.510620099232327,-16.031504316479563,ABUK,EGS38191C010,Materials,Africa / Middle East,46.5,0.02849181287688933,62.23502661384735,9.564973386152644,-13.321689952858836,v9_9,2025-11-24,56.679242838225726,66.06536373189316,73.03625659218324,16.35701375395751
83.0,59.35176602975825,23.648233970241748,-28.491848156917772,KUOB,MX01KU000012,Industrials,Latin America and Caribbean,53.0,0.0231994174245138,61.114687596307974,21.885312403692026,-26.367846269508465,v9_9,2025-11-24,50.564249896603414,54.81172848335415,73.29607342563935,22.731823529035935
8.1167,5.672943438324037,2.443756561675963,-30.10776007091507,BEEF3,BRBEEFACNOR6,Consumer Staples,Latin America and Caribbean,6.35,0.019612840397672558,7.423476077116062,0.6932239228839379,-8.540711408379488,v9_9,2025-11-24,6.776243948883656,6.877050584860246,9.278312571582912,2.502068622699256
165.0,161.03115365977757,3.968846340222427,-2.4053614183166228,1321,SA15GH80KKH0,Materials,Africa / Middle East,136.7,0.02609861481119541,163.4327537576541,1.5672462423459024,-0.949846207482365,v9_9,2025-11-24,133.60226365938234,167.57546490258508,187.7188349580602,54.116571298677854
136.6875,129.0098879193848,7.677612080615205,-5.616908700953053,SPP,ZAE000058517,Consumer Staples,Africa / Middle East,103.5,0.019399707383069783,130.85697723692275,5.830522763077255,-4.265585926348243,v9_9,2025-11-24,101.44570258543108,130.70368165509922,144.35958493613163,42.91388235070055
8.78,7.115670575232253,1.6643294247677467,-18.95591599963265,ADNIC,AEA001101012,Financials,Africa / Middle East,7.17,0.01055124543692106,8.854987357730993,0.07498735773099341,0.8540701336104033,v9_9,2025-11-24,8.211367834433615,8.69974079144168,11.94630959146012,3.7349417570265047
16.675,16.253212447384023,0.421787552615978,-2.529460585403166,FWRY,EGS745L1C014,Financials,Africa / Middle East,15.3,0.010394796336745537,18.01666839015211,1.3416683901521083,8.045987347239029,v9_9,2025-11-24,11.675137105764895,15.81194123754225,16.44698747385069,4.771850368085795
66.9,87.72290476802267,20.822904768022667,31.125418188374688,NCBA,KE0000000406,Financials,Africa / Middle East,84.25,0.01007168977325709,89.59104045797591,22.6910404579759,33.91784821820015,v9_9,2025-11-24,62.86994254681096,83.59071168574738,88.02125319712223,25.151310650311274
2.4016,0.6012890474436454,1.8003109525563548,-74.96298103582423,BPCC,KW0EQ0500979,Materials,Africa / Middle East,1.96,0.02330939690501421,2.4016,0.0,0.0,v9_9,2025-11-24,2.267555335482643,2.309885330031555,8.729002109027311,6.461446773544668
41.75,39.43836036747693,2.311639632523068,-5.536861395264834,BOLSAA,MX01BM1B0000,Financials,Latin America and Caribbean,34.6,0.009728641291081625,41.25120811893745,0.49879188106255157,-1.194711092365393,v9_9,2025-11-24,37.96998033665772,38.275974274391345,44.54000195272666,6.570021616068942
49.62,53.34001269759768,3.7200126975976815,7.497002615069895,UBA,NGUBA0000001,Financials,Africa / Middle East,36.9,0.009727454272112161,55.16497783264004,5.544977832640043,11.174884789681668,v9_9,2025-11-24,43.67971676733704,55.04827361143056,59.10926410595583,15.42954733861879
86.54,92.89028146474857,6.350281464748562,7.337972573085927,SELEC,TRESLEC00014,Health Care,Africa / Middle East,70.75,0.015612646663053951,94.98170375626293,8.441703756262925,9.754684257294805,v9_9,2025-11-24,78.63240730623923,99.4440139086168,114.87996803995378,36.24756073371455
1.6,-0.022212248279770863,1.622212248279771,-101.38826551748568,AJMANBANK,AEA003201018,Financials,Africa / Middle East,1.4,0.009524592730230548,1.7877706606319395,0.18777066063193937,11.73566628949621,v9_9,2025-11-24,1.774111387562899,1.9935600208055408,2.189149878507839,0.41503849094493983
3.1206650000000002,1.3242781758715232,1.796386824128477,-57.564231474012004,ARMX,AEA002301017,Industrials,Africa / Middle East,2.54,0.01835251853605406,3.1206650000000007,4.440892098500626e-16,1.423059539713691e-14,v9_9,2025-11-24,2.871737867669622,3.1730687543850977,6.419766593861659,3.5480287261920367
67.59,55.931952013906454,11.65804798609355,-17.248184622123908,CIMSA,TRACIMSA91F9,Materials,Africa / Middle East,44.84,0.022122671682206354,57.9088165679936,9.681183432006407,-14.323396111860342,v9_9,2025-11-24,52.96817756210085,56.18940238436639,75.64702112866617,22.67884356656532
1.0997,-0.368850817856899,1.468550817856899,-133.54104008883323,ORL,IL0025902482,Energy,Africa / Middle East,1.048,0.013682362809551745,1.4612681435181645,0.3615681435181646,32.87879817388057,v9_9,2025-11-24,1.1797092439315362,1.4642859102287147,6.877587842993174,5.697878599061638
2287.4367,1887.8414548754147,399.5952451245855,-17.46912800361144,NESTLE,NGNESTLE0006,Consumer Staples,Africa / Middle East,1780.0,0.016020910863005847,1895.5519951772822,391.88470482271805,-17.132045875748954,v9_9,2025-11-24,1199.2680357895415,2019.18027008178,2461.1257091450952,1261.8576733555537
244.61,206.31339989402713,38.296600105972885,-15.656187443674781,DOAS,TREDOTO00013,Consumer Discretionary,Africa / Middle East,185.7,0.016074357523452043,209.10170344500415,35.508296554995866,-14.516289830749301,v9_9,2025-11-24,180.06395449666863,208.90456972471395,233.61010880682596,53.546154310157334
30.4,33.66653123540293,3.2665312354029297,10.745168537509638,2070,SA0007879188,Health Care,Africa / Middle East,29.8,0.014102175644454614,35.482691860070716,5.082691860070717,16.719381118653676,v9_9,2025-11-24,31.21600979753311,31.76765905684149,47.2051841407551,15.98917434322199
103.05,116.19528982567844,13.145289825678447,12.756224964268265,KOZAA,TREKOZA00014,Materials,Africa / Middle East,102.5,0.02047374540567616,118.13898815285361,15.088988152853616,14.642395102235437,v9_9,2025-11-24,91.77923503087482,107.33282672334575,139.54344321516405,47.76420818428923
2656.0858899999994,2897.428251147764,241.34236114776468,9.086391447520725,PEI,COV34PT00120,Real Estate,Latin America and Caribbean,2835.3749999999986,0.03847835304107652,2656.0858899999994,0.0,0.0,v9_9,2025-11-24,1199.364087550339,2728.018818575181,2745.9260013181683,1546.5619137678293
463.3333,515.1802573703765,51.84695737037646,11.189991604397193,RIPLEY,CL0000001173,Consumer Discretionary,Latin America and Caribbean,433.0,0.014710784198518836,516.6670684395673,53.33376843956728,11.510886102848053,v9_9,2025-11-24,430.14132921646404,434.4558244748855,682.8505925459974,252.70926332953337
7.3857,5.958127746732764,1.4275722532672361,-19.328868668741432,JHSF3,BRJHSFACNOR2,Real Estate,Latin America and Caribbean,7.17,0.03781542757983892,7.734647845242775,0.3489478452427752,4.724641472612958,v9_9,2025-11-24,6.551068348426321,7.014951188968695,29.65468540779676,23.10361705937044
93.8,65.27858525148609,28.521414748513905,-30.40662553146472,4162,SA15DGU21117,Consumer Staples,Africa / Middle East,54.7,0.014146230000442614,67.00545655177848,26.794543448221518,-28.565611352048524,v9_9,2025-11-24,60.324209650621036,79.43440298173753,85.738236875246,25.414027224624967
5.6167,3.6809075066898584,1.9357924933101414,-34.46494370911997,AGTHIA,AEA001901015,Consumer Staples,Africa / Middle East,3.84,0.01402709212658117,5.431042608942196,0.18565739105780388,-3.30545322089134,v9_9,2025-11-24,4.817842520233258,5.831484451259089,7.778118112701262,2.9602755924680038
18.9967,14.516419753749545,4.480280246250455,-23.584518607181536,TSKB,TRATSKBW91N0,Financials,Africa / Middle East,12.47,0.007110196146338187,16.28285,2.7138500000000008,-14.28590228829218,v9_9,2025-11-24,14.084244521025076,18.01553696822919,24.064082896560947,9.979838375535872
1425.0,1166.0705332060481,258.92946679395186,-18.170488897821183,CONCHATORO,CLP9796J1008,Consumer Staples,Latin America and Caribbean,1045.2,0.013129883365472033,1171.0778504140394,253.9221495859606,-17.819098216558636,v9_9,2025-11-24,1051.4566608942948,1059.4871614139668,1186.4266741293504,134.9700132350556
16.45,13.607972974459841,2.8420270255401583,-17.276760033678777,MERS,QA000A0YDSW8,Consumer Staples,Africa / Middle East,14.53,0.013114604319960584,15.369297141912362,1.080702858087637,-6.569622237614816,v9_9,2025-11-24,12.252932903544094,13.651512393324722,15.782551199554613,3.5296182960105185
3.2188250000000003,0.8440948546062637,2.3747301453937366,-73.77630487503161,BLDN,QA000T98R9J4,Consumer Staples,Africa / Middle East,2.7855,0.012350845450027414,3.218825,4.440892098500626e-16,-1.3796624850685035e-14,v9_9,2025-11-24,2.524937351066681,3.3660558282205053,4.783961959258587,2.259024608191906
18.6444,14.493385699043937,4.151014300956064,-22.26413454418519,INTB3,BRINTBACNOR9,Information Technology,Latin America and Caribbean,12.77,0.007752908675004177,16.24705946074634,2.397340539253662,-12.858233782013162,v9_9,2025-11-24,14.862447225836872,16.22420304526757,16.443110616051978,1.580663390215106
19.5454,17.69524887224973,1.8501511277502694,-9.46591590732484,EZTC3,BREZTCACNOR0,Consumer Discretionary,Latin America and Caribbean,18.99,0.012253625066989203,19.50938289323041,0.03601710676959158,-0.18427408377209767,v9_9,2025-11-24,18.354768955458468,19.64162631084162,24.19870867916883,5.843939723710363
7.99,5.500811131494206,2.489188868505794,-31.153803110210188,DXCO3,BRDXCOACNOR8,Materials,Latin America and Caribbean,5.1,0.015870948769069464,7.262409413108368,0.7275905868916324,-9.10626516760491,v9_9,2025-11-24,6.159493629104115,7.776290316159222,13.578666290566815,7.4191726614627
32.2633,28.416458538466653,3.846841461533348,-11.92327338348324,ACCESSCORP,NGACCESS0005,Financials,Africa / Middle East,20.5,0.0060353504694873866,30.193730949496025,2.0695690505039757,-6.414622963255388,v9_9,2025-11-24,26.592957055755292,30.646228039604207,42.93927265378788,16.34631559803259
4.3,2.4720320014211232,1.8279679985788766,-42.51088368788085,HEKTS,TRAHEKTS91E4,Materials,Africa / Middle East,3.28,0.012847161159526877,4.263593502784521,0.03640649721547895,-0.846662725941371,v9_9,2025-11-24,3.2929564116098975,4.585628011301596,22.196503270571604,18.903546858961707
10.4346,8.801820835080497,1.6327791649195031,-15.647740832609811,MOVI3,BRMOVIACNOR0,Industrials,Latin America and Caribbean,10.07,0.01003913054846646,10.52558354486117,0.09098354486117088,0.871940897218589,v9_9,2025-11-24,8.870416930434416,9.27248985736446,9.491321250528095,0.620904320093679
18.4846,15.167119049152383,3.3174809508476173,-17.947269353124316,YDUQ3,BRYDUQACNOR3,Consumer Discretionary,Latin America and Caribbean,12.58,0.00924188118459031,16.955118059073072,1.529481940926928,-8.274357794742262,v9_9,2025-11-24,15.639959303297852,16.51878376560636,19.614543105376217,3.9745838020783655
32.056,26.897176130557185,5.158823869442813,-16.093161559280052,JUFO,EGS30901C010,Consumer Staples,Africa / Middle East,24.32,0.008897974570078848,28.60682284788208,3.449177152117919,-10.759848864855002,v9_9,2025-11-24,25.789670384167675,29.100897451560275,35.98253158822966,10.192861204061987
42.7667,37.39876766335562,5.36793233664438,-12.551663646351905,FMX23,MXFFFM040012,Financials,Latin America and Caribbean,36.98,0.00446848542979323,39.21223415703408,3.554465842965918,-8.311293232739299,v9_9,2025-11-24,38.400195026752954,40.2664955869275,43.55915542763319,5.15896040088024
2150.0,2292.311203876011,142.31120387601095,6.619125761674928,FORUS,CL0000002023,Consumer Discretionary,Latin America and Caribbean,2170.0,0.00907396686943425,2301.486247864863,151.4862478648629,7.045871993714553,v9_9,2025-11-24,1199.1379107895416,2226.7850948874716,2589.738904064113,1390.6009932745712
6.08,3.4928780106372344,2.5871219893627657,-42.551348509256016,NEMAKA,MX01NE000001,Consumer Discretionary,Latin America and Caribbean,3.82,0.008948518123540394,5.266996809135359,0.8130031908646407,-13.371763007642116,v9_9,2025-11-24,5.055400869314974,5.3950834178842335,7.017782192935336,1.9623813236203613
15.8833,16.81976550412489,0.9364655041248913,5.895912714139324,RECV3,BRRECVACNOR3,Energy,Latin America and Caribbean,10.87,0.006935917827061622,18.66094606215948,2.7776460621594783,17.487839820185215,v9_9,2025-11-24,14.528772405757078,18.204691526435372,23.76949945595645,9.240727050199371
186.555,203.1885013917347,16.633501391734683,8.916138078172487,SBIC,KE0000000091,Financials,Africa / Middle East,189.5,0.004213157649461251,205.35633432675158,18.801334326751572,10.07817229597254,v9_9,2025-11-24,162.4250741134118,188.19803235771286,262.1155032717144,99.69042915830258
52.5,62.21950860544012,9.719508605440119,18.513349724647846,2300,SA000A0JK4U9,Materials,Africa / Middle East,58.3,0.01078913891570088,64.03263884496474,11.532638844964737,21.966931133266165,v9_9,2025-11-24,56.99010583561525,58.213168112927654,66.74829357731481,9.758187741699558
26.0,21.56573786943808,4.434262130561919,-17.054854348315075,ACTINVRB,MX01AC0Q0007,Financials,Latin America and Caribbean,20.0,0.004103951904270446,23.33400853708718,2.665991462912821,-10.253813318895464,v9_9,2025-11-24,21.493614413150816,24.492913116229477,25.038286150314093,3.544671737163277
54.1,53.370651651337866,0.7293483486621355,-1.3481485187839843,AB,TN0003400058,Financials,Africa / Middle East,47.79,0.004057183356873514,55.202558895284376,1.1025588952843748,2.038001654869454,v9_9,2025-11-24,49.870927796737,50.711727105111486,71.17723546049989,21.306307663762887
5.15,3.9155554861498807,1.2344445138501197,-23.969796385439217,CPACASC1,PEP239501005,Materials,Latin America and Caribbean,4.3,0.010024318927266577,5.692063143501705,0.5420631435017045,10.52549793207193,v9_9,2025-11-24,4.580568804510888,5.3709244355487495,12.65993829329681,8.079369488785922
14.6125,12.277198425503745,2.335301574496256,-15.981533443943583,MILS3,BRMILSACNOR2,Industrials,Latin America and Caribbean,12.52,0.007664378223771261,14.06532775143421,0.5471722485657899,-3.744549177524653,v9_9,2025-11-24,13.3312873148164,13.389288500659779,25.519226999626294,12.187939684809894
3.1206650000000002,1.3275853702973364,1.7930796297026639,-57.458254240768035,OCAI,OM0000001707,Industrials,Africa / Middle East,2.4457,0.007128929265284195,3.1206650000000007,4.440892098500626e-16,1.423059539713691e-14,v9_9,2025-11-24,3.4941705282878113,4.102666004797644,8.776173337332693,5.282002809044882
56.5,32.53044962308524,23.96955037691476,-42.423982967990725,CYDSASAA,MXP339881098,Materials,Latin America and Caribbean,17.35,0.008808239134072197,34.33523232330258,22.164767676697423,-39.22967730388925,v9_9,2025-11-24,22.005572606133068,41.961219133314664,50.02600308200767,28.0204304758746
3.0,1.6622903238107845,1.3377096761892155,-44.59032253964052,NITRATOS,CL0001985325,Financials,Latin America and Caribbean,3.079,0.0032066842652516483,3.4578844329007996,0.4578844329007996,15.262814430026653,v9_9,2025-11-24,3.107571055487682,3.8548165998363975,13.791699755534326,10.684128700046644
17.3525,11.896119194704465,5.4563808052955345,-31.444349836020947,PHDC,EGS655L1C012,Real Estate,Africa / Middle East,8.14,0.018468947022778303,13.687424491564345,3.6650755084356543,-21.12131109889442,v9_9,2025-11-24,9.73524237843013,17.0912503033783,25.26490892210026,15.529666543670132
27.14,25.044073206196394,2.0959267938036064,-7.7226484664834425,AKFYE,TREAKFY00015,Utilities,Africa / Middle East,17.29,0.002506408087497498,26.944454999205668,0.19554500079433268,-0.7205047929046893,v9_9,2025-11-24,20.922408729379757,32.03782983450591,32.34338284957819,11.420974120198434
52.6,42.96728360377797,9.63271639622203,-18.313149042247204,ARMGD,TREARDG00020,Consumer Staples,Africa / Middle East,41.46,0.0063662947505232145,44.78268140425126,7.817318595748745,-14.861822425377841,v9_9,2025-11-24,40.60203985035271,46.36654108488058,55.92276713481108,15.320727284458371
55.7833,63.0802107656622,7.296910765662204,13.080815881567073,DANGSUGAR,NGDANSUGAR02,Consumer Staples,Africa / Middle East,55.9,0.006268818308272944,64.84711355883778,9.06381355883778,16.248256304015325,v9_9,2025-11-24,55.14321582976911,59.01918781539271,78.80769628089574,23.66448045112663
39.0,32.94843983310207,6.051560166897929,-15.516820940763921,KONTR,TREKNTR00013,Industrials,Africa / Middle East,30.4,0.00635767218292429,34.68376545063862,4.316234549361383,-11.067268075285597,v9_9,2025-11-24,26.36684935493388,35.390469041693855,37.50421827379306,11.137368918859178
3.1206650000000002,1.2804079514795972,1.840257048520403,-58.97002877657176,BEYOUT,KW0EQ0210082,Industrials,Africa / Middle East,2.4457,0.005306955054225787,3.1206650000000007,4.440892098500626e-16,1.423059539713691e-14,v9_9,2025-11-24,2.9573020647566284,3.1859192013094524,8.086114923088783,5.128812858332154
727.3333,636.7912224861586,90.54207751384138,-12.448498853804903,HPS,MA0000012619,Financials,Africa / Middle East,519.0,0.0022550511574313406,641.1128632650443,86.22043673495568,-11.854322734151685,v9_9,2025-11-24,523.3559620579404,683.1841549645955,735.7716896293304,212.41572757139
5.54,2.924703389905331,2.615296610094669,-47.20752003780991,LWSA3,BRLWSAACNOR8,Information Technology,Latin America and Caribbean,4.06,0.0032857436061841253,4.8725249999999996,0.6674750000000005,-12.048285198555964,v9_9,2025-11-24,4.081886895429455,4.285922647166138,5.455215419830384,1.3733285244009288
30.84,43.148917545968565,12.308917545968566,39.91218400119509,TOTAL,GH0000000144,Energy,Africa / Middle East,40.41,0.003915833487963774,45.03270019900221,14.192700199002207,46.02042866083725,v9_9,2025-11-24,36.99784557477408,43.39577736136527,63.31268573539523,26.314840160621145
4.0,2.5682582002813756,1.4317417997186244,-35.79354499296561,ZOREN,TRAZOREN91L8,Utilities,Africa / Middle East,3.33,0.0005464553114010945,4.348072130796711,0.3480721307967114,8.701803269917786,v9_9,2025-11-24,3.625306073023506,4.561801366306789,14.830882269902503,11.205576196878997
22.3,21.708589680154272,0.5914103198457283,-2.6520642145548354,SKPC,EGS380S1C017,Materials,Africa / Middle East,19.11,0.005219242614723666,23.465137403983,1.1651374039829996,5.224831407995514,v9_9,2025-11-24,21.34524829440494,21.36955919218497,25.554447826426518,4.209199532021579
26.4,27.191265237942368,0.791265237942369,2.9972168103877617,SCB,GH0000000185,Financials,Africa / Middle East,29.12,0.0015569653014888161,28.94748868306161,2.547488683061612,9.64957834493035,v9_9,2025-11-24,25.737397687388036,26.443675242732827,28.031620290836404,2.294222603448368
15.85,17.217830820284014,1.3678308202840146,8.629847446586842,SPG,ZAE000161832,Consumer Discretionary,Africa / Middle East,18.19,0.004228606457378748,19.005083275087564,3.1550832750875646,19.90588817089946,v9_9,2025-11-24,14.18804088069401,14.884993756157602,42.68582501614309,28.49778413544908
52.5,55.831134332013626,3.331134332013626,6.345017775264049,AFT,ZAE000086302,Materials,Africa / Middle East,39.5,0.004685256293419745,57.80582300080943,5.305823000809433,10.1063295253513,v9_9,2025-11-24,45.89216097491649,56.18218365206983,73.34380988380772,27.45164890889123
4.880000000000001,3.1469871952231507,1.73301280477685,-35.51255747493545,JULPHAR,AEG000201018,Health Care,Africa / Middle East,3.392,0.0034762543083680514,4.903593139326467,0.023593139326465895,0.4834659698046289,v9_9,2025-11-24,4.456348445749278,4.842387306716635,4.936962484817313,0.4806140390680351
20.94,23.479466069134176,2.539466069134175,12.127345124805036,6002,SA12GGPITP13,Consumer Discretionary,Africa / Middle East,18.77,0.0036268810287046534,25.271400074374206,4.331400074374205,20.684814108759333,v9_9,2025-11-24,22.3736104705062,22.474899011701066,26.943944898631607,4.570334428125406
40.63,37.646445743650354,2.983554256349649,-7.343229771965662,AYDEM,TREAYDM00024,Utilities,Africa / Middle East,19.26,0.0,39.478452930199076,1.1515470698009267,-2.834228574454656,v9_9,2025-11-24,22.24308824157159,39.36185801044418,54.87004747361243,32.62695923204084
12.885,11.145132179886604,1.7398678201133961,-13.503048662114056,FCMB,NGFCMB000005,Financials,Africa / Middle East,10.7,0.0010863122800958366,12.944694184865742,0.05969418486574263,0.46328432181406776,v9_9,2025-11-24,9.505452256955534,11.053190795365706,29.1161277255375,19.610675468581967
4385.0693,3703.445552280676,681.623747719324,-15.54419556651759,SALMOCAM,CL0002409135,Consumer Staples,Latin America and Caribbean,3880.0,0.0031507325901006045,3716.856260669458,668.213039330542,-15.238368965583781,v9_9,2025-11-24,1199.1379107895416,4157.966980417691,4431.054036873095,3231.9161260835535
44.21,46.21569979550082,2.005699795500817,4.536755927393841,GWIND,TREGWIN00014,Utilities,Africa / Middle East,23.06,0.0,48.19729222934066,3.9872922293406603,9.018982649492559,v9_9,2025-11-24,32.15172389271539,52.528771106112444,53.796231358853674,21.644507466138286
5.9286,3.7741364323078566,2.1544635676921438,-36.34017420119663,MATD3,BRMATDACNOR4,Health Care,Latin America and Caribbean,4.75,0.002672997040227089,5.529731208032978,0.39886879196702196,-6.727874910889955,v9_9,2025-11-24,5.196475200199726,5.3240803767812706,6.118636237055392,0.9221610368556661
11.8375,6.288948952566099,5.548551047433901,-46.87265932362324,JSLG3,BRJSLGACNOR2,Industrials,Latin America and Caribbean,5.49,0.002482741477609244,8.069406979195284,3.7680930208047165,-31.831831221159167,v9_9,2025-11-24,7.051438772679452,8.79434847246334,27.68449661712446,20.633057844445005
8.3286,7.212715461313426,1.115884538686574,-13.398224655843405,EVEN3,BREVENACNOR8,Consumer Discretionary,Latin America and Caribbean,7.88,0.0029006808350830852,8.975634379405038,0.6470343794050386,7.768825245599964,v9_9,2025-11-24,7.349213688353224,8.605066187572623,20.289678995447016,12.940465307093792
8.45,6.90486621366014,1.5451337863398589,-18.285606938933245,TRIS3,BRTRISACNOR4,Consumer Discretionary,Latin America and Caribbean,8.06,0.002540307884922167,8.67115339324252,0.22115339324252048,2.617199920029828,v9_9,2025-11-24,7.588624911868112,7.976886196597658,24.297493080942036,16.708868169073924
97.9,93.3955716107489,4.504428389251103,-4.6010504486732415,PHAR,EGS38081C013,Health Care,Africa / Middle East,73.89,0.002199900218947959,95.48359835171293,2.416401648287078,-2.468234574348394,v9_9,2025-11-24,76.0757755175539,90.99637566423522,97.32031762796981,21.24454211041592
1662.0,1390.9378774231031,271.06212257689685,-16.309393656853,OUL,MA0000010415,Consumer Staples,Africa / Middle East,1175.0,0.002084293894529194,1391.2542199794957,270.7457800205043,-16.290359808694603,v9_9,2025-11-24,1051.4470774659526,1161.6290328967536,1606.3729193081085,554.9258418421559
3.1206650000000002,1.394085728884634,1.7265792711153662,-55.32728668778502,KAP,ZAE000171963,Industrials,Africa / Middle East,2.4457,0.0015737285796287425,3.1828193674348717,0.06215436743487146,1.9917026478289548,v9_9,2025-11-24,3.106897383842622,3.234395111546541,11.692812757128292,8.58591537328567
10.0,7.9645211161566,2.0354788838433997,-20.354788838433997,WIZC3,BRWIZCACNOR5,Financials,Latin America and Caribbean,8.08,0.00018204122915719363,9.729544283896816,0.270455716103184,-2.7045571610318397,v9_9,2025-11-24,7.965226194651071,10.55278105473373,21.81214214216859,13.84691594751752
15.9,12.668097808879532,3.2319021911204686,-20.3264288749715,ISPH,EGS512O1C012,Health Care,Africa / Middle East,11.2,0.0017677912279999127,14.455091392625796,1.4449086073742041,-9.087475518076756,v9_9,2025-11-24,12.70545672945649,15.117762079141325,18.271711466256995,5.566254736800506
12.0,11.397051860558467,0.6029481394415335,-5.024567828679446,3090,SA0007879535,Materials,Africa / Middle East,9.58,0.0015944868914497343,13.146096871909098,1.1460968719090978,9.55080726590915,v9_9,2025-11-24,12.626956764546119,13.246111597487513,15.392721005885562,2.7657642413394434
21.55,19.315093279382314,2.234906720617687,-10.37079684741386,CIRA,EGS65541C012,Consumer Discretionary,Africa / Middle East,18.29,0.0017015154938989701,21.095716437512056,0.45428356248794444,-2.1080443734939416,v9_9,2025-11-24,17.940099369436815,20.561000739059512,26.11539254282897,8.175293173392156
3.2188250000000003,1.4409113655522838,1.7779136344477164,-55.23486472385781,OFMI,OM0000001400,Consumer Staples,Africa / Middle East,2.7855,0.0010422243095203512,3.218825,4.440892098500626e-16,-1.3796624850685035e-14,v9_9,2025-11-24,2.8355099244264568,3.27848352099591,13.812606133075489,10.977096208649032
87.96,92.36486701584853,4.404867015848538,5.007806975725941,NASCON,NGNASCON0005,Consumer Staples,Africa / Middle East,103.6,0.0009520972815667281,94.30108317848772,6.341083178487722,7.2090531815458405,v9_9,2025-11-24,78.9370917485737,87.0106157368861,127.26187826832468,48.32478651975097
2.8,1.7140016752037575,1.0859983247962424,-38.785654457008654,CVCB3,BRCVCBACNOR1,Consumer Discretionary,Latin America and Caribbean,1.83,0.0007775971681620868,3.5006457077866755,0.7006457077866757,25.023060992381275,v9_9,2025-11-24,3.160516563890681,4.182273552262688,10.962721328978919,7.802204765088238
1.00489,-0.800547886693874,1.805437886693874,-179.66522571563792,MOIL,EGS44012C010,Energy,Africa / Middle East,0.9302250000000001,3.14811783975787e-05,1.00489,0.0,0.0,v9_9,2025-11-24,0.8277056773372046,1.3435642574116125,3.5643988025128666,2.736693125175662
51.8,60.48145669904553,8.681456699045533,16.75956891707632,ATAKP,TREATKY00016,Consumer Staples,Africa / Middle East,52.1,0.0005045566320287806,62.20219019729589,10.402190197295894,20.081448257327985,v9_9,2025-11-24,51.59551799954316,61.679575453601096,63.50758982304207,11.912071823498906
35.9,36.10770093155633,0.20770093155633162,0.5785541268978597,BINV,EGS691T1C010,Financials,Africa / Middle East,35.08,0.0,37.85359059317856,1.9535905931785607,5.441756526959779,v9_9,2025-11-24,33.945918959932655,36.079509309262626,38.82501767209168,4.879098712159028
23.5,17.543724915383592,5.956275084616408,-25.345851423899607,NAKL,TN0007410012,Consumer Discretionary,Africa / Middle East,15.39,0.00036930435543923055,19.324780108193657,4.175219891806343,-17.766893156622736,v9_9,2025-11-24,16.43033423648194,19.568067996985604,33.639053943029694,17.208719706547754
164.0,162.2855945660908,1.7144054339092065,-1.0453691670178087,CSB,ZAE000028320,Consumer Discretionary,Africa / Middle East,127.5,0.0002582705275518127,164.18165998262728,0.18165998262728067,0.11076828208980528,v9_9,2025-11-24,134.46719837952412,154.23603632011697,215.0844632162817,80.61726483675758
645.17,805.7225999580414,160.55259995804147,24.885317041716366,TOTAL,NGTOTAL00001,Energy,Africa / Middle East,640.0,0.0,804.3278706776239,159.15787067762392,24.669136921683265,v9_9,2025-11-24,792.9255830567116,799.245604585057,926.0470537111466,133.12147065443503
5.66,7.37643939117326,1.7164393911732603,30.32578429634735,1201,SA130G50IOH8,Materials,Africa / Middle East,6.65,0.0,9.170836982921779,3.510836982921779,62.02892195974874,v9_9,2025-11-24,4.87739587035763,6.686365552422648,12.275245238416755,7.397849368059124
7.32,9.417976544006432,2.097976544006432,28.660881748721746,BONY,EGS656M1C010,Real Estate,Africa / Middle East,3.84,0.0010233087425603454,11.202394999305323,3.8823949993053226,53.03818305061916,v9_9,2025-11-24,6.458436781214006,14.263037243374091,20.0166749649408,13.558238183726795
56.33,37.79051411908025,18.53948588091975,-32.91227743816749,TKNSA,TRETKNO00010,Consumer Discretionary,Africa / Middle East,25.06,0.0,39.584270936897234,16.745729063102765,-29.727905313514587,v9_9,2025-11-24,31.09827952750273,38.534013951543045,58.56620701847528,27.467927490972553
8.8,4.322453324494361,4.47754667550564,-50.88121222165499,POSI3,BRPOSIACNOR9,Information Technology,Latin America and Caribbean,4.17,0.0,6.071578395573603,2.728421604426398,-31.00479095939088,v9_9,2025-11-24,5.686751320499659,6.079331973918028,12.105806730894846,6.419055410395187
3.1206650000000002,1.3320522539679245,1.7886127460320758,-57.31511540111084,AACT,OM0000002168,Industrials,Africa / Middle East,2.4457,0.0,3.1206650000000007,4.440892098500626e-16,1.423059539713691e-14,v9_9,2025-11-24,1.8876841552592873,2.7655603613289546,2.955020189069965,1.0673360338106779
1.32532,-0.4988070071666537,1.8241270071666538,-137.6367222381503,TFCI,OM0000003281,Financials,Africa / Middle East,1.1152000000000002,0.0,1.3253199999999998,2.220446049250313e-16,-1.6754037132543936e-14,v9_9,2025-11-24,1.2191669111027543,1.3435642574116125,3.360370652824669,2.141203741721915
1961.0,1842.1278843461557,118.87211565384428,-6.061811099125154,ALM,MA0000010936,Industrials,Africa / Middle East,1790.0,0.0,1849.082594758107,111.917405241893,-5.70715987974977,v9_9,2025-11-24,1168.996754584111,1952.1656461836974,1966.191248926261,797.1944943421502
7.2333,6.175756158350589,1.0575438416494105,-14.62048914948102,CASH3,BRCASHACNOR8,Communication Services,Latin America and Caribbean,3.67,0.0,7.919985114345082,0.6866851143450825,9.493386342956638,v9_9,2025-11-24,4.430911144338671,7.737049750360363,15.603839126846546,11.172927982507876
6.3162,5.879858518174279,0.4363414818257212,-6.9082910899864025,CORNERST,NGCORNERST03,Financials,Africa / Middle East,5.97,0.0,7.620238245807375,1.3040382458073747,20.645930239817844,v9_9,2025-11-24,4.576091439186793,7.216659810752524,25.681318676459384,21.10522723727259
2.56275,0.8591675984815028,1.703582401518497,-66.47477910519937,ESPA3,BRESPAACNOR7,Consumer Discretionary,Latin America and Caribbean,1.83,0.0,2.658783780203379,0.09603378020337905,3.7472941255830285,v9_9,2025-11-24,2.42019629528779,2.5921495046047673,15.18921462914051,12.76901833385272
5.0,6.483183205560053,1.483183205560053,29.66366411120106,SVCE,EGS3C351C011,Materials,Africa / Middle East,6.78,0.0,8.244616412807876,3.2446164128078756,64.89232825615751,v9_9,2025-11-24,5.970587005952084,6.362317735105175,15.747851880827072,9.777264874874987
5.1,3.883493421335154,1.2165065786648457,-23.85307016989894,MTRE3,BRMTREACNOR6,Real Estate,Latin America and Caribbean,3.5,0.0,5.647161775304575,0.5471617753045752,10.728662260874025,v9_9,2025-11-24,4.812109076082466,5.305267296525284,15.830233237162059,11.018124161079593
57.3,64.99614856297892,7.6961485629789195,13.43132384464035,BHASS,TN0006550016,Financials,Africa / Middle East,63.0,0.0,66.76544559787956,9.465445597879565,16.519102265060322,v9_9,2025-11-24,53.151440578056004,57.002672393829165,91.79790609249775,38.64646551444175
37.0,28.811510357816687,8.188489642183313,-22.13105308698193,BIZIM,TREBZMT00017,Consumer Staples,Africa / Middle East,25.6,0.0,30.608148148222348,6.391851851777652,-17.275275275074737,v9_9,2025-11-24,22.110460421420765,29.40062420299802,58.12532259028172,36.01486216886096
2.3464,0.8367275730961703,1.5096724269038297,-64.33994318546836,LPSB3,BRLPSBACNOR0,Real Estate,Latin America and Caribbean,2.4579000000000004,0.0,2.630167198592295,0.28376719859229516,12.093726499842104,v9_9,2025-11-24,2.133251202714667,2.255467777055459,2.7929654268801825,0.6597142241655156
30.0,26.978209411568148,3.021790588431852,-10.07263529477284,NGRD3,BRNGRDACNOR3,Information Technology,Latin America and Caribbean,25.9,0.0,28.76027572578415,1.239724274215849,-4.132414247386163,v9_9,2025-11-24,22.652817863808163,26.31843962750275,35.616976296057764,12.9641584322496
16.8,14.581093702462638,2.2189062975373623,-13.207775580579536,ECYCL,TN0007570013,Consumer Discretionary,Africa / Middle East,12.49,0.0,16.345739977330872,0.45426002266912846,-2.7039287063638597,v9_9,2025-11-24,12.51162619671056,16.494872899066298,21.967042490811412,9.455416294100852
16.7,10.267490365104441,6.432509634895558,-38.51802176584167,RACC,EGS74191C015,Industrials,Africa / Middle East,9.03,0.0,12.022811274443335,4.677188725556665,-28.00711811710578,v9_9,2025-11-24,11.22229111496507,13.533438728703363,17.341607279986874,6.119316165021804
21.6,24.571496679898353,2.971496679898351,13.756929073603477,STPIL,TN0006660013,Energy,Africa / Middle East,23.0,0.0,26.41328708185078,4.813287081850778,22.283736490049893,v9_9,2025-11-24,18.713078687904908,25.456996029803424,68.75597543735023,50.04289674944532
46.8,48.130357060631006,1.330357060631009,2.8426432919466005,ETERNA,NGETERNAOIL1,Energy,Africa / Middle East,35.5,0.0,49.97058425012626,3.170584250126261,6.774752671209959,v9_9,2025-11-24,41.23122526442845,54.99479854716605,80.45149668763335,39.2202714232049
66.0,20.395619656319532,45.60438034368047,-69.09754597527343,ISYAT,TRAISYAT91Q5,Financials,Africa / Middle East,8.05,0.0,22.15876037539843,43.84123962460157,-66.42612064333572,v9_9,2025-11-24,12.448460719529606,34.827845688685784,61.77441876523462,49.325958045705015
8.42,6.999672650910137,1.4203273490898631,-16.868495832421175,HL,TN0007310139,Financials,Africa / Middle East,7.6,0.0,8.755946819666745,0.335946819666745,3.989867216944715,v9_9,2025-11-24,8.084705458191081,8.591458642714652,15.138596430516987,7.053890972325906
4.880000000000001,5.337416458796859,0.45741645879685855,9.373288090099559,NEIMETH,NGNEIMETH001,Health Care,Africa / Middle East,5.4,0.0,7.09072881800851,2.2107288180085094,45.30182004115797,v9_9,2025-11-24,4.854757798627142,6.921965071135376,25.30304971532547,20.44829191669833
7.05,6.1713493744155645,0.8786506255844353,-12.463129440913976,SOTET,TN0006530018,Communication Services,Africa / Middle East,5.09,0.0,7.915096035637184,0.8650960356371842,12.270865753718924,v9_9,2025-11-24,6.850125583497346,7.203885558865712,16.688781318014275,9.83865573451693
2.4016,0.6064958462121983,1.7951041537878019,-74.74617562407569,SCB,TN0007350010,Materials,Africa / Middle East,1.96,0.0,2.4016,0.0,0.0,v9_9,2025-11-24,2.2746363775442315,2.3046153798933946,5.388425684086999,3.1137893065427678
2.3464,1.251649966605315,1.0947500333946851,-46.656581716445835,SOKNA,TN0007210016,Real Estate,Africa / Middle East,2.72,0.0,2.9888687932607745,0.6424687932607744,27.381043013159495,v9_9,2025-11-24,2.374556809596568,2.6539112100156217,11.373890985879234,8.999334176282666
