ticker    ,name                                                                            ,industry                                             ,last_price,pt_median  ,pt_spread          ,expected_upside_pct ,upside_std         ,var_5_pct            ,prob_positive_upside,risk_reward_ratio
LUV       ,Southwest Airlines Co.                                                          ,Passenger Airlines                                   ,48.5      ,44.0       ,36.0               ,-12.325813137996551 ,15.111352195138556 ,-38.08226693079446   ,22.220000000000002  ,-0.8156657973971293
PHM       ,PulteGroup Inc.                                                                 ,Household Durables                                   ,127.26    ,144.0      ,48.0               ,8.559421861396888   ,7.896171830842698  ,-5.7691435017975525  ,83.73               ,1.0839964029105238
KEX       ,Kirby Corporation                                                               ,Marine Transportation                                ,122.17    ,140.0      ,23.0               ,11.057590461027928  ,4.011511638909482  ,3.665844188820653    ,99.99               ,2.7564647585152966
LHX       ,L3Harris Technologies Inc.                                                      ,Aerospace and Defense                                ,356.02    ,367.0      ,160.0              ,2.2896674494418394  ,9.186397284083043  ,-13.351436909800858  ,59.919999999999995  ,0.24924542000911154
SNDK      ,Sandisk Corporation                                                             ,Technology Hardware Storage and Peripherals          ,539.3     ,404.0      ,465.0              ,-29.771581171851793 ,17.689470037937774 ,-60.19242073168415   ,3.8699999999999997  ,-1.6830114812937913
NSC       ,Norfolk Southern Corporation                                                    ,Ground Transportation                                ,290.16    ,305.0      ,83.0               ,10.107775947036378  ,6.088247681656975  ,1.310964273030158    ,98.28               ,1.6602110287808542
HSLV      ,Highlander Silver Corp.                                                         ,Metals and Mining                                    ,7.74      ,8.0        ,2.25               ,10.917097223939606  ,6.454481090230532  ,2.3371354958957835   ,100.0               ,1.691398126561044
MO        ,Altria Group Inc.                                                               ,Tobacco                                              ,59.76     ,63.0       ,26.0               ,2.0565011088463647  ,8.837725199560388  ,-13.483789533588368  ,60.870000000000005  ,0.2326957517245117
CMCSA     ,Comcast Corporation                                                             ,Diversified Telecommunication Services               ,29.24     ,33.0       ,21.0               ,14.036014438173583  ,14.82194924532405  ,-10.343191163230744  ,80.94               ,0.9469749360126564
VLO       ,Valero Energy Corporation                                                       ,Oil Gas and Consumable Fuels                         ,182.49    ,192.5      ,76.0               ,1.5134501230461646  ,8.581112430004012  ,-13.583410399327564  ,59.39               ,0.17636992119510744
OSK       ,Oshkosh Corporation                                                             ,Machinery                                            ,145.35    ,155.0      ,60.0               ,6.630022639746411   ,8.405580819170723  ,-7.478571160350003   ,76.64999999999999   ,0.7887643676716816
PH        ,Parker-Hannifin Corporation                                                     ,Machinery                                            ,948.4     ,980.0      ,527.0              ,-6.9224627464209245 ,11.978579332699875 ,-28.950476882368523  ,34.28               ,-0.5779034853927588
SYK       ,Stryker Corporation                                                             ,Health Care Equipment and Supplies                   ,354.3     ,432.5      ,149.0              ,13.985463516899012  ,9.03374838823861   ,-2.725300153309232   ,91.3                ,1.5481351611593734
DOW       ,Dow Inc.                                                                        ,Chemicals                                            ,27.16     ,27.0       ,23.0               ,15.692436430270588  ,18.309900984768124 ,-9.674518136947556   ,76.82               ,0.8570464932238036
LMT       ,Lockheed Martin Corporation                                                     ,Aerospace and Defense                                ,622.51    ,570.0      ,200.0              ,-8.875753254016113  ,6.55425048167224   ,-19.933654005187318  ,9.54                ,-1.3541980549622767
RCIB      ,Rogers Communications Inc.                                                      ,Wireless Telecommunication Services                  ,52.0      ,60.0       ,21.0               ,16.023753941641363  ,8.247898613028104  ,2.526524538287813    ,98.32               ,1.9427680544388335
CAT       ,Caterpillar Inc.                                                                ,Machinery                                            ,665.24    ,630.0      ,410.0              ,-9.720522412007764  ,12.61559785430743  ,-32.08313823441133   ,23.47               ,-0.7705161914850369
HON       ,Honeywell International Inc.                                                    ,Industrial Conglomerates                             ,227.24    ,236.0      ,96.0               ,5.858650412644462   ,8.631640288205986  ,-8.139544232064871   ,73.99               ,0.6787412608759363
RMD       ,ResMed Inc.                                                                     ,Health Care Equipment and Supplies                   ,257.61    ,299.0      ,120.0              ,12.583908759300177  ,9.611903885880169  ,-4.615618427458062   ,88.28               ,1.3092004361160816
DOV       ,Dover Corporation                                                               ,Machinery                                            ,202.53    ,222.5      ,103.0              ,8.895314783795335   ,10.375377281847149 ,-8.419697892339089   ,78.47               ,0.8573485611321967
AAPL      ,Apple Inc.                                                                      ,Technology Hardware Storage and Peripherals          ,258.28    ,300.0      ,145.0              ,10.116986116881169  ,11.70493254596412  ,-10.581239824247206  ,78.64               ,0.864335277213496
BIP       ,Brookfield Infrastructure Partners L.P.                                         ,Multi-Utilities                                      ,36.35     ,43.0       ,18.0               ,23.940465126677346  ,10.366018124552992 ,8.244658060332576    ,100.0               ,2.309514110338266
TSCO      ,Tractor Supply Company                                                          ,Specialty Retail                                     ,50.96     ,61.0       ,22.0               ,17.191441536716745  ,8.840116640493388  ,1.9393852801101432   ,97.18               ,1.9447075458222969
TMO       ,Thermo Fisher Scientific Inc.                                                   ,Life Sciences Tools and Services                     ,592.16    ,652.0      ,175.0              ,11.264295671269291  ,6.111312735665067  ,1.2995007330499029   ,97.58               ,1.8431875700832463
KLAC      ,KLA Corporation                                                                 ,Semiconductors and Semiconductor Equipment           ,1684.71   ,1550.0     ,800.0              ,-13.88709416991772  ,9.93252395247676   ,-31.696086726772197  ,6.92                ,-1.3981435369662365
SHW       ,The Sherwin-Williams Company                                                    ,Chemicals                                            ,354.58    ,395.0      ,159.0              ,1.1729400756684747  ,9.763977812036089  ,-16.920189101576113  ,58.85               ,0.12012932620786863
TT        ,Trane Technologies plc                                                          ,Building Products                                    ,426.07    ,460.5      ,185.0              ,9.279370598845649   ,8.92606393068019   ,-5.3901735640990776  ,83.85000000000001   ,1.0395814628832192
WDC       ,Western Digital Corporation                                                     ,Technology Hardware Storage and Peripherals          ,278.41    ,235.0      ,135.0              ,-16.006091424830316 ,9.853222886167204  ,-32.62133391269625   ,5.29                ,-1.6244523857570536
MXL       ,MaxLinear Inc.                                                                  ,Semiconductors and Semiconductor Equipment           ,19.27     ,18.5       ,12.0               ,8.014342067968464   ,13.421025341289202 ,-10.691068839590832  ,66.14               ,0.5971482702825013
SNDR      ,Schneider National Inc.                                                         ,Ground Transportation                                ,29.71     ,31.0       ,10.0               ,4.285967559070187   ,6.824750398991799  ,-7.115693572444706   ,72.27               ,0.6280035618157319
CNX       ,CNX Resources Corporation                                                       ,Oil Gas and Consumable Fuels                         ,37.6      ,34.5       ,23.0               ,-4.695616465420674  ,12.603864420241099 ,-24.708627497574394  ,34.9                ,-0.3725537112157266
APPF      ,AppFolio Inc.                                                                   ,Software                                             ,207.1     ,318.0      ,80.0               ,50.82621624821008   ,7.906757340775011  ,36.969564691028765   ,100.0               ,6.428199836878788
ALGM      ,Allegro MicroSystems Inc.                                                       ,Semiconductors and Semiconductor Equipment           ,37.98     ,38.0       ,14.0               ,7.122546330751298   ,7.893314151920418  ,-3.870579678531201   ,79.25999999999999   ,0.902351812390288
TAL       ,TAL Education Group                                                             ,Diversified Consumer Services                        ,12.7      ,14.8       ,6.16               ,15.615050088579999  ,9.913803722316702  ,-1.3092805227813422  ,93.36               ,1.5750816261804106
EMN       ,Eastman Chemical Company                                                        ,Chemicals                                            ,68.99     ,72.0       ,40.0               ,11.986066552043082  ,12.078989229035589 ,-5.940326306356592   ,83.00999999999999   ,0.9923070817242606
EXP       ,Eagle Materials Inc.                                                            ,Construction Materials                               ,211.97    ,230.0      ,59.0               ,11.478372971197182  ,5.808989118393408  ,2.620173712416428    ,99.64               ,1.9759673735405023
CVCO      ,Cavco Industries Inc.                                                           ,Household Durables                                   ,617.5     ,605.0      ,10.0               ,-2.0227403968090485 ,0.3295887260172865 ,-2.5733874748551195  ,0.0                 ,-6.137165009409206
DECK      ,Deckers Outdoor Corporation                                                     ,Textiles Apparel and Luxury Goods                    ,99.9      ,113.0      ,76.0               ,17.053118427372446  ,15.692717941910647 ,-8.24934184923098    ,84.84               ,1.0866899214334675
SKYW      ,SkyWest Inc.                                                                    ,Passenger Airlines                                   ,101.53    ,128.0      ,38.0               ,27.977126961824634  ,7.6558708226933305 ,15.708101142815114   ,100.0               ,3.6543363400144595
OSIS      ,OSI Systems Inc.                                                                ,Electronic Equipment Instruments and Components      ,269.74    ,296.0      ,65.0               ,7.616131630414369   ,4.949745452312835  ,-1.1961828174416036  ,91.7                ,1.53869157591844
CRS       ,Carpenter Technology Corporation                                                ,Aerospace and Defense                                ,310.39    ,380.0      ,86.41000000000003  ,22.825593705679868  ,5.767534985565338  ,13.19411718545632    ,100.0               ,3.9575995226394776
DLB       ,Dolby Laboratories Inc.                                                         ,Software                                             ,63.03     ,87.5       ,46.0               ,42.68531307919218   ,14.933810059457391 ,18.493508216636904   ,100.0               ,2.858300253535106
CSW       ,CSW Industrials Inc.                                                            ,Building Products                                    ,274.36    ,333.0      ,79.0               ,15.8509288387146    ,6.184411776490063  ,4.41776541827689     ,99.77000000000001   ,2.563045510483574
AOS       ,A. O. Smith Corporation                                                         ,Building Products                                    ,73.17     ,76.0       ,37.0               ,8.682518066400618   ,10.37923377850045  ,-7.311814249337208   ,78.13               ,0.8365278450886799
HOLX      ,Hologic Inc.                                                                    ,Health Care Equipment and Supplies                   ,74.98     ,77.0       ,8.0                ,1.832107257824442   ,2.191250692395205  ,-2.0339280064786     ,78.27               ,0.8361011655046225
BC        ,Brunswick Corporation                                                           ,Leisure Products                                     ,80.62     ,80.0       ,47.0               ,8.880746282878846   ,12.249386601446643 ,-8.767882649654975   ,72.59               ,0.7249951831735016
YSN       ,secunet Security Networks Aktiengesellschaft                                    ,IT Services                                          ,233.5     ,233.5      ,53.0               ,-0.5693305680110422 ,4.696810703194045  ,-8.591223128315198   ,46.77               ,-0.12121641769038541
ANTO      ,Antofagasta plc                                                                 ,Metals and Mining                                    ,37.86     ,31.948     ,20.0825            ,-20.628112065326818 ,10.927092309344456 ,-39.837875228752694  ,1.09                ,-1.887795168316314
CFR       ,Compagnie Financière Richemont SA                                               ,Textiles Apparel and Luxury Goods                    ,147.8     ,188.7776   ,78.60569999999998  ,22.290270163530955  ,10.93043035561382  ,2.5685096875747013   ,97.39               ,2.0392856857719943
KRKG      ,Krka d. d.                                                                      ,Pharmaceuticals                                      ,225.0     ,202.0      ,120.0              ,-18.07618946561495  ,11.192620575014306 ,-38.34883899858791   ,2.35                ,-1.615009581041913
MTRS      ,Munters Group AB (publ)                                                         ,Building Products                                    ,170.0     ,212.5      ,60.0               ,21.99868693495859   ,7.302915661808125  ,9.080565681847833    ,100.0               ,3.0123156221020837
HPOLB     ,HEXPOL AB (publ)                                                                ,Chemicals                                            ,72.35     ,97.0       ,16.0               ,34.939972335169124  ,4.485503419025771  ,27.698360816030807   ,100.0               ,7.789531981397511
BRE       ,Brembo N.V.                                                                     ,Automobile Components                                ,10.09     ,10.0       ,4.0                ,5.749708394205676   ,8.406304387155108  ,-6.301865360284754   ,71.06               ,0.6839757555045557
NOKIA     ,Nokia Oyj                                                                       ,Communications Equipment                             ,5.13      ,5.54       ,3.9000000000000004 ,4.6074572768889075  ,15.634095292627372 ,-22.73060814911753   ,63.01               ,0.29470571789732297
A001440   ,Taihan Cable & Solution Co. Ltd.                                                ,Electrical Equipment                                 ,28300.0   ,29000.0    ,13000.0            ,-5.707898735674866  ,9.762217123261362  ,-23.790673014812835  ,33.73               ,-0.5846928688027347
CJLU      ,NetLink NBN Trust                                                               ,Diversified Telecommunication Services               ,0.98      ,1.0159     ,0.19999999999999984,4.593131646370971   ,4.16859452468941   ,-2.1437838816811405  ,85.39999999999999   ,1.1018417884414393
500067    ,Blue Star Limited                                                               ,Building Products                                    ,1731.25   ,1901.0     ,937.0              ,2.4127675912469466  ,11.362816858806225 ,-17.9959991133769    ,60.73               ,0.21233886114929704
WHC       ,Whitehaven Coal Limited                                                         ,Oil Gas and Consumable Fuels                         ,9.46      ,8.975      ,3.8499999999999996 ,-9.03873995206537   ,8.503908830913971  ,-24.148715745373817  ,15.15               ,-1.0628923865231417
CONCOR    ,Container Corporation of India Limited                                          ,Ground Transportation                                ,500.6     ,592.0      ,253.0              ,19.612472786605743  ,10.342944412021593 ,2.7897906863097464   ,97.84               ,1.89621755714071
APARINDS  ,APAR Industries Limited                                                         ,Industrial Conglomerates                             ,7695.0    ,10745.0    ,1717.0             ,35.70773636459687   ,4.727124029863926  ,27.044486839882325   ,100.0               ,7.5537972219495035
FFC       ,Fauji Fertilizer Company Limited                                                ,Chemicals                                            ,597.1     ,621.0      ,311.0              ,6.615422995953745   ,10.62897968969498  ,-10.07884673013748   ,71.34               ,0.622394923039277
KPITTECH  ,KPIT Technologies Limited                                                       ,Software                                             ,1042.8    ,1375.0     ,460.0              ,25.7172125991802    ,9.28656150511086   ,8.831071633448117    ,100.0               ,2.7692933046345227
FCFE18    ,Fideicomiso Irrevocable Numero Cib/2919 (Cfe Fibra E)                           ,Electric Utilities                                   ,23.4      ,29.0       ,10.0               ,23.985936971247494  ,8.737188886879302  ,9.511738922807979    ,100.0               ,2.7452693631549323
CMPC      ,Empresas CMPC S.A.                                                              ,Paper and Forest Products                            ,1295.0    ,1493.2463  ,1286.3559000000002 ,36.456976333507775  ,21.73530217981421  ,6.597985397972784    ,99.59               ,1.6773162862840587
500830    ,Colgate-Palmolive (India) Limited                                               ,Personal Care Products                               ,2111.85   ,2400.0     ,1070.0             ,11.69464462968436   ,10.3631057384235   ,-6.2380835936618     ,85.46000000000001   ,1.1284884015342898
A004020   ,Hyundai Steel Company                                                           ,Metals and Mining                                    ,31550.0   ,43000.0    ,26000.0            ,48.92573071373219   ,17.362750779756766 ,23.569359554502356   ,100.0               ,2.817855956947485
AEGISVOPAK,Aegis Vopak Terminals Limited                                                   ,Oil Gas and Consumable Fuels                         ,219.51    ,329.0      ,85.0               ,43.33747296632615   ,8.276312577500885  ,28.07907322083747    ,100.0               ,5.236326269761592
5471      ,Daido Steel Co. Ltd.                                                            ,Metals and Mining                                    ,1946.5    ,1570.0     ,850.0              ,-19.064157243303075 ,8.952288855197441  ,-33.98896152465998   ,0.8                 ,-2.1295288335379143
RVRC      ,RVRC Holding AB (publ)                                                          ,Specialty Retail                                     ,69.0      ,70.0       ,16.0               ,8.275663776997398   ,5.300091388126834  ,1.317582679025426    ,100.0               ,1.5614190720440002
SMWH      ,WH Smith PLC                                                                    ,Specialty Retail                                     ,6.71      ,6.8        ,2.1999999999999993 ,4.346842421097716   ,6.73130668976318   ,-5.926464102733232   ,71.25               ,0.6457650232618722
PXED      ,Phoenix Education Partners Inc.                                                 ,Diversified Consumer Services                        ,29.86     ,45.5       ,19.0               ,54.7843638066801    ,12.936134824789985 ,33.61181025340943    ,100.0               ,4.234987076796296
SXI       ,Standex International Corporation                                               ,Machinery                                            ,246.19    ,260.0      ,27.0               ,5.197920023753713   ,2.230004208786638  ,1.3679717218020913   ,99.61               ,2.330901441025504
RHI       ,Robert Half Inc.                                                                ,Professional Services                                ,27.09     ,29.0       ,27.0               ,23.00223602954663   ,21.138581538090417 ,-7.777598724868995   ,86.02               ,1.0881636493961537
DXC       ,DXC Technology Company                                                          ,IT Services                                          ,14.41     ,14.5       ,2.0                ,2.883086996184315   ,2.942377303822146  ,-1.2937708817477216  ,82.71               ,0.9798495225065755
GPI       ,Group 1 Automotive Inc.                                                         ,Specialty Retail                                     ,363.16    ,490.0      ,130.0              ,28.52732142099365   ,7.649204327224005  ,14.461323581530655   ,100.0               ,3.7294495218885837
ABBN      ,ABB Ltd                                                                         ,Electrical Equipment                                 ,66.38     ,56.6225    ,25.403000000000006 ,-14.88513747857823  ,7.762640602690763  ,-28.05635970441004   ,2.06                ,-1.9175353131019097
MTX       ,Minerals Technologies Inc.                                                      ,Chemicals                                            ,65.25     ,82.0       ,13.0               ,25.1536452067766    ,4.083781086905554  ,18.2235992009165     ,100.0               ,6.159400974609178
MAN       ,ManpowerGroup Inc.                                                              ,Professional Services                                ,33.29     ,42.0       ,21.0               ,17.19572505678808   ,13.214127206730167 ,-6.743430181954457   ,87.74               ,1.3013137218801725
OLN       ,Olin Corporation                                                                ,Chemicals                                            ,22.34     ,23.0       ,9.0                ,7.513877550959665   ,8.391993391584766  ,-5.277173870317542   ,80.04               ,0.8953626629990381
7751      ,Canon Inc.                                                                      ,Technology Hardware Storage and Peripherals          ,4552.0    ,5000.0     ,1900.0             ,11.955867199621059  ,8.490544557816115  ,-1.511190087976999   ,92.25999999999999   ,1.40813903256828
4519      ,Chugai Pharmaceutical Co. Ltd.                                                  ,Pharmaceuticals                                      ,8309.0    ,9150.0     ,5000.0             ,8.252509209795052   ,12.408095867966104 ,-13.187904503089484  ,73.44000000000001   ,0.665090703489848
A005380   ,Hyundai Motor Company                                                           ,Automobiles                                          ,528000.0  ,500000.0   ,600000.0           ,1.217384049192922   ,23.564126633549776 ,-36.533296208789636  ,49.41               ,0.051662600024379994
VOLTAS    ,Voltas Limited                                                                  ,Construction and Engineering                         ,1349.1    ,1415.0     ,675.0              ,5.899049547893081   ,10.16168105332051  ,-10.72236977607687   ,70.7                ,0.5805190614564173
4307      ,Nomura Research Institute Ltd.                                                  ,IT Services                                          ,5685.0    ,6700.0     ,2700.0             ,13.936693125771754  ,9.713049354070646  ,-3.301025846862442   ,90.28               ,1.4348422022514504
VEDL      ,Vedanta Limited                                                                 ,Metals and Mining                                    ,766.35    ,590.0      ,355.0              ,-17.06197810608828  ,9.745868062630072  ,-31.614335925365598  ,5.52                ,-1.7506883939370552
ALODC     ,Omer-Decugis & Cie SA                                                           ,Food Products                                        ,8.26      ,11.6       ,2.1999999999999993 ,40.54784012911098   ,5.479687192744487  ,31.399177736497627   ,100.0               ,7.3996632842107
A373220   ,LG Energy Solution Ltd.                                                         ,Electrical Equipment                                 ,416500.0  ,500000.0   ,305000.0           ,11.668536237945082  ,15.391240470529148 ,-16.260763156599968  ,76.25               ,0.7581283821981581
4661      ,Oriental Land Co. Ltd.                                                          ,Hotels Restaurants and Leisure                       ,2745.5    ,3400.0     ,3180.0             ,38.408744904430776  ,24.15894470491912  ,2.636084032714008    ,96.67999999999999   ,1.5898353745811664
A000660   ,SK hynix Inc.                                                                   ,Semiconductors and Semiconductor Equipment           ,861000.0  ,940000.0   ,1244755.0          ,4.675962070072048   ,29.759563129641357 ,-46.46357528418394   ,57.11000000000001   ,0.15712468794323997
6701      ,NEC Corporation                                                                 ,IT Services                                          ,5537.0    ,6500.0     ,3000.0             ,17.516373068159034  ,11.151059685296328 ,-1.0206240757174356  ,93.67999999999999   ,1.5708258732805405
ADANIPOWER,Adani Power Limited                                                             ,Independent Power and Renewable Electricity Producers,133.88    ,186.0      ,17.0               ,39.18468741256769   ,2.5747286830171743 ,34.903868602047666   ,100.0               ,15.218957892933963
A267260   ,HD Hyundai Electric Co. Ltd.                                                    ,Electrical Equipment                                 ,897000.0  ,1020000.0  ,826391.0           ,-3.8382794408979257 ,19.820773644174935 ,-40.446772886287135  ,48.61               ,-0.1936493251879674
6702      ,Fujitsu Limited                                                                 ,IT Services                                          ,4075.0    ,4900.0     ,2000.0             ,21.817245883731893  ,10.102213590519108 ,5.674063833680969    ,99.61               ,2.1596500299901895
ITC       ,ITC Limited                                                                     ,Tobacco                                              ,318.6     ,395.0      ,230.0              ,32.24512713674861   ,14.952026303515632 ,9.604200085008689    ,100.0               ,2.1565723924099096
TMCV      ,Tata Motors Limited                                                             ,Machinery                                            ,470.2     ,480.0      ,201.0              ,0.4718833809952206  ,8.712444513762756  ,-14.29036944031086   ,53.81               ,0.05416199555128325
4502      ,Takeda Pharmaceutical Company Limited                                           ,Pharmaceuticals                                      ,5153.0    ,5346.0     ,1600.0             ,4.469926975084454   ,6.373501632895712  ,-5.96846413189659    ,74.19               ,0.7013298548499163
6861      ,Keyence Corporation                                                             ,Electronic Equipment Instruments and Components      ,58780.0   ,69000.0    ,21000.0            ,19.12117940907411   ,7.359884061049812  ,7.387348282881165    ,100.0               ,2.5980272583732344
6504      ,Fuji Electric Co. Ltd.                                                          ,Electrical Equipment                                 ,11750.0   ,13500.0    ,6700.0             ,4.400354523064608   ,12.152116738604178 ,-18.147562218221747  ,66.07               ,0.3621060114643075
A086280   ,Hyundai Glovis Co. Ltd.                                                         ,Air Freight and Logistics                            ,255500.0  ,279500.0   ,217000.0           ,2.297332706333582   ,17.403991116130545 ,-28.460569130854008  ,57.03               ,0.13200033779633139
9501      ,Tokyo Electric Power Company Holdings Incorporated                              ,Electric Utilities                                   ,570.5     ,433.0      ,190.0              ,-33.11748005372441  ,7.502351181856658  ,-47.02433802696356   ,0.0                 ,-4.414280170436996
6305      ,Hitachi Construction Machinery Co. Ltd.                                         ,Machinery                                            ,5137.0    ,4900.0     ,1800.0             ,-3.2997642727015104 ,7.182718163786957  ,-14.972062186473446  ,32.05               ,-0.4594032784605
MIN       ,Mineral Resources Limited                                                       ,Metals and Mining                                    ,61.02     ,58.5       ,48.0               ,-19.87789545562422  ,16.985463098570463 ,-51.498054855791175  ,10.870000000000001  ,-1.1702886957081076
NTPCGREEN ,NTPC Green Energy Limited                                                       ,Independent Power and Renewable Electricity Producers,92.33     ,110.0      ,35.0               ,13.629493880262755  ,8.032519188477137  ,-0.9916225140005953  ,93.38               ,1.696789458008968
A047050   ,Posco International Corporation                                                 ,Trading Companies and Distributors                   ,62500.0   ,69500.0    ,15000.0            ,8.993467681105455   ,5.021098132923678  ,0.1481715463840457   ,95.28               ,1.7911356127725693
A003670   ,Posco Future M Co. Ltd.                                                         ,Electrical Equipment                                 ,235000.0  ,174000.0   ,204000.0           ,-19.143523256673802 ,17.998627466885054 ,-47.07973329518412   ,16.939999999999998  ,-1.063610172047574
6594      ,Nidec Corporation                                                               ,Electrical Equipment                                 ,2190.0    ,3000.0     ,2300.0             ,35.548377003573606  ,21.3149107640388   ,-0.550681540123163   ,94.64               ,1.6677703883963066
4204      ,Sekisui Chemical Co. Ltd.                                                       ,Industrial Conglomerates                             ,2714.0    ,2970.0     ,610.0              ,7.601997725576698   ,4.647690941244353  ,-0.6403141820965047  ,93.41000000000001   ,1.63565043839627
9766      ,Konami Group Corporation                                                        ,Entertainment                                        ,20790.0   ,26300.0    ,11200.0            ,21.108257034484005  ,11.125549798994966 ,1.3879633757713536   ,96.28               ,1.897277655113353
COROMANDEL,Coromandel International Limited                                                ,Chemicals                                            ,2249.5    ,2561.5     ,1034.0             ,18.42743601740931   ,9.51172064306855   ,3.8791482439885927   ,99.38               ,1.9373399102966595
6586      ,Makita Corporation                                                              ,Machinery                                            ,4651.0    ,5710.0     ,2200.0             ,16.81691020218748   ,9.870521417501111  ,-1.0477525550230635  ,93.73               ,1.703750945960154
SWIGGY    ,Swiggy Limited                                                                  ,Hotels Restaurants and Leisure                       ,327.65    ,491.5      ,450.0              ,54.86836285703335   ,27.68247333067778  ,9.109182660450967    ,98.55000000000001   ,1.9820614365490277
DABUR     ,Dabur India Limited                                                             ,Personal Care Products                               ,510.45    ,539.0      ,225.0              ,2.1128669985731574  ,9.035393886782837  ,-13.631903241014236  ,61.08               ,0.2338433747380846
PLS       ,PLS Group Limited                                                               ,Metals and Mining                                    ,4.59      ,4.5        ,3.1                ,-9.99352562438129   ,14.038066020560512 ,-35.19334708915775   ,26.650000000000002  ,-0.7118876353583546
DIXON     ,Dixon Technologies (India) Limited                                              ,Household Durables                                   ,10337.0   ,16239.0    ,11876.0            ,46.82807898641407   ,23.83318479967074  ,4.829836444417218    ,97.11               ,1.964826748083664
1944      ,Kinden Corporation                                                              ,Construction and Engineering                         ,7562.0    ,6700.0     ,5100.0             ,-8.346216530075681  ,13.753584946924757 ,-30.36704551920016   ,27.63               ,-0.606839348597753
3443      ,Global Unichip Corp.                                                            ,Semiconductors and Semiconductor Equipment           ,2695.0    ,2275.0     ,2750.0             ,-14.701618300988127 ,20.654328109356847 ,-49.30783872244521   ,25.130000000000003  ,-0.7117935874335212
5333      ,NGK Insulators Ltd.                                                             ,Machinery                                            ,3750.0    ,3500.0     ,2390.0             ,-13.707377859223026 ,13.16939575773954  ,-37.01249276950261   ,15.870000000000001  ,-1.0408509328279028
1942      ,Kandenko Co.Ltd.                                                                ,Construction and Engineering                         ,5759.0    ,5500.0     ,2450.0             ,-15.857850312278606 ,9.555451138963354  ,-33.41934496393375   ,0.0                 ,-1.659560609086949
A443060   ,HD HYUNDAI Marine Solution CO.LTD.                                              ,Machinery                                            ,184900.0  ,270000.0   ,80000.0            ,42.39949698299205   ,8.917069994506704  ,26.524073567962304   ,100.0               ,4.754868696680854
500425    ,Ambuja Cements Limited                                                          ,Construction Materials                               ,536.0     ,660.0      ,410.0              ,16.100097303091744  ,15.673126991469925 ,-11.319411294511253  ,82.71               ,1.0272421905248517
SCC       ,The Siam Cement Public Company Limited                                          ,Construction Materials                               ,203.0     ,218.0      ,334.5              ,32.71251817023336   ,35.020940351996686 ,-18.15279884724946   ,81.13               ,0.9340845174755077
JINDALSTEL,Jindal Steel Limited                                                            ,Metals and Mining                                    ,1159.6    ,1155.0     ,793.0              ,-9.643123855792537  ,14.353042073414846 ,-35.34125543405051   ,28.76               ,-0.6718522670294287
NATIONALUM,National Aluminium Company Limited                                              ,Metals and Mining                                    ,428.85    ,320.0      ,195.0              ,-24.989830610171783 ,9.337244965657417  ,-40.533404353303     ,0.0                 ,-2.676360179269678
9503      ,The Kansai Electric Power Company Incorporated                                  ,Electric Utilities                                   ,2449.5    ,2600.0     ,800.0              ,2.0753385155461945  ,6.799007601499618  ,-10.174983210243505  ,64.14               ,0.3052413877414182
A010140   ,Samsung Heavy Industries Co. Ltd.                                               ,Machinery                                            ,29800.0   ,31000.0    ,19000.0            ,3.0076900687372574  ,13.112199768838174 ,-19.014383674519678  ,59.01               ,0.22938104374257548
9042      ,Hankyu Hanshin Holdings Inc.                                                    ,Ground Transportation                                ,4253.0    ,4800.0     ,800.0              ,9.730045555196506   ,3.985168450343671  ,2.350206412995993    ,99.45               ,2.441564434837732
2875      ,Toyo Suisan Kaisha Ltd.                                                         ,Food Products                                        ,10960.0   ,12300.0    ,5000.0             ,7.236615461755416   ,9.583797474458484  ,-9.897986405073667   ,76.08               ,0.7550885211255268
4506      ,Sumitomo Pharma Co. Ltd.                                                        ,Pharmaceuticals                                      ,2180.5    ,2125.0     ,1180.0             ,-2.9494364051979036 ,11.154060972862014 ,-21.82159332422644   ,40.160000000000004  ,-0.26442713666116074
9719      ,SCSK Corporation                                                                ,IT Services                                          ,5665.0    ,4800.0     ,1190.0             ,-13.560030873062155 ,4.317444890019586  ,-20.26529016097779   ,0.0                 ,-3.140753667616737
MEESHO    ,Meesho Limited                                                                  ,Broadline Retail                                     ,168.18    ,190.0      ,51.0               ,14.747056114811436  ,6.16581849530757   ,4.92179297258776     ,100.0               ,2.391743468614025
4507      ,Shionogi & Co. Ltd.                                                             ,Pharmaceuticals                                      ,3116.0    ,2675.0     ,1400.0             ,-9.4296461783789    ,9.317290226289833  ,-23.72171834315387   ,17.71               ,-1.0120588657603518
A064350   ,Hyundai Rotem Company                                                           ,Machinery                                            ,226500.0  ,300000.0   ,110000.0           ,30.938942149220914  ,9.844490282446348  ,14.073939706539571   ,100.0               ,3.142767300444997
500850    ,The Indian Hotels Company Limited                                               ,Hotels Restaurants and Leisure                       ,664.6     ,835.0      ,414.0              ,26.406373423676566  ,12.63768621432399  ,5.289375500357009    ,99.06               ,2.0894943089935776
7735      ,SCREEN Holdings Co. Ltd.                                                        ,Semiconductors and Semiconductor Equipment           ,19980.0   ,15000.0    ,14300.0            ,-11.059062460127384 ,15.315917897626496 ,-32.537357922182146  ,24.529999999999998  ,-0.7220633156985782
9023      ,Tokyo Metro Co. Ltd.                                                            ,Ground Transportation                                ,1637.0    ,1600.0     ,500.0              ,3.8486291929707934  ,6.577565895351467  ,-5.155409804464206   ,65.97               ,0.5851145019604772
3092      ,ZOZO Inc.                                                                       ,Specialty Retail                                     ,1271.5    ,1407.0     ,900.0              ,13.12027866435537   ,14.355274467050453 ,-10.563004894574707  ,80.80000000000001   ,0.9139691960937592
VNM       ,Vietnam Dairy Products Joint Stock Company                                      ,Food Products                                        ,71100.0   ,70300.0    ,29200.0            ,-6.450168783289762  ,8.543714494659048  ,-22.011255080564958  ,24.990000000000002  ,-0.7549607126176759
9202      ,ANA Holdings Inc.                                                               ,Passenger Airlines                                   ,2941.5    ,3400.0     ,1300.0             ,21.1993510198276    ,9.319479255504818  ,7.30239174423835     ,100.0               ,2.2747355768087143
5334      ,Niterra Co. Ltd.                                                                ,Automobile Components                                ,6743.0    ,7000.0     ,3975.0             ,-1.9828228521355875 ,12.189421661316137 ,-23.936207363593404  ,47.61               ,-0.1626675085355522
HPG       ,Hoa Phat Group Joint Stock Company                                              ,Metals and Mining                                    ,27100.0   ,35700.0    ,13883.333299999998 ,29.511967869369123  ,10.357243833716783 ,11.568887800168056   ,100.0               ,2.849403600337804
9104      ,Mitsui O.S.K. Lines Ltd.                                                        ,Marine Transportation                                ,4844.0    ,5400.0     ,3060.0             ,9.686055347867985   ,12.971136986763932 ,-12.452989760884183  ,75.67               ,0.7467391145241835
GAS       ,Petrovietnam Gas Joint Stock Corporation                                        ,Gas Utilities                                        ,116800.0  ,78700.0    ,25543.105500000005 ,-28.779762123464437 ,4.69783814386539   ,-35.48969236314357   ,0.0                 ,-6.126171494657838
FPT       ,FPT Corporation                                                                 ,IT Services                                          ,106100.0  ,118197.8261,35000.0            ,17.177653580319284  ,7.029080110780456  ,7.230845387645142    ,100.0               ,2.4437982366958693
GLENMARK  ,Glenmark Pharmaceuticals Limited                                                ,Pharmaceuticals                                      ,1985.6    ,2270.0     ,1235.0             ,9.030125331751437   ,12.820245625466617 ,-13.788907471614158  ,74.65               ,0.704364455686688
A307950   ,Hyundai Autoever Corporation                                                    ,IT Services                                          ,484000.0  ,240000.0   ,550000.0           ,-25.015248222487564 ,24.788739213131972 ,-58.37768217468897   ,18.14               ,-1.009137576841165
ORG       ,Origin Energy Limited                                                           ,Electric Utilities                                   ,11.8      ,11.6       ,4.0                ,0.5462946272547154  ,6.922355206097587  ,-10.568507744166807  ,50.029999999999994  ,0.07891745092385745
SITES1A1  ,Operadora de Sites Mexicanos S.A.B. de C.V.                                     ,Diversified Telecommunication Services               ,16.31     ,17.0       ,9.2                ,22.018304968341038  ,13.163338781122892 ,5.0415913956229526   ,100.0               ,1.672699102747151
LALPATHLAB,Dr. Lal PathLabs Limited                                                        ,Health Care Providers and Services                   ,1395.2    ,1755.0     ,983.0              ,17.880318549394676  ,14.576993556018744 ,-8.449771227525401   ,86.21               ,1.2266122284188026
COLBUN    ,Colbún S.A.                                                                     ,Independent Power and Renewable Electricity Producers,140.0     ,161.0109   ,16.447400000000016 ,13.550565620422667  ,2.4631797490612617 ,9.109226765529563    ,100.0               ,5.501249198556013
NMDCENR   ,NMDC Energy - P.J.S.C.                                                          ,Energy Equipment and Services                        ,2.51      ,3.48       ,0.75               ,42.44440725662092   ,6.2534416870272365 ,33.106143121233565   ,100.0               ,6.787367561877459
PLX       ,Vietnam National Petroleum Group                                                ,Oil Gas and Consumable Fuels                         ,57700.0   ,45000.0    ,6200.0             ,-22.921137712477897 ,2.202126713923103  ,-26.814309928248075  ,0.0                 ,-10.408637054151956
500086    ,Exide Industries Limited                                                        ,Automobile Components                                ,320.65    ,400.0      ,219.0              ,29.787032212262858  ,14.026646716295676 ,7.962264086546397    ,99.85000000000001   ,2.123603225684533
AEGISLOG  ,Aegis Logistics Limited                                                         ,Oil Gas and Consumable Fuels                         ,697.0     ,896.0      ,368.0              ,22.93987299104322   ,11.034291925804473 ,3.1382039544948115   ,97.65               ,2.0789619438467732
AOF       ,ATOSS Software SE                                                               ,Software                                             ,93.9      ,137.5      ,38.0               ,46.90782522361411   ,8.331602234266736  ,32.83590828486114    ,100.0               ,5.630108579918598
SKFB      ,AB SKF (publ)                                                                   ,Machinery                                            ,251.8     ,270.0      ,105.0              ,3.89334251682005    ,8.55274506247983   ,-11.260214529723072  ,68.33               ,0.4552155463980582
BTA       ,BT Group plc                                                                    ,Diversified Telecommunication Services               ,1.8965    ,2.1        ,1.7200000000000002 ,16.392166745322832  ,18.607880119899242 ,-13.16383593648012   ,79.69000000000001   ,0.8809260721640758
COLR      ,Colruyt Group N.V.                                                              ,Consumer Staples Distribution and Retail             ,32.26     ,37.5       ,19.06              ,16.130497045367907  ,12.058927536374636 ,-3.8714766895893624  ,89.62               ,1.3376394373970455
LIFCOB    ,Lifco AB (publ)                                                                 ,Industrial Conglomerates                             ,308.8     ,375.5      ,39.0               ,22.688083574793204  ,2.6363038899261704 ,18.598794192269818   ,100.0               ,8.606019837655584
ELUXB     ,AB Electrolux (publ)                                                            ,Household Durables                                   ,62.64     ,72.5       ,53.0               ,19.845433655541076  ,17.40143169176634  ,-8.176441974948938   ,86.27               ,1.1404483267276875
HOLMB     ,Holmen AB (publ)                                                                ,Paper and Forest Products                            ,341.2     ,375.0      ,155.0              ,9.335441212925048   ,9.244155006731804  ,-6.207636147971436   ,82.66               ,1.0098750189851606
BEIJB     ,Beijer Ref AB (publ)                                                            ,Trading Companies and Distributors                   ,134.1     ,180.0      ,41.0               ,34.02127590251438   ,6.293811680660981  ,23.4137158259037     ,100.0               ,5.4055122124247355
ELISA     ,Elisa Oyj                                                                       ,Diversified Telecommunication Services               ,37.18     ,40.0       ,24.0               ,16.570358818192783  ,13.477049376266075 ,-3.1852086915818463  ,89.83               ,1.2295242345386237
AAF       ,Airtel Africa Plc                                                               ,Wireless Telecommunication Services                  ,3.418     ,3.1279     ,2.7192             ,-8.80515566532748   ,16.170020291719293 ,-35.99603362559878   ,29.770000000000003  ,-0.5445358451304245
SCAB      ,Svenska Cellulosa Aktiebolaget SCA (publ)                                       ,Paper and Forest Products                            ,115.15    ,127.5      ,59.0               ,12.466589163935772  ,10.514015102774263 ,-4.8741755977177945  ,87.21               ,1.1857115518738695
LIGHT     ,Signify N.V.                                                                    ,Electrical Equipment                                 ,21.62     ,23.5       ,13.3               ,8.194876483154658   ,12.568799607809591 ,-13.105660775810945  ,73.4                ,0.6520015227279774
HEXAB     ,Hexagon AB (publ)                                                               ,Electronic Equipment Instruments and Components      ,99.5      ,111.3736   ,46.890299999999996 ,15.274674101473268  ,9.644824500995675  ,0.1356475419313631   ,95.27               ,1.5837171635312182
QQ        ,QinetiQ Group plc                                                               ,Aerospace and Defense                                ,5.055     ,5.67       ,2.1999999999999993 ,6.622192197107669   ,9.009488859316606  ,-9.6500558778518     ,75.91               ,0.735024184003484
EXPN      ,Experian plc                                                                    ,Professional Services                                ,26.95     ,42.8141    ,26.406899999999997 ,53.9695072511438    ,19.770156940935475 ,20.074220784955585   ,100.0               ,2.7298471839338925
VZ        ,Verizon Communications Inc.                                                     ,Diversified Telecommunication Services               ,39.81     ,46.0       ,30.0               ,30.933496515225816  ,16.332417901597115 ,8.35065511561586     ,100.0               ,1.8939936941119349
CVX       ,Chevron Corporation                                                             ,Oil Gas and Consumable Fuels                         ,171.19    ,174.5      ,53.16              ,3.803482031733298   ,6.355106957998007  ,-6.37355678635781    ,70.6                ,0.598492213722155
IMO       ,Imperial Oil Limited                                                            ,Oil Gas and Consumable Fuels                         ,142.64    ,110.0      ,48.0               ,-20.021352353975747 ,7.002738749494309  ,-30.944221018955297  ,0.0                 ,-2.859074580701951
XOM       ,Exxon Mobil Corporation                                                         ,Oil Gas and Consumable Fuels                         ,140.51    ,133.0      ,44.0               ,-3.8997972956015974 ,6.453641721097674  ,-14.25073001768622   ,28.000000000000004  ,-0.6042785552927001
SNCY      ,Sun Country Airlines Holdings Inc.                                              ,Passenger Airlines                                   ,17.97     ,20.0       ,3.0                ,9.472003070126453   ,3.462857846242506  ,3.2504486609953993   ,100.0               ,2.7353138623360986
RCL       ,Royal Caribbean Cruises Ltd.                                                    ,Hotels Restaurants and Leisure                       ,345.98    ,331.0      ,192.0              ,-6.7075395596256495 ,11.437347644221875 ,-26.372812863408157  ,29.62               ,-0.5864593582598921
APD       ,Air Products and Chemicals Inc.                                                 ,Chemicals                                            ,256.02    ,290.0      ,91.0               ,14.605124401125135  ,7.2823204808715705 ,2.8003702746875074   ,99.0                ,2.00555914004174
REGN      ,Regeneron Pharmaceuticals Inc.                                                  ,Biotechnology                                        ,749.44    ,836.5      ,427.0              ,12.434788999110687  ,11.694719538841994 ,-7.165135484940235   ,84.39999999999999   ,1.0632823607108046
CL        ,Colgate-Palmolive Company                                                       ,Household Products                                   ,85.24     ,88.0       ,12.0               ,4.046057118367008   ,2.8846063571467004 ,-0.5626692908310409  ,91.61               ,1.4026375239528879
NVR       ,NVR Inc.                                                                        ,Household Durables                                   ,7623.76   ,8475.0     ,1922.0             ,7.525807898527684   ,5.317090303889561  ,-2.200427961166818   ,89.55               ,1.4153996769666297
CNR       ,Canadian National Railway Company                                               ,Ground Transportation                                ,136.17    ,155.0      ,54.0               ,17.70846533306435   ,8.206839961545905  ,5.18495337092215     ,99.99               ,2.1577690580100755
CHTR      ,Charter Communications Inc.                                                     ,Media                                                ,191.52    ,275.0      ,319.0              ,59.19589681233978   ,34.56505280160634  ,5.0008937496253045   ,97.17               ,1.7125938488249255
ALV       ,Autoliv Inc.                                                                    ,Automobile Components                                ,126.43    ,140.0      ,34.400000000000006 ,7.990786833668977   ,5.623746380711237  ,-1.9879531109648205  ,89.77000000000001   ,1.4209009960115555
BBU       ,Brookfield Business Partners L.P.                                               ,Industrial Conglomerates                             ,34.84     ,41.5       ,16.0               ,6.798209535724308   ,10.376503106348611 ,-12.892652884292351  ,73.87               ,0.6551541946308472
GNTX      ,Gentex Corporation                                                              ,Automobile Components                                ,24.04     ,27.5       ,17.0               ,30.89435553399187   ,15.570035536666754 ,9.951571215744416    ,100.0               ,1.9842186911672108
ENSG      ,The Ensign Group Inc.                                                           ,Health Care Providers and Services                   ,170.06    ,206.0      ,20.0               ,22.69507602560134   ,2.479560908222869  ,19.049870795868454   ,100.0               ,9.152860875624617
LYB       ,LyondellBasell Industries N.V.                                                  ,Chemicals                                            ,49.95     ,48.0       ,54.0               ,15.670375565902662  ,23.045828085313435 ,-16.67779928061221   ,70.34               ,0.6799658275629082
MOGA      ,Moog Inc.                                                                       ,Aerospace and Defense                                ,288.0     ,280.0      ,31.0               ,-1.740425832809838  ,2.2406291865145387 ,-5.192938854930491   ,23.27               ,-0.7767576372229609
BEPC      ,Brookfield Renewable Corporation                                                ,Independent Power and Renewable Electricity Producers,39.32     ,48.0       ,17.0               ,11.053529955352973  ,9.606782082387411  ,-7.084503087511896   ,84.78               ,1.1505965119806305
5929      ,Sanwa Holdings Corporation                                                      ,Building Products                                    ,3833.0    ,4900.0     ,1600.0             ,29.387177715209067  ,8.526208406370145  ,15.416118903193128   ,100.0               ,3.446687708601301
5332      ,TOTO LTD.                                                                       ,Building Products                                    ,4962.0    ,4060.0     ,2300.0             ,-6.105109811868114  ,10.397489148719888 ,-19.90254677816033   ,28.09               ,-0.587171549260021
9513      ,Electric Power Development Co. Ltd.                                             ,Independent Power and Renewable Electricity Producers,3244.0    ,3100.0     ,1480.0             ,-5.5653710386186726 ,9.260605177152     ,-21.383415800567395  ,28.52               ,-0.6009727152983152
9009      ,Keisei Electric Railway Co. Ltd.                                                ,Ground Transportation                                ,1218.5    ,1400.0     ,240.0              ,15.984618181267527  ,4.04775406851137   ,9.451609824874836    ,100.0               ,3.94900923097488
5938      ,LIXIL Corporation                                                               ,Building Products                                    ,1787.0    ,1900.0     ,600.0              ,10.048947773329427  ,7.018890440475949  ,-0.5605561862677486  ,93.61               ,1.4317003319185604
9962      ,MISUMI Group Inc.                                                               ,Machinery                                            ,2452.5    ,3200.0     ,900.0              ,21.00973630886495   ,8.236547610639281  ,5.628621097281304    ,99.58               ,2.550794010068774
9065      ,Sankyu Inc.                                                                     ,Air Freight and Logistics                            ,9053.0    ,9600.0     ,1600.0             ,6.028278707376829   ,3.616978766998552  ,-0.018853323978623517,94.89               ,1.666661347967831
MSUMI     ,Motherson Sumi Wiring India Limited                                             ,Automobile Components                                ,42.15     ,54.0       ,17.0               ,27.17963815205649   ,8.24209552673109   ,13.246057596490711   ,100.0               ,3.297661142594916
9508      ,Kyushu Electric Power Company Incorporated                                      ,Electric Utilities                                   ,1704.5    ,1800.0     ,1250.0             ,19.73062450364483   ,15.683995388164702 ,-2.1608207008103766  ,91.88               ,1.2580100934315344
ASTERDM   ,Aster DM Healthcare Limited                                                     ,Health Care Providers and Services                   ,539.2     ,760.0      ,200.0              ,46.0379762155625    ,7.744938687681902  ,34.39774466154666    ,100.0               ,5.944266064854013
AJANTPHARM,Ajanta Pharma Limited                                                           ,Pharmaceuticals                                      ,2694.9    ,3207.5     ,1056.0             ,13.962803678112145  ,8.15036835025477   ,-0.7499638876143128  ,93.96               ,1.7131500170388847
9301      ,Mitsubishi Logistics Corporation                                                ,Transportation Infrastructure                        ,1322.0    ,1300.0     ,300.0              ,-4.160507441723919  ,4.714743228641898  ,-12.666394928484701  ,20.34               ,-0.8824462414939129
1959      ,Kraftia Corporation                                                             ,Construction and Engineering                         ,8330.0    ,9100.0     ,4000.0             ,13.979268752326313  ,9.944805360710593  ,-1.370200177676526   ,92.34               ,1.4056855056766484
7276      ,Koito Manufacturing Co. Ltd.                                                    ,Automobile Components                                ,2384.0    ,2050.0     ,1400.0             ,-9.76857777760962   ,12.002617480711772 ,-28.656504753933802  ,22.220000000000002  ,-0.813870623912471
500459    ,Procter & Gamble Hygiene and Health Care Limited                                ,Personal Care Products                               ,11763.45  ,14884.0    ,1768.0             ,26.51467807596972   ,3.048388990242129  ,21.419233183538193   ,100.0               ,8.697931320721539
9533      ,Toho Gas Co. Ltd.                                                               ,Gas Utilities                                        ,5236.0    ,4000.0     ,2170.0             ,-24.585469735655654 ,8.502758815464228  ,-39.09872050790008   ,0.0                 ,-2.891469729911815
AIAENG    ,AIA Engineering Limited                                                         ,Machinery                                            ,3999.9    ,3730.5     ,1098.0             ,-7.54508648451815   ,5.6377066972239716 ,-17.229258652496135  ,9.78                ,-1.338325473411623
9506      ,Tohoku Electric Power Company Incorporated                                      ,Electric Utilities                                   ,1109.0    ,1390.0     ,390.0              ,22.59189761570387   ,7.2645801358446205 ,9.84754139840409     ,100.0               ,3.1098696955976535
UACN      ,UAC of Nigeria PLC                                                              ,Food Products                                        ,92.5      ,84.725     ,37.42999999999999  ,-8.541022139207731  ,8.254117598159384  ,-22.010947433431518  ,17.0                ,-1.034758959711493
UNIL      ,Unilever Ghana PLC                                                              ,Household Products                                   ,19.79     ,23.32      ,6.079999999999998  ,17.900009560595144  ,6.305745466514095  ,7.292998097257209    ,100.0               ,2.838682540494379
500790    ,Nestlé India Limited                                                            ,Food Products                                        ,1287.75   ,1300.0     ,490.0              ,-1.3162556267256722 ,7.78694596871368   ,-14.881725892609978  ,46.06               ,-0.1690336149774394
7741      ,HOYA Corporation                                                                ,Health Care Equipment and Supplies                   ,25485.0   ,26000.0    ,8000.0             ,2.0825937300803097  ,6.38698751991129   ,-8.670541971826195   ,62.260000000000005  ,0.3260682322593978
9531      ,Tokyo Gas Co.Ltd.                                                               ,Gas Utilities                                        ,6719.0    ,6135.0     ,2060.0             ,-13.307093610107788 ,6.432042575099187  ,-25.05157030305772   ,0.0                 ,-2.06887523749057
NTPC      ,NTPC Limited                                                                    ,Independent Power and Renewable Electricity Producers,358.15    ,413.0      ,165.0              ,14.286051869054669  ,9.47412044533941   ,-2.062322454124651   ,92.07               ,1.5079027073254472
4568      ,Daiichi Sankyo Company Limited                                                  ,Pharmaceuticals                                      ,2931.0    ,5600.0     ,2850.0             ,74.56570296327668   ,20.76444566428051  ,36.11665963078357    ,100.0               ,3.5910278641122773
6920      ,Lasertec Corporation                                                            ,Semiconductors and Semiconductor Equipment           ,37460.0   ,27500.0    ,26925.0            ,-27.893952607683595 ,14.70369798544158  ,-52.63999594719718   ,2.23                ,-1.8970705624735997
BAJAJAUTO ,Bajaj Auto Limited                                                              ,Automobiles                                          ,9512.0    ,9780.0     ,4604.0             ,6.200068764382836   ,10.024781278951139 ,-9.330112255596035   ,70.73               ,0.6184742182256898
6301      ,Komatsu Ltd.                                                                    ,Machinery                                            ,5819.0    ,5150.0     ,1400.0             ,-9.799219191043694  ,4.954017877149474  ,-17.60119075470161   ,2.91                ,-1.9780346849862667
POWERGRID ,Power Grid Corporation of India Limited                                         ,Electric Utilities                                   ,260.5     ,306.0      ,132.0              ,16.985592161297856  ,10.458892822362152 ,-0.7726873944261449  ,94.17999999999999   ,1.6240334851678537
IDOX      ,IDOX plc                                                                        ,Software                                             ,0.708     ,0.84       ,0.08999999999999997,20.069004388877186  ,2.640533818380412  ,16.10114977705758    ,100.0               ,7.600358779417806
SLYG      ,Shelly Group SE                                                                 ,Electronic Equipment Instruments and Components      ,69.6      ,74.7458    ,8.416200000000003  ,7.386806680991374   ,2.4563565557799394 ,3.2759390232905576   ,100.0               ,3.0072208627895733
ARJOB     ,Arjo AB (publ)                                                                  ,Health Care Equipment and Supplies                   ,29.84     ,35.0       ,9.0                ,22.925769074106736  ,6.5142445628759384 ,13.874563393600758   ,100.0               ,3.5193288880737637
ABDP      ,AB Dynamics plc                                                                 ,Automobile Components                                ,12.8      ,22.5       ,13.3               ,64.2688639597385    ,21.430199839037474 ,26.26756404281293    ,100.0               ,2.9989857510645175
JM        ,JM AB (publ)                                                                    ,Household Durables                                   ,140.0     ,140.0      ,40.0               ,9.48053483570651    ,6.731750013237098  ,0.697524925356836    ,100.0               ,1.408331387390246
TISG      ,The Italian Sea Group S.p.A.                                                    ,Leisure Products                                     ,4.28      ,7.6        ,6.3                ,65.52901495549493   ,30.33670521253315  ,11.947420837941921   ,98.61999999999999   ,2.160057082547732
PETS      ,Pets at Home Group Plc                                                          ,Specialty Retail                                     ,2.08      ,2.25       ,1.2                ,13.033018229074212  ,11.822312487475696 ,-5.583667823149149   ,85.91               ,1.1024085383363968
GBG       ,GB Group plc                                                                    ,Software                                             ,2.38      ,3.65       ,2.2500000000000004 ,56.73409959486909   ,19.364093899539757 ,25.78822298992999    ,100.0               ,2.9298607974741095
ARCB      ,ArcBest Corporation                                                             ,Ground Transportation                                ,85.31     ,90.5       ,46.0               ,11.173288078349243  ,11.146842187796654 ,-6.266007159995813   ,83.27               ,1.002372500669431
RR        ,Richtech Robotics Inc.                                                          ,Machinery                                            ,4.02      ,4.5        ,3.0                ,12.154501497112783  ,15.356795852939408 ,-13.658154547356943  ,76.64999999999999   ,0.7914737952830387
ALGT      ,Allegiant Travel Company                                                        ,Passenger Airlines                                   ,91.44     ,100.0      ,35.0               ,11.238485827677577  ,7.964696193704068  ,-1.5165110555332562  ,91.61               ,1.411037603237318
LPG       ,Dorian LPG Ltd.                                                                 ,Oil Gas and Consumable Fuels                         ,29.74     ,31.5       ,8.0                ,13.731984063356064  ,6.159609172533868  ,5.715188394062665    ,100.0               ,2.229359636093139
DELHIVERY ,Delhivery Limited                                                               ,Air Freight and Logistics                            ,411.8     ,510.0      ,240.0              ,18.948217731385817  ,11.995071533190679 ,-2.6607876249076994  ,92.25999999999999   ,1.579666922281839
BDL       ,Bharat Dynamics Limited                                                         ,Aerospace and Defense                                ,1530.7    ,1618.0     ,1150.0             ,-1.9550251312658322 ,15.649797571532075 ,-29.584665266354282  ,48.76               ,-0.1249233494765543
GAIL      ,GAIL (India) Limited                                                            ,Gas Utilities                                        ,167.38    ,205.0      ,115.0              ,25.420382356162595  ,13.904516755234456 ,2.7863109181514902   ,97.3                ,1.8282104156257648
SUNPHARMA ,Sun Pharmaceutical Industries Limited                                           ,Pharmaceuticals                                      ,1589.3    ,1982.5     ,875.0              ,25.94056827434062   ,11.212077071125742 ,7.521697384949574    ,99.92999999999999   ,2.3136273600138635
COALINDIA ,Coal India Limited                                                              ,Oil Gas and Consumable Fuels                         ,455.75    ,415.0      ,210.0              ,-12.01298379575955  ,9.409351792122228  ,-28.352877754701606  ,10.51               ,-1.2767068402966033
CEK       ,CeoTronics AG                                                                   ,Communications Equipment                             ,14.4      ,18.05      ,2.1000000000000014 ,25.37669645053276   ,2.991629622741591  ,20.304076032855743   ,100.0               ,8.482566243369737
A298040   ,Hyosung Heavy Industries Corporation                                            ,Electrical Equipment                                 ,2546000.0 ,2800000.0  ,2080000.0          ,-3.9699028478862166 ,17.347453503964257 ,-35.82052608457788   ,47.089999999999996  ,-0.2288464325313805
4768      ,Otsuka Corporation                                                              ,IT Services                                          ,3088.0    ,3640.0     ,1450.0             ,18.53730928926005   ,9.610228343125208  ,2.623111388613842    ,98.00999999999999   ,1.9289145509764019
A000720   ,Hyundai Engineering & Construction Co.Ltd.                                      ,Construction and Engineering                         ,108700.0  ,110000.0   ,78000.0            ,-4.1308952911677075 ,14.865589412550571 ,-30.502727618981186  ,42.82               ,-0.27788304765636246
EMEIS     ,emeis Société anonyme                                                           ,Health Care Providers and Services                   ,13.55     ,12.75      ,9.6                ,-6.095374224163648  ,14.397731338388489 ,-30.3828053308912    ,34.65               ,-0.42335657478978156
ALCN      ,Alexandria Container&Cargo Handling Company                                     ,Transportation Infrastructure                        ,24.61     ,23.5       ,2.3999999999999986 ,-2.3395463382402655 ,2.1527680542148357 ,-5.253338572362491   ,16.830000000000002  ,-1.0867619173648282
PIK       ,Pick n Pay Stores Limited                                                       ,Consumer Staples Distribution and Retail             ,24.31     ,31.0       ,13.0               ,26.219902140323434  ,10.84266921836058  ,8.00586227358988     ,99.92999999999999   ,2.4182147045419047
TOASO     ,Tofas Türk Otomobil Fabrikasi Anonim Sirketi                                    ,Automobiles                                          ,319.0     ,382.0      ,161.0              ,24.399141674011048  ,10.435785220949695 ,8.079212044193618    ,100.0               ,2.338026430922525
VFQS      ,Vodafone Qatar P.Q.S.C.                                                         ,Wireless Telecommunication Services                  ,2.544     ,2.84       ,0.20000000000000018,13.195802075659618  ,1.6950374777091017 ,10.845762525175234   ,100.0               ,7.784961836651643
ARCLK     ,Arçelik Anonim Sirketi                                                          ,Household Durables                                   ,116.7     ,161.91     ,213.8              ,78.69371094665253   ,40.09056075800819  ,24.565682674403494   ,100.0               ,1.9628987337358026
3081      ,LandMark Optoelectronics Corporation                                            ,Semiconductors and Semiconductor Equipment           ,990.0     ,1080.0     ,840.0              ,-11.095740333221006 ,18.577176876821614 ,-46.00595454456681   ,34.089999999999996  ,-0.5972780690409933
2250      ,Saudi Industrial Investment Group                                               ,Chemicals                                            ,12.51     ,14.5       ,3.5                ,21.629268825941033  ,6.093800906680528  ,13.077082620351321   ,100.0               ,3.5493888227016477
GP        ,Grameenphone Ltd.                                                               ,Wireless Telecommunication Services                  ,267.8     ,309.75     ,175.5              ,15.705850514410207  ,13.350518455106243 ,-6.70457148524061    ,86.42999999999999   ,1.176422516265884
4030      ,The National Shipping Company of Saudi Arabia                                   ,Oil Gas and Consumable Fuels                         ,30.8      ,32.0       ,2.0                ,3.924938799767143   ,1.33099943505472   ,1.6841571134287558   ,100.0               ,2.948865864549207
EABL      ,East African Breweries PLC                                                      ,Beverages                                            ,245.25    ,240.0      ,20.689999999999998 ,-2.0407466400796612 ,1.7254510583179186 ,-4.938102281461097   ,13.59               ,-1.182732266001861
INDUSTOWER,Indus Towers Limited                                                            ,Diversified Telecommunication Services               ,441.55    ,463.0      ,265.0              ,0.395839350627321   ,12.262328688116611 ,-21.181499387409733  ,53.97               ,0.032280928092469734
9502      ,Chubu Electric Power Company Incorporated                                       ,Electric Utilities                                   ,2215.0    ,2700.0     ,1040.0             ,15.069526709395905  ,9.95982832967446   ,-3.1449512272220357  ,90.96               ,1.5130307682610888
DIVISLAB  ,Divi's Laboratories Limited                                                     ,Life Sciences Tools and Services                     ,6041.0    ,6862.5     ,3850.0             ,17.73219831983274   ,13.135967610984796 ,-3.1658316455552042  ,90.99000000000001   ,1.3498966231466953
5347      ,Vanguard International Semiconductor Corporation                                ,Semiconductors and Semiconductor Equipment           ,147.0     ,100.0      ,80.0               ,-20.649630125949464 ,11.8660479463401   ,-36.99079999281877   ,6.39                ,-1.740228104532354
9532      ,Osaka Gas Co. Ltd.                                                              ,Gas Utilities                                        ,5762.0    ,5850.0     ,2570.0             ,-3.4050286983102604 ,9.30456907158204   ,-20.295617153467138  ,40.32               ,-0.3659523264446366
512070    ,UPL Limited                                                                     ,Chemicals                                            ,715.5     ,815.0      ,364.0              ,9.038096547494693   ,10.512396946136997 ,-9.773416562133129   ,78.79               ,0.8597560188988043
A003230   ,Samyang Foods Co. Ltd.                                                          ,Food Products                                        ,1216000.0 ,1800000.0  ,400000.0           ,53.509738637959536  ,6.936220747700587  ,43.60221067332958    ,100.0               ,7.714538014912291
4528      ,Ono Pharmaceutical Co. Ltd.                                                     ,Pharmaceuticals                                      ,2296.0    ,1775.0     ,1500.0             ,-10.488610810544237 ,14.049001556033899 ,-30.047489166747756  ,24.04               ,-0.7465733966012331
6981      ,Murata Manufacturing Co. Ltd.                                                   ,Electronic Equipment Instruments and Components      ,3135.0    ,3600.0     ,1900.0             ,24.52286037872407   ,12.78167200344732  ,6.175093216571647    ,99.91               ,1.9185956557256403
9022      ,Central Japan Railway Company                                                   ,Ground Transportation                                ,4246.0    ,4520.0     ,1960.0             ,1.5800276388748564  ,9.466887653859754  ,-15.219945230210467  ,58.720000000000006  ,0.16690043197361298
ALPUL     ,Pullup Entertainment Société anonyme                                            ,Entertainment                                        ,13.78     ,30.8       ,10.0               ,124.50102926533944  ,14.956416124526056 ,99.62124982980323    ,100.0               ,8.324255505379947
9020      ,East Japan Railway Company                                                      ,Ground Transportation                                ,3838.0    ,4150.0     ,2400.0             ,7.430201092315621   ,12.818985709902996 ,-14.230405603233923  ,71.05               ,0.5796247269841014
6971      ,Kyocera Corporation                                                             ,Electronic Equipment Instruments and Components      ,2269.5    ,2100.0     ,1150.0             ,-8.461400768244578  ,10.275811527343638 ,-25.562278572549054  ,21.98               ,-0.8234289569956625
6762      ,TDK Corporation                                                                 ,Electronic Equipment Instruments and Components      ,1941.0    ,2600.0     ,1750.0             ,24.309221566191088  ,18.761511896278456 ,-9.280777404921174   ,87.8                ,1.2956963010541318
HYUNDAI   ,Hyundai Motor India Limited                                                     ,Automobiles                                          ,2150.0    ,2700.0     ,853.0              ,17.13823069668847   ,8.624914271575058  ,1.0787411981753658   ,96.16               ,1.987060990643184
5444      ,Yamato Kogyo Co. Ltd.                                                           ,Metals and Mining                                    ,11260.0   ,9950.0     ,1700.0             ,-10.39536795021856  ,3.101392829654106  ,-15.266381936915081  ,0.0                 ,-3.351838519397732
517174    ,Honeywell Automation India Limited                                              ,Electronic Equipment Instruments and Components      ,32222.7   ,37625.0    ,7780.0             ,13.154337983723899  ,5.140010621162645  ,3.8265470173999914   ,99.87               ,2.5592044361862527
9064      ,Yamato Holdings Co. Ltd.                                                        ,Air Freight and Logistics                            ,2014.0    ,2405.0     ,1050.0             ,13.349243571431245  ,10.739916278096727 ,-6.181111184651426   ,86.55000000000001   ,1.242956018070276
NH        ,Narayana Hrudayalaya Limited                                                    ,Health Care Providers and Services                   ,1742.2    ,2010.0     ,945.0              ,16.73652331803799   ,11.067446754542955 ,-1.3107817729094398  ,93.17999999999999   ,1.5122298475181728
4203      ,Sumitomo Bakelite Company Limited                                               ,Chemicals                                            ,5430.0    ,5750.0     ,2520.0             ,4.417918706416151   ,9.460915196254412  ,-11.772679618599293  ,67.75999999999999   ,0.46696525809312933
THERMAX   ,Thermax Limited                                                                 ,Machinery                                            ,2795.2    ,3433.0     ,2456.0             ,33.10153122904583   ,18.206440345084957 ,5.616294712953394    ,98.8                ,1.818122082166489
ASH       ,Ashland Inc.                                                                    ,Chemicals                                            ,61.73     ,70.0       ,26.0               ,6.978987424394659   ,8.867595822144374  ,-9.23349702481859    ,76.75               ,0.7870213713356854
PFD       ,Premier Foods plc                                                               ,Food Products                                        ,1.868     ,2.3        ,0.6999999999999997 ,28.460509442168906  ,7.910118457977558  ,16.740272043236235   ,100.0               ,3.5979877663482713
ARLP      ,Alliance Resource Partners L.P.                                                 ,Oil Gas and Consumable Fuels                         ,24.27     ,31.0       ,4.0                ,27.724286554747504  ,3.3835441889935205 ,22.063378869509723   ,100.0               ,8.193859753607786
SXGC      ,Southern Cross Gold Consolidated Ltd.                                           ,Metals and Mining                                    ,10.56     ,9.0        ,2.0                ,-14.782022636051849 ,3.8849779711257426 ,-21.21858501257707   ,0.0                 ,-3.8049180062064782
NSSC      ,Napco Security Technologies Inc.                                                ,Electronic Equipment Instruments and Components      ,38.3      ,49.0       ,3.0                ,27.061274112729624  ,1.644838407730637  ,24.103559253201723   ,100.0               ,16.452238703536676
TWST      ,Twist Bioscience Corporation                                                    ,Biotechnology                                        ,41.58     ,42.5       ,17.0               ,0.6492847794862463  ,8.352229545852975  ,-13.76758479483664   ,54.410000000000004  ,0.07773789931439652
APTV      ,Aptiv PLC                                                                       ,Automobile Components                                ,78.83     ,103.5      ,25.0               ,25.409723849230375  ,6.828171636077582  ,12.744955534592103   ,100.0               ,3.7213071380594203
DVA       ,DaVita Inc.                                                                     ,Health Care Providers and Services                   ,107.24    ,138.0      ,60.0               ,39.82520794671974   ,12.011287011391582 ,23.088518819078345   ,100.0               ,3.3156486818564286
RVTY      ,Revvity Inc.                                                                    ,Life Sciences Tools and Services                     ,108.49    ,115.0      ,40.0               ,9.096988773753791   ,7.607363133525668  ,-2.7885329609150213  ,87.71               ,1.1958136629055263
NJR       ,New Jersey Resources Corporation                                                ,Gas Utilities                                        ,49.26     ,53.0       ,10.0               ,11.67739505373855   ,4.355086065811368  ,5.5799452263778075   ,100.0               ,2.681323601250808
RMBS      ,Rambus Inc.                                                                     ,Semiconductors and Semiconductor Equipment           ,121.6     ,122.0      ,30.0               ,-3.498136514964534  ,5.237027388366727  ,-13.16373149657204   ,29.7                ,-0.6679622342123169
DIS       ,The Walt Disney Company                                                         ,Entertainment                                        ,111.58    ,133.5      ,83.0               ,10.760564141558492  ,15.63534509051019  ,-17.466240753604968  ,74.66000000000001   ,0.6882204440815043
TER       ,Teradyne Inc.                                                                   ,Semiconductors and Semiconductor Equipment           ,251.87    ,217.5      ,135.0              ,-16.099856474770547 ,10.989390181945765 ,-35.112534258073396  ,7.430000000000001   ,-1.46503638584247
IDXX      ,IDEXX Laboratories Inc.                                                         ,Health Care Equipment and Supplies                   ,676.71    ,785.0      ,380.0              ,3.5037397907463745  ,12.30599442129331  ,-19.179992346502456  ,63.53               ,0.2847181357959811
WWD       ,Woodward Inc.                                                                   ,Aerospace and Defense                                ,319.41    ,372.0      ,55.0               ,17.642699528037884  ,3.5401040894691302 ,12.017100701942972   ,100.0               ,4.983666887230867
FN        ,Fabrinet                                                                        ,Electronic Equipment Instruments and Components      ,496.26    ,540.0      ,331.0              ,-5.282910475261313  ,14.537430107750717 ,-32.42202013012614   ,42.72               ,-0.3634005760374867
PLTR      ,Palantir Technologies Inc.                                                      ,Software                                             ,151.86    ,200.0      ,205.0              ,10.527398706339506  ,28.31359579124707  ,-41.11927190246132   ,66.25999999999999   ,0.3718142613872438
NXPI      ,NXP Semiconductors N.V.                                                         ,Semiconductors and Semiconductor Equipment           ,233.5     ,265.0      ,114.39999999999998 ,14.006064137755972  ,9.931073585566926  ,-2.40124829049606    ,91.19               ,1.4103272941317573
TSN       ,Tyson Foods Inc.                                                                ,Food Products                                        ,65.22     ,63.5       ,25.0               ,1.425163110508834   ,8.013005179505841  ,-10.716557245054227  ,52.59               ,0.1778562572446413
FGA       ,Figeac Aero Société Anonyme                                                     ,Aerospace and Defense                                ,10.9      ,13.0       ,4.0                ,10.238430012632325  ,8.127536554916462  ,-4.928209182524126   ,86.17               ,1.2597211890039366
SBT       ,Oeneo SA                                                                        ,Containers and Packaging                             ,9.24      ,9.5        ,0.9000000000000004 ,6.032974592516418   ,2.2771793820863797 ,3.0570595833297562   ,100.0               ,2.64931899523389
DSCV      ,discoverIE Group plc                                                            ,Electrical Equipment                                 ,6.49      ,8.8        ,4.25               ,37.31620432181424   ,13.411788815499655 ,15.171706813057138   ,100.0               ,2.7823435661832727
SGE       ,The Sage Group plc                                                              ,Software                                             ,9.55      ,13.0       ,6.0                ,36.20387876667456   ,12.83585456992272  ,15.033614165252011   ,100.0               ,2.8205273415537406
LAND      ,Landis+Gyr Group AG                                                             ,Electronic Equipment Instruments and Components      ,54.5      ,63.7359    ,23.7078            ,17.505663087451463  ,8.966807772518143  ,2.562658715922656    ,97.99               ,1.9522737111755166
SVT       ,Severn Trent PLC                                                                ,Water Utilities                                      ,29.35     ,30.0       ,8.350000000000001  ,1.498665751574604   ,5.8653246250685145 ,-8.559367489894075   ,60.24               ,0.2555128398467967
BARN      ,Barry Callebaut AG                                                              ,Food Products                                        ,1336.0    ,1300.0     ,900.0              ,4.9513511400914005  ,14.00899934117486  ,-16.176501540860762  ,59.46               ,0.35344074330409364
DEMANT    ,Demant A/S                                                                      ,Health Care Equipment and Supplies                   ,219.8     ,265.0      ,126.0              ,16.741453622096493  ,11.799794650436903 ,-3.760612514299085   ,89.86               ,1.4187919466443104
EMBLA     ,Embla Medical hf.                                                               ,Health Care Equipment and Supplies                   ,31.6      ,37.8       ,6.0                ,17.93214961623656   ,3.940656340084541  ,10.899394946738822   ,100.0               ,4.550548961560006
FORTUM    ,Fortum Oyj                                                                      ,Electric Utilities                                   ,19.94     ,17.0       ,6.5                ,-18.86724758440357  ,6.7745813115793725 ,-31.01180070614096   ,0.0                 ,-2.785005702441707
SRT3      ,Sartorius Aktiengesellschaft                                                    ,Life Sciences Tools and Services                     ,241.1     ,275.0      ,130.0              ,4.452015597728816   ,11.393022497312337 ,-16.340388639606342  ,66.83               ,0.3907668574146207
DCC       ,DCC plc                                                                         ,Industrial Conglomerates                             ,46.7      ,58.75      ,42.92              ,39.91343686469423   ,19.491231396565073 ,11.752368778204529   ,100.0               ,2.0477637380944618
DIM       ,Sartorius Stedim Biotech S.A.                                                   ,Life Sciences Tools and Services                     ,191.45    ,245.5      ,65.0               ,27.217502584083647  ,6.933492972900683  ,15.368245913317978   ,100.0               ,3.925510949598177
NETC      ,Netcompany Group A/S                                                            ,IT Services                                          ,331.8     ,410.0      ,115.0              ,15.157553725893894  ,7.680283361176205  ,0.6201764620669675   ,95.81               ,1.9735669913580605
PUB       ,Publicis Groupe S.A.                                                            ,Media                                                ,83.16     ,113.0      ,35.0               ,35.48284630953104   ,8.499438355595368  ,21.37119909242195    ,100.0               ,4.1747283555709185
BOL       ,Boliden AB (publ)                                                               ,Metals and Mining                                    ,654.0     ,550.0      ,310.0              ,-22.409000756092322 ,9.928195335383519  ,-40.37734953325857   ,0.0                 ,-2.2571071578565673
ELIOR     ,Elior Group SA                                                                  ,Hotels Restaurants and Leisure                       ,2.878     ,3.05       ,1.1                ,8.293024988815617   ,7.829087563279708  ,-4.006309102622534   ,84.09               ,1.0592581730356276
VOD       ,Vodafone Group Public Limited Company                                           ,Wireless Telecommunication Services                  ,1.064     ,1.0016     ,0.8533             ,-1.7953119079950786 ,16.536792461356143 ,-28.038538733085016  ,43.79               ,-0.10856469972580458
BCHN      ,Burckhardt Compression Holding AG                                               ,Machinery                                            ,535.0     ,695.0      ,139.0              ,30.61994957549895   ,5.301784050535557  ,21.96656222439972    ,100.0               ,5.7754048983579205
AKZA      ,Akzo Nobel N.V.                                                                 ,Chemicals                                            ,59.02     ,70.0       ,21.0               ,18.163845642632964  ,7.21155688694893   ,5.8751932111248015   ,100.0               ,2.5187134938233475
WAF       ,Siltronic AG                                                                    ,Semiconductors and Semiconductor Equipment           ,51.8      ,52.75      ,31.0               ,4.20007333816543    ,12.215643254062705 ,-15.662947390327687  ,62.6                ,0.3438274391951124
MTO       ,Mitie Group plc                                                                 ,Commercial Services and Supplies                     ,1.68      ,1.95       ,0.9000000000000001 ,14.273302069487173  ,10.929398611090978 ,-4.575615392030011   ,88.59               ,1.3059549365326337
VITR      ,Vitrolife AB (publ)                                                             ,Biotechnology                                        ,118.4     ,191.0      ,84.0               ,56.58517699899366   ,14.63840279704637  ,30.94992658504761    ,100.0               ,3.8655294422155815
SR        ,Spire Inc.                                                                      ,Gas Utilities                                        ,84.86     ,93.0       ,13.0               ,10.030011601679774  ,3.159214213669112  ,4.808909023182491    ,100.0               ,3.174843781812097
CRUS      ,Cirrus Logic Inc.                                                               ,Semiconductors and Semiconductor Equipment           ,130.18    ,150.0      ,55.0               ,3.753332161528665   ,9.516656314542674  ,-14.110662471452866  ,67.17               ,0.394396102735484
CLX       ,The Clorox Company                                                              ,Household Products                                   ,109.7     ,115.0      ,69.0               ,13.121593089268544  ,13.0935378353381   ,-6.356655675737836   ,83.12               ,1.0021426794105046
ATI       ,ATI Inc.                                                                        ,Aerospace and Defense                                ,121.72    ,137.0      ,32.0               ,8.146517879023024   ,5.522844448364762  ,-1.9833772386939081  ,90.78               ,1.4750583608117183
J         ,Jacobs Solutions Inc.                                                           ,Professional Services                                ,136.29    ,156.0      ,43.0               ,15.626652785547991  ,6.500233414365967  ,5.163895397212739    ,100.0               ,2.404014100633987
SWKS      ,Skyworks Solutions Inc.                                                         ,Semiconductors and Semiconductor Equipment           ,55.79     ,73.0       ,80.0               ,62.9816343600422    ,31.235403348975208 ,20.53935095749674    ,100.0               ,2.016354124081082
ENRIN     ,Siemens Energy India Limited                                                    ,Electrical Equipment                                 ,2481.5    ,3125.0     ,1200.0             ,26.43248915943784   ,9.91224317650495   ,9.981267357536716    ,100.0               ,2.6666505944982193
IT        ,Gartner Inc.                                                                    ,IT Services                                          ,212.7     ,270.0      ,239.0              ,48.4727935528787    ,24.382147934996127 ,14.215675125396196   ,100.0               ,1.988044436532388
MZTI      ,The Marzetti Company                                                            ,Food Products                                        ,167.58    ,190.0      ,52.0               ,19.679878732650867  ,6.665903743758021  ,10.506678872278913   ,100.0               ,2.9523196687439697
BALL      ,Ball Corporation                                                                ,Containers and Packaging                             ,56.57     ,63.0       ,22.0               ,8.995469247028886   ,8.010595760162257  ,-5.056211018793747   ,85.1                ,1.1229463471074816
HRB       ,H&R Block Inc.                                                                  ,Diversified Consumer Services                        ,38.87     ,55.0       ,14.0               ,41.48883078997639   ,7.415731588567933  ,29.10597490210761    ,100.0               ,5.5947050259930435
ASCU      ,Arizona Sonoran Copper Company Inc.                                             ,Metals and Mining                                    ,6.04      ,6.5404     ,4.0694             ,1.6324008529391094  ,13.903733409908448 ,-23.13746423446011   ,57.410000000000004  ,0.11740737576108763
CSL       ,Carlisle Companies Incorporated                                                 ,Building Products                                    ,342.01    ,373.0      ,76.0               ,7.895222577782938   ,4.536121930699447  ,-0.039248509732395125,94.89999999999999   ,1.7405225649579343
ZWS       ,Zurn Elkay Water Solutions Corporation                                          ,Building Products                                    ,46.52     ,52.0       ,13.0               ,11.09763701396505   ,5.656765832564788  ,1.345653841657327    ,97.55               ,1.9618342605024117
SNAP      ,Snap Inc.                                                                       ,Interactive Media and Services                       ,7.24      ,9.25       ,9.0                ,48.27765089878357   ,26.47196101886866  ,10.284543439271028   ,99.64               ,1.823727787464339
MTCH      ,Match Group Inc.                                                                ,Interactive Media and Services                       ,31.02     ,37.0       ,18.0               ,25.754504051354534  ,12.101149172812015 ,7.503541134698794    ,100.0               ,2.1282692811702453
POWL      ,Powell Industries Inc.                                                          ,Electrical Equipment                                 ,456.93    ,427.0      ,78.0               ,-8.915995476596235  ,3.578777333962284  ,-15.392452107264525  ,0.0                 ,-2.49135239345131
MRCY      ,Mercury Systems Inc.                                                            ,Aerospace and Defense                                ,98.29     ,95.0       ,65.0               ,-8.457675019776868  ,13.58808446359881  ,-32.67388980953837   ,28.599999999999998  ,-0.6224332092160729
MSGS      ,Madison Square Garden Sports Corp.                                              ,Entertainment                                        ,285.64    ,279.0      ,131.0              ,-1.0223012729569423 ,9.384095978874099  ,-16.389410418407557  ,44.4                ,-0.10893977163686232
VRNS      ,Varonis Systems Inc.                                                            ,Software                                             ,30.57     ,48.5       ,23.0               ,58.37351306784705   ,15.380949206332538 ,33.03257633031932    ,100.0               ,3.795182747486996
CBT       ,Cabot Corporation                                                               ,Chemicals                                            ,72.23     ,74.0       ,27.0               ,-3.5537028580080317 ,7.971293744249591  ,-18.155886179794333  ,38.129999999999995  ,-0.44581255841583256
SKY       ,Champion Homes Inc.                                                             ,Household Durables                                   ,84.46     ,96.0       ,26.0               ,15.335036218509241  ,6.3683416828372055 ,5.012645598330037    ,100.0               ,2.408010904916964
INGR      ,Ingredion Incorporated                                                          ,Food Products                                        ,117.2     ,123.5      ,11.0               ,5.938117137712406   ,1.927902324246066  ,2.8465984891886937   ,100.0               ,3.080092317454201
NWF       ,NWF Group plc                                                                   ,Oil Gas and Consumable Fuels                         ,1.35      ,2.415      ,0.8300000000000001 ,78.84749128161529   ,12.613865150714986 ,57.88430855288427    ,100.0               ,6.250858903239981
512599    ,Adani Enterprises Limited                                                       ,Trading Companies and Distributors                   ,2018.2    ,2965.0     ,50.0               ,46.91860472898253   ,0.5006014710178938 ,46.081947798594065   ,100.0               ,93.72446436000475
6201      ,Toyota Industries Corporation                                                   ,Machinery                                            ,19855.0   ,17020.0    ,5300.0             ,-17.16418304161765  ,5.544942657520909  ,-27.11088526591068   ,0.0                 ,-3.0954662837381974
8015      ,Toyota Tsusho Corporation                                                       ,Trading Companies and Distributors                   ,5567.0    ,5370.0     ,2350.0             ,2.4633705202221434  ,8.98041237508908   ,-10.728799559134751  ,55.47               ,0.27430483337884676
5802      ,Sumitomo Electric Industries Ltd.                                               ,Automobile Components                                ,6860.0    ,7050.0     ,3500.0             ,-9.796547872841911  ,11.417051867030883 ,-31.07457509838266   ,24.23               ,-0.8580628332898692
6503      ,Mitsubishi Electric Corporation                                                 ,Electrical Equipment                                 ,4812.0    ,4800.0     ,3750.0             ,-11.810863542526572 ,16.358284966303884 ,-41.62447174930267   ,26.729999999999997  ,-0.722011113442243
FG        ,Fasadgruppen Group AB (publ)                                                    ,Construction and Engineering                         ,27.6      ,43.0       ,6.0                ,55.859555058172475  ,4.449874449478823  ,48.489247372477095   ,100.0               ,12.553063168942854
6902      ,DENSO Corporation                                                               ,Automobile Components                                ,2117.0    ,2400.0     ,700.0              ,14.972400314739696  ,6.803897159696817  ,3.947328530138393    ,99.91               ,2.2005624075903683
7974      ,Nintendo Co. Ltd.                                                               ,Entertainment                                        ,9931.0    ,14000.0    ,12760.0            ,46.59145768823408   ,26.336555563409135 ,4.26034688877676     ,97.1                ,1.7690793914207303
ADANIPORTS,Adani Ports and Special Economic Zone Limited                                   ,Transportation Infrastructure                        ,1417.8    ,1770.0     ,380.0              ,22.92964317395663   ,5.515377736816406  ,13.301282098878946   ,100.0               ,4.157402134199445
ADVANC    ,Advanced Info Service Public Company Limited                                    ,Wireless Telecommunication Services                  ,348.0     ,350.0      ,99.0               ,-0.4438536814920385 ,5.852036314556004  ,-10.342102615184531  ,48.42               ,-0.07584602309934808
2412      ,Chunghwa Telecom Co. Ltd.                                                       ,Diversified Telecommunication Services               ,133.5     ,130.0      ,36.0               ,-0.17703635642257123,5.53188022555313   ,-8.694608463878447   ,45.97               ,-0.032002926528451624
ALU       ,The Alumasc Group plc                                                           ,Building Products                                    ,2.375     ,4.26       ,0.3200000000000003 ,79.34885392596813   ,2.7569575714232735 ,74.75852566601594    ,100.0               ,28.78131123541537
8031      ,Mitsui & Co. Ltd.                                                               ,Trading Companies and Distributors                   ,5069.0    ,4600.0     ,1900.0             ,-4.602679979701613  ,7.90264666172638   ,-16.31230137839842   ,28.16               ,-0.5824225954569162
A7RU      ,Keppel Infrastructure Trust                                                     ,Chemicals                                            ,0.525     ,0.5        ,0.10000000000000003,-4.793398751021258  ,3.859555840171826  ,-11.225636760411556  ,11.76               ,-1.2419560564792496
ADNOCDIST ,Abu Dhabi National Oil Company for Distribution PJSC                            ,Specialty Retail                                     ,4.09      ,4.435      ,0.9000000000000004 ,10.329152429385674  ,4.516906852141531  ,3.3190190120014433   ,100.0               ,2.2867756116087437
AWL       ,AWL Agri Business Limited                                                       ,Food Products                                        ,208.63    ,295.0      ,121.0              ,51.105498306937044  ,12.224926916000873 ,33.475855239971615   ,100.0               ,4.1804338511051915
JAZEERA   ,Jazeera Airways K.S.C.P.                                                        ,Passenger Airlines                                   ,1.548     ,1.61       ,0.2709999999999999 ,5.099717403724276   ,3.583734793476995  ,-0.5725774171572998  ,92.16               ,1.4230175215550622
GISS      ,Gulf International Services Q.P.S.C.                                            ,Energy Equipment and Services                        ,2.794     ,3.86       ,0.08000000000000007,38.14053607998651   ,0.5853254596347212 ,37.16728480086304    ,100.0               ,65.16124568336484
KIMS      ,Krishna Institute of Medical Sciences Limited                                   ,Health Care Providers and Services                   ,607.15    ,795.0      ,270.0              ,27.673017627017106  ,9.15581619656569   ,11.57647981629351    ,100.0               ,3.022452289660112
A302440   ,SK bioscience Co.Ltd.                                                           ,Biotechnology                                        ,51500.0   ,43000.0    ,30000.0            ,-20.388460775886294 ,12.099284253324834 ,-41.33334467278055   ,3.56                ,-1.6850964362031273
BOROUGE   ,Borouge plc                                                                     ,Chemicals                                            ,2.6       ,2.8653     ,0.8523000000000001 ,6.600861591030195   ,6.828551154459049  ,-5.699532943438773   ,81.25               ,0.9666562410856111
MANKIND   ,Mankind Pharma Limited                                                          ,Pharmaceuticals                                      ,2100.8    ,2590.0     ,1120.0             ,21.813609646844892  ,10.912142822732552 ,3.4195294229336732   ,98.26               ,1.9990216404977792
VBL       ,Varun Beverages Limited                                                         ,Beverages                                            ,467.05    ,587.5      ,244.0              ,30.865254442428636  ,10.8174275377945   ,14.265336879065451   ,100.0               ,2.8532896878291973
2897      ,Nissin Foods Holdings Co.Ltd.                                                   ,Food Products                                        ,3080.0    ,3100.0     ,2100.0             ,14.93502520117183   ,14.87562956065481  ,-5.685426228121445   ,83.2                ,1.0039928152469002
PIDILITIND,Pidilite Industries Limited                                                     ,Chemicals                                            ,1429.6    ,1637.5     ,595.0              ,12.738753960880322  ,8.496357274446774  ,-2.168687916407145   ,91.61               ,1.4993194788539286
9107      ,Kawasaki Kisen Kaisha Ltd.                                                      ,Marine Transportation                                ,2240.5    ,2100.0     ,1010.0             ,-15.51746036391026  ,9.782915863609471  ,-33.5413840169212    ,1.7999999999999998  ,-1.5861794765742767
9021      ,West Japan Railway Company                                                      ,Ground Transportation                                ,3129.0    ,3300.0     ,1000.0             ,7.641837218750619   ,6.585147059406662  ,-2.8504528951982264  ,86.85000000000001   ,1.160465688892173
2768      ,Sojitz Corporation                                                              ,Trading Companies and Distributors                   ,5639.0    ,5055.0     ,2100.0             ,-10.34400346159802  ,7.5680111703535955 ,-22.896864372258044  ,9.790000000000001   ,-1.3668060509898432
A042700   ,HANMI Semiconductor Co. Ltd.                                                    ,Semiconductors and Semiconductor Equipment           ,203500.0  ,145000.0   ,141000.0           ,-24.02510591491883  ,14.349906906770642 ,-46.956639726402784  ,5.71                ,-1.6742342700204689
SOLARINDS ,Solar Industries India Limited                                                  ,Chemicals                                            ,13327.0   ,17200.0    ,3360.0             ,26.431221664815805  ,5.253268887009168  ,17.026689997482976   ,100.0               ,5.031385644503691
9201      ,Japan Airlines Co. Ltd.                                                         ,Passenger Airlines                                   ,2862.5    ,3625.0     ,1100.0             ,27.31716655634807   ,7.845140202379715  ,14.372557751958935   ,100.0               ,3.4820495047445785
7259      ,Aisin Corporation                                                               ,Automobile Components                                ,2710.5    ,3000.0     ,1400.0             ,8.198199491576895   ,10.525945142874223 ,-9.956304223091864   ,76.55999999999999   ,0.7788563763442043
4062      ,Ibiden Co.Ltd.                                                                  ,Electronic Equipment Instruments and Components      ,8257.0    ,7000.0     ,6100.0             ,-16.387900979040097 ,15.083297649012245 ,-42.155882957779006  ,15.260000000000002  ,-1.0864932430815808
6841      ,Yokogawa Electric Corporation                                                   ,Electronic Equipment Instruments and Components      ,5142.0    ,5200.0     ,1240.0             ,3.4822711572090963  ,5.0044871747822945 ,-4.213536068925475   ,73.69               ,0.6958297694829405
3626      ,TIS Inc.                                                                        ,IT Services                                          ,4500.0    ,5315.0     ,1550.0             ,17.473850985108466  ,7.019692046629761  ,5.4787764366035265   ,100.0               ,2.4892617609198218
3064      ,MonotaRO Co. Ltd.                                                               ,Trading Companies and Distributors                   ,2036.0    ,2500.0     ,1100.0             ,21.287252695594127  ,11.072386453622402 ,2.4085051667922217   ,97.25               ,1.922553262095532
SONO      ,Sonos Inc.                                                                      ,Household Durables                                   ,14.34     ,19.0       ,6.6                ,26.57878790210423   ,9.66740036466543   ,8.969233430623241    ,100.0               ,2.749321110073222
IAC       ,IAC Inc.                                                                        ,Interactive Media and Services                       ,37.63     ,46.0       ,24.0               ,25.749440556349214  ,12.982601325174059 ,5.218970613031776    ,98.89               ,1.983380673210651
ATKR      ,Atkore Inc.                                                                     ,Electrical Equipment                                 ,70.33     ,64.0       ,11.0               ,-7.544675978536154  ,3.189730241137593  ,-12.534490297931814  ,0.48                ,-2.365302206824049
MSGE      ,Madison Square Garden Entertainment Corp.                                       ,Entertainment                                        ,62.11     ,64.0       ,20.0               ,-0.06130552300649665,6.650479980861983  ,-11.939605410153817  ,52.900000000000006  ,-0.009218210292026277
COLM      ,Columbia Sportswear Company                                                     ,Textiles Apparel and Luxury Goods                    ,54.13     ,57.5       ,36.0               ,5.593563181001058   ,13.637100279223297 ,-17.51146435935574   ,65.34               ,0.41017247556088515
BV        ,BrightView Holdings Inc.                                                        ,Commercial Services and Supplies                     ,13.27     ,15.0       ,13.5               ,24.50439854820972   ,21.274255285654213 ,-7.678455737902839   ,87.55               ,1.1518334352570112
CPRI      ,Capri Holdings Limited                                                          ,Textiles Apparel and Luxury Goods                    ,22.96     ,27.0       ,22.0               ,38.037938507772694  ,20.842450003442796 ,9.343899533669862    ,100.0               ,1.8250224182612655
BHE       ,Benchmark Electronics Inc.                                                      ,Electronic Equipment Instruments and Components      ,51.82     ,55.0       ,13.0               ,0.30396158708549187 ,5.508147437359592  ,-9.855155653222694   ,57.02               ,0.055183996169717656
PNR       ,Pentair plc                                                                     ,Machinery                                            ,105.91    ,124.0      ,50.0               ,11.325558592307772  ,9.885403617882258  ,-6.3305949013786975  ,84.5                ,1.1456849947755636
MRTN      ,Marten Transport Ltd.                                                           ,Ground Transportation                                ,12.69     ,14.0       ,2.0                ,10.346581091066227  ,3.2284992741617424 ,4.930062300120972    ,100.0               ,3.204764880658877
GPK       ,Graphic Packaging Holding Company                                               ,Containers and Packaging                             ,14.55     ,17.0       ,10.0               ,16.901136778150132  ,14.074931230017377 ,-6.6261850559277375  ,87.0                ,1.2007971123940806
RES       ,RPC Inc.                                                                        ,Energy Equipment and Services                        ,6.7       ,6.0        ,3.0                ,-5.564967378836024  ,9.433126866539904  ,-19.720664829020947  ,28.26               ,-0.589938782502272
MATW      ,Matthews International Corporation                                              ,Diversified Consumer Services                        ,26.02     ,38.0       ,4.0                ,46.10428561826171   ,3.1582976362965227 ,40.87846540634005    ,100.0               ,14.597827984421517
INTA      ,Intapp Inc.                                                                     ,Software                                             ,34.33     ,56.0       ,34.0               ,69.1413011256105    ,20.316982243034936 ,36.98753973053087    ,100.0               ,3.403128491157367
JJSF      ,J&J Snack Foods Corp.                                                           ,Food Products                                        ,93.87     ,112.5      ,35.0               ,19.92483265854232   ,7.5614988280719615 ,7.133658049743706    ,100.0               ,2.635037459051326
BRBR      ,BellRing Brands Inc.                                                            ,Personal Care Products                               ,25.04     ,32.0       ,24.0               ,43.55408274196365   ,20.331442426796364 ,14.515000558618521   ,100.0               ,2.1422032843356154
2871      ,Nichirei Corporation                                                            ,Food Products                                        ,1901.0    ,2125.0     ,750.0              ,9.966272008143829   ,8.152685996643646  ,-4.068180809505648   ,86.92999999999999   ,1.2224525772545163
6473      ,JTEKT Corporation                                                               ,Automobile Components                                ,1805.0    ,2070.0     ,1000.0             ,9.73023445169899    ,11.39264686847712  ,-10.850863791532483  ,78.64999999999999   ,0.8540802294699451
5344      ,Maruwa Co.Ltd.                                                                  ,Electronic Equipment Instruments and Components      ,47200.0   ,54000.0    ,10000.0            ,17.146749623957497  ,4.441898797812766  ,10.638814150916      ,100.0               ,3.8602296910503053
3116      ,Toyota Boshoku Corporation                                                      ,Automobile Components                                ,2556.0    ,2500.0     ,950.0              ,6.433208752873413   ,8.069139469098923  ,-4.71849571434183    ,74.1                ,0.7972608203773935
WPRTS     ,Westports Holdings Berhad                                                       ,Transportation Infrastructure                        ,5.97      ,6.46       ,2.3899999999999997 ,-0.2345105962615283 ,8.625986221493031  ,-16.441992409409785  ,54.31               ,-0.02718652571890359
6724      ,Seiko Epson Corporation                                                         ,Technology Hardware Storage and Peripherals          ,1930.5    ,2100.0     ,1100.0             ,10.506955721573666  ,11.747197546163894 ,-8.976017203313955   ,80.19               ,0.8944223233059331
4676      ,Fuji Media Holdings Inc.                                                        ,Media                                                ,3780.0    ,3750.0     ,1640.0             ,-1.9836904436467033 ,8.9387573675768    ,-17.320089543105016  ,42.34               ,-0.2219201575872352
4005      ,Sumitomo Chemical Company Limited                                               ,Chemicals                                            ,464.5     ,520.0      ,336.0              ,22.162137637426394  ,15.240777265210026 ,0.09862918434056704  ,95.11               ,1.4541343431358773
6806      ,Hirose Electric Co.Ltd.                                                         ,Electronic Equipment Instruments and Components      ,16465.0   ,21600.0    ,5500.0             ,27.669906274275842  ,6.927047227860048  ,15.379110988167605   ,100.0               ,3.9944734551526686
7282      ,Toyoda Gosei Co. Ltd.                                                           ,Automobile Components                                ,4121.0    ,4600.0     ,2000.0             ,5.0493759496679465  ,10.222875272982577 ,-13.443978504197341  ,69.25               ,0.4939291358677376
6471      ,NSK Ltd.                                                                        ,Machinery                                            ,1066.5    ,875.0      ,150.0              ,-21.08411527359249  ,3.0384499411816943 ,-26.747787295939712  ,0.0                 ,-6.939102398176287
ADVT      ,AdvancedAdvT Limited                                                            ,Software                                             ,1.8       ,2.35       ,0.10000000000000009,30.562054395018624  ,1.1339038971176474 ,28.646384687489622   ,100.0               ,26.95294942781882
FTC       ,Filtronic plc                                                                   ,Communications Equipment                             ,1.83      ,2.05       ,0.18999999999999995,11.47576438049415   ,2.138460073654022  ,7.734346101106824    ,100.0               ,5.366368314225911
LBG       ,LBG Media plc                                                                   ,Entertainment                                        ,0.834     ,1.46       ,0.33999999999999986,80.51655366845456   ,8.437442362367014  ,67.88538773691026    ,100.0               ,9.542767844859885
ANODB     ,Addnode Group AB (publ)                                                         ,IT Services                                          ,85.9      ,125.0      ,16.0               ,50.95991256329321   ,4.266641790284786  ,45.4164406162355     ,100.0               ,11.943799144172303
INWI      ,Inwido AB (publ)                                                                ,Building Products                                    ,156.6     ,220.0      ,20.0               ,36.239787808647264  ,3.017228621415953  ,30.533209263271043   ,100.0               ,12.010951888571281
OKEA      ,OKEA ASA                                                                        ,Oil Gas and Consumable Fuels                         ,23.1      ,23.5       ,7.0                ,4.67569707327823    ,6.311100441921764  ,-5.1488154436104345  ,74.61               ,0.7408687464740231
MRK       ,Merck & Co. Inc.                                                                ,Pharmaceuticals                                      ,108.34    ,120.0      ,49.0               ,4.7222372847502205  ,9.609701693101517  ,-12.532751927376669  ,68.84               ,0.4914031086043136
EMR       ,Emerson Electric Co.                                                            ,Electrical Equipment                                 ,150.72    ,155.0      ,90.0               ,3.156282488612283   ,12.301592772456415 ,-17.12668159349676   ,59.74               ,0.2565751075486161
SMCI      ,Super Micro Computer Inc.                                                       ,Technology Hardware Storage and Peripherals          ,30.12     ,43.0       ,78.0               ,67.41529372514644   ,53.394816805984455 ,-14.290500295043689  ,89.75               ,1.2625812346188363
AMZN      ,Amazon.com Inc.                                                                 ,Broadline Retail                                     ,241.73    ,300.0      ,130.0              ,22.86512259371348   ,11.017488392238592 ,3.9076171955181445   ,98.45               ,2.0753480085189926
AMD       ,Advanced Micro Devices Inc.                                                     ,Semiconductors and Semiconductor Equipment           ,252.18    ,290.0      ,170.0              ,16.499718383398907  ,13.768354727451705 ,-6.361036052415816   ,87.18               ,1.198379814437911
AMCR      ,Amcor plc                                                                       ,Containers and Packaging                             ,43.89     ,50.0       ,15.0               ,17.743385321901012  ,7.089710356096864  ,6.958626727329603    ,100.0               ,2.5026953755088766
BR        ,Broadridge Financial Solutions Inc.                                             ,Professional Services                                ,195.96    ,269.0      ,77.0               ,36.383560747731394  ,8.09017423256669   ,22.522280181977912   ,100.0               ,4.49725305065381
VLTO      ,Veralto Corporation                                                             ,Commercial Services and Supplies                     ,98.67     ,116.0      ,38.0               ,19.503572562006926  ,7.872065663509578  ,6.863384902829486    ,100.0               ,2.4775673115144863
HUBB      ,Hubbell Incorporated                                                            ,Electrical Equipment                                 ,497.97    ,515.0      ,170.0              ,0.029360180579539555,7.099587533478634  ,-12.634592691971678  ,53.269999999999996  ,0.004135476947229601
MPLX      ,MPLX LP                                                                         ,Oil Gas and Consumable Fuels                         ,56.24     ,56.0       ,11.0               ,2.45506598934908    ,4.0771509105360675 ,-3.4607276309625172  ,68.07               ,0.6021523468765314
UBER      ,Uber Technologies Inc.                                                          ,Ground Transportation                                ,81.7      ,110.0      ,77.0               ,35.69661021064608   ,19.37624087185532  ,3.591659200803438    ,97.15               ,1.8422876989776007
ATO       ,Atmos Energy Corporation                                                        ,Gas Utilities                                        ,166.0     ,180.0      ,30.0               ,7.644074274379294   ,3.6930551099612945 ,1.2397193137471547   ,98.33               ,2.0698511250917697
PEP       ,PepsiCo Inc.                                                                    ,Beverages                                            ,148.69    ,164.0      ,64.0               ,2.5460523765541314  ,9.157439330111869  ,-14.21125447838519   ,63.14999999999999   ,0.2780310395485884
LITE      ,Lumentum Holdings Inc.                                                          ,Communications Equipment                             ,381.44    ,375.0      ,360.0              ,-10.902277843151765 ,19.560829488258783 ,-45.4746604990473    ,32.08               ,-0.5573525319923556
AMGN      ,Amgen Inc.                                                                      ,Biotechnology                                        ,342.94    ,333.0      ,245.0              ,-8.920927080063612  ,14.774045425475277 ,-34.96399576966712   ,29.54               ,-0.6038242622891237
ADM       ,Archer-Daniels-Midland Company                                                  ,Food Products                                        ,66.92     ,57.0       ,20.0               ,-11.954783145125287 ,6.161188498274818  ,-21.2610939259455    ,3.46                ,-1.9403371846962192
PFE       ,Pfizer Inc.                                                                     ,Pharmaceuticals                                      ,26.1      ,27.5       ,13.159999999999997 ,10.772504948387848  ,10.27178592416522  ,-5.2352599135832945  ,84.97               ,1.0487470268480426
ETN       ,Eaton Corporation plc                                                           ,Electrical Equipment                                 ,354.37    ,399.5      ,231.0              ,19.75970917397916   ,13.515512033896146 ,-0.691655091802536   ,94.02000000000001   ,1.4620022626166822
TTWO      ,Take-Two Interactive Software Inc.                                              ,Entertainment                                        ,239.27    ,282.0      ,140.0              ,3.3843940096165053  ,12.904544176932292 ,-21.008375649632143  ,63.62               ,0.2622637392854471
SIMO      ,Silicon Motion Technology Corporation                                           ,Semiconductors and Semiconductor Equipment           ,116.17    ,120.0      ,65.0               ,-1.0726554511965638 ,11.423676890256353 ,-21.0491758861904    ,49.13               ,-0.09389756568758248
CTVA      ,Corteva Inc.                                                                    ,Chemicals                                            ,73.84     ,80.0       ,21.0               ,4.337744071768798   ,5.959155765288178  ,-6.546425171133371   ,75.59               ,0.7279125169098563
GWW       ,W.W. Grainger Inc.                                                              ,Trading Companies and Distributors                   ,1082.21   ,1067.5     ,394.0              ,2.156327342795999   ,7.520271516122085  ,-9.181557003623517   ,56.86               ,0.28673530445984935
AME       ,AMETEK Inc.                                                                     ,Electrical Equipment                                 ,226.62    ,235.0      ,75.0               ,3.119492698224734   ,6.737546457418176  ,-8.215781608736904   ,67.44               ,0.4630012895555041
EA        ,Electronic Arts Inc.                                                            ,Entertainment                                        ,203.95    ,210.0      ,90.0               ,1.3426437724135074  ,8.97595006477053   ,-14.105384175200502  ,57.46               ,0.14958235760281408
CMG       ,Chipotle Mexican Grill Inc.                                                     ,Hotels Restaurants and Leisure                       ,39.1      ,45.0       ,20.0               ,15.057841044937184  ,10.478418313676205 ,-2.4696170029317908  ,91.47999999999999   ,1.4370337768710777
MPC       ,Marathon Petroleum Corporation                                                  ,Oil Gas and Consumable Fuels                         ,175.74    ,200.0      ,57.0               ,10.569628758425944  ,6.716068371408313  ,-1.3281278368800613  ,91.96               ,1.5737821853367413
LUMN      ,Lumen Technologies Inc.                                                         ,Diversified Telecommunication Services               ,8.93      ,8.0        ,6.0                ,-10.637692579628894 ,13.79158712480284  ,-33.70564840022764   ,23.72               ,-0.7713175056189167
EPD       ,Enterprise Products Partners L.P.                                               ,Oil Gas and Consumable Fuels                         ,34.11     ,35.5       ,11.0               ,6.099787934762248   ,6.618248056575188  ,-4.446946595392305   ,80.47999999999999   ,0.9216620293798367
MDLZ      ,Mondelez International Inc.                                                     ,Food Products                                        ,57.31     ,67.0       ,24.0               ,22.750366395994412  ,8.835697041670109  ,9.781504520059563    ,100.0               ,2.5748241806731498
ITW       ,Illinois Tool Works Inc.                                                        ,Machinery                                            ,262.86    ,268.0      ,97.0               ,0.8350417731218837  ,7.574816346563844  ,-12.253696562280076  ,55.64               ,0.1102392104200233
TDG       ,TransDigm Group Incorporated                                                    ,Aerospace and Defense                                ,1422.0    ,1635.0     ,614.0              ,17.793833946141856  ,8.799115546259534  ,3.6812275583898577   ,99.19               ,2.0222298312363836
2200      ,Arabian Pipes Company                                                           ,Metals and Mining                                    ,5.24      ,8.225      ,2.6500000000000004 ,56.89831191541567   ,10.324343311607725 ,39.735963044535765   ,100.0               ,5.511082903591992
SONDA     ,Sonda S.A.                                                                      ,IT Services                                          ,336.22    ,398.0      ,95.0               ,14.341509250631928  ,5.9382076323613475 ,3.481910990665077    ,99.32               ,2.4151242493568685
AGUA      ,Grupo Rotoplas S.A.B. de C.V.                                                   ,Building Products                                    ,11.75     ,32.0       ,24.6               ,136.3280599160748   ,44.26680031607678  ,54.792007776212      ,100.0               ,3.0796908505393668
NOVN      ,Novartis AG                                                                     ,Pharmaceuticals                                      ,114.28    ,110.8107   ,46.873700000000014 ,-4.547411251991094  ,8.351521623071834  ,-18.830951668882193  ,30.869999999999997  ,-0.5445009253677149
MWA       ,Mueller Water Products Inc.                                                     ,Machinery                                            ,26.99     ,27.5       ,5.0                ,1.8904498429767533  ,3.7606112195873282 ,-4.35039604505146    ,68.61               ,0.5026974958565917
ATEN      ,A10 Networks Inc.                                                               ,Software                                             ,17.71     ,23.0       ,3.0                ,31.742008785020587  ,3.493567659333681  ,26.47594404549577    ,100.0               ,9.085843435782966
PAHC      ,Phibro Animal Health Corporation                                                ,Pharmaceuticals                                      ,39.89     ,45.0       ,18.0               ,6.074348426265295   ,9.57989448834275   ,-11.631689861355728  ,73.16               ,0.6340725812436491
ATS       ,ATS Corporation                                                                 ,Machinery                                            ,38.97     ,49.0       ,17.075000000000003 ,25.01893529620772   ,8.865233974683854  ,9.63939630775353     ,100.0               ,2.8221404384422835
UTI       ,Universal Technical Institute Inc.                                              ,Diversified Consumer Services                        ,28.04     ,37.0       ,4.0                ,34.35644187663109   ,3.049844284811473  ,29.977708900508002   ,100.0               ,11.26498229687646
VSH       ,Vishay Intertechnology Inc.                                                     ,Electronic Equipment Instruments and Components      ,20.17     ,15.0       ,2.0                ,-25.65261751158901  ,2.017613368507563  ,-29.01861114830184   ,0.0                 ,-12.71433759906357
KMT       ,Kennametal Inc.                                                                 ,Machinery                                            ,34.81     ,28.5       ,16.0               ,-11.404566711582005 ,9.61101666315569   ,-25.531845166831424  ,14.34               ,-1.1866139776140414
AZTA      ,Azenta Inc.                                                                     ,Life Sciences Tools and Services                     ,39.0      ,43.0       ,11.0               ,12.861468924757798  ,5.8622386601693375 ,3.8538335554892895   ,100.0               ,2.1939517768432646
TENB      ,Tenable Holdings Inc.                                                           ,Software                                             ,21.58     ,36.0       ,20.0               ,63.719908958248034  ,18.936974049030923 ,30.88516129400804    ,100.0               ,3.3648411194558734
FMC       ,FMC Corporation                                                                 ,Chemicals                                            ,15.91     ,17.0       ,47.0               ,88.39735215453102   ,66.72026730952557  ,1.0151178645954053   ,95.54               ,1.324895053918806
KLIC      ,Kulicke and Soffa Industries Inc.                                               ,Semiconductors and Semiconductor Equipment           ,58.85     ,50.0       ,20.0               ,-10.558327341055053 ,7.086337372726587  ,-20.977702747895393  ,9.04                ,-1.4899554996762114
DHT       ,DHT Holdings Inc.                                                               ,Oil Gas and Consumable Fuels                         ,14.1      ,15.9       ,1.8000000000000007 ,13.699029217720547  ,2.6321559090331537 ,9.520903542819651    ,100.0               ,5.204490042063082
ADNT      ,Adient plc                                                                      ,Automobile Components                                ,21.04     ,25.5       ,10.0               ,19.662529361804488  ,9.687058694321044  ,3.03878123550069     ,98.02               ,2.029772914799358
NOVOB     ,Novo Nordisk A/S                                                                ,Pharmaceuticals                                      ,370.4     ,410.0      ,270.0              ,9.83615512854819    ,14.85643355645897  ,-15.47657478542665   ,73.44000000000001   ,0.66208051152841
CENT      ,Central Garden & Pet Company                                                    ,Household Products                                   ,33.21     ,46.0       ,8.0                ,38.430390921437194  ,4.892085055300439  ,30.348436041705412   ,100.0               ,7.855626074979814
CMP       ,Compass Minerals International Inc.                                             ,Metals and Mining                                    ,25.83     ,23.0       ,8.0                ,-13.434580771930703 ,6.348279681523008  ,-24.63549670558438   ,0.1                 ,-2.116255339384737
BLBD      ,Blue Bird Corporation                                                           ,Machinery                                            ,49.6      ,66.0       ,27.0               ,28.41871490743639   ,11.262455263461652 ,8.563740972307103    ,99.92               ,2.523314343332766
LUCK      ,Lucky Strike Entertainment Corporation                                          ,Hotels Restaurants and Leisure                       ,8.18      ,14.0       ,9.0                ,67.03787191660516   ,22.542610341497028 ,28.457474708249567   ,100.0               ,2.9738291573624944
HTLD      ,Heartland Express Inc.                                                          ,Ground Transportation                                ,10.35     ,9.0        ,4.0                ,-6.661462028178547  ,8.207962620049003  ,-18.260156114310263  ,22.41               ,-0.8115853271440431
MCRI      ,Monarch Casino & Resort Inc.                                                    ,Hotels Restaurants and Leisure                       ,90.2      ,109.0      ,33.0               ,20.4695066075996    ,7.524503923059167  ,7.900290420566959    ,100.0               ,2.7203795515169995
6367      ,Daikin IndustriesLtd.                                                           ,Building Products                                    ,18305.0   ,22700.0    ,9800.0             ,17.42342261019625   ,11.145955057060203 ,-2.4363246593390686  ,91.99000000000001   ,1.5632058913748894
A042660   ,Hanwha Ocean Co. Ltd.                                                           ,Machinery                                            ,141900.0  ,160500.0   ,108000.0           ,-2.895696579664299  ,16.578245427332806 ,-33.302966710468816  ,49.370000000000005  ,-0.17466845887624027
PCELL     ,PowerCell Sweden AB (publ)                                                      ,Electrical Equipment                                 ,26.74     ,42.0       ,20.0               ,52.335831686371044  ,15.341883341255485 ,25.476743001352336   ,100.0               ,3.4113042396585063
6752      ,Panasonic Holdings Corporation                                                  ,Household Durables                                   ,2110.5    ,2450.0     ,1400.0             ,11.362088255365155  ,13.747271234157495 ,-12.61087865900716   ,78.31               ,0.8264977144798062
TRCS      ,Tracsis plc                                                                     ,Software                                             ,3.675     ,6.1        ,1.5099999999999998 ,68.8588121447229    ,8.522601762643179  ,55.616526928905955   ,100.0               ,8.079552941984138
7011      ,Mitsubishi Heavy Industries Ltd.                                                ,Machinery                                            ,4528.0    ,4909.0     ,2700.0             ,14.574150499483123  ,12.225247130312697 ,-3.937137216392085   ,88.66000000000001   ,1.1921354508528734
4503      ,Astellas Pharma Inc.                                                            ,Pharmaceuticals                                      ,2127.5    ,1975.0     ,1000.0             ,-6.302991535876933  ,9.601452800223312  ,-22.089258580366202  ,26.58               ,-0.6564622736811597
2454      ,MediaTek Inc.                                                                   ,Semiconductors and Semiconductor Equipment           ,1780.0    ,1750.0     ,1270.0             ,2.8179572606116396  ,14.664385378771179 ,-20.536478186616357  ,54.93               ,0.1921633391257598
3711      ,ASE Technology Holding Co. Ltd.                                                 ,Semiconductors and Semiconductor Equipment           ,310.0     ,261.5      ,190.0              ,-17.189653648303292 ,12.480519235622504 ,-38.64695135480481   ,9.25                ,-1.3773187896894343
8002      ,Marubeni Corporation                                                            ,Trading Companies and Distributors                   ,5129.0    ,4720.0     ,2700.0             ,-7.6580374463413765 ,10.695574071084934 ,-25.48651956027244   ,24.86               ,-0.7160005994483812
8053      ,Sumitomo Corporation                                                            ,Trading Companies and Distributors                   ,6280.0    ,5935.0     ,3050.0             ,-6.749493718190621  ,9.92651833022331   ,-23.54382622555506   ,26.150000000000002  ,-0.6799457265535299
ALIFB     ,AddLife AB (publ)                                                               ,Life Sciences Tools and Services                     ,138.8     ,191.5      ,43.0               ,37.885354162371534  ,6.2757699423695845 ,27.524526778889214   ,100.0               ,6.036765928367812
HUSQB     ,Husqvarna AB (publ)                                                             ,Machinery                                            ,44.77     ,47.5       ,18.299999999999997 ,14.613901041641562  ,8.877863285451022  ,2.42336284601051     ,99.09               ,1.646105664365289
CHEMM     ,ChemoMetec A/S                                                                  ,Life Sciences Tools and Services                     ,610.5     ,882.5      ,240.0              ,40.997699246642426  ,8.162634481036102  ,26.518295909035025   ,100.0               ,5.0226062850040165
UPM       ,UPM-Kymmene Oyj                                                                 ,Paper and Forest Products                            ,23.9      ,25.8       ,13.0               ,7.134614479934235   ,11.145538097724094 ,-11.603023613889533  ,72.56               ,0.6401319000821607
CARLB     ,Carlsberg A/S                                                                   ,Beverages                                            ,851.8     ,1010.0     ,621.0              ,24.323131610636924  ,14.937507240255949 ,0.591020731143504    ,95.57               ,1.6283260131306994
OMV       ,OMV Aktiengesellschaft                                                          ,Oil Gas and Consumable Fuels                         ,50.1      ,49.3       ,17.700000000000003 ,3.1110710744340344  ,7.392940847209577  ,-7.798154167304946   ,60.85               ,0.42081644351426
ROCKB     ,Rockwool A/S                                                                    ,Building Products                                    ,214.4     ,239.9163   ,95.05850000000004  ,11.107382535706106  ,9.093593455119816  ,-4.326939522359483   ,87.13               ,1.2214514086785462
WRT1V     ,Wärtsilä Oyj Abp                                                                ,Machinery                                            ,34.01     ,28.5       ,21.0               ,-20.237440662807135 ,12.764161067053891 ,-42.78902272594361   ,4.87                ,-1.5854892896206738
WAVE      ,Wavestone SA                                                                    ,IT Services                                          ,59.0      ,67.5       ,9.0                ,14.410897503876372  ,3.1490813329005816 ,9.087809858575792    ,100.0               ,4.576222707656352
SECUB     ,Securitas AB (publ)                                                             ,Commercial Services and Supplies                     ,146.2     ,159.5      ,61.0               ,2.3449155333226974  ,8.81825962790379   ,-13.856112278239912  ,63.39               ,0.2659159099719218
PEABB     ,Peab AB (publ)                                                                  ,Construction and Engineering                         ,88.8      ,90.0       ,10.0               ,1.3458817986161191  ,2.277871234936966  ,-2.4949702711540973  ,71.54               ,0.5908506933902095
BRG       ,Borregaard ASA                                                                  ,Chemicals                                            ,192.2     ,215.0      ,33.0               ,14.80122685523615   ,3.629418721166886  ,9.591780520941166    ,100.0               ,4.078126000980522
GSK       ,GSK plc                                                                         ,Pharmaceuticals                                      ,18.52     ,18.4       ,11.149999999999999 ,5.366720402417212   ,12.434950755428007 ,-13.84350869038684   ,62.91               ,0.4315835669935865
AMBUB     ,Ambu A/S                                                                        ,Health Care Equipment and Supplies                   ,85.0      ,115.0      ,48.0               ,34.39535882174723   ,11.666624707320173 ,14.72894468847288    ,100.0               ,2.948184216482597
MELE      ,Melexis NV                                                                      ,Semiconductors and Semiconductor Equipment           ,62.95     ,73.5       ,40.0               ,15.172941017725107  ,12.966645788788211 ,-7.009063254826199   ,86.03               ,1.1701515769671598
HLUNB     ,H. Lundbeck A/S                                                                 ,Pharmaceuticals                                      ,41.68     ,45.0       ,30.0               ,15.885972707171241  ,14.849278290395233 ,-7.053239538021505   ,84.96000000000001   ,1.0698144648179002
SNP       ,OMV Petrom S.A.                                                                 ,Oil Gas and Consumable Fuels                         ,1.03      ,0.795      ,0.10999999999999999,-20.859189655710832 ,2.288242401871571  ,-24.130604616503682  ,0.0                 ,-9.115812922026942
EQNR      ,Equinor ASA                                                                     ,Oil Gas and Consumable Fuels                         ,257.4     ,217.4327   ,88.5146            ,-10.232300237252007 ,7.211104398323916  ,-20.57127570007636   ,10.69               ,-1.4189643738385358
LOOMIS    ,Loomis AB (publ)                                                                ,Commercial Services and Supplies                     ,371.6     ,427.0      ,115.0              ,20.339394443902723  ,6.595192685520851  ,10.962284385594325   ,100.0               ,3.083972737984748
IFX       ,Infineon Technologies AG                                                        ,Semiconductors and Semiconductor Equipment           ,41.8      ,47.75      ,15.799999999999997 ,13.082033360874426  ,7.8180168686102505 ,-0.3735237673766142  ,94.43               ,1.6733186408690777
STERV     ,Stora Enso Oyj                                                                  ,Paper and Forest Products                            ,10.22     ,11.4       ,4.199999999999999  ,14.747350235112622  ,8.47771401783624   ,1.671101340792672    ,97.42               ,1.7395432547129699
LOTB      ,Lotus Bakeries NV                                                               ,Food Products                                        ,9950.0    ,9900.0     ,4100.0             ,-6.256692313651692  ,8.605181234827198  ,-21.898981762033067  ,26.31               ,-0.7270843161709811
QGEN      ,Qiagen N.V.                                                                     ,Life Sciences Tools and Services                     ,53.71     ,50.53      ,16.0               ,-1.5109459827975984 ,6.311110923874909  ,-10.874948508679333  ,38.16               ,-0.23941046212350592
ALGN      ,Align Technology Inc.                                                           ,Health Care Equipment and Supplies                   ,164.12    ,181.0      ,70.0               ,11.977579514073355  ,8.679233241370337  ,-2.03771903643831    ,91.16               ,1.3800273804120342
CCK       ,Crown Holdings Inc.                                                             ,Containers and Packaging                             ,104.33    ,120.0      ,34.0               ,16.98986589794787   ,6.680079445611509  ,6.38420480580397     ,100.0               ,2.543362850139364
SWK       ,Stanley Black & Decker Inc.                                                     ,Machinery                                            ,79.1      ,88.0       ,51.150000000000006 ,16.916919833597127  ,13.416620606450133 ,-4.019740784583265   ,89.82               ,1.2608927635222986
RAL       ,Ralliant Corporation                                                            ,Electronic Equipment Instruments and Components      ,53.85     ,60.0       ,15.0               ,8.433595251623535   ,5.761545908070216  ,-1.789802744684036   ,90.64999999999999   ,1.4637729849224268
UHAL      ,U-Haul Holding Company                                                          ,Ground Transportation                                ,57.26     ,80.45      ,35.1               ,40.699479208676365  ,12.732276939435605 ,19.308362505861382   ,100.0               ,3.1965593744366423
PFGC      ,Performance Food Group Company                                                  ,Consumer Staples Distribution and Retail             ,98.16     ,120.0      ,25.0               ,20.56068576969148   ,5.213110458594769  ,11.406454264474192   ,100.0               ,3.9440341678917274
MLI       ,Mueller Industries Inc.                                                         ,Machinery                                            ,137.38    ,135.5      ,29.0               ,-1.3802240709954767 ,4.281745822881943  ,-8.528053065602336   ,37.84               ,-0.3223507718789529
VVV       ,Valvoline Inc.                                                                  ,Specialty Retail                                     ,32.56     ,40.0       ,18.0               ,20.75059033862709   ,11.380027745752763 ,1.1902589251783562   ,96.22               ,1.8234217703354543
GFF       ,Griffon Corporation                                                             ,Building Products                                    ,81.77     ,100.0      ,25.0               ,24.358121889883712  ,6.3547167222255405 ,14.402127886014833   ,100.0               ,3.83307753195221
IEX       ,IDEX Corporation                                                                ,Machinery                                            ,199.72    ,202.0      ,50.0               ,-1.2707208667260639 ,5.234554815212743  ,-10.550703296011605  ,43.84               ,-0.24275624414765426
MUSA      ,Murphy USA Inc.                                                                 ,Specialty Retail                                     ,419.13    ,435.0      ,210.0              ,5.38103022357519    ,10.302088057189641 ,-11.392494007257321  ,68.4                ,0.5223242311368002
ARW       ,Arrow Electronics Inc.                                                          ,Electronic Equipment Instruments and Components      ,132.91    ,107.5      ,30.0               ,-18.34967932038685  ,4.624298095721305  ,-25.919455431378818  ,0.0                 ,-3.9681004426088236
SLGN      ,Silgan Holdings Inc.                                                            ,Containers and Packaging                             ,42.71     ,50.0       ,11.0               ,14.685675419143907  ,5.308310793842755  ,5.201791853749018    ,100.0               ,2.7665440079692014
ENS       ,EnerSys                                                                         ,Electrical Equipment                                 ,184.85    ,174.2      ,22.0               ,-5.477368345941807  ,2.431355985769545  ,-9.440938332991946   ,0.47000000000000003 ,-2.252803940681756
AVY       ,Avery Dennison Corporation                                                      ,Containers and Packaging                             ,185.38    ,210.0      ,49.0               ,13.11862390642651   ,5.367365950838943  ,4.146362189856719    ,99.99               ,2.444145606352034
REYN      ,Reynolds Consumer Products Inc.                                                 ,Household Products                                   ,22.66     ,26.0       ,6.0                ,17.698246313935982  ,5.482957755803302  ,9.332747596606286    ,100.0               ,3.2278647952747237
NOV       ,NOV Inc.                                                                        ,Energy Equipment and Services                        ,18.6      ,17.0       ,8.0                ,-4.9568625705599985 ,8.834294310979049  ,-18.70569654608305   ,29.09               ,-0.561093211984089
WFRD      ,Weatherford International plc                                                   ,Energy Equipment and Services                        ,94.04     ,98.0       ,49.45              ,4.129174515779237   ,10.733572436111793 ,-14.09259549239745   ,64.78               ,0.38469713046209425
SITM      ,SiTime Corporation                                                              ,Semiconductors and Semiconductor Equipment           ,365.58    ,400.0      ,110.0              ,4.839983953447823   ,6.283051916297194  ,-6.56688333869421    ,76.35               ,0.7703237245093755
ENPH      ,Enphase Energy Inc.                                                             ,Semiconductors and Semiconductor Equipment           ,38.25     ,37.0       ,59.0               ,29.237456302068907  ,33.0220437213238   ,-16.69390130657328   ,78.01               ,0.885392089865988
DOX       ,Amdocs Limited                                                                  ,IT Services                                          ,81.07     ,101.0      ,14.0               ,27.06135364277404   ,3.6502542205335606 ,21.6608746699245     ,100.0               ,7.413553141188742
ELF       ,e.l.f. Beauty Inc.                                                              ,Personal Care Products                               ,85.03     ,110.0      ,51.0               ,29.66007630171732   ,12.250400777573129 ,9.458883656300117    ,100.0               ,2.4211515068156935
NYT       ,The New York Times Company                                                      ,Media                                                ,73.29     ,69.5       ,24.0               ,-5.552804388423292  ,6.640518247912755  ,-16.867869891831276  ,21.65               ,-0.8362004562172006
TKR       ,The Timken Company                                                              ,Machinery                                            ,94.15     ,88.0       ,25.0               ,-3.3149062673084417 ,5.5081966545455305 ,-11.587420449983146  ,27.400000000000002  ,-0.6018133474905768
CDW       ,CDW Corporation                                                                 ,Electronic Equipment Instruments and Components      ,125.2     ,175.0      ,84.0               ,44.308846534235016  ,13.824440571001558 ,22.3825216442533     ,100.0               ,3.205109552655476
DAY       ,Dayforce Inc.                                                                   ,Professional Services                                ,69.16     ,70.0       ,1.0                ,0.7279452404409275  ,0.3441849658220943 ,0.07592801862949913  ,97.05               ,2.1149826771259814
BOOT      ,Boot Barn Holdings Inc.                                                         ,Specialty Retail                                     ,174.82    ,232.5      ,97.0               ,33.34648968769238   ,11.342997346522923 ,14.47613813877288    ,100.0               ,2.9398305111932697
TECH      ,Bio-Techne Corporation                                                          ,Life Sciences Tools and Services                     ,63.98     ,70.0       ,20.0               ,9.521234960084374   ,6.4506079569432755 ,-1.383312539659676   ,91.95               ,1.4760213337466823
TTMI      ,TTM Technologies Inc.                                                           ,Electronic Equipment Instruments and Components      ,96.48     ,109.0      ,51.0               ,5.096401096652025   ,11.012968777166996 ,-15.044502568787005  ,68.75               ,0.46276360169278863
BKH       ,Black Hills Corporation                                                         ,Multi-Utilities                                      ,72.81     ,79.0       ,15.0               ,8.89623785253506    ,4.132180170247694  ,2.0290638127514264   ,99.56               ,2.152916253891658
FORM      ,FormFactor Inc.                                                                 ,Semiconductors and Semiconductor Equipment           ,73.33     ,64.5       ,46.0               ,-4.494771341749387  ,13.01750899343413  ,-24.083326262069242  ,34.72               ,-0.34528659392641814
FLNC      ,Fluence Energy Inc.                                                             ,Electrical Equipment                                 ,31.57     ,19.0       ,22.0               ,-39.75682662773314  ,14.18775958161281  ,-63.360447334642835  ,0.0                 ,-2.8021920162262672
UGI       ,UGI Corporation                                                                 ,Gas Utilities                                        ,40.6      ,44.0       ,2.0                ,8.369574243129673   ,1.0150097312996906 ,6.66502500280123     ,100.0               ,8.245806897252773
RRX       ,Regal Rexnord Corporation                                                       ,Electrical Equipment                                 ,162.06    ,180.0      ,52.0               ,13.577007416880289  ,6.660237970992499  ,3.1425284345858286   ,99.53999999999999   ,2.0385168632130815
4091      ,Nippon Sanso Holdings Corporation                                               ,Chemicals                                            ,4605.0    ,5100.0     ,1800.0             ,13.671499674235815  ,8.11048505280611   ,1.028675751815087    ,96.78999999999999   ,1.68565746502494
A267250   ,HD Hyundai Co. Ltd.                                                             ,Oil Gas and Consumable Fuels                         ,236500.0  ,260000.0   ,132000.0           ,5.184106029333746   ,11.50600056548714  ,-15.241085627851888  ,67.75               ,0.45055673340428537
A278470   ,APR Co. Ltd.                                                                    ,Personal Care Products                               ,276500.0  ,325000.0   ,105000.0           ,18.11403236628357   ,7.74874217376944   ,5.223609568468333    ,99.98               ,2.3376739037210537
6963      ,ROHM Co. Ltd.                                                                   ,Semiconductors and Semiconductor Equipment           ,2711.5    ,2200.0     ,1100.0             ,-12.926062863441397 ,8.498106505978267  ,-25.23451914022313   ,9.04                ,-1.5210521137088762
NHPC      ,NHPC Limited                                                                    ,Independent Power and Renewable Electricity Producers,79.18     ,90.5       ,47.0               ,16.988500604350374  ,12.108675088415929 ,-2.651499682935673   ,91.75               ,1.4030024325785118
2413      ,M3 Inc.                                                                         ,Health Care Technology                               ,1900.0    ,2700.0     ,1460.0             ,46.65604374558447   ,15.857093644120111 ,21.257727545556847   ,100.0               ,2.9422821604439955
3407      ,Asahi Kasei Corporation                                                         ,Chemicals                                            ,1486.5    ,1530.0     ,600.0              ,6.035197671759633   ,8.280210195586447  ,-6.768310877333321   ,74.87               ,0.7288701046474085
500251    ,Trent Limited                                                                   ,Specialty Retail                                     ,3823.05   ,5075.0     ,2130.0             ,38.5930538332478    ,11.526883626351728 ,20.872240883398952   ,100.0               ,3.3480908703736563
4689      ,LY Corporation                                                                  ,Interactive Media and Services                       ,392.7     ,562.0      ,190.0              ,41.833935588578115  ,9.83260960458939   ,24.911477416902326   ,100.0               ,4.254611671865019
BRITANNIA ,Britannia Industries Limited                                                    ,Food Products                                        ,5723.0    ,6686.0     ,2280.0             ,13.430463207592853  ,8.209348358879042  ,-1.0409870871516942  ,93.26               ,1.635996259443269
500480    ,Cummins India Limited                                                           ,Machinery                                            ,4040.0    ,4575.0     ,2556.0             ,5.219084143501267   ,13.261442559215228 ,-18.63103225998184   ,66.02               ,0.39355327447952365
500400    ,Tata Power Company Limited                                                      ,Electric Utilities                                   ,366.4     ,422.5      ,225.0              ,10.738651769595362  ,12.695839638239834 ,-11.755135311365946  ,78.41               ,0.8458402181806529
A326030   ,SK Biopharmaceuticals Co. Ltd.                                                  ,Pharmaceuticals                                      ,119300.0  ,155000.0   ,97000.0            ,8.421740425522628   ,18.15753157471484  ,-25.493138748695067  ,69.02000000000001   ,0.4638152708626029
9101      ,Nippon Yusen Kabushiki Kaisha                                                   ,Marine Transportation                                ,5078.0    ,5400.0     ,3030.0             ,0.759332367985693   ,12.46297926724182  ,-21.0218910278367    ,55.50000000000001   ,0.06092703451586025
2371      ,Kakaku.com Inc.                                                                 ,Interactive Media and Services                       ,2147.5    ,2950.0     ,1000.0             ,38.94182756491252   ,9.560672129610523  ,23.424543399809146   ,100.0               ,4.073126558153282
A011790   ,SKC Co. Ltd.                                                                    ,Chemicals                                            ,117300.0  ,105000.0   ,55000.0            ,-9.071006050732429  ,9.546697047722223  ,-24.725533320854616  ,18.23               ,-0.9501721910089007
MEZA      ,MEEZA QSTP-LLC (Public)                                                         ,IT Services                                          ,3.308     ,4.1545     ,0.2909999999999995 ,25.5828283332641    ,1.7859279712002434 ,22.566234192949185   ,100.0               ,14.324669721181985
EMCURE    ,Emcure Pharmaceuticals Limited                                                  ,Pharmaceuticals                                      ,1435.5    ,1697.5     ,200.0              ,16.00927179629094   ,2.9687255269136568 ,10.64913824938966    ,100.0               ,5.392641270186564
DCP       ,Dis-Chem Pharmacies Limited                                                     ,Consumer Staples Distribution and Retail             ,36.25     ,39.5       ,17.799999999999997 ,6.022383101930325   ,10.064387309146008 ,-11.533884978556333  ,72.1                ,0.5983854671866102
4190      ,Jarir Marketing Company                                                         ,Specialty Retail                                     ,14.27     ,14.9       ,3.5                ,1.2545183108244728  ,5.115926576774979  ,-7.8420635102224985  ,61.53999999999999   ,0.2452182008474615
OOREDOO   ,National Mobile Telecommunications Company K.S.C.P.                             ,Wireless Telecommunication Services                  ,1.675     ,1.825      ,0.8500000000000001 ,8.998106553512843   ,10.409005826949226 ,-8.821379464677225   ,79.05               ,0.8644539837048104
IKS       ,Inventurus Knowledge Solutions Limited                                          ,Health Care Technology                               ,1537.1    ,2010.0     ,407.0              ,26.09703353404912   ,5.600614134290827  ,15.908801403286777   ,100.0               ,4.659673547989151
A011170   ,Lotte Chemical Corporation                                                      ,Chemicals                                            ,86400.0   ,86000.0    ,117000.0           ,15.22775534364224   ,28.428234240056902 ,-27.081374237077274  ,66.07               ,0.5356560388188134
9706      ,Japan Airport Terminal Co. Ltd.                                                 ,Transportation Infrastructure                        ,4688.0    ,5500.0     ,3400.0             ,17.254562403019914  ,14.836155421953892 ,-7.413783920954344   ,86.5                ,1.163007660157521
EFX       ,Equifax Inc.                                                                    ,Professional Services                                ,204.0     ,262.5      ,61.0               ,29.361833140296525  ,6.0864648708525815 ,19.420890259716575   ,100.0               ,4.824119380185229
MOD       ,Modine Manufacturing Company                                                    ,Building Products                                    ,176.72    ,180.0      ,27.0               ,4.374013847105604   ,3.2079418718645774 ,-0.27162881523508786 ,93.27               ,1.3634953567794112
GOOGL     ,Alphabet Inc.                                                                   ,Interactive Media and Services                       ,338.25    ,348.0      ,247.0              ,-5.049192355723007  ,15.22406602847353  ,-32.156971216229046  ,41.33               ,-0.3316585954290737
PTC       ,PTC Inc.                                                                        ,Software                                             ,153.48    ,214.5      ,99.0               ,33.599008737379464  ,13.525132250247873 ,9.430870431545085    ,99.91               ,2.4841907728306096
CVS       ,CVS Health Corporation                                                          ,Health Care Providers and Services                   ,74.44     ,95.0       ,26.0               ,25.050878021899848  ,7.181192981937906  ,12.316035496766629   ,100.0               ,3.4884006160129197
PSX       ,Phillips 66                                                                     ,Oil Gas and Consumable Fuels                         ,144.08    ,151.0      ,42.0               ,6.140478191442749   ,5.896723120657972  ,-3.4065057740165448  ,84.09               ,1.0413373776921677
CTSH      ,Cognizant Technology Solutions Corporation                                      ,IT Services                                          ,82.45     ,90.0       ,28.0               ,11.654960738854859  ,7.062520160918582  ,0.5379082763313394   ,96.06               ,1.6502552167354048
DGII      ,Digi International Inc.                                                         ,Communications Equipment                             ,45.29     ,47.0       ,10.0               ,8.238106296066297   ,4.745609544225738  ,1.6224950187262304   ,99.65               ,1.7359427106872045
LLY       ,Eli Lilly and Company                                                           ,Pharmaceuticals                                      ,1024.14   ,1173.5     ,730.0              ,12.121921619909942  ,14.560931433295279 ,-12.70965162017903   ,78.2                ,0.8324963052975956
BG        ,Bunge Global SA                                                                 ,Food Products                                        ,115.15    ,112.5      ,40.0               ,-9.420649251016995  ,7.586947924090475  ,-23.633024363082832  ,7.960000000000001   ,-1.241691566262641
YUM       ,Yum! Brands Inc.                                                                ,Hotels Restaurants and Leisure                       ,155.48    ,164.5      ,55.0               ,9.227458876143446   ,7.360049593484679  ,-2.0859755864757012  ,89.52               ,1.2537223776741735
SU        ,Suncor Energy Inc.                                                              ,Oil Gas and Consumable Fuels                         ,72.29     ,70.0       ,22.0               ,-4.987790308711808  ,6.25918129973535   ,-15.996741623045866  ,23.01               ,-0.7968758324547495
QCOM      ,QUALCOMM Incorporated                                                           ,Semiconductors and Semiconductor Equipment           ,152.22    ,192.5      ,68.0               ,25.952876177294417  ,9.064408998181317  ,10.363947414172854   ,100.0               ,2.863162527474389
FOXA      ,Fox Corporation                                                                 ,Media                                                ,71.84     ,72.0       ,42.0               ,3.668704965774827   ,12.046609793499485 ,-15.21194791779236   ,59.13               ,0.3045425251305567
CLB       ,Core Laboratories Inc.                                                          ,Energy Equipment and Services                        ,19.64     ,14.0       ,10.5               ,-19.287319826054798 ,11.505456142478012 ,-35.768245028351444  ,6.97                ,-1.6763629001066924
OMC       ,Omnicom Group Inc.                                                              ,Media                                                ,75.77     ,105.5      ,43.0               ,33.03316851262901   ,11.813056438921413 ,11.852248666573692   ,100.0               ,2.7963269864513656
MCK       ,McKesson Corporation                                                            ,Health Care Providers and Services                   ,822.3     ,966.0      ,240.0              ,10.467956808021318  ,6.441443239272519  ,-1.4103535633321578  ,92.36999999999999   ,1.625094939003692
FLEX      ,Flex Ltd.                                                                       ,Electronic Equipment Instruments and Components      ,65.47     ,75.0       ,5.420000000000002  ,11.800969603431373  ,1.9587903390709314 ,8.113128996498391    ,100.0               ,6.024621098054149
YUMC      ,Yum China Holdings Inc.                                                         ,Hotels Restaurants and Leisure                       ,50.51     ,57.25      ,23.0               ,22.932074877221098  ,9.92952470595934   ,9.363027468104983    ,100.0               ,2.3094836415944564
SYM       ,Symbotic Inc.                                                                   ,Machinery                                            ,56.2      ,63.39      ,43.0               ,10.693738976775004  ,15.79891663356744  ,-16.356159790411958  ,73.75               ,0.676865333541565
ABBV      ,AbbVie Inc.                                                                     ,Biotechnology                                        ,220.43    ,245.0      ,105.0              ,8.676181547937414   ,9.647987989961772  ,-8.153169227215168   ,79.97               ,0.8992736679362089
ARM       ,Arm Holdings plc                                                                ,Semiconductors and Semiconductor Equipment           ,108.43    ,160.0      ,135.0              ,39.87545628608957   ,25.785570529254045 ,-5.203020022017294   ,92.27               ,1.5464252086588652
COR       ,Cencora Inc.                                                                    ,Health Care Providers and Services                   ,352.1     ,405.0      ,125.0              ,9.744799215604719   ,7.466766789041672  ,-3.7445311861922668  ,87.28               ,1.3050895375366909
CHD       ,Church & Dwight Co. Inc.                                                        ,Household Products                                   ,91.96     ,100.0      ,40.0               ,4.313762988630895   ,8.953929279636657  ,-11.603603819644297  ,68.49               ,0.481773180679616
GEHC      ,GE HealthCare Technologies Inc.                                                 ,Health Care Equipment and Supplies                   ,78.78     ,92.0       ,31.0               ,17.234826590046588  ,7.974927219277396  ,3.8925702786760024   ,99.32               ,2.1611265051279336
ODFL      ,Old Dominion Freight Line Inc.                                                  ,Ground Transportation                                ,172.59    ,167.0      ,82.0               ,-7.853272575622806  ,9.765334009256492  ,-25.459292976430667  ,22.75               ,-0.8041990748272146
STE       ,STERIS plc                                                                      ,Health Care Equipment and Supplies                   ,261.64    ,293.0      ,69.0               ,4.924857872751594   ,5.988365693307321  ,-6.330639557641669   ,77.49000000000001   ,0.8224043294910467
BSX       ,Boston Scientific Corporation                                                   ,Health Care Equipment and Supplies                   ,92.33     ,127.0      ,41.0               ,32.363248138960046  ,9.25601978113829   ,15.703155330871777   ,100.0               ,3.4964540811493454
ASGN      ,ASGN Incorporated                                                               ,IT Services                                          ,49.65     ,54.5       ,21.0               ,7.034362725102878   ,8.671528904924116  ,-8.086951338036139   ,77.44               ,0.8112021308155272
COHR      ,Coherent Corp.                                                                  ,Electronic Equipment Instruments and Components      ,215.86    ,210.0      ,137.0              ,-11.41956709649555  ,13.343096281392704 ,-35.68736129811024   ,21.65               ,-0.8558408674919354
ORLY      ,O'Reilly Automotive Inc.                                                        ,Specialty Retail                                     ,98.85     ,110.0      ,61.0               ,0.879407739184974   ,13.16683346750201  ,-23.557286408749945  ,57.34               ,0.06678961508516852
9412      ,SKY Perfect JSAT Holdings Inc.                                                  ,Media                                                ,2260.0    ,2390.0     ,800.0              ,11.965781206702205  ,7.5658496818241145 ,1.275119587295823    ,97.7                ,1.5815515388110744
MEDANTA   ,Global Health Limited                                                           ,Health Care Providers and Services                   ,1034.1    ,1355.0     ,667.0              ,32.1599707002728    ,13.233021531651694 ,10.398500415762584   ,100.0               ,2.430281748076225
TIINDIA   ,Tube Investments of India Limited                                               ,Automobile Components                                ,2325.4    ,3565.5     ,615.0              ,52.08001088216711   ,5.451715736130012  ,42.5239744467261     ,100.0               ,9.552957894891442
HEXT      ,Hexaware Technologies Limited                                                   ,IT Services                                          ,695.15    ,840.0      ,390.0              ,26.994129808459313  ,11.585378791260592 ,9.515238109603798    ,100.0               ,2.330017023597216
A161390   ,Hankook Tire & Technology Co. Ltd.                                              ,Automobile Components                                ,65000.0   ,67000.0    ,49000.0            ,-3.786646970339206  ,15.587310270873374 ,-31.55550163913707   ,44.29               ,-0.2429313912750539
APOLLOTYRE,Apollo Tyres Limited                                                            ,Automobile Components                                ,491.75    ,572.5      ,201.0              ,13.312069641471584  ,8.438038714869501  ,-1.4441463235011065  ,92.56               ,1.5776260445467112
FLUOROCHEM,Gujarat Fluorochemicals Limited                                                 ,Chemicals                                            ,2980.4    ,3794.0     ,2298.0             ,35.28891655619228   ,16.09201103429708  ,10.51378373926976    ,100.0               ,2.1929463310073936
6368      ,Organo Corporation                                                              ,Machinery                                            ,16410.0   ,15200.0    ,400.0              ,-7.371318078836031  ,0.4976500255013696 ,-8.210556363181395   ,0.0                 ,-14.812252991265533
7951      ,Yamaha Corporation                                                              ,Leisure Products                                     ,1101.5    ,1150.0     ,400.0              ,7.420215426460971   ,7.477066207292434  ,-4.146327173202173   ,83.00999999999999   ,0.9923966460567093
8056      ,BIPROGY Inc.                                                                    ,IT Services                                          ,5151.0    ,6250.0     ,2400.0             ,19.228534391320082  ,9.533731286032666  ,2.697018752654652    ,97.86               ,2.016894940125985
9001      ,Tobu Railway Co. Ltd.                                                           ,Ground Transportation                                ,2707.0    ,2900.0     ,400.0              ,12.080816538035016  ,3.500852611126622  ,7.5228201719358685   ,100.0               ,3.450821236986394
A032640   ,LG Uplus Corp.                                                                  ,Diversified Telecommunication Services               ,16130.0   ,17500.0    ,5000.0             ,4.377295971472537   ,6.443042191255832  ,-7.341759496186283   ,74.17               ,0.679383409503849
4626      ,Taiyo Holdings Co. Ltd.                                                         ,Chemicals                                            ,5084.0    ,4800.0     ,400.0              ,-5.567722895444588  ,1.5924955175701354 ,-8.262044963880111   ,0.0                 ,-3.496225159829612
FTV       ,Fortive Corporation                                                             ,Machinery                                            ,53.08     ,57.5       ,22.0               ,12.678766437417254  ,8.619922908360731  ,-0.37748498878587816 ,94.15               ,1.470867729584881
BERGB     ,Bergman & Beving AB (publ)                                                      ,Trading Companies and Distributors                   ,282.0     ,340.0      ,65.0               ,22.263022527035996  ,4.6917135594399175 ,14.980118412060415   ,100.0               ,4.745179398738419
SF        ,Stillfront Group AB (publ)                                                      ,Entertainment                                        ,5.57      ,8.5        ,5.4                ,61.91835733486356   ,19.98664314039617  ,31.366821960908243   ,100.0               ,3.097986835503995
TOM2      ,TomTom N.V.                                                                     ,Software                                             ,6.345     ,7.0        ,2.4000000000000004 ,1.7633515523680967  ,8.303054823293806  ,-13.58923022634412   ,61.56               ,0.21237382986092082
BONAVB    ,Bonava AB (publ)                                                                ,Household Durables                                   ,13.08     ,12.5       ,5.0                ,-4.465060979180343  ,7.760601252184109  ,-17.43168886718533   ,29.12               ,-0.5753498774239582
ALMA      ,Alma Media Oyj                                                                  ,Media                                                ,14.05     ,15.8       ,0.5                ,12.211691833863181  ,0.7407501416861398 ,10.928522059943386   ,100.0               ,16.485574752731328
NOD       ,Nordic Semiconductor ASA                                                        ,Semiconductors and Semiconductor Equipment           ,127.5     ,145.0      ,99.0               ,16.461135952663398  ,15.951417102707998 ,-9.182985432894602   ,83.67999999999999   ,1.0319544556244389
DIGIA     ,Digia Oyj                                                                       ,IT Services                                          ,6.36      ,7.85       ,1.2999999999999998 ,23.40297121012592   ,4.14500872349351   ,16.370804980704378   ,100.0               ,5.646060785705982
NEWAB     ,New Wave Group AB (publ)                                                        ,Textiles Apparel and Luxury Goods                    ,106.9     ,122.0      ,13.0               ,16.891790169382606  ,2.661210653462754  ,13.307535112704064   ,100.0               ,6.347408142006005
FSECURE   ,F-Secure Oyj                                                                    ,Software                                             ,1.91      ,2.0        ,0.6000000000000001 ,1.1234792620458947  ,6.603821689358089  ,-10.511570642033215  ,59.14               ,0.17012562042012072
CEVI      ,CellaVision AB (publ)                                                           ,Health Care Equipment and Supplies                   ,150.0     ,229.0      ,25.0               ,49.7976364113031    ,3.544448121733123  ,43.27114784550652    ,100.0               ,14.049475320562353
REJLB     ,Rejlers AB (publ)                                                               ,Professional Services                                ,181.2     ,222.5      ,15.0               ,22.782583122796456  ,1.6891038824299816 ,19.95838717671526    ,100.0               ,13.487970372799651
PAMPALO   ,Endomines Finland Oyj                                                           ,Metals and Mining                                    ,33.7      ,32.0       ,3.6999999999999993 ,-7.709985183019842  ,2.407255067423808  ,-12.214199573237847  ,0.0                 ,-3.2028119027996897
ATT       ,Attendo AB (publ)                                                               ,Health Care Providers and Services                   ,89.7      ,95.0       ,10.0               ,5.950318552689094   ,2.2880392296715013 ,2.0926538746465995   ,100.0               ,2.6006191133110046
SLIGR     ,Sligro Food Group N.V.                                                          ,Consumer Staples Distribution and Retail             ,10.36     ,11.25      ,3.5                ,15.032821895801174  ,7.221358267824512  ,4.8524653225840595   ,100.0               ,2.081716671333345
MTGB      ,Modern Times Group MTG AB                                                       ,Entertainment                                        ,105.3     ,144.0      ,35.0               ,42.179308747680615  ,7.017959476087305  ,32.04278234778525    ,100.0               ,6.010195540655455
HTRO      ,Hexatronic Group AB (publ)                                                      ,Electrical Equipment                                 ,23.78     ,24.0       ,4.0                ,0.9446601236138503  ,3.442701097920654  ,-4.806471834257671   ,61.09               ,0.27439504526966124
MATAS     ,Matas A/S                                                                       ,Specialty Retail                                     ,95.8      ,140.0      ,35.0               ,51.35342833581824   ,7.707765137169704  ,40.12875012377274    ,100.0               ,6.662557488703561
HDD       ,Heidelberger Druckmaschinen Aktiengesellschaft                                  ,Machinery                                            ,1.85      ,2.4        ,0.9999999999999998 ,26.004600165802152  ,11.118873634977197 ,6.570255220362316    ,99.56               ,2.3387800796654603
MILDEF    ,MilDef Group AB (publ)                                                          ,Aerospace and Defense                                ,134.2     ,202.0      ,60.0               ,59.48312473223785   ,9.73399132872911   ,45.96942882257581    ,100.0               ,6.1108668297944835
SCST      ,Scandi Standard AB (publ)                                                       ,Food Products                                        ,106.2     ,100.0      ,22.0               ,-5.1852744075259505 ,4.240279490433544  ,-12.110268438572854  ,12.94               ,-1.2228614692084334
TROAX     ,Troax Group AB (publ)                                                           ,Machinery                                            ,147.6     ,185.4175   ,38.19489999999999  ,30.31185281641147   ,5.5086546801229295 ,22.508623840878798   ,100.0               ,5.5025872153117135
DYVOX     ,Dynavox Group AB (publ)                                                         ,Technology Hardware Storage and Peripherals          ,90.15     ,130.0      ,43.0               ,43.01727594597573   ,9.693954997530266  ,26.48592508243741    ,100.0               ,4.437536171452752
FSKRS     ,Fiskars Oyj Abp                                                                 ,Household Durables                                   ,12.18     ,11.95      ,1.5                ,-0.23563648395512765,2.564568238124719  ,-4.027088886285277   ,42.92               ,-0.09188154187210529
METSB     ,Metsä Board Oyj                                                                 ,Containers and Packaging                             ,2.742     ,3.0        ,1.2999999999999998 ,0.7402571117242766  ,10.19323561006347  ,-17.88947082534814   ,56.45               ,0.07262238802696205
BILIA     ,Bilia AB (publ)                                                                 ,Specialty Retail                                     ,127.4     ,150.0      ,24.0               ,16.186062185174816  ,3.8865075054971085 ,9.293149981726955    ,100.0               ,4.164680542178579
509480    ,Berger Paints India Limited                                                     ,Chemicals                                            ,463.5     ,574.0      ,275.0              ,22.20448432922428   ,12.267084975137788 ,1.1758593258635737   ,96.02000000000001   ,1.810086452831054
A000880   ,Hanwha Corporation                                                              ,Industrial Conglomerates                             ,119000.0  ,150000.0   ,80000.0            ,17.47150233405414   ,14.177712285319638 ,-7.9485509999376385  ,86.28               ,1.2323216879034193
SUZLON    ,Suzlon Energy Limited                                                           ,Electrical Equipment                                 ,47.44     ,74.0       ,22.0               ,51.72218077299263   ,9.68548158951594   ,34.43176537271918    ,100.0               ,5.340176458440576
A017670   ,SK Telecom Co. Ltd.                                                             ,Wireless Telecommunication Services                  ,69500.0   ,60500.0    ,31000.0            ,-10.969251140884495 ,9.14576592432474   ,-25.72394677556238   ,13.52               ,-1.199380263134647
532539    ,Uno Minda Limited                                                               ,Automobile Components                                ,1142.65   ,1350.0     ,635.0              ,8.296015351451755   ,11.826676940669746 ,-13.553029678521249  ,74.68               ,0.7014663030934158
6479      ,MINEBEA MITSUMI Inc.                                                            ,Machinery                                            ,3136.0    ,3540.0     ,1600.0             ,3.5606442165867818  ,11.01971335230605  ,-17.020718302641068  ,64.8                ,0.32311586542690424
500182    ,Hero MotoCorp Limited                                                           ,Automobiles                                          ,5576.9    ,6057.0     ,3600.0             ,4.197607568642907   ,13.381659327383954 ,-19.372153574295588  ,63.449999999999996  ,0.3136836371295904
1803      ,Shimizu Corporation                                                             ,Construction and Engineering                         ,2752.5    ,2300.0     ,1200.0             ,-11.525790056468141 ,9.057594088787061  ,-25.4021964994617    ,12.629999999999999  ,-1.272500174272173
543220    ,Max Healthcare Institute Limited                                                ,Health Care Providers and Services                   ,952.6     ,1275.0     ,675.0              ,25.670075662014764  ,14.781139480097787 ,-0.7595783068486747  ,94.39999999999999   ,1.7366777234311668
BN4       ,Keppel Ltd.                                                                     ,Industrial Conglomerates                             ,11.08     ,11.32      ,5.45               ,-2.7345274376577384 ,10.23110586124591  ,-21.064708964950615  ,43.6                ,-0.2672758423911701
2801      ,Kikkoman Corporation                                                            ,Food Products                                        ,1382.5    ,1520.0     ,400.0              ,13.709434987887693  ,6.033804222120857  ,4.809126963375258    ,100.0               ,2.2721047092689535
POWERINDIA,Hitachi Energy India Limited                                                    ,Electrical Equipment                                 ,18322.0   ,24296.0    ,9200.0             ,24.52398755858262   ,10.578889917107173 ,5.005371334419864    ,98.66               ,2.318200468172446
4452      ,Kao Corporation                                                                 ,Personal Care Products                               ,6104.0    ,7495.0     ,1100.0             ,23.369822908997776  ,3.670336547263572  ,17.341749376341987   ,100.0               ,6.367215269788053
ASHOKLEY  ,Ashok Leyland Limited                                                           ,Machinery                                            ,194.06    ,182.0      ,100.0              ,-8.485089924378533  ,10.524786075338705 ,-26.834954456194314  ,22.470000000000002  ,-0.8062007021938894
A003550   ,LG Corp.                                                                        ,Industrial Conglomerates                             ,92400.0   ,100000.0   ,49000.0            ,1.324580173613322   ,11.104143346572656 ,-18.917405286263026  ,58.199999999999996  ,0.1192870203735401
526371    ,NMDC Limited                                                                    ,Metals and Mining                                    ,84.7      ,79.0       ,39.0               ,-7.056702635203973  ,9.43186411932562   ,-23.09284177446357   ,24.66               ,-0.7481768763764302
TORNTPOWER,Torrent Power Limited                                                           ,Electric Utilities                                   ,1371.2    ,1430.0     ,426.0              ,3.974508618664168   ,6.242548849433832  ,-6.385388182823792   ,72.52               ,0.6366804192528883
7832      ,BANDAI NAMCO Holdings Inc.                                                      ,Leisure Products                                     ,3965.0    ,5500.0     ,2650.0             ,38.42592078734406   ,13.615591400334889 ,15.314325978575118   ,100.0               ,2.8221999072621213
MAZDOCK   ,Mazagon Dock Shipbuilders Limited                                               ,Aerospace and Defense                                ,2517.2    ,3193.0     ,1389.0             ,16.290320338572375  ,11.900415440283664 ,-5.587349034214604   ,88.61               ,1.3688866931005286
A247540   ,EcoPro BM Co. Ltd.                                                              ,Electrical Equipment                                 ,246000.0  ,111000.0   ,147500.0           ,-45.19766588479858  ,12.823620051627072 ,-63.78120805706683   ,0.0                 ,-3.524563711560049
7701      ,Shimadzu Corporation                                                            ,Electronic Equipment Instruments and Components      ,4168.0    ,5300.0     ,2200.0             ,14.31661319491429   ,11.78035205507605  ,-7.589441389658045   ,85.71               ,1.215295869595458
BHARTIHEXA,Bharti Hexacom Limited                                                          ,Wireless Telecommunication Services                  ,1559.7    ,2006.0     ,900.0              ,21.060776857667395  ,12.057098261270687 ,-0.793943865530622   ,94.34               ,1.7467533565118196
RVNL      ,Rail Vikas Nigam Limited                                                        ,Construction and Engineering                         ,341.45    ,269.0      ,130.0              ,-21.148027995062353 ,7.778157933020812  ,-34.145086483065924  ,0.0                 ,-2.7188992788745123
9401      ,TBS HoldingsInc.                                                                ,Media                                                ,6038.0    ,5750.0     ,1500.0             ,-1.4632720269092039 ,5.216840513988392  ,-9.187505704673589   ,37.28               ,-0.2804900826440062
NYKAA     ,FSN E-Commerce Ventures Limited                                                 ,Specialty Retail                                     ,237.9     ,262.0      ,175.0              ,3.083798887237885   ,15.419374329124372 ,-24.17542486239308   ,59.84               ,0.19999507252464546
ORI       ,Orica Limited                                                                   ,Chemicals                                            ,26.11     ,26.65      ,10.0               ,-2.033900964207449  ,7.983794068362666  ,-16.47232808180127   ,44.74               ,-0.2547536856276362
9404      ,Nippon Television Holdings Inc.                                                 ,Media                                                ,3691.0    ,4160.0     ,500.0              ,10.715943440027823  ,2.871219507395945  ,5.467912860528567    ,100.0               ,3.7321923358436147
A033780   ,KT&G Corporation                                                                ,Tobacco                                              ,145600.0  ,170000.0   ,40000.0            ,21.23317598319687   ,5.8696330461551405 ,12.850282186188895   ,100.0               ,3.617462252960686
4188      ,Mitsubishi Chemical Group Corporation                                           ,Chemicals                                            ,1004.0    ,910.0      ,510.0              ,-0.3802443247324069 ,10.844461154538918 ,-15.96384381502018   ,44.06               ,-0.035063459522214874
A079550   ,LIG Nex1 Co. Ltd.                                                               ,Aerospace and Defense                                ,525000.0  ,623000.0   ,298000.0           ,14.473979237156787  ,11.824659112359953 ,-6.008162498705832   ,86.66               ,1.2240504440443092
5411      ,JFE Holdings Inc.                                                               ,Metals and Mining                                    ,2093.5    ,2055.0     ,450.0              ,-4.438120162073563  ,4.508019286200338  ,-12.5321008769864    ,17.2                ,-0.9844944931046001
A047810   ,Korea Aerospace Industries Ltd.                                                 ,Aerospace and Defense                                ,168900.0  ,132000.0   ,98000.0            ,-18.11265825736239  ,11.923401213806512 ,-37.060661169571674  ,8.04                ,-1.5190848594769357
REA       ,REA Group Limited                                                               ,Interactive Media and Services                       ,189.0     ,240.0      ,153.0              ,17.537643309507175  ,17.028609310428095 ,-13.234298005820422  ,82.32000000000001   ,1.0298928696876823
NVM       ,Novem Group S.A.                                                                ,Automobile Components                                ,3.06      ,3.5        ,23.1               ,253.58020730049182  ,176.6774101152087  ,23.249881617239474   ,99.81               ,1.435272382219866
DETEC     ,Detection Technology Oyj                                                        ,Electronic Equipment Instruments and Components      ,10.75     ,12.75      ,4.0                ,20.087693949106878  ,7.595869605079495  ,7.754634417323215    ,100.0               ,2.644554869092786
4901      ,FUJIFILM Holdings Corporation                                                   ,Technology Hardware Storage and Peripherals          ,3050.0    ,4300.0     ,1600.0             ,40.89961650087347   ,10.758850992867314 ,22.84590235403807    ,100.0               ,3.801485542274753
A010130   ,Korea Zinc Company Ltd.                                                         ,Metals and Mining                                    ,1959000.0 ,1035000.0  ,960000.0           ,-40.83280487148306  ,10.216401285139355 ,-55.98433576603005   ,0.0                 ,-3.9967894498112493
IOC       ,Indian Oil Corporation Limited                                                  ,Oil Gas and Consumable Fuels                         ,163.09    ,179.0      ,82.0               ,4.496134769519316   ,10.400514802072257 ,-14.072369903799553  ,67.28               ,0.4322992520162061
6758      ,Sony Group Corporation                                                          ,Household Durables                                   ,3432.0    ,5150.0     ,1900.0             ,46.30511184907398   ,11.247054695544447 ,26.633788512990407   ,100.0               ,4.1170878156587865
8058      ,Mitsubishi Corporation                                                          ,Trading Companies and Distributors                   ,4057.0    ,3740.0     ,1519.2600000000002 ,-2.9947143926964435 ,7.787719150197073  ,-14.536714060306798  ,33.2                ,-0.38454319357685884
PRICB     ,Pricer AB (publ)                                                                ,Electronic Equipment Instruments and Components      ,4.01      ,7.725      ,0.5499999999999998 ,92.68699752699864   ,2.818622251303235  ,87.92376021244193    ,100.0               ,32.883795437342954
BMS       ,Braemar Plc                                                                     ,Transportation Infrastructure                        ,2.12      ,2.9        ,2.09               ,55.878230087470506  ,21.316556616299252 ,25.891869503037647   ,100.0               ,2.6213534903073605
2802      ,Ajinomoto Co. Inc.                                                              ,Food Products                                        ,3468.0    ,4300.0     ,1500.0             ,23.07546953895008   ,8.75464300027226   ,8.189025247323727    ,100.0               ,2.6357978889867306
9432      ,NTT Inc.                                                                        ,Diversified Telecommunication Services               ,153.3     ,177.5      ,65.0               ,17.864343503228383  ,8.599097892395887  ,3.9667930036328873   ,99.31               ,2.0774671630410997
7269      ,Suzuki Motor Corporation                                                        ,Automobiles                                          ,2088.5    ,2800.0     ,1150.0             ,27.006318701642183  ,11.41962033322084  ,6.12409085001799     ,99.22               ,2.364905129383159
RUG       ,RugVista Group AB (publ)                                                        ,Specialty Retail                                     ,64.0      ,88.0       ,6.0                ,37.48831463619078   ,1.9158367560062075 ,34.3058446528293     ,100.0               ,19.56759338636956
6723      ,Renesas Electronics Corporation                                                 ,Semiconductors and Semiconductor Equipment           ,2624.5    ,2500.0     ,1350.0             ,-1.6495664582066485 ,10.54469446954316  ,-18.269884963539347  ,41.69               ,-0.1564356808033827
NSKOG     ,Norske Skog ASA                                                                 ,Paper and Forest Products                            ,19.4      ,27.5       ,5.0                ,41.79099335282409   ,5.2168426734726445 ,33.093414638191824   ,100.0               ,8.010782760486332
532454    ,Bharti Airtel Limited                                                           ,Wireless Telecommunication Services                  ,1968.15   ,2335.0     ,1010.0             ,16.06451948953603   ,10.56065955423482  ,-2.4626994795027404  ,91.94               ,1.5211663066152117
5401      ,Nippon Steel Corporation                                                        ,Metals and Mining                                    ,647.2     ,680.0      ,380.0              ,4.12886258888743    ,12.076236351434956 ,-16.475521755857525  ,63.42               ,0.3418997830724652
MTEC      ,Made Tech Group Plc                                                             ,IT Services                                          ,0.38      ,0.49       ,0.21999999999999997,28.955687027200266  ,11.853290370168704 ,9.353556801789704    ,100.0               ,2.4428395933059512
NNIT      ,NNIT A/S                                                                        ,Health Care Technology                               ,45.05     ,62.5       ,15.0               ,38.67280748638369   ,6.815252981563181  ,27.35947889373956    ,100.0               ,5.674449296453482
HDC       ,Hudaco Industries Limited                                                       ,Trading Companies and Distributors                   ,209.99    ,221.2      ,13.599999999999994 ,5.351205216944023   ,1.3278810975156725 ,3.1105661107877274   ,100.0               ,4.029882816281948
6002      ,Herfy Food Services Company                                                     ,Hotels Restaurants and Leisure                       ,15.9      ,19.0       ,10.0               ,27.67229254586124   ,13.084694552231632 ,8.526634499617055    ,100.0               ,2.1148596503646813
GOOS      ,Canada Goose Holdings Inc.                                                      ,Textiles Apparel and Luxury Goods                    ,16.68     ,22.0       ,16.0               ,23.844137316609594  ,19.8554778681443   ,-11.241985111925135  ,86.42               ,1.2008845858534896
RAMP      ,LiveRamp Holdings Inc.                                                          ,Software                                             ,24.19     ,40.0       ,25.0               ,66.73044453959335   ,20.880885183540762 ,32.09303993148941    ,100.0               ,3.1957670354029455
THR       ,Thermon Group Holdings Inc.                                                     ,Electrical Equipment                                 ,45.58     ,37.0       ,2.0                ,-18.831275693879416 ,0.9092817445504157 ,-20.334131714139144  ,0.0                 ,-20.710055828944782
SHEL      ,Shell plc                                                                       ,Oil Gas and Consumable Fuels                         ,27.975    ,29.811     ,12.351400000000002 ,13.757686404912805  ,9.236128239602646  ,0.4727017658149398   ,95.84               ,1.4895512543797989
IRMD      ,IRADIMED CORPORATION                                                            ,Health Care Equipment and Supplies                   ,99.18     ,99.0       ,2.0                ,-0.17885435862842455,0.4147534390877207 ,-0.8760853258575038  ,34.01               ,-0.43123056199805665
AMSC      ,American Superconductor Corporation                                             ,Electrical Equipment                                 ,31.45     ,60.0       ,13.0               ,94.015592086629     ,8.645916518370125  ,80.56160977305971    ,100.0               ,10.87398795568665
HP        ,Helmerich & Payne Inc.                                                          ,Energy Equipment and Services                        ,33.7      ,34.0       ,14.0               ,-9.025807324662656  ,9.188353712733301  ,-26.238459687105475  ,18.38               ,-0.9823095199474758
HUBG      ,Hub Group Inc.                                                                  ,Air Freight and Logistics                            ,48.29     ,48.0       ,18.0               ,-3.2226580599765855 ,7.638368191366587  ,-16.761604209494838  ,36.449999999999996  ,-0.42190399562292075
GOLD      ,Gold.com Inc.                                                                   ,Distributors                                         ,53.53     ,56.5       ,33.0               ,-6.799950490832873  ,13.246517161569258 ,-31.44660999159464   ,36.79               ,-0.5133387446596802
PTON      ,Peloton Interactive Inc.                                                        ,Leisure Products                                     ,5.73      ,9.8        ,14.0               ,108.24598630115592  ,51.67874489359415  ,33.206777245469674   ,100.0               ,2.094593948131538
ADPT      ,Adaptive Biotechnologies Corporation                                            ,Life Sciences Tools and Services                     ,18.37     ,20.0       ,3.0                ,7.080779680382631   ,3.3832300387778544 ,0.9030933069554583   ,97.89999999999999   ,2.0929051820964752
SYNA      ,Synaptics Incorporated                                                          ,Semiconductors and Semiconductor Equipment           ,85.89     ,94.0       ,41.0               ,2.843257772158832   ,9.994177165469305  ,-15.274529676738341  ,63.29               ,0.2844914318692007
LION      ,Lionsgate Studios Corp.                                                         ,Entertainment                                        ,9.49      ,10.0       ,4.0                ,5.35716666542261    ,8.645685188257579  ,-8.982711473294609   ,71.74000000000001   ,0.6196347135908467
HAE       ,Haemonetics Corporation                                                         ,Health Care Equipment and Supplies                   ,65.96     ,90.0       ,34.0               ,37.457566944250345  ,10.554073668462426 ,20.13258180527937    ,100.0               ,3.5491098623065955
MDU       ,MDU Resources Group Inc.                                                        ,Gas Utilities                                        ,20.53     ,21.5       ,3.0                ,4.670760755966815   ,2.9333932476591604 ,-0.3196304347844218  ,93.57               ,1.592272280470431
COTY      ,Coty Inc.                                                                       ,Personal Care Products                               ,3.11      ,3.9        ,7.0                ,81.26819085262208   ,50.40989145738644  ,14.336325265642413   ,99.77000000000001   ,1.6121477056010214
NTCT      ,NetScout Systems Inc.                                                           ,Communications Equipment                             ,27.6      ,29.0       ,7.73               ,10.132523060230879  ,5.998876892140892  ,1.6909965401110123   ,99.11999999999999   ,1.6890700113391997
GPRE      ,Green Plains Inc.                                                               ,Oil Gas and Consumable Fuels                         ,12.09     ,12.0       ,8.0                ,-6.405826579629967  ,13.670523147077704 ,-30.65268608766195   ,34.68               ,-0.4685867915010492
POWI      ,Power Integrations Inc.                                                         ,Semiconductors and Semiconductor Equipment           ,47.12     ,53.0       ,11.0               ,8.98957670101313    ,4.8805152524954964 ,-0.016236119767058816,94.92               ,1.8419318936492608
NSIT      ,Insight Enterprises Inc.                                                        ,Electronic Equipment Instruments and Components      ,82.46     ,110.0      ,85.0               ,51.33463193754773   ,21.863168810758214 ,20.149540855871106   ,100.0               ,2.347995955292971
ATR       ,AptarGroup Inc.                                                                 ,Containers and Packaging                             ,123.85    ,150.0      ,87.0               ,35.518148491882826  ,15.2528691987298   ,14.405072500218315   ,100.0               ,2.3286208010516893
BILL      ,BILL Holdings Inc.                                                              ,Software                                             ,43.39     ,60.0       ,41.0               ,43.80846694740202   ,19.27669320226819  ,12.745494420467853   ,99.96000000000001   ,2.2726131752850276
IDCC      ,InterDigital Inc.                                                               ,Software                                             ,330.93    ,475.0      ,63.0               ,39.81293912029073   ,4.11713797757132   ,32.235037216815584   ,100.0               ,9.670052190909615
MOH       ,Molina Healthcare Inc.                                                          ,Health Care Providers and Services                   ,184.93    ,172.5      ,165.0              ,13.582317963601975  ,19.545104785943348 ,-13.15249604447002   ,69.67               ,0.6949217265578564
EHC       ,Encompass Health Corporation                                                    ,Health Care Providers and Services                   ,94.58     ,140.0      ,35.0               ,49.67723161313347   ,7.573066548857774  ,37.42194125729632    ,100.0               ,6.559724689152
PCTY      ,Paylocity Holding Corporation                                                   ,Professional Services                                ,132.15    ,180.0      ,108.0              ,44.32120403101024   ,16.77201348269938  ,18.419233011090757   ,100.0               ,2.642569067615425
FLS       ,Flowserve Corporation                                                           ,Machinery                                            ,78.64     ,81.5       ,16.0               ,4.051829014624582   ,4.1599945333731485 ,-2.7425011602062055  ,82.1                ,0.9739986392095424
DOCS      ,Doximity Inc.                                                                   ,Health Care Technology                               ,38.63     ,62.0       ,37.0               ,63.22429370117384   ,19.576687539914193 ,31.03836104941533    ,100.0               ,3.229570557954104
ITT       ,ITT Inc.                                                                        ,Machinery                                            ,184.73    ,215.0      ,103.0              ,12.336185125121492  ,11.520448543154515 ,-7.796677866841597   ,83.38               ,1.0708077102129578
RBC       ,RBC Bearings Incorporated                                                       ,Machinery                                            ,511.98    ,517.5      ,65.0               ,1.1116722422407253  ,2.58550128589494   ,-3.2309102011301354  ,66.22               ,0.4299639100182978
ARWR      ,Arrowhead Pharmaceuticals Inc.                                                  ,Biotechnology                                        ,69.12     ,82.5       ,75.0               ,9.474160546760876   ,22.334526267198125 ,-30.337259479390053  ,67.25999999999999   ,0.42419348561134324
NWSA      ,News Corporation                                                                ,Media                                                ,26.77     ,38.0       ,14.2               ,36.637831166698135  ,11.023325642849603 ,17.015339164237407   ,100.0               ,3.3236640514619697
WMG       ,Warner Music Group Corp.                                                        ,Entertainment                                        ,29.87     ,37.5       ,16.0               ,26.456465951156865  ,10.944402568672196 ,8.50722989547828     ,100.0               ,2.417351315903453
ROAD      ,Construction Partners Inc.                                                      ,Construction and Engineering                         ,112.78    ,124.0      ,35.0               ,14.999126294549537  ,6.546664110768501  ,5.546713751465911    ,100.0               ,2.2911097989398477
SAP       ,Saputo Inc.                                                                     ,Food Products                                        ,41.44     ,42.0       ,22.5               ,-5.236804618325681  ,11.293431229749713 ,-25.521385954749746  ,36.83               ,-0.4637035912106705
G         ,Genpact Limited                                                                 ,Professional Services                                ,44.61     ,51.0       ,15.0               ,13.55721086578297   ,6.848457784730333  ,2.1132315394143286   ,98.17               ,1.9796005599991886
POST      ,Post Holdings Inc.                                                              ,Food Products                                        ,98.78     ,122.5      ,42.0               ,28.301223131532478  ,8.807458692980136  ,14.638968950081257   ,100.0               ,3.213324537541071
WMS       ,Advanced Drainage Systems Inc.                                                  ,Building Products                                    ,153.22    ,178.0      ,42.0               ,15.325845977359434  ,5.634282386751614  ,5.590109137853381    ,100.0               ,2.720106115624671
ARX       ,ARC Resources Ltd.                                                              ,Oil Gas and Consumable Fuels                         ,25.3      ,30.0       ,8.0                ,21.126737722928247  ,6.553251404686461  ,10.940244876596891   ,100.0               ,3.2238558264100434
MMS       ,Maximus Inc.                                                                    ,Professional Services                                ,94.17     ,110.0      ,30.0               ,16.800436712955477  ,6.52077564530544   ,5.95448506149941     ,100.0               ,2.576447592557607
FBIN      ,Fortune Brands Innovations Inc.                                                 ,Building Products                                    ,55.0      ,61.5       ,30.0               ,14.850458457684223  ,11.131205775906121 ,-2.7826674253138095  ,90.55               ,1.3341284634076707
EXPO      ,Exponent Inc.                                                                   ,Professional Services                                ,71.49     ,90.0       ,19.0               ,26.348534804502478  ,5.4404190148111224 ,17.441050353905407   ,100.0               ,4.843107623286114
BYD       ,Boyd Gaming Corporation                                                         ,Hotels Restaurants and Leisure                       ,84.18     ,92.0       ,25.0               ,13.592343266290225  ,6.184197338751995  ,4.590984353344372    ,100.0               ,2.1979155129990136
VKTX      ,Viking Therapeutics Inc.                                                        ,Biotechnology                                        ,30.24     ,100.5      ,89.0               ,188.73343421631697  ,61.96798146212042  ,76.60620997173422    ,100.0               ,3.04566051311007
OTEX      ,Open Text Corporation                                                           ,Software                                             ,26.38     ,38.0       ,17.0               ,53.005432494382724  ,13.487949917073138 ,33.283719705305806   ,100.0               ,3.929836099649813
GEN       ,Gen Digital Inc.                                                                ,Software                                             ,23.9      ,32.5       ,21.0               ,44.33790033050676   ,17.98588701748478  ,16.56553506518267    ,100.0               ,2.465149496791799
SIRI      ,Sirius XM Holdings Inc.                                                         ,Media                                                ,20.06     ,23.5       ,12.0               ,18.84158115505546   ,12.30831377653721  ,-1.2176880308711457  ,93.61               ,1.5308011720478176
AGCO      ,AGCO Corporation                                                                ,Machinery                                            ,114.33    ,117.5      ,52.0               ,3.50079326582513    ,9.24757649953398   ,-11.640351368272762  ,63.9                ,0.3785633204549914
ABG       ,Asbury Automotive Group Inc.                                                    ,Specialty Retail                                     ,237.2     ,250.0      ,67.0               ,9.247732618414192   ,5.953256826170855  ,0.4226591328910799   ,96.07               ,1.5533905034569706
SCSC      ,ScanSource Inc.                                                                 ,Electronic Equipment Instruments and Components      ,42.56     ,50.0       ,23.0               ,24.5932530695099    ,11.246543061775549 ,7.876324348583221    ,100.0               ,2.1867388880674623
ESE       ,ESCO Technologies Inc.                                                          ,Machinery                                            ,229.96    ,255.0      ,40.0               ,10.901300138725917  ,3.568326367705386  ,4.9732304191401004   ,100.0               ,3.05501767926458
HII       ,Huntington Ingalls Industries Inc.                                              ,Aerospace and Defense                                ,427.83    ,388.0      ,158.0              ,-11.965335205184502 ,7.5501027139051144 ,-25.1289255857212    ,4.68                ,-1.5847910496830462
PATK      ,Patrick Industries Inc.                                                         ,Automobile Components                                ,129.52    ,115.0      ,45.0               ,-9.958970719002172  ,7.120021773604223  ,-21.534971915634554  ,9.94                ,-1.398727565121033
QLYS      ,Qualys Inc.                                                                     ,Software                                             ,132.12    ,140.0      ,53.0               ,7.770121929665419   ,8.178492609755901  ,-5.6702618276812     ,81.67               ,0.9500677325790637
PI        ,Impinj Inc.                                                                     ,Semiconductors and Semiconductor Equipment           ,147.8     ,246.0      ,83.0               ,59.650453927284225  ,11.768004919093928 ,38.62166040593851    ,100.0               ,5.068867181598441
BTU       ,Peabody Energy Corporation                                                      ,Oil Gas and Consumable Fuels                         ,36.13     ,35.9       ,12.0               ,3.262582043931315   ,6.946513303332738  ,-7.322448446847941   ,63.73               ,0.46967189170515544
VOLCARB   ,Volvo Car AB (publ.)                                                            ,Automobiles                                          ,29.26     ,29.0       ,18.0               ,-3.1068709378709225 ,12.69100711479825  ,-24.936210729809083  ,41.97               ,-0.24480885636319435
NCCB      ,NCC AB (publ)                                                                   ,Construction and Engineering                         ,229.8     ,215.0      ,55.0               ,-4.230909453150731  ,4.974860202926443  ,-11.983893426670422  ,21.58               ,-0.8504579587305616
ADDTB     ,Addtech AB (publ.)                                                              ,Trading Companies and Distributors                   ,294.8     ,381.0      ,70.0               ,25.556901768780676  ,5.0281852528308235 ,16.384719759992525   ,100.0               ,5.082728754751502
RAA       ,RATIONAL Aktiengesellschaft                                                     ,Machinery                                            ,663.0     ,782.5      ,470.0              ,21.141973158974046  ,14.478107307959569 ,-2.239752801256929   ,92.58               ,1.4602718925388067
VEND      ,Vend Marketplaces ASA                                                           ,Interactive Media and Services                       ,265.6     ,335.0      ,167.0              ,30.058071449272962  ,12.929840809496213 ,9.798698990925399    ,100.0               ,2.3247054540066
KCR       ,Konecranes Plc                                                                  ,Machinery                                            ,99.9      ,104.5      ,15.0               ,4.005032169953648   ,3.0736654281523292 ,-1.3489572542111585  ,88.51               ,1.3030150039333301
MYCR      ,Mycronic AB (publ)                                                              ,Electronic Equipment Instruments and Components      ,207.15    ,240.0      ,94.0               ,5.603050773675652   ,9.903221348488277  ,-12.864251026615289  ,71.26               ,0.565780625970857
PNDORA    ,Pandora A/S                                                                     ,Textiles Apparel and Luxury Goods                    ,485.0     ,625.0      ,870.0              ,61.8761308188532    ,38.29936849629824  ,7.781388031900578    ,98.28               ,1.6155914117705028
NOLAB     ,Nolato AB (publ)                                                                ,Industrial Conglomerates                             ,58.6      ,68.0       ,4.0                ,16.058990750132104  ,1.3866311457917873 ,13.701031001893874   ,100.0               ,11.581299611557606
BETSB     ,Betsson AB (publ)                                                               ,Hotels Restaurants and Leisure                       ,105.4     ,152.5      ,65.0               ,44.61469144065327   ,12.606248620294418 ,23.32612371069754    ,100.0               ,3.539093411883804
SHL       ,Siemens Healthineers AG                                                         ,Health Care Equipment and Supplies                   ,42.05     ,56.0       ,20.0               ,31.578612969662988  ,9.741409160938153  ,14.771212008338589   ,100.0               ,3.241688389015557
AAK       ,AAK AB (publ.)                                                                  ,Food Products                                        ,246.4     ,310.0      ,140.0              ,25.8960014228002    ,11.607300976312608 ,6.538251591289001    ,99.67               ,2.2310097304831675
EVO       ,Evolution AB (publ)                                                             ,Hotels Restaurants and Leisure                       ,585.0     ,660.0086   ,571.8135           ,26.41138548739192   ,20.563209351089938 ,-4.228252663456298   ,90.63               ,1.2843999706685865
SOBI      ,Swedish Orphan Biovitrum AB (publ)                                              ,Biotechnology                                        ,336.2     ,377.5      ,131.0              ,11.468684884720625  ,7.983081331928336  ,-2.0227640825086257  ,90.86999999999999   ,1.436623830807237
DNO       ,DNO ASA                                                                         ,Oil Gas and Consumable Fuels                         ,16.31     ,17.5       ,7.699999999999999  ,1.808904337933239   ,9.859086013190122  ,-15.99072269674695   ,60.06               ,0.18347586536045735
AFRY      ,Afry AB                                                                         ,Professional Services                                ,142.6     ,210.0      ,70.0               ,40.19947329681715   ,10.277831415554447 ,21.354999456313063   ,100.0               ,3.911279692326862
ASSAB     ,ASSA ABLOY AB (publ)                                                            ,Building Products                                    ,360.2     ,387.5      ,135.0              ,3.834466912649201   ,7.714258747976594  ,-9.882838129949327   ,69.37               ,0.4970622632608687
MT        ,ArcelorMittal S.A.                                                              ,Metals and Mining                                    ,45.74     ,43.8249    ,19.7158            ,-3.75446565315115   ,8.860500584754687  ,-18.5430890486371    ,34.29               ,-0.42373064786103126
SAABB     ,Saab AB (publ)                                                                  ,Aerospace and Defense                                ,698.3     ,500.0      ,400.0              ,-27.362472176546696 ,11.712271362910073 ,-46.80046485381378   ,0.15                ,-2.336222524966167
ENEL      ,Enel SpA                                                                        ,Electric Utilities                                   ,9.25      ,9.5        ,3.3                ,1.6206862077329165  ,7.268871738783612  ,-11.067793722280813  ,60.029999999999994  ,0.22296255402136528
MAERSKB   ,A.P. Møller - Mærsk A/S                                                         ,Marine Transportation                                ,15640.0   ,11283.2091 ,9210.177199999998  ,-23.247848550119706 ,12.166986161041777 ,-42.15692759509272   ,3.39                ,-1.9107318971528402
BUFAB     ,Bufab AB (publ)                                                                 ,Trading Companies and Distributors                   ,98.99     ,117.5      ,11.0               ,18.689953164989372  ,2.248352693347821  ,14.953966827465493   ,100.0               ,8.312731903801016
NDA       ,Aurubis AG                                                                      ,Metals and Mining                                    ,164.0     ,130.0      ,84.0               ,-24.888445780749628 ,10.694489235905479 ,-43.76973524322686   ,0.0                 ,-2.327221546699923
NESTE     ,Neste Oyj                                                                       ,Oil Gas and Consumable Fuels                         ,21.38     ,21.0       ,13.9               ,-7.9091792849107225 ,13.39579128514092  ,-31.897885651288     ,30.759999999999998  ,-0.5904227019186139
ENR       ,Energizer Holdings Inc.                                                         ,Household Products                                   ,21.5      ,22.0       ,11.0               ,10.01851663533851   ,10.755384901368844 ,-5.5801548630522015  ,81.13               ,0.9314884336741355
RCO       ,Rémy Cointreau SA                                                               ,Beverages                                            ,39.5      ,43.0       ,34.3               ,19.163486247672605  ,18.147999886550895 ,-8.052962524017792   ,85.04               ,1.0559558280510166
KESKOB    ,Kesko Oyj                                                                       ,Consumer Staples Distribution and Retail             ,21.24     ,21.5       ,4.5                ,-2.7126792281515058 ,4.5090331508531785 ,-10.92891882771071   ,32.79               ,-0.6016099543730844
LOG       ,Logista Integral S.A.                                                           ,Air Freight and Logistics                            ,30.5      ,32.1       ,9.0                ,1.7443229687288013  ,6.12854552713723   ,-9.176563381823243   ,62.82               ,0.28462266634145583
GN        ,GN Store Nord A/S                                                               ,Household Durables                                   ,108.2     ,140.0      ,167.0              ,48.386357181191585  ,31.984845111116943 ,1.0735129133443968   ,95.55               ,1.5127901045978174
SPB       ,Spectrum Brands Holdings Inc.                                                   ,Household Products                                   ,63.81     ,75.0       ,33.0               ,21.002238202744785  ,10.637741515678654 ,4.163524954965437    ,99.03               ,1.9743136427774828
VWS       ,Vestas Wind Systems A/S                                                         ,Electrical Equipment                                 ,187.9     ,187.8405   ,160.2033           ,-9.726685138213263  ,17.692781618461517 ,-41.28270512315247   ,32.58               ,-0.5497544336422466
LSPD      ,Lightspeed Commerce Inc.                                                        ,Software                                             ,14.94     ,19.0278    ,16.369799999999998 ,39.01730278046345   ,22.632108386189145 ,4.386024439126359    ,97.61999999999999   ,1.7239800249575108
7731      ,Nikon Corporation                                                               ,Household Durables                                   ,1915.0    ,1665.0     ,1000.0             ,-15.379748892719334 ,10.74196933438409  ,-34.21892368237289   ,7.969999999999999   ,-1.4317438836368788
6370      ,Kurita Water Industries Ltd.                                                    ,Machinery                                            ,7615.0    ,7700.0     ,2500.0             ,-2.8015484961288877 ,6.826345635765656  ,-15.092801400484388  ,38.61               ,-0.4104023800744248
PAGEIND   ,Page Industries Limited                                                         ,Textiles Apparel and Luxury Goods                    ,33015.0   ,42576.5    ,17001.0            ,28.2149799778771    ,10.494638655847544 ,10.29165475221816    ,100.0               ,2.688513716682937
EXCL      ,PT XLSMART Telecom Sejahtera Tbk                                                ,Wireless Telecommunication Services                  ,3250.0    ,3200.0     ,2900.0             ,-4.5899682830019755 ,18.41258751025341  ,-36.46124364959004   ,41.870000000000005  ,-0.24928426167402934
A267270   ,HD Construction Equipment Co. Ltd.                                              ,Machinery                                            ,110000.0  ,130000.0   ,27000.0            ,22.151666713409384  ,5.19537336415469   ,14.596158446249653   ,100.0               ,4.26372950715036
A082740   ,Hanwha Engine Co. Ltd.                                                          ,Machinery                                            ,56600.0   ,60000.0    ,18000.0            ,9.477906093943007   ,6.623449643263913  ,-0.5964975327160268  ,93.33               ,1.4309622031447151
ANTHEM    ,Anthem Biosciences Limited                                                      ,Life Sciences Tools and Services                     ,592.85    ,760.0      ,58.0               ,29.202331476015214  ,2.046594364518383  ,26.060262269113142   ,100.0               ,14.268744203684586
523457    ,Linde India Limited                                                             ,Chemicals                                            ,5855.8    ,6782.5     ,2853.0             ,16.077047868628206  ,9.963552018774894  ,-0.6535404656412942  ,94.03               ,1.6135859820205987
4042      ,Tosoh Corporation                                                               ,Chemicals                                            ,2522.5    ,2500.0     ,1200.0             ,4.477640027752261   ,9.880202082893424  ,-10.759418127869965  ,63.519999999999996  ,0.4531931624662662
A009830   ,Hanwha Solutions Corporation                                                    ,Chemicals                                            ,28850.0   ,32000.0    ,21000.0            ,0.27422155031346596 ,15.292333571799558 ,-27.30531935642649   ,54.84               ,0.017931962380101047
4816      ,Toei Animation Co.Ltd.                                                          ,Entertainment                                        ,2594.0    ,3700.0     ,1000.0             ,45.24633407069886   ,7.851975273033521  ,32.85229911487976    ,100.0               ,5.762414233026291
ASTRAL    ,Astral Limited                                                                  ,Building Products                                    ,1460.8    ,1672.0     ,488.0              ,13.722917014855053  ,6.810287960127059  ,2.166401000007746    ,98.19               ,2.0150274254481046
6965      ,Hamamatsu Photonics K.K.                                                        ,Electronic Equipment Instruments and Components      ,1679.5    ,1800.0     ,1700.0             ,20.64804303246982   ,21.12236673332004  ,-10.53416275790174   ,82.27               ,0.977544007883265
4183      ,Mitsui Chemicals Inc.                                                           ,Chemicals                                            ,2241.0    ,2400.0     ,1250.0             ,-0.9172011412737258 ,11.70939599061772  ,-22.200270664311493  ,52.16               ,-0.07833035470050233
6417      ,Sankyo Co. Ltd.                                                                 ,Leisure Products                                     ,2405.5    ,2735.0     ,1300.0             ,8.586158456725668   ,11.199155825871138 ,-11.251038197748553  ,76.58               ,0.7666790774435701
7752      ,Ricoh Company Ltd.                                                              ,Technology Hardware Storage and Peripherals          ,1345.0    ,1400.0     ,700.0              ,6.703881163238402   ,10.638308329107362 ,-10.300378297875115  ,71.91               ,0.6301642099332639
6645      ,OMRON Corporation                                                               ,Electronic Equipment Instruments and Components      ,3875.0    ,4500.0     ,2000.0             ,25.004215081937424  ,11.112983349819627 ,9.03825428238464     ,100.0               ,2.2500002289973073
3110      ,Nitto Boseki Co. Ltd.                                                           ,Building Products                                    ,14820.0   ,15250.0    ,7160.0             ,-0.8533571994423912 ,9.901468475210303  ,-18.185087272524203  ,49.69               ,-0.08618491303374738
7211      ,Mitsubishi Motors Corporation                                                   ,Automobiles                                          ,363.3     ,400.0      ,200.0              ,19.097963626647868  ,11.548321455089614 ,2.383860166652373    ,98.18               ,1.6537436804922807
7240      ,NOK Corporation                                                                 ,Automobile Components                                ,2971.0    ,2580.0     ,900.0              ,-7.010474955862633  ,6.5646394457552155 ,-16.116346211378467  ,17.18               ,-1.067914698711397
4536      ,Santen Pharmaceutical Co. Ltd.                                                  ,Pharmaceuticals                                      ,1722.5    ,2100.0     ,900.0              ,23.79443051120739   ,10.680829992928455 ,6.396945258060695    ,99.81               ,2.2277698013133027
A062040   ,Sanil Electric Co. Ltd.                                                         ,Electrical Equipment                                 ,147100.0  ,178000.0   ,75000.0            ,20.740228480294984  ,10.367769273039562 ,3.3301223968205877   ,98.5                ,2.0004523571167865
ARL       ,Astral Foods Limited                                                            ,Food Products                                        ,273.54    ,265.0      ,50.0               ,-3.139599566458757  ,3.688772733023997  ,-9.350228192794074   ,21.099999999999998  ,-0.8511230682094538
ADNOCGAS  ,ADNOC Gas PLC                                                                   ,Oil Gas and Consumable Fuels                         ,3.58      ,4.0992     ,1.0983000000000005 ,21.068143460354307  ,6.742857483027195  ,11.78822645031771    ,100.0               ,3.124512643695355
7988      ,Nifco Inc.                                                                      ,Automobile Components                                ,4773.0    ,5400.0     ,1550.0             ,5.734255906602525   ,7.113493491583082  ,-7.424477154256433   ,77.2                ,0.8061096721867369
AGRO3     ,BrasilAgro - Companhia Brasileira de Propriedades Agrícolas                     ,Food Products                                        ,21.43     ,24.0       ,9.0                ,19.719037041616946  ,8.965475396919802  ,7.175519619103753    ,100.0               ,2.199441320020984
9684      ,Square Enix Holdings Co. Ltd.                                                   ,Entertainment                                        ,2661.5    ,2650.0     ,1803.0             ,5.253870146054591   ,13.991398932968824 ,-16.368605608253393  ,61.31999999999999   ,0.37550713629318094
CENCOSUD  ,Cencosud S.A.                                                                   ,Consumer Staples Distribution and Retail             ,2995.0    ,3275.0     ,1500.0             ,4.20495477147723    ,10.264931749327742 ,-13.943472485064941  ,66.78               ,0.4096427403672329
WERN      ,Werner Enterprises Inc.                                                         ,Ground Transportation                                ,34.64     ,32.0       ,14.0               ,-7.594915904560998  ,8.263022520823583  ,-21.546836781504958  ,19.57               ,-0.9191450084301604
ILMN      ,Illumina Inc.                                                                   ,Life Sciences Tools and Services                     ,149.69    ,135.0      ,115.0              ,-9.037964509578872  ,15.64716921545913  ,-35.074039011578904  ,29.01               ,-0.5776101980573918
COUR      ,Coursera Inc.                                                                   ,Diversified Consumer Services                        ,6.13      ,11.0       ,6.0                ,90.18447696094486   ,20.273627341171025 ,59.76908037308296    ,100.0               ,4.448364145364414
CI        ,The Cigna Group                                                                 ,Health Care Providers and Services                   ,271.27    ,325.0      ,108.0              ,19.682328770654962  ,8.038764156141763  ,6.196459653921602    ,99.98               ,2.44842719457285
OMCL      ,Omnicell Inc.                                                                   ,Health Care Equipment and Supplies                   ,49.09     ,53.0       ,13.0               ,12.773434326197068  ,5.690938987708931  ,4.76804728505546     ,100.0               ,2.24452139687047
VRSN      ,VeriSign Inc.                                                                   ,IT Services                                          ,244.21    ,288.0      ,87.0               ,19.31064355615566   ,7.279968802461845  ,7.453947649628887    ,100.0               ,2.6525722953133317
CMS       ,CMS Energy Corporation                                                          ,Multi-Utilities                                      ,70.9      ,77.0       ,21.0               ,8.103731297260092   ,6.045582736097616  ,-2.20402126500994    ,89.67               ,1.3404384078433764
MTD       ,Mettler-Toledo International Inc.                                               ,Life Sciences Tools and Services                     ,1392.8    ,1500.0     ,500.0              ,5.320730267645903   ,7.329147398456918  ,-7.4902015430118825  ,75.76               ,0.7259685169882286
TEAM      ,Atlassian Corporation                                                           ,Software                                             ,120.38    ,222.5      ,335.0              ,135.61760453188242  ,60.235911388904746 ,50.00103748371349    ,100.0               ,2.251441065717198
NVST      ,Envista Holdings Corporation                                                    ,Health Care Equipment and Supplies                   ,23.39     ,24.0       ,10.0               ,-0.27109647520419156,8.752361409621427  ,-15.792453094323603  ,51.29               ,-0.030974095163183796
WEC       ,WEC Energy Group Inc.                                                           ,Multi-Utilities                                      ,110.41    ,117.0      ,34.0               ,9.646642581118078   ,6.441616581932724  ,-0.005415112018369762,94.96               ,1.4975499485912784
RDDT      ,Reddit Inc.                                                                     ,Interactive Media and Services                       ,190.05    ,250.0      ,190.0              ,24.580563745694306  ,20.342746904700604 ,-11.364483787092992  ,86.45               ,1.2083207769750341
RL        ,Ralph Lauren Corporation                                                        ,Textiles Apparel and Luxury Goods                    ,355.09    ,401.5      ,274.0              ,1.247289198697903   ,16.287390907075185 ,-28.64430241234249   ,56.56               ,0.07658004930403463
BE        ,Bloom Energy Corporation                                                        ,Electrical Equipment                                 ,156.51    ,139.5      ,168.0              ,-17.793694352744282 ,22.070450670512038 ,-56.81161052939961   ,22.68               ,-0.8062225198019242
COP       ,ConocoPhillips                                                                  ,Oil Gas and Consumable Fuels                         ,102.8     ,115.0      ,34.0               ,11.956232491339087  ,6.7916987860097615 ,0.5671321419846757   ,96.02000000000001   ,1.7604185444689864
HSY       ,The Hershey Company                                                             ,Food Products                                        ,190.54    ,200.0      ,96.0               ,-0.149774917909553  ,10.352946345337164 ,-18.78855313967656   ,53.449999999999996  ,-0.014466888257081494
IQV       ,IQVIA Holdings Inc.                                                             ,Life Sciences Tools and Services                     ,235.62    ,262.5      ,60.0               ,10.698178197657313  ,5.188956329446844  ,1.83377377254571     ,98.4                ,2.06172060785059
EL        ,The Estée Lauder Companies Inc.                                                 ,Personal Care Products                               ,115.21    ,111.5      ,66.0               ,-11.043181513323518 ,12.028214653643204 ,-32.82231537599111   ,19.43               ,-0.9181064548077938
MCHP      ,Microchip Technology Incorporated                                               ,Semiconductors and Semiconductor Equipment           ,79.36     ,85.0       ,35.0               ,0.8102893056370367  ,9.308752344680554  ,-16.204332572801828  ,57.56               ,0.08704596229805953
SSNC      ,SS&C Technologies Holdings Inc.                                                 ,Professional Services                                ,82.88     ,104.0      ,22.0               ,22.942324719897915  ,5.539358095207259  ,13.270029012855995   ,100.0               ,4.141693735190722
ABX       ,Barrick Mining Corporation                                                      ,Metals and Mining                                    ,70.19     ,75.738     ,50.568             ,-1.1950099719714316 ,15.057510736808188 ,-28.528437152528475  ,51.03               ,-0.0793630496341086
XEL       ,Xcel Energy Inc.                                                                ,Electric Utilities                                   ,75.97     ,87.0       ,31.0               ,8.808648103531343   ,8.620359194277617  ,-6.791925708130494   ,82.11               ,1.0218423507663945
MSTR      ,Strategy Inc                                                                    ,Software                                             ,143.19    ,474.0      ,492.0              ,224.93941619775336  ,70.06866588813098  ,106.20259532079027   ,100.0               ,3.210271143978726
ROK       ,Rockwell Automation Inc.                                                        ,Electrical Equipment                                 ,426.73    ,425.0      ,259.0              ,-10.545601325814019 ,12.880642855193772 ,-34.10607161579362   ,23.97               ,-0.8187170038304252
MTSI      ,MACOM Technology Solutions Holdings Inc.                                        ,Semiconductors and Semiconductor Equipment           ,227.73    ,200.0      ,105.0              ,-8.599379633880146  ,9.468363179155192  ,-23.47040593053165   ,19.830000000000002  ,-0.908222410903277
IREN      ,IREN Limited                                                                    ,Software                                             ,59.84     ,80.0       ,97.0               ,42.53777435928543   ,33.28351148138323  ,-11.193145179416675  ,89.52               ,1.2780434655483532
TATE      ,Tate & Lyle plc                                                                 ,Food Products                                        ,3.768     ,4.875      ,3.26               ,42.51441348433756   ,18.18031686955739  ,16.03252599812917    ,100.0               ,2.338485835498674
CARR      ,Carrier Global Corporation                                                      ,Building Products                                    ,59.79     ,69.0       ,35.0               ,19.33306134721306   ,12.0396069720135   ,0.28005640185191705  ,95.39               ,1.6057884108803102
CAH       ,Cardinal Health Inc.                                                            ,Health Care Providers and Services                   ,211.23    ,240.0      ,103.0              ,6.697054289543535   ,10.183368402405291 ,-11.70694225607786   ,73.68               ,0.6576462742879561
TRI       ,Thomson Reuters Corporation                                                     ,Professional Services                                ,151.95    ,278.1524   ,62.18839999999997  ,77.51233994429636   ,8.61515560590694   ,61.86321754253784    ,100.0               ,8.997207188126746
CMI       ,Cummins Inc.                                                                    ,Machinery                                            ,583.94    ,580.0      ,203.0              ,-3.93062079981041   ,7.155944298104913  ,-16.548183576314525  ,32.05               ,-0.5492805192532514
SNA       ,Snap-on Incorporated                                                            ,Machinery                                            ,366.63    ,365.0      ,98.0               ,-2.0557649758263428 ,5.4842816450252965 ,-11.694781722275554  ,37.86               ,-0.3748467181095803
KN        ,Knowles Corporation                                                             ,Electronic Equipment Instruments and Components      ,24.57     ,26.5       ,7.0                ,7.852680699664218   ,5.77181993218136   ,-1.9874034674791001  ,90.11               ,1.360520735562246
BMY       ,Bristol-Myers Squibb Company                                                    ,Pharmaceuticals                                      ,54.28     ,60.0       ,31.0               ,1.403851539506297   ,12.096178393601233 ,-20.417353761810602  ,58.10999999999999   ,0.11605744341939611
LQDT      ,Liquidity Services Inc.                                                         ,Commercial Services and Supplies                     ,32.15     ,41.0       ,2.0                ,27.515923952784703  ,1.263537433902467  ,25.384615334177642   ,100.0               ,21.77689652438795
RBLX      ,Roblox Corporation                                                              ,Entertainment                                        ,75.73     ,133.5      ,115.0              ,66.98449587431811   ,31.026530167109243 ,11.711084728895532   ,98.6                ,2.1589425409009277
MPWR      ,Monolithic Power Systems Inc.                                                   ,Semiconductors and Semiconductor Equipment           ,1183.15   ,1250.0     ,455.0              ,-0.03032665447108775,8.188146019363563  ,-15.109437425266439  ,54.769999999999996  ,-0.003703726631079906
FTNT      ,Fortinet Inc.                                                                   ,Software                                             ,81.51     ,86.0       ,50.0               ,12.770704806464137  ,12.790842635867849 ,-6.421027284741178   ,83.76               ,0.9984256057261434
BBDB      ,Bombardier Inc.                                                                 ,Aerospace and Defense                                ,247.53    ,240.3805   ,105.12780000000001 ,-2.986766406671606  ,8.601525705942285  ,-17.427246423132054  ,36.78               ,-0.3472368169065897
LIN       ,Linde plc                                                                       ,Chemicals                                            ,455.0     ,501.0      ,184.0              ,5.843350026789379   ,8.39016691566897   ,-8.9890785648908     ,74.53               ,0.6964521785468523
BCE       ,BCE Inc.                                                                        ,Diversified Telecommunication Services               ,34.37     ,37.0       ,14.0               ,9.685895248309906   ,8.389576829112798  ,-3.7980198109088517  ,86.76               ,1.1545153522760212
PTEN      ,Patterson-UTI Energy Inc.                                                       ,Energy Equipment and Services                        ,7.54      ,7.0        ,3.0                ,-2.8166456424832904 ,8.287618925684898  ,-15.244879409932835  ,35.480000000000004  ,-0.33986186717079536
TPR       ,Tapestry Inc.                                                                   ,Textiles Apparel and Luxury Goods                    ,127.33    ,140.0      ,85.0               ,-4.46724976894961   ,14.576264339819506 ,-31.26499656975811   ,44.71               ,-0.3064742560098856
XPO       ,XPO Inc.                                                                        ,Ground Transportation                                ,150.91    ,160.0      ,90.0               ,-4.94732845696383   ,12.807399621194309 ,-28.41444301240934   ,41.53               ,-0.3862867251191842
CCEC      ,Capital Clean Energy Carriers Corp.                                             ,Marine Transportation                                ,22.58     ,26.0       ,8.0                ,15.26485867454894   ,7.22990440566721   ,2.978877162938158    ,98.92999999999999   ,2.1113500010572026
PM        ,Philip Morris International Inc.                                                ,Tobacco                                              ,177.89    ,180.0      ,42.0               ,0.8255152478013695  ,4.850454411184155  ,-7.4549889805960845  ,57.550000000000004  ,0.17019338351019242
UI        ,Ubiquiti Inc.                                                                   ,Communications Equipment                             ,566.38    ,587.5      ,265.0              ,3.880831611205407   ,9.572944330892625  ,-12.222380395414238  ,65.21000000000001   ,0.405395819411763
KVUE      ,Kenvue Inc.                                                                     ,Personal Care Products                               ,17.2      ,18.5       ,6.0                ,13.452508598244686  ,7.464685436385755  ,2.6533587479152536   ,99.39               ,1.8021534481107497
AER       ,AerCap Holdings N.V.                                                            ,Trading Companies and Distributors                   ,144.53    ,150.0      ,21.0               ,4.496198584829823   ,2.994320507540478  ,-0.3003738353785015  ,93.37               ,1.5015755906915194
CNC       ,Centene Corporation                                                             ,Health Care Providers and Services                   ,43.6      ,43.0       ,38.0               ,10.670952516975204  ,18.091615130373395 ,-16.243143245926323  ,68.30000000000001   ,0.5898286272440157
BEPUN     ,Brookfield Renewable Partners L.P.                                              ,Independent Power and Renewable Electricity Producers,38.31     ,41.0093    ,6.792500000000004  ,7.96632863190024    ,3.6409118948239    ,2.197915447729762    ,99.83               ,2.188003682051622
NVT       ,nVent Electric plc                                                              ,Electrical Equipment                                 ,115.62    ,130.0      ,76.96              ,-0.8757267330343275 ,14.410523304655149 ,-27.394528139014444  ,53.290000000000006  ,-0.06076994669245872
BIIB      ,Biogen Inc.                                                                     ,Biotechnology                                        ,176.18    ,190.0      ,117.0              ,11.937827580309547  ,13.678206433343163 ,-9.44984024628945    ,79.21000000000001   ,0.8727626416873545
LEU       ,Centrus Energy Corp.                                                            ,Oil Gas and Consumable Fuels                         ,301.5     ,300.0      ,265.0              ,-9.856816929949758  ,18.265390074607573 ,-42.334555119158736  ,32.940000000000005  ,-0.5396444800624675
AN        ,AutoNation Inc.                                                                 ,Specialty Retail                                     ,207.07    ,234.0      ,100.0              ,18.321884140061048  ,10.1555189559784   ,2.8733786985525325   ,98.56               ,1.8041307607697619
MGY       ,Magnolia Oil & Gas Corporation                                                  ,Oil Gas and Consumable Fuels                         ,25.53     ,28.0       ,9.0                ,5.799357297383177   ,7.335849697350915  ,-7.459875238055147   ,76.89               ,0.7905501798213521
PAA       ,Plains All American Pipeline L.P.                                               ,Oil Gas and Consumable Fuels                         ,19.69     ,20.0       ,9.0                ,3.27819354807826    ,9.370086443336394  ,-11.79614276024177   ,61.870000000000005  ,0.34985734314218325
ROIV      ,Roivant Sciences Ltd.                                                           ,Biotechnology                                        ,22.02     ,26.0       ,11.0               ,22.596162737078693  ,10.321186657708175 ,6.61484345918422     ,100.0               ,2.189298913628618
TXNM      ,TXNM Energy Inc.                                                                ,Electric Utilities                                   ,59.24     ,61.125     ,2.25               ,2.055889710457386   ,0.8792111787869012 ,0.41693470817809     ,98.99               ,2.33833436159674
IMVT      ,Immunovant Inc.                                                                 ,Biotechnology                                        ,26.45     ,43.0       ,41.0               ,45.89141192674545   ,31.919209041712215 ,-10.790608319572597  ,90.18               ,1.4377365011386802
VSAT      ,Viasat Inc.                                                                     ,Communications Equipment                             ,46.23     ,47.5       ,32.0               ,-13.409619122879056 ,15.241216020797319 ,-42.01675186992986   ,22.84               ,-0.8798260653599446
PAGP      ,Plains GP Holdings L.P.                                                         ,Oil Gas and Consumable Fuels                         ,20.82     ,22.0       ,10.0               ,2.386184831870043   ,9.87558749483532   ,-14.898117328525414  ,61.07               ,0.24162459530817348
LEA       ,Lear Corporation                                                                ,Automobile Components                                ,120.58    ,127.0      ,34.0               ,6.427774687051652   ,5.722724052370243  ,-2.8280043212678208  ,85.54               ,1.1232019276535605
500470    ,Tata Steel Limited                                                              ,Metals and Mining                                    ,202.35    ,199.0      ,85.0               ,-5.403994504740489  ,8.685091268713792  ,-21.029526506923073  ,29.29               ,-0.6222150507741051
9433      ,KDDI Corporation                                                                ,Wireless Telecommunication Services                  ,2590.0    ,2800.0     ,796.0              ,7.992221685844774   ,6.232057361339769  ,-2.4462823310081725  ,88.58               ,1.2824371186671177
8001      ,ITOCHU Corporation                                                              ,Trading Companies and Distributors                   ,1960.0    ,2135.0     ,760.0              ,11.836766758209839  ,8.003877464884777  ,-0.7550425343085956  ,93.37               ,1.47887905707465
8035      ,Tokyo Electron Limited                                                          ,Semiconductors and Semiconductor Equipment           ,41330.0   ,38250.0    ,27600.0            ,-10.79157134876375  ,13.720946006438334 ,-34.57478994378279   ,23.0                ,-0.7865034483555272
7203      ,Toyota Motor Corporation                                                        ,Automobiles                                          ,3448.0    ,3750.0     ,1800.0             ,0.16298203355832092 ,11.068063454746245 ,-19.938084635803104  ,55.50000000000001   ,0.014725433606764371
A035420   ,NAVER Corporation                                                               ,Interactive Media and Services                       ,287000.0  ,330000.0   ,180000.0           ,12.745443833382648  ,12.876295905588867 ,-9.217997546181264   ,81.65               ,0.9898377551148523
CTEK      ,CTEK AB (publ)                                                                  ,Electrical Equipment                                 ,12.62     ,21.0       ,10.5               ,65.28230614095769   ,16.998470316939482 ,36.48183733490599    ,100.0               ,3.84048122706088
CONSTI    ,Consti Oyj                                                                      ,Construction and Engineering                         ,11.8      ,11.25      ,0.5                ,-4.666476121739473  ,0.8708360553253686 ,-6.119912515500131   ,0.0                 ,-5.358616117468801
LEHN      ,LEM Holding SA                                                                  ,Electronic Equipment Instruments and Components      ,279.5     ,410.0      ,195.0              ,29.561105063934107  ,15.452331672307821 ,0.9474866280125048   ,95.50999999999999   ,1.9130514210299194
KNOW      ,Knowit AB (publ)                                                                ,IT Services                                          ,115.6     ,148.0      ,7.0                ,27.18074073858579   ,1.267898369036349  ,24.86248534123301    ,100.0               ,21.437633648227017
OBEL      ,Orange Belgium S.A.                                                             ,Wireless Telecommunication Services                  ,19.25     ,21.5       ,4.600000000000001  ,3.9891155790318282  ,5.574525119546888  ,-6.307835443749092   ,74.77000000000001   ,0.7155973815678265
BOOZT     ,Boozt AB (publ)                                                                 ,Broadline Retail                                     ,91.95     ,120.0      ,17.0               ,27.9084024527395    ,3.9257241469599164 ,20.826503437889304   ,100.0               ,7.109109404529044
SNWS      ,Smiths News plc                                                                 ,Distributors                                         ,0.672     ,0.9        ,0.09999999999999998,33.93604587537448   ,3.0503188291152687 ,28.837412683674795   ,100.0               ,11.125409433091123
ETTE      ,Etteplan Oyj                                                                    ,Professional Services                                ,9.44      ,10.5       ,1.0                ,11.23341699030227   ,2.1583434789219442 ,7.641196711931506    ,100.0               ,5.204647499346661
VITB      ,Vitec Software Group AB (publ)                                                  ,Software                                             ,255.0     ,452.0      ,215.0              ,94.56512397180306   ,18.487921063149184 ,68.68766393147217    ,100.0               ,5.114967964694192
500530    ,Bosch Limited                                                                   ,Automobile Components                                ,36045.5   ,36995.5    ,13925.0            ,-1.6188673869325858 ,8.078615263735815  ,-16.112907918692272  ,46.62               ,-0.20038921697379716
9143      ,SG Holdings Co.Ltd.                                                             ,Air Freight and Logistics                            ,1482.0    ,1845.0     ,750.0              ,19.16241623956184   ,10.515848614490112 ,0.3785740694372206   ,95.39               ,1.8222415462654489
MRF       ,MRF Limited                                                                     ,Automobile Components                                ,130915.0  ,154127.5   ,65186.0            ,13.481443919052541  ,10.219200034794826 ,-4.30086921856054    ,88.26               ,1.3192269329448754
A090430   ,Amorepacific Corporation                                                        ,Personal Care Products                               ,139500.0  ,160000.0   ,82000.0            ,19.839499550954663  ,12.099164438652208 ,1.1943080242337205   ,96.27               ,1.6397412938347249
500488    ,Abbott India Limited                                                            ,Pharmaceuticals                                      ,26629.85  ,35000.0    ,12110.0            ,28.704518850619113  ,9.304123667747403  ,12.657989301354277   ,100.0               ,3.0851394366266724
3034      ,Novatek Microelectronics Corp.                                                  ,Semiconductors and Semiconductor Equipment           ,384.5     ,390.0      ,220.0              ,4.780997980858405   ,11.752724572278186 ,-14.022592899332952  ,63.339999999999996  ,0.4067991172136897
5406      ,Kobe Steel Ltd.                                                                 ,Metals and Mining                                    ,2229.0    ,2100.0     ,920.0              ,-5.279934978362604  ,8.419605688086076  ,-19.35851129262318   ,27.33               ,-0.6271000298545841
A034730   ,SK Inc.                                                                         ,Industrial Conglomerates                             ,324000.0  ,330000.0   ,150000.0           ,5.013862625881723   ,9.592995286070675  ,-10.052577545151475  ,67.11               ,0.5226587188218477
A298380   ,ABL Bio Inc.                                                                    ,Biotechnology                                        ,245500.0  ,145000.0   ,199000.0           ,-31.253864281525324 ,16.907817256657314 ,-57.126997199682826  ,4.42                ,-1.8484860468443596
A272210   ,Hanwha Systems Co. Ltd.                                                         ,Aerospace and Defense                                ,92800.0   ,63500.0    ,56500.0            ,-29.436087916473085 ,12.438661121329334 ,-49.66558781480568   ,0.19                ,-2.3664997083968484
SHREECEM  ,Shree Cement Limited                                                            ,Construction Materials                               ,27055.0   ,30225.0    ,14547.0            ,7.252014967692477   ,10.96664968204306  ,-12.160146399494016  ,73.68               ,0.6612789847356048
7270      ,Subaru Corporation                                                              ,Automobiles                                          ,3250.0    ,3400.0     ,2100.0             ,11.861201508761583  ,13.53277030280752  ,-8.79522343869765    ,79.2                ,0.8764799256439643
5201      ,AGC Inc.                                                                        ,Building Products                                    ,5691.0    ,5400.0     ,1500.0             ,-9.192377936472376  ,5.567339286310539  ,-19.38940083301592   ,2.07                ,-1.6511258724747382
UAA       ,Under Armour Inc.                                                               ,Textiles Apparel and Luxury Goods                    ,6.05      ,5.5        ,9.6                ,27.385794621249282  ,34.76840481018828  ,-19.950381083849642  ,73.32               ,0.7876632468690179
NWL       ,Newell Brands Inc.                                                              ,Household Durables                                   ,4.18      ,4.5        ,4.0                ,31.732602984733063  ,21.387822360761138 ,3.295949752897751    ,98.33               ,1.4836761989827831
CLSK      ,CleanSpark Inc.                                                                 ,Software                                             ,12.59     ,22.5       ,16.0               ,76.05072036700601   ,26.023359154432463 ,31.74180189319789    ,100.0               ,2.9224021355464624
ULCC      ,Frontier Group Holdings Inc.                                                    ,Passenger Airlines                                   ,4.99      ,5.0        ,4.0                ,13.891178746952928  ,17.256694602362263 ,-10.85582727653909   ,75.67               ,0.8049733200384371
RGSI      ,Rockpoint Gas Storage Inc.                                                      ,Oil Gas and Consumable Fuels                         ,27.1      ,31.0       ,6.0                ,14.360442494907023  ,4.488341945808119  ,6.79925407016384     ,100.0               ,3.1994983154790466
PRLB      ,Proto Labs Inc.                                                                 ,Machinery                                            ,53.18     ,55.0       ,5.0                ,6.558686205587526   ,2.220321460729013  ,3.6616447201392246   ,100.0               ,2.9539354195288774
HTZ       ,Hertz Global Holdings Inc.                                                      ,Ground Transportation                                ,5.08      ,5.575      ,3.0                ,-4.40467439613865   ,13.058293396676243 ,-28.890252363512516  ,43.94               ,-0.337308579485569
RXO       ,RXO Inc.                                                                        ,Ground Transportation                                ,14.88     ,15.0       ,9.0                ,3.2841044697226143  ,12.427845112566956 ,-17.153430932500594  ,59.309999999999995  ,0.2642537334490715
PMET      ,PMET Resources Inc.                                                             ,Metals and Mining                                    ,6.91      ,7.5        ,7.6                ,24.91210643762076   ,23.007105942638486 ,-8.689853371795296   ,86.06               ,1.0828005269211973
GRC       ,The Gorman-Rupp Company                                                         ,Machinery                                            ,54.65     ,59.0       ,8.0                ,7.924299672133816   ,2.998789203775751  ,2.8648197918440674   ,100.0               ,2.6424997336112837
9072      ,NIKKON Holdings Co.Ltd.                                                         ,Ground Transportation                                ,3671.0    ,3100.0     ,200.0              ,-15.557244234545546 ,1.1032657326808224 ,-17.397394353742314  ,0.0                 ,-14.1010853266901
TUPRS     ,Türkiye Petrol Rafinerileri A.S.                                                ,Oil Gas and Consumable Fuels                         ,248.4     ,250.5      ,97.79000000000002  ,-3.243993133203013  ,8.153360678222207  ,-18.1638502998225    ,38.86               ,-0.3978719035290301
SALIK     ,Salik Company P.J.S.C.                                                          ,Transportation Infrastructure                        ,6.41      ,7.0        ,2.6000000000000005 ,3.1129505445704164  ,8.54558266165367   ,-12.603371366409062  ,65.78               ,0.3642759853624801
3563      ,Food & Life Companies Ltd.                                                      ,Hotels Restaurants and Leisure                       ,8451.0    ,9250.0     ,2600.0             ,7.344200631519166   ,6.323469885114386  ,-3.6540775317497887  ,85.36               ,1.1614194050022453
CEMEXCPO  ,CEMEX S.A.B. de C.V.                                                            ,Construction Materials                               ,22.16     ,21.2313    ,10.163900000000002 ,-4.459182209292498  ,9.309600750823034  ,-20.082446706726625  ,32.47               ,-0.4789874806283476
PRESIGHT  ,Presight AI Holding PLC                                                         ,IT Services                                          ,3.47      ,3.8725     ,1.5074999999999998 ,11.193370941417735  ,8.901409103342608  ,-4.074300432898552   ,87.97               ,1.2574830357155995
3774      ,Internet Initiative Japan Inc.                                                  ,Diversified Telecommunication Services               ,2498.0    ,3504.5     ,900.0              ,41.42906333117328   ,7.372988286442224  ,29.400223547018587   ,100.0               ,5.619032842810136
GMEXICOB  ,Grupo México S.A.B. de C.V.                                                     ,Metals and Mining                                    ,208.65    ,173.2618   ,177.8519           ,-30.651470094047667 ,18.27851619704808  ,-64.21548721405331   ,1.6099999999999999  ,-1.6769123797366976
SCOM      ,Safaricom PLC                                                                   ,Wireless Telecommunication Services                  ,29.5      ,36.0       ,19.2               ,18.319936167427397  ,13.475107154262583 ,-4.867455620543383   ,89.16               ,1.3595391827093746
1332      ,Nissui Corporation                                                              ,Food Products                                        ,1276.0    ,1360.0     ,640.0              ,7.719826073297616   ,10.319102755857436 ,-9.317548141197447   ,75.67               ,0.7481102045345569
TKG       ,Telkom SA SOC Ltd                                                               ,Diversified Telecommunication Services               ,59.72     ,55.0       ,14.0               ,-4.499566037006801  ,4.983667581622996  ,-11.824440511303001  ,20.59               ,-0.902862392668144
6976      ,Taiyo Yuden Co. Ltd.                                                            ,Electronic Equipment Instruments and Components      ,3229.0    ,3750.0     ,2350.0             ,13.696771378594079  ,14.896398807415508 ,-11.73486897480622   ,80.41               ,0.9194686283355781
TFG       ,The Foschini Group Limited                                                      ,Specialty Retail                                     ,83.75     ,114.0      ,77.5               ,49.998252017536146  ,19.445135957033028 ,21.471931031464557   ,100.0               ,2.571247232624902
AKSO      ,Aker Solutions ASA                                                              ,Energy Equipment and Services                        ,34.3      ,36.0       ,14.0               ,6.764948290390963   ,8.328595163190666  ,-6.564846939201457   ,77.24               ,0.8122556274904021
APAM      ,Aperam S.A.                                                                     ,Metals and Mining                                    ,36.22     ,37.0       ,12.0               ,0.2834404913399235  ,6.846574520436728  ,-11.681886469100228  ,53.49               ,0.04139887625466807
LAGRB     ,Lagercrantz Group AB (publ)                                                     ,Electronic Equipment Instruments and Components      ,195.8     ,240.0      ,64.0               ,23.61694133737841   ,6.665842904491461  ,12.599799296442507   ,100.0               ,3.5429789864182455
ORSTED    ,Ørsted A/S                                                                      ,Independent Power and Renewable Electricity Producers,142.1     ,144.5      ,74.0               ,2.7208887077471013  ,10.587718871237815 ,-14.79967475004099   ,59.39               ,0.25698535641502174
BC8       ,Bechtle AG                                                                      ,IT Services                                          ,42.88     ,47.0       ,17.5               ,3.8474075527602714  ,8.544411276752488  ,-11.782763404110842  ,68.47               ,0.45028351610698364
KOG       ,Kongsberg Gruppen ASA                                                           ,Aerospace and Defense                                ,322.55    ,332.0      ,138.0              ,0.6104546418544123  ,8.808030209535097  ,-14.638534472463624  ,54.09               ,0.06930660174093944
KNEBV     ,KONE Oyj                                                                        ,Machinery                                            ,60.78     ,61.0       ,27.0               ,-3.3399048969376577 ,9.160505821025906  ,-19.534346205929698  ,39.03               ,-0.36459830518000963
VALMT     ,Valmet Oyj                                                                      ,Machinery                                            ,29.08     ,31.0       ,10.0               ,1.883343363781084   ,7.194507974411922  ,-11.319382454196809  ,63.05               ,0.26177514438505134
SKAB      ,Skanska AB (publ)                                                               ,Construction and Engineering                         ,268.9     ,272.0      ,75.0               ,-1.186983690012686  ,5.717656905410698  ,-11.288921708343679  ,45.21               ,-0.20759967057299764
BEIAB     ,Beijer Alma AB (publ)                                                           ,Machinery                                            ,270.5     ,312.5      ,5.0                ,15.528908820206945  ,0.3779151037639507 ,14.888997567442066   ,100.0               ,41.09099812508803
EMSN      ,EMS-CHEMIE HOLDING AG                                                           ,Chemicals                                            ,596.0     ,623.0      ,245.0              ,4.982888160881283   ,8.362470000880771  ,-8.935009609665986   ,71.12               ,0.5958632031393194
RS1       ,RS Group plc                                                                    ,Trading Companies and Distributors                   ,6.555     ,7.235      ,3.1999999999999993 ,9.043522920368819   ,9.978817373612053  ,-8.004379914662096   ,80.03               ,0.9062720141851155
COLOB     ,Coloplast A/S                                                                   ,Health Care Equipment and Supplies                   ,541.4     ,650.0      ,259.0              ,22.361815170571198  ,9.717598593495293  ,6.938898555333626    ,100.0               ,2.3011667908921054
523642    ,PI Industries Limited                                                           ,Chemicals                                            ,3161.15   ,3693.5     ,3200.0             ,31.56439980522179   ,21.376540242927533 ,0.22179448656393752  ,95.16               ,1.4765906665212079
1951      ,EXEO Group Inc.                                                                 ,Construction and Engineering                         ,2602.5    ,2600.0     ,900.0              ,-2.720364094850088  ,7.060554736419248  ,-15.353245811275281  ,37.93               ,-0.38529041929497415
PETRONET  ,Petronet LNG Limited                                                            ,Oil Gas and Consumable Fuels                         ,296.0     ,313.0      ,175.0              ,5.720727873490219   ,11.976523738511029 ,-14.342555464800189  ,67.10000000000001   ,0.4776617988987048
1721      ,COMSYS Holdings Corporation                                                     ,Construction and Engineering                         ,4853.0    ,4350.0     ,1750.0             ,-9.330087941064077  ,7.413717900340301  ,-21.5024735518562    ,12.4                ,-1.2584897438080038
7729      ,Tokyo Seimitsu Co. Ltd.                                                         ,Semiconductors and Semiconductor Equipment           ,14045.0   ,13100.0    ,5900.0             ,-13.544441784007667 ,8.87933504310796   ,-29.725519622770367  ,3.5900000000000003  ,-1.5253892006835255
3861      ,Oji Holdings Corporation                                                        ,Paper and Forest Products                            ,912.2     ,920.0      ,150.0              ,1.2993264553484032  ,3.3683857829505834 ,-4.266307013457279   ,63.38               ,0.38574158041073325
4088      ,Air Water Inc.                                                                  ,Chemicals                                            ,2329.0    ,2950.0     ,1680.0             ,32.17191867271794   ,14.840115666722225 ,9.025143598932457    ,99.92999999999999   ,2.167902150847847
3099      ,Isetan Mitsukoshi Holdings Ltd.                                                 ,Broadline Retail                                     ,2425.0    ,2500.0     ,1130.0             ,-0.5308025573454664 ,9.545547131471519  ,-17.46535951574345   ,50.849999999999994  ,-0.05560734759722874
4751      ,CyberAgent Inc.                                                                 ,Media                                                ,1395.0    ,1825.0     ,950.0              ,35.61877120238955   ,14.0986992558153   ,13.15201061840148    ,100.0               ,2.5263870486277558
KALYANKJIL,Kalyan Jewellers India Limited                                                  ,Textiles Apparel and Luxury Goods                    ,368.4     ,690.0      ,275.0              ,77.77230886921652   ,15.515051484355663 ,49.627648028111985   ,100.0               ,5.01270066345812
5214      ,Nippon Electric Glass Co. Ltd.                                                  ,Electronic Equipment Instruments and Components      ,6739.0    ,5850.0     ,1950.0             ,-10.453450026384376 ,5.996846945619453  ,-19.686429048755002  ,5.3                 ,-1.7431577162429268
6448      ,Brother Industries Ltd.                                                         ,Technology Hardware Storage and Peripherals          ,3126.0    ,3500.0     ,1100.0             ,6.70252262677257    ,7.403522655927176  ,-6.792381218221977   ,79.65               ,0.9053153395035006
6845      ,Azbil Corporation                                                               ,Electronic Equipment Instruments and Components      ,1334.5    ,1600.0     ,500.0              ,17.44661835519924   ,7.635142398764577  ,3.949734677515612    ,99.22999999999999   ,2.285041646115498
MICH      ,Misr Chemical Industries Co.                                                    ,Chemicals                                            ,28.08     ,40.85      ,14.700000000000003 ,45.484504756055564  ,10.73251243630412  ,27.28106478458576    ,100.0               ,4.238010906206669
A009540   ,HD Korea Shipbuilding & Offshore Engineering Co. Ltd.                           ,Machinery                                            ,421000.0  ,600000.0   ,210000.0           ,32.345391343550254  ,10.66785248014269  ,12.543322233941812   ,100.0               ,3.0320433661562607
JBH       ,JB Hi-Fi Limited                                                                ,Specialty Retail                                     ,81.5      ,98.0       ,62.0               ,11.594717958328378  ,16.05275986214804  ,-16.881758923068713  ,75.12               ,0.722288133498365
6510      ,Chunghwa Precision Test Tech. Co. Ltd.                                          ,Electronic Equipment Instruments and Components      ,3150.0    ,2875.0     ,1150.0             ,-14.022851396316595 ,7.664932183307322  ,-27.743815793252075  ,0.64                ,-1.8294814697585375
ISAT      ,PT Indosat Ooredoo Hutchison Tbk                                                ,Wireless Telecommunication Services                  ,2240.0    ,2790.0     ,1300.0             ,20.356979135856495  ,11.889111395966871 ,-0.5609511381340223  ,94.57               ,1.7122372276503497
2223      ,Saudi Aramco Base Oil Company - Luberef                                         ,Chemicals                                            ,104.7     ,121.55     ,15.0               ,16.727730912584054  ,2.9110175599335815 ,11.989483934658411   ,100.0               ,5.746351771565994
QEWS      ,Qatar Electricity & Water Company Q.P.S.C.                                      ,Multi-Utilities                                      ,15.3      ,19.75      ,4.0                ,32.344843923326415  ,5.393076583770824  ,24.19425469120428    ,100.0               ,5.997475359549036
2050      ,Savola Group Company                                                            ,Food Products                                        ,23.83     ,34.0       ,13.899999999999999 ,31.84458792799072   ,12.511050883317235 ,8.806587886402232    ,99.68               ,2.5453167943272965
4613      ,Kansai Paint Co. Ltd.                                                           ,Chemicals                                            ,2437.0    ,2730.0     ,900.0              ,12.61147660928874   ,7.539893476480357  ,0.20893246957507644  ,95.41               ,1.6726332604868328
1893      ,Penta-Ocean Construction Co. Ltd.                                               ,Construction and Engineering                         ,1663.0    ,1790.0     ,770.0              ,4.535757721765268   ,9.490979367536513  ,-12.054575693852305  ,68.14               ,0.4779019683974483
9008      ,Keio Corporation                                                                ,Ground Transportation                                ,3841.0    ,4325.0     ,750.0              ,9.128653424308467   ,4.221440812146829  ,1.4254533467648214   ,98.03               ,2.1624497015430277
4980      ,Dexerials Corporation                                                           ,Electronic Equipment Instruments and Components      ,2697.5    ,2800.0     ,900.0              ,7.4293580058265505  ,6.954996000967102  ,-3.1012598698144824  ,85.06               ,1.0682044971403992
RAMCOCEM  ,The Ramco Cements Limited                                                       ,Construction Materials                               ,1102.0    ,1030.0     ,620.0              ,-10.877103157319372 ,11.640289125861347 ,-31.289183970087368  ,19.07               ,-0.9344358236904616
ORDS      ,Ooredoo Q.P.S.C.                                                                ,Diversified Telecommunication Services               ,14.2      ,17.2       ,4.0                ,20.094322610032425  ,5.801941992380066  ,10.189374080385646   ,100.0               ,3.463378750842932
FROTO     ,Ford Otomotiv Sanayi A.S.                                                       ,Automobiles                                          ,112.1     ,141.5      ,114.0              ,43.17360518538925   ,21.636017080242905 ,12.109689669990418   ,100.0               ,1.9954506887875199
MOTV3     ,Motiva Infraestrutura de Mobilidade S.A.                                        ,Transportation Infrastructure                        ,16.71     ,18.25      ,7.5                ,11.345780676377565  ,9.171477474036484  ,-3.483321327692938   ,88.39               ,1.2370722938039493
SMTO3     ,São Martinho S.A.                                                               ,Food Products                                        ,15.6      ,18.0       ,25.1               ,50.834801191156004  ,35.12320217274549  ,3.491388997974899    ,97.09               ,1.4473282060427344
ARMX      ,Aramex PJSC                                                                     ,Air Freight and Logistics                            ,2.11      ,3.0        ,0.8799999999999999 ,31.44788932485928   ,9.370467626082714  ,13.979249569240004   ,100.0               ,3.3560640279385865
2344      ,Winbond Electronics Corporation                                                 ,Semiconductors and Semiconductor Equipment           ,130.0     ,140.0      ,107.5              ,-4.575213486115186  ,17.50933818036255  ,-36.67570076992716   ,45.39               ,-0.26130133754835333
A012450   ,Hanwha Aerospace Co. Ltd.                                                       ,Aerospace and Defense                                ,1300000.0 ,1380000.0  ,620000.0           ,2.346306360194549   ,9.775546887994476  ,-15.043272375128884  ,61.07               ,0.2400179127651763
6098      ,Recruit Holdings Co. Ltd.                                                       ,Professional Services                                ,8162.0    ,10100.0    ,4000.0             ,22.94711677958572   ,9.966842324233697  ,6.125990312135199    ,99.62               ,2.3023457212512906
GRASIM    ,Grasim Industries Limited                                                       ,Construction Materials                               ,2831.7    ,3301.5     ,730.0              ,17.176852077291183  ,5.256602784627623  ,8.492394148160653    ,100.0               ,3.2676716847472407
9434      ,SoftBank Corp.                                                                  ,Wireless Telecommunication Services                  ,208.0     ,237.0      ,65.0               ,14.209853660809447  ,6.322796514076792  ,3.713804515110517    ,99.67               ,2.247400122583933
AOT       ,Airports of Thailand Public Company Limited                                     ,Transportation Infrastructure                        ,51.75     ,53.75      ,25.0               ,-0.20338195976053827,10.029141843279477 ,-18.179137764727695  ,52.12               ,-0.020279098943727116
7267      ,Honda Motor Co. Ltd.                                                            ,Automobiles                                          ,1532.5    ,1730.0     ,600.0              ,11.528167522282892  ,8.031791286631675  ,-2.168218269384774   ,90.93               ,1.435317118046964
5803      ,Fujikura Ltd.                                                                   ,Electrical Equipment                                 ,19470.0   ,23000.0    ,8400.0             ,15.501920560736506  ,8.86929843919969   ,-0.027904780705754202,94.94               ,1.7478181241734494
NXFIL     ,NX Filtration N.V.                                                              ,Machinery                                            ,2.34      ,3.55       ,1.6                ,41.58289938275866   ,14.258676108621085 ,15.763434555278318   ,100.0               ,2.9163226000776326
SBH       ,Sally Beauty Holdings Inc.                                                      ,Specialty Retail                                     ,15.12     ,18.0       ,5.0                ,12.486356260800093  ,7.1108082185611705 ,-0.6883639707500335  ,93.92               ,1.7559686433684514
UPWK      ,Upwork Inc.                                                                     ,Professional Services                                ,21.02     ,24.5       ,11.0               ,10.1750055528215    ,10.942344883187609 ,-9.49735377486202    ,80.28               ,0.9298743241455413
VTS       ,Vitesse Energy Inc.                                                             ,Oil Gas and Consumable Fuels                         ,20.71     ,24.0       ,13.0               ,23.97652313601059   ,13.019494087975481 ,4.4746237640594755   ,99.13               ,1.8415863914523978
ICHR      ,Ichor Holdings Ltd.                                                             ,Semiconductors and Semiconductor Equipment           ,33.49     ,30.0       ,14.0               ,-12.339599937178958 ,8.56951433593094   ,-27.04963310184949   ,7.6499999999999995  ,-1.439941571185721
RCAT      ,Red Cat Holdings Inc.                                                           ,Aerospace and Defense                                ,14.93     ,19.0       ,10.0               ,31.733733427141583  ,13.741615438582608 ,9.978339514601979    ,100.0               ,2.309316074880261
EPC       ,Edgewell Personal Care Company                                                  ,Personal Care Products                               ,18.89     ,20.5       ,13.0               ,26.301077047952486  ,15.342515407363333 ,5.960967147106082    ,100.0               ,1.7142610810304164
SVM       ,Silvercorp Metals Inc.                                                          ,Metals and Mining                                    ,16.34     ,18.634     ,4.3222999999999985 ,14.493278362092608  ,5.402714918290271  ,5.5728612871118415   ,100.0               ,2.68259173050706
GTM       ,ZoomInfo Technologies Inc.                                                      ,Interactive Media and Services                       ,8.19      ,12.0       ,8.0                ,46.83584403649421   ,19.73817525491166  ,13.987338773107805   ,99.92999999999999   ,2.3728558203392964
TVK       ,TerraVest Industries Inc.                                                       ,Energy Equipment and Services                        ,142.18    ,182.0      ,34.0               ,32.75095884460127   ,5.175630025253792  ,25.495316964104216   ,100.0               ,6.32791731340868
PGY       ,Pagaya Technologies Ltd.                                                        ,Software                                             ,20.15     ,37.0       ,27.0               ,95.15687446667724   ,27.902928937236556 ,52.41833910686353    ,100.0               ,3.410282650997618
BDX       ,Becton Dickinson and Company                                                    ,Health Care Equipment and Supplies                   ,201.09    ,208.5      ,87.0               ,9.778539208128757   ,9.180752536185745  ,-3.850899525853661   ,85.46000000000001   ,1.0651130361685328
ON        ,ON Semiconductor Corporation                                                    ,Semiconductors and Semiconductor Equipment           ,62.2      ,63.5       ,30.0               ,3.7663080488243605  ,9.895336243616939  ,-12.445778066956999  ,62.93               ,0.3806144587814129
UTL       ,Unitil Corporation                                                              ,Multi-Utilities                                      ,50.54     ,59.0       ,8.0                ,16.722077661669374  ,3.2376837709412474 ,11.27037846119015    ,100.0               ,5.164827341000012
WAT       ,Waters Corporation                                                              ,Life Sciences Tools and Services                     ,375.18    ,410.0      ,131.85000000000002 ,9.921064096617402   ,7.193438135847775  ,-1.901103766261521   ,90.69               ,1.3791825145721037
MCD       ,McDonald's Corporation                                                          ,Hotels Restaurants and Leisure                       ,315.51    ,340.0      ,112.0              ,2.7278366751570844  ,7.377751503577117  ,-10.81002178628872   ,65.7                ,0.36973821547587876
CLF       ,Cleveland-Cliffs Inc.                                                           ,Metals and Mining                                    ,14.21     ,13.0       ,8.1                ,-8.758865179833405  ,11.64300697677515  ,-28.186183062293686  ,23.68               ,-0.7522854875295637
AMKR      ,Amkor Technology Inc.                                                           ,Semiconductors and Semiconductor Equipment           ,50.0      ,46.5       ,34.0               ,-9.246294037969623  ,13.896719769311765 ,-32.897024964408295  ,26.55               ,-0.6653580263155544
PSK       ,PrairieSky Royalty Ltd.                                                         ,Oil Gas and Consumable Fuels                         ,29.59     ,31.0       ,7.0                ,5.878683272647235   ,4.846356802368244  ,-1.9321650079024348  ,87.83999999999999   ,1.2130108269730635
SSD       ,Simpson Manufacturing Co. Inc.                                                  ,Building Products                                    ,177.99    ,190.0      ,25.0               ,10.338048903081427  ,3.171747747589065  ,6.131548562698397    ,100.0               ,3.259417118192854
MNDY      ,monday.com Ltd.                                                                 ,Software                                             ,115.57    ,220.0      ,153.0              ,97.81673394008607   ,26.963435606770304 ,54.77794192625       ,100.0               ,3.6277548368326276
MEDP      ,Medpace Holdings Inc.                                                           ,Life Sciences Tools and Services                     ,593.07    ,567.5      ,331.0              ,-12.469273374405514 ,11.70460842132863  ,-33.85595363553256   ,14.829999999999998  ,-1.0653302464765486
DT        ,Dynatrace Inc.                                                                  ,Software                                             ,37.86     ,60.0       ,28.0               ,47.54632488573456   ,15.615523552971146 ,19.46010237049199    ,100.0               ,3.0448114483288
KD        ,Kyndryl Holdings Inc.                                                           ,IT Services                                          ,23.31     ,37.5       ,27.0               ,72.16965373591076   ,23.816274244670463 ,35.46338752683027    ,100.0               ,3.030266321024611
ACM       ,AECOM                                                                           ,Construction and Engineering                         ,97.56     ,126.5      ,45.0               ,26.95054108260926   ,9.400588489060498  ,10.602180785948669   ,100.0               ,2.866899355712859
TOI       ,Topicus.com Inc.                                                                ,Software                                             ,101.59    ,190.9433   ,41.82729999999998  ,81.44356856234685   ,8.667119572725031  ,65.57605216962116    ,100.0               ,9.39684377017775
PRV       ,Porvair plc                                                                     ,Machinery                                            ,8.6       ,9.2        ,3.38               ,3.9215412099617795  ,8.132534851924223  ,-10.301358477420223  ,68.2                ,0.48220404601572797
KNOS      ,Kainos Group plc                                                                ,IT Services                                          ,9.015     ,11.675     ,3.1999999999999993 ,31.13655972197497   ,7.312535622881606  ,19.283166610872513   ,100.0               ,4.257970330366087
4021      ,Nissan Chemical Corporation                                                     ,Chemicals                                            ,5277.0    ,6000.0     ,1100.0             ,13.047265765535148  ,4.246921216472246  ,5.75441889306926     ,100.0               ,3.0721704266445067
GPSC      ,Global Power Synergy Public Company Limited                                     ,Independent Power and Renewable Electricity Producers,35.5      ,45.0       ,20.0               ,28.687229008856757  ,11.360931493636103 ,10.066853598795506   ,100.0               ,2.525077193267655
DNL       ,Dyno Nobel Limited                                                              ,Chemicals                                            ,3.56      ,3.5        ,0.75               ,0.6469364871044265  ,4.408078694619735  ,-6.035273895138927   ,51.54               ,0.1467615557530864
A271560   ,ORION Corp.                                                                     ,Food Products                                        ,118100.0  ,140000.0   ,44000.0            ,17.296090263566672  ,7.61840946427846   ,4.340361891154667    ,99.52               ,2.2703020026247414
5393      ,Nichias Corporation                                                             ,Building Products                                    ,7761.0    ,7400.0     ,2300.0             ,-2.5448761023184745 ,6.115057254627459  ,-12.181448481025793  ,33.56               ,-0.4161655396427704
SJVN      ,SJVN Limited                                                                    ,Electric Utilities                                   ,72.42     ,90.0       ,23.0               ,20.136562431728677  ,6.640289355096027  ,8.14857296547616     ,100.0               ,3.0324826758151833
5631      ,The Japan Steel Works Ltd.                                                      ,Machinery                                            ,8764.0    ,10800.0    ,2000.0             ,24.729113584042846  ,4.743704487784739  ,17.161317126227203   ,100.0               ,5.213038385447802
4385      ,Mercari Inc.                                                                    ,Broadline Retail                                     ,3281.0    ,3200.0     ,1000.0             ,-6.490811380079833  ,6.385732236862686  ,-18.069770113665786  ,15.879999999999999  ,-1.0164553005543453
2409      ,AUO Corporation                                                                 ,Electronic Equipment Instruments and Components      ,13.8      ,13.35      ,3.9000000000000004 ,2.5627813784962163  ,6.0996343448888855 ,-5.854085469796839   ,59.650000000000006  ,0.42015328027714777
A078930   ,GS Holdings Corp.                                                               ,Industrial Conglomerates                             ,66500.0   ,60000.0    ,38300.0            ,-16.01155833793797  ,12.023066833122991 ,-37.60193418845099   ,8.38                ,-1.3317366159711324
532504    ,Navin Fluorine International Limited                                            ,Chemicals                                            ,6069.7    ,6182.0     ,2420.0             ,-2.538941280193121  ,8.304318174988497  ,-17.202230394267747  ,42.29               ,-0.30573747617716224
500660    ,GlaxoSmithKline Pharmaceuticals Limited                                         ,Pharmaceuticals                                      ,2363.6    ,2886.5     ,1000.0             ,25.287429058749993  ,8.7136323730678    ,11.4862426274169     ,100.0               ,2.902053698857974
A214450   ,PharmaResearch Co. Ltd.                                                         ,Biotechnology                                        ,534000.0  ,700000.0   ,350000.0           ,32.95842945530344   ,13.425698885809817 ,11.192550466188159   ,100.0               ,2.4548762590034388
4186      ,Tokyo Ohka Kogyo Co. Ltd.                                                       ,Chemicals                                            ,6742.0    ,6300.0     ,3800.0             ,-0.7498848785494608 ,11.660484110887335 ,-18.689024436419757  ,44.65               ,-0.06430992670787117
7459      ,MediPal Holdings Corporation                                                    ,Health Care Providers and Services                   ,2776.0    ,2500.0     ,600.0              ,-5.1122012557055    ,4.68371099042951   ,-11.513955402554897  ,16.76               ,-1.0914852061007925
A006260   ,LS Corp.                                                                        ,Electrical Equipment                                 ,236500.0  ,255000.0   ,45000.0            ,9.908314777906119   ,3.9358905303013008 ,3.9189419351476227   ,100.0               ,2.5174264125551318
KPRMILL   ,K.P.R. Mill Limited                                                             ,Textiles Apparel and Luxury Goods                    ,863.35    ,1092.0     ,510.0              ,28.719465792190448  ,12.047751531305304 ,9.166317028876582    ,100.0               ,2.3838029625332804
BAKKA     ,P/F Bakkafrost                                                                  ,Food Products                                        ,468.6     ,519.7861   ,143.10890000000006 ,6.37228617703239    ,6.429475486005527  ,-5.444495053834016   ,81.41000000000001   ,0.9911051361658325
HIMX      ,Himax Technologies Inc.                                                         ,Semiconductors and Semiconductor Equipment           ,8.37      ,8.575      ,3.0                ,1.8588282432144552  ,7.342439085709449  ,-10.569840519548107  ,60.529999999999994  ,0.2531622287248229
PATANJALI ,Patanjali Foods Limited                                                         ,Food Products                                        ,500.0     ,685.0      ,100.0              ,32.32701116351976   ,4.370621894496454  ,24.14623165679191    ,100.0               ,7.39643280610166
4151      ,Kyowa Kirin Co. Ltd.                                                            ,Pharmaceuticals                                      ,2492.0    ,2760.0     ,900.0              ,7.86746985624796    ,7.368633160537375  ,-5.237466896710891   ,83.62               ,1.0676973171065292
5801      ,Furukawa Electric Co. Ltd.                                                      ,Electrical Equipment                                 ,13825.0   ,11300.0    ,4550.0             ,-14.827525251832785 ,6.812438339127857  ,-25.127713746256454  ,1.6                 ,-2.176537168295462
4523      ,Eisai Co. Ltd.                                                                  ,Pharmaceuticals                                      ,4270.0    ,4750.0     ,2600.0             ,13.670525963444815  ,12.509508643338288 ,-6.7824007396974135  ,84.92               ,1.0928107852361417
7012      ,Kawasaki Heavy Industries Ltd.                                                  ,Machinery                                            ,12985.0   ,13600.0    ,6000.0             ,6.680441068657825   ,9.441423966869829  ,-8.575228278939388   ,74.74               ,0.7075671098024667
PTTEP     ,PTT Exploration and Production Public Company Limited                           ,Oil Gas and Consumable Fuels                         ,124.5     ,134.0      ,93.0               ,1.7274118166482177  ,15.315986854814682 ,-25.650245103100175  ,56.95               ,0.11278488503698307
1802      ,Obayashi Corporation                                                            ,Construction and Engineering                         ,3517.0    ,3500.0     ,1800.0             ,-4.3317496487782865 ,10.560911026913365 ,-22.97698969063422   ,37.59               ,-0.4101681794060456
OIL       ,Oil India Limited                                                               ,Oil Gas and Consumable Fuels                         ,514.75    ,517.5      ,480.0              ,0.39635100495696085 ,18.980975941203614 ,-31.24000215074536   ,50.83               ,0.020881487136631797
A259960   ,KRAFTON Inc.                                                                    ,Entertainment                                        ,260500.0  ,370000.0   ,248000.0           ,48.56077466099005   ,19.446706626004662 ,17.901095803246218   ,100.0               ,2.497120751338598
5713      ,Sumitomo Metal Mining Co. Ltd.                                                  ,Metals and Mining                                    ,9855.0    ,6000.0     ,4200.0             ,-42.56972394083788  ,8.796890913932012  ,-58.05490078196228   ,0.0                 ,-4.839178336680109
ZYDUSLIFE ,Zydus Lifesciences Limited                                                      ,Pharmaceuticals                                      ,890.7     ,1003.5     ,405.0              ,16.475057736762224  ,9.437462135208694  ,1.9258078747172127   ,97.82               ,1.7457084861085808
4911      ,Shiseido Company Limited                                                        ,Personal Care Products                               ,2540.5    ,2500.0     ,1309.4             ,0.7358680802930734  ,10.517743922098408 ,-16.16455583353723   ,50.91               ,0.06996444158969972
5016      ,JX Advanced Metals Corporation                                                  ,Metals and Mining                                    ,2624.0    ,2000.0     ,1800.0             ,-18.554882118142153 ,14.101722893267915 ,-40.392211472890885  ,11.57               ,-1.3157883088881395
3288      ,Open House Group Co. Ltd.                                                       ,Household Durables                                   ,9048.0    ,9200.0     ,1850.0             ,4.422386291512486   ,4.273320486502091  ,-1.9366565601617758  ,84.17               ,1.0348828985518967
517334    ,Samvardhana Motherson International Limited                                     ,Automobile Components                                ,114.0     ,130.0      ,65.0               ,6.679814947421878   ,12.017738022689219 ,-14.911897957664694  ,71.04               ,0.5558296357276667
8         ,PCCW Limited                                                                    ,Diversified Telecommunication Services               ,5.88      ,5.4        ,0.6000000000000005 ,-8.193572052186601  ,2.0851815973097976 ,-11.685261186136378  ,0.0                 ,-3.929428526876297
5019      ,Idemitsu Kosan Co.Ltd.                                                          ,Oil Gas and Consumable Fuels                         ,1293.0    ,1180.0     ,770.0              ,0.7758977995439844  ,12.566048941134262 ,-17.631992573891562  ,47.86               ,0.061745565625176434
CPU       ,Computershare Limited                                                           ,Professional Services                                ,33.18     ,36.4125    ,11.7059            ,10.458794609250424  ,7.1588279814560885 ,-1.3648517205807693  ,92.07               ,1.4609646490099248
APOLLOHOSP,Apollo Hospitals Enterprise Limited                                             ,Health Care Providers and Services                   ,6801.0    ,9000.0     ,3370.0             ,21.74914765706136   ,10.732550653698485 ,2.0547653917059576   ,96.67999999999999   ,2.0264658755247997
SGH       ,SGH Limited                                                                     ,Trading Companies and Distributors                   ,47.69     ,52.0       ,8.899999999999999  ,6.32565576833758    ,3.945383186500836  ,-0.8946647966827289  ,92.15               ,1.603305805626401
A030200   ,KT Corporation                                                                  ,Diversified Telecommunication Services               ,56100.0   ,63100.0    ,49000.0            ,33.085941129007914  ,19.172931446330992 ,7.257523821664756    ,100.0               ,1.725658969867092
3402      ,Toray Industries Inc.                                                           ,Chemicals                                            ,1121.5    ,1150.0     ,620.0              ,4.9167316788207325  ,11.292648259651067 ,-13.077978503807442  ,65.09               ,0.43539226280414184
JHX       ,James Hardie Industries plc                                                     ,Construction Materials                               ,33.73     ,32.5496    ,18.852899999999998 ,3.276481774188642   ,11.546658079105555 ,-14.137578232320088  ,56.11000000000001   ,0.28376017993618896
ARMK      ,Aramark                                                                         ,Hotels Restaurants and Leisure                       ,38.49     ,45.0       ,16.5               ,9.465297733808073   ,9.123940149433883  ,-7.316887881551764   ,82.72               ,1.0374133958337475
LYFT      ,Lyft Inc.                                                                       ,Ground Transportation                                ,17.75     ,24.03      ,16.0               ,35.29842249347595   ,18.416748450407294 ,4.650502148762982    ,97.48               ,1.9166479136383767
SLAB      ,Silicon Laboratories Inc.                                                       ,Semiconductors and Semiconductor Equipment           ,146.54    ,155.0      ,50.0               ,5.787064975510988   ,6.960719397983842  ,-5.954311659720685   ,78.67               ,0.8313889189653586
LSCC      ,Lattice Semiconductor Corporation                                               ,Semiconductors and Semiconductor Equipment           ,83.31     ,83.5       ,31.0               ,5.091830944475164   ,7.792745787085393  ,-6.488593697444922   ,70.86               ,0.6534065249393419
AXTA      ,Axalta Coating Systems Ltd.                                                     ,Chemicals                                            ,34.1      ,35.5       ,15.0               ,7.965507960187574   ,9.096132814081356  ,-6.209164817805012   ,79.17999999999999   ,0.8757026884937841
EXEL      ,Exelixis Inc.                                                                   ,Biotechnology                                        ,42.28     ,47.0       ,30.0               ,7.920938732562473   ,14.531468091725312 ,-16.892636731707398  ,69.83               ,0.545088678071895
FTT       ,Finning International Inc.                                                      ,Trading Companies and Distributors                   ,87.92     ,88.0       ,23.0               ,-3.313806474699624  ,5.4713740646073745 ,-13.069140428665584  ,31.3                ,-0.605662569506189
MAT       ,Mattel Inc.                                                                     ,Leisure Products                                     ,20.77     ,24.0       ,10.0               ,18.581238828325876  ,9.800694626157249  ,3.3022926709331006   ,98.57000000000001   ,1.8959103958543997
AKAM      ,Akamai Technologies Inc.                                                        ,IT Services                                          ,99.35     ,103.62     ,65.0               ,2.7989955301712035  ,13.419536125305907 ,-20.20385555005397   ,59.06               ,0.20857617610887416
HAS       ,Hasbro Inc.                                                                     ,Leisure Products                                     ,90.46     ,94.0       ,14.0               ,3.2049017320359097  ,3.1997073210639853 ,-2.3658748066507562  ,82.11               ,1.0016234019085837
AEIS      ,Advanced Energy Industries Inc.                                                 ,Electronic Equipment Instruments and Components      ,269.12    ,267.5      ,90.0               ,-3.6592063782535327 ,6.906878354518126  ,-15.957877821960482  ,33.040000000000006  ,-0.5297916352993053
OS        ,OneStream Inc.                                                                  ,Software                                             ,23.64     ,24.0       ,1.0                ,2.9331131255481186  ,0.9909512318151479 ,1.6295281263371126   ,100.0               ,2.9598965432188513
TRMB      ,Trimble Inc.                                                                    ,Software                                             ,68.37     ,99.0       ,27.0               ,52.05903942093641   ,8.430338053083156  ,40.24735222631038    ,100.0               ,6.175201883143618
TIH       ,Toromont Industries Ltd.                                                        ,Trading Companies and Distributors                   ,176.14    ,178.0      ,12.0               ,1.043487181063699   ,1.3843536061118313 ,-1.2759586262852354  ,76.34               ,0.7537721406270557
RRR       ,Red Rock Resorts Inc.                                                           ,Hotels Restaurants and Leisure                       ,62.45     ,68.0       ,17.0               ,7.232831451182137   ,5.623228143541463  ,-2.657386584786261   ,88.23               ,1.2862418643798719
GXO       ,GXO Logistics Inc.                                                              ,Air Freight and Logistics                            ,57.91     ,65.5       ,22.0               ,17.108605256264603  ,7.79555265563432   ,5.284414175543503    ,100.0               ,2.1946622660420583
MIR       ,Mirion Technologies Inc.                                                        ,Electronic Equipment Instruments and Components      ,25.29     ,29.0       ,6.0                ,19.927428620820564  ,5.205707308007966  ,12.853891178384615   ,100.0               ,3.82799635895128
KVYO      ,Klaviyo Inc.                                                                    ,Software                                             ,22.32     ,43.0       ,30.0               ,98.34690216954455   ,27.437706292300025 ,54.694530098150445   ,100.0               ,3.584370396046703
PEGA      ,Pegasystems Inc.                                                                ,Software                                             ,44.62     ,75.0       ,27.0               ,62.796032673009115  ,12.431076663921782 ,40.975916008069916   ,100.0               ,5.051536111530832
HRI       ,Herc Holdings Inc.                                                              ,Trading Companies and Distributors                   ,147.02    ,185.0      ,85.0               ,15.567970150887652  ,12.370131222941813 ,-7.043721739993546   ,86.48               ,1.2585129349327422
IPCO      ,International Petroleum Corporation                                             ,Oil Gas and Consumable Fuels                         ,28.63     ,25.0218    ,5.533000000000001  ,-8.713154025529656  ,4.161001017509614  ,-14.448763901632972  ,3.02                ,-2.094004300615272
FRSH      ,Freshworks Inc.                                                                 ,Software                                             ,10.64     ,18.0       ,14.0               ,81.26322078927892   ,27.213824586568737 ,39.62450494666714    ,100.0               ,2.986100705205031
DIOD      ,Diodes Incorporated                                                             ,Semiconductors and Semiconductor Equipment           ,60.26     ,60.0       ,8.0                ,-2.6369709413019287 ,2.8008574549014336 ,-7.831754462660542   ,18.48               ,-0.9414870209432803
BL        ,BlackLine Inc.                                                                  ,Software                                             ,46.91     ,63.0       ,32.0               ,35.676389695480836  ,13.958908315779144 ,12.94289425971905    ,100.0               ,2.555815174683271
GILT      ,Gilat Satellite Networks Ltd.                                                   ,Communications Equipment                             ,19.97     ,16.3       ,0.6000000000000014 ,-18.373075032891187 ,0.6196303263449139 ,-19.414876839999298  ,0.0                 ,-29.651671733484385
GT        ,The Goodyear Tire & Rubber Company                                              ,Automobile Components                                ,9.61      ,9.65       ,4.7                ,0.24626763009682023 ,9.908875724317832  ,-16.287303074393844  ,51.09               ,0.02485323632553423
LUXE      ,LuxExperience B.V.                                                              ,Specialty Retail                                     ,7.95      ,9.9692     ,3.7798             ,32.14881190110362   ,10.036816152589163 ,17.21912364510025    ,100.0               ,3.2030886500606375
DRUG      ,Bright Minds Biosciences Inc.                                                   ,Biotechnology                                        ,111.87    ,128.5      ,67.0               ,5.672579009073541   ,12.731617993322617 ,-17.343569710006832  ,67.67               ,0.4455505193486525
VECO      ,Veeco Instruments Inc.                                                          ,Semiconductors and Semiconductor Equipment           ,32.74     ,33.0       ,8.0                ,2.817584245659019   ,5.035517576210281  ,-5.107312526252404   ,68.69               ,0.5595421330610322
TDC       ,Teradata Corporation                                                            ,Software                                             ,28.83     ,27.0       ,20.0               ,5.166095750891034   ,14.484778760464286 ,-15.91842076717739   ,58.220000000000006  ,0.3566568627883857
CALY      ,Callaway Golf Company                                                           ,Leisure Products                                     ,14.53     ,16.0       ,8.0                ,5.692522395228027   ,11.37980134572831  ,-14.350128623170345  ,68.82000000000001   ,0.5002303838427598
HOG       ,Harley-Davidson Inc.                                                            ,Automobiles                                          ,19.71     ,27.5       ,14.0               ,31.32363537232559   ,14.766873133985165 ,4.853173119047883    ,98.02               ,2.121209757009148
BLKB      ,Blackbaud Inc.                                                                  ,Software                                             ,53.31     ,77.0       ,15.0               ,45.03120098706078   ,5.770130702199175  ,35.55098410446193    ,100.0               ,7.804190807999894
VSTS      ,Vestis Corporation                                                              ,Commercial Services and Supplies                     ,6.56      ,6.0        ,3.0                ,-3.4203285879494505 ,9.500707223033126  ,-17.60862516850893   ,34.54               ,-0.3600077875947325
AZN       ,AstraZeneca PLC                                                                 ,Pharmaceuticals                                      ,134.6     ,157.0448   ,70.66980000000001  ,9.593039674670546   ,10.977001888685635 ,-10.571910020591337  ,78.91               ,0.8739216565643863
OI        ,O-I Glass Inc.                                                                  ,Containers and Packaging                             ,15.27     ,18.0       ,8.0                ,13.528421767264968  ,10.807866856419958 ,-5.467055463649237   ,86.86               ,1.2517198765479776
AMXB      ,América Móvil S.A.B. de C.V.                                                    ,Wireless Telecommunication Services                  ,18.49     ,22.0       ,7.0                ,17.20768636189205   ,7.740425995678215  ,3.691290618295984    ,99.22               ,2.2230929371974852
6753      ,Sharp Corporation                                                               ,Household Durables                                   ,683.9     ,700.0      ,550.0              ,-5.70555650407332   ,16.585618559340233 ,-34.96542333028636   ,40.86               ,-0.34400625359011533
SUZB3     ,Suzano S.A.                                                                     ,Paper and Forest Products                            ,49.36     ,69.0       ,34.0               ,48.15221433418506   ,14.379439871296599 ,26.729941747655488   ,100.0               ,3.3486849811378057
2784      ,Alfresa Holdings Corporation                                                    ,Health Care Providers and Services                   ,2468.0    ,2200.0     ,500.0              ,-6.843004066182877  ,4.329852348717591  ,-12.897911759039495  ,8.19                ,-1.580424345927091
4967      ,Kobayashi Pharmaceutical Co. Ltd.                                               ,Personal Care Products                               ,5386.0    ,5355.0     ,1800.0             ,4.982318372476019   ,7.075263159484477  ,-5.216663928825545   ,71.91               ,0.7041884181787869
4401      ,Adeka Corporation                                                               ,Chemicals                                            ,4540.0    ,4400.0     ,2300.0             ,-3.882371166898869  ,10.430162096064365 ,-21.51331172137958   ,36.1                ,-0.3722253912394911
9336      ,Daiei Kankyo Co. Ltd.                                                           ,Commercial Services and Supplies                     ,4055.0    ,3750.0     ,700.0              ,-7.607759701529518  ,3.5161079675084954 ,-13.556049118589526  ,0.79                ,-2.163687739918964
DEWA      ,Dubai Electricity and Water Authority (PJSC)                                    ,Multi-Utilities                                      ,3.05      ,3.2        ,0.8499999999999996 ,3.336945223278772   ,5.668878823158403  ,-6.647370497110725   ,71.72               ,0.5886428917208008
ALPEKA    ,ALPEK S.A.B. de C.V.                                                            ,Chemicals                                            ,8.88      ,13.0       ,8.5                ,55.70693931468645   ,19.91120877436029  ,24.954916208807866   ,100.0               ,2.797767827457086
ZFCVINDIA ,ZF Commercial Vehicle Control Systems India Limited                             ,Automobile Components                                ,14270.0   ,16500.0    ,3750.0             ,14.901762749685219  ,5.3142484471597236 ,5.833825904847495    ,100.0               ,2.8041148052928686
8088      ,Iwatani Corporation                                                             ,Oil Gas and Consumable Fuels                         ,1821.5    ,1800.0     ,500.0              ,-2.9896463309323265 ,5.651292811092887  ,-12.88097682029386   ,32.300000000000004  ,-0.5290198952466184
BURJEEL   ,Burjeel Holdings PLC                                                            ,Health Care Providers and Services                   ,1.26      ,1.5        ,0.6800000000000002 ,32.00387291362309   ,11.943258460617031 ,15.654251649789439   ,100.0               ,2.6796600792954504
PUREHEALTH,Pure Health Holding PJSC                                                        ,Health Care Providers and Services                   ,2.72      ,3.9        ,2.6500000000000004 ,48.87984737097141   ,20.01613570314641  ,16.671043971704197   ,100.0               ,2.442022181298851
TIMS3     ,TIM S.A.                                                                        ,Wireless Telecommunication Services                  ,24.93     ,26.0       ,7.0                ,0.2320885158509847  ,5.883057590437926  ,-10.494250880826945  ,55.25               ,0.03945032192583183
PINFRA    ,Promotora y Operadora de Infraestructura S. A. B. de C. V.                      ,Transportation Infrastructure                        ,278.51    ,290.0      ,179.0              ,10.92959312394109   ,13.160388134669724 ,-9.173046454248247   ,78.49000000000001   ,0.8304917007081405
OSSD      ,OssDsign AB (publ)                                                              ,Health Care Equipment and Supplies                   ,9.2       ,14.5       ,6.0                ,57.64429503965527   ,13.213811268927508 ,35.55947378442695    ,100.0               ,4.3624276044570705
7309      ,Shimano Inc.                                                                    ,Leisure Products                                     ,17105.0   ,18000.0    ,8200.0             ,12.777008879289319  ,10.240785890072504 ,-2.0905463104605806  ,90.24               ,1.2476590191847923
981       ,Semiconductor Manufacturing International Corporation                           ,Semiconductors and Semiconductor Equipment           ,77.25     ,80.1637    ,109.21860000000001 ,2.975531058879179   ,28.80432878792267  ,-45.17003160116896   ,54.09               ,0.1033015239059063
7013      ,IHI Corporation                                                                 ,Machinery                                            ,3588.0    ,3300.0     ,1450.0             ,-7.503609912204775  ,8.30423507481656   ,-21.103890256325826  ,20.51               ,-0.9035883310866568
GULF      ,Gulf Development Public Company Limited                                         ,Independent Power and Renewable Electricity Producers,47.25     ,60.0       ,26.5               ,31.89998930549186   ,11.585115650630014 ,13.763177253797567   ,100.0               ,2.753532227687092
9005      ,Tokyu Corporation                                                               ,Ground Transportation                                ,1729.0    ,2000.0     ,830.0              ,23.74280795728823   ,10.131964823111142 ,9.41858756641112     ,100.0               ,2.343356730091539
ISLAX     ,Icelandic Salmon AS                                                             ,Food Products                                        ,77.2      ,87.5       ,5.0                ,13.356402463835915  ,1.3293375791377238 ,11.142188769431678   ,100.0               ,10.047412089636072
500114    ,Titan Company Limited                                                           ,Textiles Apparel and Luxury Goods                    ,3938.4    ,4475.0     ,1400.0             ,14.006022200606306  ,7.31082642200971   ,1.8608963259243236   ,97.94               ,1.9157919217504988
OPTOMED   ,Optomed Oyj                                                                     ,Health Care Equipment and Supplies                   ,3.81      ,4.55       ,1.2000000000000002 ,20.416690005274237  ,6.43585064464281   ,9.832716772666112    ,100.0               ,3.172337447306838
ONGC      ,Oil and Natural Gas Corporation Limited                                         ,Oil Gas and Consumable Fuels                         ,275.39    ,280.0      ,130.0              ,-1.8266865186219519 ,9.733937444317375  ,-18.891803753167277  ,45.87               ,-0.1876616250177735
GILD      ,Gilead Sciences Inc.                                                            ,Biotechnology                                        ,139.55    ,140.0      ,56.0               ,-4.0196187442302325 ,8.339536559806685  ,-19.071397995323156  ,35.3                ,-0.48199545806936417
D         ,Dominion Energy Inc.                                                            ,Multi-Utilities                                      ,60.83     ,63.5       ,15.0               ,2.201599123024964   ,5.074989278794508  ,-6.748288456109924   ,67.33               ,0.43381355153284634
WMB       ,The Williams Companies Inc.                                                     ,Oil Gas and Consumable Fuels                         ,67.24     ,69.0       ,30.0               ,1.6644127366461552  ,9.083168032610656  ,-13.716387467553892  ,57.56               ,0.18324143411974014
ECL       ,Ecolab Inc.                                                                     ,Chemicals                                            ,282.83    ,300.0      ,82.0               ,3.5185063601209348  ,5.928193961634159  ,-7.036013393811531   ,71.6                ,0.5935207894498491
ZBH       ,Zimmer Biomet Holdings Inc.                                                     ,Health Care Equipment and Supplies                   ,86.02     ,100.0      ,44.0               ,22.384220074147947  ,10.782700996422069 ,6.532422348761175    ,100.0               ,2.0759381236274206
MAR       ,Marriott International Inc.                                                     ,Hotels Restaurants and Leisure                       ,319.77    ,318.0      ,155.0              ,-5.855084330551992  ,10.068461010846649 ,-23.861179820087628  ,31.5                ,-0.5815272387949231
DD        ,DuPont de Nemours Inc.                                                          ,Chemicals                                            ,44.6      ,50.0       ,12.0               ,12.18305245498379   ,5.448204297089835  ,2.909064744879391    ,99.57000000000001   ,2.236159253699679
INCY      ,Incyte Corporation                                                              ,Biotechnology                                        ,101.08    ,103.0      ,60.0               ,-0.2375406354137397 ,12.18296290289391  ,-21.29339698003212   ,50.56               ,-0.019497772200990197
ALAB      ,Astera Labs Inc.                                                                ,Semiconductors and Semiconductor Equipment           ,160.46    ,210.0      ,122.0              ,32.62428972227202   ,15.434689429301683 ,6.833248597017258    ,99.31               ,2.11369913672102
HNGE      ,Hinge Health Inc.                                                               ,Health Care Providers and Services                   ,36.22     ,64.5       ,24.0               ,69.57948156544472   ,13.855228075634129 ,44.72456009558716    ,100.0               ,5.021893626407171
ENTG      ,Entegris Inc.                                                                   ,Semiconductors and Semiconductor Equipment           ,122.71    ,111.0      ,75.0               ,-8.557311151292152  ,12.462376208550886 ,-29.217555281692757  ,25.66               ,-0.6866516471730867
DDOG      ,Datadog Inc.                                                                    ,Software                                             ,128.18    ,200.0      ,147.0              ,49.154851467214435  ,23.641692800553955 ,7.840852836987829    ,97.99               ,2.0791595543472536
AMTM      ,Amentum Holdings Inc.                                                           ,Professional Services                                ,37.12     ,35.0       ,12.0               ,-3.9214033806105375 ,6.623794314670258  ,-14.40372704540772   ,28.810000000000002  ,-0.592017685682885
F         ,Ford Motor Company                                                              ,Automobiles                                          ,14.0      ,13.67      ,5.0                ,-3.1823399800054464 ,7.244667662985983  ,-15.729139356920443  ,33.879999999999995  ,-0.4392665237446936
SPOT      ,Spotify Technology S.A.                                                         ,Entertainment                                        ,503.92    ,760.8512   ,410.04459999999995 ,45.65985834511511   ,16.711988617657042 ,16.442837542218488   ,100.0               ,2.73216188628044
DGX       ,Quest Diagnostics Incorporated                                                  ,Health Care Providers and Services                   ,182.35    ,201.5      ,49.0               ,6.467758212112457   ,5.647023045861454  ,-3.763822598260754   ,84.77               ,1.1453394398403416
JMIA      ,Jumia Technologies AG                                                           ,Broadline Retail                                     ,13.78     ,16.589     ,10.794799999999999 ,3.133746082478939   ,17.144430148473663 ,-28.799773992576213  ,60.419999999999995  ,0.18278508269683905
KO        ,The Coca-Cola Company                                                           ,Beverages                                            ,73.43     ,79.0       ,15.620000000000005 ,7.810233595689566   ,4.340430809327942  ,0.6330986593848668   ,96.67               ,1.799414375850603
SAIA      ,Saia Inc.                                                                       ,Ground Transportation                                ,341.78    ,367.0      ,181.0              ,2.146709335803408   ,10.96048295300651  ,-17.253833865828327  ,59.96               ,0.19585900958995206
MCOVB     ,Medicover AB (publ)                                                             ,Health Care Providers and Services                   ,206.0     ,249.4753   ,85.11480000000003  ,27.078920601725077  ,8.631329637735895  ,14.431607076917773   ,100.0               ,3.1372826364245094
DUK       ,Duke Energy Corporation                                                         ,Electric Utilities                                   ,120.89    ,138.0      ,35.0               ,11.097197452089091  ,5.9680680106707    ,0.5928401222649754   ,96.0                ,1.8594287853703553
GLDD      ,Great Lakes Dredge & Dock Corporation                                           ,Construction and Engineering                         ,15.27     ,17.0       ,6.0                ,11.329133782307673  ,8.00641913118558   ,-2.1359857306186125  ,91.24               ,1.4150063338777605
XYL       ,Xylem Inc.                                                                      ,Machinery                                            ,137.92    ,170.0      ,56.0               ,17.040902468944598  ,8.566782781392208  ,1.3493055533152274   ,96.52               ,1.9891834430492286
AUTO      ,Autotrader Group plc                                                            ,Interactive Media and Services                       ,5.352     ,8.2        ,4.45               ,52.966400247448405  ,16.839764647985085 ,24.705449154499757   ,100.0               ,3.1453171320767805
DPM       ,DPM Metals Inc.                                                                 ,Metals and Mining                                    ,54.17     ,52.0915    ,21.913700000000006 ,-1.7760854468513352 ,8.19614986463513   ,-14.97946075508372   ,40.35               ,-0.21669753191249166
INMD      ,InMode Ltd.                                                                     ,Health Care Equipment and Supplies                   ,16.02     ,16.0       ,6.0                ,8.194893675648979   ,8.184520946620156  ,-2.984370013503517   ,82.89999999999999   ,1.0012673593355645
NET       ,Cloudflare Inc.                                                                 ,IT Services                                          ,180.39    ,249.0      ,183.0              ,22.992513730330398  ,21.18978874930487  ,-15.720942346396836  ,83.46000000000001   ,1.0850751747624037
SKPC      ,Sidi Kerir Petrochemicals Co.                                                   ,Chemicals                                            ,15.41     ,17.14      ,1.5999999999999979 ,13.212648896894098  ,2.2223803669273563 ,10.120634508980817   ,100.0               ,5.945268907843076
VAR       ,Vår Energi ASA                                                                  ,Oil Gas and Consumable Fuels                         ,34.86     ,38.4908    ,19.536399999999997 ,1.9037268438694883  ,11.756109553829283 ,-19.242413383648458  ,59.260000000000005  ,0.16193510575523626
BP        ,BP p.l.c.                                                                       ,Oil Gas and Consumable Fuels                         ,4.6265    ,4.5701     ,2.2697999999999996 ,1.0301222538247812  ,10.12191537052999  ,-15.410608635419234  ,52.300000000000004  ,0.10177147467800289
KER       ,Kering SA                                                                       ,Textiles Apparel and Luxury Goods                    ,262.7     ,314.5      ,253.0              ,9.428811925496179   ,20.070840277135762 ,-26.502579017460004  ,68.36               ,0.4697766409031347
BWY       ,Bellway p.l.c.                                                                  ,Household Durables                                   ,27.4      ,31.5       ,10.750000000000004 ,18.167226427244938  ,8.095546145317865  ,5.50581791045674     ,100.0               ,2.244101398613128
PHIA      ,Koninklijke Philips N.V.                                                        ,Health Care Equipment and Supplies                   ,24.24     ,26.2       ,15.399999999999999 ,11.028770293571228  ,13.03877826783939  ,-9.606919128702996   ,78.57               ,0.8458438411192313
RACE      ,Ferrari N.V.                                                                    ,Automobiles                                          ,283.1     ,374.0      ,135.0              ,30.568867178524066  ,9.827517531062112  ,13.778579261255462   ,100.0               ,3.110538046043081
ASKER     ,Asker Healthcare Group AB                                                       ,Health Care Providers and Services                   ,75.8      ,105.0      ,33.0               ,37.0738207254732    ,8.87437962687809   ,21.89419743752005    ,100.0               ,4.177623933642262
STORB     ,Storskogen Group AB (publ)                                                      ,Industrial Conglomerates                             ,10.54     ,16.5       ,6.0                ,50.36089782428634   ,11.79143642177636  ,29.119902336628794   ,100.0               ,4.270972256720149
DNLM      ,Dunelm Group plc                                                                ,Specialty Retail                                     ,9.235     ,12.0       ,5.949999999999999  ,24.76265506761309   ,13.26627379676493  ,1.2192830125832477   ,96.05               ,1.8665870648359173
SALM      ,SalMar ASA                                                                      ,Food Products                                        ,573.0     ,605.0      ,180.0              ,3.8033513668054804  ,6.412527190089128  ,-7.228831686093696   ,71.74000000000001   ,0.5931127079950232
TUI1      ,TUI AG                                                                          ,Hotels Restaurants and Leisure                       ,8.98      ,11.75      ,8.1                ,32.411577647861535  ,18.267483974252045 ,2.3044492668264565   ,96.56               ,1.7742770538923445
TYRES     ,Nokian Renkaat Oyj                                                              ,Automobile Components                                ,10.91     ,9.0        ,3.5                ,-22.085961545046327 ,6.767111612293737  ,-34.30846502950097   ,0.0                 ,-3.2637205960845987
SCHN      ,Schindler Holding AG                                                            ,Machinery                                            ,283.5     ,303.5      ,68.0               ,5.960759722914804   ,4.962881846104049  ,-2.585847398145862   ,86.33999999999999   ,1.2010682316755348
ALIG      ,Alimak Group AB (publ)                                                          ,Machinery                                            ,136.6     ,166.0      ,25.0               ,22.267836360930662  ,3.7086010746745424 ,16.225426543679188   ,100.0               ,6.004376289753632
ELO       ,Elopak ASA                                                                      ,Containers and Packaging                             ,50.9      ,55.4937    ,11.166199999999996 ,8.070219867491517   ,4.487070949401398  ,0.29085591064632527  ,95.62               ,1.798549645970749
THULE     ,Thule Group AB (publ)                                                           ,Leisure Products                                     ,214.4     ,285.0      ,50.0               ,29.78483249581574   ,4.88109372871957   ,20.967197398609148   ,100.0               ,6.102081654479728
BAR       ,Barco NV                                                                        ,Electronic Equipment Instruments and Components      ,11.74     ,14.25      ,4.0                ,19.987778215138626  ,6.9365132214602765 ,7.962040242689092    ,100.0               ,2.881531048380355
RNWH      ,Renew Holdings plc                                                              ,Construction and Engineering                         ,9.46      ,13.1       ,1.3000000000000007 ,36.704696476212014  ,2.8910003530681254 ,31.422424597416942   ,100.0               ,12.696192318779381
SDIPB     ,Sdiptech AB (publ)                                                              ,Commercial Services and Supplies                     ,174.7     ,275.0      ,55.0               ,52.61656014050853   ,6.565045109544818  ,40.78089312810579    ,100.0               ,8.01465325257402
UBI       ,Ubisoft Entertainment SA                                                        ,Entertainment                                        ,4.707     ,7.35       ,11.2               ,84.8436115833535    ,49.19248702060496  ,10.949514173552496   ,97.98               ,1.7247270207707852
ITAB      ,ITAB Shop Concept AB (publ)                                                     ,Commercial Services and Supplies                     ,18.64     ,29.75      ,5.0                ,65.83874098589597   ,5.959122417188801  ,57.89772101037408    ,100.0               ,11.048395447622841
MULTI     ,Multiconsult ASA                                                                ,Construction and Engineering                         ,171.5     ,190.0      ,20.0               ,10.762435247051574  ,2.3700932057401447 ,6.785401697470475    ,100.0               ,4.540933335864581
HSHP      ,Himalaya Shipping Ltd.                                                          ,Marine Transportation                                ,99.1      ,99.6843    ,37.3888            ,-5.360796694460524  ,7.985785401394343  ,-20.181534572770737  ,29.38               ,-0.671292355730535
CLOUD     ,Cloudberry Clean Energy ASA                                                     ,Independent Power and Renewable Electricity Producers,12.36     ,12.8       ,2.4000000000000004 ,3.596795189148413   ,3.962619252852443  ,-3.0314380307108384  ,79.95               ,0.9076812480934937
ECONB     ,Econocom Group SE                                                               ,IT Services                                          ,1.74      ,2.15       ,0.4500000000000002 ,16.90347669083584   ,5.771002850128458  ,6.085111220373114    ,100.0               ,2.9290362749447585
ALFEN     ,Alfen N.V.                                                                      ,Electrical Equipment                                 ,10.93     ,10.0       ,6.5                ,-3.6890581473361426 ,12.40463615841947  ,-23.305353274441497  ,37.26               ,-0.2973934987067111
REMEDY    ,Remedy Entertainment Oyj                                                        ,Entertainment                                        ,14.86     ,17.5       ,3.0                ,17.74397561584181   ,4.121284907779533  ,10.844204736940949   ,100.0               ,4.305447454590543
3291      ,Iida Group Holdings Co. Ltd.                                                    ,Household Durables                                   ,2519.0    ,2510.0     ,400.0              ,-3.2224119613662943 ,3.386228055820591  ,-9.407147606289408   ,18.22               ,-0.9516228405902216
4182      ,Mitsubishi Gas Chemical Company Inc.                                            ,Chemicals                                            ,3079.0    ,3100.0     ,960.0              ,1.0671375292840424  ,6.360242053832217  ,-9.540667680836636   ,56.03               ,0.16778253410042204
ESCORTS   ,Escorts Kubota Limited                                                          ,Machinery                                            ,3292.3    ,3801.0     ,1829.0             ,12.268823805117483  ,11.429207565222605 ,-7.842449997024029   ,83.91999999999999   ,1.0734623319336423
A241560   ,Doosan Bobcat Inc.                                                              ,Machinery                                            ,60200.0   ,71500.0    ,20000.0            ,26.034353997459178  ,7.262419836582648  ,16.0700303847793     ,100.0               ,3.584804319122057
4732      ,USS Co. Ltd.                                                                    ,Specialty Retail                                     ,1701.5    ,1860.0     ,750.0              ,9.934813243056057   ,8.970473099338236  ,-4.904171302040432   ,85.18               ,1.10750159250675
5233      ,Taiheiyo Cement Corporation                                                     ,Construction Materials                               ,4205.0    ,4350.0     ,1900.0             ,-1.2825870663867678 ,9.394836025056508  ,-18.199829375563883  ,48.41               ,-0.13652043132695904
5714      ,Dowa Holdings Co. Ltd.                                                          ,Metals and Mining                                    ,9564.0    ,6600.0     ,3600.0             ,-29.55813070601536  ,7.707146830460701  ,-42.0560246896487    ,0.0                 ,-3.835158633437959
1963      ,JGC Holdings Corporation                                                        ,Construction and Engineering                         ,2131.0    ,1800.0     ,650.0              ,-13.259400631119806 ,6.295288508747151  ,-23.083486254938737  ,1.81                ,-2.1062419319934564
532478    ,United Breweries Limited                                                        ,Beverages                                            ,1428.0    ,1787.0     ,920.0              ,33.13986963729715   ,13.487766480334233 ,12.884283608423058   ,100.0               ,2.457031687612368
3436      ,Sumco Corporation                                                               ,Semiconductors and Semiconductor Equipment           ,1570.0    ,1600.0     ,1050.0             ,-3.3090895531097333 ,13.805466971693852 ,-27.96644281190175   ,44.2                ,-0.23969414145095932
5021      ,Cosmo Energy Holdings Co. Ltd.                                                  ,Oil Gas and Consumable Fuels                         ,4553.0    ,4625.0     ,2300.0             ,0.48098965285692263 ,10.323345981706776 ,-17.05589769966042   ,52.72               ,0.04659241816647899
6302      ,Sumitomo Heavy Industries Ltd.                                                  ,Machinery                                            ,4741.0    ,3900.0     ,1100.0             ,-18.440094305765253 ,4.761813615316374  ,-26.56180160074812   ,0.0                 ,-3.872493926778799
A036570   ,NCSOFT Corporation                                                              ,Entertainment                                        ,236000.0  ,280000.0   ,150000.0           ,6.069424304816729   ,13.656309263878054 ,-19.10825252000108   ,67.86               ,0.4444410409531955
2267      ,Yakult Honsha Co.Ltd.                                                           ,Food Products                                        ,2461.0    ,2300.0     ,1700.0             ,5.688053665416352   ,14.88740499757168  ,-15.429213847380469  ,59.099999999999994  ,0.3820715340480187
7261      ,Mazda Motor Corporation                                                         ,Automobiles                                          ,1135.5    ,1130.0     ,700.0              ,0.7132364019156279  ,12.580726095576132 ,-20.085045350541677  ,51.12               ,0.05669278517767184
3405      ,Kuraray Co. Ltd.                                                                ,Chemicals                                            ,1634.5    ,1800.0     ,1420.0             ,21.8360117725531    ,18.27180959489832  ,-5.500875662333598   ,88.88000000000001   ,1.1950656369936092
7003      ,MITSUI E&S Co. Ltd.                                                             ,Machinery                                            ,6962.0    ,8050.0     ,500.0              ,15.650495728325268  ,1.4705125403346961 ,13.185072245365797   ,100.0               ,10.642884911925426
3529      ,eMemory Technology Inc.                                                         ,Semiconductors and Semiconductor Equipment           ,1905.0    ,2575.0     ,1565.0             ,57.34925904935022   ,18.532647888392496 ,33.148014036655056   ,100.0               ,3.094498929387723
3350      ,Metaplanet Inc.                                                                 ,Hotels Restaurants and Leisure                       ,456.0     ,1927.5     ,945.0              ,322.8954330407104   ,42.12556112993645  ,251.61077650593023   ,100.0               ,7.665071381357704
7564      ,Workman Co.Ltd.                                                                 ,Specialty Retail                                     ,6250.0    ,6400.0     ,2700.0             ,2.105748745712916   ,8.834260306236995  ,-12.981081305911117  ,59.86               ,0.23836163670955626
5076      ,INFRONEER Holdings Inc.                                                         ,Construction and Engineering                         ,2324.5    ,2550.0     ,1450.0             ,-3.9917654079997216 ,13.72485083022848  ,-29.316795378184498  ,45.16               ,-0.29084217070017293
9142      ,Kyushu Railway Company                                                          ,Ground Transportation                                ,3909.0    ,4430.0     ,2100.0             ,11.978368914320258  ,11.013771682043217 ,-6.841021399365168   ,84.03               ,1.0875810085885216
3481      ,Innolux Corporation                                                             ,Electronic Equipment Instruments and Components      ,21.3      ,18.1       ,13.4               ,-11.950094724156726 ,12.910149412430595 ,-32.27842031200776   ,19.71               ,-0.9256356640342616
539006    ,PTC Industries Limited                                                          ,Metals and Mining                                    ,18389.45  ,23005.0    ,4050.0             ,24.10144288592682   ,4.479342090624757  ,16.374142877705214   ,100.0               ,5.380576521800161
9899      ,NetEase Cloud Music Inc.                                                        ,Entertainment                                        ,184.8     ,339.3568   ,154.04840000000002 ,67.08182558746846   ,18.000846228913698 ,33.5944128121453     ,100.0               ,3.7265928909341426
3189      ,Kinsus Interconnect Technology Corp.                                            ,Semiconductors and Semiconductor Equipment           ,229.5     ,155.0      ,159.2915           ,-31.23594235064031  ,14.125682514555972 ,-54.434998278885544  ,0.53                ,-2.2112873001678235
AGL       ,AGL Energy Limited                                                              ,Multi-Utilities                                      ,8.97      ,11.525     ,3.09               ,26.02426876276448   ,7.092730401846245  ,13.407295668059085   ,100.0               ,3.6691467584881465
5110      ,Sumitomo Rubber Industries Ltd.                                                 ,Automobile Components                                ,2476.5    ,2700.0     ,1250.0             ,4.489269828664814   ,10.33809000828084  ,-13.947183859807676  ,67.47               ,0.4342455738989403
A454910   ,Doosan Robotics Inc.                                                            ,Machinery                                            ,119800.0  ,109000.0   ,42000.0            ,-9.1534586326512    ,7.066843832180066  ,-20.939705251024744  ,10.93               ,-1.2952682767615977
2474      ,Catcher Technology Co. Ltd.                                                     ,Technology Hardware Storage and Peripherals          ,202.5     ,205.0      ,80.0               ,-0.4041392679277713 ,8.120678947394355  ,-14.460812916033385  ,50.019999999999996  ,-0.049766684601839306
AM        ,Antero Midstream Corporation                                                    ,Oil Gas and Consumable Fuels                         ,18.72     ,19.0       ,3.0                ,-0.22786889908285884,3.3339622564179243 ,-6.198058202926765   ,51.61               ,-0.06834777407698843
CSCO      ,Cisco Systems Inc.                                                              ,Communications Equipment                             ,78.43     ,87.0       ,33.0               ,8.07233339743845    ,8.662713101311109  ,-7.014315669086244   ,80.49               ,0.9318481753963082
TMUS      ,T-Mobile US Inc.                                                                ,Wireless Telecommunication Services                  ,189.28    ,270.0      ,90.0               ,41.03999045195394   ,9.81870255936853   ,24.07518715826736    ,100.0               ,4.17977733858488
SHOP      ,Shopify Inc.                                                                    ,IT Services                                          ,143.64    ,181.0      ,70.0               ,18.523012627622037  ,10.25202807779137  ,-0.2645747255893263  ,94.78999999999999   ,1.8067656942676373
NCH2      ,thyssenkrupp nucera AG & Co. KGaA                                               ,Construction and Engineering                         ,9.025     ,10.0       ,6.800000000000001  ,22.614486495598427  ,16.060927861667206 ,-0.5886114483821625  ,94.31               ,1.4080435881648328
APP       ,AppLovin Corporation                                                            ,Software                                             ,569.24    ,760.5      ,402.0              ,21.816298149210063  ,15.1231057487472   ,-5.823587773559264   ,89.75               ,1.4425805460639147
DOU       ,Douglas AG                                                                      ,Specialty Retail                                     ,10.54     ,13.3       ,8.5                ,47.69815848659598   ,18.0174335257453   ,24.20178768246519    ,100.0               ,2.647333673713272
RSW       ,Renishaw plc                                                                    ,Electronic Equipment Instruments and Components      ,37.2      ,36.5       ,10.75              ,3.147508048569121   ,6.07844090785884   ,-5.4146157976138145  ,63.78               ,0.5178150279456851
VRT       ,Vertiv Holdings Co                                                              ,Electrical Equipment                                 ,195.1     ,202.0      ,102.0              ,2.2015949808833892  ,10.643247651065323 ,-15.856036295543122  ,59.18               ,0.20685368348663982
HLT       ,Hilton Worldwide Holdings Inc.                                                  ,Hotels Restaurants and Leisure                       ,299.28    ,300.0      ,105.0              ,-2.8390751127968215 ,7.232513015133119  ,-15.582922628901231  ,38.0                ,-0.39254338109816267
MSI       ,Motorola Solutions Inc.                                                         ,Communications Equipment                             ,403.15    ,502.5      ,89.0               ,21.00709333445349   ,4.635167335168696  ,12.55398636155157    ,100.0               ,4.5321111009445225
MGM       ,MGM Resorts International                                                       ,Hotels Restaurants and Leisure                       ,33.34     ,41.5       ,31.0               ,34.49792368887198   ,19.43876368420861  ,5.188671794648349    ,98.31               ,1.7746974164255578
NBR       ,Nabors Industries Ltd.                                                          ,Energy Equipment and Services                        ,67.06     ,62.0       ,47.0               ,-12.94055863927523  ,14.379441771703636 ,-38.34855537984734   ,19.7                ,-0.8999347015501054
WCN       ,Waste Connections Inc.                                                          ,Commercial Services and Supplies                     ,167.23    ,207.0      ,68.0               ,15.177309197187157  ,8.885322485242028  ,-1.1848280503343909  ,93.44               ,1.708132622355095
MLM       ,Martin Marietta Materials Inc.                                                  ,Construction Materials                               ,653.33    ,690.0      ,318.0              ,-3.8269361267807107 ,10.497598970335039 ,-23.111555511897333  ,42.199999999999996  ,-0.3645534695691058
WAB       ,Westinghouse Air Brake Technologies Corporation                                 ,Machinery                                            ,232.63    ,251.5      ,76.0               ,5.407638008708773   ,6.749717506530236  ,-6.519469421360858   ,77.58               ,0.8011650863131643
ROL       ,Rollins Inc.                                                                    ,Commercial Services and Supplies                     ,63.03     ,68.5       ,22.0               ,0.7144066295034903  ,7.662668428222694  ,-13.546982854924241  ,58.45               ,0.09323209482381221
QTWO      ,Q2 Holdings Inc.                                                                ,Software                                             ,61.41     ,89.5       ,32.0               ,50.76821054180433   ,10.785471598840441 ,34.12476067768927    ,100.0               ,4.707092321049965
KHC       ,The Kraft Heinz Company                                                         ,Food Products                                        ,23.14     ,25.0       ,29.0               ,41.55283069805719   ,28.248808115359676 ,3.9144659030863798   ,98.42               ,1.470958722519119
LGND      ,Ligand Pharmaceuticals Incorporated                                             ,Pharmaceuticals                                      ,195.17    ,235.0      ,55.0               ,24.68083282120408   ,5.953352893244649  ,15.899441931380077   ,100.0               ,4.145702978435859
GFS       ,GlobalFoundries Inc.                                                            ,Semiconductors and Semiconductor Equipment           ,44.46     ,40.0       ,15.0               ,-6.284174143429658  ,7.108088451753212  ,-17.05511487740518   ,21.0                ,-0.8840877805733641
CW        ,Curtiss-Wright Corporation                                                      ,Aerospace and Defense                                ,663.9     ,640.0      ,78.0               ,-3.6966873047661766 ,2.4061046197203213 ,-7.77539132110424    ,6.660000000000001   ,-1.5363784577230348
RPRX      ,Royalty Pharma plc                                                              ,Pharmaceuticals                                      ,40.86     ,45.0       ,18.0               ,13.446108940728358  ,9.125748509215441  ,-0.9396626066686815  ,93.56               ,1.473425322553004
HUM       ,Humana Inc.                                                                     ,Health Care Providers and Services                   ,196.67    ,285.0      ,138.0              ,44.62320132320332   ,14.524520079143292 ,20.292558546834485   ,100.0               ,3.072266834294972
KAI       ,Kadant Inc.                                                                     ,Machinery                                            ,323.96    ,340.0      ,85.0               ,4.399418891934904   ,5.338424356086707  ,-4.657291091401284   ,77.83               ,0.8241043795851154
SW        ,Smurfit Westrock Plc                                                            ,Containers and Packaging                             ,42.12     ,51.5       ,18.0               ,26.28492325109616   ,8.877797933396165  ,12.525150135035753   ,100.0               ,2.960748087340277
NI        ,NiSource Inc.                                                                   ,Multi-Utilities                                      ,44.65     ,47.0       ,9.0                ,3.0514989732622997  ,4.179569769415806  ,-4.415701080771408   ,75.48               ,0.7300988239487671
ALB       ,Albemarle Corporation                                                           ,Chemicals                                            ,180.7     ,185.0      ,146.72             ,-8.115318154381038  ,16.945626950385627 ,-38.59334665742677   ,36.199999999999996  ,-0.47890338776732955
GRAB      ,Grab Holdings Limited                                                           ,Ground Transportation                                ,4.47      ,6.95       ,2.4000000000000004 ,53.39937379574742   ,11.02079814731982  ,34.56640546442313    ,100.0               ,4.845327269580178
IFF       ,International Flavors & Fragrances Inc.                                         ,Chemicals                                            ,69.6      ,83.0       ,39.0               ,21.61637356558509   ,11.475453941050635 ,3.2035481449102114   ,98.21               ,1.8837053136745894
CRTO      ,Criteo S.A.                                                                     ,Media                                                ,19.76     ,36.0       ,25.0               ,86.90838282299582   ,25.99739228907931  ,45.14430938777704    ,100.0               ,3.342965396552611
RDWR      ,Radware Ltd.                                                                    ,Software                                             ,24.26     ,32.0       ,10.0               ,26.357416156896054  ,8.605021734540236  ,10.925731687218173   ,100.0               ,3.063027261290738
INSP      ,Inspire Medical Systems Inc.                                                    ,Health Care Equipment and Supplies                   ,78.54     ,127.0      ,99.0               ,64.56792693754632   ,25.687628387502265 ,22.136925164018834   ,100.0               ,2.51358069976442
FSLY      ,Fastly Inc.                                                                     ,IT Services                                          ,9.62      ,11.0       ,7.0                ,10.800631693961476  ,15.055263053009313 ,-14.947315477934142  ,75.05               ,0.717399068746434
MH        ,McGraw Hill Inc.                                                                ,Diversified Consumer Services                        ,14.83     ,21.0       ,11.0               ,43.89951976648817   ,15.145182986324027 ,19.307064984919165   ,100.0               ,2.8985796874246463
HCSG      ,Healthcare Services Group Inc.                                                  ,Commercial Services and Supplies                     ,18.62     ,21.0       ,4.0                ,16.327319678224345  ,4.544353493062761  ,9.893552796462268    ,100.0               ,3.5928806381697673
ARVN      ,Arvinas Inc.                                                                    ,Pharmaceuticals                                      ,13.38     ,14.0       ,12.0               ,-5.4014359329573445 ,18.5041500455235   ,-38.86746444951206   ,43.19               ,-0.2919040279974412
DAO       ,Youdao Inc.                                                                     ,Diversified Consumer Services                        ,10.54     ,12.4406    ,6.913900000000002  ,23.789557602591643  ,13.542832272444178 ,2.723559719497049    ,97.61               ,1.7566161290350353
CXT       ,Crane NXT Co.                                                                   ,Electronic Equipment Instruments and Components      ,50.69     ,80.0       ,23.0               ,49.29811116798555   ,9.737376782339831  ,31.20688636923629    ,100.0               ,5.062771244242592
TTE       ,TotalEnergies SE                                                                ,Oil Gas and Consumable Fuels                         ,60.82     ,62.0186    ,24.245399999999997 ,3.9598479918711353  ,8.218809994185015  ,-9.088532911383757   ,66.92               ,0.4818030827665821
RUS       ,Russel Metals Inc.                                                              ,Trading Companies and Distributors                   ,48.56     ,50.0       ,13.0               ,7.770893876641619   ,5.687684923288557  ,-0.2979248106055508  ,93.73               ,1.3662665885065541
CHEF      ,The Chefs' Warehouse Inc.                                                       ,Consumer Staples Distribution and Retail             ,62.96     ,76.5       ,19.0               ,20.54068514423806   ,6.17549001049774   ,9.92928062254875     ,100.0               ,3.326162799926948
FLNG      ,FLEX LNG Ltd.                                                                   ,Oil Gas and Consumable Fuels                         ,26.7      ,26.7       ,1.8999999999999986 ,-1.8886427635373548 ,1.6034495832724989 ,-4.898364074494354   ,10.299999999999999  ,-1.177862268474199
CXW       ,CoreCivic Inc.                                                                  ,Commercial Services and Supplies                     ,18.75     ,29.75      ,4.0                ,59.56018576193985   ,4.376918927975896  ,52.48554134960504    ,100.0               ,13.607788204905917
PRCH      ,Porch Group Inc.                                                                ,Software                                             ,8.0       ,18.0       ,9.0                ,120.73848436366355  ,22.996633792393293 ,81.42488180205274    ,100.0               ,5.250267732819261
LEG       ,Leggett & Platt Incorporated                                                    ,Household Durables                                   ,11.77     ,12.5       ,1.0                ,6.229032879752649   ,1.7299919807496411 ,3.345449574368187    ,100.0               ,3.6006137306217343
NSP       ,Insperity Inc.                                                                  ,Professional Services                                ,40.86     ,37.5       ,28.0               ,8.92886694609999    ,15.291650063118063 ,-11.322099726940666  ,64.91               ,0.5839047394653327
VERX      ,Vertex Inc.                                                                     ,Software                                             ,18.7      ,26.0       ,15.0               ,51.11060592343319   ,16.7452654397704   ,26.851973488794744   ,100.0               ,3.0522422058502756
LZB       ,La-Z-Boy Incorporated                                                           ,Household Durables                                   ,36.77     ,42.5       ,7.0                ,15.586127863086013  ,3.879718236503405  ,9.113121588061139    ,100.0               ,4.017335000371832
QDEL      ,QuidelOrtho Corporation                                                         ,Health Care Equipment and Supplies                   ,27.41     ,35.0       ,38.0               ,42.217022368603644  ,28.80239746441592  ,-1.9617703431337272  ,93.84               ,1.4657468157211875
SFL       ,SFL Corporation Ltd.                                                            ,Oil Gas and Consumable Fuels                         ,8.83      ,9.35       ,3.0                ,6.87921575645752    ,6.953163670162135  ,-4.401575255944672   ,82.69               ,0.9893648535814071
8069      ,E Ink Holdings Inc.                                                             ,Electronic Equipment Instruments and Components      ,176.5     ,268.0      ,150.0              ,56.4458900109469    ,17.336782053970445 ,28.91142892458329    ,100.0               ,3.255845856239494
4904      ,Far EasTone Telecommunications Co. Ltd.                                         ,Wireless Telecommunication Services                  ,89.0      ,103.0      ,24.0               ,15.700195928219674  ,5.473313602801075  ,6.560268726833204    ,100.0               ,2.8684992433440675
3037      ,Unimicron Technology Corp.                                                      ,Electronic Equipment Instruments and Components      ,344.5     ,300.0      ,329.25             ,-15.88925530406317  ,19.52392852779964  ,-49.10577202044465   ,22.439999999999998  ,-0.8138349452283055
3036      ,WT Microelectronics Co. Ltd.                                                    ,Electronic Equipment Instruments and Components      ,159.0     ,180.0      ,50.0               ,10.239062010766382  ,6.543074426155022  ,-1.4794722252156158  ,92.12               ,1.5648701732380068
2059      ,King Slide Works Co. Ltd.                                                       ,Technology Hardware Storage and Peripherals          ,3205.0    ,4750.0     ,1315.0             ,38.65922306336733   ,9.111448265182595  ,21.541553574750544   ,100.0               ,4.242928449815721
LGEINDIA  ,LG Electronics India Limited                                                    ,Household Durables                                   ,1412.8    ,1840.236   ,600.0              ,28.17252210717633   ,8.740710170780213  ,13.173609361344958   ,100.0               ,3.2231388018511082
XRO       ,Xero Limited                                                                    ,Software                                             ,94.9      ,176.8345   ,129.7946           ,77.4907952543091    ,28.005404397011205 ,28.34842165867673    ,100.0               ,2.7669943328002464
SOLS      ,Solstice Advanced Materials Inc.                                                ,Chemicals                                            ,63.59     ,66.0       ,21.0               ,2.219057490885721   ,6.762197200159129  ,-9.481476368533178   ,63.67               ,0.3281562819305982
LAD       ,Lithia Motors Inc.                                                              ,Specialty Retail                                     ,327.07    ,399.5      ,190.0              ,23.31918083562791   ,11.90937406970463  ,3.6885429062360413   ,98.22               ,1.9580525978227388
PSN       ,Parsons Corporation                                                             ,Professional Services                                ,70.9      ,82.0       ,29.0               ,22.705600846485428  ,8.659811024542256  ,10.439917353938332   ,100.0               ,2.621951077470032
R         ,Ryder System Inc.                                                               ,Ground Transportation                                ,192.42    ,210.0      ,53.0               ,13.786139283485012  ,5.865751246702418  ,5.375172294142749    ,100.0               ,2.3502768364470352
GFL       ,GFL Environmental Inc.                                                          ,Commercial Services and Supplies                     ,58.28     ,74.5       ,29.0               ,27.939636765654654  ,10.065296519123175 ,10.969316348421438   ,100.0               ,2.7758384179315345
LCII      ,LCI Industries                                                                  ,Automobile Components                                ,149.38    ,130.0      ,45.0               ,-14.131482801662715 ,6.138673762656569  ,-24.65178135499978   ,0.04                ,-2.3020416702429847
TSEM      ,Tower Semiconductor Ltd.                                                        ,Semiconductors and Semiconductor Equipment           ,134.71    ,135.0      ,36.0               ,-1.186171879168068  ,5.446069563992356  ,-10.737785588471315  ,43.81               ,-0.2178032919393192
NWE       ,NorthWestern Energy Group Inc.                                                  ,Multi-Utilities                                      ,67.63     ,64.0       ,16.0               ,-8.321060759785125  ,4.958007885236887  ,-17.148761568279888  ,2.04                ,-1.6783072863926185
QS        ,QuantumScape Corporation                                                        ,Automobile Components                                ,9.855     ,10.5       ,13.5               ,-1.7707006145363913 ,27.890059854227903 ,-50.14359643623817   ,50.13999999999999   ,-0.06348859141182402
HUBS      ,HubSpot Inc.                                                                    ,Software                                             ,281.53    ,550.0      ,416.56             ,105.19471795708439  ,30.696609572329272 ,55.90064159940367    ,100.0               ,3.4269165038965625
SN        ,SharkNinja Inc.                                                                 ,Household Durables                                   ,119.35    ,140.0      ,65.0               ,18.707901738126534  ,11.118705771539236 ,0.717173527178229    ,95.81               ,1.6825610932176573
SAM       ,The Boston Beer Company Inc.                                                    ,Beverages                                            ,209.74    ,233.5      ,134.0              ,19.714009262772805  ,13.516659808735065 ,-0.3067427244185504  ,94.55               ,1.4584971096211756
ASND      ,Ascendis Pharma A/S                                                             ,Biotechnology                                        ,223.95    ,261.3857   ,94.13810000000001  ,26.555657218133252  ,9.202782676228821  ,14.08638651196465    ,100.0               ,2.885611684249335
NBIX      ,Neurocrine Biosciences Inc.                                                     ,Biotechnology                                        ,137.96    ,179.0      ,56.91              ,28.07523551098799   ,8.469047750888226  ,13.47648344616378    ,100.0               ,3.3150404079423788
AUR       ,Aurora Innovation Inc.                                                          ,Software                                             ,4.51      ,12.0       ,11.41              ,126.97455521870396  ,53.34849981323351  ,28.373876976481306   ,98.97               ,2.3800960788630636
CRSP      ,CRISPR Therapeutics AG                                                          ,Biotechnology                                        ,53.35     ,77.0       ,284.0              ,166.43671109694463  ,117.8390200423131  ,6.78781595341913     ,96.35000000000001   ,1.4124074609342585
SCI       ,Service Corporation International                                               ,Diversified Consumer Services                        ,79.8      ,96.5       ,20.0               ,23.88245051790006   ,5.232170380763336  ,16.01810304783666    ,100.0               ,4.564539909806183
WFG       ,West Fraser Timber Co. Ltd.                                                     ,Paper and Forest Products                            ,93.85     ,103.7259   ,15.191500000000005 ,10.513475355302093  ,3.3269838617188614 ,4.91936094793835     ,100.0               ,3.1600620238267054
CPA       ,Copa Holdings S.A.                                                              ,Passenger Airlines                                   ,132.8     ,158.0      ,64.0               ,19.06393351029923   ,9.84045911322761   ,2.7620089322274346   ,97.78999999999999   ,1.9373012265935199
CFLT      ,Confluent Inc.                                                                  ,Software                                             ,30.57     ,31.0       ,5.0                ,-3.9501108858942287 ,3.814771229890229  ,-11.154925307764065  ,17.0                ,-1.035477790894395
AR        ,Antero Resources Corporation                                                    ,Oil Gas and Consumable Fuels                         ,35.3      ,46.0       ,29.0               ,19.98374563349427   ,17.123432158927475 ,-10.93275373571755   ,85.24000000000001   ,1.1670408974100173
TMHC      ,Taylor Morrison Home Corporation                                                ,Household Durables                                   ,61.55     ,72.0       ,33.0               ,23.889198321392197  ,11.24534919131143  ,7.03066277845926     ,100.0               ,2.1243625177820062
THC       ,Tenet Healthcare Corporation                                                    ,Health Care Providers and Services                   ,189.49    ,240.0      ,98.0               ,20.086238624507526  ,10.810954169609067 ,0.4845924327347004   ,95.52000000000001   ,1.857952435037828
SITE      ,SiteOne Landscape Supply Inc.                                                   ,Trading Companies and Distributors                   ,143.16    ,150.5      ,51.0               ,9.370464128075078   ,7.448098410709333  ,-1.7635344353758653  ,90.09               ,1.2581015463761394
PAG       ,Penske Automotive Group Inc.                                                    ,Specialty Retail                                     ,156.67    ,180.0      ,45.0               ,13.811045330690831  ,5.871779569119707  ,3.6544337615763944   ,99.76               ,2.3521055530293644
PPC       ,Pilgrim's Pride Corporation                                                     ,Food Products                                        ,43.43     ,42.0       ,16.0               ,5.830866461979091   ,8.143909495643904  ,-4.931618433917856   ,70.58               ,0.7159787894374272
LBRDK     ,Liberty Broadband Corporation                                                   ,Media                                                ,44.58     ,73.0       ,72.0               ,72.9547419764487    ,33.40658226317041  ,19.32857290077831    ,99.91               ,2.183843333679745
TEX       ,Terex Corporation                                                               ,Machinery                                            ,57.68     ,64.015     ,27.0               ,10.377019672787247  ,9.506991202733214  ,-5.718191056755355   ,84.36               ,1.0915145971528724
GNRC      ,Generac Holdings Inc.                                                           ,Electrical Equipment                                 ,170.01    ,202.0      ,64.0               ,19.684652629818878  ,7.686293527094321  ,6.909398818765549    ,100.0               ,2.5610071434860155
OC        ,Owens Corning                                                                   ,Building Products                                    ,119.88    ,136.5      ,56.0               ,14.778168137337195  ,9.519020712104583  ,-0.984508967486841   ,93.7                ,1.5524882846977077
CGNX      ,Cognex Corporation                                                              ,Electronic Equipment Instruments and Components      ,39.09     ,49.5       ,23.0               ,21.5854557250994    ,12.034499251904865 ,-0.03086204436656135 ,94.97               ,1.7936313986377768
WTS       ,Watts Water Technologies Inc.                                                   ,Machinery                                            ,297.61    ,300.0      ,73.0               ,1.5486427653553236  ,4.958665556256958  ,-6.530907200518307   ,61.419999999999995  ,0.31231038830622704
U         ,Unity Software Inc.                                                             ,Software                                             ,38.4      ,50.0       ,42.0               ,10.701187080474405  ,23.486353470656695 ,-31.516865695063807  ,67.78999999999999   ,0.45563425134703095
CRK       ,Comstock Resources Inc.                                                         ,Oil Gas and Consumable Fuels                         ,23.35     ,22.0       ,21.0               ,-15.711954750782844 ,18.656527373291606 ,-49.580506239369164  ,21.75               ,-0.8421693081680267
TYL       ,Tyler Technologies Inc.                                                         ,Software                                             ,380.0     ,600.0      ,330.0              ,64.08917885120772   ,17.735607883691063 ,35.89987777066149    ,100.0               ,3.6135879453075583
DAR       ,Darling Ingredients Inc.                                                        ,Food Products                                        ,45.9      ,48.0       ,24.0               ,4.40195031563732    ,10.704255673624713 ,-13.635939402978439  ,65.7                ,0.411233667230476
AVTR      ,Avantor Inc.                                                                    ,Life Sciences Tools and Services                     ,10.81     ,12.25      ,10.0               ,23.806029110186007  ,19.274347896589617 ,-5.136134553553742   ,89.67               ,1.235114632044087
PAYC      ,Paycom Software Inc.                                                            ,Professional Services                                ,134.34    ,190.0      ,85.0               ,50.26438428409833   ,13.277759765769684 ,30.51141059796874    ,100.0               ,3.7856072990325416
CLBT      ,Cellebrite DI Ltd.                                                              ,Software                                             ,15.29     ,24.0       ,5.0                ,63.497162409931235  ,7.079880785570303  ,53.67039770017052    ,100.0               ,8.968676780454626
MM        ,Mahindra & Mahindra Limited                                                     ,Automobiles                                          ,3384.4    ,4250.6605  ,921.0              ,21.907018292504542  ,5.640035577686094  ,11.651811702139236   ,100.0               ,3.8841985995932697
AFISH     ,Arctic Fish Holding AS                                                          ,Food Products                                        ,30.0      ,45.0       ,10.0               ,49.9728309734391    ,6.810423943455502  ,38.607037625199865   ,100.0               ,7.337697533713837
A402340   ,SK Square Co. Ltd.                                                              ,Industrial Conglomerates                             ,531000.0  ,407000.0   ,290000.0           ,-17.44551815382674  ,11.238128078430702 ,-34.620117784051736  ,8.06                ,-1.5523508926108307
9999      ,NetEase Inc.                                                                    ,Entertainment                                        ,206.6     ,265.9343   ,170.02479999999997 ,17.675462645809368  ,17.29105461967719  ,-13.549705102915858  ,81.84               ,1.02223161250643
SITOWS    ,Sitowise Group Oyj                                                              ,Construction and Engineering                         ,2.4       ,2.3        ,0.5                ,0.054238561012128574,4.5113217325992965 ,-6.185881541821105   ,45.36               ,0.012022764995942296
EOLUB     ,Eolus Aktiebolag (publ)                                                         ,Construction and Engineering                         ,34.2      ,58.5       ,53.0               ,72.01603215982793   ,31.440869143507783 ,19.217709569351868   ,99.7                ,2.290522944232873
SRV1V     ,SRV Yhtiöt Oyj                                                                  ,Construction and Engineering                         ,5.2       ,4.9        ,0.20000000000000018,-5.776390785142303  ,0.7817993380133392 ,-7.090210012137046   ,0.0                 ,-7.388584901876375
4003      ,United Electronics Company                                                      ,Specialty Retail                                     ,87.95     ,109.15     ,36.0               ,33.725265443693466  ,9.060118975493012  ,21.68741286697029    ,100.0               ,3.722386597231002
SIGMAFA   ,Sigma Foods S.A.B. de C.V.                                                      ,Food Products                                        ,17.5      ,20.0       ,6.0                ,14.183977480290356  ,7.012242731420142  ,2.5064805076231806   ,98.47               ,2.0227447941491565
SPINNEYS  ,Spinneys 1961 Holding plc                                                       ,Consumer Staples Distribution and Retail             ,1.55      ,2.05       ,0.10000000000000009,32.24398319616768   ,1.3146688385124012 ,30.039562065603754   ,100.0               ,24.52631586875749
ASAI3     ,Sendas Distribuidora S.A.                                                       ,Consumer Staples Distribution and Retail             ,8.67      ,12.0       ,6.5                ,36.55373422777081   ,15.183589205293448 ,10.500650054114393   ,99.89               ,2.4074501577681713
ADNOCLS   ,ADNOC Logistics & Services plc                                                  ,Oil Gas and Consumable Fuels                         ,5.68      ,6.85       ,1.4499999999999993 ,20.876621892486252  ,5.201462857255424  ,12.325654036571361   ,100.0               ,4.013605876924765
HUMANSOFT ,Humansoft Holding Company K.S.C.P.                                              ,Diversified Consumer Services                        ,2.646     ,3.475      ,0.10000000000000009,30.711075181586132  ,0.8012233243213669 ,29.238343155161      ,100.0               ,38.33023109705187
IQCD      ,Industries Qatar Q.P.S.C.                                                       ,Industrial Conglomerates                             ,12.72     ,14.6       ,5.800000000000001  ,17.340474835793216  ,9.35998535259135   ,2.2161220947114786   ,97.85000000000001   ,1.8526177320344241
GUAR3     ,Guararapes Confecções S.A.                                                      ,Textiles Apparel and Luxury Goods                    ,9.7       ,13.0       ,7.0                ,37.562488552081895  ,14.654067488749181 ,14.06122908446623    ,100.0               ,2.5632807123974897
TOTS3     ,TOTVS S.A.                                                                      ,Software                                             ,45.85     ,53.5       ,34.2               ,4.170588952047241   ,15.993404261568386 ,-25.18994182976511   ,63.080000000000005  ,0.2607693073868598
ADNOCDRILL,ADNOC Drilling Company P.J.S.C.                                                 ,Energy Equipment and Services                        ,5.42      ,6.6009     ,2.1893000000000002 ,23.087562113278945  ,8.25480824644507   ,9.6327737688939      ,100.0               ,2.7968623163622968
ADNHC     ,ADNH Catering PLC                                                               ,Hotels Restaurants and Leisure                       ,0.744     ,1.18       ,0.24               ,58.558093750465055  ,6.649142988452296  ,47.39615131261583    ,100.0               ,8.806863358505616
PMR       ,Premier Group Limited                                                           ,Food Products                                        ,184.03    ,178.0      ,48.0               ,-1.2074511338629177 ,5.3874018137988315 ,-9.609534290484396   ,39.22               ,-0.2241249447498524
6789      ,VisEra Technologies Company Ltd.                                                ,Semiconductors and Semiconductor Equipment           ,290.0     ,250.0      ,88.0               ,-12.437987940876113 ,6.286110649774282  ,-22.714594150366626  ,2.33                ,-1.978646039474779
EMPOWER   ,Emirates Central Cooling Systems Corporation                                    ,Water Utilities                                      ,1.75      ,2.05       ,0.8                ,19.00346568789475   ,9.411536866037192  ,3.75371854555273     ,99.25               ,2.0191671093029804
2020      ,2020 Bulkers Ltd.                                                               ,Marine Transportation                                ,141.4     ,141.2434   ,25.002499999999998 ,4.999532844694423   ,4.005960498802916  ,-0.31795774014274025 ,91.75999999999999   ,1.2480235005283782
GLE       ,MJ Gleeson plc                                                                  ,Household Durables                                   ,3.93      ,5.0        ,2.2                ,28.889838201287308  ,11.438826705999778 ,10.133484959924473   ,100.0               ,2.5255945337588077
MIPS      ,Mips AB (publ)                                                                  ,Leisure Products                                     ,279.4     ,520.0      ,190.0              ,94.40308924645568   ,14.125483142308852 ,73.46424619021458    ,100.0               ,6.683175951957224
LPE       ,Laurent-Perrier S.A.                                                            ,Beverages                                            ,91.0      ,109.0      ,29.0               ,17.88410795798541   ,6.544956146528646  ,6.468357981807867    ,100.0               ,2.7325023357827836
KEMPOWR   ,Kempower Oyj                                                                    ,Electrical Equipment                                 ,16.56     ,17.5       ,7.0                ,1.4969443245209877  ,8.698623296534294  ,-13.837151664139485  ,58.730000000000004  ,0.17208979783242256
RAIVV     ,Raisio plc                                                                      ,Food Products                                        ,2.74      ,3.0        ,0.40000000000000036,9.438280744089914   ,2.9811195302102607 ,4.445551833270424    ,100.0               ,3.1660188893614154
NORBT     ,Norbit ASA                                                                      ,Electronic Equipment Instruments and Components      ,182.6     ,207.5      ,65.0               ,13.646691996515857  ,7.259235036560761  ,1.445439230646484    ,97.15               ,1.8799077213762883
ANORA     ,Anora Group Oyj                                                                 ,Beverages                                            ,4.245     ,3.8        ,1.6999999999999997 ,-3.3280144007469525 ,8.51953161576486   ,-15.609144074992725  ,33.01               ,-0.3906334938165697
REG1V     ,Revenio Group Oyj                                                               ,Health Care Equipment and Supplies                   ,20.3      ,26.0       ,2.5                ,32.14105480793769   ,2.9023119624069262 ,28.390157643924262   ,100.0               ,11.074293606012871
COOR      ,Coor Service Management Holding AB                                              ,Commercial Services and Supplies                     ,53.85     ,57.25      ,12.0               ,7.221902159785935   ,4.5602628849234765 ,-0.1137580934481299  ,94.66               ,1.583659175365089
FIA1S     ,Finnair Oyj                                                                     ,Passenger Airlines                                   ,2.938     ,2.6        ,0.20000000000000018,-11.496298515436147 ,1.3967634524653556 ,-13.828425593521215  ,0.0                 ,-8.23066962064666
KAR       ,Karnov Group AB (publ)                                                          ,Interactive Media and Services                       ,98.1      ,125.0      ,7.0                ,29.78234793067784   ,1.6807570571065635 ,27.586476168113318   ,100.0               ,17.719603082880035
KID       ,Kid ASA                                                                         ,Specialty Retail                                     ,124.6     ,140.0      ,50.0               ,20.254589291942363  ,8.551389026666167  ,8.275429996885034    ,100.0               ,2.368573015305654
STORYB    ,Storytel AB (publ)                                                              ,Media                                                ,85.85     ,109.0      ,29.0               ,28.068740152946738  ,6.943953017956754  ,16.913603301586342   ,100.0               ,4.042184628893978
NOHO      ,NoHo Partners Oyj                                                               ,Hotels Restaurants and Leisure                       ,8.04      ,10.0       ,2.0                ,21.063944786954014  ,5.2001782624716455 ,11.625816856241165   ,100.0               ,4.050619752589466
ODF       ,Odfjell SE                                                                      ,Marine Transportation                                ,133.4     ,137.1114   ,56.754299999999986 ,4.408866007356397   ,8.693837869370718  ,-9.70181093890258    ,67.77               ,0.5071254000364194
PZC       ,PZ Cussons plc                                                                  ,Personal Care Products                               ,0.714     ,1.2        ,0.25               ,61.056337211291385  ,7.620806543909623  ,46.926670390057154   ,100.0               ,8.011794664973648
LSS       ,Lectra SA                                                                       ,Software                                             ,22.7      ,28.5       ,5.0                ,31.450624849048467  ,4.9703320524892085 ,24.89807967537644    ,100.0               ,6.327670770667641
MOWI      ,Mowi ASA                                                                        ,Food Products                                        ,221.0     ,251.3011   ,44.94420000000002  ,12.006282871169116  ,4.181492506318191  ,4.601714790568575    ,100.0               ,2.8712912561789237
DSY       ,Dassault Systèmes SE                                                            ,Software                                             ,22.91     ,28.625     ,22.0               ,34.81131024554204   ,19.88753557878362  ,4.066681362803073    ,97.76               ,1.7504084459152078
ML        ,Compagnie Générale des Établissements Michelin Société en commandite par actions,Automobile Components                                ,31.34     ,31.75      ,13.0               ,0.8619897628899452  ,8.459825048535167  ,-13.68018648273271   ,54.449999999999996  ,0.10189215000837401
YAR       ,Yara International ASA                                                          ,Chemicals                                            ,445.7     ,412.8665   ,205.0              ,-11.1708912865639   ,9.475037064890854  ,-27.878552282957084  ,12.25               ,-1.1789812757521474
YPSN      ,Ypsomed Holding AG                                                              ,Health Care Equipment and Supplies                   ,307.0     ,410.0      ,166.0              ,29.814048784832323  ,11.09949093655914  ,10.12233319943295    ,100.0               ,2.6860735285283925
HEIA      ,Heineken N.V.                                                                   ,Beverages                                            ,68.8      ,85.0       ,59.379999999999995 ,32.51101712212465   ,17.882729622042614 ,5.048872379220336    ,98.34               ,1.8180120042776307
HEIO      ,Heineken Holding N.V.                                                           ,Beverages                                            ,62.2      ,107.0      ,14.0               ,71.97337650459347   ,4.615844336575297  ,64.14771859692328    ,100.0               ,15.592678447643184
VOE       ,Voestalpine AG                                                                  ,Metals and Mining                                    ,39.26     ,41.35      ,14.0               ,4.645331893144195   ,7.287642849628136  ,-7.774751826364649   ,72.39               ,0.6374258438558402
ELK       ,Elkem ASA                                                                       ,Chemicals                                            ,28.46     ,32.05      ,10.0               ,10.08433247462254   ,7.2120225976002725 ,-2.6988326087819647  ,89.82               ,1.3982668992160396
AKRBP     ,Aker BP ASA                                                                     ,Oil Gas and Consumable Fuels                         ,283.2     ,265.0      ,170.0              ,-13.35735317703194  ,12.472315710541043 ,-35.92296180946248   ,14.729999999999999  ,-1.0709601558388153
SANOMA    ,Sanoma Oyj                                                                      ,Media                                                ,9.65      ,12.1       ,2.6999999999999993 ,29.214922654071316  ,5.844003033150086  ,20.530853255469662   ,100.0               ,4.999128591882957
WAWI      ,Wallenius Wilhelmsen ASA                                                        ,Marine Transportation                                ,108.5     ,87.4035    ,56.4283            ,-20.825239931554627 ,10.545495761717653 ,-38.8769370560577    ,1.6099999999999999  ,-1.974799516505861
LATOB     ,Investment AB Latour (publ)                                                     ,Industrial Conglomerates                             ,222.8     ,273.0      ,54.0               ,22.47531933831268   ,4.975940726794936  ,14.196198802193663   ,100.0               ,4.516798043289657
BTRW      ,Barratt Redrow plc                                                              ,Household Durables                                   ,3.932     ,4.7        ,1.5999999999999996 ,21.24017961343805   ,8.286393051833054  ,7.875253726824644    ,100.0               ,2.56325997096402
SGSN      ,SGS SA                                                                          ,Professional Services                                ,92.6      ,95.25      ,32.0               ,3.497678119743543   ,7.1070935649762355 ,-8.28290333490548    ,67.38               ,0.49213902810849497
RAND      ,Randstad N.V.                                                                   ,Professional Services                                ,28.45     ,37.5       ,34.0               ,44.588252024841864  ,24.906085401287573 ,6.74890167339014     ,98.38               ,1.790255325412832
SWECB     ,Sweco AB (publ)                                                                 ,Construction and Engineering                         ,146.8     ,185.0      ,25.0               ,27.128680431848824  ,3.487512420953637  ,21.61779875650779    ,100.0               ,7.778805394026573
BIR       ,Birchcliff Energy Ltd.                                                          ,Oil Gas and Consumable Fuels                         ,7.29      ,8.75       ,2.0                ,22.297085944895414  ,5.595978943969383  ,13.569281048340367   ,100.0               ,3.984483531505119
1SXP      ,SCHOTT Pharma AG & Co. KGaA                                                     ,Life Sciences Tools and Services                     ,14.38     ,19.3       ,11.7               ,36.72470847819118   ,16.56690932869607  ,9.843302418490337    ,99.78               ,2.2167507378445745
HNSA      ,Hansa Biopharma AB (publ)                                                       ,Biotechnology                                        ,36.86     ,89.0       ,78.0               ,110.80632570951167  ,44.495276118782726 ,29.898577782140453   ,99.64               ,2.4902941474889997
RXL       ,Rexel S.A.                                                                      ,Trading Companies and Distributors                   ,35.85     ,35.0       ,17.0               ,-5.11320529789402   ,9.750095986376651  ,-21.917154195897062  ,31.840000000000003  ,-0.5244261497567265
IPN       ,Ipsen S.A.                                                                      ,Pharmaceuticals                                      ,136.6     ,130.0      ,40.0               ,-2.3471319220675255 ,6.026608122889593  ,-11.745093893381014  ,34.35               ,-0.38946151370833454
ABI       ,Anheuser-Busch InBev SA/NV                                                      ,Beverages                                            ,59.64     ,66.731     ,38.758700000000005 ,17.298336067441756  ,13.302363695086441 ,-3.4556969152245762  ,90.44               ,1.3003956638045708
BATS      ,British American Tobacco p.l.c.                                                 ,Tobacco                                              ,43.27     ,46.5       ,21.5               ,-0.5875253740816293 ,10.50240163398282  ,-19.681881364812572  ,52.87               ,-0.055942002082700996
MEKKO     ,Marimekko Oyj                                                                   ,Textiles Apparel and Luxury Goods                    ,12.72     ,14.0       ,1.5                ,8.785907479647602   ,2.421695201759714  ,4.427168026197863    ,100.0               ,3.6279988799843026
REL       ,RELX PLC                                                                        ,Professional Services                                ,25.94     ,43.0       ,19.75              ,66.0792761006442    ,15.666034284751449 ,40.026291459083076   ,100.0               ,4.217996392677534
MBG       ,Mercedes-Benz Group AG                                                          ,Automobiles                                          ,57.3      ,63.335     ,36.0               ,7.7275831175969945  ,12.835104529330687 ,-14.444095171243479  ,72.16               ,0.6020662395026062
CAMX      ,Camurus AB (publ)                                                               ,Pharmaceuticals                                      ,670.5     ,814.0      ,320.0              ,22.030517864870504  ,9.749505882934551  ,5.768552425680257    ,99.76               ,2.2596548101409453
TGS       ,TGS ASA                                                                         ,Energy Equipment and Services                        ,102.5     ,75.2283    ,79.94069999999999  ,-14.017548405466924 ,16.5300147141809   ,-37.67974107235175   ,21.62               ,-0.8480058032520345
VOLO      ,Volati AB (publ)                                                                ,Industrial Conglomerates                             ,95.9      ,143.5      ,23.0               ,49.6555190719058    ,4.91046954453997   ,41.49581292809032    ,100.0               ,10.112173310822905
NIBEB     ,NIBE Industrier AB (publ)                                                       ,Building Products                                    ,34.14     ,44.0       ,23.7               ,27.400643819552567  ,14.169238512625801 ,3.267557237444982    ,97.52               ,1.9338120249113346
AQ        ,AQ Group AB (publ)                                                              ,Electrical Equipment                                 ,198.3     ,200.0      ,10.0               ,0.8387510132730719  ,1.030675263560586  ,-0.8881880305047352  ,77.52               ,0.8137878562987048
SCMN      ,Swisscom AG                                                                     ,Diversified Telecommunication Services               ,632.0     ,540.0      ,353.1277           ,-14.203221534021129 ,11.399262527661817 ,-33.30188548455289   ,12.01               ,-1.2459772287509947
LR        ,Legrand SA                                                                      ,Electrical Equipment                                 ,135.9     ,145.0      ,53.0               ,4.603530311236292   ,7.994858993791913  ,-9.515388441170677   ,71.36               ,0.5758113201009523
KIT       ,Kitron ASA                                                                      ,Electronic Equipment Instruments and Components      ,81.0      ,78.1548    ,26.793300000000002 ,-1.0690597327130174 ,6.780436478753461  ,-11.69797771618622   ,41.39               ,-0.15766827638057263
TKA       ,thyssenkrupp AG                                                                 ,Metals and Mining                                    ,11.25     ,11.05      ,5.300000000000001  ,0.012342007030064087,9.674957390651961  ,-15.62409452001571   ,48.51               ,0.001275665259465541
SSE       ,SSE plc                                                                         ,Electric Utilities                                   ,24.22     ,25.35      ,7.640000000000001  ,1.3961159045310476  ,6.531684855706922  ,-10.220248229090654  ,60.540000000000006  ,0.21374514162470973
VBK       ,Verbio SE                                                                       ,Oil Gas and Consumable Fuels                         ,24.52     ,15.5       ,13.0               ,-20.583185059792715 ,12.136718959760017 ,-36.378704753270256  ,7.180000000000001   ,-1.6959431233463869
VAIAS     ,Vaisala Oyj                                                                     ,Electronic Equipment Instruments and Components      ,43.4      ,51.0       ,7.0                ,21.324608974645695  ,3.549590118767182  ,16.53126272540914    ,100.0               ,6.007625743011704
UTZ       ,Utz Brands Inc.                                                                 ,Food Products                                        ,10.31     ,15.0       ,8.0                ,45.52123701265571   ,15.861852403823175 ,18.798565813504258   ,100.0               ,2.869856297596348
IMB       ,Imperial Brands PLC                                                             ,Tobacco                                              ,30.24     ,35.0       ,15.0               ,14.582595597256109  ,10.160652956074035 ,-2.6754493791226186  ,91.05               ,1.435202605609971
KEMIRA    ,Kemira Oyj                                                                      ,Chemicals                                            ,20.06     ,23.4       ,5.199999999999999  ,13.286202500626553  ,5.464225955850033  ,3.384921315307348    ,99.69               ,2.431488486745733
CEM       ,Cementir Holding N.V.                                                           ,Construction Materials                               ,19.08     ,17.3       ,8.700000000000001  ,-5.410673551108388  ,9.334393489877536  ,-19.789860049810578  ,28.689999999999998  ,-0.5796491820251488
VEI       ,Veidekke ASA                                                                    ,Construction and Engineering                         ,176.6     ,171.5      ,11.0               ,-2.8778918557961135 ,1.2869712611457886 ,-5.01200079028782    ,0.18                ,-2.23617414209695
DAE       ,Dätwyler Holding AG                                                             ,Machinery                                            ,159.8     ,170.0      ,56.0               ,0.9508095912047354  ,7.450957305154669  ,-12.75076008935539   ,58.85               ,0.12760905106072115
TFI       ,TF1 SA                                                                          ,Media                                                ,8.105     ,9.0        ,4.1                ,22.072868140781186  ,11.033424545845149 ,7.271549498449477    ,100.0               ,2.000545528640349
TIETO     ,TietoEVRY Oyj                                                                   ,IT Services                                          ,18.04     ,17.85      ,7.5                ,6.023611280088603   ,8.68344549614539   ,-6.344969133918878   ,70.83               ,0.6936890756972567
ULVR      ,Unilever PLC                                                                    ,Personal Care Products                               ,48.675    ,52.3543    ,19.4195            ,3.695437945158725   ,8.228554705222829  ,-10.997720867378495  ,67.91               ,0.4490992741183524
DOC       ,DO & CO Aktiengesellschaft                                                      ,Commercial Services and Supplies                     ,198.4     ,248.4385   ,80.0               ,19.121429491483568  ,8.54720635930197   ,3.3197478304498995   ,98.46000000000001   ,2.237155473691543
OUT1V     ,Outokumpu Oyj                                                                   ,Metals and Mining                                    ,4.742     ,4.75       ,2.7                ,-5.384446705709681  ,11.821542991609538 ,-26.68060786366146   ,36.26               ,-0.4554774879667864
FAGR      ,Fagron NV                                                                       ,Health Care Providers and Services                   ,22.4      ,25.75      ,3.5                ,14.991941170375634  ,3.187282725940779  ,9.549429734865123    ,100.0               ,4.703674715882167
KWS       ,KWS SAAT SE & Co. KGaA                                                          ,Food Products                                        ,74.7      ,74.0       ,21.0               ,6.731084563362706   ,6.355800603281996  ,-1.6291304995552842  ,84.42               ,1.0590458989363072
LIAB      ,Lindab International AB (publ)                                                  ,Building Products                                    ,189.0     ,231.5      ,43.0               ,22.561449426842916  ,4.67896601636943   ,14.751473893001203   ,100.0               ,4.821887858965284
DSFIR     ,DSM-Firmenich AG                                                                ,Chemicals                                            ,66.06     ,97.0       ,55.0               ,47.27864712871961   ,17.08480694675446  ,18.631797353573745   ,100.0               ,2.7672918562126902
ORK       ,Orkla ASA                                                                       ,Food Products                                        ,113.7     ,117.0      ,25.0               ,0.3207918747621857  ,4.55119717837627   ,-7.9262144777757735  ,56.42               ,0.07048516295587846
CA        ,Carrefour SA                                                                    ,Consumer Staples Distribution and Retail             ,13.91     ,15.0       ,8.0                ,3.1125162324637428  ,11.974352583210552 ,-17.547295911336523  ,61.23               ,0.25993190118920134
UU        ,United Utilities Group PLC                                                      ,Water Utilities                                      ,12.5      ,13.0       ,3.8499999999999996 ,6.230224111713816   ,6.349830393987068  ,-3.760804900120792   ,82.67               ,0.9811638618904668
ORNBV     ,Orion Oyj                                                                       ,Pharmaceuticals                                      ,70.15     ,75.0       ,33.0               ,-4.94105144985494   ,10.3781265293814   ,-24.596907723733747  ,38.56               ,-0.47610244834329046
METSO     ,Metso Oyj                                                                       ,Machinery                                            ,17.04     ,16.0       ,7.0                ,-8.170987737611387  ,8.438789832826629  ,-22.74977683741964   ,17.87               ,-0.9682653436665173
IVG       ,Iveco Group N.V.                                                                ,Machinery                                            ,18.82     ,19.95      ,1.3999999999999986 ,5.110007783535012   ,1.5347772684569494 ,2.352525129810127    ,100.0               ,3.329478412638054
STR       ,Strabag SE                                                                      ,Construction and Engineering                         ,87.5      ,91.15      ,8.299999999999997  ,4.162953977016815   ,1.9290338071955242 ,0.9303399436582295   ,99.31               ,2.1580513319613708
AFX       ,Carl Zeiss Meditec AG                                                           ,Health Care Equipment and Supplies                   ,28.04     ,36.0       ,22.0               ,42.4473782121539    ,16.685981028886154 ,19.098881991455386   ,100.0               ,2.5438946705423295
9984      ,SoftBank Group Corp.                                                            ,Wireless Telecommunication Services                  ,4265.0    ,5558.75    ,4400.0             ,18.90965490261678   ,21.185702830949936 ,-19.521417962094144  ,79.72               ,0.8925667962731874
STIL      ,Stille AB                                                                       ,Health Care Equipment and Supplies                   ,167.0     ,232.0      ,14.0               ,38.92770953315902   ,1.7163574485107633 ,36.08913423405831    ,100.0               ,22.680421008418456
ELIMP     ,Elektroimportøren AS                                                            ,Specialty Retail                                     ,15.5      ,18.25      ,1.5                ,17.74883018651564   ,1.9651290590329535 ,14.457878183349514   ,100.0               ,9.031890350881024
A035720   ,Kakao Corp.                                                                     ,Interactive Media and Services                       ,61800.0   ,76000.0    ,29000.0            ,20.245800510006013  ,9.586952483685364  ,3.7156413346172723   ,98.22999999999999   ,2.1118077454185142
TET       ,Treatt plc                                                                      ,Chemicals                                            ,2.06      ,2.35       ,3.34               ,63.338253045517554  ,37.190632612952044 ,14.380853864750723   ,100.0               ,1.7030700634938734
N4G0      ,The NAGA Group AG                                                               ,Software                                             ,3.17      ,10.345     ,1.6899999999999995 ,226.39109820814272  ,10.825254412410494 ,208.14484515038538   ,100.0               ,20.91323580798241
HINDUNILVR,Hindustan Unilever Limited                                                      ,Personal Care Products                               ,2352.6    ,2800.0     ,1234.0             ,12.946897181001392  ,10.959457492963312 ,-6.955742679275451   ,85.55               ,1.1813447143085456
1347      ,Hua Hong Semiconductor Limited                                                  ,Semiconductors and Semiconductor Equipment           ,116.2     ,75.1794    ,105.0002           ,-31.694040305918804 ,18.46999738188801  ,-61.672642750837674  ,5.21                ,-1.7159742717125945
2914      ,Japan Tobacco Inc.                                                              ,Tobacco                                              ,5559.0    ,5950.0     ,2200.0             ,6.336914694014395   ,8.107539365957317  ,-7.26993361765678    ,76.5                ,0.7816076380242342
BST       ,Bastei Lübbe AG                                                                 ,Media                                                ,8.0       ,12.8       ,4.0                ,61.64537002462151   ,10.280290402476476 ,44.991060282876795   ,100.0               ,5.996461929691346
NKR       ,Nekkar ASA                                                                      ,Machinery                                            ,12.3      ,17.0       ,2.0                ,38.23995952325212   ,3.3118205143087573 ,32.73303796779719    ,100.0               ,11.546507233117238
500440    ,Hindalco Industries Limited                                                     ,Metals and Mining                                    ,1024.8    ,875.0      ,545.0              ,-8.568785649560818  ,11.110693635737613 ,-25.473150141920577  ,23.66               ,-0.77121968533083
6273      ,SMC Corporation                                                                 ,Machinery                                            ,60130.0   ,60000.0    ,32000.0            ,4.1080511931692945  ,10.93093404575612  ,-12.775275051098879  ,61.629999999999995  ,0.37581886195390823
2502      ,Asahi Group Holdings Ltd.                                                       ,Beverages                                            ,1602.5    ,2215.0     ,900.0              ,35.82540849683191   ,11.537127066555005 ,15.645981275092682   ,100.0               ,3.105227869136177
BIOCON    ,Biocon Limited                                                                  ,Biotechnology                                        ,365.3     ,430.0      ,290.0              ,18.24974659841504   ,16.056017995374624 ,-8.468120164286717   ,85.78               ,1.1366296801406413
1812      ,Kajima Corporation                                                              ,Construction and Engineering                         ,6390.0    ,6450.0     ,4400.0             ,-8.707843361551982  ,14.514418966987716 ,-35.109730450285966  ,32.22               ,-0.5999443299354603
1605      ,Inpex Corporation                                                               ,Oil Gas and Consumable Fuels                         ,3434.0    ,3200.0     ,1520.0             ,-0.8304743752366017 ,9.271065967167306  ,-14.482089251011299  ,42.61               ,-0.08957701068870141
AZT       ,ArcticZymes Technologies ASA                                                    ,Biotechnology                                        ,21.8      ,32.0       ,2.0                ,46.793032374037004  ,1.8784366015346035 ,43.677868799474496   ,100.0               ,24.910626387821164
688008    ,Montage Technology Co. Ltd.                                                     ,Semiconductors and Semiconductor Equipment           ,162.18    ,174.4      ,101.0              ,-2.7126290719097903 ,13.103318507286765 ,-26.551443618141647  ,47.21               ,-0.2070184793570648
3659      ,NEXON Co. Ltd.                                                                  ,Entertainment                                        ,4121.0    ,4000.0     ,2730.0             ,-9.08321255588271   ,13.704384541488706 ,-33.33162653542947   ,27.79               ,-0.6627960948106906
505200    ,Eicher Motors Limited                                                           ,Automobiles                                          ,7053.45   ,7400.0     ,4016.0             ,-1.3920237148120749 ,11.832041005426959 ,-22.64143341299142   ,49.53               ,-0.11764865539035915
TRIP      ,Tripadvisor Inc.                                                                ,Interactive Media and Services                       ,13.42     ,18.0       ,13.0               ,36.79890896499312   ,19.840825202007807 ,4.292885207439809    ,97.34               ,1.854706575473949
MTRN      ,Materion Corporation                                                            ,Metals and Mining                                    ,141.92    ,155.0      ,19.0               ,6.627876104494155   ,2.899470794331608  ,1.2955988170469575   ,98.71               ,2.2858916590749887
MLYS      ,Mineralys Therapeutics Inc.                                                     ,Biotechnology                                        ,32.09     ,53.0       ,14.0               ,56.88734822437008   ,9.357760428879242  ,39.662671375894696   ,100.0               ,6.0791627074367565
GAU       ,Galiano Gold Inc.                                                               ,Metals and Mining                                    ,4.21      ,5.9072     ,4.6599             ,25.363955822891725  ,23.0937334813489   ,-15.952660461235336  ,83.50999999999999   ,1.0983046913300665
PHIN      ,PHINIA Inc.                                                                     ,Automobile Components                                ,70.44     ,79.5       ,11.0               ,10.006072412357168  ,3.3349970924442665 ,3.9045464613381053   ,100.0               ,3.0003241787007306
SECARE    ,Swedencare AB (publ)                                                            ,Pharmaceuticals                                      ,33.95     ,50.0       ,6.0                ,51.254614693767266  ,3.855510990617568  ,45.953857512105074   ,100.0               ,13.29385775802377
COHU      ,Cohu Inc.                                                                       ,Semiconductors and Semiconductor Equipment           ,29.36     ,30.0       ,9.0                ,3.3585784418665425  ,6.266903714340066  ,-6.901323031338425   ,69.32000000000001   ,0.5359230961505551
AGIO      ,Agios Pharmaceuticals Inc.                                                      ,Biotechnology                                        ,27.61     ,36.5       ,37.0               ,49.12642370489223   ,28.07137159717107  ,7.000867738136551    ,98.28               ,1.750054269163072
DNOW      ,DNOW Inc.                                                                       ,Trading Companies and Distributors                   ,15.07     ,17.0       ,2.0                ,12.758843447351367  ,2.7402335779061078 ,8.218229774396207    ,100.0               ,4.656115285289209
SIE       ,Siemens Aktiengesellschaft                                                      ,Industrial Conglomerates                             ,255.95    ,264.0      ,105.0              ,-1.1460802162808024 ,8.582946913968623  ,-16.32348437364535   ,49.0                ,-0.13352992017410398
NB        ,NioCorp Developments Ltd.                                                       ,Metals and Mining                                    ,6.455     ,13.125     ,6.300000000000001  ,89.90203454317053   ,20.531365728916946 ,53.06861332591839    ,100.0               ,4.37876543285915
TNET      ,TriNet Group Inc.                                                               ,Professional Services                                ,58.46     ,64.0       ,35.0               ,27.07350908244621   ,13.605177096940741 ,9.271596214470366    ,100.0               ,1.989941688339651
DBD       ,Diebold Nixdorf Incorporated                                                    ,Technology Hardware Storage and Peripherals          ,69.35     ,80.0       ,3.0                ,13.935294867232216  ,1.005404754020158  ,12.052934514055648   ,100.0               ,13.860382906994706
SLVM      ,Sylvamo Corporation                                                             ,Paper and Forest Products                            ,49.63     ,57.0       ,22.0               ,24.29049382299379   ,9.583586784857971  ,11.139131790202365   ,100.0               ,2.5345931923288547
RMS       ,Hermès International Société en commandite par actions                          ,Textiles Apparel and Luxury Goods                    ,2027.0    ,2375.0     ,1220.0             ,11.301738822932034  ,12.508917339456195 ,-11.161016139177383  ,79.93               ,0.9034945644163445
TRN       ,Trinity Industries Inc.                                                         ,Machinery                                            ,28.7      ,28.5       ,1.0                ,-0.6928544979968135 ,0.713776185597878  ,-1.8751678294014757  ,18.27               ,-0.9706887284512863
STNG      ,Scorpio Tankers Inc.                                                            ,Oil Gas and Consumable Fuels                         ,63.37     ,74.5       ,30.0               ,13.80115981594869   ,9.863946448309068  ,-3.521422142496594   ,89.99000000000001   ,1.3991519406833925
MTL       ,Mullen Group Ltd.                                                               ,Ground Transportation                                ,16.38     ,18.75      ,4.25               ,12.956518547431006  ,5.319921294788572  ,3.560034817278857    ,99.85000000000001   ,2.435471848074762
AVNT      ,Avient Corporation                                                              ,Chemicals                                            ,36.01     ,41.5       ,16.0               ,16.091592387449253  ,9.001209882039557  ,1.2049312022659275   ,96.57               ,1.7877143848803476
CROX      ,Crocs Inc.                                                                      ,Textiles Apparel and Luxury Goods                    ,82.51     ,88.0       ,41.0               ,9.393798901161944   ,10.100592381776556 ,-6.626735691027634   ,81.14               ,0.9300245516401785
FLO       ,Flowers Foods Inc.                                                              ,Food Products                                        ,11.07     ,12.5       ,6.0                ,21.957719786495698  ,11.599326623389222 ,5.3709527430116735   ,99.91               ,1.8930167672164269
2212      ,Yamazaki Baking Co. Ltd.                                                        ,Food Products                                        ,3248.0    ,3350.0     ,1000.0             ,10.2621980833096    ,6.8087387491956735 ,1.1322484607006074   ,98.35000000000001   ,1.507209846246765
9468      ,Kadokawa Corporation                                                            ,Media                                                ,3246.0    ,3700.0     ,1500.0             ,13.034785649716891  ,9.430933582310267  ,-3.1488384824900444  ,90.07               ,1.3821309985860168
5947      ,Rinnai Corporation                                                              ,Household Durables                                   ,4003.0    ,4250.0     ,1350.0             ,13.192771454578702  ,7.268790415204505  ,3.1096943871425125   ,99.99               ,1.8149885608178633
UNVR      ,PT Unilever Indonesia Tbk                                                       ,Household Products                                   ,1860.0    ,2500.0     ,2100.0             ,28.938687072338304  ,23.25655789317863  ,-11.114832275381401  ,87.32               ,1.2443237389324193
4527      ,Rohto Pharmaceutical Co.Ltd.                                                    ,Personal Care Products                               ,2530.0    ,2900.0     ,1000.0             ,14.572008212410667  ,8.028047053977277  ,1.1535279749493579   ,96.67999999999999   ,1.81513736957874
4912      ,Lion Corporation                                                                ,Household Products                                   ,1651.0    ,1900.0     ,510.0              ,15.013951220645296  ,6.321817638736961  ,4.466214852935722    ,99.9                ,2.3749421572440266
5711      ,Mitsubishi Materials Corporation                                                ,Metals and Mining                                    ,4585.0    ,3200.0     ,2300.0             ,-28.165202145657002 ,10.3230580070781   ,-44.85105367024673   ,0.0                 ,-2.7283777855694766
IRCTC     ,Indian Railway Catering & Tourism Corporation Limited                           ,Commercial Services and Supplies                     ,615.35    ,799.0      ,631.0              ,38.93458070376986   ,21.27463912755825  ,6.445130806423255    ,98.56               ,1.8300935903225586
4812      ,Dentsu Soken Inc.                                                               ,IT Services                                          ,2431.0    ,2666.6667  ,233.33329999999978 ,7.364181599442301   ,2.140976438703061  ,3.421158102994614    ,100.0               ,3.439636918145302
A021240   ,COWAY Co. Ltd.                                                                  ,Household Durables                                   ,81600.0   ,130000.0   ,47000.0            ,49.907010629223755  ,12.292459556864907 ,27.071907748677756   ,100.0               ,4.059969479529623
6856      ,HORIBA Ltd.                                                                     ,Electronic Equipment Instruments and Components      ,18500.0   ,17500.0    ,5000.0             ,-9.07514189933799   ,5.661385599343212  ,-19.169791205789178  ,3.29                ,-1.6029895402974872
3197      ,Skylark Holdings Co. Ltd.                                                       ,Hotels Restaurants and Leisure                       ,3148.0    ,3225.0     ,1650.0             ,-11.471000678950373 ,11.748732583973458 ,-33.479329868319084  ,19.400000000000002  ,-0.9763606922671862
6268      ,Nabtesco Corporation                                                            ,Machinery                                            ,4008.0    ,4050.0     ,2050.0             ,1.5856482014152018  ,10.437074747435256 ,-15.872107001021746  ,56.07               ,0.15192458038157192
TWE       ,Treasury Wine Estates Limited                                                   ,Beverages                                            ,5.39      ,5.225      ,3.750000000000001  ,14.77193771602143   ,15.460351251092433 ,-5.763412166743728   ,80.28999999999999   ,0.9554723224660009
6481      ,THK Co. Ltd.                                                                    ,Machinery                                            ,4482.0    ,4300.0     ,2510.0             ,-7.599473461426825  ,11.530631011264628 ,-27.411199734731703  ,27.400000000000002  ,-0.6590683071900112
A214150   ,CLASSYS Inc.                                                                    ,Health Care Equipment and Supplies                   ,75600.0   ,73500.0    ,35000.0            ,-1.0879017387010663 ,9.446053200683728  ,-16.330340312880264  ,43.86               ,-0.11516997793558069
A251270   ,Netmarble Corporation                                                           ,Entertainment                                        ,53600.0   ,73000.0    ,50000.0            ,32.38654330561248   ,19.244434324443407 ,-0.6893475571088058  ,94.52000000000001   ,1.6829044054818778
ENDURANCE ,Endurance Technologies Limited                                                  ,Automobile Components                                ,2367.3    ,2999.0     ,995.0              ,25.091783620453672  ,8.653192637494884  ,10.325041964187417   ,100.0               ,2.899713975132049
PTTGC     ,PTT Global Chemical Public Company Limited                                      ,Chemicals                                            ,25.25     ,21.0       ,15.0               ,-12.700065293729521 ,12.164651047989206 ,-32.183751902671034  ,16.63               ,-1.0440139420052512
TOP       ,Thai Oil Public Company Limited                                                 ,Oil Gas and Consumable Fuels                         ,42.75     ,40.0       ,22.0               ,-9.355649925605826  ,10.512582392451682 ,-27.760472098941573  ,20.32               ,-0.8899478335906728
6113      ,Amada Co. Ltd.                                                                  ,Machinery                                            ,1939.0    ,2000.0     ,500.0              ,1.5620422117885742  ,5.227437352556283  ,-7.596659760379174   ,62.69               ,0.29881605582986387
5991      ,NHK Spring Co. Ltd.                                                             ,Automobile Components                                ,2760.0    ,2845.0     ,1400.0             ,-0.45838619668458214,10.433502217997464 ,-18.629007676240104  ,50.970000000000006  ,-0.04393406807293147
1808      ,HASEKO Corporation                                                              ,Household Durables                                   ,3143.0    ,3000.0     ,1400.0             ,-8.901513456283045  ,9.27434699702592   ,-25.356048884622545  ,18.09               ,-0.9597994833639032
1060      ,Damai Entertainment Holdings Limited                                            ,Entertainment                                        ,0.97      ,1.2335     ,0.5074000000000001 ,36.85458324349279   ,11.158197267547427 ,21.103251900079595   ,100.0               ,3.3029155480770087
1662      ,Japan Petroleum Exploration Co. Ltd.                                            ,Oil Gas and Consumable Fuels                         ,1895.0    ,1325.0     ,340.0              ,-35.52997848650233  ,4.126638005423886  ,-43.27793976816322   ,0.0                 ,-8.609909189951521
9989      ,Sundrug Co.Ltd.                                                                 ,Consumer Staples Distribution and Retail             ,4084.0    ,5300.0     ,2100.0             ,33.878162054656705  ,10.583559766016966 ,17.313532997326302   ,100.0               ,3.2010176919335778
FTS       ,Fortis Inc.                                                                     ,Electric Utilities                                   ,72.33     ,74.0       ,14.0               ,0.49588416956482995 ,3.97543694264873   ,-6.5530652695341605  ,57.52               ,0.1247370230539829
PDFS      ,PDF Solutions Inc.                                                              ,Semiconductors and Semiconductor Equipment           ,34.03     ,35.0       ,3.0                ,1.8424721922854304  ,1.8587240702858165 ,-1.5432123431136815  ,81.67999999999999   ,0.9912564332381583
EXPE      ,Expedia Group Inc.                                                              ,Hotels Restaurants and Leisure                       ,272.77    ,283.0      ,160.0              ,5.616436446785976   ,12.07517943946708  ,-14.17013051035314   ,66.82000000000001   ,0.46512240045302794
TWLO      ,Twilio Inc.                                                                     ,IT Services                                          ,123.72    ,147.0      ,100.0              ,20.50331739133508   ,16.623752303327482 ,-6.952108009335826   ,87.3                ,1.2333748131720568
IPGP      ,IPG Photonics Corporation                                                       ,Electronic Equipment Instruments and Components      ,92.77     ,98.5       ,27.5               ,0.9453138042970015  ,6.3276651601195    ,-10.558182178378198  ,58.809999999999995  ,0.14939377801703227
GEO       ,The GEO Group Inc.                                                              ,Commercial Services and Supplies                     ,16.34     ,32.5       ,10.0               ,96.86917386627228   ,12.4265984976496   ,75.39858368997045    ,100.0               ,7.7953089000658045
PCOR      ,Procore Technologies Inc.                                                       ,Software                                             ,56.79     ,90.0       ,30.0               ,52.705172793607716  ,10.991089369023141 ,32.881405253639166   ,100.0               ,4.795263783601826
GEL       ,Genesis Energy L.P.                                                             ,Oil Gas and Consumable Fuels                         ,17.31     ,19.0       ,1.0                ,11.696361228732002  ,1.3678456808862136 ,9.910987401683894    ,100.0               ,8.550936258506914
TMQ       ,Trilogy Metals Inc.                                                             ,Metals and Mining                                    ,8.14      ,8.3449     ,6.7341999999999995 ,14.06489445158359   ,17.492221784048024 ,-12.014989952947396  ,76.52               ,0.8040656370141629
OGN       ,Organon & Co.                                                                   ,Pharmaceuticals                                      ,8.6       ,9.0        ,7.0                ,0.7706868827179366  ,16.68100431819688  ,-28.196429986992314  ,53.74               ,0.046201467730406016
RIVN      ,Rivian Automotive Inc.                                                          ,Automobiles                                          ,15.17     ,16.0       ,15.0               ,12.123971784225418  ,20.178505481999167 ,-20.26458989202021   ,70.89999999999999   ,0.6008359635474969
PCG       ,PG&E Corporation                                                                ,Electric Utilities                                   ,15.16     ,21.0       ,7.0                ,40.79138534463891   ,9.478380847275933  ,25.544694114308424   ,100.0               ,4.303623794180234
CYBR      ,CyberArk Software Ltd.                                                          ,Software                                             ,429.15    ,490.5      ,129.0              ,13.611774493931467  ,6.111047776660997  ,3.1553774286253256   ,99.4                ,2.227404365241074
ANET      ,Arista Networks Inc.                                                            ,Communications Equipment                             ,148.15    ,165.0      ,60.0               ,13.728599123958038  ,8.293203814740016  ,0.5321378473965216   ,95.91               ,1.6554035606308581
DTE       ,DTE Energy Company                                                              ,Multi-Utilities                                      ,134.44    ,145.0      ,19.0               ,9.570355632995534   ,2.940656121977485  ,5.171925303851315    ,100.0               ,3.2544966959821933
ABNB      ,Airbnb Inc.                                                                     ,Hotels Restaurants and Leisure                       ,131.77    ,145.0      ,75.0               ,8.712692176690064   ,11.607698359500494 ,-11.045259515574207  ,75.97               ,0.7505960188532148
HWM       ,Howmet Aerospace Inc.                                                           ,Aerospace and Defense                                ,208.93    ,247.5      ,95.08000000000001  ,23.285568060475807  ,9.450604622351843  ,8.892200674101735    ,100.0               ,2.46392363144709
EXC       ,Exelon Corporation                                                              ,Electric Utilities                                   ,44.41     ,49.5       ,18.0               ,9.279681639184203   ,8.218664745586585  ,-4.958510077244141   ,84.86               ,1.129098451687956
DXCM      ,DexCom Inc.                                                                     ,Health Care Equipment and Supplies                   ,74.0      ,85.0       ,44.0               ,19.44325572348734   ,12.298261480679814 ,0.011206691951830338 ,95.02000000000001   ,1.5809759577833085
PBF       ,PBF Energy Inc.                                                                 ,Oil Gas and Consumable Fuels                         ,33.26     ,33.0       ,20.0               ,-2.755271346668305  ,12.227065604983009 ,-23.762573334576558  ,42.8                ,-0.22534199420222495
IR        ,Ingersoll Rand Inc.                                                             ,Machinery                                            ,88.87     ,91.0       ,22.0               ,0.882541653380818   ,5.083997926357439  ,-8.091941923745562   ,58.81999999999999   ,0.1735920561268084
AMAT      ,Applied Materials Inc.                                                          ,Semiconductors and Semiconductor Equipment           ,341.34    ,340.0      ,235.0              ,-6.6485733122159205 ,14.386141706434387 ,-32.41218600196263   ,35.620000000000005  ,-0.46215124582307293
QSR       ,Restaurant Brands International Inc.                                            ,Hotels Restaurants and Leisure                       ,67.47     ,78.0       ,32.0               ,17.46529858164257   ,9.658183760546885  ,1.8356248070630572   ,97.28999999999999   ,1.808341921696219
ALNY      ,Alnylam Pharmaceuticals Inc.                                                    ,Biotechnology                                        ,346.79    ,495.0      ,270.0              ,33.0146288786625    ,16.39064686938583  ,3.4544932314743084   ,97.38               ,2.014235871332611
SCCO      ,Southern Copper Corporation                                                     ,Metals and Mining                                    ,207.93    ,148.0      ,125.928            ,-34.86063033045183  ,12.460418969627842 ,-57.04420349518467   ,0.0                 ,-2.7977093238537405
CHKP      ,Check Point Software Technologies Ltd.                                          ,Software                                             ,178.21    ,220.0      ,90.0               ,31.0113625172858    ,10.49555718080913  ,15.567848990511727   ,100.0               ,2.9547133118372524
AEM       ,Agnico Eagle Mines Limited                                                      ,Metals and Mining                                    ,215.51    ,228.0      ,196.0              ,-9.916661655719112  ,19.390722378298356 ,-45.5668959389037    ,36.3                ,-0.5114126984158985
VRTX      ,Vertex Pharmaceuticals Incorporated                                             ,Biotechnology                                        ,475.68    ,530.0      ,295.0              ,4.131525495854247   ,12.795397973619089 ,-18.98682805800935   ,64.79               ,0.32289151962075896
ES        ,Eversource Energy                                                               ,Electric Utilities                                   ,68.92     ,74.0       ,30.0               ,5.570820552064569   ,8.896541819507231  ,-9.810309533104025   ,72.78999999999999   ,0.6261782010454405
DKNG      ,DraftKings Inc.                                                                 ,Hotels Restaurants and Leisure                       ,29.94     ,45.0       ,43.0               ,64.73738519296771   ,29.669999497087147 ,19.251125447009      ,100.0               ,2.181913929567923
BDC       ,Belden Inc.                                                                     ,Electronic Equipment Instruments and Components      ,119.74    ,145.0      ,12.0               ,20.50431320938201   ,2.0592433244222828 ,16.93359458517369    ,100.0               ,9.957207565616102
LECO      ,Lincoln Electric Holdings Inc.                                                  ,Machinery                                            ,267.77    ,280.0      ,92.0               ,-1.892377718815276  ,7.422462894060256  ,-15.584200514108955  ,46.0                ,-0.25495280283982696
BIRK      ,Birkenstock Holding plc                                                         ,Textiles Apparel and Luxury Goods                    ,37.72     ,60.1651    ,35.7915            ,62.220615165535264  ,19.35570662642151  ,30.91257788272658    ,100.0               ,3.214587633840296
KEY       ,Keyera Corp.                                                                    ,Oil Gas and Consumable Fuels                         ,45.91     ,52.0       ,19.0               ,14.0920080870328    ,8.562302684664798  ,0.05004410765336465  ,95.11               ,1.6458198928509944
VNT       ,Vontier Corporation                                                             ,Electronic Equipment Instruments and Components      ,37.43     ,45.0       ,11.0               ,21.108613428496973  ,6.030725225088014  ,11.402022527306851   ,100.0               ,3.5001782771804044
TRU       ,TransUnion                                                                      ,Professional Services                                ,80.68     ,104.0      ,45.0               ,27.61619537020548   ,11.474261914155724 ,8.21292170453301     ,99.97               ,2.4067949273613456
WCC       ,WESCO International Inc.                                                        ,Trading Companies and Distributors                   ,292.29    ,301.0      ,80.0               ,-1.7474308172560238 ,5.8436086388334205 ,-12.602269698854476  ,44.9                ,-0.29903282804456754
ZBRA      ,Zebra Technologies Corporation                                                  ,Electronic Equipment Instruments and Components      ,237.96    ,345.5      ,124.19             ,43.1148235505372    ,10.629321624012077 ,24.844759975425738   ,100.0               ,4.056215916276259
NVMI      ,Nova Ltd.                                                                       ,Semiconductors and Semiconductor Equipment           ,497.63    ,380.0      ,165.0              ,-18.529546761978008 ,6.952671237816483  ,-28.761801152447582  ,0.06                ,-2.665097503991472
WST       ,West Pharmaceutical Services Inc.                                               ,Life Sciences Tools and Services                     ,232.65    ,350.0      ,105.0              ,46.91303799046771   ,9.291989255998365  ,30.70106450661689    ,100.0               ,5.048761540504731
CART      ,Maplebear Inc.                                                                  ,Consumer Staples Distribution and Retail             ,37.08     ,49.0       ,29.0               ,35.00516923347955   ,15.954059323068098 ,8.832447747819119    ,99.76               ,2.19412304571698
BWA       ,BorgWarner Inc.                                                                 ,Automobile Components                                ,48.93     ,52.0       ,16.0               ,0.9399098621223939  ,6.92434037745365   ,-11.81645284867898   ,58.89               ,0.13573998545519733
WYNN      ,Wynn Resorts Limited                                                            ,Hotels Restaurants and Leisure                       ,108.91    ,145.5      ,46.0               ,30.794049024542478  ,8.672955278566082  ,15.52293555299566    ,100.0               ,3.550583167498325
GTES      ,Gates Industrial Corporation plc                                                ,Machinery                                            ,23.48     ,27.0       ,9.0                ,16.247688922084908  ,7.8072061399843    ,3.600530354425179    ,99.39               ,2.0811143744332568
IRDM      ,Iridium Communications Inc.                                                     ,Diversified Telecommunication Services               ,20.9      ,25.5       ,24.0               ,30.14110292408067   ,23.84765936130892  ,-7.060866144322321   ,89.64999999999999   ,1.2639019397007323
FROG      ,JFrog Ltd.                                                                      ,Software                                             ,55.43     ,70.0       ,19.0               ,30.52909544263577   ,7.1614695976997185 ,19.842269184427693   ,100.0               ,4.262965167434599
BROS      ,Dutch Bros Inc.                                                                 ,Hotels Restaurants and Leisure                       ,57.47     ,76.0       ,32.0               ,35.71129261736095   ,11.442177346226597 ,17.488496093117668   ,100.0               ,3.121022471229029
MHK       ,Mohawk Industries Inc.                                                          ,Household Durables                                   ,119.99    ,134.0      ,45.0               ,10.781176012709508  ,7.581630458434644  ,-2.080374190749288   ,90.98               ,1.4220128601381958
CAMT      ,Camtek Ltd.                                                                     ,Semiconductors and Semiconductor Equipment           ,155.63    ,135.0      ,65.0               ,-9.976030124841598  ,8.580388259390157  ,-23.51836275346246   ,14.64               ,-1.1626548616752963
PINS      ,Pinterest Inc.                                                                  ,Interactive Media and Services                       ,22.35     ,36.0       ,24.0               ,52.01372651792207   ,21.809568807899765 ,13.218686118879274   ,99.53999999999999   ,2.3849039371691703
HCC       ,Warrior Met Coal Inc.                                                           ,Metals and Mining                                    ,92.09     ,100.0      ,40.0               ,8.665054873891561   ,8.818320840588552  ,-6.189319077142967   ,82.39               ,0.9826195973737375
GVA       ,Granite Construction Incorporated                                               ,Construction and Engineering                         ,121.57    ,135.0      ,23.0               ,11.315386812627377  ,3.8874704957273534 ,4.957452738890614    ,100.0               ,2.9107325251892995
BIO       ,Bio-Rad Laboratories Inc.                                                       ,Life Sciences Tools and Services                     ,294.91    ,340.0      ,50.0               ,17.52385096043223   ,3.5531403556967547 ,12.256252510108864   ,100.0               ,4.931933221364649
CAE       ,CAE Inc.                                                                        ,Aerospace and Defense                                ,44.34     ,50.0       ,23.0               ,5.952100753720327   ,10.859468641428865 ,-13.441819781668428  ,71.19               ,0.5481023934277103
GMRAIRPORT,GMR Airports Limited                                                            ,Transportation Infrastructure                        ,94.18     ,113.5      ,35.0               ,18.44961294436256   ,7.605837318473512  ,5.19163154715408     ,99.78               ,2.4257175340249573
7202      ,Isuzu Motors Limited                                                            ,Automobiles                                          ,2452.5    ,2400.0     ,1500.0             ,4.513670782782995   ,12.70177626576458  ,-14.843724538180835  ,59.84               ,0.35535744673355696
4755      ,Rakuten Group Inc.                                                              ,Broadline Retail                                     ,920.2     ,1060.0     ,680.0              ,-0.23739433379068622,15.940190199624602 ,-29.496243866215366  ,54.2                ,-0.014892816887233689
7201      ,Nissan Motor Co. Ltd.                                                           ,Automobiles                                          ,365.6     ,370.0      ,210.0              ,-1.2366640261163588 ,11.648408229259296 ,-21.429205749482904  ,47.68               ,-0.1061659242856907
8136      ,Sanrio Company Ltd.                                                             ,Specialty Retail                                     ,4750.0    ,8060.5     ,3800.0             ,60.221168239388135  ,16.706155727446454 ,30.295812730038016   ,100.0               ,3.604729252011646
PME       ,Pro Medicus Limited                                                             ,Health Care Technology                               ,181.69    ,325.82     ,103.0              ,69.31815377853718   ,12.077253089022683 ,47.3045024887957     ,100.0               ,5.739562901231421
9435      ,Hikari Tsushin Inc.                                                             ,Industrial Conglomerates                             ,42580.0   ,43870.0    ,3000.0             ,4.024376359368689   ,1.480687439706801  ,1.8312872159858269   ,100.0               ,2.717910783497682
6525      ,Kokusai Electric Corporation                                                    ,Semiconductors and Semiconductor Equipment           ,6751.0    ,5300.0     ,3300.0             ,-20.926331264007064 ,9.99236889673428   ,-37.44029072138997   ,1.17                ,-2.094231255898312
6326      ,Kubota Corporation                                                              ,Machinery                                            ,2328.5    ,2550.0     ,1100.0             ,6.573197400666465   ,9.684449256639855  ,-10.43312505526514   ,74.06               ,0.6787373475223434
500257    ,Lupin Limited                                                                   ,Pharmaceuticals                                      ,2131.8    ,2350.0     ,697.0              ,7.230783151620204   ,6.786960356595163  ,-4.864312635404338   ,83.39999999999999   ,1.0653934562316636
SIEMENS   ,Siemens Limited                                                                 ,Industrial Conglomerates                             ,3096.3    ,3400.0     ,1200.0             ,8.723274490504188   ,7.9202080116572064 ,-4.763720328689709   ,84.53               ,1.1013946196444593
6383      ,Daifuku Co. Ltd.                                                                ,Machinery                                            ,5397.0    ,5820.0     ,2000.0             ,2.7341840158958606  ,7.756726342508979  ,-11.430317839459889  ,65.16999999999999   ,0.3524920043797066
2587      ,Suntory Beverage & Food Limited                                                 ,Beverages                                            ,4812.0    ,4900.0     ,1500.0             ,8.079983997965307   ,6.718026798367383  ,-1.2866699033321403  ,90.55               ,1.202731730681531
512455    ,Lloyds Metals and Energy Limited                                                ,Metals and Mining                                    ,1135.05   ,1650.0     ,690.0              ,51.41478375511839   ,12.511944930500452 ,32.19916573947218    ,100.0               ,4.109255918301257
7532      ,Pan Pacific International Holdings Corporation                                  ,Broadline Retail                                     ,898.6     ,1100.0     ,540.0              ,17.11419746613906   ,12.613358361184885 ,-5.172605095268335   ,88.8                ,1.3568311448919599
A007660   ,ISU Petasys Co. Ltd.                                                            ,Electronic Equipment Instruments and Components      ,117900.0  ,161000.0   ,156000.0           ,53.590300097135795  ,27.484695720204446 ,12.38599690075061    ,99.67               ,1.949823299580526
7550      ,Zensho Holdings Co. Ltd.                                                        ,Hotels Restaurants and Leisure                       ,8226.0    ,10500.0    ,2800.0             ,30.10930216268976   ,7.007968003977198  ,19.089347948064233   ,100.0               ,4.2964383035998415
8113      ,Unicharm Corporation                                                            ,Household Products                                   ,929.4     ,1170.0     ,760.0              ,31.62512590351249   ,16.76677510730249  ,5.117266907234603    ,98.18               ,1.8861782126330717
9024      ,Seibu Holdings Inc.                                                             ,Ground Transportation                                ,4070.0    ,4700.0     ,2760.0             ,-0.7741490406629497 ,15.028966637619812 ,-28.89227924423257   ,53.63               ,-0.05151046371512567
992       ,Lenovo Group Limited                                                            ,Technology Hardware Storage and Peripherals          ,9.05      ,11.9837    ,10.494499999999999 ,52.85716074401937   ,24.59305776594072  ,17.87386379107646    ,100.0               ,2.1492716053073324
JALL3     ,Jalles Machado S/A                                                              ,Food Products                                        ,3.05      ,6.0        ,6.0                ,107.2927696038405   ,40.30828073484903  ,42.71369174352317    ,100.0               ,2.6618046626602756
9449      ,GMO internet group Inc.                                                         ,IT Services                                          ,3823.0    ,4125.0     ,2000.0             ,5.652866153960291   ,10.722604538042752 ,-13.071964758351507  ,69.91000000000001   ,0.5271915171266901
FERREYC1  ,Ferreycorp S.A.A.                                                               ,Trading Companies and Distributors                   ,4.15      ,4.15       ,0.8999999999999995 ,0.0370514675273676  ,4.459152467217889  ,-7.538635741469754   ,50.19               ,0.008309082903030762
CPACASC1  ,Cementos Pacasmayo S.A.A.                                                       ,Construction Materials                               ,7.45      ,5.15       ,0.5                ,-30.873615995072324 ,1.3683721806684208 ,-33.18178568527271   ,0.0                 ,-22.56229440442966
DU        ,Emirates Integrated Telecommunications Company PJSC                             ,Diversified Telecommunication Services               ,10.45     ,10.375     ,1.8399999999999999 ,2.482525356574269   ,3.790884612245033  ,-2.8420454708600897  ,68.66               ,0.6548670325009104
3003      ,City Cement Company                                                             ,Construction Materials                               ,13.54     ,21.05      ,7.100000000000001  ,55.373784751010206  ,10.656098235532616 ,37.54973810521735    ,100.0               ,5.196440904267105
9987      ,Suzuken Co. Ltd.                                                                ,Health Care Providers and Services                   ,6177.0    ,6310.0     ,1500.0             ,-0.6584503068593609 ,5.091352514292117  ,-9.79371683133357    ,48.96               ,-0.12932718860283227
ABUK      ,Abu Qir Fertilizers and Chemical Industries Co. (S.A.E.)                        ,Chemicals                                            ,64.16     ,64.0       ,19.700000000000003 ,5.8447885692013175  ,6.659528394611398  ,-3.4327160104044503  ,77.99000000000001   ,0.8776580296482658
ABEV3     ,Ambev S.A.                                                                      ,Beverages                                            ,14.76     ,14.0       ,6.699999999999999  ,-3.5880282229006784 ,9.277375318917509  ,-18.59129793218691   ,35.43               ,-0.3867503576775993
NMDC      ,NMDC Group PJSC                                                                 ,Construction and Engineering                         ,20.48     ,29.55      ,2.8999999999999986 ,44.30615232810401   ,2.8943632981950658 ,39.48079977229911    ,100.0               ,15.307737061112359
KCHOL     ,Koç Holding A.S.                                                                ,Industrial Conglomerates                             ,206.6     ,288.1      ,60.39999999999998  ,44.136123795999524  ,6.190470002603148  ,35.20573122438114    ,100.0               ,7.129688662967414
2433      ,Hakuhodo DY Holdings Inc                                                        ,Media                                                ,1151.0    ,1180.0     ,400.0              ,3.683563575561506   ,7.14823838878815   ,-8.072378632758658   ,67.86999999999999   ,0.5153106786896045
2270      ,Saudia Dairy & Foodstuff Company                                                ,Food Products                                        ,241.8     ,310.0      ,57.60000000000002  ,25.745495218047196  ,4.997554078618009  ,16.906937177239865   ,100.0               ,5.15161913468812
5741      ,UACJ Corporation                                                                ,Metals and Mining                                    ,2479.0    ,2300.0     ,1125.0             ,-14.228639026319351 ,9.498411941545077  ,-31.446448566809437  ,4.22                ,-1.4980018885140944
VALE3     ,Vale S.A.                                                                       ,Metals and Mining                                    ,87.41     ,82.0969    ,27.8318            ,-5.647711455502083  ,6.507586051992498  ,-16.218070400147344  ,21.060000000000002  ,-0.8678658123580036
TAQA      ,Abu Dhabi National Energy Company PJSC                                          ,Multi-Utilities                                      ,2.85      ,3.0        ,1.9500000000000002 ,-3.5211022445299576 ,14.404416606199133 ,-29.858749570802264  ,45.76               ,-0.24444601546824216
6728      ,ULVAC Inc.                                                                      ,Semiconductors and Semiconductor Equipment           ,8213.0    ,8300.0     ,2900.0             ,3.1302869020700976  ,7.246666565724684  ,-8.345567580987892   ,64.41               ,0.4319623200101054
RAKCEC    ,R.A.K. Ceramics P.J.S.C.                                                        ,Building Products                                    ,2.54      ,3.25       ,0.77               ,23.169258204347482  ,6.387352591575685  ,11.449873070872322   ,100.0               ,3.627364838901417
EREGL     ,Eregli Demir ve Çelik Fabrikalari T.A.S.                                        ,Metals and Mining                                    ,28.48     ,30.0       ,19.813             ,-2.7395970290189835 ,14.573593670773489 ,-28.868871792942414  ,47.099999999999994  ,-0.18798362922064235
TTRAK     ,Türk Traktör ve Ziraat Makineleri A.S.                                          ,Machinery                                            ,588.5     ,657.0      ,140.39999999999998 ,13.14495158909829   ,4.906951119228246  ,5.301229086995555    ,100.0               ,2.678842986144459
ITE       ,Italtile Limited                                                                ,Specialty Retail                                     ,10.28     ,13.035     ,0.5300000000000011 ,26.795409101764253  ,1.0410344146178918 ,25.06903236687544    ,100.0               ,25.739215462535327
AYGAZ     ,Aygaz A.S.                                                                      ,Gas Utilities                                        ,234.3     ,269.4      ,93.75              ,13.792649334890777  ,8.174463897371426  ,-0.0946920457578665  ,94.81               ,1.6872848798470967
AIRARABIA ,Air Arabia PJSC                                                                 ,Passenger Airlines                                   ,5.03      ,4.16       ,1.6399999999999997 ,-11.93102883653598  ,6.893062128691609  ,-21.790613946792288  ,6.21                ,-1.7308749890523099
ADPORTS   ,Abu Dhabi Ports Company PJSC                                                    ,Transportation Infrastructure                        ,5.15      ,6.9        ,3.4000000000000004 ,31.061487677112115  ,13.519039549253476 ,7.88923949973435     ,99.64               ,2.297610533939694
ELMRA     ,Elmera Group ASA                                                                ,Electric Utilities                                   ,39.7      ,33.0       ,13.0               ,-14.409993264315569 ,6.730180179701239  ,-24.916863071922208  ,1.58                ,-2.1411006658896383
OLVAS     ,Olvi Oyj                                                                        ,Beverages                                            ,33.45     ,37.0       ,8.0                ,8.599457491532775   ,4.926771809794602  ,-0.18517176626707582 ,94.58               ,1.7454547974876247
VIC       ,Victorian Plumbing Group plc                                                    ,Specialty Retail                                     ,0.83      ,0.99       ,0.6200000000000001 ,20.951285831004693  ,15.08249154973593  ,-4.1409984593984825  ,91.0                ,1.3891130495194288
PIHLIS    ,Pihlajalinna Oyj                                                                ,Health Care Providers and Services                   ,14.4      ,16.75      ,2.5                ,16.314027215511498  ,3.5565000974514422 ,10.375121246710718   ,100.0               ,4.587101579781199
KOMPL     ,Komplett ASA                                                                    ,Specialty Retail                                     ,14.0      ,17.0       ,6.0                ,11.867108120453432  ,9.43157756865331   ,-5.76514058401181    ,86.45               ,1.2582315136647793
MORLD     ,Moreld ASA                                                                      ,Construction and Engineering                         ,16.64     ,23.0       ,4.0                ,38.254017633434515  ,4.887624009561147  ,30.115187481132523   ,100.0               ,7.826710393148529
BEWI      ,BEWI ASA                                                                        ,Chemicals                                            ,16.5      ,18.8992    ,3.9955999999999996 ,18.759586853569274  ,5.150691276578698  ,11.490210485316911   ,100.0               ,3.6421493438896553
CARA      ,Carasent AB (publ)                                                              ,Health Care Technology                               ,25.8      ,32.0       ,13.7286            ,24.58803667424865   ,10.7660362483478   ,6.489551810037935    ,99.7                ,2.283852302468518
LIME      ,Lime Technologies AB (publ)                                                     ,Software                                             ,258.0     ,395.0      ,50.0               ,50.46007563099463   ,4.053089330286147  ,43.2144733182727     ,100.0               ,12.449781270286525
VERK      ,Verkkokauppa.com Oyj                                                            ,Broadline Retail                                     ,3.85      ,4.3        ,0.7000000000000002 ,17.735831896759155  ,4.274192250095901  ,12.132545240208591   ,100.0               ,4.149516647586737
VESTUM    ,Vestum AB (publ)                                                                ,Construction and Engineering                         ,8.04      ,11.0       ,1.0                ,36.846404697708536  ,2.5553470655587422 ,32.540040219580646   ,100.0               ,14.41933473316739
LINK      ,LINK Mobility Group Holding ASA                                                 ,Software                                             ,33.4      ,44.5       ,3.0                ,33.23336443827759   ,1.8543239366271482 ,30.14127720352325    ,100.0               ,17.922092133872873
HARVIA    ,Harvia Oyj                                                                      ,Leisure Products                                     ,41.55     ,45.5       ,5.0                ,9.497929393007793   ,2.4443708950243117 ,5.475654742836031    ,100.0               ,3.8856334823579735
RAYB      ,RaySearch Laboratories AB (publ)                                                ,Health Care Technology                               ,194.0     ,350.0      ,40.0               ,80.47184954411718   ,4.230301642875167  ,73.36071777901104    ,100.0               ,19.022721389064746
NORCO     ,Norconsult ASA                                                                  ,Construction and Engineering                         ,46.2      ,52.5       ,5.0                ,13.66024492647482   ,2.2272844206559097 ,9.943527972924675    ,100.0               ,6.133138991944295
MEKO      ,Meko AB (publ)                                                                  ,Distributors                                         ,70.6      ,115.5      ,31.0               ,63.56768811277598   ,8.99007388117507   ,48.53619996113221    ,100.0               ,7.070874939736003
ONTEX     ,Ontex Group NV                                                                  ,Personal Care Products                               ,4.84      ,5.25       ,1.7999999999999998 ,13.355028970708329  ,7.726857144715684  ,1.7866716250476937   ,98.2                ,1.728390821854613
SEA1      ,Sea1 Offshore Inc.                                                              ,Energy Equipment and Services                        ,24.45     ,30.0115    ,11.009900000000002 ,24.183275894035052  ,9.28629718551617   ,8.86026706943739     ,100.0               ,2.6041893136646204
HEX       ,Hexagon Composites ASA                                                          ,Machinery                                            ,7.78      ,11.5       ,29.0               ,151.55043987323708  ,83.7520178889306   ,40.89128234724315    ,100.0               ,1.809513892241005
VIMIAN    ,Vimian Group AB (publ)                                                          ,Health Care Equipment and Supplies                   ,27.26     ,33.6405    ,15.026800000000001 ,25.747176925838154  ,11.288459972478686 ,7.663593793916625    ,99.94               ,2.280840521081696
COK       ,Cancom SE                                                                       ,IT Services                                          ,28.1      ,28.0       ,7.0                ,3.234914626502613   ,5.255281662041787  ,-4.428781856517233   ,68.61               ,0.6155549472957804
EMBRACB   ,Embracer Group AB (publ)                                                        ,Entertainment                                        ,51.1      ,90.0       ,60.0               ,101.91369218111954  ,25.61316229947335  ,67.24758065258872    ,100.0               ,3.9789578104229273
AMBEA     ,Ambea AB (publ)                                                                 ,Health Care Providers and Services                   ,135.4     ,150.0      ,27.0               ,14.090828672545051  ,4.20862683544783   ,7.938183468611142    ,100.0               ,3.34808221861411
DVYSR     ,Devyser Diagnostics AB (publ)                                                   ,Biotechnology                                        ,103.0     ,154.4034   ,25.004399999999976 ,47.48217621410282   ,5.006349738179022  ,38.627018016324456   ,100.0               ,9.484390563447468
IVSO      ,Invisio AB (publ)                                                               ,Aerospace and Defense                                ,265.0     ,365.0      ,80.0               ,31.449522089035163  ,6.612966547997688  ,19.25647855027777    ,100.0               ,4.755735850283052
GRK       ,GRK Infra Oyj                                                                   ,Construction and Engineering                         ,14.686    ,16.5       ,2.5                ,8.966740703091046   ,3.6831462112232365 ,2.1520551649035755   ,99.32               ,2.434532920731658
NRIX      ,Nurix Therapeutics Inc.                                                         ,Biotechnology                                        ,17.59     ,30.0       ,19.0               ,76.57996170014073   ,21.974595431367813 ,40.999160626970486   ,100.0               ,3.484931585626648
VERTB     ,Vertiseit AB (publ)                                                             ,Software                                             ,59.0      ,66.5       ,14.0               ,15.536472372965678  ,4.96492331065196   ,8.07730691010442     ,100.0               ,3.1292472009855747
SIP       ,Sipef NV                                                                        ,Food Products                                        ,85.0      ,87.3804    ,1.6107999999999976 ,2.802371822355841   ,0.3888937636138678 ,2.1583336171700784   ,100.0               ,7.206008644402725
SOMA      ,Solstad Maritime ASA                                                            ,Energy Equipment and Services                        ,21.75     ,23.0       ,3.0                ,7.294210952786758   ,2.8853607585148953 ,2.9101957087984776   ,100.0               ,2.528006569459658
ATRAV     ,Atria Oyj                                                                       ,Food Products                                        ,16.0      ,17.375     ,2.75               ,8.567225863945705   ,3.513024954834057  ,2.7094387628785634   ,100.0               ,2.438703389270513
NYAB      ,Nyab AB (publ)                                                                  ,Construction and Engineering                         ,5.89      ,7.7        ,0.40000000000000036,30.728519025271794  ,1.3856068949433824 ,28.41323598538984    ,100.0               ,22.17693859449754
MARS      ,Marston's PLC                                                                   ,Hotels Restaurants and Leisure                       ,0.605     ,0.825      ,0.19999999999999996,27.99846272611516   ,7.392078978989466  ,14.182080344615242   ,100.0               ,3.7876303548291754
GENO      ,Genovis AB (publ.)                                                              ,Life Sciences Tools and Services                     ,22.0      ,30.0       ,11.0               ,53.20969841945448   ,11.786789635481163 ,37.66061177614529    ,100.0               ,4.514350392687088
SOLG      ,SolGold Plc                                                                     ,Metals and Mining                                    ,0.28      ,0.46       ,0.2899999999999999 ,56.089163649425025  ,21.26602876090183  ,18.17899280384223    ,100.0               ,2.637500601548441
INSTAL    ,Instalco AB (publ)                                                              ,Construction and Engineering                         ,25.82     ,35.0       ,13.0               ,31.699079215108185  ,10.34272552379981  ,13.662877914397603   ,100.0               ,3.064867103179421
YUBICO    ,Yubico AB                                                                       ,Software                                             ,66.1      ,95.0       ,10.0               ,43.7249977529126    ,3.064142702686494  ,38.582760326043235   ,100.0               ,14.269896018412137
SNT       ,Synektik Spólka Akcyjna                                                         ,Health Care Technology                               ,296.8     ,302.5      ,25.100000000000023 ,3.090775666780335   ,1.7904954719478812 ,0.4547691636825867   ,98.69               ,1.726212501067025
PEXIP     ,Pexip Holding ASA                                                               ,Software                                             ,76.3      ,77.5       ,15.0               ,1.5186245863343144  ,4.001552149991142  ,-5.268317180103051   ,64.67               ,0.3795088829062682
ALLIGOB   ,Alligo AB (publ)                                                                ,Trading Companies and Distributors                   ,126.6     ,160.0      ,15.0               ,27.65201222056254   ,2.44685268469305   ,23.93983602268651    ,100.0               ,11.30105314208215
RELAIS    ,Relais Group Oyj                                                                ,Trading Companies and Distributors                   ,17.2      ,19.0       ,3.8000000000000007 ,14.722691811786408  ,4.713596027312551  ,8.047160911161013    ,100.0               ,3.1234521852269395
SNTIA     ,Sentia ASA                                                                      ,Construction and Engineering                         ,63.47     ,73.5       ,13.0               ,15.841615952145936  ,4.164173219051283  ,8.919110558734353    ,100.0               ,3.8042644046769762
FUTR      ,Future plc                                                                      ,Media                                                ,5.315     ,10.0       ,11.42              ,126.96906103333339  ,46.188347357981556 ,61.37289193495519    ,100.0               ,2.7489414169609288
SMCRT     ,SmartCraft ASA                                                                  ,Software                                             ,22.7      ,30.0       ,3.0                ,30.703414674008346  ,2.75849232522343   ,25.72213233742941    ,100.0               ,11.130505745206834
TTALO     ,Terveystalo Oyj                                                                 ,Health Care Providers and Services                   ,10.04     ,11.5       ,2.9000000000000004 ,14.880988719044415  ,5.89686940030328   ,5.048447341450184    ,100.0               ,2.523540493923619
JEN       ,Jenoptik AG                                                                     ,Electronic Equipment Instruments and Components      ,23.82     ,26.0       ,10.5               ,11.401877293865693  ,9.060458071815349  ,-3.252088783872291   ,88.88000000000001   ,1.2584217269691773
ATG       ,Auction Technology Group plc                                                    ,Diversified Consumer Services                        ,3.02      ,4.425      ,2.89               ,49.79022254509647   ,19.78259835310016  ,16.60315883442648    ,100.0               ,2.5168697082349536
HAYPP     ,Haypp Group AB (publ)                                                           ,Specialty Retail                                     ,115.2     ,130.0      ,100.0              ,35.94338591859386   ,19.650770743029888 ,10.343737102025099   ,100.0               ,1.8291082008242832
HUMBLE    ,Humble Group AB (publ)                                                          ,Personal Care Products                               ,8.18      ,9.15       ,0.3000000000000007 ,11.867897173005101  ,0.7480441000250626 ,10.60040029638977    ,100.0               ,15.865237320376535
FSTA      ,Fuller Smith & Turner P.L.C.                                                    ,Hotels Restaurants and Leisure                       ,6.9       ,8.275      ,5.25               ,35.51298798508248   ,16.481852396773917 ,12.642619592770233   ,100.0               ,2.154672128481968
ENENTO    ,Enento Group Oyj                                                                ,Professional Services                                ,15.48     ,19.6       ,5.300000000000001  ,26.802799983361894  ,6.936278698332138  ,15.101581479840405   ,100.0               ,3.864146922153915
KCC       ,Klaveness Combination Carriers ASA                                              ,Marine Transportation                                ,86.9      ,94.442     ,18.5094            ,11.781835467016181  ,4.479733766078428  ,5.200652261313632    ,100.0               ,2.630030283547416
NCAB      ,NCAB Group AB (publ)                                                            ,Electronic Equipment Instruments and Components      ,46.16     ,60.0       ,6.0                ,29.960032571690867  ,2.6553903077880427 ,25.557677542497405   ,100.0               ,11.282722725853349
FAA       ,Fabasoft AG                                                                     ,Software                                             ,15.7      ,28.0       ,4.0                ,78.44038531917332   ,5.2184963268611995 ,69.72387030473992    ,100.0               ,15.031223633408846
POSTI     ,Posti Group Oyj                                                                 ,Air Freight and Logistics                            ,8.598     ,9.3        ,1.8000000000000007 ,9.761456003854546   ,4.302130216298609  ,3.0054569051645914   ,100.0               ,2.2689819956804875
SL        ,Sanlorenzo S.p.A.                                                               ,Leisure Products                                     ,32.45     ,44.0       ,15.0               ,32.464642437525896  ,9.612088213409493  ,15.716174451742193   ,100.0               ,3.377480701044295
OCI       ,OCI N.V.                                                                        ,Chemicals                                            ,3.284     ,3.9023     ,2.0496000000000003 ,21.08004951315095   ,12.81038022834691  ,0.38708095761835665  ,95.39               ,1.645544405192974
BESQAB    ,Besqab AB (publ)                                                                ,Household Durables                                   ,28.3      ,33.5       ,1.5                ,16.596822776783043  ,1.2544722558309558 ,14.243029767821147   ,100.0               ,13.23012342412419
BOUV      ,Bouvet ASA                                                                      ,IT Services                                          ,58.0      ,62.0       ,4.0                ,6.89754726328057    ,1.4163572711428094 ,4.536653222273394    ,100.0               ,4.8699204669703
YNGA      ,Young & Co.'s Brewery P.L.C.                                                    ,Hotels Restaurants and Leisure                       ,8.45      ,13.75      ,4.5                ,51.06879659520553   ,11.606989823851547 ,29.28279475576654    ,100.0               ,4.3998312542897855
AKVA      ,AKVA group ASA                                                                  ,Machinery                                            ,84.6      ,126.0      ,28.0               ,43.39695881306177   ,7.055007969645143  ,30.53422233051248    ,100.0               ,6.151227468456649
MG        ,Magna International Inc.                                                        ,Automobile Components                                ,71.17     ,68.0215    ,25.422399999999996 ,3.2118066138025876  ,7.781683112701966  ,-7.564942829395848   ,59.13               ,0.41273932223736876
FRPT      ,Freshpet Inc.                                                                   ,Food Products                                        ,70.39     ,71.0       ,45.0               ,7.7183296962420425  ,13.323901119256973 ,-12.330474769573486  ,68.46               ,0.5792845223901261
BFAM      ,Bright Horizons Family Solutions Inc.                                           ,Diversified Consumer Services                        ,91.32     ,130.0      ,67.0               ,39.80124156822461   ,14.96383745163069  ,14.043578227997434   ,100.0               ,2.659828516373469
REZI      ,Resideo Technologies Inc.                                                       ,Building Products                                    ,33.65     ,45.0       ,6.0                ,33.67472252583419   ,3.65233475896211   ,27.60545156723225    ,100.0               ,9.220053677501236
BRKR      ,Bruker Corporation                                                              ,Life Sciences Tools and Services                     ,44.23     ,55.0       ,35.0               ,28.257246399637683  ,16.083411180068477 ,2.5106758182955486   ,96.74000000000001   ,1.7569187334248937
GDDY      ,GoDaddy Inc.                                                                    ,IT Services                                          ,99.24     ,172.5      ,110.0              ,82.17497274680979   ,22.839692213655173 ,46.02775831760089    ,100.0               ,3.597901932219551
ATMU      ,Atmus Filtration Technologies Inc.                                              ,Machinery                                            ,57.96     ,59.0       ,10.0               ,1.872716788098432   ,3.507345456165029  ,-4.041738368916438   ,69.53               ,0.5339413557927886
ROKU      ,Roku Inc.                                                                       ,Entertainment                                        ,100.46    ,125.0      ,85.0               ,19.806181675406947  ,17.300000936376694 ,-10.662400136740606  ,85.32               ,1.1448659308312816
KRYS      ,Krystal Biotech Inc.                                                            ,Biotechnology                                        ,279.34    ,300.5      ,130.0              ,0.49067473926849436 ,9.777337069681499  ,-17.254817755562822  ,55.720000000000006  ,0.050184905743919324
CTCA      ,Canadian Tire Corporation Limited                                               ,Broadline Retail                                     ,170.95    ,180.0      ,51.0               ,7.467508013089838   ,6.104500767634639  ,-2.112669605073578   ,88.03               ,1.2232790685655586
WSO       ,Watsco Inc.                                                                     ,Trading Companies and Distributors                   ,383.42    ,382.0      ,102.0              ,2.56169895642497    ,5.517191712587437  ,-5.834331895930292   ,64.14               ,0.46431211563311653
MSA       ,MSA Safety Incorporated                                                         ,Commercial Services and Supplies                     ,178.26    ,186.5      ,16.0               ,6.684343960460268   ,1.953174487314115  ,4.0165696319735495   ,100.0               ,3.422297395278885
AC        ,Air Canada                                                                      ,Passenger Airlines                                   ,18.87     ,24.5       ,14.2               ,31.29157034642566   ,15.425616969983508 ,5.836492860253695    ,98.72               ,2.0285457889506455
SXT       ,Sensient Technologies Corporation                                               ,Chemicals                                            ,95.6      ,120.0      ,10.0               ,25.507906513895403  ,2.120161904318643  ,21.910845298619055   ,100.0               ,12.031112558874547
SPHR      ,Sphere Entertainment Co.                                                        ,Entertainment                                        ,96.35     ,110.0      ,91.0               ,0.4483161110434428  ,19.997812723693386 ,-35.12551029968175   ,55.24               ,0.022418257298323353
ALKS      ,Alkermes plc                                                                    ,Biotechnology                                        ,34.88     ,44.5       ,28.0               ,26.262954697711965  ,16.471910860729412 ,-1.534662216723327   ,93.67999999999999   ,1.5944085006145416
SPSC      ,SPS Commerce Inc.                                                               ,Software                                             ,88.95     ,100.0      ,45.0               ,14.206471598500897  ,10.325387227510983 ,-2.653887117619651   ,90.9                ,1.3758778518881252
CC        ,The Chemours Company                                                            ,Chemicals                                            ,15.24     ,15.0       ,8.0                ,7.316465314805773   ,11.069947076439028 ,-8.692686427225295   ,69.71000000000001   ,0.6609304691598695
NNE       ,NANO Nuclear Energy Inc.                                                        ,Electrical Equipment                                 ,32.11     ,45.0       ,5.0                ,45.33692465772824   ,3.6869281806390575 ,40.5471049568438     ,100.0               ,12.29666606900652
WEN       ,The Wendy's Company                                                             ,Hotels Restaurants and Leisure                       ,7.72      ,9.0        ,11.5               ,49.17812012803043   ,32.6647856562526   ,4.379520045199517    ,97.44               ,1.505539348874218
THS       ,TreeHouse Foods Inc.                                                            ,Food Products                                        ,24.65     ,22.5       ,4.0                ,-12.73472296973404  ,3.5880463173072643 ,-19.458622503393894  ,0.0                 ,-3.549208076915551
IDYA      ,IDEAYA Biosciences Inc.                                                         ,Biotechnology                                        ,32.99     ,48.0       ,48.0               ,59.67807664914378   ,30.171487292115735 ,13.175390695381555   ,99.41               ,1.9779627060260487
AAP       ,Advance Auto Parts Inc.                                                         ,Specialty Retail                                     ,48.12     ,55.0       ,45.0               ,-2.9593196176586063 ,19.93095915942107  ,-39.2406595031899    ,49.919999999999995  ,-0.14847853502623728
CRI       ,Carter's Inc.                                                                   ,Textiles Apparel and Luxury Goods                    ,33.61     ,30.0       ,25.0               ,4.387811057786405   ,16.124885210512797 ,-18.03477326560752   ,54.39000000000001   ,0.2721142507684782
BVB       ,Borussia Dortmund GmbH & Co. Kommanditgesellschaft auf Aktien                   ,Entertainment                                        ,3.255     ,5.1        ,0.5                ,59.73294940955495   ,3.3184582687354105 ,55.160293954927006   ,100.0               ,18.000211113794666
RARE      ,Ultragenyx Pharmaceutical Inc.                                                  ,Biotechnology                                        ,24.27     ,58.5       ,103.0              ,190.834513366514    ,87.69778448097756  ,57.389473108275844   ,100.0               ,2.1760471429914823
BME       ,B&M European Value Retail S.A.                                                  ,Broadline Retail                                     ,1.779     ,2.0        ,1.35               ,24.60146320382066   ,16.11645180909057  ,1.5400579129973648   ,96.73               ,1.5264813555266596
AFG       ,AF Gruppen ASA                                                                  ,Construction and Engineering                         ,181.6     ,165.5      ,61.0               ,-8.80137615565857   ,6.869661015173466  ,-20.25102670377704   ,11.27               ,-1.2811951181023924
KALMAR    ,Kalmar Oyj                                                                      ,Machinery                                            ,42.86     ,42.0       ,15.0               ,1.9233565677084545  ,7.256625204547645  ,-9.22211607975027    ,56.2                ,0.2650483542271287
HUH1V     ,Huhtamäki Oyj                                                                   ,Containers and Packaging                             ,29.64     ,37.0       ,12.5               ,18.713861242417234  ,8.775606717951026  ,2.5312385478224537   ,97.6                ,2.1324863162038605
SOON      ,Sonova Holding AG                                                               ,Health Care Equipment and Supplies                   ,210.5     ,225.0      ,140.0              ,11.77304111510129   ,13.649195072904167 ,-9.828702801395622   ,78.86               ,0.862544718001185
NAS       ,Norwegian Air Shuttle ASA                                                       ,Passenger Airlines                                   ,16.09     ,19.0       ,1.8000000000000007 ,15.556166384483818  ,2.4618508563295767 ,11.05195380779563    ,100.0               ,6.3188906608570194
CAP       ,Capgemini SE                                                                    ,IT Services                                          ,127.85    ,175.0      ,85.0               ,40.88896106459679   ,13.575283304502358 ,19.172307190987674   ,100.0               ,3.0120153036537824
AV        ,Antares Vision S.p.A.                                                           ,Machinery                                            ,5.05      ,5.3        ,0.20000000000000018,4.95203985665277    ,0.8101135987620436 ,3.5981478821211623   ,100.0               ,6.112772164570642
NHY       ,Norsk Hydro ASA                                                                 ,Metals and Mining                                    ,88.72     ,82.0       ,53.0               ,-14.638026422314852 ,12.397349457995391 ,-37.171839941335136  ,11.82               ,-1.1807383886298686
SAF       ,Safran SA                                                                       ,Aerospace and Defense                                ,298.6     ,340.0      ,125.0              ,9.215679294763385   ,8.692579493153726  ,-6.479848681355609   ,83.19               ,1.060177741488778
TOM       ,Tomra Systems ASA                                                               ,Machinery                                            ,130.2     ,149.2811   ,83.04169999999999  ,15.852263977419014  ,12.964186582156328 ,-5.631097299133068   ,87.89               ,1.2227735135529276
AKER      ,Aker ASA                                                                        ,Industrial Conglomerates                             ,892.0     ,837.5      ,305.0              ,-15.074324921332241 ,7.730244800053696  ,-29.521341523736194  ,0.0                 ,-1.9500449612187614
LYKOA     ,Lyko Group AB (publ)                                                            ,Specialty Retail                                     ,93.5      ,111.0      ,25.0               ,16.257236956444377  ,5.511522402827702  ,6.4150776542437615   ,100.0               ,2.949681733690052
Y92       ,Thai Beverage Public Company Limited                                            ,Beverages                                            ,0.48      ,0.533      ,0.24279999999999996,8.508709692190111   ,10.217211738550668 ,-9.012444805476086   ,78.51               ,0.8327819673234146
4578      ,Otsuka Holdings Co. Ltd.                                                        ,Pharmaceuticals                                      ,9156.0    ,10750.0    ,4600.0             ,14.238060481585077  ,10.341868403193269 ,-3.819693894755702   ,89.52               ,1.3767396689353324
4612      ,Nippon Paint Holdings Co. Ltd.                                                  ,Chemicals                                            ,1011.5    ,1150.0     ,550.0              ,25.10220558709986   ,11.743889979269458 ,8.908065826935859    ,100.0               ,2.1374694101708003
7912      ,Dai Nippon Printing Co. Ltd.                                                    ,Commercial Services and Supplies                     ,2756.0    ,2825.0     ,800.0              ,4.450666058903114   ,5.966760705730788  ,-4.97663109466002    ,75.47               ,0.7459099297594527
BORG      ,Björn Borg AB (publ)                                                            ,Textiles Apparel and Luxury Goods                    ,60.5      ,62.75      ,11.5               ,3.721904974633953   ,3.890806772907078  ,-2.7654433965096272  ,81.46               ,0.956589517770648
285A      ,Kioxia Holdings Corporation                                                     ,Semiconductors and Semiconductor Equipment           ,19245.0   ,14800.0    ,18000.0            ,-18.866029919477057 ,19.099538318585466 ,-49.793303012720834  ,17.93               ,-0.9877741338448383
CMCOM     ,CM.com N.V.                                                                     ,Software                                             ,4.3       ,4.6        ,3.9                ,21.779508212083723  ,19.204519521079526 ,-6.157715783712991   ,87.51               ,1.1340824324283565
5020      ,ENEOS Holdings Inc.                                                             ,Oil Gas and Consumable Fuels                         ,1268.5    ,1210.0     ,1040.0             ,-0.907703656506329  ,16.608354393317516 ,-27.7441840848137    ,45.87               ,-0.05465343736111205
1911      ,Sumitomo Forestry Co. Ltd.                                                      ,Household Durables                                   ,1622.5    ,1962.5     ,690.0              ,14.231855190230702  ,8.996868417847029  ,-2.1722528726103123  ,91.97               ,1.581867659862521
4543      ,Terumo Corporation                                                              ,Health Care Equipment and Supplies                   ,1998.0    ,3150.0     ,1400.0             ,52.562919065751394  ,14.267314754056931 ,27.63141336897441    ,100.0               ,3.6841493982464395
CCO       ,Cameco Corporation                                                              ,Oil Gas and Consumable Fuels                         ,180.24    ,155.0      ,65.0               ,-15.074172351580753 ,7.375581582922632  ,-27.55704401592389   ,1.11                ,-2.0437944021232686
MRNA      ,Moderna Inc.                                                                    ,Biotechnology                                        ,46.86     ,29.0       ,118.0              ,29.267446947455404  ,56.83362511020467  ,-44.957639898925905  ,62.23               ,0.5149670972193595
PPL       ,PPL Corporation                                                                 ,Electric Utilities                                   ,36.31     ,40.0       ,10.0               ,8.325852609413289   ,5.648841463396031  ,-1.5458061283439544  ,91.25               ,1.4739044569340531
PRSU      ,Pursuit Attractions and Hospitality Inc.                                        ,Hotels Restaurants and Leisure                       ,35.55     ,45.0       ,3.0                ,29.349069436229193  ,1.9854337567425613 ,26.79757083165003    ,100.0               ,14.782195244016243
ZTS       ,Zoetis Inc.                                                                     ,Pharmaceuticals                                      ,121.72    ,153.22     ,70.0               ,32.28376730996738   ,11.922880028624327 ,14.209881775120598   ,100.0               ,2.707715521120807
YELP      ,Yelp Inc.                                                                       ,Interactive Media and Services                       ,27.5      ,32.5       ,12.0               ,21.969982779882013  ,8.975071676468676  ,7.941946400232652    ,100.0               ,2.4478893954110794
NBIS      ,Nebius Group N.V.                                                               ,Software                                             ,94.91     ,152.5      ,141.0              ,52.113569200196224  ,30.677347798423284 ,-1.271932791837295   ,94.33               ,1.698763841731934
ALSN      ,Allison Transmission Holdings Inc.                                              ,Machinery                                            ,111.56    ,113.5      ,63.0               ,7.792616601751495   ,11.68531577547982  ,-10.067824814136577  ,71.94               ,0.6668725733628295
PANW      ,Palo Alto Networks Inc.                                                         ,Software                                             ,176.2     ,230.0      ,134.0              ,18.193555412862963  ,16.179478885055232 ,-11.573149008418167  ,84.17               ,1.124483399132719
H         ,Hydro One Limited                                                               ,Electric Utilities                                   ,53.7      ,53.0       ,15.0               ,-2.06278521954982   ,5.66856622440364   ,-11.64411028858315   ,36.449999999999996  ,-0.3638989363252671
HL        ,Hecla Mining Company                                                            ,Metals and Mining                                    ,26.32     ,27.25      ,20.5               ,0.9189914638422084  ,15.83851110799188  ,-26.00284120399539   ,53.21               ,0.058022591743393026
TRP       ,TC Energy Corporation                                                           ,Oil Gas and Consumable Fuels                         ,79.88     ,80.0       ,30.0               ,-1.5036740231563845 ,7.654341931111125  ,-14.723668658821367  ,44.29               ,-0.1964471977721156
USFD      ,US Foods Holding Corp.                                                          ,Consumer Staples Distribution and Retail             ,84.26     ,93.5       ,20.0               ,9.809380969131276   ,4.834947890657304  ,1.3264201943745924   ,97.74000000000001   ,2.028849367350204
HEIJM     ,Koninklijke Heijmans N.V.                                                       ,Construction and Engineering                         ,68.55     ,63.375     ,17.75              ,-7.561514286637652  ,5.305076338366612  ,-16.41366021544456   ,8.68                ,-1.4253356227793281
ENB       ,Enbridge Inc.                                                                   ,Oil Gas and Consumable Fuels                         ,66.43     ,71.0       ,18.0               ,6.830185401596594   ,5.482551330497109  ,-2.3096670221979063  ,88.02               ,1.2458041867484522
IP        ,Interpump Group S.p.A.                                                          ,Machinery                                            ,48.54     ,51.0       ,20.9               ,8.641507552411255   ,8.921218877331846  ,-5.435571571123463   ,82.23               ,0.9686465124590412
EW        ,Edwards Lifesciences Corporation                                                ,Health Care Equipment and Supplies                   ,81.49     ,98.5       ,26.0               ,19.56164538300395   ,6.477510194134638  ,8.447685345815025    ,100.0               ,3.019932782308386
AEE       ,Ameren Corporation                                                              ,Multi-Utilities                                      ,103.77    ,111.0      ,26.0               ,6.889265739307291   ,5.094645704257744  ,-1.4683501637989878  ,90.09               ,1.352256101646034
A128940   ,Hanmi Pharm. Co. Ltd.                                                           ,Pharmaceuticals                                      ,505000.0  ,515000.0   ,200000.0           ,-5.151792912973462  ,8.460778337992682  ,-20.609609029422565  ,32.45               ,-0.6089029527980429
2579      ,Coca-Cola Bottlers Japan Holdings Inc.                                          ,Beverages                                            ,3331.0    ,3045.0     ,950.0              ,-8.993493554216528  ,5.828896536481999  ,-18.76454084221293   ,6.64                ,-1.5429152838668339
2501      ,Sapporo Holdings Limited                                                        ,Beverages                                            ,1590.5    ,1180.0     ,500.0              ,-22.925687981442927 ,6.46781935456412   ,-32.90016146202508   ,0.0                 ,-3.5445776581971247
9147      ,Nippon Express Holdings Inc.                                                    ,Air Freight and Logistics                            ,3468.0    ,3700.0     ,1720.0             ,9.369060257027025   ,10.152164295361533 ,-6.978478695829447   ,80.75               ,0.9228633407073303
5105      ,Toyo Tire Corporation                                                           ,Automobile Components                                ,4132.0    ,4600.0     ,1700.0             ,12.128480753322517  ,8.429172645546121  ,-1.6374004777122515  ,91.99000000000001   ,1.4388696570037711
6465      ,Hoshizaki Corporation                                                           ,Machinery                                            ,4991.0    ,6695.0     ,1640.0             ,35.77849563088964   ,6.627987905623105  ,25.096614669621687   ,100.0               ,5.398093077468593
2181      ,Persol Holdings Co.Ltd.                                                         ,Professional Services                                ,267.4     ,320.0      ,150.0              ,28.582671559789674  ,11.919801525805282 ,11.110854173468043   ,100.0               ,2.397915057386719
MINT      ,Minor International Public Company Limited                                      ,Hotels Restaurants and Leisure                       ,22.9      ,34.5       ,12.75              ,51.10879451112832   ,11.46346562706414  ,31.959749200367263   ,100.0               ,4.458406922812712
9007      ,Odakyu Electric Railway Co. Ltd.                                                ,Ground Transportation                                ,1648.0    ,1800.0     ,400.0              ,9.267366193627929   ,4.969371453991963  ,0.9468604974398599   ,97.14               ,1.8648970557802294
9041      ,Kintetsu Group Holdings Co.Ltd.                                                 ,Ground Transportation                                ,3174.0    ,3000.0     ,200.0              ,-5.477982818675092  ,1.2835869803061946 ,-7.602658524711396   ,0.0                 ,-4.267714539585265
INCO      ,PT Vale Indonesia Tbk                                                           ,Metals and Mining                                    ,6100.0    ,7300.0345  ,5477.126           ,8.017995042434364   ,18.87342681930353  ,-26.30936018320661   ,67.75999999999999   ,0.4248298477642465
7747      ,Asahi Intecc Co. Ltd.                                                           ,Health Care Equipment and Supplies                   ,2578.0    ,3400.0     ,1700.0             ,33.20582593743397   ,13.370622923383051 ,11.452920948066764   ,100.0               ,2.4834913173239195
IPCALAB   ,Ipca Laboratories Limited                                                       ,Pharmaceuticals                                      ,1479.7    ,1580.0     ,381.0              ,4.815762832841606   ,5.259519447085472  ,-4.305145232226801   ,79.77               ,0.9156279164459082
1969      ,Takasago Thermal Engineering Co. Ltd.                                           ,Building Products                                    ,4512.0    ,4950.0     ,2950.0             ,-1.1374133860389701 ,13.96506487025641  ,-26.497990282765684  ,51.55               ,-0.08144705353009121
6460      ,Sega Sammy Holdings Inc.                                                        ,Leisure Products                                     ,2387.0    ,3300.0     ,1200.0             ,46.54929869222768   ,10.6710315824118   ,31.25228477937759    ,100.0               ,4.362211688038777
9364      ,Kamigumi Co. Ltd.                                                               ,Transportation Infrastructure                        ,5366.0    ,5500.0     ,1200.0             ,-1.22682619453538   ,4.73907643447155   ,-9.975754173958876   ,45.15               ,-0.2588745320948136
4403      ,NOF Corporation                                                                 ,Chemicals                                            ,2964.5    ,3900.0     ,1100.0             ,25.988070289262787  ,7.821265677140332  ,11.600378495924831   ,100.0               ,3.322744855122315
4324      ,Dentsu Group Inc.                                                               ,Media                                                ,2968.0    ,3400.0     ,1100.0             ,15.695415869958879  ,7.554812326933788  ,3.414577928003826    ,99.08               ,2.0775388177417575
AKCNS     ,Akçansa Çimento Sanayi ve Ticaret Anonim Sirketi                                ,Construction Materials                               ,190.3     ,203.35     ,51.02000000000001  ,2.339575391046082   ,5.717102672655361  ,-8.301084497196815   ,67.03               ,0.4092239592330856
9006      ,Keikyu Corporation                                                              ,Ground Transportation                                ,1509.5    ,1575.0     ,150.0              ,4.318492393105049   ,2.0337255435527575 ,0.913600096251407    ,99.08               ,2.1234391271700237
S59       ,SIA Engineering Company Limited                                                 ,Transportation Infrastructure                        ,3.33      ,4.0        ,0.21999999999999975,20.714868265776122  ,1.3741256379924038 ,18.592488792248734   ,100.0               ,15.074944890803815
A310210   ,Voronoi Inc.                                                                    ,Biotechnology                                        ,229000.0  ,270000.0   ,80000.0            ,14.994270562320438  ,7.192450357185493  ,2.2469118839479534   ,98.00999999999999   ,2.084723538945343
OMN       ,Omnia Holdings Limited                                                          ,Chemicals                                            ,85.72     ,95.5       ,1.0                ,11.40835317488917   ,0.2394061935497077 ,11.00530854025117    ,100.0               ,47.652706915121904
FERTIGLB  ,Fertiglobe plc                                                                  ,Chemicals                                            ,2.72      ,3.0504     ,0.6096999999999997 ,8.251257832453229   ,4.783028988257111  ,-0.562866479627385   ,93.87               ,1.7251113996404832
TABREED   ,National Central Cooling Company PJSC                                           ,Water Utilities                                      ,3.02      ,3.925      ,1.42               ,33.61430118405416   ,9.640826311451987  ,18.242908840313294   ,100.0               ,3.486661837702123
ALEFEDT   ,Alef Education Holding plc                                                      ,Diversified Consumer Services                        ,1.04      ,1.4        ,0.09999999999999987,34.59516777870871   ,1.9488866967629443 ,31.349409296527714   ,100.0               ,17.75124630701748
E7        ,E7 Group PJSC                                                                   ,Commercial Services and Supplies                     ,1.06      ,1.53       ,0.72               ,52.63270687020979   ,14.080366881753024 ,31.75385447021022    ,100.0               ,3.7380209842697614
7984      ,Kokuyo Co. Ltd.                                                                 ,Commercial Services and Supplies                     ,899.1     ,937.5      ,100.0              ,5.230742000207003   ,2.2882917510018332 ,1.6827403284642104   ,100.0               ,2.285871981978233
4681      ,Resorttrust Inc.                                                                ,Hotels Restaurants and Leisure                       ,1807.0    ,2150.0     ,400.0              ,20.808638463209984  ,4.551808013054979  ,13.687705543767535   ,100.0               ,4.57151057415625
7936      ,ASICS Corporation                                                               ,Textiles Apparel and Luxury Goods                    ,3724.0    ,4800.0     ,2000.0             ,25.284960147402522  ,11.08779930908678  ,5.76529373650898     ,99.3                ,2.2804308990947146
9735      ,SECOM CO. LTD.                                                                  ,Commercial Services and Supplies                     ,5699.0    ,5965.0     ,650.0              ,4.815488516577058   ,2.3215566777914622 ,0.9647192445899048   ,98.83               ,2.0742498180824587
5706      ,Mitsui Kinzoku Company Limited                                                  ,Metals and Mining                                    ,21630.0   ,22500.0    ,12000.0            ,8.802302051536833   ,11.374115808435056 ,-8.839501265362637   ,76.02               ,0.7738889070400564
7733      ,Olympus Corporation                                                             ,Health Care Equipment and Supplies                   ,1838.5    ,2000.0     ,700.0              ,12.358132216966455  ,7.845756792553404  ,0.31114564786252413  ,95.61               ,1.5751357764104865
2503      ,Kirin Holdings Company Limited                                                  ,Beverages                                            ,2358.0    ,2500.0     ,1000.0             ,11.64916739450788   ,8.817608795681721  ,-1.5044374115671622  ,91.75               ,1.3211254507245624
4004      ,Resonac Holdings Corporation                                                    ,Chemicals                                            ,9055.0    ,7600.0     ,6400.0             ,-21.389996088869914 ,14.535669585894048 ,-46.730386089726615  ,6.76                ,-1.471552167753425
6361      ,Ebara Corporation                                                               ,Machinery                                            ,4795.0    ,4950.0     ,2200.0             ,2.732810714816199   ,9.27044699474775   ,-13.042098636429786  ,61.78               ,0.2947873728596362
6269      ,MODEC Inc.                                                                      ,Energy Equipment and Services                        ,15090.0   ,9500.0     ,7700.0             ,-25.44903126428449  ,11.180816609697231 ,-40.52618359995924   ,1.76                ,-2.27613350193154
9843      ,Nitori Holdings Co. Ltd.                                                        ,Specialty Retail                                     ,2551.0    ,2760.0     ,1150.0             ,15.253866944378702  ,9.422979904717455  ,1.6456057866882565   ,97.54               ,1.6187943833714549
7911      ,TOPPAN Holdings Inc.                                                            ,Commercial Services and Supplies                     ,4694.0    ,6000.0     ,100.0              ,27.115587018463213  ,0.4981740236833215 ,26.178183077470354   ,100.0               ,54.42994963482883
3088      ,MatsukiyoCocokara & Co.                                                         ,Consumer Staples Distribution and Retail             ,2453.5    ,3500.0     ,1140.0             ,37.99560565147158   ,9.680997989021368  ,20.66730865005285    ,100.0               ,3.9247612378971763
A011200   ,HMM Co.Ltd                                                                      ,Marine Transportation                                ,20400.0   ,21500.0    ,6000.0             ,10.34773761263568   ,6.2196651342703095 ,1.3715510870781047   ,98.05               ,1.663712979597522
7272      ,Yamaha Motor Co. Ltd.                                                           ,Automobiles                                          ,1150.5    ,1050.0     ,400.0              ,0.12145726129189185 ,7.71677687207069   ,-10.27078921140432   ,45.75               ,0.01573937711371205
COH       ,Cochlear Limited                                                                ,Health Care Equipment and Supplies                   ,263.85    ,300.0      ,110.0              ,12.433605080462547  ,8.540319654586558  ,-2.4295333909140293  ,91.18               ,1.4558711597855836
ALKEM     ,Alkem Laboratories Limited                                                      ,Pharmaceuticals                                      ,5713.0    ,6150.0     ,2776.0             ,2.0126886765290615  ,10.119652819879136 ,-16.273240663151913  ,59.919999999999995  ,0.1988891034458532
GUINNESS  ,Guinness Nigeria Plc                                                            ,Beverages                                            ,349.9     ,171.34     ,96.08              ,-54.59829098789117  ,5.764078574904192  ,-65.00647312583207   ,0.0                 ,-9.472162858015633
NEMAKA    ,Nemak S. A. B. de C. V.                                                         ,Automobile Components                                ,3.4       ,5.4        ,3.5                ,85.23044428863615   ,23.092085575746438 ,54.87547524119462    ,100.0               ,3.6908941814312985
500493    ,Bharat Forge Limited                                                            ,Automobile Components                                ,1438.7    ,1346.0     ,787.0              ,-7.6054544916115905 ,11.101960239016403 ,-26.396569920334326  ,25.979999999999997  ,-0.6850551008895892
NAUKRI    ,Info Edge (India) Limited                                                       ,Interactive Media and Services                       ,1268.3    ,1582.5     ,750.0              ,19.199247156655048  ,12.262766113270942 ,-2.5429924432214284  ,92.29               ,1.5656538646592424
AUROPHARMA,Aurobindo Pharma Limited                                                        ,Pharmaceuticals                                      ,1150.6    ,1330.0     ,910.0              ,6.842201818894757   ,16.511254290852413 ,-22.553752176952514  ,66.69               ,0.41439624745440945
FORTIS    ,Fortis Healthcare Limited                                                       ,Health Care Providers and Services                   ,842.25    ,1093.0     ,235.0              ,25.85208097693452   ,5.854292904651603  ,15.346193224566573   ,100.0               ,4.415918608444313
EAND      ,Emirates Telecommunications Group Company PJSC                                  ,Diversified Telecommunication Services               ,20.02     ,20.9       ,4.800000000000001  ,2.691138858171857   ,4.8627742998815355 ,-5.757983631497818   ,70.67               ,0.5534163611577484
IGL       ,Indraprastha Gas Limited                                                        ,Gas Utilities                                        ,180.53    ,233.0      ,110.0              ,22.64225316915899   ,12.453148333766455 ,0.09571533409211719  ,95.08               ,1.8181950910971636
DELTA     ,Delta Electronics (Thailand) Public Company Limited                             ,Electronic Equipment Instruments and Components      ,208.0     ,190.5      ,135.0              ,-2.933186172507835  ,13.274805760584142 ,-23.699416807353227  ,39.39               ,-0.2209588769439564
AZJ       ,Aurizon Holdings Limited                                                        ,Ground Transportation                                ,3.7       ,3.45       ,1.5118000000000005 ,-3.211487315153049  ,8.400567094601303  ,-16.43803173355774   ,34.839999999999996  ,-0.3822941093128033
VESBE     ,Vestel Beyaz Esya Sanayi ve Ticaret A.S.                                        ,Household Durables                                   ,8.38      ,13.5       ,2.67               ,63.70634167037384   ,6.515081000198265  ,53.55122786397873    ,100.0               ,9.778288507607986
4013      ,Dr. Sulaiman Al Habib Medical Services Group Company                            ,Health Care Providers and Services                   ,261.6     ,297.5      ,129.0              ,3.284041496176208   ,10.689289181389377 ,-16.75031306215602   ,64.46               ,0.30722730393466197
ALICORC1  ,Alicorp S.A.A.                                                                  ,Food Products                                        ,11.54     ,11.05      ,4.9                ,-4.153926029831151  ,8.600540666915816  ,-18.42717529534955   ,32.26               ,-0.4829842902563431
TAVHL     ,TAV Havalimanlari Holding A.S.                                                  ,Transportation Infrastructure                        ,339.0     ,448.4674   ,202.4004           ,33.65687603758715   ,12.180858627510565 ,13.518415842250151   ,100.0               ,2.7630955310139496
WBC       ,We Buy Cars Holdings Limited                                                    ,Specialty Retail                                     ,46.25     ,59.69      ,13.799999999999997 ,23.914541396507236  ,6.382453066021249  ,12.14828590752991    ,100.0               ,3.74692005552268
1830      ,Leejam Sports Company                                                           ,Hotels Restaurants and Leisure                       ,101.4     ,152.0      ,88.0               ,62.54887948867938   ,18.101488740671837 ,35.862052163196935   ,100.0               ,3.45545498410524
FRAMERY   ,Framery Group Oyj                                                               ,Commercial Services and Supplies                     ,8.6       ,10.0       ,1.6000000000000014 ,16.25338853921535   ,3.7430623304740576 ,10.034436445549177   ,100.0               ,4.342270340220828
ASPO      ,Aspo Oyj                                                                        ,Industrial Conglomerates                             ,7.74      ,7.45       ,0.7000000000000002 ,-3.761885475636412  ,1.8388644433532553 ,-6.838410571885095   ,1.6199999999999999  ,-2.0457655207995855
SON       ,Sonoco Products Company                                                         ,Containers and Packaging                             ,47.86     ,53.0       ,14.0               ,12.223284565897035  ,5.99018280687162   ,2.6251358153691826   ,99.16               ,2.0405528445434307
THEON     ,Theon International Plc                                                         ,Aerospace and Defense                                ,31.7      ,38.4       ,17.35              ,11.52759261552857   ,11.625599582796076 ,-9.898625851147573   ,81.51               ,0.9915697279465449
VCT       ,Vicat S.A.                                                                      ,Construction Materials                               ,78.8      ,93.0       ,23.0               ,16.771745526116476  ,5.957200416352493  ,6.399790621781854    ,100.0               ,2.815373724892333
ANN       ,Ansell Limited                                                                  ,Health Care Equipment and Supplies                   ,33.38     ,35.3008    ,5.892600000000002  ,7.058617136949617   ,3.6477510489213034 ,1.3366136622862905   ,98.83999999999999   ,1.9350599978682645
KPJ       ,KPJ Healthcare Berhad                                                           ,Health Care Providers and Services                   ,2.76      ,2.9        ,0.6700000000000004 ,4.247681118437725   ,4.920352578379664  ,-4.264670628745674   ,78.63               ,0.8632879556441341
CDB       ,Celcomdigi Berhad                                                               ,Wireless Telecommunication Services                  ,3.26      ,3.8        ,2.5799999999999996 ,26.823517620993254  ,16.479048281728584 ,2.4369542197317013   ,97.11999999999999   ,1.6277346338461955
151       ,Want Want China Holdings Limited                                                ,Food Products                                        ,4.76      ,5.7397     ,3.2158             ,18.956281806639332  ,13.77167788210572  ,-4.843863072431813   ,89.87               ,1.3764685733225177
5108      ,Bridgestone Corporation                                                         ,Automobile Components                                ,3459.0    ,4000.0     ,800.0              ,13.686781298914825  ,4.745700250640084  ,5.383882217962244    ,100.0               ,2.88403830331863
NRC       ,NRC Group ASA                                                                   ,Construction and Engineering                         ,8.94      ,8.9        ,0.1999999999999993 ,-0.44702576467656674,0.45473130143394436,-1.2093443510797912  ,17.990000000000002  ,-0.9830547474231947
SSH1V     ,SSH Communications Security Oyj                                                 ,Software                                             ,2.87      ,2.55       ,1.1                ,-11.128430322994626 ,7.940833028004044  ,-24.467591753835666  ,9.0                 ,-1.4014185015286482
EG7       ,Enad Global 7 AB (publ)                                                         ,Entertainment                                        ,12.28     ,20.0       ,16.0               ,62.80142811759461   ,26.630645679163184 ,17.34966724351053    ,99.94               ,2.358239033112622
AAD       ,Amadeus FiRe AG                                                                 ,Professional Services                                ,37.7      ,92.5       ,5.0                ,145.38207021508376  ,2.709059365300814  ,140.88063247077486   ,100.0               ,53.66514742246726
G5EN      ,G5 Entertainment AB (publ)                                                      ,Entertainment                                        ,93.4      ,182.5      ,95.0               ,95.70855744375075   ,20.85052367945444  ,61.03917564230013    ,100.0               ,4.59022319607538
IMG       ,IAMGOLD Corporation                                                             ,Metals and Mining                                    ,28.11     ,31.5913    ,9.0079             ,11.869167696918709  ,6.569485042396793  ,0.77890279210103     ,96.46000000000001   ,1.806712036075874
HRMY      ,Harmony Biosciences Holdings Inc.                                               ,Pharmaceuticals                                      ,36.86     ,46.0       ,30.0               ,26.217964217755767  ,16.576884272771345 ,-1.120515725611598   ,94.17               ,1.5815978314344963
SUN       ,Sunoco LP                                                                       ,Oil Gas and Consumable Fuels                         ,59.07     ,65.0       ,13.0               ,8.32789240791512    ,4.585547564062308  ,0.29237057899218466  ,95.72               ,1.8161173320242463
USAC      ,USA Compression Partners LP                                                     ,Energy Equipment and Services                        ,25.8      ,26.0       ,4.0                ,3.3113780205615257  ,3.24274823462159   ,-1.3764914995909399  ,83.89999999999999   ,1.0211640808889206
CE        ,Celanese Corporation                                                            ,Chemicals                                            ,45.44     ,50.0       ,60.0               ,39.76490034317903   ,28.890496634054767 ,0.0838034716507448   ,95.05               ,1.3764007191314955
CNH       ,CNH Industrial N.V.                                                             ,Machinery                                            ,10.85     ,12.0       ,10.5               ,27.2130677010093    ,20.703172142855216 ,-2.2306250458404415  ,92.64               ,1.3144395222739182
SSRM      ,SSR Mining Inc.                                                                 ,Metals and Mining                                    ,36.18     ,44.9368    ,17.660700000000002 ,11.639988745390363  ,10.83814590289123  ,-8.639896738913135   ,83.27               ,1.0739833962085001
RUSHA     ,Rush Enterprises Inc.                                                           ,Trading Companies and Distributors                   ,63.29     ,70.0       ,15.0               ,2.69493421147051    ,5.570458159193116  ,-7.669052252805771   ,69.5                ,0.4837904054665537
NPO       ,Enpro Inc.                                                                      ,Machinery                                            ,240.0     ,257.0      ,20.0               ,5.137078593487007   ,1.85442468462078   ,1.639958976192952    ,100.0               ,2.7701737558230963
LPX       ,Louisiana-Pacific Corporation                                                   ,Paper and Forest Products                            ,86.44     ,100.0      ,62.0               ,18.968582399848678  ,14.684207602458036 ,-4.746206833439287   ,89.75999999999999   ,1.291767517416021
ITRI      ,Itron Inc.                                                                      ,Electronic Equipment Instruments and Components      ,100.19    ,140.5      ,37.0               ,37.60342819966705   ,7.576682210770884  ,24.316844685130786   ,100.0               ,4.963046773455886
FELE      ,Franklin Electric Co. Inc.                                                      ,Machinery                                            ,98.63     ,113.5      ,30.0               ,9.396328656366842   ,6.498204330541117  ,-2.670253136806597   ,89.66               ,1.4459884882666338
GKOS      ,Glaukos Corporation                                                             ,Health Care Equipment and Supplies                   ,119.07    ,130.5      ,93.0               ,2.338961521888749   ,16.257498964693315 ,-26.317938473639312  ,57.56               ,0.14386970142014532
MKSI      ,MKS Inc.                                                                        ,Semiconductors and Semiconductor Equipment           ,243.88    ,255.0      ,165.0              ,-5.721035608247693  ,14.206211433760291 ,-31.51183251093317   ,39.39               ,-0.4027136745727972
FLR       ,Fluor Corporation                                                               ,Construction and Engineering                         ,46.96     ,52.0       ,17.0               ,5.810000290949205   ,7.610502124236824  ,-7.987252192116285   ,76.49000000000001   ,0.7634187857915916
CZR       ,Caesars Entertainment Inc.                                                      ,Hotels Restaurants and Leisure                       ,21.28     ,33.0       ,19.0               ,50.32025693104475   ,18.137914709323574 ,19.177801028873997   ,100.0               ,2.7743132403846973
VMI       ,Valmont Industries Inc.                                                         ,Construction and Engineering                         ,447.96    ,465.0      ,77.0               ,2.0968488527506635  ,3.5643589197468937 ,-4.210720218174361   ,71.61               ,0.5882821848085831
TOL       ,Toll Brothers Inc.                                                              ,Household Durables                                   ,147.07    ,156.0      ,71.0               ,1.3525059754941424  ,10.067899366674117 ,-16.733310450978095  ,58.08               ,0.13433844799552624
LGIH      ,LGI Homes Inc.                                                                  ,Household Durables                                   ,50.145    ,67.5       ,55.0               ,34.62302173936394   ,22.364875239031218 ,-2.768611937377251   ,93.17               ,1.5480981391275452
IHG       ,InterContinental Hotels Group PLC                                               ,Hotels Restaurants and Leisure                       ,134.95    ,139.475    ,115.21180000000001 ,16.05085318358003   ,18.04547195382288  ,-10.447006188827087  ,79.58               ,0.8894670765415867
IOSP      ,Innospec Inc.                                                                   ,Chemicals                                            ,81.41     ,100.0      ,12.0               ,21.95985984213967   ,2.998566318530921  ,16.747715587526994   ,100.0               ,7.323453113719493
ATRC      ,AtriCure Inc.                                                                   ,Health Care Equipment and Supplies                   ,36.95     ,50.0       ,20.0               ,42.42868810805771   ,11.288927156586169 ,25.73998475560075    ,100.0               ,3.7584340406788814
SUNC      ,SunocoCorp LLC                                                                  ,Oil Gas and Consumable Fuels                         ,54.16     ,65.0       ,13.0               ,18.172474270420746  ,4.940670576711715  ,9.509773469718274    ,100.0               ,3.678139229941438
WTTR      ,Select Water Solutions Inc.                                                     ,Energy Equipment and Services                        ,12.06     ,15.0       ,3.0                ,16.13106370620338   ,5.831600332026015  ,5.115034614657624    ,99.98               ,2.7661469901520372
HUN       ,Huntsman Corporation                                                            ,Chemicals                                            ,11.18     ,11.0       ,6.0                ,-1.548766002949526  ,10.915817219775278 ,-19.698915956581875  ,43.95               ,-0.14188273509598123
HLMN      ,Hillman Solutions Corp.                                                         ,Machinery                                            ,9.48      ,11.75      ,5.0                ,29.3193914946557    ,10.885912166671211 ,12.605321603087175   ,100.0               ,2.6933334612437205
IRWD      ,Ironwood Pharmaceuticals Inc.                                                   ,Biotechnology                                        ,4.86      ,5.35       ,7.3                ,-3.2478033761867953 ,31.16949925789339  ,-58.27208294558437   ,49.7                ,-0.10419812488210951
ACLS      ,Axcelis Technologies Inc.                                                       ,Semiconductors and Semiconductor Equipment           ,92.2      ,97.5       ,11.0               ,7.192492556614482   ,2.475875499249102  ,3.473640867841073    ,100.0               ,2.905029981837077
PBI       ,Pitney Bowes Inc.                                                               ,Commercial Services and Supplies                     ,10.24     ,12.0       ,6.0                ,30.293729606075097  ,12.867224699015665 ,12.547354636770809   ,100.0               ,2.3543328351445165
RNW       ,ReNew Energy Global Plc                                                         ,Independent Power and Renewable Electricity Producers,5.43      ,7.5864     ,1.009900000000001  ,39.60315090453928   ,3.7939701515661426 ,33.15100233084568    ,100.0               ,10.438445565574938
GEI       ,Gibson Energy Inc.                                                              ,Oil Gas and Consumable Fuels                         ,26.93     ,28.0       ,6.0                ,1.5572327174565999  ,4.628285599354811  ,-6.759569893141886   ,64.74               ,0.336459944838685
NEO       ,NeoGenomics Inc.                                                                ,Health Care Providers and Services                   ,12.4      ,14.0       ,5.0                ,15.58041468699858   ,8.317236496221177  ,2.4356587011935913   ,98.3                ,1.8732682056206202
PLOW      ,Douglas Dynamics Inc.                                                           ,Machinery                                            ,37.48     ,39.0       ,7.0                ,3.1795419597163974  ,3.7794586168498756 ,-3.3378665029591157  ,78.45               ,0.8412691557306956
GNK       ,Genco Shipping & Trading Limited                                                ,Marine Transportation                                ,20.75     ,23.0       ,9.0                ,18.970537856357236  ,9.304204305209808  ,5.707976831711499    ,100.0               ,2.038921033337031
ARA       ,Consorcio ARA S. A. B. de C. V.                                                 ,Household Durables                                   ,3.91      ,4.1        ,9.7                ,82.09466061890197   ,57.62031383772252  ,7.43137364936426     ,99.64               ,1.424752056195097
6010      ,The National Agricultural Development Company                                   ,Food Products                                        ,19.78     ,25.35      ,6.699999999999999  ,25.828282488721925  ,6.897143235134394  ,13.681518144352456   ,100.0               ,3.7447797744943667
SGM       ,Sims Limited                                                                    ,Metals and Mining                                    ,20.49     ,16.16      ,8.5                ,-15.937347038089554 ,8.702939977449297  ,-28.779202923480828  ,4.75                ,-1.83126013501021
7010      ,Saudi Telecom Company                                                           ,Diversified Telecommunication Services               ,44.4      ,48.7       ,11.0               ,10.8215638085576    ,5.085026181895411  ,2.6570305586755456   ,99.72               ,2.1281235182399656
2283      ,The First Milling Company                                                       ,Food Products                                        ,50.5      ,61.9       ,9.0                ,22.011270109077515  ,3.6568196472897236 ,15.786527025543588   ,100.0               ,6.019238636882547
NTC       ,Netcare Limited                                                                 ,Health Care Providers and Services                   ,15.7      ,17.0       ,4.4                ,6.6172558307198575  ,5.748136957539143  ,-3.4498273580683962  ,85.27               ,1.1512000983276496
ALBH      ,Aluminium Bahrain B.S.C.                                                        ,Metals and Mining                                    ,1.085     ,1.55       ,0.25               ,38.26234598700221   ,4.970473469536887  ,29.079717205556204   ,100.0               ,7.697927817441348
TRUEB     ,Truecaller AB (publ)                                                            ,Software                                             ,15.19     ,38.0       ,47.0               ,178.65076671042422  ,63.7475112272551   ,79.7097060071412     ,100.0               ,2.8024743754081256
NOEJ      ,NORMA Group SE                                                                  ,Machinery                                            ,14.88     ,15.1       ,12.1               ,-3.867012928131403  ,16.49576203072878  ,-32.591349889770875  ,43.46               ,-0.2344246310614702
SPR       ,Springfield Properties Plc                                                      ,Household Durables                                   ,1.33      ,1.59       ,0.15000000000000013,16.250021764560714  ,2.6209298306998883 ,11.385486992040216   ,100.0               ,6.200097985920263
PMN       ,Phoenix Mecano AG                                                               ,Electrical Equipment                                 ,441.0     ,481.3019   ,90.83589999999998  ,9.065044618329397   ,4.2182776346335205 ,2.034434131929539    ,99.25               ,2.1489919354530485
SEYE      ,Smart Eye AB (publ)                                                             ,Electronic Equipment Instruments and Components      ,82.75     ,111.5      ,7.0                ,34.724414298104726  ,1.7162657063065632 ,31.868136542901013   ,100.0               ,20.232539851205402
TFII      ,TFI International Inc.                                                          ,Ground Transportation                                ,147.78    ,159.8614   ,56.70910000000001  ,4.215415850275399   ,7.897190554313     ,-10.044750362974208  ,70.39               ,0.5337867715466453
ENGCONB   ,engcon AB (publ)                                                                ,Machinery                                            ,78.3      ,95.0       ,15.0               ,19.14582369932249   ,3.9928272357704833 ,12.046905463246414   ,100.0               ,4.7950543734527455
KEYS      ,Keysight Technologies Inc.                                                      ,Electronic Equipment Instruments and Components      ,221.17    ,225.0      ,53.0               ,-0.8792330955833402 ,4.963082368270604  ,-9.79799965425421    ,47.13               ,-0.17715464510610382
EQT       ,EQT Corporation                                                                 ,Oil Gas and Consumable Fuels                         ,56.33     ,64.0       ,30.0               ,10.054200873260317  ,11.00298569622515  ,-9.295610037242788   ,79.95               ,0.9137702393550928
EXE       ,Expand Energy Corporation                                                       ,Oil Gas and Consumable Fuels                         ,109.9     ,133.0      ,66.0               ,12.451849695746242  ,12.655131083207928 ,-10.351215369251497  ,81.51               ,0.9839368406281133
MDT       ,Medtronic plc                                                                   ,Health Care Equipment and Supplies                   ,101.0     ,111.0      ,22.799999999999997 ,8.347539906319636   ,4.559897349224783  ,0.3190145389833075   ,95.8                ,1.8306420664795844
EXAS      ,Exact Sciences Corporation                                                      ,Biotechnology                                        ,102.3     ,105.0      ,13.0               ,6.847451436682425   ,2.986536256230855  ,2.9297445963142854   ,100.0               ,2.292773584247131
LDOS      ,Leidos Holdings Inc.                                                            ,Professional Services                                ,187.19    ,225.0      ,50.0               ,14.826746244826584  ,5.776735635496738  ,4.175761033524328    ,99.8                ,2.566630564452278
SGI       ,Somnigroup International Inc.                                                   ,Household Durables                                   ,90.12     ,105.0      ,24.0               ,11.273058952441351  ,5.750955622680798  ,0.7512164441696484   ,96.24000000000001   ,1.9602062147693002
CVI       ,CVR Energy Inc.                                                                 ,Oil Gas and Consumable Fuels                         ,22.28     ,24.5       ,14.0               ,20.418137958814683  ,13.2966229564436   ,1.4262011589521184   ,97.1                ,1.5355882486627905
RSG       ,Republic Services Inc.                                                          ,Commercial Services and Supplies                     ,214.75    ,246.0      ,80.0               ,9.537555768339578   ,7.8132289046272785 ,-4.56240576284402    ,86.45               ,1.220693247920983
LH        ,Labcorp Holdings Inc.                                                           ,Health Care Providers and Services                   ,269.81    ,303.0      ,82.0               ,11.773307883283723  ,6.268946745580739  ,1.1208090735849863   ,97.05               ,1.8780360339770399
ANDE      ,The Andersons Inc.                                                              ,Consumer Staples Distribution and Retail             ,62.44     ,62.5       ,5.0                ,0.09509763555676806 ,1.6296830170852854 ,-2.6675432893445508  ,52.15               ,0.05835345558601435
STAA      ,STAAR Surgical Company                                                          ,Health Care Equipment and Supplies                   ,18.94     ,23.0       ,17.75              ,17.392349080380406  ,19.165126013261524 ,-15.127324597984108  ,80.08               ,0.9074998551194275
ET        ,Energy Transfer LP                                                              ,Oil Gas and Consumable Fuels                         ,18.53     ,22.0       ,7.0                ,13.376142890949728  ,7.915280205396416  ,-0.9599507133059472  ,93.58999999999999   ,1.689914007318433
CDNS      ,Cadence Design Systems Inc.                                                     ,Software                                             ,302.67    ,390.0      ,135.0              ,18.49124574971548   ,9.830460970570032  ,0.11824440193108743  ,95.11               ,1.8810151227977705
FE        ,FirstEnergy Corp.                                                               ,Electric Utilities                                   ,47.33     ,50.0       ,9.0                ,6.3550007203173795  ,3.88439237014592   ,0.10467749495191127  ,95.38               ,1.6360347036925749
RSI       ,Rush Street Interactive Inc.                                                    ,Hotels Restaurants and Leisure                       ,17.78     ,23.0       ,9.0                ,35.11422501280211   ,10.625291082327541 ,19.02447446619096    ,100.0               ,3.3047776988628255
KNF       ,Knife River Corporation                                                         ,Construction Materials                               ,69.66     ,94.0       ,45.0               ,38.30041330083813   ,13.208095307136348 ,17.366006783518234   ,100.0               ,2.899768089964067
DVN       ,Devon Energy Corporation                                                        ,Oil Gas and Consumable Fuels                         ,39.94     ,44.0       ,27.0               ,17.727687092383693  ,14.074608668050784 ,-3.5554958546714674  ,89.92999999999999   ,1.2595509765486665
RBA       ,RB Global Inc.                                                                  ,Commercial Services and Supplies                     ,114.95    ,126.0      ,50.0               ,6.221869296066197   ,9.024908745417472  ,-9.720726754966185   ,74.28               ,0.6894107709649078
VMC       ,Vulcan Materials Company                                                        ,Construction Materials                               ,299.47    ,330.0      ,177.0              ,0.509523979592501   ,12.619235112994634 ,-22.579451087842095  ,56.38999999999999   ,0.04037677204918859
GPC       ,Genuine Parts Company                                                           ,Distributors                                         ,138.88    ,142.0      ,60.0               ,10.830946144812271  ,9.278982811346177  ,-2.0739056010105514  ,89.14               ,1.1672557612207646
505790    ,Schaeffler India Limited                                                        ,Automobile Components                                ,3617.45   ,4594.0     ,998.0              ,26.756485043447064  ,5.616566055110793  ,17.272136977216768   ,100.0               ,4.763851218147788
SINCH     ,Sinch AB (publ)                                                                 ,Software                                             ,26.69     ,37.5       ,24.0               ,29.391894939707687  ,18.755818949578178 ,-4.685299967494359   ,91.89               ,1.5670813958442864
PON1V     ,Ponsse Oyj                                                                      ,Machinery                                            ,25.9      ,26.25      ,2.5                ,1.3485123472667728  ,1.976655845496554  ,-1.9323786801702505  ,73.72999999999999   ,0.682219087525585
KRZ       ,Kerry Group plc                                                                 ,Food Products                                        ,73.45     ,100.0      ,27.0               ,34.029044384904424  ,7.573663328723299  ,20.725754364289184   ,100.0               ,4.493075927450915
AMRZ      ,Amrize AG                                                                       ,Construction Materials                               ,40.74     ,45.2851    ,23.0169            ,21.093797160671343  ,12.070139053690786 ,3.9177007574251856   ,99.3                ,1.7476018351438394
MMT       ,Métropole Télévision S.A.                                                       ,Media                                                ,12.14     ,13.0       ,5.0                ,7.125913325762455   ,8.34143328303321   ,-6.853866341172618   ,78.81               ,0.8542792448219698
ENG       ,Enagás S.A.                                                                     ,Gas Utilities                                        ,13.855    ,14.0       ,6.800000000000001  ,7.805420739977398   ,10.358027817076568 ,-7.422012209289702   ,74.39               ,0.7535624423704614
BSLN      ,Basilea Pharmaceutica AG                                                        ,Biotechnology                                        ,54.9      ,87.0       ,62.5               ,60.40862423351014   ,23.169808375280073 ,22.307575050091387   ,100.0               ,2.607212940870079
GMAB      ,Genmab A/S                                                                      ,Biotechnology                                        ,2067.0    ,2235.0     ,1905.0             ,-0.4619323544489682 ,19.133181679377437 ,-34.47178730308687   ,52.94               ,-0.024142997343032532
HACK      ,Hacksaw AB (publ)                                                               ,Entertainment                                        ,56.41     ,99.8605    ,10.132100000000008 ,77.05468271229664   ,3.6745034391530886 ,70.83541908150633    ,100.0               ,20.970094051689458
CCEP      ,Coca-Cola Europacific Partners PLC                                              ,Beverages                                            ,76.4      ,85.0       ,25.0               ,15.304623376472565  ,6.770829177691032  ,5.010205897818487    ,100.0               ,2.2603765321534373
CWY       ,Cleanaway Waste Management Limited                                              ,Commercial Services and Supplies                     ,2.49      ,3.15       ,1.0500000000000003 ,20.452138621789686  ,8.886390070314867  ,4.410543708804596    ,99.08               ,2.301512589472118
SEK       ,SEEK Limited                                                                    ,Interactive Media and Services                       ,21.55     ,30.1       ,9.899999999999999  ,31.726057079913467  ,9.810205404994772  ,13.774376698098804   ,100.0               ,3.233984995233683
4704      ,Trend Micro Incorporated                                                        ,Software                                             ,6088.0    ,7250.0     ,3600.0             ,28.379328338743676  ,12.63612758128547  ,10.144182592854147   ,100.0               ,2.245888082103129
OET       ,Okeanis Eco Tankers Corp.                                                       ,Oil Gas and Consumable Fuels                         ,382.5     ,436.5494   ,45.572900000000004 ,12.04460043536248   ,2.554955947371916  ,7.3207573336768945   ,100.0               ,4.714210610070134
MMGRB     ,Momentum Group AB (publ)                                                        ,Trading Companies and Distributors                   ,134.8     ,180.0      ,20.0               ,33.559927921554426  ,3.051496913342832  ,28.415703503543007   ,100.0               ,10.997857403955372
FGP       ,FirstGroup plc                                                                  ,Ground Transportation                                ,1.853     ,2.525      ,0.20000000000000018,35.35843234048864   ,2.2357868809406534 ,31.39554870001395    ,100.0               ,15.814759734886911
SLP       ,Sylvania Platinum Limited                                                       ,Metals and Mining                                    ,1.215     ,1.4784     ,0.3508             ,21.643815119386314  ,5.895854685696742  ,11.63633233868214    ,100.0               ,3.6710224849832027
CER       ,Cerillion Plc                                                                   ,Software                                             ,17.3      ,20.6       ,4.899999999999999  ,16.970524948554328  ,5.811194655131856  ,6.834253941725555    ,100.0               ,2.9203160375238313
KOFOL     ,Kofola CeskoSlovensko a.s.                                                      ,Beverages                                            ,480.0     ,504.0      ,106.0              ,5.026368544303708   ,4.505645020491479  ,-2.4846018919803186  ,84.8                ,1.115571360247867
KAMBI     ,Kambi Group plc                                                                 ,Hotels Restaurants and Leisure                       ,119.2     ,138.2856   ,81.56930000000001  ,22.3803815294929    ,14.138933131228733 ,0.7241813312385389   ,95.69               ,1.5828904006951727
ORIC      ,ORIC Pharmaceuticals Inc.                                                       ,Biotechnology                                        ,10.76     ,22.0       ,10.0               ,91.82323579600511   ,19.496701152292964 ,56.60893833199461    ,100.0               ,4.709680631546531
TROX      ,Tronox Holdings plc                                                             ,Chemicals                                            ,6.65      ,6.5        ,4.5                ,-9.686097454077133  ,14.057870937017817 ,-35.12695301754623   ,27.54               ,-0.6890159610564688
TCW       ,Trican Well Service Ltd.                                                        ,Energy Equipment and Services                        ,7.04      ,7.0        ,1.5                ,1.784600131869538   ,4.4365633302919845 ,-4.9363309943515805  ,61.150000000000006  ,0.40224831677362477
OPLN      ,OPENLANE Inc.                                                                   ,Commercial Services and Supplies                     ,30.17     ,32.75      ,9.0                ,7.949147550238459   ,6.148742568473866  ,-2.3661402137472396  ,88.55               ,1.292808645298588
OSW       ,OneSpaWorld Holdings Limited                                                    ,Diversified Consumer Services                        ,19.52     ,25.0       ,3.0                ,29.844805076019526  ,3.171543248323227  ,25.03221314119366    ,100.0               ,9.410183856644007
MCW       ,Mister Car Wash Inc.                                                            ,Diversified Consumer Services                        ,5.44      ,7.0        ,5.75               ,42.29809535354538   ,22.051375446996087 ,9.296270733235387    ,99.67               ,1.9181613162959124
HLF       ,Herbalife Ltd.                                                                  ,Personal Care Products                               ,16.98     ,14.0       ,12.0               ,-17.341267356256758 ,14.585523638346805 ,-41.95972068551178   ,13.29               ,-1.1889369066369908
CAKE      ,The Cheesecake Factory Incorporated                                             ,Hotels Restaurants and Leisure                       ,58.505    ,59.5       ,20.0               ,2.317576336939756   ,7.026028580056495  ,-9.356695030740948   ,62.4                ,0.32985580837490996
NGVT      ,Ingevity Corporation                                                            ,Chemicals                                            ,65.92     ,70.5       ,12.0               ,7.522611894534412   ,3.718409610187148  ,1.3988197539701868   ,98.71               ,2.023072410829908
AMPL      ,Amplitude Inc.                                                                  ,Software                                             ,9.37      ,16.0       ,7.0                ,67.1881569933173    ,15.2448280115982   ,40.5949794257578     ,100.0               ,4.407275499743313
WWW       ,Wolverine World Wide Inc.                                                       ,Textiles Apparel and Luxury Goods                    ,17.46     ,23.0       ,10.0               ,24.11591191686832   ,12.032770505384972 ,2.1864160600179545   ,97.04               ,2.0041861436712214
BORR      ,Borr Drilling Limited                                                           ,Energy Equipment and Services                        ,4.66      ,4.6        ,1.5999999999999996 ,1.633972911773929   ,7.153007346302891  ,-9.580731703682758   ,55.55               ,0.22843159983869799
SAH       ,Sonic Automotive Inc.                                                           ,Specialty Retail                                     ,60.27     ,77.5       ,25.0               ,30.85386672239227   ,8.439917402266333  ,17.099608993379572   ,100.0               ,3.655707189042776
BHC       ,Bausch Health Companies Inc.                                                    ,Pharmaceuticals                                      ,5.59      ,8.0        ,5.0                ,37.12804812677208   ,18.48029164636067  ,5.238562659202865    ,97.61               ,2.009061806883536
OII       ,Oceaneering International Inc.                                                  ,Energy Equipment and Services                        ,30.4      ,24.0       ,6.0                ,-18.91320609717702  ,4.055444737653198  ,-25.103697338364647  ,0.0                 ,-4.663657704807415
CSTM      ,Constellium SE                                                                  ,Metals and Mining                                    ,23.17     ,24.9627    ,3.046099999999999  ,3.5021071164705617  ,3.0734298723511704 ,-2.252598146476158   ,84.14               ,1.1394784530389996
