ticker     ,sector                ,region                     ,payout_score,fcf_coverage_score,div_growth_score,balance_sheet_score,dividend_sustainability_score,sustainability_grade
2287       ,Consumer Staples      ,Africa / Middle East       ,0           ,0                 ,5               ,10                 ,15                           ,F
EGBE       ,Financials            ,Africa / Middle East       ,25          ,0                 ,5               ,25                 ,55                           ,D
4X0        ,Industrials           ,Europe                     ,0           ,5                 ,5               ,25                 ,35                           ,F
ADNHC      ,Consumer Discretionary,Africa / Middle East       ,25          ,25                ,15              ,25                 ,90                           ,B
SCB        ,Financials            ,Africa / Middle East       ,0           ,0                 ,5               ,25                 ,30                           ,F
SVCE       ,Materials             ,Africa / Middle East       ,0           ,0                 ,15              ,20                 ,35                           ,F
NAPR       ,Materials             ,Africa / Middle East       ,0           ,0                 ,5               ,10                 ,15                           ,F
PACS       ,Health Care           ,United States and Canada   ,25          ,0                 ,15              ,0                  ,40                           ,F
FNB        ,Financials            ,United States and Canada   ,25          ,25                ,15              ,20                 ,85                           ,B
BAMI       ,Financials            ,Europe                     ,25          ,0                 ,15              ,0                  ,40                           ,F
BRAP3      ,Materials             ,Latin America and Caribbean,0           ,5                 ,15              ,25                 ,45                           ,D
CDM        ,Financials            ,Africa / Middle East       ,0           ,0                 ,15              ,20                 ,35                           ,F
TJARI      ,Financials            ,Africa / Middle East       ,0           ,20                ,15              ,20                 ,55                           ,D
AB         ,Financials            ,United States and Canada   ,25          ,15                ,5               ,25                 ,70                           ,C
SUPV       ,Financials            ,Latin America and Caribbean,25          ,0                 ,15              ,25                 ,65                           ,C
500247     ,Financials            ,Asia / Pacific             ,25          ,0                 ,5               ,20                 ,50                           ,D
RECLTD     ,Financials            ,Asia / Pacific             ,0           ,0                 ,5               ,0                  ,5                            ,F
YKBNK      ,Financials            ,Africa / Middle East       ,25          ,0                 ,15              ,0                  ,40                           ,F
OUIC       ,Financials            ,Africa / Middle East       ,0           ,0                 ,5               ,25                 ,30                           ,F
MANSARD    ,Financials            ,Africa / Middle East       ,0           ,25                ,5               ,25                 ,55                           ,D
WAL        ,Financials            ,United States and Canada   ,25          ,0                 ,5               ,20                 ,50                           ,D
TCBI       ,Financials            ,United States and Canada   ,25          ,0                 ,5               ,20                 ,50                           ,D
NVDA       ,Information Technology,United States and Canada   ,25          ,25                ,15              ,25                 ,90                           ,B
FHB        ,Financials            ,United States and Canada   ,25          ,25                ,5               ,25                 ,80                           ,B
AAPL       ,Information Technology,United States and Canada   ,25          ,25                ,15              ,10                 ,75                           ,C
GOOGL      ,Communication Services,United States and Canada   ,25          ,25                ,15              ,25                 ,90                           ,B
MSFT       ,Information Technology,United States and Canada   ,25          ,25                ,15              ,25                 ,90                           ,B
META       ,Communication Services,United States and Canada   ,25          ,25                ,15              ,25                 ,90                           ,B
AVGO       ,Information Technology,United States and Canada   ,25          ,25                ,15              ,20                 ,85                           ,B
LLY        ,Health Care           ,United States and Canada   ,25          ,20                ,5               ,0                  ,50                           ,D
JPM        ,Financials            ,United States and Canada   ,25          ,0                 ,15              ,0                  ,40                           ,F
WMT        ,Consumer Staples      ,United States and Canada   ,25          ,25                ,5               ,20                 ,75                           ,C
V          ,Financials            ,United States and Canada   ,25          ,25                ,15              ,20                 ,85                           ,B
ORCL       ,Information Technology,United States and Canada   ,25          ,0                 ,15              ,0                  ,40                           ,F
XOM        ,Energy                ,United States and Canada   ,25          ,15                ,15              ,25                 ,80                           ,B
MA         ,Financials            ,United States and Canada   ,25          ,25                ,15              ,0                  ,65                           ,C
JNJ        ,Health Care           ,United States and Canada   ,25          ,20                ,15              ,20                 ,80                           ,B
BAC        ,Financials            ,United States and Canada   ,25          ,0                 ,5               ,0                  ,30                           ,F
ABBV       ,Health Care           ,United States and Canada   ,25          ,20                ,15              ,0                  ,60                           ,D
WFC        ,Financials            ,United States and Canada   ,25          ,0                 ,5               ,10                 ,40                           ,F
COST       ,Consumer Staples      ,United States and Canada   ,25          ,25                ,15              ,25                 ,90                           ,B
MU         ,Information Technology,United States and Canada   ,25          ,25                ,15              ,25                 ,90                           ,B
BABA       ,Consumer Discretionary,Asia / Pacific             ,25          ,0                 ,5               ,25                 ,55                           ,D
HD         ,Consumer Discretionary,United States and Canada   ,25          ,20                ,15              ,0                  ,60                           ,D
GE         ,Industrials           ,United States and Canada   ,25          ,25                ,15              ,10                 ,75                           ,C
CVX        ,Energy                ,United States and Canada   ,25          ,15                ,15              ,25                 ,80                           ,B
PG         ,Consumer Staples      ,United States and Canada   ,25          ,0                 ,15              ,20                 ,60                           ,D
UNH        ,Health Care           ,United States and Canada   ,25          ,25                ,15              ,20                 ,85                           ,B
CSCO       ,Information Technology,United States and Canada   ,25          ,20                ,15              ,20                 ,80                           ,B
GS         ,Financials            ,United States and Canada   ,25          ,0                 ,15              ,0                  ,40                           ,F
MS         ,Financials            ,United States and Canada   ,25          ,0                 ,15              ,0                  ,40                           ,F
KO         ,Consumer Staples      ,United States and Canada   ,25          ,5                 ,15              ,10                 ,55                           ,D
CAT        ,Industrials           ,United States and Canada   ,25          ,25                ,15              ,0                  ,65                           ,C
IBM        ,Information Technology,United States and Canada   ,25          ,25                ,15              ,0                  ,65                           ,C
MRK        ,Health Care           ,United States and Canada   ,25          ,20                ,5               ,20                 ,70                           ,C
AXP        ,Financials            ,United States and Canada   ,25          ,25                ,15              ,10                 ,75                           ,C
RTX        ,Industrials           ,United States and Canada   ,25          ,20                ,15              ,20                 ,80                           ,B
PM         ,Consumer Staples      ,United States and Canada   ,25          ,15                ,15              ,25                 ,80                           ,B
LRCX       ,Information Technology,United States and Canada   ,25          ,25                ,15              ,25                 ,90                           ,B
RY         ,Financials            ,United States and Canada   ,25          ,0                 ,15              ,0                  ,40                           ,F
CRM        ,Information Technology,United States and Canada   ,25          ,25                ,15              ,25                 ,90                           ,B
TMO        ,Health Care           ,United States and Canada   ,25          ,25                ,15              ,20                 ,85                           ,B
AMAT       ,Information Technology,United States and Canada   ,25          ,25                ,15              ,25                 ,90                           ,B
TMUS       ,Communication Services,United States and Canada   ,25          ,25                ,15              ,10                 ,75                           ,C
C          ,Financials            ,United States and Canada   ,25          ,0                 ,5               ,0                  ,30                           ,F
ABT        ,Health Care           ,United States and Canada   ,25          ,20                ,15              ,25                 ,85                           ,B
MCD        ,Consumer Discretionary,United States and Canada   ,25          ,15                ,15              ,25                 ,80                           ,B
DIS        ,Communication Services,United States and Canada   ,25          ,25                ,15              ,25                 ,90                           ,B
LIN        ,Materials             ,Europe                     ,25          ,20                ,15              ,20                 ,80                           ,B
BX         ,Financials            ,United States and Canada   ,25          ,15                ,15              ,20                 ,75                           ,C
INTC       ,Information Technology,United States and Canada   ,25          ,0                 ,15              ,25                 ,65                           ,C
PEP        ,Consumer Staples      ,United States and Canada   ,25          ,5                 ,15              ,0                  ,45                           ,D
QCOM       ,Information Technology,United States and Canada   ,25          ,25                ,15              ,20                 ,85                           ,B
GEV        ,Industrials           ,United States and Canada   ,25          ,25                ,15              ,25                 ,90                           ,B
SCHW       ,Financials            ,United States and Canada   ,25          ,0                 ,5               ,10                 ,40                           ,F
BLK        ,Financials            ,United States and Canada   ,25          ,15                ,15              ,25                 ,80                           ,B
KLAC       ,Information Technology,United States and Canada   ,25          ,25                ,15              ,10                 ,75                           ,C
INTU       ,Information Technology,United States and Canada   ,25          ,25                ,15              ,25                 ,90                           ,B
T          ,Communication Services,United States and Canada   ,25          ,0                 ,5               ,10                 ,40                           ,F
BA         ,Industrials           ,United States and Canada   ,25          ,0                 ,5               ,25                 ,55                           ,D
BKNG       ,Consumer Discretionary,United States and Canada   ,25          ,25                ,15              ,25                 ,90                           ,B
AMGN       ,Health Care           ,United States and Canada   ,25          ,25                ,15              ,0                  ,65                           ,C
APH        ,Information Technology,United States and Canada   ,25          ,25                ,15              ,20                 ,85                           ,B
TJX        ,Consumer Discretionary,United States and Canada   ,25          ,25                ,15              ,10                 ,75                           ,C
VZ         ,Communication Services,United States and Canada   ,25          ,20                ,15              ,10                 ,70                           ,C
NEE        ,Utilities             ,United States and Canada   ,25          ,0                 ,15              ,10                 ,50                           ,D
DHR        ,Health Care           ,United States and Canada   ,25          ,25                ,15              ,25                 ,90                           ,B
ACN        ,Information Technology,Europe                     ,25          ,25                ,15              ,25                 ,90                           ,B
TD         ,Financials            ,United States and Canada   ,25          ,0                 ,5               ,0                  ,30                           ,F
SPGI       ,Financials            ,United States and Canada   ,25          ,25                ,15              ,25                 ,90                           ,B
TXN        ,Information Technology,United States and Canada   ,25          ,0                 ,15              ,20                 ,60                           ,D
COF        ,Financials            ,United States and Canada   ,25          ,25                ,15              ,20                 ,85                           ,B
GILD       ,Health Care           ,United States and Canada   ,25          ,25                ,15              ,10                 ,75                           ,C
PFE        ,Health Care           ,United States and Canada   ,25          ,15                ,15              ,20                 ,75                           ,C
ADBE       ,Information Technology,United States and Canada   ,25          ,0                 ,15              ,20                 ,60                           ,D
UNP        ,Industrials           ,United States and Canada   ,25          ,20                ,5               ,10                 ,60                           ,D
LOW        ,Consumer Discretionary,United States and Canada   ,25          ,25                ,15              ,25                 ,90                           ,B
ADI        ,Information Technology,United States and Canada   ,25          ,25                ,15              ,25                 ,90                           ,B
SYK        ,Health Care           ,United States and Canada   ,25          ,25                ,15              ,20                 ,85                           ,B
HON        ,Industrials           ,United States and Canada   ,25          ,25                ,15              ,10                 ,75                           ,C
SCCO       ,Materials             ,United States and Canada   ,25          ,20                ,15              ,20                 ,80                           ,B
DE         ,Industrials           ,United States and Canada   ,25          ,20                ,15              ,0                  ,60                           ,D
ETN        ,Industrials           ,Europe                     ,25          ,25                ,5               ,20                 ,75                           ,C
PGR        ,Financials            ,United States and Canada   ,25          ,25                ,15              ,25                 ,90                           ,B
MDT        ,Health Care           ,Europe                     ,25          ,15                ,15              ,20                 ,75                           ,C
CB         ,Financials            ,Europe                     ,25          ,25                ,15              ,25                 ,90                           ,B
COP        ,Energy                ,United States and Canada   ,25          ,20                ,15              ,25                 ,85                           ,B
IBKR       ,Financials            ,United States and Canada   ,25          ,25                ,15              ,20                 ,85                           ,B
USB        ,Financials            ,United States and Canada   ,25          ,25                ,5               ,10                 ,65                           ,C
KKR        ,Financials            ,United States and Canada   ,25          ,25                ,5               ,20                 ,75                           ,C
LMT        ,Industrials           ,United States and Canada   ,25          ,15                ,15              ,0                  ,55                           ,D
PH         ,Industrials           ,United States and Canada   ,25          ,25                ,15              ,20                 ,85                           ,B
NEM        ,Materials             ,United States and Canada   ,25          ,25                ,5               ,25                 ,80                           ,B
CEG        ,Utilities             ,United States and Canada   ,25          ,0                 ,15              ,20                 ,60                           ,D
BN         ,Financials            ,United States and Canada   ,0           ,0                 ,5               ,10                 ,15                           ,F
HCA        ,Health Care           ,United States and Canada   ,25          ,25                ,15              ,0                  ,65                           ,C
MELI       ,Consumer Discretionary,Latin America and Caribbean,25          ,0                 ,15              ,10                 ,50                           ,D
BMY        ,Health Care           ,United States and Canada   ,25          ,25                ,15              ,0                  ,65                           ,C
ADP        ,Industrials           ,United States and Canada   ,25          ,20                ,15              ,10                 ,70                           ,C
CMCSA      ,Communication Services,United States and Canada   ,25          ,25                ,15              ,10                 ,75                           ,C
CVS        ,Health Care           ,United States and Canada   ,25          ,20                ,5               ,10                 ,60                           ,D
MCK        ,Health Care           ,United States and Canada   ,25          ,25                ,15              ,25                 ,90                           ,B
ENB        ,Energy                ,United States and Canada   ,25          ,5                 ,5               ,10                 ,45                           ,D
CME        ,Financials            ,United States and Canada   ,25          ,0                 ,15              ,25                 ,65                           ,C
SBUX       ,Consumer Discretionary,United States and Canada   ,25          ,5                 ,15              ,25                 ,70                           ,C
GD         ,Industrials           ,United States and Canada   ,25          ,25                ,15              ,25                 ,90                           ,B
SOLS       ,Materials             ,United States and Canada   ,0           ,0                 ,15              ,25                 ,40                           ,F
SO         ,Utilities             ,United States and Canada   ,25          ,0                 ,15              ,10                 ,50                           ,D
BMO        ,Financials            ,United States and Canada   ,25          ,0                 ,5               ,0                  ,30                           ,F
NKE        ,Consumer Discretionary,United States and Canada   ,25          ,15                ,15              ,20                 ,75                           ,C
1877       ,Health Care           ,Asia / Pacific             ,0           ,0                 ,5               ,25                 ,30                           ,F
MO         ,Consumer Staples      ,United States and Canada   ,25          ,15                ,15              ,25                 ,80                           ,B
ICE        ,Financials            ,United States and Canada   ,25          ,25                ,15              ,20                 ,85                           ,B
MCO        ,Financials            ,United States and Canada   ,25          ,25                ,15              ,0                  ,65                           ,C
BNS        ,Financials            ,United States and Canada   ,25          ,0                 ,5               ,0                  ,30                           ,F
MMC        ,Financials            ,United States and Canada   ,25          ,25                ,15              ,10                 ,75                           ,C
DUK        ,Utilities             ,United States and Canada   ,25          ,0                 ,15              ,10                 ,50                           ,D
WM         ,Industrials           ,United States and Canada   ,25          ,20                ,15              ,0                  ,60                           ,D
AEM        ,Materials             ,United States and Canada   ,25          ,25                ,5               ,25                 ,80                           ,B
NOC        ,Industrials           ,United States and Canada   ,25          ,15                ,15              ,10                 ,65                           ,C
APO        ,Financials            ,United States and Canada   ,25          ,25                ,5               ,10                 ,65                           ,C
MMM        ,Industrials           ,United States and Canada   ,25          ,15                ,15              ,0                  ,55                           ,D
TT         ,Industrials           ,Europe                     ,25          ,25                ,15              ,20                 ,85                           ,B
UPS        ,Industrials           ,United States and Canada   ,25          ,5                 ,15              ,10                 ,55                           ,D
CRH        ,Materials             ,Europe                     ,25          ,25                ,15              ,20                 ,85                           ,B
CM         ,Financials            ,United States and Canada   ,25          ,0                 ,5               ,0                  ,30                           ,F
HWM        ,Industrials           ,United States and Canada   ,25          ,25                ,15              ,20                 ,85                           ,B
PNC        ,Financials            ,United States and Canada   ,25          ,25                ,5               ,10                 ,65                           ,C
BK         ,Financials            ,United States and Canada   ,25          ,15                ,5               ,10                 ,55                           ,D
MAR        ,Consumer Discretionary,United States and Canada   ,25          ,25                ,15              ,25                 ,90                           ,B
DELL       ,Information Technology,United States and Canada   ,25          ,25                ,15              ,25                 ,90                           ,B
SHW        ,Materials             ,United States and Canada   ,25          ,25                ,15              ,0                  ,65                           ,C
ELV        ,Health Care           ,United States and Canada   ,25          ,25                ,15              ,20                 ,85                           ,B
EMR        ,Industrials           ,United States and Canada   ,25          ,25                ,15              ,20                 ,85                           ,B
REGN       ,Health Care           ,United States and Canada   ,25          ,25                ,15              ,25                 ,90                           ,B
FCX        ,Materials             ,United States and Canada   ,25          ,20                ,5               ,25                 ,75                           ,C
GM         ,Consumer Discretionary,United States and Canada   ,25          ,25                ,15              ,10                 ,75                           ,C
ABX        ,Materials             ,United States and Canada   ,25          ,25                ,15              ,25                 ,90                           ,B
TFC        ,Financials            ,United States and Canada   ,25          ,15                ,5               ,10                 ,55                           ,D
TDG        ,Industrials           ,United States and Canada   ,25          ,0                 ,15              ,25                 ,65                           ,C
MRVL       ,Information Technology,United States and Canada   ,25          ,25                ,15              ,25                 ,90                           ,B
FNMA       ,Financials            ,United States and Canada   ,25          ,0                 ,15              ,0                  ,40                           ,F
RCL        ,Consumer Discretionary,United States and Canada   ,25          ,25                ,15              ,0                  ,65                           ,C
GLW        ,Information Technology,United States and Canada   ,25          ,15                ,15              ,20                 ,75                           ,C
CI         ,Health Care           ,United States and Canada   ,25          ,25                ,15              ,20                 ,85                           ,B
AON        ,Financials            ,Europe                     ,25          ,25                ,15              ,0                  ,65                           ,C
WMB        ,Energy                ,United States and Canada   ,25          ,5                 ,15              ,10                 ,55                           ,D
ECL        ,Materials             ,United States and Canada   ,25          ,25                ,15              ,20                 ,85                           ,B
JCI        ,Industrials           ,Europe                     ,25          ,5                 ,15              ,20                 ,65                           ,C
CTAS       ,Industrials           ,United States and Canada   ,25          ,25                ,15              ,20                 ,85                           ,B
CMI        ,Industrials           ,United States and Canada   ,25          ,25                ,15              ,20                 ,85                           ,B
ITW        ,Industrials           ,United States and Canada   ,25          ,20                ,15              ,0                  ,60                           ,D
FDX        ,Industrials           ,United States and Canada   ,25          ,25                ,5               ,10                 ,65                           ,C
EPD        ,Energy                ,United States and Canada   ,25          ,5                 ,15              ,10                 ,55                           ,D
MDLZ       ,Consumer Staples      ,United States and Canada   ,25          ,5                 ,15              ,20                 ,65                           ,C
FITB       ,Financials            ,United States and Canada   ,25          ,0                 ,15              ,10                 ,50                           ,D
TEL        ,Information Technology,Europe                     ,25          ,25                ,15              ,20                 ,85                           ,B
AJG        ,Financials            ,United States and Canada   ,25          ,25                ,15              ,20                 ,85                           ,B
CNQ        ,Energy                ,United States and Canada   ,25          ,20                ,15              ,20                 ,80                           ,B
CSX        ,Industrials           ,United States and Canada   ,25          ,20                ,15              ,10                 ,70                           ,C
VRT        ,Industrials           ,United States and Canada   ,25          ,25                ,15              ,10                 ,75                           ,C
HLT        ,Consumer Discretionary,United States and Canada   ,25          ,25                ,15              ,25                 ,90                           ,B
COR        ,Health Care           ,United States and Canada   ,25          ,25                ,15              ,0                  ,65                           ,C
RSG        ,Industrials           ,United States and Canada   ,25          ,25                ,15              ,10                 ,75                           ,C
CP         ,Industrials           ,United States and Canada   ,25          ,25                ,15              ,25                 ,90                           ,B
SLB        ,Energy                ,United States and Canada   ,25          ,25                ,15              ,20                 ,85                           ,B
PWR        ,Industrials           ,United States and Canada   ,25          ,25                ,15              ,20                 ,85                           ,B
NSC        ,Industrials           ,United States and Canada   ,25          ,20                ,5               ,10                 ,60                           ,D
CCL        ,Consumer Discretionary,United States and Canada   ,25          ,0                 ,15              ,0                  ,40                           ,F
WDC        ,Information Technology,United States and Canada   ,25          ,25                ,15              ,20                 ,85                           ,B
TRV        ,Financials            ,United States and Canada   ,25          ,25                ,15              ,25                 ,90                           ,B
ADSK       ,Information Technology,United States and Canada   ,25          ,0                 ,15              ,20                 ,60                           ,D
MSI        ,Information Technology,United States and Canada   ,25          ,25                ,15              ,0                  ,65                           ,C
STX        ,Information Technology,Asia / Pacific             ,25          ,25                ,15              ,25                 ,90                           ,B
KMI        ,Energy                ,United States and Canada   ,25          ,15                ,15              ,10                 ,65                           ,C
VIK        ,Consumer Discretionary,Latin America and Caribbean,25          ,25                ,15              ,25                 ,90                           ,B
CL         ,Consumer Staples      ,United States and Canada   ,25          ,20                ,5               ,0                  ,50                           ,D
MFC        ,Financials            ,United States and Canada   ,25          ,25                ,5               ,25                 ,80                           ,B
CNR        ,Industrials           ,United States and Canada   ,25          ,20                ,15              ,10                 ,70                           ,C
AEP        ,Utilities             ,United States and Canada   ,25          ,0                 ,15              ,10                 ,50                           ,D
ROST       ,Consumer Discretionary,United States and Canada   ,25          ,25                ,15              ,10                 ,75                           ,C
RKT        ,Financials            ,United States and Canada   ,25          ,0                 ,5               ,10                 ,40                           ,F
PCAR       ,Industrials           ,United States and Canada   ,25          ,15                ,5               ,20                 ,65                           ,C
AFL        ,Financials            ,United States and Canada   ,25          ,25                ,15              ,25                 ,90                           ,B
LHX        ,Industrials           ,United States and Canada   ,25          ,25                ,15              ,20                 ,85                           ,B
TRI        ,Industrials           ,United States and Canada   ,25          ,20                ,15              ,25                 ,85                           ,B
EOG        ,Energy                ,United States and Canada   ,25          ,20                ,15              ,25                 ,85                           ,B
SRE        ,Utilities             ,United States and Canada   ,25          ,0                 ,15              ,20                 ,60                           ,D
ZTS        ,Health Care           ,United States and Canada   ,25          ,25                ,15              ,10                 ,75                           ,C
PSX        ,Energy                ,United States and Canada   ,25          ,5                 ,15              ,20                 ,65                           ,C
BDX        ,Health Care           ,United States and Canada   ,25          ,25                ,5               ,20                 ,75                           ,C
APD        ,Materials             ,United States and Canada   ,25          ,0                 ,15              ,10                 ,50                           ,D
URI        ,Industrials           ,United States and Canada   ,25          ,25                ,15              ,10                 ,75                           ,C
ET         ,Energy                ,United States and Canada   ,25          ,15                ,15              ,10                 ,65                           ,C
NXPI       ,Information Technology,Europe                     ,25          ,20                ,15              ,10                 ,70                           ,C
ARES       ,Financials            ,United States and Canada   ,25          ,0                 ,15              ,10                 ,50                           ,D
NDAQ       ,Financials            ,United States and Canada   ,25          ,25                ,15              ,20                 ,85                           ,B
PYPL       ,Financials            ,United States and Canada   ,25          ,0                 ,15              ,20                 ,60                           ,D
TRP        ,Energy                ,United States and Canada   ,25          ,5                 ,5               ,10                 ,45                           ,D
VST        ,Utilities             ,United States and Canada   ,25          ,25                ,5               ,0                  ,55                           ,D
VLO        ,Energy                ,United States and Canada   ,25          ,25                ,15              ,25                 ,90                           ,B
WPM        ,Materials             ,United States and Canada   ,25          ,25                ,15              ,25                 ,90                           ,B
513599     ,Materials             ,Asia / Pacific             ,0           ,15                ,15              ,25                 ,55                           ,D
MPLX       ,Energy                ,United States and Canada   ,25          ,15                ,15              ,10                 ,65                           ,C
SU         ,Energy                ,United States and Canada   ,25          ,25                ,15              ,25                 ,90                           ,B
MET        ,Financials            ,United States and Canada   ,25          ,25                ,5               ,0                  ,55                           ,D
ALL        ,Financials            ,United States and Canada   ,25          ,25                ,5               ,25                 ,80                           ,B
F          ,Consumer Discretionary,United States and Canada   ,25          ,25                ,5               ,0                  ,55                           ,D
MPC        ,Energy                ,United States and Canada   ,25          ,25                ,15              ,10                 ,75                           ,C
L          ,Consumer Staples      ,United States and Canada   ,25          ,0                 ,15              ,10                 ,50                           ,D
EA         ,Communication Services,United States and Canada   ,25          ,25                ,15              ,25                 ,90                           ,B
ATD        ,Consumer Staples      ,United States and Canada   ,25          ,25                ,5               ,20                 ,75                           ,C
D          ,Utilities             ,United States and Canada   ,25          ,0                 ,15              ,10                 ,50                           ,D
NA         ,Financials            ,United States and Canada   ,25          ,0                 ,15              ,10                 ,50                           ,D
MSTR       ,Information Technology,United States and Canada   ,25          ,0                 ,5               ,25                 ,55                           ,D
CSU        ,Information Technology,United States and Canada   ,25          ,25                ,15              ,10                 ,75                           ,C
TCOM       ,Consumer Discretionary,Asia / Pacific             ,25          ,0                 ,15              ,25                 ,65                           ,C
9969       ,Health Care           ,Asia / Pacific             ,0           ,0                 ,5               ,25                 ,30                           ,F
CAH        ,Health Care           ,United States and Canada   ,25          ,25                ,15              ,25                 ,90                           ,B
AME        ,Industrials           ,United States and Canada   ,25          ,25                ,15              ,25                 ,90                           ,B
BKR        ,Energy                ,United States and Canada   ,25          ,25                ,15              ,25                 ,90                           ,B
GWW        ,Industrials           ,United States and Canada   ,25          ,25                ,15              ,20                 ,85                           ,B
FAST       ,Industrials           ,United States and Canada   ,25          ,5                 ,15              ,25                 ,70                           ,C
AMP        ,Financials            ,United States and Canada   ,25          ,25                ,15              ,20                 ,85                           ,B
DAL        ,Industrials           ,United States and Canada   ,25          ,25                ,15              ,10                 ,75                           ,C
ROP        ,Information Technology,United States and Canada   ,25          ,25                ,15              ,25                 ,90                           ,B
OKE        ,Energy                ,United States and Canada   ,25          ,20                ,15              ,10                 ,70                           ,C
TGT        ,Consumer Staples      ,United States and Canada   ,25          ,15                ,15              ,10                 ,65                           ,C
688472     ,Information Technology,Asia / Pacific             ,25          ,0                 ,5               ,20                 ,50                           ,D
CTVA       ,Materials             ,United States and Canada   ,25          ,25                ,15              ,25                 ,90                           ,B
MPWR       ,Information Technology,United States and Canada   ,25          ,25                ,15              ,25                 ,90                           ,B
AIG        ,Financials            ,United States and Canada   ,25          ,25                ,15              ,25                 ,90                           ,B
ROK        ,Industrials           ,United States and Canada   ,25          ,25                ,15              ,20                 ,85                           ,B
CARR       ,Industrials           ,United States and Canada   ,25          ,20                ,15              ,20                 ,80                           ,B
AU         ,Materials             ,United States and Canada   ,0           ,20                ,15              ,25                 ,60                           ,D
WCN        ,Industrials           ,United States and Canada   ,25          ,25                ,15              ,10                 ,75                           ,C
FERG       ,Industrials           ,United States and Canada   ,25          ,25                ,15              ,10                 ,75                           ,C
GWO        ,Financials            ,United States and Canada   ,25          ,25                ,15              ,25                 ,90                           ,B
EXC        ,Utilities             ,United States and Canada   ,25          ,0                 ,15              ,10                 ,50                           ,D
XEL        ,Utilities             ,United States and Canada   ,25          ,0                 ,15              ,10                 ,50                           ,D
LVS        ,Consumer Discretionary,United States and Canada   ,25          ,20                ,15              ,0                  ,60                           ,D
STT        ,Financials            ,United States and Canada   ,25          ,0                 ,5               ,0                  ,30                           ,F
CCO        ,Energy                ,United States and Canada   ,25          ,25                ,15              ,25                 ,90                           ,B
IMO        ,Energy                ,United States and Canada   ,25          ,25                ,15              ,25                 ,90                           ,B
MSCI       ,Financials            ,United States and Canada   ,25          ,25                ,15              ,25                 ,90                           ,B
DHI        ,Consumer Discretionary,United States and Canada   ,25          ,25                ,15              ,25                 ,90                           ,B
LNG        ,Energy                ,United States and Canada   ,25          ,25                ,15              ,0                  ,65                           ,C
FANG       ,Energy                ,United States and Canada   ,25          ,0                 ,15              ,25                 ,65                           ,C
JD         ,Consumer Discretionary,Asia / Pacific             ,25          ,15                ,15              ,25                 ,80                           ,B
ETR        ,Utilities             ,United States and Canada   ,25          ,0                 ,15              ,10                 ,50                           ,D
YUM        ,Consumer Discretionary,United States and Canada   ,25          ,25                ,15              ,25                 ,90                           ,B
POLN       ,Financials            ,Europe                     ,0           ,0                 ,5               ,25                 ,30                           ,F
HEI        ,Industrials           ,United States and Canada   ,25          ,25                ,5               ,25                 ,80                           ,B
SYM        ,Industrials           ,United States and Canada   ,25          ,25                ,5               ,25                 ,80                           ,B
FFH        ,Financials            ,United States and Canada   ,25          ,25                ,5               ,25                 ,80                           ,B
PRU        ,Financials            ,United States and Canada   ,25          ,25                ,15              ,10                 ,75                           ,C
FNV        ,Materials             ,United States and Canada   ,25          ,0                 ,15              ,25                 ,65                           ,C
EBAY       ,Consumer Discretionary,United States and Canada   ,25          ,25                ,5               ,10                 ,65                           ,C
AKBNK      ,Financials            ,Africa / Middle East       ,25          ,0                 ,15              ,0                  ,40                           ,F
OXY        ,Energy                ,United States and Canada   ,25          ,0                 ,5               ,20                 ,50                           ,D
A          ,Health Care           ,United States and Canada   ,25          ,25                ,15              ,20                 ,85                           ,B
TKO        ,Communication Services,United States and Canada   ,25          ,25                ,5               ,25                 ,80                           ,B
DOL        ,Consumer Discretionary,United States and Canada   ,25          ,25                ,15              ,0                  ,65                           ,C
PEG        ,Utilities             ,United States and Canada   ,25          ,0                 ,15              ,10                 ,50                           ,D
CTSH       ,Information Technology,United States and Canada   ,25          ,25                ,15              ,25                 ,90                           ,B
TRGP       ,Energy                ,United States and Canada   ,25          ,5                 ,15              ,0                  ,45                           ,D
PAYX       ,Industrials           ,United States and Canada   ,25          ,15                ,15              ,10                 ,65                           ,C
FICO       ,Information Technology,United States and Canada   ,25          ,0                 ,15              ,25                 ,65                           ,C
VMC        ,Materials             ,United States and Canada   ,25          ,25                ,15              ,20                 ,85                           ,B
GRMN       ,Consumer Discretionary,Europe                     ,25          ,25                ,15              ,25                 ,90                           ,B
KR         ,Consumer Staples      ,United States and Canada   ,25          ,25                ,15              ,0                  ,65                           ,C
EL         ,Consumer Staples      ,United States and Canada   ,25          ,25                ,15              ,0                  ,65                           ,C
GEHC       ,Health Care           ,United States and Canada   ,25          ,25                ,15              ,10                 ,75                           ,C
MLM        ,Materials             ,United States and Canada   ,25          ,25                ,15              ,20                 ,85                           ,B
NUE        ,Materials             ,United States and Canada   ,25          ,0                 ,5               ,25                 ,55                           ,D
HIG        ,Financials            ,United States and Canada   ,25          ,25                ,15              ,25                 ,90                           ,B
CRWV       ,Information Technology,United States and Canada   ,0           ,0                 ,5               ,0                  ,5                            ,F
KDP        ,Consumer Staples      ,United States and Canada   ,25          ,15                ,15              ,20                 ,75                           ,C
WAB        ,Industrials           ,United States and Canada   ,25          ,25                ,15              ,25                 ,90                           ,B
HSY        ,Consumer Staples      ,United States and Canada   ,25          ,20                ,15              ,10                 ,70                           ,C
IFC        ,Financials            ,United States and Canada   ,25          ,25                ,5               ,25                 ,80                           ,B
FIX        ,Industrials           ,United States and Canada   ,25          ,25                ,15              ,25                 ,90                           ,B
MCHP       ,Information Technology,United States and Canada   ,25          ,5                 ,5               ,20                 ,55                           ,D
RMD        ,Health Care           ,United States and Canada   ,25          ,25                ,15              ,25                 ,90                           ,B
TEVA       ,Health Care           ,Africa / Middle East       ,25          ,0                 ,15              ,0                  ,40                           ,F
ED         ,Utilities             ,United States and Canada   ,25          ,0                 ,15              ,10                 ,50                           ,D
PCG        ,Utilities             ,United States and Canada   ,25          ,0                 ,15              ,10                 ,50                           ,D
XYL        ,Industrials           ,United States and Canada   ,25          ,25                ,15              ,25                 ,90                           ,B
SLF        ,Financials            ,United States and Canada   ,25          ,0                 ,15              ,20                 ,60                           ,D
EXPE       ,Consumer Discretionary,United States and Canada   ,25          ,25                ,15              ,0                  ,65                           ,C
K          ,Materials             ,United States and Canada   ,25          ,25                ,15              ,25                 ,90                           ,B
FMCC       ,Financials            ,United States and Canada   ,25          ,0                 ,15              ,0                  ,40                           ,F
SYY        ,Consumer Staples      ,United States and Canada   ,25          ,20                ,15              ,0                  ,60                           ,D
OTIS       ,Industrials           ,United States and Canada   ,25          ,25                ,15              ,25                 ,90                           ,B
TER        ,Information Technology,United States and Canada   ,25          ,25                ,15              ,25                 ,90                           ,B
FIS        ,Financials            ,United States and Canada   ,25          ,25                ,15              ,20                 ,85                           ,B
WEC        ,Utilities             ,United States and Canada   ,25          ,0                 ,15              ,10                 ,50                           ,D
ODFL       ,Industrials           ,United States and Canada   ,25          ,25                ,15              ,25                 ,90                           ,B
UI         ,Information Technology,United States and Canada   ,0           ,25                ,5               ,25                 ,55                           ,D
ACGL       ,Financials            ,Latin America and Caribbean,25          ,25                ,5               ,25                 ,80                           ,B
POW        ,Financials            ,United States and Canada   ,25          ,25                ,15              ,20                 ,85                           ,B
EQT        ,Energy                ,United States and Canada   ,25          ,25                ,15              ,25                 ,90                           ,B
HUM        ,Health Care           ,United States and Canada   ,25          ,25                ,15              ,20                 ,85                           ,B
RJF        ,Financials            ,United States and Canada   ,25          ,0                 ,15              ,25                 ,65                           ,C
KMB        ,Consumer Staples      ,United States and Canada   ,25          ,15                ,15              ,0                  ,55                           ,D
VOYG       ,Industrials           ,United States and Canada   ,0           ,0                 ,5               ,25                 ,30                           ,F
IR         ,Industrials           ,United States and Canada   ,25          ,25                ,15              ,25                 ,90                           ,B
KVUE       ,Consumer Staples      ,United States and Canada   ,25          ,15                ,15              ,20                 ,75                           ,C
HPE        ,Information Technology,United States and Canada   ,25          ,5                 ,5               ,20                 ,55                           ,D
MTB        ,Financials            ,United States and Canada   ,25          ,25                ,5               ,20                 ,75                           ,C
WTW        ,Financials            ,Europe                     ,25          ,25                ,15              ,20                 ,85                           ,B
COHR       ,Information Technology,United States and Canada   ,25          ,0                 ,5               ,25                 ,55                           ,D
FOXA       ,Communication Services,United States and Canada   ,25          ,25                ,5               ,20                 ,75                           ,C
CVE        ,Energy                ,United States and Canada   ,25          ,25                ,15              ,25                 ,90                           ,B
SYF        ,Financials            ,United States and Canada   ,25          ,25                ,5               ,20                 ,75                           ,C
NRG        ,Utilities             ,United States and Canada   ,25          ,0                 ,5               ,0                  ,30                           ,F
VRSK       ,Industrials           ,United States and Canada   ,25          ,25                ,15              ,0                  ,65                           ,C
DG         ,Consumer Staples      ,United States and Canada   ,25          ,25                ,15              ,0                  ,65                           ,C
QSR        ,Consumer Discretionary,United States and Canada   ,25          ,15                ,5               ,0                  ,45                           ,D
NTR        ,Materials             ,United States and Canada   ,25          ,25                ,15              ,20                 ,85                           ,B
LPLA       ,Financials            ,United States and Canada   ,25          ,0                 ,15              ,10                 ,50                           ,D
EME        ,Industrials           ,United States and Canada   ,25          ,25                ,15              ,25                 ,90                           ,B
TME        ,Communication Services,Asia / Pacific             ,25          ,25                ,15              ,25                 ,90                           ,B
ADM        ,Consumer Staples      ,United States and Canada   ,25          ,25                ,15              ,20                 ,85                           ,B
ROL        ,Industrials           ,United States and Canada   ,25          ,25                ,15              ,20                 ,85                           ,B
BRCK       ,Industrials           ,Europe                     ,0           ,25                ,15              ,20                 ,60                           ,D
AEE        ,Utilities             ,United States and Canada   ,25          ,0                 ,15              ,10                 ,50                           ,D
KHC        ,Consumer Staples      ,United States and Canada   ,25          ,20                ,15              ,25                 ,85                           ,B
HBAN       ,Financials            ,United States and Canada   ,25          ,25                ,5               ,20                 ,75                           ,C
DOV        ,Industrials           ,United States and Canada   ,25          ,20                ,15              ,25                 ,85                           ,B
BRO        ,Financials            ,United States and Canada   ,25          ,25                ,15              ,20                 ,85                           ,B
NTRS       ,Financials            ,United States and Canada   ,25          ,25                ,5               ,10                 ,65                           ,C
VLTO       ,Industrials           ,United States and Canada   ,25          ,25                ,15              ,10                 ,75                           ,C
MKL        ,Financials            ,United States and Canada   ,25          ,0                 ,5               ,25                 ,55                           ,D
EFX        ,Industrials           ,United States and Canada   ,25          ,25                ,15              ,10                 ,75                           ,C
ATO        ,Utilities             ,United States and Canada   ,25          ,0                 ,15              ,20                 ,60                           ,D
WRB        ,Financials            ,United States and Canada   ,25          ,25                ,15              ,25                 ,90                           ,B
HAL        ,Energy                ,United States and Canada   ,25          ,25                ,15              ,20                 ,85                           ,B
FCNCA      ,Financials            ,United States and Canada   ,25          ,25                ,5               ,10                 ,65                           ,C
TW         ,Financials            ,United States and Canada   ,25          ,25                ,15              ,25                 ,90                           ,B
DTE        ,Utilities             ,United States and Canada   ,25          ,0                 ,15              ,10                 ,50                           ,D
FOYRK      ,Consumer Discretionary,Europe                     ,25          ,0                 ,15              ,10                 ,50                           ,D
FE         ,Utilities             ,United States and Canada   ,25          ,0                 ,15              ,10                 ,50                           ,D
CBOE       ,Financials            ,United States and Canada   ,25          ,25                ,15              ,25                 ,90                           ,B
TSCO       ,Consumer Discretionary,United States and Canada   ,25          ,20                ,15              ,0                  ,60                           ,D
TPR        ,Consumer Discretionary,United States and Canada   ,25          ,25                ,15              ,0                  ,65                           ,C
CQP        ,Energy                ,United States and Canada   ,25          ,20                ,5               ,25                 ,75                           ,C
CFG        ,Financials            ,United States and Canada   ,25          ,25                ,5               ,20                 ,75                           ,C
UNITED     ,Financials            ,Europe                     ,0           ,5                 ,15              ,25                 ,45                           ,D
BR         ,Industrials           ,United States and Canada   ,25          ,25                ,15              ,10                 ,75                           ,C
WN         ,Consumer Staples      ,United States and Canada   ,25          ,25                ,5               ,10                 ,65                           ,C
LEN        ,Consumer Discretionary,United States and Canada   ,25          ,0                 ,15              ,25                 ,65                           ,C
PPL        ,Utilities             ,United States and Canada   ,25          ,0                 ,15              ,10                 ,50                           ,D
FTS        ,Utilities             ,United States and Canada   ,25          ,0                 ,15              ,10                 ,50                           ,D
RF         ,Financials            ,United States and Canada   ,25          ,25                ,5               ,20                 ,75                           ,C
TPG        ,Financials            ,United States and Canada   ,25          ,5                 ,5               ,25                 ,60                           ,D
EXE        ,Energy                ,United States and Canada   ,25          ,20                ,5               ,25                 ,75                           ,C
CINF       ,Financials            ,United States and Canada   ,25          ,25                ,15              ,25                 ,90                           ,B
STE        ,Health Care           ,United States and Canada   ,25          ,25                ,15              ,25                 ,90                           ,B
ES         ,Utilities             ,United States and Canada   ,25          ,0                 ,15              ,10                 ,50                           ,D
STLD       ,Materials             ,United States and Canada   ,25          ,15                ,15              ,25                 ,80                           ,B
LDOS       ,Industrials           ,United States and Canada   ,25          ,25                ,15              ,10                 ,75                           ,C
CNP        ,Utilities             ,United States and Canada   ,25          ,0                 ,15              ,10                 ,50                           ,D
AWK        ,Utilities             ,United States and Canada   ,25          ,0                 ,15              ,10                 ,50                           ,D
WSP        ,Industrials           ,United States and Canada   ,25          ,25                ,15              ,20                 ,85                           ,B
STZ        ,Consumer Staples      ,United States and Canada   ,25          ,25                ,15              ,10                 ,75                           ,C
OWL        ,Financials            ,United States and Canada   ,25          ,25                ,15              ,20                 ,85                           ,B
HUBB       ,Industrials           ,United States and Canada   ,25          ,25                ,15              ,20                 ,85                           ,B
OMC        ,Communication Services,United States and Canada   ,25          ,25                ,15              ,10                 ,75                           ,C
AER        ,Industrials           ,Europe                     ,25          ,0                 ,5               ,0                  ,30                           ,F
BE         ,Industrials           ,United States and Canada   ,25          ,25                ,15              ,0                  ,65                           ,C
TECKB      ,Materials             ,United States and Canada   ,25          ,0                 ,15              ,25                 ,65                           ,C
JBL        ,Information Technology,United States and Canada   ,25          ,25                ,5               ,0                  ,55                           ,D
FM         ,Materials             ,United States and Canada   ,25          ,0                 ,15              ,20                 ,60                           ,D
GIS        ,Consumer Staples      ,United States and Canada   ,25          ,15                ,5               ,10                 ,55                           ,D
PPG        ,Materials             ,United States and Canada   ,25          ,15                ,15              ,20                 ,75                           ,C
H          ,Utilities             ,United States and Canada   ,25          ,0                 ,15              ,10                 ,50                           ,D
PHM        ,Consumer Discretionary,United States and Canada   ,25          ,25                ,5               ,25                 ,80                           ,B
EIX        ,Utilities             ,United States and Canada   ,25          ,0                 ,5               ,0                  ,30                           ,F
TROW       ,Financials            ,United States and Canada   ,25          ,15                ,5               ,25                 ,70                           ,C
BAP        ,Financials            ,Latin America and Caribbean,25          ,20                ,15              ,10                 ,70                           ,C
KEY        ,Financials            ,United States and Canada   ,25          ,25                ,5               ,20                 ,75                           ,C
FTAI       ,Industrials           ,United States and Canada   ,25          ,0                 ,5               ,0                  ,30                           ,F
CG         ,Financials            ,United States and Canada   ,25          ,0                 ,15              ,10                 ,50                           ,D
DVN        ,Energy                ,United States and Canada   ,25          ,25                ,15              ,20                 ,85                           ,B
WSM        ,Consumer Discretionary,United States and Canada   ,25          ,25                ,15              ,20                 ,85                           ,B
RPRX       ,Health Care           ,United States and Canada   ,25          ,25                ,15              ,20                 ,85                           ,B
PAAS       ,Materials             ,United States and Canada   ,25          ,25                ,15              ,25                 ,90                           ,B
DRI        ,Consumer Discretionary,United States and Canada   ,25          ,15                ,15              ,0                  ,55                           ,D
VRSN       ,Information Technology,United States and Canada   ,25          ,0                 ,15              ,25                 ,65                           ,C
BCE        ,Communication Services,United States and Canada   ,25          ,20                ,5               ,0                  ,50                           ,D
PPL        ,Energy                ,United States and Canada   ,25          ,20                ,5               ,20                 ,70                           ,C
LUV        ,Industrials           ,United States and Canada   ,25          ,0                 ,15              ,20                 ,60                           ,D
RL         ,Consumer Discretionary,United States and Canada   ,25          ,25                ,15              ,10                 ,75                           ,C
CW         ,Industrials           ,United States and Canada   ,25          ,25                ,15              ,20                 ,85                           ,B
SSNC       ,Industrials           ,United States and Canada   ,25          ,25                ,15              ,10                 ,75                           ,C
IP         ,Materials             ,United States and Canada   ,25          ,0                 ,15              ,20                 ,60                           ,D
CMS        ,Utilities             ,United States and Canada   ,25          ,0                 ,15              ,10                 ,50                           ,D
LH         ,Health Care           ,United States and Canada   ,25          ,25                ,15              ,20                 ,85                           ,B
CASY       ,Consumer Staples      ,United States and Canada   ,25          ,25                ,15              ,20                 ,85                           ,B
SW         ,Materials             ,Europe                     ,25          ,5                 ,15              ,20                 ,65                           ,C
NTAP       ,Information Technology,United States and Canada   ,25          ,25                ,15              ,0                  ,65                           ,C
ULS        ,Industrials           ,United States and Canada   ,25          ,25                ,15              ,10                 ,75                           ,C
EXPD       ,Industrials           ,United States and Canada   ,25          ,25                ,15              ,25                 ,90                           ,B
TPL        ,Energy                ,United States and Canada   ,0           ,25                ,15              ,25                 ,65                           ,C
RCIB       ,Communication Services,United States and Canada   ,25          ,25                ,15              ,0                  ,65                           ,C
T          ,Communication Services,United States and Canada   ,25          ,15                ,15              ,10                 ,65                           ,C
CHD        ,Consumer Staples      ,United States and Canada   ,25          ,25                ,15              ,20                 ,85                           ,B
TSN        ,Consumer Staples      ,United States and Canada   ,25          ,20                ,15              ,20                 ,80                           ,B
WST        ,Health Care           ,United States and Canada   ,25          ,25                ,15              ,25                 ,90                           ,B
SQM        ,Materials             ,Latin America and Caribbean,25          ,25                ,15              ,20                 ,85                           ,B
DTM        ,Energy                ,United States and Canada   ,25          ,20                ,15              ,20                 ,80                           ,B
PFG        ,Financials            ,United States and Canada   ,25          ,25                ,15              ,25                 ,90                           ,B
HPQ        ,Information Technology,United States and Canada   ,25          ,25                ,15              ,25                 ,90                           ,B
NI         ,Utilities             ,United States and Canada   ,25          ,0                 ,15              ,10                 ,50                           ,D
KOF        ,Consumer Staples      ,Latin America and Caribbean,25          ,5                 ,15              ,20                 ,65                           ,C
VIRT       ,Financials            ,United States and Canada   ,25          ,25                ,5               ,0                  ,55                           ,D
CHRW       ,Industrials           ,United States and Canada   ,25          ,25                ,5               ,10                 ,65                           ,C
LUG        ,Materials             ,United States and Canada   ,25          ,20                ,15              ,25                 ,85                           ,B
CTRA       ,Energy                ,United States and Canada   ,25          ,25                ,15              ,25                 ,90                           ,B
LNT        ,Utilities             ,United States and Canada   ,25          ,0                 ,15              ,10                 ,50                           ,D
LUN        ,Materials             ,United States and Canada   ,25          ,25                ,5               ,25                 ,80                           ,B
FTI        ,Energy                ,United States and Canada   ,25          ,25                ,5               ,20                 ,75                           ,C
AMCR       ,Materials             ,Europe                     ,25          ,5                 ,15              ,10                 ,55                           ,D
GIBA       ,Information Technology,United States and Canada   ,25          ,25                ,15              ,25                 ,90                           ,B
RBA        ,Industrials           ,United States and Canada   ,25          ,25                ,5               ,20                 ,75                           ,C
RGLD       ,Materials             ,United States and Canada   ,25          ,0                 ,15              ,25                 ,65                           ,C
WWD        ,Industrials           ,United States and Canada   ,25          ,25                ,15              ,25                 ,90                           ,B
ABCB       ,Financials            ,United States and Canada   ,25          ,25                ,15              ,25                 ,90                           ,B
DGX        ,Health Care           ,United States and Canada   ,25          ,25                ,15              ,10                 ,75                           ,C
BMNR       ,Information Technology,United States and Canada   ,0           ,0                 ,15              ,25                 ,40                           ,F
603667     ,Industrials           ,Asia / Pacific             ,0           ,5                 ,5               ,25                 ,35                           ,F
JBHT       ,Industrials           ,United States and Canada   ,25          ,25                ,15              ,25                 ,90                           ,B
TYL        ,Information Technology,United States and Canada   ,25          ,0                 ,15              ,25                 ,65                           ,C
PKG        ,Materials             ,United States and Canada   ,25          ,20                ,15              ,20                 ,80                           ,B
SGI        ,Consumer Discretionary,United States and Canada   ,25          ,25                ,15              ,0                  ,65                           ,C
DKS        ,Consumer Discretionary,United States and Canada   ,25          ,0                 ,15              ,10                 ,50                           ,D
SNA        ,Industrials           ,United States and Canada   ,25          ,25                ,15              ,25                 ,90                           ,B
WYNN       ,Consumer Discretionary,United States and Canada   ,25          ,25                ,5               ,25                 ,80                           ,B
ZBH        ,Health Care           ,United States and Canada   ,25          ,25                ,15              ,20                 ,85                           ,B
GPN        ,Financials            ,United States and Canada   ,25          ,25                ,15              ,20                 ,85                           ,B
THC        ,Health Care           ,United States and Canada   ,25          ,0                 ,15              ,10                 ,50                           ,D
BEPUN      ,Utilities             ,United States and Canada   ,25          ,0                 ,15              ,20                 ,60                           ,D
BG         ,Consumer Staples      ,United States and Canada   ,25          ,0                 ,15              ,20                 ,60                           ,D
EQH        ,Financials            ,United States and Canada   ,25          ,25                ,5               ,10                 ,65                           ,C
MTZ        ,Industrials           ,United States and Canada   ,25          ,0                 ,15              ,20                 ,60                           ,D
TLN        ,Utilities             ,United States and Canada   ,25          ,0                 ,15              ,0                  ,40                           ,F
DOW        ,Materials             ,United States and Canada   ,25          ,0                 ,5               ,20                 ,50                           ,D
BBDB       ,Industrials           ,United States and Canada   ,25          ,0                 ,5               ,25                 ,55                           ,D
Q          ,Information Technology,United States and Canada   ,0           ,0                 ,15              ,25                 ,40                           ,F
LII        ,Industrials           ,United States and Canada   ,25          ,25                ,15              ,10                 ,75                           ,C
MKC        ,Consumer Staples      ,United States and Canada   ,25          ,15                ,15              ,20                 ,75                           ,C
DD         ,Materials             ,United States and Canada   ,25          ,25                ,5               ,25                 ,80                           ,B
APTV       ,Consumer Discretionary,Europe                     ,25          ,0                 ,15              ,20                 ,60                           ,D
CDW        ,Information Technology,United States and Canada   ,25          ,25                ,5               ,0                  ,55                           ,D
BWXT       ,Industrials           ,United States and Canada   ,25          ,25                ,15              ,20                 ,85                           ,B
NVT        ,Industrials           ,Europe                     ,25          ,25                ,15              ,20                 ,85                           ,B
ALB        ,Materials             ,United States and Canada   ,25          ,5                 ,5               ,25                 ,60                           ,D
GPC        ,Consumer Discretionary,United States and Canada   ,25          ,0                 ,15              ,10                 ,50                           ,D
IFF        ,Materials             ,United States and Canada   ,25          ,5                 ,5               ,20                 ,55                           ,D
ZTO        ,Industrials           ,Asia / Pacific             ,25          ,5                 ,5               ,25                 ,60                           ,D
FTV        ,Industrials           ,United States and Canada   ,25          ,25                ,5               ,25                 ,80                           ,B
CRS        ,Industrials           ,United States and Canada   ,25          ,25                ,15              ,25                 ,90                           ,B
TOU        ,Energy                ,United States and Canada   ,25          ,5                 ,15              ,25                 ,70                           ,C
TRU        ,Industrials           ,United States and Canada   ,25          ,25                ,15              ,10                 ,75                           ,C
PNR        ,Industrials           ,Europe                     ,25          ,25                ,15              ,25                 ,90                           ,B
VG         ,Energy                ,United States and Canada   ,25          ,0                 ,5               ,0                  ,30                           ,F
BJ         ,Consumer Staples      ,United States and Canada   ,25          ,25                ,15              ,10                 ,75                           ,C
EVRG       ,Utilities             ,United States and Canada   ,25          ,0                 ,15              ,10                 ,50                           ,D
YUMC       ,Consumer Discretionary,Asia / Pacific             ,25          ,25                ,15              ,25                 ,90                           ,B
AGI        ,Materials             ,United States and Canada   ,25          ,25                ,15              ,25                 ,90                           ,B
J          ,Industrials           ,United States and Canada   ,25          ,25                ,5               ,20                 ,75                           ,C
WES        ,Energy                ,United States and Canada   ,25          ,15                ,15              ,0                  ,55                           ,D
ATI        ,Industrials           ,United States and Canada   ,25          ,0                 ,15              ,10                 ,50                           ,D
BEAN       ,Industrials           ,Europe                     ,0           ,15                ,15              ,25                 ,55                           ,D
COO        ,Health Care           ,United States and Canada   ,25          ,0                 ,15              ,25                 ,65                           ,C
CRBG       ,Financials            ,United States and Canada   ,25          ,25                ,5               ,10                 ,65                           ,C
GEN        ,Information Technology,United States and Canada   ,25          ,25                ,15              ,0                  ,65                           ,C
BIP        ,Utilities             ,Latin America and Caribbean,25          ,0                 ,15              ,10                 ,50                           ,D
WMG        ,Communication Services,United States and Canada   ,25          ,15                ,15              ,0                  ,55                           ,D
AA         ,Materials             ,United States and Canada   ,25          ,25                ,5               ,20                 ,75                           ,C
EWBC       ,Financials            ,United States and Canada   ,25          ,25                ,15              ,20                 ,85                           ,B
BBY        ,Consumer Discretionary,United States and Canada   ,25          ,20                ,5               ,10                 ,60                           ,D
RRL        ,Materials             ,Asia / Pacific             ,0           ,0                 ,15              ,25                 ,40                           ,F
TXT        ,Industrials           ,United States and Canada   ,25          ,25                ,5               ,20                 ,75                           ,C
H          ,Consumer Discretionary,United States and Canada   ,25          ,20                ,15              ,10                 ,70                           ,C
MG         ,Consumer Discretionary,United States and Canada   ,25          ,25                ,15              ,20                 ,85                           ,B
RS         ,Materials             ,United States and Canada   ,25          ,25                ,15              ,25                 ,90                           ,B
JBS        ,Consumer Staples      ,Europe                     ,25          ,0                 ,5               ,0                  ,30                           ,F
ITT        ,Industrials           ,United States and Canada   ,25          ,25                ,15              ,25                 ,90                           ,B
MRU        ,Consumer Staples      ,United States and Canada   ,25          ,25                ,15              ,20                 ,85                           ,B
GFL        ,Industrials           ,United States and Canada   ,25          ,0                 ,15              ,10                 ,50                           ,D
NWSA       ,Communication Services,United States and Canada   ,25          ,25                ,15              ,25                 ,90                           ,B
FNF        ,Financials            ,United States and Canada   ,25          ,25                ,15              ,20                 ,85                           ,B
KSPI       ,Financials            ,Asia / Pacific             ,25          ,25                ,5               ,25                 ,80                           ,B
HTHT       ,Consumer Discretionary,Asia / Pacific             ,25          ,20                ,5               ,0                  ,50                           ,D
ARCC       ,Financials            ,United States and Canada   ,25          ,0                 ,15              ,10                 ,50                           ,D
EMA        ,Utilities             ,United States and Canada   ,25          ,0                 ,15              ,10                 ,50                           ,D
EG         ,Financials            ,Latin America and Caribbean,25          ,25                ,15              ,25                 ,90                           ,B
MPCC       ,Industrials           ,Europe                     ,25          ,0                 ,5               ,25                 ,55                           ,D
LYB        ,Materials             ,United States and Canada   ,25          ,0                 ,5               ,10                 ,40                           ,F
RBC        ,Industrials           ,United States and Canada   ,25          ,0                 ,5               ,25                 ,55                           ,D
BALL       ,Materials             ,United States and Canada   ,25          ,5                 ,5               ,10                 ,45                           ,D
EVR        ,Financials            ,United States and Canada   ,25          ,25                ,5               ,25                 ,80                           ,B
ALLY       ,Financials            ,United States and Canada   ,25          ,0                 ,5               ,10                 ,40                           ,F
HII        ,Industrials           ,United States and Canada   ,25          ,25                ,15              ,20                 ,85                           ,B
VTRS       ,Health Care           ,United States and Canada   ,25          ,25                ,5               ,20                 ,75                           ,C
PSKY       ,Communication Services,United States and Canada   ,25          ,20                ,15              ,20                 ,80                           ,B
ENTG       ,Information Technology,United States and Canada   ,25          ,25                ,15              ,10                 ,75                           ,C
RYAN       ,Financials            ,United States and Canada   ,25          ,25                ,15              ,0                  ,65                           ,C
AVY        ,Materials             ,United States and Canada   ,25          ,25                ,15              ,10                 ,75                           ,C
ALLE       ,Industrials           ,Europe                     ,25          ,25                ,15              ,10                 ,75                           ,C
UHS        ,Health Care           ,United States and Canada   ,25          ,25                ,5               ,20                 ,75                           ,C
DPZ        ,Consumer Discretionary,United States and Canada   ,25          ,25                ,15              ,25                 ,90                           ,B
CSL        ,Industrials           ,United States and Canada   ,25          ,25                ,15              ,20                 ,85                           ,B
GGG        ,Industrials           ,United States and Canada   ,25          ,25                ,15              ,25                 ,90                           ,B
FHN        ,Financials            ,United States and Canada   ,25          ,15                ,5               ,20                 ,65                           ,C
NDSN       ,Industrials           ,United States and Canada   ,25          ,25                ,15              ,20                 ,85                           ,B
LECO       ,Industrials           ,United States and Canada   ,25          ,25                ,15              ,20                 ,85                           ,B
RPM        ,Materials             ,United States and Canada   ,25          ,20                ,15              ,10                 ,70                           ,C
IEX        ,Industrials           ,United States and Canada   ,25          ,25                ,15              ,20                 ,85                           ,B
SF         ,Financials            ,United States and Canada   ,25          ,25                ,5               ,25                 ,80                           ,B
BEPC       ,Utilities             ,United States and Canada   ,25          ,0                 ,15              ,10                 ,50                           ,D
RGA        ,Financials            ,United States and Canada   ,25          ,25                ,15              ,25                 ,90                           ,B
VNOM       ,Energy                ,United States and Canada   ,25          ,0                 ,5               ,25                 ,55                           ,D
WSO        ,Industrials           ,United States and Canada   ,25          ,15                ,15              ,25                 ,80                           ,B
JEF        ,Financials            ,United States and Canada   ,25          ,0                 ,5               ,0                  ,30                           ,F
MAS        ,Industrials           ,United States and Canada   ,25          ,25                ,15              ,25                 ,90                           ,B
MLI        ,Industrials           ,United States and Canada   ,0           ,25                ,5               ,25                 ,55                           ,D
HL         ,Materials             ,United States and Canada   ,25          ,0                 ,5               ,25                 ,55                           ,D
JKHY       ,Financials            ,United States and Canada   ,25          ,25                ,5               ,25                 ,80                           ,B
UNM        ,Financials            ,United States and Canada   ,25          ,25                ,15              ,25                 ,90                           ,B
ACM        ,Industrials           ,United States and Canada   ,25          ,25                ,15              ,10                 ,75                           ,C
WCC        ,Industrials           ,United States and Canada   ,25          ,25                ,5               ,10                 ,65                           ,C
TOL        ,Consumer Discretionary,United States and Canada   ,25          ,25                ,5               ,25                 ,80                           ,B
PAA        ,Energy                ,United States and Canada   ,25          ,25                ,5               ,20                 ,75                           ,C
CNA        ,Financials            ,United States and Canada   ,25          ,0                 ,15              ,25                 ,65                           ,C
CNH        ,Industrials           ,Europe                     ,25          ,25                ,15              ,0                  ,65                           ,C
RNR        ,Financials            ,Latin America and Caribbean,25          ,25                ,5               ,25                 ,80                           ,B
HLI        ,Financials            ,United States and Canada   ,25          ,25                ,15              ,25                 ,90                           ,B
BEN        ,Financials            ,United States and Canada   ,25          ,15                ,15              ,25                 ,80                           ,B
HRL        ,Consumer Staples      ,United States and Canada   ,25          ,5                 ,15              ,25                 ,70                           ,C
IVZ        ,Financials            ,United States and Canada   ,25          ,25                ,5               ,25                 ,80                           ,B
CF         ,Materials             ,United States and Canada   ,25          ,25                ,5               ,25                 ,80                           ,B
SNX        ,Information Technology,United States and Canada   ,25          ,25                ,15              ,20                 ,85                           ,B
EDV        ,Materials             ,Europe                     ,25          ,25                ,15              ,25                 ,90                           ,B
CELH       ,Consumer Staples      ,United States and Canada   ,25          ,0                 ,5               ,25                 ,55                           ,D
CLX        ,Consumer Staples      ,United States and Canada   ,25          ,15                ,15              ,0                  ,55                           ,D
CCK        ,Materials             ,United States and Canada   ,25          ,25                ,15              ,10                 ,75                           ,C
YMM        ,Industrials           ,Asia / Pacific             ,25          ,0                 ,15              ,25                 ,65                           ,C
AIZ        ,Financials            ,United States and Canada   ,25          ,25                ,15              ,25                 ,90                           ,B
CMA        ,Financials            ,United States and Canada   ,25          ,0                 ,5               ,10                 ,40                           ,F
IAG        ,Financials            ,United States and Canada   ,25          ,20                ,15              ,25                 ,85                           ,B
HAS        ,Consumer Discretionary,United States and Canada   ,25          ,20                ,15              ,0                  ,60                           ,D
SAP        ,Consumer Staples      ,United States and Canada   ,25          ,25                ,15              ,20                 ,85                           ,B
BFB        ,Consumer Staples      ,United States and Canada   ,25          ,15                ,15              ,20                 ,75                           ,C
BSY        ,Information Technology,United States and Canada   ,25          ,25                ,15              ,10                 ,75                           ,C
SWK        ,Industrials           ,United States and Canada   ,25          ,5                 ,15              ,20                 ,65                           ,C
CDE        ,Materials             ,United States and Canada   ,0           ,0                 ,15              ,20                 ,35                           ,F
AMKR       ,Information Technology,United States and Canada   ,25          ,25                ,15              ,25                 ,90                           ,B
MKSI       ,Information Technology,United States and Canada   ,25          ,25                ,15              ,0                  ,65                           ,C
WMS        ,Industrials           ,United States and Canada   ,25          ,25                ,15              ,20                 ,85                           ,B
RVTY       ,Health Care           ,United States and Canada   ,25          ,25                ,5               ,25                 ,80                           ,B
TXRH       ,Consumer Discretionary,United States and Canada   ,25          ,20                ,15              ,20                 ,80                           ,B
TEM        ,Health Care           ,United States and Canada   ,25          ,0                 ,15              ,0                  ,40                           ,F
PR         ,Energy                ,United States and Canada   ,25          ,20                ,15              ,25                 ,85                           ,B
ZWS        ,Industrials           ,United States and Canada   ,25          ,25                ,15              ,25                 ,90                           ,B
AYI        ,Industrials           ,United States and Canada   ,25          ,25                ,15              ,25                 ,90                           ,B
NYT        ,Communication Services,United States and Canada   ,25          ,25                ,15              ,25                 ,90                           ,B
AFG        ,Financials            ,United States and Canada   ,25          ,25                ,15              ,25                 ,90                           ,B
CR         ,Industrials           ,United States and Canada   ,25          ,25                ,15              ,25                 ,90                           ,B
GL         ,Financials            ,United States and Canada   ,25          ,25                ,15              ,20                 ,85                           ,B
STN        ,Industrials           ,United States and Canada   ,25          ,25                ,15              ,20                 ,85                           ,B
KRMN       ,Industrials           ,United States and Canada   ,25          ,0                 ,15              ,0                  ,40                           ,F
ATRL       ,Industrials           ,United States and Canada   ,25          ,25                ,15              ,20                 ,85                           ,B
SCI        ,Consumer Discretionary,United States and Canada   ,25          ,25                ,15              ,0                  ,65                           ,C
CCLB       ,Materials             ,United States and Canada   ,25          ,25                ,15              ,25                 ,90                           ,B
IGM        ,Financials            ,United States and Canada   ,25          ,20                ,15              ,25                 ,85                           ,B
EHC        ,Health Care           ,United States and Canada   ,25          ,25                ,15              ,20                 ,85                           ,B
BAH        ,Industrials           ,United States and Canada   ,25          ,25                ,15              ,0                  ,65                           ,C
FDS        ,Financials            ,United States and Canada   ,25          ,25                ,15              ,20                 ,85                           ,B
SEIC       ,Financials            ,United States and Canada   ,25          ,25                ,15              ,25                 ,90                           ,B
ORI        ,Financials            ,United States and Canada   ,25          ,20                ,5               ,25                 ,75                           ,C
WTRG       ,Utilities             ,United States and Canada   ,25          ,0                 ,15              ,10                 ,50                           ,D
ONB        ,Financials            ,United States and Canada   ,25          ,25                ,15              ,20                 ,85                           ,B
PAG        ,Consumer Discretionary,United States and Canada   ,25          ,25                ,15              ,10                 ,75                           ,C
DCI        ,Industrials           ,United States and Canada   ,25          ,25                ,15              ,20                 ,85                           ,B
PNW        ,Utilities             ,United States and Canada   ,25          ,0                 ,15              ,10                 ,50                           ,D
WBS        ,Financials            ,United States and Canada   ,25          ,25                ,5               ,25                 ,80                           ,B
AES        ,Utilities             ,United States and Canada   ,25          ,0                 ,15              ,0                  ,40                           ,F
ARX        ,Energy                ,United States and Canada   ,25          ,25                ,15              ,25                 ,90                           ,B
AAL        ,Industrials           ,United States and Canada   ,25          ,0                 ,15              ,25                 ,65                           ,C
ZION       ,Financials            ,United States and Canada   ,25          ,25                ,5               ,20                 ,75                           ,C
X          ,Financials            ,United States and Canada   ,25          ,25                ,15              ,25                 ,90                           ,B
EFN        ,Industrials           ,United States and Canada   ,25          ,0                 ,15              ,0                  ,40                           ,F
CAE        ,Industrials           ,United States and Canada   ,25          ,0                 ,15              ,20                 ,60                           ,D
SPXC       ,Industrials           ,United States and Canada   ,25          ,0                 ,15              ,25                 ,65                           ,C
BAX        ,Health Care           ,United States and Canada   ,25          ,5                 ,5               ,10                 ,45                           ,D
BWA        ,Consumer Discretionary,United States and Canada   ,25          ,25                ,15              ,20                 ,85                           ,B
ENSG       ,Health Care           ,United States and Canada   ,25          ,25                ,15              ,10                 ,75                           ,C
WTFC       ,Financials            ,United States and Canada   ,25          ,25                ,5               ,20                 ,75                           ,C
DDS        ,Consumer Discretionary,United States and Canada   ,25          ,25                ,15              ,25                 ,90                           ,B
SJM        ,Consumer Staples      ,United States and Canada   ,25          ,15                ,15              ,10                 ,65                           ,C
QGEN       ,Health Care           ,Europe                     ,25          ,25                ,5               ,25                 ,80                           ,B
SUN        ,Energy                ,United States and Canada   ,25          ,5                 ,15              ,10                 ,55                           ,D
ELMRA      ,Utilities             ,Europe                     ,25          ,0                 ,5               ,20                 ,50                           ,D
ARMK       ,Consumer Discretionary,United States and Canada   ,25          ,25                ,15              ,10                 ,75                           ,C
PEGA       ,Information Technology,United States and Canada   ,25          ,25                ,15              ,20                 ,85                           ,B
BZ         ,Industrials           ,Asia / Pacific             ,25          ,0                 ,15              ,25                 ,65                           ,C
AIT        ,Industrials           ,United States and Canada   ,25          ,25                ,15              ,25                 ,90                           ,B
TIH        ,Industrials           ,United States and Canada   ,25          ,25                ,5               ,25                 ,80                           ,B
WCP        ,Energy                ,United States and Canada   ,25          ,15                ,15              ,25                 ,80                           ,B
RRX        ,Industrials           ,United States and Canada   ,25          ,25                ,15              ,20                 ,85                           ,B
DRS        ,Industrials           ,United States and Canada   ,25          ,25                ,15              ,25                 ,90                           ,B
MGM        ,Consumer Discretionary,United States and Canada   ,25          ,0                 ,15              ,0                  ,40                           ,F
OVV        ,Energy                ,United States and Canada   ,25          ,0                 ,5               ,20                 ,50                           ,D
TECH       ,Health Care           ,United States and Canada   ,25          ,25                ,15              ,25                 ,90                           ,B
SWKS       ,Information Technology,United States and Canada   ,25          ,25                ,5               ,25                 ,80                           ,B
UHAL       ,Industrials           ,United States and Canada   ,25          ,0                 ,5               ,20                 ,50                           ,D
WLK        ,Materials             ,United States and Canada   ,25          ,0                 ,15              ,25                 ,65                           ,C
SSB        ,Financials            ,United States and Canada   ,25          ,20                ,15              ,25                 ,85                           ,B
GIL        ,Consumer Discretionary,United States and Canada   ,25          ,25                ,15              ,10                 ,75                           ,C
TIGO       ,Communication Services,Europe                     ,25          ,25                ,15              ,10                 ,75                           ,C
AOS        ,Industrials           ,United States and Canada   ,25          ,25                ,15              ,25                 ,90                           ,B
ACI        ,Consumer Staples      ,United States and Canada   ,25          ,25                ,15              ,0                  ,65                           ,C
GAP        ,Consumer Discretionary,United States and Canada   ,25          ,25                ,15              ,10                 ,75                           ,C
PPC        ,Consumer Staples      ,United States and Canada   ,25          ,0                 ,15              ,20                 ,60                           ,D
ALA        ,Utilities             ,United States and Canada   ,25          ,0                 ,15              ,10                 ,50                           ,D
WTS        ,Industrials           ,United States and Canada   ,25          ,25                ,15              ,25                 ,90                           ,B
ALV        ,Consumer Discretionary,Europe                     ,25          ,25                ,15              ,20                 ,85                           ,B
OC         ,Industrials           ,United States and Canada   ,25          ,25                ,15              ,10                 ,75                           ,C
DINO       ,Energy                ,United States and Canada   ,25          ,20                ,15              ,25                 ,85                           ,B
GTLS       ,Industrials           ,United States and Canada   ,25          ,0                 ,5               ,10                 ,40                           ,F
MEGP       ,Consumer Discretionary,Europe                     ,0           ,15                ,15              ,25                 ,55                           ,D
FLS        ,Industrials           ,United States and Canada   ,25          ,25                ,15              ,20                 ,85                           ,B
TAP        ,Consumer Staples      ,United States and Canada   ,25          ,25                ,15              ,25                 ,90                           ,B
TFII       ,Industrials           ,United States and Canada   ,25          ,25                ,15              ,10                 ,75                           ,C
TTEK       ,Industrials           ,United States and Canada   ,25          ,25                ,5               ,20                 ,75                           ,C
UMBF       ,Financials            ,United States and Canada   ,25          ,25                ,15              ,20                 ,85                           ,B
EDU        ,Consumer Discretionary,Asia / Pacific             ,25          ,0                 ,15              ,25                 ,65                           ,C
XP         ,Financials            ,Latin America and Caribbean,25          ,25                ,15              ,0                  ,65                           ,C
VIPS       ,Consumer Discretionary,Asia / Pacific             ,25          ,0                 ,15              ,25                 ,65                           ,C
MORN       ,Financials            ,United States and Canada   ,25          ,25                ,15              ,20                 ,85                           ,B
POOL       ,Consumer Discretionary,United States and Canada   ,25          ,25                ,15              ,20                 ,85                           ,B
LNC        ,Financials            ,United States and Canada   ,25          ,0                 ,5               ,20                 ,50                           ,D
KNX        ,Industrials           ,United States and Canada   ,25          ,0                 ,15              ,25                 ,65                           ,C
DOX        ,Information Technology,United States and Canada   ,25          ,25                ,5               ,25                 ,80                           ,B
APA        ,Energy                ,United States and Canada   ,25          ,25                ,5               ,10                 ,65                           ,C
AWI        ,Industrials           ,United States and Canada   ,25          ,25                ,15              ,20                 ,85                           ,B
OGE        ,Utilities             ,United States and Canada   ,25          ,0                 ,15              ,10                 ,50                           ,D
OSK        ,Industrials           ,United States and Canada   ,25          ,25                ,15              ,25                 ,90                           ,B
IDCC       ,Information Technology,United States and Canada   ,25          ,25                ,15              ,20                 ,85                           ,B
APLD       ,Information Technology,United States and Canada   ,25          ,0                 ,5               ,10                 ,40                           ,F
COLB       ,Financials            ,United States and Canada   ,25          ,25                ,15              ,20                 ,85                           ,B
AEIS       ,Information Technology,United States and Canada   ,25          ,25                ,15              ,20                 ,85                           ,B
BPOP       ,Financials            ,United States and Canada   ,25          ,0                 ,15              ,25                 ,65                           ,C
CLF        ,Materials             ,United States and Canada   ,25          ,0                 ,15              ,10                 ,50                           ,D
CFR        ,Financials            ,United States and Canada   ,25          ,0                 ,15              ,10                 ,50                           ,D
AMG        ,Financials            ,United States and Canada   ,25          ,25                ,15              ,20                 ,85                           ,B
SFD        ,Consumer Staples      ,United States and Canada   ,25          ,15                ,15              ,25                 ,80                           ,B
MOGA       ,Industrials           ,United States and Canada   ,25          ,25                ,15              ,20                 ,85                           ,B
HBM        ,Materials             ,United States and Canada   ,25          ,25                ,15              ,25                 ,90                           ,B
AM         ,Energy                ,United States and Canada   ,25          ,20                ,5               ,10                 ,60                           ,D
PAYC       ,Industrials           ,United States and Canada   ,25          ,25                ,15              ,25                 ,90                           ,B
AG         ,Materials             ,United States and Canada   ,0           ,25                ,15              ,25                 ,65                           ,C
PRI        ,Financials            ,United States and Canada   ,25          ,25                ,15              ,20                 ,85                           ,B
CU         ,Utilities             ,United States and Canada   ,25          ,5                 ,5               ,10                 ,45                           ,D
KWS        ,Consumer Staples      ,Europe                     ,25          ,25                ,15              ,25                 ,90                           ,B
LEVI       ,Consumer Discretionary,United States and Canada   ,25          ,20                ,15              ,10                 ,70                           ,C
OMF        ,Financials            ,United States and Canada   ,25          ,25                ,15              ,0                  ,65                           ,C
CADE       ,Financials            ,United States and Canada   ,25          ,25                ,15              ,25                 ,90                           ,B
VMI        ,Industrials           ,United States and Canada   ,25          ,25                ,15              ,20                 ,85                           ,B
RRC        ,Energy                ,United States and Canada   ,25          ,25                ,5               ,25                 ,80                           ,B
STEP       ,Financials            ,United States and Canada   ,25          ,0                 ,15              ,25                 ,65                           ,C
HLNE       ,Financials            ,United States and Canada   ,25          ,25                ,5               ,25                 ,80                           ,B
CAG        ,Consumer Staples      ,United States and Canada   ,25          ,15                ,15              ,20                 ,75                           ,C
ALSN       ,Industrials           ,United States and Canada   ,25          ,25                ,5               ,10                 ,65                           ,C
AXS        ,Financials            ,Latin America and Caribbean,25          ,0                 ,5               ,25                 ,55                           ,D
GSAT       ,Communication Services,United States and Canada   ,25          ,0                 ,5               ,10                 ,40                           ,F
UGI        ,Utilities             ,United States and Canada   ,25          ,15                ,15              ,10                 ,65                           ,C
CMC        ,Materials             ,United States and Canada   ,25          ,25                ,15              ,25                 ,90                           ,B
ATR        ,Materials             ,United States and Canada   ,25          ,25                ,15              ,25                 ,90                           ,B
JEN        ,Information Technology,Europe                     ,25          ,25                ,15              ,25                 ,90                           ,B
G          ,Industrials           ,Latin America and Caribbean,25          ,25                ,15              ,20                 ,85                           ,B
TTC        ,Industrials           ,United States and Canada   ,25          ,25                ,15              ,20                 ,85                           ,B
CHDN       ,Consumer Discretionary,United States and Canada   ,25          ,25                ,5               ,0                  ,55                           ,D
LAD        ,Consumer Discretionary,United States and Canada   ,25          ,0                 ,5               ,0                  ,30                           ,F
OTEX       ,Information Technology,United States and Canada   ,25          ,25                ,5               ,10                 ,65                           ,C
CPB        ,Consumer Staples      ,United States and Canada   ,25          ,15                ,15              ,10                 ,65                           ,C
LKQ        ,Consumer Discretionary,United States and Canada   ,25          ,25                ,5               ,20                 ,75                           ,C
JBTM       ,Industrials           ,United States and Canada   ,25          ,25                ,15              ,20                 ,85                           ,B
AGCO       ,Industrials           ,United States and Canada   ,25          ,25                ,5               ,20                 ,75                           ,C
EMPA       ,Consumer Staples      ,United States and Canada   ,25          ,25                ,15              ,10                 ,75                           ,C
MOS        ,Materials             ,United States and Canada   ,25          ,0                 ,15              ,25                 ,65                           ,C
BBU        ,Industrials           ,Latin America and Caribbean,25          ,25                ,15              ,0                  ,65                           ,C
MUSA       ,Consumer Discretionary,United States and Canada   ,25          ,25                ,15              ,0                  ,65                           ,C
NFG        ,Utilities             ,United States and Canada   ,25          ,5                 ,15              ,20                 ,65                           ,C
BRKR       ,Health Care           ,United States and Canada   ,25          ,0                 ,15              ,10                 ,50                           ,D
LUMN       ,Communication Services,United States and Canada   ,25          ,25                ,5               ,0                  ,55                           ,D
MTCH       ,Communication Services,United States and Canada   ,25          ,25                ,15              ,25                 ,90                           ,B
BOKF       ,Financials            ,United States and Canada   ,25          ,25                ,5               ,20                 ,75                           ,C
TX         ,Materials             ,Europe                     ,25          ,0                 ,5               ,25                 ,55                           ,D
TOI        ,Information Technology,Europe                     ,0           ,0                 ,15              ,20                 ,35                           ,F
MIDD       ,Industrials           ,United States and Canada   ,25          ,0                 ,15              ,20                 ,60                           ,D
R          ,Industrials           ,United States and Canada   ,25          ,25                ,15              ,0                  ,65                           ,C
GDS        ,Information Technology,Asia / Pacific             ,25          ,0                 ,5               ,10                 ,40                           ,F
BVN        ,Materials             ,Latin America and Caribbean,25          ,15                ,15              ,25                 ,80                           ,B
PNFP       ,Financials            ,United States and Canada   ,25          ,25                ,5               ,25                 ,80                           ,B
JXN        ,Financials            ,United States and Canada   ,25          ,25                ,5               ,20                 ,75                           ,C
CBSH       ,Financials            ,United States and Canada   ,25          ,15                ,15              ,20                 ,75                           ,C
MOD        ,Industrials           ,United States and Canada   ,25          ,0                 ,15              ,25                 ,65                           ,C
IBP        ,Consumer Discretionary,United States and Canada   ,25          ,25                ,15              ,10                 ,75                           ,C
EMN        ,Materials             ,United States and Canada   ,25          ,15                ,15              ,20                 ,75                           ,C
JHG        ,Financials            ,Europe                     ,25          ,25                ,5               ,25                 ,80                           ,B
VOYA       ,Financials            ,United States and Canada   ,25          ,25                ,5               ,20                 ,75                           ,C
FTT        ,Industrials           ,United States and Canada   ,25          ,20                ,15              ,20                 ,80                           ,B
VFC        ,Consumer Discretionary,United States and Canada   ,25          ,20                ,15              ,0                  ,60                           ,D
TIBN       ,Consumer Discretionary,Europe                     ,0           ,0                 ,15              ,25                 ,40                           ,F
KEY        ,Energy                ,United States and Canada   ,25          ,15                ,15              ,10                 ,65                           ,C
ELD        ,Materials             ,United States and Canada   ,25          ,0                 ,15              ,25                 ,65                           ,C
PJT        ,Financials            ,United States and Canada   ,25          ,25                ,15              ,25                 ,90                           ,B
TILE       ,Industrials           ,United States and Canada   ,25          ,25                ,5               ,20                 ,75                           ,C
ICL        ,Materials             ,Africa / Middle East       ,25          ,20                ,15              ,25                 ,85                           ,B
FLR        ,Industrials           ,United States and Canada   ,25          ,0                 ,15              ,25                 ,65                           ,C
FCFS       ,Financials            ,United States and Canada   ,25          ,25                ,15              ,20                 ,85                           ,B
AL         ,Industrials           ,United States and Canada   ,25          ,0                 ,5               ,0                  ,30                           ,F
WING       ,Consumer Discretionary,United States and Canada   ,25          ,20                ,15              ,25                 ,85                           ,B
UWMC       ,Financials            ,United States and Canada   ,25          ,0                 ,15              ,0                  ,40                           ,F
PRIM       ,Industrials           ,United States and Canada   ,25          ,25                ,15              ,20                 ,85                           ,B
SIRI       ,Communication Services,United States and Canada   ,25          ,25                ,15              ,20                 ,85                           ,B
DPM        ,Materials             ,United States and Canada   ,25          ,25                ,15              ,25                 ,90                           ,B
PFSI       ,Financials            ,United States and Canada   ,25          ,0                 ,15              ,0                  ,40                           ,F
HESM       ,Energy                ,United States and Canada   ,25          ,25                ,15              ,0                  ,65                           ,C
LBRDK      ,Communication Services,United States and Canada   ,25          ,0                 ,15              ,25                 ,65                           ,C
INGR       ,Consumer Staples      ,United States and Canada   ,25          ,25                ,5               ,20                 ,75                           ,C
SSD        ,Industrials           ,United States and Canada   ,25          ,25                ,5               ,25                 ,80                           ,B
ORA        ,Utilities             ,United States and Canada   ,25          ,0                 ,15              ,20                 ,60                           ,D
ESAB       ,Industrials           ,United States and Canada   ,25          ,25                ,15              ,20                 ,85                           ,B
EXP        ,Materials             ,United States and Canada   ,25          ,25                ,5               ,20                 ,75                           ,C
TFPM       ,Materials             ,United States and Canada   ,25          ,20                ,15              ,25                 ,85                           ,B
FSS        ,Industrials           ,United States and Canada   ,25          ,25                ,15              ,25                 ,90                           ,B
BYD        ,Consumer Discretionary,United States and Canada   ,25          ,25                ,5               ,0                  ,55                           ,D
SMTC       ,Information Technology,United States and Canada   ,25          ,0                 ,15              ,10                 ,50                           ,D
CTCA       ,Consumer Discretionary,United States and Canada   ,25          ,15                ,15              ,10                 ,65                           ,C
PB         ,Financials            ,United States and Canada   ,25          ,15                ,15              ,25                 ,80                           ,B
IDA        ,Utilities             ,United States and Canada   ,25          ,0                 ,15              ,20                 ,60                           ,D
LFUS       ,Information Technology,United States and Canada   ,25          ,25                ,15              ,25                 ,90                           ,B
MKTX       ,Financials            ,United States and Canada   ,25          ,25                ,15              ,25                 ,90                           ,B
OR         ,Materials             ,United States and Canada   ,25          ,25                ,5               ,25                 ,80                           ,B
OGC        ,Materials             ,United States and Canada   ,0           ,25                ,5               ,25                 ,55                           ,D
CPX        ,Utilities             ,United States and Canada   ,25          ,0                 ,15              ,10                 ,50                           ,D
AAON       ,Industrials           ,United States and Canada   ,25          ,0                 ,15              ,25                 ,65                           ,C
EAT        ,Consumer Discretionary,United States and Canada   ,25          ,0                 ,15              ,0                  ,40                           ,F
VLY        ,Financials            ,United States and Canada   ,25          ,25                ,5               ,20                 ,75                           ,C
ADT        ,Consumer Discretionary,United States and Canada   ,25          ,25                ,5               ,0                  ,55                           ,D
MTG        ,Financials            ,United States and Canada   ,25          ,25                ,15              ,25                 ,90                           ,B
CRK        ,Energy                ,United States and Canada   ,25          ,0                 ,15              ,10                 ,50                           ,D
MSA        ,Industrials           ,United States and Canada   ,25          ,25                ,15              ,25                 ,90                           ,B
DFY        ,Financials            ,United States and Canada   ,25          ,25                ,15              ,25                 ,90                           ,B
PIPR       ,Financials            ,United States and Canada   ,25          ,0                 ,15              ,25                 ,65                           ,C
OBDC       ,Financials            ,United States and Canada   ,25          ,20                ,15              ,10                 ,70                           ,C
THG        ,Financials            ,United States and Canada   ,25          ,25                ,15              ,25                 ,90                           ,B
TXNM       ,Utilities             ,United States and Canada   ,25          ,0                 ,15              ,0                  ,40                           ,F
GRGD       ,Consumer Discretionary,United States and Canada   ,25          ,0                 ,15              ,0                  ,40                           ,F
ESI        ,Materials             ,United States and Canada   ,25          ,25                ,15              ,20                 ,85                           ,B
MAT        ,Consumer Discretionary,United States and Canada   ,25          ,0                 ,15              ,10                 ,50                           ,D
NOV        ,Energy                ,United States and Canada   ,25          ,25                ,5               ,25                 ,80                           ,B
NXST       ,Communication Services,United States and Canada   ,25          ,25                ,15              ,0                  ,65                           ,C
WFRD       ,Energy                ,United States and Canada   ,25          ,25                ,15              ,10                 ,75                           ,C
KEX        ,Industrials           ,United States and Canada   ,25          ,0                 ,15              ,25                 ,65                           ,C
FAF        ,Financials            ,United States and Canada   ,25          ,25                ,15              ,25                 ,90                           ,B
ESNT       ,Financials            ,Latin America and Caribbean,25          ,25                ,15              ,25                 ,90                           ,B
RRR        ,Consumer Discretionary,United States and Canada   ,25          ,25                ,15              ,0                  ,65                           ,C
BXSL       ,Financials            ,United States and Canada   ,25          ,0                 ,15              ,10                 ,50                           ,D
LEA        ,Consumer Discretionary,United States and Canada   ,25          ,25                ,5               ,20                 ,75                           ,C
CGNX       ,Information Technology,United States and Canada   ,25          ,25                ,15              ,25                 ,90                           ,B
CHE        ,Health Care           ,United States and Canada   ,25          ,25                ,15              ,25                 ,90                           ,B
GATX       ,Industrials           ,United States and Canada   ,25          ,0                 ,15              ,0                  ,40                           ,F
TKR        ,Industrials           ,United States and Canada   ,25          ,25                ,15              ,20                 ,85                           ,B
FBIN       ,Industrials           ,United States and Canada   ,25          ,25                ,15              ,10                 ,75                           ,C
MSGS       ,Communication Services,United States and Canada   ,25          ,25                ,5               ,25                 ,80                           ,B
SEE        ,Materials             ,United States and Canada   ,25          ,25                ,15              ,0                  ,65                           ,C
HXL        ,Industrials           ,United States and Canada   ,25          ,25                ,15              ,25                 ,90                           ,B
BTO        ,Materials             ,United States and Canada   ,25          ,0                 ,5               ,25                 ,55                           ,D
PRMB       ,Consumer Staples      ,United States and Canada   ,25          ,5                 ,5               ,10                 ,45                           ,D
ROG        ,Information Technology,United States and Canada   ,25          ,0                 ,15              ,25                 ,65                           ,C
DLB        ,Information Technology,United States and Canada   ,25          ,25                ,15              ,25                 ,90                           ,B
M          ,Consumer Discretionary,United States and Canada   ,25          ,25                ,5               ,10                 ,65                           ,C
ALK        ,Industrials           ,United States and Canada   ,25          ,0                 ,15              ,10                 ,50                           ,D
SGHC       ,Consumer Discretionary,Europe                     ,0           ,0                 ,15              ,25                 ,40                           ,F
GBCI       ,Financials            ,United States and Canada   ,25          ,25                ,15              ,10                 ,75                           ,C
VICR       ,Industrials           ,United States and Canada   ,25          ,0                 ,15              ,25                 ,65                           ,C
MNSO       ,Consumer Discretionary,Asia / Pacific             ,25          ,0                 ,15              ,25                 ,65                           ,C
SIFG       ,Industrials           ,Europe                     ,0           ,0                 ,15              ,20                 ,35                           ,F
KNTK       ,Energy                ,United States and Canada   ,25          ,0                 ,5               ,10                 ,40                           ,F
OLED       ,Information Technology,United States and Canada   ,25          ,20                ,5               ,25                 ,75                           ,C
LPX        ,Materials             ,United States and Canada   ,25          ,20                ,15              ,25                 ,85                           ,B
WH         ,Consumer Discretionary,United States and Canada   ,25          ,25                ,15              ,0                  ,65                           ,C
RAL        ,Information Technology,United States and Canada   ,0           ,25                ,15              ,25                 ,65                           ,C
ACT        ,Financials            ,United States and Canada   ,25          ,25                ,15              ,25                 ,90                           ,B
ARW        ,Information Technology,United States and Canada   ,25          ,0                 ,15              ,20                 ,60                           ,D
ONEX       ,Financials            ,United States and Canada   ,0           ,25                ,5               ,25                 ,55                           ,D
HWC        ,Financials            ,United States and Canada   ,25          ,25                ,15              ,25                 ,90                           ,B
STVN       ,Health Care           ,Europe                     ,25          ,0                 ,15              ,25                 ,65                           ,C
SWX        ,Utilities             ,United States and Canada   ,25          ,0                 ,15              ,10                 ,50                           ,D
MC         ,Financials            ,United States and Canada   ,25          ,25                ,15              ,25                 ,90                           ,B
LW         ,Consumer Staples      ,United States and Canada   ,25          ,25                ,15              ,0                  ,65                           ,C
RLI        ,Financials            ,United States and Canada   ,25          ,25                ,5               ,25                 ,80                           ,B
IWB        ,Consumer Staples      ,Europe                     ,0           ,25                ,5               ,20                 ,50                           ,D
ENS        ,Industrials           ,United States and Canada   ,25          ,25                ,15              ,20                 ,85                           ,B
ANF        ,Consumer Discretionary,United States and Canada   ,25          ,0                 ,15              ,20                 ,60                           ,D
CBC        ,Financials            ,United States and Canada   ,0           ,25                ,15              ,25                 ,65                           ,C
CAMT       ,Information Technology,Africa / Middle East       ,25          ,0                 ,15              ,25                 ,65                           ,C
FOUR       ,Financials            ,United States and Canada   ,25          ,0                 ,5               ,0                  ,30                           ,F
SLM        ,Financials            ,United States and Canada   ,25          ,0                 ,5               ,0                  ,30                           ,F
SOBO       ,Energy                ,United States and Canada   ,25          ,5                 ,5               ,0                  ,35                           ,F
MAIN       ,Financials            ,United States and Canada   ,25          ,5                 ,15              ,20                 ,65                           ,C
THO        ,Consumer Discretionary,United States and Canada   ,25          ,25                ,15              ,25                 ,90                           ,B
HRB        ,Consumer Discretionary,United States and Canada   ,25          ,25                ,15              ,0                  ,65                           ,C
VNT        ,Information Technology,United States and Canada   ,25          ,25                ,5               ,0                  ,55                           ,D
ATAT       ,Consumer Discretionary,Asia / Pacific             ,25          ,25                ,15              ,20                 ,85                           ,B
TFX        ,Health Care           ,United States and Canada   ,25          ,25                ,5               ,25                 ,80                           ,B
KBR        ,Industrials           ,United States and Canada   ,25          ,25                ,15              ,10                 ,75                           ,C
HOMB       ,Financials            ,United States and Canada   ,25          ,25                ,15              ,25                 ,90                           ,B
UBSI       ,Financials            ,United States and Canada   ,25          ,25                ,15              ,25                 ,90                           ,B
POR        ,Utilities             ,United States and Canada   ,25          ,0                 ,15              ,10                 ,50                           ,D
UFPI       ,Industrials           ,United States and Canada   ,25          ,25                ,5               ,25                 ,80                           ,B
REZI       ,Industrials           ,United States and Canada   ,25          ,0                 ,5               ,20                 ,50                           ,D
CPA        ,Industrials           ,Latin America and Caribbean,25          ,5                 ,15              ,20                 ,65                           ,C
BIPC       ,Utilities             ,United States and Canada   ,0           ,0                 ,15              ,0                  ,15                           ,F
OZK        ,Financials            ,United States and Canada   ,25          ,0                 ,15              ,25                 ,65                           ,C
ACA        ,Industrials           ,United States and Canada   ,25          ,25                ,5               ,20                 ,75                           ,C
GNTX       ,Consumer Discretionary,United States and Canada   ,25          ,25                ,5               ,25                 ,80                           ,B
DOO        ,Consumer Discretionary,United States and Canada   ,25          ,25                ,15              ,0                  ,65                           ,C
GVA        ,Industrials           ,United States and Canada   ,25          ,25                ,15              ,20                 ,85                           ,B
BKH        ,Utilities             ,United States and Canada   ,25          ,0                 ,15              ,10                 ,50                           ,D
HRI        ,Industrials           ,United States and Canada   ,25          ,25                ,15              ,0                  ,65                           ,C
BMI        ,Information Technology,United States and Canada   ,25          ,25                ,15              ,25                 ,90                           ,B
SRAD       ,Consumer Discretionary,Europe                     ,0           ,20                ,15              ,10                 ,45                           ,D
ESE        ,Industrials           ,United States and Canada   ,25          ,25                ,5               ,25                 ,80                           ,B
LSTR       ,Industrials           ,United States and Canada   ,25          ,25                ,15              ,25                 ,90                           ,B
FLG        ,Financials            ,United States and Canada   ,25          ,25                ,5               ,10                 ,65                           ,C
CHRD       ,Energy                ,United States and Canada   ,25          ,25                ,5               ,25                 ,80                           ,B
AUB        ,Financials            ,United States and Canada   ,25          ,25                ,15              ,25                 ,90                           ,B
MTDR       ,Energy                ,United States and Canada   ,25          ,25                ,15              ,20                 ,85                           ,B
SIGI       ,Financials            ,United States and Canada   ,25          ,25                ,15              ,25                 ,90                           ,B
ST         ,Industrials           ,United States and Canada   ,25          ,25                ,15              ,10                 ,75                           ,C
CSW        ,Industrials           ,United States and Canada   ,25          ,25                ,5               ,25                 ,80                           ,B
INGM       ,Information Technology,United States and Canada   ,25          ,0                 ,15              ,10                 ,50                           ,D
BCPC       ,Materials             ,United States and Canada   ,25          ,25                ,15              ,25                 ,90                           ,B
SAIC       ,Industrials           ,United States and Canada   ,25          ,25                ,5               ,10                 ,65                           ,C
LAUR       ,Consumer Discretionary,United States and Canada   ,25          ,0                 ,15              ,25                 ,65                           ,C
MCY        ,Financials            ,United States and Canada   ,25          ,25                ,15              ,25                 ,90                           ,B
WFG        ,Materials             ,United States and Canada   ,25          ,0                 ,15              ,25                 ,65                           ,C
BCO        ,Industrials           ,United States and Canada   ,25          ,25                ,15              ,0                  ,65                           ,C
GOLF       ,Consumer Discretionary,United States and Canada   ,25          ,20                ,5               ,10                 ,60                           ,D
SNDR       ,Industrials           ,United States and Canada   ,25          ,20                ,15              ,25                 ,85                           ,B
BC         ,Consumer Discretionary,United States and Canada   ,25          ,25                ,5               ,10                 ,65                           ,C
RDN        ,Financials            ,United States and Canada   ,25          ,0                 ,5               ,20                 ,50                           ,D
GPI        ,Consumer Discretionary,United States and Canada   ,25          ,25                ,5               ,10                 ,65                           ,C
MMS        ,Industrials           ,United States and Canada   ,25          ,25                ,5               ,20                 ,75                           ,C
CNX        ,Energy                ,United States and Canada   ,25          ,0                 ,15              ,20                 ,60                           ,D
GHC        ,Consumer Discretionary,United States and Canada   ,25          ,25                ,5               ,25                 ,80                           ,B
SR         ,Utilities             ,United States and Canada   ,25          ,0                 ,5               ,10                 ,40                           ,F
GHH        ,Information Technology,Europe                     ,0           ,15                ,15              ,25                 ,55                           ,D
LAZ        ,Financials            ,United States and Canada   ,25          ,25                ,15              ,0                  ,65                           ,C
MSM        ,Industrials           ,United States and Canada   ,25          ,15                ,15              ,25                 ,80                           ,B
MTN        ,Consumer Discretionary,United States and Canada   ,25          ,15                ,5               ,0                  ,45                           ,D
NNI        ,Financials            ,United States and Canada   ,25          ,25                ,5               ,0                  ,55                           ,D
REYN       ,Consumer Staples      ,United States and Canada   ,25          ,15                ,15              ,20                 ,75                           ,C
RIG        ,Energy                ,Europe                     ,25          ,0                 ,15              ,20                 ,60                           ,D
HCC        ,Materials             ,United States and Canada   ,25          ,0                 ,15              ,25                 ,65                           ,C
YOU        ,Information Technology,United States and Canada   ,25          ,25                ,15              ,20                 ,85                           ,B
TDS        ,Communication Services,United States and Canada   ,25          ,0                 ,5               ,20                 ,50                           ,D
TXG        ,Materials             ,United States and Canada   ,0           ,0                 ,15              ,25                 ,40                           ,F
AGX        ,Industrials           ,United States and Canada   ,25          ,25                ,15              ,25                 ,90                           ,B
TNL        ,Consumer Discretionary,United States and Canada   ,25          ,25                ,5               ,25                 ,80                           ,B
AD         ,Communication Services,United States and Canada   ,0           ,0                 ,5               ,20                 ,25                           ,F
MTH        ,Consumer Discretionary,United States and Canada   ,25          ,0                 ,15              ,25                 ,65                           ,C
OLA        ,Materials             ,United States and Canada   ,0           ,0                 ,15              ,25                 ,40                           ,F
AQN        ,Utilities             ,United States and Canada   ,25          ,0                 ,5               ,10                 ,40                           ,F
NPO        ,Industrials           ,United States and Canada   ,25          ,25                ,5               ,25                 ,80                           ,B
ABG        ,Consumer Discretionary,United States and Canada   ,25          ,0                 ,15              ,10                 ,50                           ,D
IEP        ,Industrials           ,United States and Canada   ,0           ,0                 ,5               ,10                 ,15                           ,F
CE         ,Materials             ,United States and Canada   ,25          ,25                ,5               ,0                  ,55                           ,D
AROC       ,Energy                ,United States and Canada   ,25          ,0                 ,15              ,10                 ,50                           ,D
FRO        ,Energy                ,Europe                     ,25          ,25                ,15              ,10                 ,75                           ,C
VSEC       ,Industrials           ,United States and Canada   ,25          ,25                ,15              ,25                 ,90                           ,B
BDC        ,Information Technology,United States and Canada   ,25          ,25                ,15              ,20                 ,85                           ,B
NE         ,Energy                ,United States and Canada   ,25          ,15                ,5               ,25                 ,70                           ,C
NJR        ,Utilities             ,United States and Canada   ,25          ,0                 ,15              ,10                 ,50                           ,D
CSHUN      ,Health Care           ,United States and Canada   ,0           ,25                ,15              ,0                  ,40                           ,F
OGS        ,Utilities             ,United States and Canada   ,25          ,0                 ,15              ,10                 ,50                           ,D
ACOX       ,Utilities             ,United States and Canada   ,25          ,25                ,15              ,10                 ,75                           ,C
CHH        ,Consumer Discretionary,United States and Canada   ,25          ,25                ,15              ,25                 ,90                           ,B
GPK        ,Materials             ,United States and Canada   ,25          ,0                 ,15              ,10                 ,50                           ,D
AEO        ,Consumer Discretionary,United States and Canada   ,25          ,20                ,15              ,20                 ,80                           ,B
CAR        ,Industrials           ,United States and Canada   ,25          ,0                 ,15              ,25                 ,65                           ,C
PAGP       ,Energy                ,United States and Canada   ,25          ,25                ,15              ,20                 ,85                           ,B
CNR        ,Energy                ,United States and Canada   ,25          ,25                ,5               ,25                 ,80                           ,B
SON        ,Materials             ,United States and Canada   ,25          ,15                ,15              ,0                  ,55                           ,D
FIBK       ,Financials            ,United States and Canada   ,25          ,20                ,5               ,20                 ,70                           ,C
CAAP       ,Industrials           ,Europe                     ,25          ,0                 ,15              ,20                 ,60                           ,D
MZTI       ,Consumer Staples      ,United States and Canada   ,25          ,25                ,15              ,25                 ,90                           ,B
RNST       ,Financials            ,United States and Canada   ,25          ,25                ,15              ,25                 ,90                           ,B
PSK        ,Energy                ,United States and Canada   ,0           ,15                ,15              ,25                 ,55                           ,D
MUR        ,Energy                ,United States and Canada   ,25          ,25                ,15              ,25                 ,90                           ,B
SSRM       ,Materials             ,United States and Canada   ,25          ,0                 ,15              ,25                 ,65                           ,C
SLGN       ,Materials             ,United States and Canada   ,25          ,5                 ,15              ,0                  ,45                           ,D
BYD        ,Industrials           ,United States and Canada   ,25          ,25                ,15              ,10                 ,75                           ,C
SCR        ,Energy                ,United States and Canada   ,25          ,25                ,15              ,25                 ,90                           ,B
AUGO       ,Materials             ,United States and Canada   ,25          ,5                 ,15              ,0                  ,45                           ,D
FFIN       ,Financials            ,United States and Canada   ,25          ,25                ,15              ,25                 ,90                           ,B
POWL       ,Industrials           ,United States and Canada   ,25          ,25                ,15              ,25                 ,90                           ,B
ASB        ,Financials            ,United States and Canada   ,25          ,25                ,5               ,20                 ,75                           ,C
FELE       ,Industrials           ,United States and Canada   ,25          ,25                ,15              ,25                 ,90                           ,B
DLO        ,Financials            ,Latin America and Caribbean,25          ,0                 ,15              ,25                 ,65                           ,C
HGTY       ,Financials            ,United States and Canada   ,25          ,0                 ,5               ,25                 ,55                           ,D
ATMU       ,Industrials           ,United States and Canada   ,25          ,25                ,15              ,0                  ,65                           ,C
EBC        ,Financials            ,United States and Canada   ,25          ,25                ,15              ,25                 ,90                           ,B
WHR        ,Consumer Discretionary,United States and Canada   ,25          ,0                 ,5               ,0                  ,30                           ,F
RUSHA      ,Industrials           ,United States and Canada   ,25          ,25                ,15              ,20                 ,85                           ,B
BGC        ,Financials            ,United States and Canada   ,25          ,25                ,5               ,10                 ,65                           ,C
VCTR       ,Financials            ,United States and Canada   ,25          ,25                ,5               ,20                 ,75                           ,C
IBOC       ,Financials            ,United States and Canada   ,0           ,25                ,5               ,25                 ,55                           ,D
NGEX       ,Materials             ,United States and Canada   ,25          ,0                 ,15              ,25                 ,65                           ,C
SKYW       ,Industrials           ,United States and Canada   ,25          ,0                 ,15              ,10                 ,50                           ,D
FSK        ,Financials            ,United States and Canada   ,25          ,20                ,5               ,10                 ,60                           ,D
BBWI       ,Consumer Discretionary,United States and Canada   ,25          ,25                ,15              ,25                 ,90                           ,B
AGO        ,Financials            ,Latin America and Caribbean,25          ,25                ,5               ,25                 ,80                           ,B
MGY        ,Energy                ,United States and Canada   ,25          ,25                ,15              ,25                 ,90                           ,B
CNO        ,Financials            ,United States and Canada   ,25          ,25                ,5               ,10                 ,65                           ,C
CENX       ,Materials             ,United States and Canada   ,25          ,0                 ,15              ,20                 ,60                           ,D
CATY       ,Financials            ,United States and Canada   ,25          ,25                ,5               ,25                 ,80                           ,B
BOX        ,Information Technology,United States and Canada   ,25          ,0                 ,5               ,0                  ,30                           ,F
FLNC       ,Industrials           ,United States and Canada   ,25          ,0                 ,5               ,20                 ,50                           ,D
MDU        ,Utilities             ,United States and Canada   ,25          ,0                 ,15              ,20                 ,60                           ,D
TFSL       ,Financials            ,United States and Canada   ,25          ,15                ,15              ,0                  ,55                           ,D
SXT        ,Materials             ,United States and Canada   ,25          ,0                 ,15              ,20                 ,60                           ,D
HASI       ,Financials            ,United States and Canada   ,25          ,0                 ,15              ,10                 ,50                           ,D
SFBS       ,Financials            ,United States and Canada   ,25          ,25                ,15              ,10                 ,75                           ,C
CRC        ,Energy                ,United States and Canada   ,25          ,25                ,5               ,25                 ,80                           ,B
FIA1S      ,Industrials           ,Europe                     ,25          ,0                 ,15              ,0                  ,40                           ,F
AVT        ,Information Technology,United States and Canada   ,25          ,25                ,5               ,20                 ,75                           ,C
NWE        ,Utilities             ,United States and Canada   ,25          ,0                 ,15              ,10                 ,50                           ,D
WHD        ,Energy                ,United States and Canada   ,25          ,25                ,15              ,25                 ,90                           ,B
FHI        ,Financials            ,United States and Canada   ,25          ,25                ,5               ,25                 ,80                           ,B
MATX       ,Industrials           ,United States and Canada   ,25          ,25                ,5               ,25                 ,80                           ,B
FG         ,Financials            ,United States and Canada   ,25          ,25                ,5               ,20                 ,75                           ,C
PSMT       ,Consumer Staples      ,United States and Canada   ,25          ,25                ,5               ,25                 ,80                           ,B
GLNG       ,Energy                ,Latin America and Caribbean,25          ,0                 ,15              ,20                 ,60                           ,D
UCB        ,Financials            ,United States and Canada   ,25          ,25                ,15              ,25                 ,90                           ,B
INTR       ,Financials            ,Latin America and Caribbean,25          ,0                 ,15              ,0                  ,40                           ,F
HAE        ,Health Care           ,United States and Canada   ,25          ,0                 ,15              ,10                 ,50                           ,D
CALM       ,Consumer Staples      ,United States and Canada   ,25          ,25                ,5               ,25                 ,80                           ,B
ATGE       ,Consumer Discretionary,United States and Canada   ,25          ,0                 ,15              ,20                 ,60                           ,D
TA         ,Utilities             ,United States and Canada   ,25          ,25                ,5               ,0                  ,55                           ,D
BRC        ,Industrials           ,United States and Canada   ,25          ,25                ,15              ,25                 ,90                           ,B
VVV        ,Consumer Discretionary,United States and Canada   ,25          ,0                 ,15              ,0                  ,40                           ,F
TPC        ,Industrials           ,United States and Canada   ,25          ,0                 ,15              ,20                 ,60                           ,D
PII        ,Consumer Discretionary,United States and Canada   ,25          ,25                ,15              ,10                 ,75                           ,C
MWA        ,Industrials           ,United States and Canada   ,25          ,25                ,15              ,25                 ,90                           ,B
BTU        ,Energy                ,United States and Canada   ,25          ,0                 ,15              ,25                 ,65                           ,C
TTAM       ,Materials             ,Europe                     ,25          ,15                ,5               ,20                 ,65                           ,C
TEX        ,Industrials           ,United States and Canada   ,25          ,25                ,5               ,10                 ,65                           ,C
INDB       ,Financials            ,United States and Canada   ,25          ,25                ,15              ,25                 ,90                           ,B
BHF        ,Financials            ,United States and Canada   ,25          ,0                 ,5               ,10                 ,40                           ,F
PATK       ,Consumer Discretionary,United States and Canada   ,25          ,25                ,15              ,10                 ,75                           ,C
EXPO       ,Industrials           ,United States and Canada   ,25          ,25                ,5               ,25                 ,80                           ,B
CBT        ,Materials             ,United States and Canada   ,25          ,25                ,15              ,20                 ,85                           ,B
CMBT       ,Energy                ,Europe                     ,25          ,0                 ,15              ,0                  ,40                           ,F
LNR        ,Consumer Discretionary,United States and Canada   ,25          ,25                ,15              ,25                 ,90                           ,B
KBH        ,Consumer Discretionary,United States and Canada   ,25          ,0                 ,15              ,25                 ,65                           ,C
CFT        ,Financials            ,Europe                     ,0           ,25                ,15              ,20                 ,60                           ,D
GPOR       ,Energy                ,United States and Canada   ,25          ,0                 ,5               ,25                 ,55                           ,D
ASO        ,Consumer Discretionary,United States and Canada   ,25          ,25                ,15              ,20                 ,85                           ,B
SIG        ,Consumer Discretionary,Latin America and Caribbean,25          ,25                ,15              ,20                 ,85                           ,B
GBDC       ,Financials            ,United States and Canada   ,25          ,0                 ,15              ,10                 ,50                           ,D
SEI        ,Energy                ,United States and Canada   ,25          ,0                 ,15              ,25                 ,65                           ,C
FULT       ,Financials            ,United States and Canada   ,25          ,0                 ,5               ,20                 ,50                           ,D
WSC        ,Industrials           ,United States and Canada   ,25          ,25                ,15              ,0                  ,65                           ,C
UNF        ,Industrials           ,United States and Canada   ,25          ,25                ,15              ,25                 ,90                           ,B
USLM       ,Materials             ,United States and Canada   ,0           ,25                ,5               ,25                 ,55                           ,D
SMG        ,Materials             ,United States and Canada   ,25          ,20                ,15              ,25                 ,85                           ,B
KAI        ,Industrials           ,United States and Canada   ,25          ,25                ,5               ,25                 ,80                           ,B
GTX        ,Consumer Discretionary,Europe                     ,25          ,25                ,15              ,25                 ,90                           ,B
BFH        ,Financials            ,United States and Canada   ,25          ,25                ,15              ,10                 ,75                           ,C
AIR        ,Industrials           ,United States and Canada   ,25          ,0                 ,15              ,20                 ,60                           ,D
GFF        ,Industrials           ,United States and Canada   ,25          ,25                ,5               ,0                  ,55                           ,D
SJ         ,Materials             ,United States and Canada   ,25          ,25                ,15              ,20                 ,85                           ,B
PBF        ,Energy                ,United States and Canada   ,25          ,0                 ,15              ,25                 ,65                           ,C
NPI        ,Utilities             ,United States and Canada   ,25          ,25                ,5               ,10                 ,65                           ,C
GEF        ,Materials             ,United States and Canada   ,25          ,0                 ,15              ,25                 ,65                           ,C
SRAIL      ,Industrials           ,Europe                     ,0           ,0                 ,15              ,10                 ,25                           ,F
KFY        ,Industrials           ,United States and Canada   ,25          ,25                ,15              ,25                 ,90                           ,B
APAM       ,Financials            ,United States and Canada   ,25          ,15                ,15              ,25                 ,80                           ,B
AHL        ,Financials            ,Latin America and Caribbean,25          ,25                ,5               ,25                 ,80                           ,B
OTTR       ,Utilities             ,United States and Canada   ,25          ,15                ,15              ,20                 ,75                           ,C
BKU        ,Financials            ,United States and Canada   ,25          ,25                ,15              ,10                 ,75                           ,C
KTB        ,Consumer Discretionary,United States and Canada   ,25          ,20                ,15              ,10                 ,70                           ,C
HTGC       ,Financials            ,United States and Canada   ,25          ,0                 ,15              ,20                 ,60                           ,D
JOYY       ,Communication Services,Asia / Pacific             ,25          ,0                 ,15              ,25                 ,65                           ,C
MHO        ,Consumer Discretionary,United States and Canada   ,25          ,0                 ,15              ,25                 ,65                           ,C
AZZ        ,Industrials           ,United States and Canada   ,25          ,25                ,15              ,20                 ,85                           ,B
EIF        ,Industrials           ,United States and Canada   ,25          ,0                 ,15              ,10                 ,50                           ,D
FBP        ,Financials            ,United States and Canada   ,25          ,25                ,5               ,25                 ,80                           ,B
MCHB       ,Financials            ,United States and Canada   ,0           ,0                 ,15              ,25                 ,40                           ,F
PBH        ,Consumer Staples      ,United States and Canada   ,25          ,0                 ,15              ,10                 ,50                           ,D
EE         ,Energy                ,United States and Canada   ,25          ,25                ,15              ,25                 ,90                           ,B
CNS        ,Financials            ,United States and Canada   ,25          ,0                 ,15              ,25                 ,65                           ,C
WSBC       ,Financials            ,United States and Canada   ,25          ,25                ,15              ,20                 ,85                           ,B
PEY        ,Energy                ,United States and Canada   ,25          ,15                ,15              ,20                 ,75                           ,C
AGYS       ,Information Technology,United States and Canada   ,25          ,0                 ,15              ,25                 ,65                           ,C
FUL        ,Materials             ,United States and Canada   ,25          ,25                ,15              ,10                 ,75                           ,C
SIMO       ,Information Technology,Asia / Pacific             ,25          ,0                 ,5               ,25                 ,55                           ,D
SHOO       ,Consumer Discretionary,United States and Canada   ,25          ,25                ,5               ,25                 ,80                           ,B
OPLN       ,Industrials           ,United States and Canada   ,25          ,0                 ,5               ,20                 ,50                           ,D
SBCF       ,Financials            ,United States and Canada   ,25          ,25                ,15              ,25                 ,90                           ,B
CLSK       ,Information Technology,United States and Canada   ,25          ,0                 ,5               ,25                 ,55                           ,D
AVA        ,Utilities             ,United States and Canada   ,25          ,0                 ,15              ,10                 ,50                           ,D
HWKN       ,Materials             ,United States and Canada   ,25          ,25                ,15              ,25                 ,90                           ,B
PVH        ,Consumer Discretionary,United States and Canada   ,25          ,25                ,15              ,20                 ,85                           ,B
KGS        ,Energy                ,United States and Canada   ,25          ,15                ,15              ,10                 ,65                           ,C
TGNA       ,Communication Services,United States and Canada   ,25          ,25                ,5               ,10                 ,65                           ,C
REVG       ,Industrials           ,United States and Canada   ,25          ,25                ,5               ,25                 ,80                           ,B
CBU        ,Financials            ,United States and Canada   ,25          ,25                ,15              ,20                 ,85                           ,B
WSFS       ,Financials            ,United States and Canada   ,25          ,25                ,15              ,25                 ,90                           ,B
BANC       ,Financials            ,United States and Canada   ,25          ,25                ,5               ,20                 ,75                           ,C
HP         ,Energy                ,United States and Canada   ,25          ,15                ,5               ,20                 ,65                           ,C
LBRT       ,Energy                ,United States and Canada   ,25          ,0                 ,15              ,25                 ,65                           ,C
FBK        ,Financials            ,United States and Canada   ,25          ,25                ,15              ,25                 ,90                           ,B
IAC        ,Communication Services,United States and Canada   ,25          ,0                 ,15              ,25                 ,65                           ,C
TPZ        ,Energy                ,United States and Canada   ,25          ,0                 ,15              ,25                 ,65                           ,C
WU         ,Financials            ,United States and Canada   ,25          ,20                ,5               ,0                  ,50                           ,D
ARLP       ,Energy                ,United States and Canada   ,25          ,15                ,5               ,25                 ,70                           ,C
GEI        ,Energy                ,United States and Canada   ,25          ,15                ,15              ,0                  ,55                           ,D
LCII       ,Consumer Discretionary,United States and Canada   ,25          ,25                ,5               ,20                 ,75                           ,C
CG         ,Materials             ,United States and Canada   ,25          ,25                ,5               ,25                 ,80                           ,B
COLM       ,Consumer Discretionary,United States and Canada   ,25          ,25                ,5               ,25                 ,80                           ,B
PAGS       ,Financials            ,Latin America and Caribbean,25          ,25                ,15              ,25                 ,90                           ,B
USAC       ,Energy                ,United States and Canada   ,25          ,15                ,5               ,0                  ,45                           ,D
MLCO       ,Consumer Discretionary,Asia / Pacific             ,25          ,0                 ,15              ,25                 ,65                           ,C
BRSL       ,Consumer Discretionary,Europe                     ,25          ,0                 ,5               ,0                  ,30                           ,F
AVNT       ,Materials             ,United States and Canada   ,25          ,20                ,15              ,20                 ,80                           ,B
DAN        ,Consumer Discretionary,United States and Canada   ,25          ,15                ,5               ,10                 ,55                           ,D
ACMR       ,Information Technology,United States and Canada   ,25          ,0                 ,15              ,25                 ,65                           ,C
CPK        ,Utilities             ,United States and Canada   ,25          ,0                 ,15              ,10                 ,50                           ,D
SAB        ,Financials            ,Europe                     ,25          ,0                 ,15              ,0                  ,40                           ,F
TNET       ,Industrials           ,United States and Canada   ,25          ,25                ,15              ,0                  ,65                           ,C
DBRG       ,Financials            ,United States and Canada   ,0           ,25                ,5               ,25                 ,55                           ,D
BLKB       ,Information Technology,United States and Canada   ,25          ,0                 ,15              ,0                  ,40                           ,F
RLX        ,Consumer Staples      ,Asia / Pacific             ,25          ,25                ,15              ,25                 ,90                           ,B
BSM        ,Energy                ,United States and Canada   ,25          ,5                 ,5               ,25                 ,60                           ,D
MRX        ,Financials            ,Europe                     ,25          ,0                 ,15              ,0                  ,40                           ,F
MGEE       ,Utilities             ,United States and Canada   ,0           ,0                 ,15              ,20                 ,35                           ,F
SXI        ,Industrials           ,United States and Canada   ,25          ,25                ,5               ,20                 ,75                           ,C
EQB        ,Financials            ,United States and Canada   ,25          ,0                 ,15              ,0                  ,40                           ,F
CXT        ,Information Technology,United States and Canada   ,25          ,25                ,15              ,20                 ,85                           ,B
BOH        ,Financials            ,United States and Canada   ,25          ,20                ,5               ,20                 ,70                           ,C
BCC        ,Industrials           ,United States and Canada   ,25          ,0                 ,15              ,25                 ,65                           ,C
GRBK       ,Consumer Discretionary,United States and Canada   ,25          ,0                 ,5               ,25                 ,55                           ,D
AWR        ,Utilities             ,United States and Canada   ,25          ,0                 ,15              ,10                 ,50                           ,D
SFNC       ,Financials            ,United States and Canada   ,25          ,25                ,15              ,25                 ,90                           ,B
MANU       ,Communication Services,Europe                     ,25          ,0                 ,15              ,0                  ,40                           ,F
COTY       ,Consumer Staples      ,United States and Canada   ,25          ,25                ,5               ,10                 ,65                           ,C
CUBI       ,Financials            ,United States and Canada   ,25          ,0                 ,5               ,20                 ,50                           ,D
ASH        ,Materials             ,United States and Canada   ,25          ,0                 ,15              ,20                 ,60                           ,D
IPAR       ,Consumer Staples      ,United States and Canada   ,25          ,20                ,15              ,25                 ,85                           ,B
DRD        ,Materials             ,Africa / Middle East       ,0           ,25                ,5               ,25                 ,55                           ,D
SII        ,Financials            ,United States and Canada   ,25          ,25                ,15              ,25                 ,90                           ,B
TVE        ,Energy                ,United States and Canada   ,0           ,25                ,15              ,25                 ,65                           ,C
CAKE       ,Consumer Discretionary,United States and Canada   ,25          ,25                ,15              ,0                  ,65                           ,C
ATHM       ,Communication Services,Asia / Pacific             ,25          ,0                 ,15              ,25                 ,65                           ,C
BKE        ,Consumer Discretionary,United States and Canada   ,25          ,25                ,15              ,20                 ,85                           ,B
VC         ,Consumer Discretionary,United States and Canada   ,25          ,25                ,15              ,25                 ,90                           ,B
HUBG       ,Industrials           ,United States and Canada   ,25          ,20                ,15              ,25                 ,85                           ,B
MTRN       ,Materials             ,United States and Canada   ,25          ,25                ,15              ,20                 ,85                           ,B
KLIC       ,Information Technology,Asia / Pacific             ,25          ,20                ,5               ,25                 ,75                           ,C
GSHD       ,Financials            ,United States and Canada   ,25          ,25                ,5               ,0                  ,55                           ,D
RHI        ,Industrials           ,United States and Canada   ,25          ,15                ,15              ,25                 ,80                           ,B
CNK        ,Communication Services,United States and Canada   ,25          ,25                ,15              ,0                  ,65                           ,C
CNXC       ,Industrials           ,United States and Canada   ,25          ,25                ,5               ,10                 ,65                           ,C
SES        ,Energy                ,United States and Canada   ,0           ,15                ,5               ,25                 ,45                           ,D
WDFC       ,Consumer Staples      ,United States and Canada   ,25          ,20                ,5               ,25                 ,75                           ,C
ZGN        ,Consumer Discretionary,Europe                     ,0           ,25                ,5               ,10                 ,40                           ,F
PAX        ,Financials            ,Latin America and Caribbean,25          ,25                ,15              ,20                 ,85                           ,B
TOWN       ,Financials            ,United States and Canada   ,25          ,25                ,15              ,25                 ,90                           ,B
WB         ,Communication Services,Asia / Pacific             ,25          ,0                 ,15              ,20                 ,60                           ,D
MGRC       ,Industrials           ,United States and Canada   ,25          ,25                ,15              ,20                 ,85                           ,B
PFS        ,Financials            ,United States and Canada   ,25          ,25                ,5               ,10                 ,65                           ,C
ABM        ,Industrials           ,United States and Canada   ,25          ,25                ,15              ,20                 ,85                           ,B
CVBF       ,Financials            ,United States and Canada   ,25          ,25                ,5               ,25                 ,80                           ,B
OII        ,Energy                ,United States and Canada   ,25          ,0                 ,15              ,10                 ,50                           ,D
WOR        ,Industrials           ,United States and Canada   ,25          ,25                ,15              ,25                 ,90                           ,B
AMR        ,Materials             ,United States and Canada   ,25          ,25                ,5               ,25                 ,80                           ,B
CVI        ,Energy                ,United States and Canada   ,25          ,0                 ,15              ,0                  ,40                           ,F
TVK        ,Energy                ,United States and Canada   ,25          ,25                ,15              ,10                 ,75                           ,C
LION       ,Communication Services,United States and Canada   ,25          ,0                 ,15              ,25                 ,65                           ,C
BKD        ,Health Care           ,United States and Canada   ,25          ,0                 ,15              ,0                  ,40                           ,F
PTEN       ,Energy                ,United States and Canada   ,25          ,25                ,5               ,25                 ,80                           ,B
LLBN       ,Financials            ,Europe                     ,0           ,0                 ,15              ,0                  ,15                           ,F
DKL        ,Energy                ,United States and Canada   ,25          ,0                 ,15              ,0                  ,40                           ,F
CON        ,Health Care           ,United States and Canada   ,25          ,25                ,5               ,0                  ,55                           ,D
CWT        ,Utilities             ,United States and Canada   ,25          ,0                 ,15              ,20                 ,60                           ,D
PHIN       ,Consumer Discretionary,United States and Canada   ,25          ,25                ,5               ,20                 ,75                           ,C
QFIN       ,Financials            ,Asia / Pacific             ,0           ,25                ,15              ,25                 ,65                           ,C
PRK        ,Financials            ,United States and Canada   ,25          ,25                ,15              ,25                 ,90                           ,B
GT         ,Consumer Discretionary,United States and Canada   ,25          ,0                 ,15              ,10                 ,50                           ,D
FFBC       ,Financials            ,United States and Canada   ,25          ,25                ,15              ,20                 ,85                           ,B
ZIM        ,Industrials           ,Africa / Middle East       ,25          ,25                ,5               ,10                 ,65                           ,C
NVA        ,Energy                ,United States and Canada   ,0           ,0                 ,15              ,25                 ,40                           ,F
SPNT       ,Financials            ,Latin America and Caribbean,25          ,0                 ,5               ,25                 ,55                           ,D
WAFD       ,Financials            ,United States and Canada   ,25          ,25                ,5               ,20                 ,75                           ,C
BTE        ,Energy                ,United States and Canada   ,25          ,25                ,5               ,20                 ,75                           ,C
AMBP       ,Materials             ,Europe                     ,25          ,15                ,5               ,25                 ,70                           ,C
KWR        ,Materials             ,United States and Canada   ,25          ,25                ,15              ,20                 ,85                           ,B
CMPO       ,Information Technology,United States and Canada   ,25          ,0                 ,15              ,25                 ,65                           ,C
POU        ,Energy                ,United States and Canada   ,0           ,0                 ,5               ,25                 ,30                           ,F
WBI        ,Energy                ,United States and Canada   ,0           ,0                 ,15              ,0                  ,15                           ,F
DXC        ,Information Technology,United States and Canada   ,25          ,0                 ,15              ,10                 ,50                           ,D
WDO        ,Materials             ,United States and Canada   ,0           ,0                 ,15              ,25                 ,40                           ,F
OLN        ,Materials             ,United States and Canada   ,25          ,5                 ,5               ,10                 ,45                           ,D
IHS        ,Communication Services,Europe                     ,0           ,0                 ,15              ,25                 ,40                           ,F
OI         ,Materials             ,United States and Canada   ,25          ,0                 ,15              ,0                  ,40                           ,F
HOG        ,Consumer Discretionary,United States and Canada   ,25          ,25                ,15              ,0                  ,65                           ,C
TGLS       ,Industrials           ,Latin America and Caribbean,25          ,25                ,15              ,25                 ,90                           ,B
DIOD       ,Information Technology,United States and Canada   ,25          ,0                 ,15              ,25                 ,65                           ,C
TRMK       ,Financials            ,United States and Canada   ,25          ,25                ,15              ,25                 ,90                           ,B
KSS        ,Consumer Discretionary,United States and Canada   ,25          ,25                ,5               ,10                 ,65                           ,C
LU         ,Financials            ,Asia / Pacific             ,25          ,25                ,5               ,25                 ,80                           ,B
GCMG       ,Financials            ,United States and Canada   ,25          ,25                ,15              ,25                 ,90                           ,B
MODG       ,Consumer Discretionary,United States and Canada   ,25          ,0                 ,15              ,10                 ,50                           ,D
HCI        ,Financials            ,United States and Canada   ,25          ,25                ,15              ,25                 ,90                           ,B
CHA        ,Consumer Discretionary,Asia / Pacific             ,0           ,0                 ,15              ,25                 ,40                           ,F
STNG       ,Energy                ,Europe                     ,25          ,25                ,15              ,25                 ,90                           ,B
KMPR       ,Financials            ,United States and Canada   ,25          ,25                ,5               ,20                 ,75                           ,C
UKW        ,Financials            ,Europe                     ,0           ,20                ,5               ,20                 ,45                           ,D
AAP        ,Consumer Discretionary,United States and Canada   ,25          ,0                 ,15              ,10                 ,50                           ,D
XRAY       ,Health Care           ,United States and Canada   ,25          ,5                 ,15              ,10                 ,55                           ,D
INSW       ,Energy                ,United States and Canada   ,25          ,25                ,15              ,25                 ,90                           ,B
CIVI       ,Energy                ,United States and Canada   ,25          ,25                ,5               ,20                 ,75                           ,C
GEO        ,Industrials           ,United States and Canada   ,25          ,0                 ,15              ,10                 ,50                           ,D
PLUS       ,Information Technology,United States and Canada   ,25          ,25                ,5               ,25                 ,80                           ,B
BBT        ,Financials            ,United States and Canada   ,0           ,20                ,15              ,10                 ,45                           ,D
MFI        ,Consumer Staples      ,United States and Canada   ,25          ,25                ,15              ,10                 ,75                           ,C
ATKR       ,Industrials           ,United States and Canada   ,25          ,25                ,15              ,20                 ,85                           ,B
HI         ,Industrials           ,United States and Canada   ,25          ,0                 ,5               ,10                 ,40                           ,F
KMT        ,Industrials           ,United States and Canada   ,25          ,20                ,5               ,25                 ,75                           ,C
NBTB       ,Financials            ,United States and Canada   ,25          ,25                ,15              ,25                 ,90                           ,B
SBLK       ,Industrials           ,Europe                     ,25          ,25                ,15              ,20                 ,85                           ,B
CECO       ,Industrials           ,United States and Canada   ,25          ,0                 ,15              ,20                 ,60                           ,D
OSW        ,Consumer Discretionary,Latin America and Caribbean,25          ,25                ,15              ,25                 ,90                           ,B
FRME       ,Financials            ,United States and Canada   ,25          ,25                ,15              ,20                 ,85                           ,B
ALG        ,Industrials           ,United States and Canada   ,25          ,25                ,15              ,25                 ,90                           ,B
HE         ,Utilities             ,United States and Canada   ,0           ,0                 ,15              ,0                  ,15                           ,F
FLO        ,Consumer Staples      ,United States and Canada   ,25          ,20                ,15              ,20                 ,80                           ,B
BANR       ,Financials            ,United States and Canada   ,25          ,25                ,15              ,25                 ,90                           ,B
STC        ,Financials            ,United States and Canada   ,25          ,25                ,15              ,25                 ,90                           ,B
FBNC       ,Financials            ,United States and Canada   ,25          ,25                ,15              ,25                 ,90                           ,B
SAH        ,Consumer Discretionary,United States and Canada   ,25          ,25                ,15              ,0                  ,65                           ,C
BUSE       ,Financials            ,United States and Canada   ,25          ,25                ,15              ,25                 ,90                           ,B
OCI        ,Financials            ,Latin America and Caribbean,0           ,0                 ,5               ,25                 ,30                           ,F
TRN        ,Industrials           ,United States and Canada   ,25          ,0                 ,5               ,0                  ,30                           ,F
SM         ,Energy                ,United States and Canada   ,25          ,0                 ,5               ,20                 ,50                           ,D
AORT       ,Health Care           ,United States and Canada   ,25          ,0                 ,15              ,10                 ,50                           ,D
CSGS       ,Industrials           ,United States and Canada   ,25          ,25                ,15              ,0                  ,65                           ,C
CRGY       ,Energy                ,United States and Canada   ,25          ,0                 ,15              ,20                 ,60                           ,D
HOFI       ,Financials            ,Europe                     ,25          ,25                ,5               ,10                 ,65                           ,C
HTH        ,Financials            ,United States and Canada   ,25          ,25                ,15              ,10                 ,75                           ,C
EPAC       ,Industrials           ,United States and Canada   ,25          ,25                ,5               ,20                 ,75                           ,C
VSH        ,Information Technology,United States and Canada   ,25          ,0                 ,15              ,20                 ,60                           ,D
POWI       ,Information Technology,United States and Canada   ,25          ,20                ,5               ,25                 ,75                           ,C
TSLX       ,Financials            ,United States and Canada   ,25          ,20                ,15              ,10                 ,70                           ,C
VAC        ,Consumer Discretionary,Europe                     ,0           ,0                 ,15              ,0                  ,15                           ,F
ATRO       ,Industrials           ,United States and Canada   ,25          ,0                 ,15              ,20                 ,60                           ,D
CCA        ,Communication Services,United States and Canada   ,25          ,25                ,15              ,10                 ,75                           ,C
TPB        ,Consumer Staples      ,United States and Canada   ,25          ,25                ,15              ,10                 ,75                           ,C
VAC        ,Consumer Discretionary,United States and Canada   ,25          ,0                 ,5               ,0                  ,30                           ,F
CXW        ,Industrials           ,United States and Canada   ,25          ,25                ,15              ,20                 ,85                           ,B
NTB        ,Financials            ,Latin America and Caribbean,25          ,25                ,15              ,25                 ,90                           ,B
SCANFL     ,Information Technology,Europe                     ,25          ,25                ,15              ,25                 ,90                           ,B
NOG        ,Energy                ,United States and Canada   ,25          ,0                 ,15              ,10                 ,50                           ,D
EFSC       ,Financials            ,United States and Canada   ,25          ,25                ,15              ,25                 ,90                           ,B
SRCE       ,Financials            ,United States and Canada   ,25          ,25                ,15              ,25                 ,90                           ,B
WD         ,Financials            ,United States and Canada   ,25          ,0                 ,15              ,20                 ,60                           ,D
IQ         ,Communication Services,Asia / Pacific             ,25          ,0                 ,15              ,10                 ,50                           ,D
ADEA       ,Information Technology,United States and Canada   ,25          ,25                ,5               ,10                 ,65                           ,C
FIHL       ,Financials            ,Latin America and Caribbean,25          ,0                 ,15              ,25                 ,65                           ,C
PRDO       ,Consumer Discretionary,United States and Canada   ,0           ,25                ,5               ,25                 ,55                           ,D
BUR        ,Financials            ,Europe                     ,25          ,15                ,15              ,20                 ,75                           ,C
IPCO       ,Energy                ,United States and Canada   ,25          ,0                 ,15              ,25                 ,65                           ,C
SYBT       ,Financials            ,United States and Canada   ,25          ,25                ,15              ,20                 ,85                           ,B
GRDN       ,Health Care           ,United States and Canada   ,25          ,0                 ,15              ,25                 ,65                           ,C
STRA       ,Consumer Discretionary,United States and Canada   ,25          ,25                ,5               ,25                 ,80                           ,B
WPK        ,Materials             ,United States and Canada   ,25          ,0                 ,5               ,25                 ,55                           ,D
TFIN       ,Financials            ,United States and Canada   ,25          ,0                 ,5               ,25                 ,55                           ,D
HNI        ,Industrials           ,United States and Canada   ,25          ,25                ,5               ,20                 ,75                           ,C
PRGO       ,Health Care           ,Europe                     ,25          ,20                ,15              ,20                 ,80                           ,B
GEL        ,Energy                ,United States and Canada   ,0           ,0                 ,5               ,0                  ,5                            ,F
KALU       ,Materials             ,United States and Canada   ,25          ,0                 ,5               ,10                 ,40                           ,F
IOSP       ,Materials             ,United States and Canada   ,25          ,15                ,15              ,25                 ,80                           ,B
OGN        ,Health Care           ,United States and Canada   ,25          ,25                ,15              ,0                  ,65                           ,C
SVM        ,Materials             ,United States and Canada   ,0           ,25                ,15              ,25                 ,65                           ,C
NWN        ,Utilities             ,United States and Canada   ,25          ,0                 ,15              ,10                 ,50                           ,D
MTX        ,Materials             ,United States and Canada   ,25          ,25                ,15              ,20                 ,85                           ,B
WERN       ,Industrials           ,United States and Canada   ,25          ,0                 ,15              ,25                 ,65                           ,C
PRKS       ,Consumer Discretionary,United States and Canada   ,25          ,0                 ,15              ,25                 ,65                           ,C
BLX        ,Utilities             ,United States and Canada   ,25          ,0                 ,15              ,0                  ,40                           ,F
MFEB       ,Communication Services,Europe                     ,25          ,25                ,15              ,25                 ,90                           ,B
CC         ,Materials             ,United States and Canada   ,25          ,0                 ,5               ,0                  ,30                           ,F
AGM        ,Financials            ,United States and Canada   ,25          ,25                ,5               ,0                  ,55                           ,D
EVTC       ,Financials            ,United States and Canada   ,25          ,25                ,15              ,10                 ,75                           ,C
EFX        ,Energy                ,United States and Canada   ,25          ,25                ,15              ,20                 ,85                           ,B
IRDM       ,Communication Services,United States and Canada   ,25          ,25                ,15              ,0                  ,65                           ,C
SLVM       ,Materials             ,United States and Canada   ,25          ,15                ,5               ,10                 ,55                           ,D
MNR        ,Energy                ,United States and Canada   ,25          ,0                 ,15              ,20                 ,60                           ,D
SEM        ,Health Care           ,United States and Canada   ,25          ,25                ,5               ,10                 ,65                           ,C
TCBK       ,Financials            ,United States and Canada   ,25          ,25                ,15              ,25                 ,90                           ,B
DHT        ,Energy                ,Latin America and Caribbean,25          ,15                ,15              ,25                 ,80                           ,B
HLIO       ,Industrials           ,United States and Canada   ,25          ,25                ,15              ,20                 ,85                           ,B
LMAT       ,Health Care           ,United States and Canada   ,25          ,25                ,15              ,20                 ,85                           ,B
HMN        ,Financials            ,United States and Canada   ,25          ,25                ,5               ,10                 ,65                           ,C
CEU        ,Energy                ,United States and Canada   ,25          ,25                ,15              ,20                 ,85                           ,B
CMRE       ,Industrials           ,Europe                     ,25          ,0                 ,5               ,20                 ,50                           ,D
ARCB       ,Industrials           ,United States and Canada   ,25          ,25                ,5               ,25                 ,80                           ,B
NIC        ,Financials            ,United States and Canada   ,25          ,25                ,15              ,25                 ,90                           ,B
OFG        ,Financials            ,United States and Canada   ,25          ,25                ,15              ,25                 ,90                           ,B
DK         ,Energy                ,United States and Canada   ,25          ,0                 ,5               ,0                  ,30                           ,F
HUN        ,Materials             ,United States and Canada   ,25          ,15                ,5               ,20                 ,65                           ,C
RAMP       ,Information Technology,United States and Canada   ,25          ,0                 ,15              ,25                 ,65                           ,C
BDGI       ,Industrials           ,United States and Canada   ,25          ,25                ,15              ,20                 ,85                           ,B
TNK        ,Energy                ,Latin America and Caribbean,25          ,0                 ,15              ,25                 ,65                           ,C
WT         ,Financials            ,United States and Canada   ,25          ,25                ,5               ,10                 ,65                           ,C
HTO        ,Utilities             ,United States and Canada   ,25          ,0                 ,15              ,10                 ,50                           ,D
ANDE       ,Consumer Staples      ,United States and Canada   ,25          ,25                ,15              ,20                 ,85                           ,B
FRU        ,Energy                ,United States and Canada   ,0           ,0                 ,15              ,25                 ,40                           ,F
NWBI       ,Financials            ,United States and Canada   ,25          ,5                 ,15              ,25                 ,70                           ,C
RUS        ,Industrials           ,United States and Canada   ,25          ,15                ,15              ,25                 ,80                           ,B
FCF        ,Financials            ,United States and Canada   ,25          ,25                ,15              ,25                 ,90                           ,B
NOMD       ,Consumer Staples      ,Europe                     ,25          ,25                ,15              ,20                 ,85                           ,B
FMC        ,Materials             ,United States and Canada   ,25          ,0                 ,5               ,20                 ,50                           ,D
AAMI       ,Financials            ,United States and Canada   ,25          ,0                 ,15              ,0                  ,40                           ,F
WS         ,Materials             ,United States and Canada   ,25          ,25                ,5               ,25                 ,80                           ,B
MCRI       ,Consumer Discretionary,United States and Canada   ,25          ,25                ,15              ,25                 ,90                           ,B
CHCO       ,Financials            ,United States and Canada   ,25          ,25                ,15              ,20                 ,85                           ,B
PRGS       ,Information Technology,United States and Canada   ,25          ,25                ,5               ,0                  ,55                           ,D
CCS        ,Consumer Discretionary,United States and Canada   ,25          ,25                ,5               ,20                 ,75                           ,C
DAC        ,Industrials           ,Europe                     ,25          ,25                ,15              ,25                 ,90                           ,B
FLOC       ,Energy                ,United States and Canada   ,25          ,5                 ,5               ,20                 ,55                           ,D
CDRE       ,Industrials           ,United States and Canada   ,25          ,25                ,15              ,20                 ,85                           ,B
JJSF       ,Consumer Staples      ,United States and Canada   ,25          ,15                ,5               ,25                 ,70                           ,C
UNIT       ,Communication Services,United States and Canada   ,25          ,0                 ,15              ,25                 ,65                           ,C
NWC        ,Consumer Staples      ,United States and Canada   ,25          ,20                ,15              ,20                 ,80                           ,B
CLMT       ,Energy                ,United States and Canada   ,25          ,0                 ,15              ,25                 ,65                           ,C
FDP        ,Consumer Staples      ,Latin America and Caribbean,25          ,25                ,5               ,25                 ,80                           ,B
CASH       ,Financials            ,United States and Canada   ,25          ,25                ,5               ,25                 ,80                           ,B
INVX       ,Energy                ,United States and Canada   ,0           ,0                 ,15              ,25                 ,40                           ,F
ANIP       ,Health Care           ,United States and Canada   ,25          ,0                 ,5               ,10                 ,40                           ,F
AZTA       ,Health Care           ,United States and Canada   ,25          ,0                 ,15              ,25                 ,65                           ,C
DXPE       ,Industrials           ,United States and Canada   ,25          ,0                 ,5               ,10                 ,40                           ,F
LOB        ,Financials            ,United States and Canada   ,25          ,25                ,5               ,25                 ,80                           ,B
PWP        ,Financials            ,United States and Canada   ,25          ,25                ,5               ,20                 ,75                           ,C
ICFI       ,Industrials           ,United States and Canada   ,25          ,25                ,5               ,20                 ,75                           ,C
ALGT       ,Industrials           ,United States and Canada   ,25          ,0                 ,15              ,10                 ,50                           ,D
ARCO       ,Consumer Discretionary,Latin America and Caribbean,25          ,0                 ,5               ,0                  ,30                           ,F
PBI        ,Industrials           ,United States and Canada   ,25          ,25                ,15              ,25                 ,90                           ,B
BLX        ,Financials            ,Latin America and Caribbean,0           ,0                 ,15              ,0                  ,15                           ,F
WLY        ,Communication Services,United States and Canada   ,25          ,25                ,5               ,10                 ,65                           ,C
STEL       ,Financials            ,United States and Canada   ,25          ,25                ,15              ,25                 ,90                           ,B
RCH        ,Industrials           ,United States and Canada   ,25          ,25                ,15              ,25                 ,90                           ,B
NSP        ,Industrials           ,United States and Canada   ,25          ,5                 ,5               ,0                  ,35                           ,F
TWFG       ,Financials            ,United States and Canada   ,25          ,25                ,5               ,25                 ,80                           ,B
DFH        ,Consumer Discretionary,United States and Canada   ,25          ,0                 ,5               ,20                 ,50                           ,D
DNTL       ,Health Care           ,United States and Canada   ,25          ,25                ,15              ,20                 ,85                           ,B
MBIN       ,Financials            ,United States and Canada   ,25          ,15                ,5               ,10                 ,55                           ,D
BHE        ,Information Technology,United States and Canada   ,25          ,25                ,5               ,25                 ,80                           ,B
HWX        ,Energy                ,United States and Canada   ,25          ,5                 ,15              ,25                 ,70                           ,C
NWL        ,Consumer Discretionary,United States and Canada   ,25          ,0                 ,5               ,10                 ,40                           ,F
LZB        ,Consumer Discretionary,United States and Canada   ,25          ,25                ,15              ,25                 ,90                           ,B
PAHC       ,Health Care           ,United States and Canada   ,25          ,20                ,15              ,0                  ,60                           ,D
WEN        ,Consumer Discretionary,United States and Canada   ,25          ,20                ,5               ,0                  ,50                           ,D
GSY        ,Financials            ,United States and Canada   ,25          ,0                 ,15              ,0                  ,40                           ,F
ADNT       ,Consumer Discretionary,Europe                     ,25          ,0                 ,15              ,10                 ,50                           ,D
LOMA       ,Materials             ,Latin America and Caribbean,25          ,0                 ,15              ,25                 ,65                           ,C
STBA       ,Financials            ,United States and Canada   ,25          ,25                ,15              ,25                 ,90                           ,B
PLTK       ,Communication Services,Africa / Middle East       ,25          ,25                ,15              ,25                 ,90                           ,B
WWW        ,Consumer Discretionary,United States and Canada   ,25          ,20                ,5               ,0                  ,50                           ,D
WINA       ,Consumer Discretionary,United States and Canada   ,0           ,25                ,5               ,25                 ,55                           ,D
ROCK       ,Industrials           ,United States and Canada   ,25          ,0                 ,15              ,25                 ,65                           ,C
NMM        ,Industrials           ,Europe                     ,25          ,0                 ,5               ,20                 ,50                           ,D
ARHS       ,Consumer Discretionary,United States and Canada   ,25          ,25                ,5               ,10                 ,65                           ,C
DCO        ,Industrials           ,United States and Canada   ,25          ,0                 ,15              ,25                 ,65                           ,C
INVA       ,Health Care           ,United States and Canada   ,0           ,0                 ,15              ,20                 ,35                           ,F
LEG        ,Consumer Discretionary,United States and Canada   ,25          ,25                ,15              ,0                  ,65                           ,C
UTI        ,Consumer Discretionary,United States and Canada   ,25          ,0                 ,15              ,20                 ,60                           ,D
TRS        ,Materials             ,United States and Canada   ,25          ,25                ,5               ,20                 ,75                           ,C
FUN        ,Consumer Discretionary,United States and Canada   ,25          ,0                 ,15              ,0                  ,40                           ,F
GABC       ,Financials            ,United States and Canada   ,25          ,25                ,15              ,25                 ,90                           ,B
EXE        ,Health Care           ,United States and Canada   ,25          ,25                ,15              ,0                  ,65                           ,C
NBHC       ,Financials            ,United States and Canada   ,25          ,25                ,15              ,25                 ,90                           ,B
HIMX       ,Information Technology,Asia / Pacific             ,25          ,25                ,5               ,20                 ,75                           ,C
NSSC       ,Information Technology,United States and Canada   ,0           ,25                ,5               ,25                 ,55                           ,D
ARE        ,Industrials           ,United States and Canada   ,25          ,0                 ,15              ,25                 ,65                           ,C
JKS        ,Information Technology,Asia / Pacific             ,25          ,0                 ,15              ,10                 ,50                           ,D
INGA       ,Financials            ,Europe                     ,25          ,0                 ,15              ,0                  ,40                           ,F
GBX        ,Industrials           ,United States and Canada   ,25          ,0                 ,15              ,10                 ,50                           ,D
ASML       ,Information Technology,Europe                     ,25          ,25                ,15              ,25                 ,90                           ,B
SESGL      ,Communication Services,Europe                     ,25          ,0                 ,15              ,10                 ,50                           ,D
MC         ,Consumer Discretionary,Europe                     ,0           ,25                ,5               ,20                 ,50                           ,D
ROG        ,Health Care           ,Europe                     ,0           ,25                ,15              ,10                 ,50                           ,D
SAP        ,Information Technology,Europe                     ,25          ,25                ,15              ,25                 ,90                           ,B
AZN        ,Health Care           ,Europe                     ,25          ,25                ,15              ,20                 ,85                           ,B
HSBA       ,Financials            ,Europe                     ,0           ,0                 ,15              ,0                  ,15                           ,F
NOVN       ,Health Care           ,Europe                     ,25          ,25                ,15              ,20                 ,85                           ,B
ASMDEEB    ,Consumer Discretionary,Europe                     ,25          ,0                 ,15              ,25                 ,65                           ,C
RMS        ,Consumer Discretionary,Europe                     ,0           ,25                ,15              ,25                 ,65                           ,C
NESN       ,Consumer Staples      ,Europe                     ,0           ,15                ,15              ,10                 ,40                           ,F
NOVOB      ,Health Care           ,Europe                     ,25          ,15                ,15              ,20                 ,75                           ,C
OR         ,Consumer Staples      ,Europe                     ,0           ,20                ,15              ,25                 ,60                           ,D
SIE        ,Industrials           ,Europe                     ,25          ,25                ,15              ,20                 ,85                           ,B
SHEL       ,Energy                ,Europe                     ,25          ,25                ,5               ,25                 ,80                           ,B
ITX        ,Consumer Discretionary,Europe                     ,25          ,0                 ,15              ,25                 ,65                           ,C
AIR        ,Industrials           ,Europe                     ,25          ,25                ,15              ,20                 ,85                           ,B
SAN        ,Financials            ,Europe                     ,25          ,25                ,15              ,0                  ,65                           ,C
ALV        ,Financials            ,Europe                     ,25          ,0                 ,15              ,20                 ,60                           ,D
SU         ,Industrials           ,Europe                     ,0           ,20                ,15              ,20                 ,55                           ,D
DTE        ,Communication Services,Europe                     ,25          ,25                ,15              ,10                 ,75                           ,C
SAF        ,Industrials           ,Europe                     ,0           ,25                ,15              ,25                 ,65                           ,C
UBSG       ,Financials            ,Europe                     ,25          ,25                ,15              ,0                  ,65                           ,C
IBE        ,Utilities             ,Europe                     ,25          ,0                 ,15              ,20                 ,60                           ,D
EL         ,Health Care           ,Europe                     ,0           ,25                ,15              ,25                 ,65                           ,C
PRX        ,Consumer Discretionary,Europe                     ,0           ,25                ,15              ,25                 ,65                           ,C
ULVR       ,Consumer Staples      ,Europe                     ,0           ,15                ,5               ,10                 ,30                           ,F
RIO        ,Materials             ,Europe                     ,0           ,5                 ,15              ,25                 ,45                           ,D
ABBN       ,Industrials           ,Europe                     ,25          ,25                ,15              ,20                 ,85                           ,B
TTE        ,Energy                ,Europe                     ,25          ,20                ,15              ,25                 ,85                           ,B
RR         ,Industrials           ,Europe                     ,0           ,25                ,15              ,25                 ,65                           ,C
BBVA       ,Financials            ,Europe                     ,25          ,5                 ,15              ,0                  ,45                           ,D
UCG        ,Financials            ,Europe                     ,25          ,0                 ,15              ,0                  ,40                           ,F
CFR        ,Consumer Discretionary,Europe                     ,0           ,25                ,15              ,20                 ,60                           ,D
ENR        ,Industrials           ,Europe                     ,25          ,0                 ,15              ,25                 ,65                           ,C
ABI        ,Consumer Staples      ,Europe                     ,25          ,0                 ,15              ,20                 ,60                           ,D
ISP        ,Financials            ,Europe                     ,25          ,0                 ,15              ,0                  ,40                           ,F
BATS       ,Consumer Staples      ,Europe                     ,0           ,20                ,15              ,20                 ,55                           ,D
SAN        ,Health Care           ,Europe                     ,25          ,20                ,15              ,25                 ,85                           ,B
INVEA      ,Financials            ,Europe                     ,0           ,15                ,15              ,25                 ,55                           ,D
ZURN       ,Financials            ,Europe                     ,0           ,15                ,15              ,20                 ,50                           ,D
ENEL       ,Utilities             ,Europe                     ,25          ,5                 ,5               ,10                 ,45                           ,D
AI         ,Materials             ,Europe                     ,0           ,15                ,15              ,25                 ,55                           ,D
BNP        ,Financials            ,Europe                     ,25          ,0                 ,15              ,0                  ,40                           ,F
GSK        ,Health Care           ,Europe                     ,25          ,25                ,15              ,10                 ,75                           ,C
CS         ,Financials            ,Europe                     ,0           ,25                ,5               ,10                 ,40                           ,F
RHM        ,Industrials           ,Europe                     ,25          ,0                 ,15              ,20                 ,60                           ,D
BARC       ,Financials            ,Europe                     ,25          ,0                 ,15              ,0                  ,40                           ,F
BP         ,Energy                ,Europe                     ,25          ,25                ,15              ,20                 ,85                           ,B
ATCOA      ,Industrials           ,Europe                     ,25          ,25                ,15              ,25                 ,90                           ,B
CABK       ,Financials            ,Europe                     ,25          ,0                 ,15              ,0                  ,40                           ,F
MUV2       ,Financials            ,Europe                     ,25          ,0                 ,15              ,25                 ,65                           ,C
DG         ,Industrials           ,Europe                     ,0           ,25                ,15              ,10                 ,50                           ,D
LLOY       ,Financials            ,Europe                     ,25          ,0                 ,15              ,0                  ,40                           ,F
NG         ,Utilities             ,Europe                     ,0           ,0                 ,15              ,10                 ,25                           ,F
REL        ,Industrials           ,Europe                     ,0           ,25                ,15              ,10                 ,50                           ,D
DBK        ,Financials            ,Europe                     ,25          ,0                 ,15              ,0                  ,40                           ,F
BA         ,Industrials           ,Europe                     ,0           ,25                ,15              ,20                 ,60                           ,D
NWG        ,Financials            ,Europe                     ,25          ,0                 ,15              ,0                  ,40                           ,F
KARN       ,Industrials           ,Europe                     ,0           ,15                ,15              ,25                 ,55                           ,D
MBG        ,Consumer Discretionary,Europe                     ,25          ,25                ,5               ,10                 ,65                           ,C
BMW        ,Consumer Discretionary,Europe                     ,25          ,0                 ,5               ,10                 ,40                           ,F
RACE       ,Consumer Discretionary,Europe                     ,25          ,25                ,15              ,20                 ,85                           ,B
GLEN       ,Materials             ,Europe                     ,0           ,0                 ,5               ,10                 ,15                           ,F
VOLVB      ,Industrials           ,Europe                     ,25          ,20                ,15              ,10                 ,70                           ,C
NDAFI      ,Financials            ,Europe                     ,25          ,0                 ,15              ,0                  ,40                           ,F
ENGI       ,Utilities             ,Europe                     ,0           ,0                 ,5               ,10                 ,15                           ,F
G          ,Financials            ,Europe                     ,25          ,25                ,15              ,10                 ,75                           ,C
MRK        ,Health Care           ,Europe                     ,25          ,25                ,15              ,25                 ,90                           ,B
LSEG       ,Financials            ,Europe                     ,0           ,25                ,15              ,25                 ,65                           ,C
DHL        ,Industrials           ,Europe                     ,25          ,25                ,5               ,20                 ,75                           ,C
IFX        ,Information Technology,Europe                     ,25          ,25                ,15              ,25                 ,90                           ,B
DSV        ,Industrials           ,Europe                     ,25          ,25                ,5               ,20                 ,75                           ,C
EQNR       ,Energy                ,Europe                     ,25          ,20                ,5               ,20                 ,70                           ,C
HO         ,Industrials           ,Europe                     ,0           ,25                ,15              ,10                 ,50                           ,D
ENI        ,Energy                ,Europe                     ,25          ,15                ,15              ,20                 ,75                           ,C
SHL        ,Health Care           ,Europe                     ,25          ,25                ,15              ,20                 ,85                           ,B
BN         ,Consumer Staples      ,Europe                     ,0           ,25                ,15              ,20                 ,60                           ,D
RKT        ,Consumer Staples      ,Europe                     ,0           ,20                ,15              ,10                 ,45                           ,D
CPG        ,Consumer Discretionary,Europe                     ,0           ,25                ,15              ,20                 ,60                           ,D
HOLN       ,Materials             ,Europe                     ,0           ,20                ,5               ,25                 ,50                           ,D
KBC        ,Financials            ,Europe                     ,25          ,25                ,15              ,0                  ,65                           ,C
UCB        ,Health Care           ,Europe                     ,0           ,25                ,15              ,25                 ,65                           ,C
EOAN       ,Utilities             ,Europe                     ,25          ,0                 ,15              ,10                 ,50                           ,D
P911       ,Consumer Discretionary,Europe                     ,25          ,15                ,5               ,25                 ,70                           ,C
SGO        ,Industrials           ,Europe                     ,0           ,25                ,15              ,20                 ,60                           ,D
DGE        ,Consumer Staples      ,Europe                     ,25          ,15                ,15              ,10                 ,65                           ,C
SREN       ,Financials            ,Europe                     ,25          ,0                 ,15              ,25                 ,65                           ,C
GALD       ,Health Care           ,Europe                     ,0           ,25                ,15              ,25                 ,65                           ,C
DB1        ,Financials            ,Europe                     ,25          ,0                 ,15              ,20                 ,60                           ,D
FER        ,Industrials           ,Europe                     ,25          ,25                ,15              ,10                 ,75                           ,C
LONN       ,Health Care           ,Europe                     ,0           ,0                 ,15              ,20                 ,35                           ,F
CBK        ,Financials            ,Europe                     ,25          ,0                 ,15              ,0                  ,40                           ,F
ANTO       ,Materials             ,Europe                     ,0           ,0                 ,15              ,25                 ,40                           ,F
AAL        ,Materials             ,Europe                     ,0           ,20                ,5               ,20                 ,45                           ,D
SPOL       ,Financials            ,Europe                     ,25          ,25                ,5               ,0                  ,55                           ,D
HEI        ,Materials             ,Europe                     ,0           ,25                ,15              ,25                 ,65                           ,C
BAS        ,Materials             ,Europe                     ,25          ,0                 ,15              ,20                 ,60                           ,D
EQT        ,Financials            ,Europe                     ,0           ,0                 ,15              ,25                 ,40                           ,F
HLN        ,Health Care           ,Europe                     ,25          ,25                ,15              ,20                 ,85                           ,B
HEIA       ,Consumer Staples      ,Europe                     ,0           ,25                ,5               ,20                 ,50                           ,D
ORA        ,Communication Services,Europe                     ,0           ,15                ,5               ,10                 ,30                           ,F
BAYN       ,Health Care           ,Europe                     ,25          ,25                ,15              ,10                 ,75                           ,C
KER        ,Consumer Discretionary,Europe                     ,0           ,20                ,5               ,10                 ,35                           ,F
III        ,Financials            ,Europe                     ,0           ,15                ,15              ,25                 ,55                           ,D
ASSAB      ,Industrials           ,Europe                     ,25          ,25                ,15              ,20                 ,85                           ,B
AENA       ,Industrials           ,Europe                     ,25          ,20                ,15              ,20                 ,80                           ,B
SEBA       ,Financials            ,Europe                     ,25          ,0                 ,5               ,0                  ,30                           ,F
EXPN       ,Industrials           ,Europe                     ,0           ,25                ,15              ,10                 ,50                           ,D
SAND       ,Industrials           ,Europe                     ,25          ,25                ,5               ,25                 ,80                           ,B
DANSKE     ,Financials            ,Europe                     ,25          ,0                 ,15              ,0                  ,40                           ,F
DNB        ,Financials            ,Europe                     ,25          ,0                 ,5               ,0                  ,30                           ,F
PRU        ,Financials            ,Asia / Pacific             ,0           ,25                ,15              ,25                 ,65                           ,C
SWEDA      ,Financials            ,Europe                     ,25          ,5                 ,5               ,0                  ,35                           ,F
TRE        ,Energy                ,Europe                     ,25          ,0                 ,15              ,0                  ,40                           ,F
RWE        ,Utilities             ,Europe                     ,25          ,0                 ,15              ,20                 ,60                           ,D
SCHN       ,Industrials           ,Europe                     ,25          ,0                 ,15              ,25                 ,65                           ,C
LR         ,Industrials           ,Europe                     ,25          ,25                ,15              ,20                 ,85                           ,B
CCEP       ,Consumer Staples      ,Europe                     ,0           ,25                ,15              ,10                 ,50                           ,D
ALC        ,Health Care           ,Europe                     ,25          ,25                ,5               ,25                 ,80                           ,B
ELE        ,Utilities             ,Europe                     ,25          ,20                ,15              ,10                 ,70                           ,C
TSCO       ,Consumer Staples      ,Europe                     ,0           ,20                ,15              ,10                 ,45                           ,D
SCMN       ,Communication Services,Europe                     ,25          ,25                ,15              ,10                 ,75                           ,C
KNEBV      ,Industrials           ,Europe                     ,25          ,15                ,5               ,25                 ,70                           ,C
DSY        ,Information Technology,Europe                     ,25          ,25                ,15              ,25                 ,90                           ,B
RYA        ,Industrials           ,Europe                     ,25          ,25                ,15              ,25                 ,90                           ,B
SSE        ,Utilities             ,Europe                     ,0           ,0                 ,15              ,20                 ,35                           ,F
LDO        ,Industrials           ,Europe                     ,25          ,25                ,15              ,25                 ,90                           ,B
NOKIA      ,Information Technology,Europe                     ,25          ,20                ,5               ,25                 ,75                           ,C
HNR1       ,Financials            ,Europe                     ,25          ,25                ,15              ,25                 ,90                           ,B
GIVN       ,Materials             ,Europe                     ,0           ,20                ,15              ,10                 ,45                           ,D
AD         ,Consumer Staples      ,Europe                     ,25          ,25                ,15              ,10                 ,75                           ,C
ADS        ,Consumer Discretionary,Europe                     ,25          ,15                ,15              ,20                 ,75                           ,C
MT         ,Materials             ,Europe                     ,25          ,0                 ,15              ,25                 ,65                           ,C
SAABB      ,Industrials           ,Europe                     ,25          ,25                ,15              ,25                 ,90                           ,B
MAERSKB    ,Industrials           ,Europe                     ,25          ,25                ,5               ,25                 ,80                           ,B
FRES       ,Materials             ,Latin America and Caribbean,0           ,25                ,15              ,25                 ,65                           ,C
TLX        ,Financials            ,Europe                     ,25          ,0                 ,15              ,25                 ,65                           ,C
DTG        ,Industrials           ,Europe                     ,25          ,25                ,5               ,10                 ,65                           ,C
OTP        ,Financials            ,Europe                     ,25          ,0                 ,15              ,10                 ,50                           ,D
CEZ        ,Utilities             ,Europe                     ,25          ,5                 ,15              ,20                 ,65                           ,C
PGHN       ,Financials            ,Europe                     ,0           ,5                 ,15              ,20                 ,40                           ,F
PST        ,Financials            ,Europe                     ,25          ,20                ,15              ,0                  ,60                           ,D
SLHN       ,Financials            ,Europe                     ,0           ,20                ,15              ,10                 ,45                           ,D
LISN       ,Consumer Staples      ,Europe                     ,0           ,15                ,15              ,25                 ,55                           ,D
SIKA       ,Materials             ,Europe                     ,25          ,0                 ,15              ,20                 ,60                           ,D
ASM        ,Information Technology,Europe                     ,25          ,25                ,15              ,25                 ,90                           ,B
BMPS       ,Financials            ,Europe                     ,25          ,0                 ,15              ,10                 ,50                           ,D
IMB        ,Consumer Staples      ,Europe                     ,0           ,25                ,5               ,10                 ,40                           ,F
ERICB      ,Information Technology,Europe                     ,25          ,25                ,15              ,25                 ,90                           ,B
STLAM      ,Consumer Discretionary,Europe                     ,0           ,0                 ,5               ,25                 ,30                           ,F
PKN        ,Energy                ,Europe                     ,25          ,15                ,5               ,25                 ,70                           ,C
AMS        ,Consumer Discretionary,Europe                     ,25          ,25                ,15              ,20                 ,85                           ,B
SAMPO      ,Financials            ,Europe                     ,25          ,20                ,15              ,25                 ,85                           ,B
HMB        ,Consumer Discretionary,Europe                     ,25          ,20                ,15              ,10                 ,70                           ,C
VOD        ,Communication Services,Europe                     ,0           ,25                ,5               ,10                 ,40                           ,F
FRE        ,Health Care           ,Europe                     ,25          ,20                ,5               ,20                 ,70                           ,C
HEXAB      ,Information Technology,Europe                     ,25          ,25                ,15              ,25                 ,90                           ,B
SDZ        ,Health Care           ,Europe                     ,0           ,20                ,15              ,20                 ,55                           ,D
AMRZ       ,Materials             ,Europe                     ,0           ,0                 ,15              ,20                 ,35                           ,F
HOT        ,Industrials           ,Europe                     ,25          ,25                ,15              ,0                  ,65                           ,C
PRY        ,Industrials           ,Europe                     ,25          ,25                ,15              ,10                 ,75                           ,C
PKO        ,Financials            ,Europe                     ,25          ,0                 ,15              ,20                 ,60                           ,D
AHT        ,Industrials           ,Europe                     ,25          ,25                ,15              ,10                 ,75                           ,C
SHBA       ,Financials            ,Europe                     ,25          ,15                ,5               ,0                  ,45                           ,D
ABN        ,Financials            ,Europe                     ,25          ,0                 ,15              ,0                  ,40                           ,F
NSISB      ,Materials             ,Europe                     ,25          ,20                ,5               ,25                 ,75                           ,C
NTGY       ,Utilities             ,Europe                     ,0           ,0                 ,15              ,10                 ,25                           ,F
VWS        ,Industrials           ,Europe                     ,25          ,25                ,15              ,20                 ,85                           ,B
CAP        ,Information Technology,Europe                     ,0           ,25                ,15              ,20                 ,60                           ,D
AV         ,Financials            ,Europe                     ,0           ,25                ,5               ,10                 ,40                           ,F
BPE        ,Financials            ,Europe                     ,25          ,0                 ,15              ,0                  ,40                           ,F
VLK        ,Financials            ,Europe                     ,0           ,0                 ,5               ,10                 ,15                           ,F
GEBN       ,Industrials           ,Europe                     ,25          ,20                ,15              ,10                 ,70                           ,C
EPIA       ,Industrials           ,Europe                     ,25          ,25                ,5               ,20                 ,75                           ,C
ORSTED     ,Utilities             ,Europe                     ,25          ,0                 ,15              ,10                 ,50                           ,D
AM         ,Industrials           ,Europe                     ,0           ,25                ,15              ,25                 ,65                           ,C
PHIA       ,Health Care           ,Europe                     ,25          ,25                ,15              ,20                 ,85                           ,B
IAG        ,Industrials           ,Europe                     ,25          ,0                 ,15              ,0                  ,40                           ,F
ACS        ,Industrials           ,Europe                     ,25          ,25                ,15              ,0                  ,65                           ,C
KNIN       ,Industrials           ,Europe                     ,25          ,15                ,5               ,20                 ,65                           ,C
PUB        ,Communication Services,Europe                     ,0           ,25                ,15              ,25                 ,65                           ,C
VIE        ,Utilities             ,Europe                     ,0           ,20                ,15              ,10                 ,45                           ,D
VER        ,Utilities             ,Europe                     ,25          ,5                 ,5               ,25                 ,60                           ,D
STMPA      ,Information Technology,Europe                     ,25          ,0                 ,5               ,25                 ,55                           ,D
DIM        ,Health Care           ,Europe                     ,25          ,25                ,15              ,20                 ,85                           ,B
WKL        ,Industrials           ,Europe                     ,0           ,25                ,15              ,0                  ,40                           ,F
KOG        ,Industrials           ,Europe                     ,25          ,25                ,15              ,25                 ,90                           ,B
BEI        ,Consumer Staples      ,Europe                     ,0           ,15                ,15              ,25                 ,55                           ,D
BTA        ,Communication Services,Europe                     ,0           ,25                ,15              ,10                 ,50                           ,D
HLAG       ,Industrials           ,Europe                     ,25          ,15                ,5               ,25                 ,70                           ,C
A5G        ,Financials            ,Europe                     ,0           ,5                 ,5               ,20                 ,30                           ,F
MTX        ,Industrials           ,Europe                     ,25          ,25                ,5               ,20                 ,75                           ,C
ML         ,Consumer Discretionary,Europe                     ,0           ,20                ,5               ,25                 ,50                           ,D
TEF        ,Communication Services,Europe                     ,25          ,25                ,5               ,0                  ,55                           ,D
SGSN       ,Industrials           ,Europe                     ,0           ,25                ,15              ,0                  ,40                           ,F
REP        ,Energy                ,Europe                     ,25          ,20                ,5               ,25                 ,75                           ,C
SRG        ,Utilities             ,Europe                     ,25          ,0                 ,15              ,0                  ,40                           ,F
RI         ,Consumer Staples      ,Europe                     ,0           ,5                 ,5               ,20                 ,30                           ,F
WRT1V      ,Industrials           ,Europe                     ,25          ,25                ,15              ,25                 ,90                           ,B
TRN        ,Utilities             ,Europe                     ,25          ,0                 ,15              ,10                 ,50                           ,D
ALFA       ,Industrials           ,Europe                     ,25          ,20                ,15              ,25                 ,85                           ,B
CLNX       ,Communication Services,Europe                     ,25          ,0                 ,15              ,10                 ,50                           ,D
NN         ,Financials            ,Europe                     ,0           ,0                 ,5               ,20                 ,25                           ,F
ABF        ,Consumer Staples      ,Europe                     ,0           ,25                ,15              ,25                 ,65                           ,C
TEN        ,Energy                ,Europe                     ,25          ,20                ,15              ,25                 ,85                           ,B
DSFIR      ,Materials             ,Europe                     ,0           ,15                ,5               ,25                 ,45                           ,D
IHG        ,Consumer Discretionary,Europe                     ,0           ,25                ,15              ,25                 ,65                           ,C
EN         ,Industrials           ,Europe                     ,0           ,25                ,15              ,10                 ,50                           ,D
LGEN       ,Financials            ,Europe                     ,0           ,0                 ,5               ,0                  ,5                            ,F
HEIO       ,Consumer Staples      ,Europe                     ,0           ,25                ,5               ,20                 ,50                           ,D
TEL        ,Communication Services,Europe                     ,25          ,15                ,15              ,10                 ,65                           ,C
ESSITYB    ,Consumer Staples      ,Europe                     ,25          ,15                ,15              ,20                 ,75                           ,C
FORTUM     ,Utilities             ,Europe                     ,25          ,0                 ,5               ,20                 ,50                           ,D
EDP        ,Utilities             ,Europe                     ,25          ,0                 ,15              ,10                 ,50                           ,D
INDUA      ,Financials            ,Europe                     ,0           ,25                ,15              ,25                 ,65                           ,C
COLOB      ,Health Care           ,Europe                     ,25          ,15                ,5               ,10                 ,55                           ,D
BIRG       ,Financials            ,Europe                     ,0           ,0                 ,5               ,10                 ,15                           ,F
EXO        ,Financials            ,Europe                     ,0           ,25                ,15              ,25                 ,65                           ,C
STMN       ,Health Care           ,Europe                     ,0           ,25                ,15              ,25                 ,65                           ,C
OMV        ,Energy                ,Europe                     ,25          ,5                 ,15              ,25                 ,70                           ,C
CVC        ,Financials            ,Europe                     ,0           ,25                ,15              ,10                 ,50                           ,D
COSH       ,Energy                ,Europe                     ,0           ,0                 ,15              ,25                 ,40                           ,F
KBX        ,Industrials           ,Europe                     ,25          ,25                ,15              ,10                 ,75                           ,C
NESTE      ,Energy                ,Europe                     ,25          ,15                ,5               ,20                 ,65                           ,C
SRT3       ,Health Care           ,Europe                     ,25          ,25                ,15              ,10                 ,75                           ,C
HLMA       ,Information Technology,Europe                     ,0           ,25                ,15              ,25                 ,65                           ,C
8TRA       ,Industrials           ,Europe                     ,25          ,0                 ,5               ,10                 ,40                           ,F
JDEP       ,Consumer Staples      ,Europe                     ,0           ,25                ,15              ,20                 ,60                           ,D
RAT        ,Financials            ,Europe                     ,0           ,25                ,15              ,25                 ,65                           ,C
AAF        ,Communication Services,Europe                     ,25          ,25                ,15              ,0                  ,65                           ,C
KPN        ,Communication Services,Europe                     ,25          ,20                ,5               ,0                  ,50                           ,D
TUB        ,Health Care           ,Europe                     ,0           ,0                 ,5               ,25                 ,30                           ,F
CARLB      ,Consumer Staples      ,Europe                     ,0           ,25                ,15              ,10                 ,50                           ,D
UNI        ,Financials            ,Europe                     ,25          ,25                ,15              ,20                 ,85                           ,B
MONC       ,Consumer Discretionary,Europe                     ,0           ,20                ,5               ,25                 ,50                           ,D
AMUN       ,Financials            ,Europe                     ,25          ,0                 ,15              ,10                 ,50                           ,D
BMED       ,Financials            ,Europe                     ,25          ,0                 ,15              ,10                 ,50                           ,D
MB         ,Financials            ,Europe                     ,25          ,0                 ,15              ,0                  ,40                           ,F
BAER       ,Financials            ,Europe                     ,0           ,25                ,15              ,0                  ,40                           ,F
TELIA      ,Communication Services,Europe                     ,25          ,15                ,15              ,10                 ,65                           ,C
VSURE      ,Industrials           ,Europe                     ,0           ,0                 ,15              ,10                 ,25                           ,F
LIFCOB     ,Industrials           ,Europe                     ,25          ,25                ,5               ,20                 ,75                           ,C
BOL        ,Materials             ,Europe                     ,25          ,0                 ,15              ,25                 ,65                           ,C
GNC        ,Consumer Staples      ,Europe                     ,0           ,25                ,15              ,25                 ,65                           ,C
KGH        ,Materials             ,Europe                     ,25          ,0                 ,15              ,25                 ,65                           ,C
UN0        ,Utilities             ,Europe                     ,25          ,0                 ,5               ,25                 ,55                           ,D
VACN       ,Industrials           ,Europe                     ,0           ,15                ,15              ,25                 ,55                           ,D
PZU        ,Financials            ,Europe                     ,25          ,25                ,15              ,20                 ,85                           ,B
FBK        ,Financials            ,Europe                     ,25          ,0                 ,15              ,20                 ,60                           ,D
PUIG       ,Consumer Staples      ,Europe                     ,0           ,25                ,15              ,20                 ,60                           ,D
EMSN       ,Materials             ,Europe                     ,0           ,15                ,15              ,25                 ,55                           ,D
AKSO       ,Energy                ,Europe                     ,25          ,0                 ,5               ,25                 ,55                           ,D
AKRBP      ,Energy                ,Europe                     ,25          ,0                 ,15              ,20                 ,60                           ,D
NHY        ,Materials             ,Europe                     ,25          ,25                ,15              ,25                 ,90                           ,B
BOL        ,Energy                ,Europe                     ,0           ,0                 ,15              ,25                 ,40                           ,F
CON        ,Consumer Discretionary,Europe                     ,25          ,25                ,15              ,25                 ,90                           ,B
SPL        ,Financials            ,Europe                     ,25          ,20                ,15              ,20                 ,80                           ,B
BCP        ,Financials            ,Europe                     ,25          ,25                ,15              ,20                 ,85                           ,B
MUX        ,Financials            ,Europe                     ,25          ,0                 ,15              ,10                 ,50                           ,D
EDPR       ,Utilities             ,Europe                     ,25          ,0                 ,15              ,20                 ,60                           ,D
SOON       ,Health Care           ,Europe                     ,0           ,25                ,15              ,20                 ,60                           ,D
BIM        ,Health Care           ,Europe                     ,0           ,0                 ,15              ,25                 ,40                           ,F
KRX        ,Industrials           ,Europe                     ,0           ,25                ,15              ,20                 ,60                           ,D
PEO        ,Financials            ,Europe                     ,25          ,0                 ,5               ,20                 ,50                           ,D
LATOB      ,Industrials           ,Europe                     ,0           ,15                ,5               ,25                 ,45                           ,D
YSN        ,Information Technology,Europe                     ,0           ,25                ,15              ,25                 ,65                           ,C
UPM        ,Materials             ,Europe                     ,25          ,15                ,15              ,25                 ,80                           ,B
INF        ,Communication Services,Europe                     ,0           ,25                ,15              ,20                 ,60                           ,D
JMT        ,Consumer Staples      ,Europe                     ,25          ,25                ,15              ,10                 ,75                           ,C
TRYG       ,Financials            ,Europe                     ,25          ,20                ,15              ,25                 ,85                           ,B
HAL        ,Financials            ,Europe                     ,0           ,25                ,15              ,25                 ,65                           ,C
RTO        ,Industrials           ,Europe                     ,0           ,25                ,5               ,20                 ,50                           ,D
ASRNL      ,Financials            ,Europe                     ,0           ,0                 ,15              ,10                 ,25                           ,F
BKT        ,Financials            ,Europe                     ,25          ,0                 ,15              ,10                 ,50                           ,D
ENX        ,Financials            ,Europe                     ,25          ,25                ,15              ,20                 ,85                           ,B
GJF        ,Financials            ,Europe                     ,25          ,15                ,15              ,25                 ,80                           ,B
METSO      ,Industrials           ,Europe                     ,25          ,20                ,15              ,20                 ,80                           ,B
LOGN       ,Information Technology,Europe                     ,25          ,25                ,15              ,25                 ,90                           ,B
SNP        ,Energy                ,Europe                     ,25          ,0                 ,15              ,25                 ,65                           ,C
ALO        ,Industrials           ,Europe                     ,0           ,0                 ,15              ,25                 ,40                           ,F
ETE        ,Financials            ,Europe                     ,25          ,0                 ,15              ,20                 ,60                           ,D
ELI        ,Utilities             ,Europe                     ,0           ,0                 ,15              ,0                  ,15                           ,F
NONG       ,Financials            ,Europe                     ,25          ,0                 ,5               ,10                 ,40                           ,F
BVI        ,Industrials           ,Europe                     ,0           ,25                ,15              ,10                 ,50                           ,D
D05        ,Financials            ,Asia / Pacific             ,25          ,0                 ,15              ,0                  ,40                           ,F
BESI       ,Information Technology,Europe                     ,25          ,15                ,15              ,10                 ,65                           ,C
HBAN       ,Financials            ,Europe                     ,0           ,25                ,15              ,20                 ,60                           ,D
PAH3       ,Consumer Discretionary,Europe                     ,25          ,15                ,15              ,25                 ,80                           ,B
SQN        ,Financials            ,Europe                     ,0           ,25                ,15              ,25                 ,65                           ,C
SN         ,Health Care           ,Europe                     ,0           ,25                ,15              ,20                 ,60                           ,D
FGR        ,Industrials           ,Europe                     ,0           ,25                ,15              ,0                  ,40                           ,F
KRZ        ,Consumer Staples      ,Europe                     ,0           ,25                ,15              ,20                 ,60                           ,D
ERF        ,Health Care           ,Europe                     ,0           ,25                ,5               ,20                 ,50                           ,D
LUNDB      ,Financials            ,Europe                     ,0           ,25                ,5               ,25                 ,55                           ,D
ZEG        ,Communication Services,Europe                     ,0           ,0                 ,15              ,0                  ,15                           ,F
SBIN       ,Financials            ,Asia / Pacific             ,0           ,0                 ,5               ,10                 ,15                           ,F
DWS        ,Financials            ,Europe                     ,25          ,0                 ,15              ,25                 ,65                           ,C
SGE        ,Information Technology,Europe                     ,0           ,25                ,15              ,0                  ,40                           ,F
AGS        ,Financials            ,Europe                     ,0           ,25                ,15              ,20                 ,60                           ,D
TIT        ,Communication Services,Europe                     ,25          ,25                ,15              ,10                 ,75                           ,C
EVO        ,Consumer Discretionary,Europe                     ,25          ,25                ,15              ,25                 ,90                           ,B
FME        ,Health Care           ,Europe                     ,25          ,25                ,5               ,20                 ,75                           ,C
1COV       ,Materials             ,Europe                     ,25          ,0                 ,5               ,25                 ,55                           ,D
AC         ,Consumer Discretionary,Europe                     ,0           ,20                ,5               ,20                 ,45                           ,D
ADP        ,Industrials           ,Europe                     ,0           ,25                ,15              ,10                 ,50                           ,D
H2O        ,Utilities             ,Europe                     ,25          ,5                 ,5               ,25                 ,60                           ,D
ING        ,Financials            ,Europe                     ,25          ,0                 ,15              ,10                 ,50                           ,D
MOWI       ,Consumer Staples      ,Europe                     ,25          ,20                ,15              ,20                 ,80                           ,B
MBK        ,Financials            ,Europe                     ,25          ,0                 ,15              ,10                 ,50                           ,D
JHD        ,Industrials           ,Europe                     ,0           ,5                 ,15              ,25                 ,45                           ,D
NEM        ,Information Technology,Europe                     ,25          ,25                ,15              ,20                 ,85                           ,B
ADM        ,Financials            ,Europe                     ,0           ,5                 ,15              ,10                 ,30                           ,F
ANA        ,Utilities             ,Europe                     ,0           ,5                 ,15              ,10                 ,30                           ,F
RSGN       ,Industrials           ,Europe                     ,0           ,25                ,15              ,25                 ,65                           ,C
LILAK      ,Consumer Staples      ,Africa / Middle East       ,0           ,0                 ,5               ,25                 ,30                           ,F
LHA        ,Industrials           ,Europe                     ,25          ,25                ,15              ,10                 ,75                           ,C
SKFB       ,Industrials           ,Europe                     ,25          ,20                ,5               ,25                 ,75                           ,C
AKZA       ,Materials             ,Europe                     ,25          ,15                ,15              ,10                 ,65                           ,C
GALP       ,Energy                ,Europe                     ,25          ,20                ,5               ,20                 ,70                           ,C
AGN        ,Financials            ,Europe                     ,0           ,0                 ,15              ,20                 ,35                           ,F
FOUR       ,Communication Services,Europe                     ,0           ,5                 ,5               ,25                 ,35                           ,F
RXL        ,Industrials           ,Europe                     ,0           ,20                ,5               ,20                 ,45                           ,D
BG         ,Financials            ,Europe                     ,25          ,0                 ,15              ,0                  ,40                           ,F
CA         ,Consumer Staples      ,Europe                     ,0           ,25                ,5               ,10                 ,40                           ,F
SKAB       ,Industrials           ,Europe                     ,25          ,25                ,15              ,25                 ,90                           ,B
TEL2B      ,Communication Services,Europe                     ,25          ,20                ,15              ,10                 ,70                           ,C
BKW        ,Utilities             ,Europe                     ,0           ,15                ,15              ,25                 ,55                           ,D
SVT        ,Utilities             ,Europe                     ,0           ,0                 ,15              ,0                  ,15                           ,F
REC        ,Health Care           ,Europe                     ,25          ,20                ,15              ,10                 ,70                           ,C
UHR        ,Consumer Discretionary,Europe                     ,0           ,0                 ,5               ,25                 ,30                           ,F
RNO        ,Consumer Discretionary,Europe                     ,0           ,20                ,5               ,0                  ,25                           ,F
IPN        ,Health Care           ,Europe                     ,0           ,25                ,5               ,25                 ,55                           ,D
IDR        ,Information Technology,Europe                     ,25          ,25                ,15              ,20                 ,85                           ,B
HAG        ,Industrials           ,Europe                     ,25          ,25                ,15              ,10                 ,75                           ,C
STR        ,Industrials           ,Europe                     ,0           ,25                ,15              ,25                 ,65                           ,C
SY1        ,Materials             ,Europe                     ,0           ,25                ,5               ,20                 ,50                           ,D
UU         ,Utilities             ,Europe                     ,0           ,0                 ,15              ,0                  ,15                           ,F
SKAN       ,Health Care           ,Europe                     ,0           ,25                ,15              ,25                 ,65                           ,C
LPP        ,Consumer Discretionary,Europe                     ,25          ,15                ,15              ,10                 ,65                           ,C
G1A        ,Industrials           ,Europe                     ,25          ,20                ,15              ,25                 ,85                           ,B
GBLB       ,Financials            ,Europe                     ,0           ,0                 ,15              ,20                 ,35                           ,F
CDA        ,Consumer Discretionary,Europe                     ,0           ,0                 ,15              ,0                  ,15                           ,F
BZU        ,Materials             ,Europe                     ,0           ,25                ,15              ,25                 ,65                           ,C
KOMB       ,Financials            ,Europe                     ,25          ,0                 ,15              ,10                 ,50                           ,D
HLE        ,Consumer Discretionary,Europe                     ,0           ,25                ,15              ,25                 ,65                           ,C
ORK        ,Consumer Staples      ,Europe                     ,25          ,5                 ,5               ,25                 ,60                           ,D
SYENS      ,Materials             ,Europe                     ,25          ,25                ,5               ,25                 ,80                           ,B
MRO        ,Industrials           ,Europe                     ,0           ,0                 ,15              ,20                 ,35                           ,F
CNA        ,Utilities             ,Europe                     ,0           ,5                 ,5               ,20                 ,30                           ,F
YAR        ,Materials             ,Europe                     ,25          ,25                ,15              ,20                 ,85                           ,B
SMIN       ,Industrials           ,Europe                     ,0           ,25                ,15              ,25                 ,65                           ,C
ORNBV      ,Health Care           ,Europe                     ,25          ,15                ,15              ,25                 ,80                           ,B
VIG        ,Financials            ,Europe                     ,0           ,25                ,15              ,25                 ,65                           ,C
STJ        ,Financials            ,Europe                     ,0           ,25                ,5               ,25                 ,55                           ,D
WEIR       ,Industrials           ,Europe                     ,0           ,25                ,15              ,20                 ,60                           ,D
GET        ,Industrials           ,Europe                     ,0           ,25                ,15              ,0                  ,40                           ,F
PHNX       ,Financials            ,Europe                     ,0           ,25                ,5               ,0                  ,30                           ,F
TPEIR      ,Financials            ,Europe                     ,25          ,0                 ,15              ,20                 ,60                           ,D
ALPHA      ,Financials            ,Europe                     ,25          ,0                 ,15              ,20                 ,60                           ,D
STERV      ,Materials             ,Europe                     ,25          ,0                 ,15              ,20                 ,60                           ,D
FHZN       ,Industrials           ,Europe                     ,0           ,15                ,15              ,25                 ,55                           ,D
ITM        ,Industrials           ,Europe                     ,0           ,0                 ,15              ,25                 ,40                           ,F
SBRY       ,Consumer Staples      ,Europe                     ,0           ,20                ,15              ,20                 ,55                           ,D
SOF        ,Financials            ,Europe                     ,0           ,5                 ,15              ,25                 ,45                           ,D
DPLM       ,Industrials           ,Europe                     ,0           ,25                ,15              ,25                 ,65                           ,C
TPRO       ,Information Technology,Europe                     ,0           ,0                 ,15              ,25                 ,40                           ,F
DIE        ,Consumer Discretionary,Europe                     ,0           ,0                 ,5               ,25                 ,30                           ,F
RED        ,Utilities             ,Europe                     ,25          ,0                 ,5               ,10                 ,40                           ,F
ITRK       ,Industrials           ,Europe                     ,0           ,20                ,15              ,20                 ,55                           ,D
TRELB      ,Industrials           ,Europe                     ,25          ,25                ,15              ,25                 ,90                           ,B
MNG        ,Financials            ,Europe                     ,0           ,25                ,15              ,0                  ,40                           ,F
SHA0       ,Consumer Discretionary,Europe                     ,25          ,20                ,5               ,10                 ,60                           ,D
SCAB       ,Materials             ,Europe                     ,25          ,5                 ,15              ,25                 ,70                           ,C
INDT       ,Industrials           ,Europe                     ,25          ,25                ,15              ,20                 ,85                           ,B
BPSO       ,Financials            ,Europe                     ,25          ,0                 ,15              ,0                  ,40                           ,F
TLV        ,Financials            ,Europe                     ,25          ,0                 ,15              ,20                 ,60                           ,D
SNG        ,Energy                ,Europe                     ,25          ,0                 ,15              ,25                 ,65                           ,C
ACKB       ,Industrials           ,Europe                     ,0           ,25                ,15              ,25                 ,65                           ,C
BAB        ,Industrials           ,Europe                     ,0           ,25                ,15              ,10                 ,50                           ,D
SECUB      ,Industrials           ,Europe                     ,25          ,25                ,5               ,10                 ,65                           ,C
EVD        ,Communication Services,Europe                     ,25          ,15                ,5               ,25                 ,70                           ,C
PSON       ,Consumer Discretionary,Europe                     ,0           ,25                ,15              ,25                 ,65                           ,C
KESKOB     ,Consumer Staples      ,Europe                     ,25          ,5                 ,15              ,10                 ,55                           ,D
BNZL       ,Industrials           ,Europe                     ,0           ,25                ,15              ,10                 ,50                           ,D
SDR        ,Financials            ,Europe                     ,0           ,25                ,5               ,25                 ,55                           ,D
ADDTB      ,Industrials           ,Europe                     ,25          ,25                ,15              ,20                 ,85                           ,B
ANE        ,Utilities             ,Europe                     ,0           ,0                 ,15              ,20                 ,35                           ,F
RAA        ,Industrials           ,Europe                     ,25          ,15                ,15              ,25                 ,80                           ,B
MKS        ,Consumer Staples      ,Europe                     ,0           ,25                ,15              ,20                 ,60                           ,D
BARN       ,Consumer Staples      ,Europe                     ,0           ,0                 ,15              ,0                  ,15                           ,F
KCR        ,Industrials           ,Europe                     ,25          ,25                ,15              ,25                 ,90                           ,B
NDX1       ,Industrials           ,Europe                     ,25          ,0                 ,15              ,20                 ,60                           ,D
AVOL       ,Consumer Discretionary,Europe                     ,0           ,25                ,15              ,0                  ,40                           ,F
A2A        ,Utilities             ,Europe                     ,25          ,20                ,15              ,10                 ,70                           ,C
BNR        ,Industrials           ,Europe                     ,25          ,25                ,5               ,20                 ,75                           ,C
IMI        ,Industrials           ,Europe                     ,0           ,25                ,15              ,20                 ,60                           ,D
INW        ,Communication Services,Europe                     ,25          ,15                ,15              ,10                 ,65                           ,C
GAW        ,Consumer Discretionary,Europe                     ,0           ,15                ,15              ,25                 ,55                           ,D
ICG        ,Financials            ,Europe                     ,0           ,25                ,15              ,20                 ,60                           ,D
600919     ,Financials            ,Asia / Pacific             ,0           ,0                 ,5               ,0                  ,5                            ,F
BEIJB      ,Industrials           ,Europe                     ,25          ,25                ,15              ,20                 ,85                           ,B
HSBK       ,Financials            ,Asia / Pacific             ,0           ,0                 ,5               ,20                 ,25                           ,F
JYSK       ,Financials            ,Europe                     ,25          ,0                 ,5               ,0                  ,30                           ,F
VAR        ,Energy                ,Europe                     ,25          ,5                 ,5               ,0                  ,35                           ,F
SALM       ,Consumer Staples      ,Europe                     ,25          ,5                 ,15              ,20                 ,65                           ,C
GRF        ,Health Care           ,Europe                     ,25          ,25                ,15              ,10                 ,75                           ,C
SSABA      ,Materials             ,Europe                     ,25          ,0                 ,5               ,25                 ,55                           ,D
NIBEB      ,Industrials           ,Europe                     ,25          ,25                ,15              ,20                 ,85                           ,B
OPAP       ,Consumer Discretionary,Europe                     ,25          ,15                ,15              ,10                 ,65                           ,C
PNDORA     ,Consumer Discretionary,Europe                     ,25          ,25                ,5               ,0                  ,55                           ,D
LOTB       ,Consumer Staples      ,Europe                     ,0           ,15                ,15              ,25                 ,55                           ,D
BGN        ,Financials            ,Europe                     ,25          ,0                 ,15              ,10                 ,50                           ,D
CPR        ,Consumer Staples      ,Europe                     ,0           ,0                 ,15              ,20                 ,35                           ,F
ALKB       ,Health Care           ,Europe                     ,25          ,0                 ,15              ,25                 ,65                           ,C
SUNN       ,Communication Services,Europe                     ,0           ,0                 ,15              ,10                 ,25                           ,F
HTO        ,Communication Services,Europe                     ,25          ,20                ,15              ,20                 ,80                           ,B
LTMC       ,Consumer Discretionary,Europe                     ,25          ,25                ,15              ,0                  ,65                           ,C
FRA        ,Industrials           ,Europe                     ,25          ,0                 ,15              ,0                  ,40                           ,F
ANDR       ,Industrials           ,Europe                     ,25          ,15                ,15              ,25                 ,80                           ,B
VOE        ,Materials             ,Europe                     ,25          ,25                ,15              ,25                 ,90                           ,B
BC         ,Consumer Discretionary,Europe                     ,0           ,15                ,15              ,10                 ,40                           ,F
EFGN       ,Financials            ,Europe                     ,0           ,0                 ,15              ,10                 ,25                           ,F
PIRC       ,Consumer Discretionary,Europe                     ,25          ,25                ,15              ,20                 ,85                           ,B
KBCA       ,Financials            ,Europe                     ,0           ,15                ,15              ,25                 ,55                           ,D
VZN        ,Financials            ,Europe                     ,0           ,25                ,15              ,20                 ,60                           ,D
ACLN       ,Industrials           ,Europe                     ,0           ,20                ,5               ,10                 ,35                           ,F
SW         ,Consumer Discretionary,Europe                     ,0           ,20                ,5               ,10                 ,35                           ,F
PPC        ,Utilities             ,Europe                     ,25          ,0                 ,15              ,10                 ,50                           ,D
KGF        ,Consumer Discretionary,Europe                     ,0           ,25                ,5               ,25                 ,55                           ,D
BTRW       ,Consumer Discretionary,Europe                     ,0           ,0                 ,5               ,25                 ,30                           ,F
EVK        ,Materials             ,Europe                     ,25          ,5                 ,5               ,25                 ,60                           ,D
TKA        ,Materials             ,Europe                     ,25          ,15                ,15              ,25                 ,80                           ,B
KRKG       ,Health Care           ,Europe                     ,25          ,15                ,15              ,25                 ,80                           ,B
STB        ,Financials            ,Europe                     ,25          ,5                 ,15              ,10                 ,55                           ,D
ROCKB      ,Industrials           ,Europe                     ,25          ,20                ,5               ,25                 ,75                           ,C
AAK        ,Consumer Staples      ,Europe                     ,25          ,0                 ,15              ,25                 ,65                           ,C
SAVE       ,Financials            ,Europe                     ,25          ,25                ,15              ,0                  ,65                           ,C
PME        ,Health Care           ,Asia / Pacific             ,0           ,25                ,15              ,25                 ,65                           ,C
DEMANT     ,Health Care           ,Europe                     ,0           ,0                 ,15              ,10                 ,25                           ,F
G24        ,Communication Services,Europe                     ,25          ,0                 ,15              ,25                 ,65                           ,C
IGG        ,Financials            ,Europe                     ,0           ,25                ,5               ,25                 ,55                           ,D
TEMN       ,Information Technology,Europe                     ,25          ,25                ,15              ,10                 ,75                           ,C
R3NK       ,Industrials           ,Europe                     ,25          ,25                ,15              ,10                 ,75                           ,C
ELISA      ,Communication Services,Europe                     ,25          ,15                ,15              ,10                 ,65                           ,C
RUSTA      ,Consumer Discretionary,Europe                     ,25          ,25                ,15              ,0                  ,65                           ,C
TKA        ,Communication Services,Europe                     ,0           ,25                ,15              ,20                 ,60                           ,D
FCT        ,Industrials           ,Europe                     ,0           ,25                ,15              ,0                  ,40                           ,F
HER        ,Utilities             ,Europe                     ,25          ,25                ,15              ,10                 ,75                           ,C
NKT        ,Industrials           ,Europe                     ,25          ,0                 ,5               ,25                 ,55                           ,D
TE         ,Energy                ,Europe                     ,25          ,25                ,15              ,25                 ,90                           ,B
SPX        ,Industrials           ,Europe                     ,0           ,25                ,15              ,20                 ,60                           ,D
AXFO       ,Consumer Staples      ,Europe                     ,25          ,25                ,15              ,0                  ,65                           ,C
ENT        ,Consumer Discretionary,Europe                     ,0           ,25                ,15              ,10                 ,50                           ,D
AUTO       ,Communication Services,Europe                     ,0           ,25                ,15              ,25                 ,65                           ,C
NOBA       ,Financials            ,Europe                     ,0           ,0                 ,15              ,20                 ,35                           ,F
NEX        ,Industrials           ,Europe                     ,0           ,25                ,15              ,10                 ,50                           ,D
CDR        ,Communication Services,Europe                     ,25          ,25                ,5               ,25                 ,80                           ,B
BC8        ,Information Technology,Europe                     ,25          ,25                ,15              ,25                 ,90                           ,B
RAND       ,Industrials           ,Europe                     ,25          ,0                 ,15              ,20                 ,60                           ,D
NDA        ,Materials             ,Europe                     ,25          ,0                 ,15              ,25                 ,65                           ,C
BEZ        ,Financials            ,Europe                     ,0           ,25                ,15              ,25                 ,65                           ,C
GETIB      ,Health Care           ,Europe                     ,25          ,25                ,15              ,25                 ,90                           ,B
SUN        ,Industrials           ,Europe                     ,0           ,25                ,15              ,20                 ,60                           ,D
HLUNB      ,Health Care           ,Europe                     ,25          ,25                ,15              ,20                 ,85                           ,B
ZAB        ,Consumer Staples      ,Europe                     ,0           ,0                 ,15              ,0                  ,15                           ,F
DLG        ,Consumer Discretionary,Europe                     ,25          ,20                ,5               ,25                 ,75                           ,C
HSX        ,Financials            ,Latin America and Caribbean,0           ,0                 ,15              ,25                 ,40                           ,F
CTEC       ,Health Care           ,Europe                     ,0           ,25                ,15              ,20                 ,60                           ,D
RRTL       ,Communication Services,Europe                     ,0           ,20                ,15              ,25                 ,60                           ,D
BRBY       ,Consumer Discretionary,Europe                     ,0           ,0                 ,15              ,0                  ,15                           ,F
FCC        ,Industrials           ,Europe                     ,25          ,25                ,15              ,10                 ,75                           ,C
DESN       ,Health Care           ,Europe                     ,0           ,0                 ,15              ,25                 ,40                           ,F
GALE       ,Health Care           ,Europe                     ,0           ,25                ,15              ,20                 ,60                           ,D
SUBC       ,Energy                ,Europe                     ,25          ,25                ,5               ,25                 ,80                           ,B
CE         ,Financials            ,Europe                     ,25          ,0                 ,15              ,0                  ,40                           ,F
VALMT      ,Industrials           ,Europe                     ,25          ,20                ,15              ,20                 ,80                           ,B
FXPO       ,Materials             ,Europe                     ,0           ,0                 ,15              ,25                 ,40                           ,F
HWDN       ,Industrials           ,Europe                     ,0           ,25                ,15              ,20                 ,60                           ,D
VEND       ,Communication Services,Europe                     ,25          ,0                 ,15              ,25                 ,65                           ,C
PAMP       ,Utilities             ,Latin America and Caribbean,25          ,0                 ,15              ,20                 ,60                           ,D
MORG       ,Financials            ,Europe                     ,25          ,25                ,5               ,0                  ,55                           ,D
AZM        ,Financials            ,Europe                     ,25          ,0                 ,5               ,25                 ,55                           ,D
RILBA      ,Financials            ,Europe                     ,25          ,0                 ,15              ,20                 ,60                           ,D
SPM        ,Energy                ,Europe                     ,25          ,0                 ,15              ,10                 ,50                           ,D
ALLFG      ,Financials            ,Europe                     ,0           ,25                ,15              ,25                 ,65                           ,C
SCR        ,Financials            ,Europe                     ,25          ,25                ,15              ,20                 ,85                           ,B
MIL        ,Financials            ,Europe                     ,25          ,0                 ,15              ,10                 ,50                           ,D
PSN        ,Consumer Discretionary,Europe                     ,0           ,0                 ,15              ,25                 ,40                           ,F
AZA        ,Financials            ,Europe                     ,25          ,25                ,15              ,25                 ,90                           ,B
IVG        ,Industrials           ,Europe                     ,25          ,0                 ,15              ,0                  ,40                           ,F
JD         ,Consumer Discretionary,Europe                     ,0           ,25                ,15              ,10                 ,50                           ,D
HOLMB      ,Materials             ,Europe                     ,25          ,5                 ,15              ,25                 ,70                           ,C
SWECB      ,Industrials           ,Europe                     ,25          ,25                ,15              ,20                 ,85                           ,B
UTDI       ,Communication Services,Europe                     ,0           ,15                ,5               ,20                 ,40                           ,F
EVN        ,Utilities             ,Europe                     ,0           ,25                ,5               ,25                 ,55                           ,D
IP         ,Industrials           ,Europe                     ,25          ,25                ,15              ,25                 ,90                           ,B
MOL        ,Energy                ,Europe                     ,25          ,25                ,5               ,25                 ,80                           ,B
NEXI       ,Financials            ,Europe                     ,0           ,25                ,15              ,20                 ,60                           ,D
WTB        ,Consumer Discretionary,Europe                     ,0           ,5                 ,5               ,10                 ,20                           ,F
AKER       ,Industrials           ,Europe                     ,0           ,20                ,5               ,20                 ,45                           ,D
YPSN       ,Health Care           ,Europe                     ,0           ,0                 ,15              ,25                 ,40                           ,F
HAPV3      ,Health Care           ,Latin America and Caribbean,25          ,0                 ,15              ,25                 ,65                           ,C
PGE        ,Utilities             ,Europe                     ,25          ,0                 ,15              ,25                 ,65                           ,C
UQA        ,Financials            ,Europe                     ,25          ,0                 ,15              ,20                 ,60                           ,D
BNP        ,Financials            ,Europe                     ,25          ,15                ,15              ,10                 ,65                           ,C
ISS        ,Industrials           ,Europe                     ,0           ,25                ,15              ,10                 ,50                           ,D
GF         ,Industrials           ,Europe                     ,0           ,15                ,5               ,0                  ,20                           ,F
SFSN       ,Industrials           ,Europe                     ,0           ,25                ,15              ,25                 ,65                           ,C
BANB       ,Health Care           ,Europe                     ,0           ,0                 ,15              ,25                 ,40                           ,F
SIGN       ,Materials             ,Europe                     ,25          ,15                ,5               ,20                 ,65                           ,C
ACE        ,Utilities             ,Europe                     ,25          ,25                ,15              ,10                 ,75                           ,C
RICHTER    ,Health Care           ,Europe                     ,25          ,25                ,15              ,25                 ,90                           ,B
FLU        ,Industrials           ,Europe                     ,25          ,15                ,15              ,25                 ,80                           ,B
IMCD       ,Industrials           ,Europe                     ,0           ,20                ,5               ,20                 ,45                           ,D
MNDI       ,Materials             ,Europe                     ,0           ,0                 ,15              ,25                 ,40                           ,F
UMI        ,Materials             ,Europe                     ,0           ,5                 ,15              ,10                 ,30                           ,F
1U1        ,Communication Services,Europe                     ,25          ,25                ,15              ,25                 ,90                           ,B
FDR        ,Industrials           ,Europe                     ,25          ,0                 ,15              ,20                 ,60                           ,D
RMV        ,Communication Services,Europe                     ,0           ,25                ,15              ,25                 ,65                           ,C
TUI1       ,Consumer Discretionary,Europe                     ,25          ,0                 ,15              ,10                 ,50                           ,D
TKMS       ,Industrials           ,Europe                     ,0           ,0                 ,15              ,25                 ,40                           ,F
FPE3       ,Materials             ,Europe                     ,25          ,20                ,5               ,25                 ,75                           ,C
VPK        ,Energy                ,Europe                     ,25          ,0                 ,15              ,20                 ,60                           ,D
JMAT       ,Materials             ,Europe                     ,0           ,20                ,15              ,20                 ,55                           ,D
BSIF       ,Financials            ,Europe                     ,0           ,0                 ,15              ,25                 ,40                           ,F
EZJ        ,Industrials           ,Europe                     ,0           ,25                ,15              ,20                 ,60                           ,D
BGEO       ,Financials            ,Europe                     ,25          ,0                 ,15              ,10                 ,50                           ,D
BFSA       ,Industrials           ,Europe                     ,25          ,25                ,15              ,20                 ,85                           ,B
QLCO       ,Information Technology,Europe                     ,0           ,25                ,15              ,10                 ,50                           ,D
EDEN       ,Financials            ,Europe                     ,0           ,25                ,15              ,25                 ,65                           ,C
AMV0       ,Consumer Discretionary,Europe                     ,0           ,25                ,15              ,25                 ,65                           ,C
TW         ,Consumer Discretionary,Europe                     ,0           ,0                 ,5               ,25                 ,30                           ,F
REY        ,Information Technology,Europe                     ,0           ,0                 ,15              ,25                 ,40                           ,F
CRDA       ,Materials             ,Europe                     ,0           ,0                 ,15              ,25                 ,40                           ,F
ABDN       ,Financials            ,Europe                     ,0           ,15                ,5               ,25                 ,45                           ,D
BKG        ,Consumer Discretionary,Europe                     ,0           ,25                ,15              ,25                 ,65                           ,C
DCC        ,Industrials           ,Europe                     ,0           ,20                ,5               ,20                 ,45                           ,D
LDA        ,Financials            ,Europe                     ,25          ,0                 ,15              ,25                 ,65                           ,C
SOL        ,Materials             ,Europe                     ,0           ,5                 ,15              ,20                 ,40                           ,F
MONET      ,Financials            ,Europe                     ,25          ,0                 ,15              ,20                 ,60                           ,D
KRN        ,Industrials           ,Europe                     ,25          ,25                ,15              ,25                 ,90                           ,B
OBCK       ,Health Care           ,Europe                     ,0           ,25                ,15              ,0                  ,40                           ,F
MAIRE      ,Industrials           ,Europe                     ,25          ,25                ,15              ,10                 ,75                           ,C
SBMO       ,Energy                ,Europe                     ,0           ,25                ,5               ,10                 ,40                           ,F
FDJU       ,Consumer Discretionary,Europe                     ,0           ,20                ,5               ,10                 ,35                           ,F
PCO        ,Consumer Discretionary,Europe                     ,0           ,0                 ,15              ,0                  ,15                           ,F
GBF        ,Industrials           ,Europe                     ,25          ,0                 ,15              ,25                 ,65                           ,C
3IN        ,Financials            ,Europe                     ,0           ,25                ,15              ,25                 ,65                           ,C
SECTB      ,Health Care           ,Europe                     ,25          ,25                ,15              ,25                 ,90                           ,B
ADEN       ,Industrials           ,Europe                     ,25          ,25                ,15              ,20                 ,85                           ,B
WPP        ,Communication Services,Europe                     ,0           ,20                ,5               ,10                 ,35                           ,F
MTELEKOM   ,Communication Services,Europe                     ,25          ,25                ,15              ,25                 ,90                           ,B
EMMN       ,Consumer Staples      ,Europe                     ,0           ,25                ,15              ,10                 ,50                           ,D
BBY        ,Industrials           ,Europe                     ,0           ,25                ,15              ,20                 ,60                           ,D
BUCN       ,Industrials           ,Europe                     ,0           ,25                ,5               ,25                 ,55                           ,D
MYCR       ,Information Technology,Europe                     ,25          ,25                ,15              ,25                 ,90                           ,B
TITC       ,Materials             ,Europe                     ,25          ,0                 ,15              ,25                 ,65                           ,C
LOG        ,Industrials           ,Europe                     ,25          ,25                ,5               ,25                 ,80                           ,B
FTK        ,Financials            ,Europe                     ,25          ,0                 ,15              ,25                 ,65                           ,C
SPG        ,Communication Services,Europe                     ,0           ,25                ,15              ,10                 ,50                           ,D
AKE        ,Materials             ,Europe                     ,25          ,5                 ,5               ,20                 ,55                           ,D
LAGRB      ,Information Technology,Europe                     ,25          ,25                ,15              ,10                 ,75                           ,C
NEAG       ,Utilities             ,Europe                     ,0           ,25                ,15              ,25                 ,65                           ,C
HIK        ,Health Care           ,Europe                     ,0           ,25                ,15              ,20                 ,60                           ,D
SMG        ,Communication Services,Europe                     ,0           ,5                 ,5               ,25                 ,35                           ,F
VK         ,Energy                ,Europe                     ,25          ,0                 ,15              ,25                 ,65                           ,C
BDX        ,Industrials           ,Europe                     ,25          ,5                 ,15              ,25                 ,70                           ,C
ACP        ,Information Technology,Europe                     ,25          ,25                ,15              ,25                 ,90                           ,B
JUN3       ,Industrials           ,Europe                     ,25          ,0                 ,15              ,10                 ,50                           ,D
TPE        ,Utilities             ,Europe                     ,25          ,0                 ,15              ,20                 ,60                           ,D
HBR        ,Energy                ,Europe                     ,0           ,25                ,15              ,20                 ,60                           ,D
BWY        ,Consumer Discretionary,Europe                     ,0           ,20                ,15              ,25                 ,60                           ,D
DIA        ,Health Care           ,Europe                     ,25          ,25                ,15              ,20                 ,85                           ,B
ALSYDB     ,Financials            ,Europe                     ,25          ,0                 ,5               ,10                 ,40                           ,F
ALLEI      ,Materials             ,Europe                     ,25          ,25                ,15              ,25                 ,90                           ,B
BELA       ,Consumer Discretionary,Europe                     ,0           ,5                 ,15              ,25                 ,45                           ,D
COLR       ,Consumer Staples      ,Europe                     ,0           ,0                 ,5               ,25                 ,30                           ,F
TEP        ,Industrials           ,Europe                     ,0           ,25                ,15              ,10                 ,50                           ,D
FIE        ,Consumer Discretionary,Europe                     ,25          ,0                 ,15              ,20                 ,60                           ,D
CCC        ,Information Technology,Europe                     ,0           ,25                ,5               ,25                 ,55                           ,D
NLBR       ,Financials            ,Europe                     ,25          ,0                 ,15              ,20                 ,60                           ,D
PAG        ,Financials            ,Europe                     ,0           ,0                 ,15              ,10                 ,25                           ,F
DEME       ,Industrials           ,Europe                     ,0           ,25                ,15              ,25                 ,65                           ,C
RBREW      ,Consumer Staples      ,Europe                     ,25          ,25                ,15              ,20                 ,85                           ,B
BRD        ,Financials            ,Europe                     ,25          ,0                 ,15              ,20                 ,60                           ,D
BOCH       ,Financials            ,Europe                     ,25          ,0                 ,15              ,25                 ,65                           ,C
PROT       ,Financials            ,Europe                     ,25          ,0                 ,15              ,25                 ,65                           ,C
CIE        ,Consumer Discretionary,Europe                     ,25          ,0                 ,15              ,10                 ,50                           ,D
WAWI       ,Industrials           ,Europe                     ,25          ,15                ,5               ,20                 ,65                           ,C
ALR        ,Financials            ,Europe                     ,25          ,0                 ,15              ,25                 ,65                           ,C
AFX        ,Health Care           ,Europe                     ,25          ,25                ,15              ,25                 ,90                           ,B
MANTA      ,Financials            ,Europe                     ,25          ,0                 ,15              ,25                 ,65                           ,C
SFZN       ,Health Care           ,Europe                     ,0           ,0                 ,15              ,20                 ,35                           ,F
BNJ        ,Communication Services,Europe                     ,0           ,25                ,15              ,0                  ,40                           ,F
MF         ,Financials            ,Europe                     ,0           ,25                ,15              ,10                 ,50                           ,D
ENG        ,Utilities             ,Europe                     ,25          ,0                 ,15              ,10                 ,50                           ,D
ALMB       ,Financials            ,Europe                     ,25          ,5                 ,15              ,25                 ,70                           ,C
WCH        ,Materials             ,Europe                     ,25          ,0                 ,5               ,25                 ,55                           ,D
MAU        ,Energy                ,Europe                     ,0           ,15                ,5               ,25                 ,45                           ,D
GL9        ,Consumer Staples      ,Europe                     ,0           ,25                ,5               ,25                 ,55                           ,D
RF         ,Financials            ,Europe                     ,0           ,5                 ,15              ,25                 ,45                           ,D
FNTN       ,Communication Services,Europe                     ,0           ,20                ,15              ,25                 ,60                           ,D
ITV        ,Communication Services,Europe                     ,0           ,20                ,5               ,25                 ,50                           ,D
WBD        ,Industrials           ,Europe                     ,0           ,0                 ,15              ,10                 ,25                           ,F
RS1        ,Industrials           ,Europe                     ,0           ,25                ,15              ,25                 ,65                           ,C
BHW        ,Financials            ,Europe                     ,25          ,0                 ,15              ,25                 ,65                           ,C
PIN        ,Financials            ,Europe                     ,0           ,0                 ,15              ,25                 ,40                           ,F
FRAS       ,Consumer Discretionary,Europe                     ,0           ,0                 ,15              ,20                 ,35                           ,F
MOVE       ,Health Care           ,Europe                     ,0           ,25                ,15              ,20                 ,60                           ,D
VCT        ,Materials             ,Europe                     ,0           ,25                ,5               ,20                 ,50                           ,D
HBX        ,Consumer Discretionary,Europe                     ,0           ,0                 ,15              ,10                 ,25                           ,F
SNN        ,Utilities             ,Europe                     ,25          ,5                 ,15              ,25                 ,70                           ,C
FLS        ,Industrials           ,Europe                     ,25          ,25                ,15              ,25                 ,90                           ,B
TOM        ,Industrials           ,Europe                     ,25          ,25                ,15              ,20                 ,85                           ,B
VU         ,Information Technology,Europe                     ,0           ,25                ,15              ,20                 ,60                           ,D
TRI        ,Consumer Discretionary,Europe                     ,0           ,25                ,15              ,25                 ,65                           ,C
MOH        ,Energy                ,Europe                     ,25          ,5                 ,15              ,10                 ,55                           ,D
DEC        ,Communication Services,Europe                     ,0           ,0                 ,15              ,10                 ,25                           ,F
CENER      ,Industrials           ,Europe                     ,25          ,0                 ,15              ,10                 ,50                           ,D
DRX        ,Utilities             ,Europe                     ,0           ,25                ,15              ,20                 ,60                           ,D
AIA        ,Industrials           ,Europe                     ,25          ,0                 ,15              ,10                 ,50                           ,D
RUI        ,Utilities             ,Europe                     ,0           ,15                ,5               ,20                 ,40                           ,F
SCYR       ,Industrials           ,Europe                     ,25          ,0                 ,15              ,0                  ,40                           ,F
ROVI       ,Health Care           ,Europe                     ,25          ,25                ,15              ,25                 ,90                           ,B
DAN        ,Industrials           ,Europe                     ,0           ,0                 ,15              ,25                 ,40                           ,F
WIE        ,Materials             ,Europe                     ,25          ,25                ,15              ,20                 ,85                           ,B
IRE        ,Utilities             ,Europe                     ,25          ,5                 ,15              ,10                 ,55                           ,D
JET2       ,Industrials           ,Europe                     ,0           ,25                ,15              ,20                 ,60                           ,D
HIAB       ,Industrials           ,Europe                     ,25          ,25                ,15              ,25                 ,90                           ,B
ACX        ,Materials             ,Europe                     ,25          ,5                 ,15              ,20                 ,65                           ,C
ERG        ,Utilities             ,Europe                     ,25          ,25                ,15              ,10                 ,75                           ,C
VID        ,Materials             ,Europe                     ,25          ,5                 ,5               ,25                 ,60                           ,D
TGYM       ,Consumer Discretionary,Europe                     ,0           ,5                 ,5               ,25                 ,35                           ,F
CMBN       ,Financials            ,Europe                     ,0           ,0                 ,15              ,0                  ,15                           ,F
ARCAD      ,Industrials           ,Europe                     ,0           ,25                ,15              ,20                 ,60                           ,D
CLCO       ,Energy                ,Europe                     ,25          ,0                 ,15              ,10                 ,50                           ,D
INCH       ,Consumer Discretionary,Europe                     ,0           ,25                ,15              ,10                 ,50                           ,D
SCT        ,Information Technology,Europe                     ,0           ,25                ,15              ,25                 ,65                           ,C
HT         ,Communication Services,Europe                     ,25          ,15                ,15              ,25                 ,80                           ,B
SRP        ,Industrials           ,Europe                     ,0           ,25                ,15              ,20                 ,60                           ,D
SON        ,Consumer Staples      ,Europe                     ,25          ,25                ,5               ,10                 ,65                           ,C
AALB       ,Industrials           ,Europe                     ,0           ,15                ,5               ,25                 ,45                           ,D
OPL        ,Communication Services,Europe                     ,0           ,15                ,15              ,20                 ,50                           ,D
ROR        ,Industrials           ,Europe                     ,0           ,20                ,15              ,25                 ,60                           ,D
HUH1V      ,Materials             ,Europe                     ,25          ,20                ,15              ,20                 ,80                           ,B
AF         ,Industrials           ,Europe                     ,25          ,25                ,5               ,0                  ,55                           ,D
AMBUB      ,Health Care           ,Europe                     ,25          ,25                ,15              ,25                 ,90                           ,B
SHAW       ,Financials            ,Europe                     ,0           ,0                 ,5               ,20                 ,25                           ,F
CAN        ,Communication Services,Europe                     ,0           ,25                ,15              ,25                 ,65                           ,C
BRE        ,Consumer Discretionary,Europe                     ,25          ,15                ,5               ,20                 ,65                           ,C
AMP        ,Health Care           ,Europe                     ,25          ,25                ,5               ,10                 ,65                           ,C
LOUP       ,Consumer Staples      ,Europe                     ,0           ,25                ,5               ,25                 ,55                           ,D
SIX2       ,Industrials           ,Europe                     ,25          ,25                ,15              ,10                 ,75                           ,C
MTRS       ,Industrials           ,Europe                     ,25          ,25                ,15              ,10                 ,75                           ,C
DAE        ,Industrials           ,Europe                     ,0           ,25                ,15              ,10                 ,50                           ,D
HOC        ,Materials             ,Europe                     ,0           ,25                ,15              ,25                 ,65                           ,C
HUBN       ,Industrials           ,Europe                     ,0           ,25                ,15              ,25                 ,65                           ,C
RSW        ,Information Technology,Europe                     ,0           ,20                ,15              ,25                 ,60                           ,D
74SW       ,Information Technology,United States and Canada   ,0           ,0                 ,15              ,20                 ,35                           ,F
CWK        ,Consumer Staples      ,Europe                     ,0           ,5                 ,15              ,25                 ,45                           ,D
VIRP       ,Health Care           ,Europe                     ,0           ,25                ,15              ,25                 ,65                           ,C
EMG        ,Financials            ,Europe                     ,0           ,20                ,15              ,25                 ,60                           ,D
ITH        ,Energy                ,Europe                     ,0           ,5                 ,5               ,25                 ,35                           ,F
CEM        ,Materials             ,Europe                     ,0           ,0                 ,15              ,25                 ,40                           ,F
EBRO       ,Consumer Staples      ,Europe                     ,25          ,0                 ,15              ,25                 ,65                           ,C
KEMIRA     ,Materials             ,Europe                     ,25          ,25                ,15              ,25                 ,90                           ,B
PLUS       ,Financials            ,Africa / Middle East       ,0           ,20                ,5               ,25                 ,50                           ,D
ASKER      ,Health Care           ,Europe                     ,0           ,0                 ,15              ,10                 ,25                           ,F
MCOVB      ,Health Care           ,Europe                     ,25          ,25                ,15              ,0                  ,65                           ,C
QLT        ,Financials            ,Europe                     ,0           ,25                ,15              ,25                 ,65                           ,C
PNN        ,Utilities             ,Europe                     ,0           ,0                 ,15              ,0                  ,15                           ,F
FR         ,Consumer Discretionary,Europe                     ,0           ,25                ,15              ,10                 ,50                           ,D
SOP        ,Information Technology,Europe                     ,0           ,25                ,15              ,20                 ,60                           ,D
DOKA       ,Industrials           ,Europe                     ,0           ,25                ,15              ,10                 ,50                           ,D
CRL        ,Industrials           ,Europe                     ,25          ,25                ,15              ,25                 ,90                           ,B
ALSN       ,Information Technology,Europe                     ,0           ,0                 ,15              ,25                 ,40                           ,F
BPT        ,Financials            ,Europe                     ,0           ,0                 ,15              ,20                 ,35                           ,F
ALM        ,Health Care           ,Europe                     ,25          ,25                ,15              ,25                 ,90                           ,B
HPOLB      ,Materials             ,Europe                     ,25          ,25                ,15              ,25                 ,90                           ,B
BFT        ,Industrials           ,Europe                     ,0           ,25                ,15              ,10                 ,50                           ,D
PAF        ,Materials             ,Africa / Middle East       ,0           ,5                 ,15              ,25                 ,45                           ,D
TKO        ,Financials            ,Europe                     ,0           ,0                 ,15              ,20                 ,35                           ,F
QQ         ,Industrials           ,Europe                     ,0           ,25                ,15              ,20                 ,60                           ,D
TTALO      ,Health Care           ,Europe                     ,25          ,25                ,15              ,10                 ,75                           ,C
SOLB       ,Materials             ,Europe                     ,25          ,15                ,5               ,10                 ,55                           ,D
SBNOR      ,Financials            ,Europe                     ,25          ,25                ,5               ,0                  ,55                           ,D
IFCN       ,Information Technology,Europe                     ,25          ,20                ,15              ,25                 ,85                           ,B
CREDIA     ,Financials            ,Europe                     ,0           ,0                 ,15              ,25                 ,40                           ,F
SK         ,Consumer Discretionary,Europe                     ,0           ,5                 ,5               ,20                 ,30                           ,F
FRVIA      ,Consumer Discretionary,Europe                     ,0           ,0                 ,15              ,10                 ,25                           ,F
ELPE       ,Energy                ,Europe                     ,25          ,0                 ,5               ,20                 ,50                           ,D
OSB        ,Financials            ,Europe                     ,0           ,5                 ,5               ,10                 ,20                           ,F
VRLA       ,Materials             ,Europe                     ,0           ,20                ,5               ,0                  ,25                           ,F
GIMB       ,Financials            ,Europe                     ,0           ,0                 ,15              ,25                 ,40                           ,F
MMB        ,Communication Services,Europe                     ,0           ,25                ,15              ,0                  ,40                           ,F
EXENS      ,Industrials           ,Europe                     ,0           ,25                ,15              ,20                 ,60                           ,D
VATN       ,Financials            ,Europe                     ,25          ,0                 ,15              ,0                  ,40                           ,F
KALMAR     ,Industrials           ,Europe                     ,25          ,15                ,15              ,20                 ,75                           ,C
DNLM       ,Consumer Discretionary,Europe                     ,0           ,25                ,15              ,0                  ,40                           ,F
LIGHT      ,Industrials           ,Europe                     ,25          ,20                ,5               ,25                 ,75                           ,C
INPP       ,Financials            ,Europe                     ,0           ,5                 ,5               ,25                 ,35                           ,F
JUST       ,Financials            ,Europe                     ,0           ,25                ,5               ,0                  ,30                           ,F
APAM       ,Materials             ,Europe                     ,25          ,20                ,15              ,25                 ,85                           ,B
LSG        ,Consumer Staples      ,Europe                     ,25          ,15                ,15              ,20                 ,75                           ,C
FII        ,Industrials           ,Europe                     ,0           ,25                ,15              ,20                 ,60                           ,D
ENAV       ,Industrials           ,Europe                     ,25          ,5                 ,5               ,25                 ,60                           ,D
BION       ,Financials            ,Europe                     ,0           ,25                ,15              ,25                 ,65                           ,C
PLNW       ,Information Technology,Europe                     ,0           ,25                ,15              ,25                 ,65                           ,C
ENA        ,Utilities             ,Europe                     ,25          ,25                ,15              ,25                 ,90                           ,B
MGNS       ,Industrials           ,Europe                     ,0           ,25                ,15              ,25                 ,65                           ,C
BAKKA      ,Consumer Staples      ,Europe                     ,25          ,0                 ,5               ,25                 ,55                           ,D
ATE        ,Information Technology,Europe                     ,0           ,25                ,5               ,25                 ,55                           ,D
HICL       ,Financials            ,Europe                     ,0           ,5                 ,5               ,25                 ,35                           ,F
AZE        ,Industrials           ,Europe                     ,0           ,25                ,15              ,20                 ,60                           ,D
BAMNB      ,Industrials           ,Europe                     ,0           ,25                ,15              ,25                 ,65                           ,C
JTC        ,Financials            ,Europe                     ,0           ,25                ,15              ,20                 ,60                           ,D
GEKTERNA   ,Industrials           ,Europe                     ,25          ,0                 ,15              ,0                  ,40                           ,F
TBCG       ,Financials            ,Europe                     ,0           ,0                 ,15              ,10                 ,25                           ,F
OHB        ,Industrials           ,Europe                     ,0           ,25                ,15              ,25                 ,65                           ,C
TGN        ,Utilities             ,Europe                     ,25          ,25                ,5               ,20                 ,75                           ,C
VIS        ,Consumer Staples      ,Europe                     ,25          ,0                 ,15              ,25                 ,65                           ,C
BOSS       ,Consumer Discretionary,Europe                     ,25          ,25                ,5               ,20                 ,75                           ,C
CIRSA      ,Consumer Discretionary,Europe                     ,0           ,0                 ,15              ,0                  ,15                           ,F
MTO        ,Industrials           ,Europe                     ,0           ,25                ,15              ,20                 ,60                           ,D
CAF        ,Industrials           ,Europe                     ,25          ,0                 ,15              ,10                 ,50                           ,D
VTY        ,Consumer Discretionary,Europe                     ,0           ,0                 ,15              ,25                 ,40                           ,F
MING       ,Financials            ,Europe                     ,25          ,25                ,5               ,10                 ,65                           ,C
HUSQB      ,Industrials           ,Europe                     ,25          ,25                ,5               ,20                 ,75                           ,C
MELE       ,Information Technology,Europe                     ,25          ,5                 ,5               ,25                 ,60                           ,D
SZG        ,Materials             ,Europe                     ,25          ,0                 ,5               ,25                 ,55                           ,D
VIV        ,Communication Services,Europe                     ,0           ,25                ,15              ,20                 ,60                           ,D
CCC        ,Consumer Discretionary,Europe                     ,25          ,0                 ,15              ,0                  ,40                           ,F
COFA       ,Financials            ,Europe                     ,25          ,5                 ,5               ,10                 ,45                           ,D
MTGB       ,Communication Services,Europe                     ,25          ,0                 ,15              ,25                 ,65                           ,C
OPM        ,Consumer Discretionary,Europe                     ,0           ,25                ,5               ,10                 ,40                           ,F
NVG        ,Materials             ,Europe                     ,25          ,0                 ,5               ,20                 ,50                           ,D
KRU        ,Financials            ,Europe                     ,25          ,0                 ,15              ,10                 ,50                           ,D
PROX       ,Communication Services,Europe                     ,0           ,15                ,15              ,10                 ,40                           ,F
AIXA       ,Information Technology,Europe                     ,25          ,25                ,15              ,25                 ,90                           ,B
NOD        ,Information Technology,Europe                     ,25          ,0                 ,15              ,25                 ,65                           ,C
THULE      ,Consumer Discretionary,Europe                     ,25          ,15                ,15              ,20                 ,75                           ,C
DOC        ,Industrials           ,Europe                     ,25          ,25                ,15              ,20                 ,85                           ,B
SINCH      ,Information Technology,Europe                     ,25          ,0                 ,15              ,25                 ,65                           ,C
PEABB      ,Industrials           ,Europe                     ,25          ,25                ,15              ,20                 ,85                           ,B
ROKOB      ,Financials            ,Europe                     ,0           ,0                 ,15              ,25                 ,40                           ,F
1SXP       ,Health Care           ,Europe                     ,25          ,15                ,15              ,25                 ,80                           ,B
SDF        ,Materials             ,Europe                     ,25          ,0                 ,5               ,25                 ,55                           ,D
EMEIS      ,Health Care           ,Europe                     ,0           ,0                 ,15              ,0                  ,15                           ,F
N91        ,Financials            ,Africa / Middle East       ,0           ,20                ,15              ,25                 ,60                           ,D
HAFNI      ,Energy                ,Asia / Pacific             ,25          ,20                ,15              ,25                 ,85                           ,B
SLR        ,Utilities             ,Europe                     ,25          ,0                 ,15              ,10                 ,50                           ,D
THEON      ,Industrials           ,Europe                     ,25          ,15                ,5               ,25                 ,70                           ,C
TABAK      ,Consumer Staples      ,Europe                     ,0           ,0                 ,15              ,25                 ,40                           ,F
PAALB      ,Industrials           ,Europe                     ,25          ,25                ,15              ,25                 ,90                           ,B
TCAP       ,Financials            ,Europe                     ,0           ,25                ,15              ,10                 ,50                           ,D
DIA        ,Consumer Staples      ,Europe                     ,0           ,0                 ,15              ,25                 ,40                           ,F
AJB        ,Financials            ,Europe                     ,0           ,20                ,15              ,25                 ,60                           ,D
CEC        ,Consumer Discretionary,Europe                     ,0           ,25                ,15              ,0                  ,40                           ,F
BILL       ,Materials             ,Europe                     ,25          ,25                ,15              ,25                 ,90                           ,B
RENE       ,Utilities             ,Europe                     ,25          ,25                ,15              ,10                 ,75                           ,C
TIETO      ,Information Technology,Europe                     ,25          ,20                ,5               ,20                 ,70                           ,C
DIGI       ,Communication Services,Europe                     ,25          ,0                 ,15              ,10                 ,50                           ,D
GN         ,Consumer Discretionary,Europe                     ,25          ,0                 ,15              ,10                 ,50                           ,D
OUT1V      ,Materials             ,Europe                     ,25          ,0                 ,15              ,25                 ,65                           ,C
KTY        ,Materials             ,Europe                     ,25          ,15                ,15              ,20                 ,75                           ,C
POST       ,Industrials           ,Europe                     ,25          ,0                 ,15              ,20                 ,60                           ,D
KINVB      ,Financials            ,Europe                     ,0           ,0                 ,15              ,25                 ,40                           ,F
SAX        ,Communication Services,Europe                     ,0           ,25                ,5               ,0                  ,30                           ,F
PETG       ,Consumer Discretionary,Europe                     ,25          ,20                ,15              ,20                 ,80                           ,B
ENO        ,Industrials           ,Europe                     ,0           ,0                 ,5               ,25                 ,30                           ,F
BB         ,Industrials           ,Europe                     ,0           ,15                ,5               ,25                 ,45                           ,D
ITP        ,Consumer Staples      ,Europe                     ,0           ,15                ,15              ,25                 ,55                           ,D
SWON       ,Information Technology,Europe                     ,0           ,25                ,15              ,25                 ,65                           ,C
AERO       ,Industrials           ,Europe                     ,25          ,0                 ,15              ,25                 ,65                           ,C
NOS        ,Communication Services,Europe                     ,25          ,25                ,15              ,10                 ,75                           ,C
WWI        ,Industrials           ,Europe                     ,25          ,15                ,15              ,25                 ,80                           ,B
SHOT       ,Consumer Discretionary,Europe                     ,25          ,25                ,15              ,0                  ,65                           ,C
GFTU       ,Industrials           ,Europe                     ,0           ,25                ,5               ,25                 ,55                           ,D
DMP        ,Health Care           ,Europe                     ,0           ,25                ,15              ,10                 ,50                           ,D
GRG        ,Consumer Discretionary,Europe                     ,0           ,0                 ,5               ,20                 ,25                           ,F
SCHO       ,Consumer Staples      ,Europe                     ,25          ,25                ,15              ,20                 ,85                           ,B
HILS       ,Materials             ,Europe                     ,0           ,25                ,15              ,25                 ,65                           ,C
INLOT      ,Consumer Discretionary,Europe                     ,0           ,25                ,5               ,0                  ,30                           ,F
ANTIN      ,Financials            ,Europe                     ,0           ,5                 ,5               ,25                 ,35                           ,F
VEI        ,Industrials           ,Europe                     ,25          ,20                ,15              ,25                 ,85                           ,B
NK         ,Materials             ,Europe                     ,0           ,0                 ,15              ,20                 ,35                           ,F
COTN       ,Information Technology,Europe                     ,0           ,25                ,15              ,25                 ,65                           ,C
EKTAB      ,Health Care           ,Europe                     ,25          ,25                ,5               ,20                 ,75                           ,C
NCCB       ,Industrials           ,Europe                     ,25          ,25                ,5               ,20                 ,75                           ,C
DOFG       ,Energy                ,Europe                     ,25          ,25                ,15              ,20                 ,85                           ,B
TRP        ,Materials             ,Europe                     ,25          ,0                 ,15              ,20                 ,60                           ,D
INRN       ,Industrials           ,Europe                     ,0           ,25                ,5               ,25                 ,55                           ,D
CMO        ,Materials             ,Europe                     ,0           ,0                 ,15              ,25                 ,40                           ,F
ANIM       ,Financials            ,Europe                     ,25          ,25                ,15              ,25                 ,90                           ,B
CAR        ,Consumer Discretionary,Europe                     ,25          ,0                 ,15              ,20                 ,60                           ,D
BCHN       ,Industrials           ,Europe                     ,0           ,25                ,15              ,25                 ,65                           ,C
HTWS       ,Communication Services,Europe                     ,0           ,0                 ,15              ,0                  ,15                           ,F
GNS        ,Health Care           ,Europe                     ,0           ,25                ,15              ,20                 ,60                           ,D
SEPL       ,Energy                ,Africa / Middle East       ,25          ,25                ,15              ,20                 ,85                           ,B
HEIJM      ,Industrials           ,Europe                     ,0           ,25                ,15              ,25                 ,65                           ,C
TRIG       ,Utilities             ,Europe                     ,0           ,5                 ,5               ,25                 ,35                           ,F
ZEP        ,Utilities             ,Europe                     ,0           ,0                 ,15              ,25                 ,40                           ,F
RCO        ,Consumer Staples      ,Europe                     ,0           ,0                 ,15              ,25                 ,40                           ,F
BME        ,Consumer Discretionary,Europe                     ,0           ,25                ,5               ,0                  ,30                           ,F
CPS        ,Communication Services,Europe                     ,25          ,0                 ,15              ,20                 ,60                           ,D
BEKB       ,Materials             ,Europe                     ,0           ,25                ,15              ,25                 ,65                           ,C
PEUG       ,Financials            ,Europe                     ,0           ,5                 ,15              ,25                 ,45                           ,D
KODT       ,Industrials           ,Europe                     ,25          ,25                ,15              ,25                 ,90                           ,B
ENOG       ,Energy                ,Europe                     ,0           ,25                ,15              ,0                  ,40                           ,F
TXGN       ,Communication Services,Europe                     ,0           ,25                ,5               ,25                 ,55                           ,D
TMI        ,Industrials           ,Europe                     ,0           ,25                ,15              ,25                 ,65                           ,C
HMS        ,Information Technology,Europe                     ,25          ,25                ,15              ,20                 ,85                           ,B
HOME       ,Consumer Discretionary,Europe                     ,0           ,0                 ,5               ,20                 ,25                           ,F
PLX        ,Financials            ,Europe                     ,0           ,25                ,15              ,0                  ,40                           ,F
KTB        ,Financials            ,Asia / Pacific             ,25          ,5                 ,15              ,25                 ,70                           ,C
MMK        ,Materials             ,Europe                     ,25          ,25                ,15              ,20                 ,85                           ,B
TATE       ,Consumer Staples      ,Europe                     ,0           ,5                 ,15              ,20                 ,40                           ,F
ERA        ,Materials             ,Europe                     ,0           ,0                 ,5               ,10                 ,15                           ,F
SZU        ,Consumer Staples      ,Europe                     ,0           ,25                ,5               ,20                 ,50                           ,D
EMBLA      ,Health Care           ,Europe                     ,25          ,0                 ,15              ,20                 ,60                           ,D
AOF        ,Information Technology,Europe                     ,25          ,0                 ,15              ,25                 ,65                           ,C
BBL        ,Financials            ,Asia / Pacific             ,25          ,0                 ,15              ,20                 ,60                           ,D
TECN       ,Health Care           ,Europe                     ,0           ,25                ,5               ,25                 ,55                           ,D
COPN       ,Health Care           ,Europe                     ,0           ,15                ,5               ,25                 ,45                           ,D
KOEI       ,Industrials           ,Europe                     ,25          ,25                ,5               ,25                 ,80                           ,B
BFF        ,Financials            ,Europe                     ,25          ,0                 ,15              ,0                  ,40                           ,F
OEMB       ,Industrials           ,Europe                     ,25          ,25                ,15              ,25                 ,90                           ,B
ELG        ,Information Technology,Europe                     ,0           ,25                ,15              ,25                 ,65                           ,C
MEL        ,Consumer Discretionary,Europe                     ,25          ,0                 ,15              ,0                  ,40                           ,F
STORB      ,Industrials           ,Europe                     ,25          ,25                ,15              ,20                 ,85                           ,B
JFN        ,Industrials           ,Europe                     ,0           ,5                 ,15              ,25                 ,45                           ,D
GEST       ,Consumer Discretionary,Europe                     ,25          ,25                ,5               ,10                 ,65                           ,C
CLASB      ,Consumer Discretionary,Europe                     ,25          ,25                ,15              ,20                 ,85                           ,B
SOLV       ,Materials             ,Europe                     ,0           ,0                 ,5               ,25                 ,30                           ,F
ODL        ,Energy                ,Europe                     ,25          ,20                ,15              ,25                 ,85                           ,B
TRMDA      ,Energy                ,Europe                     ,25          ,5                 ,5               ,20                 ,55                           ,D
VH2        ,Energy                ,Europe                     ,0           ,25                ,15              ,25                 ,65                           ,C
CZG        ,Industrials           ,Europe                     ,25          ,25                ,15              ,20                 ,85                           ,B
TFI        ,Communication Services,Europe                     ,0           ,15                ,15              ,25                 ,55                           ,D
AFG        ,Industrials           ,Europe                     ,25          ,25                ,15              ,25                 ,90                           ,B
BETSB      ,Consumer Discretionary,Europe                     ,25          ,25                ,15              ,25                 ,90                           ,B
SEM        ,Materials             ,Europe                     ,25          ,0                 ,15              ,20                 ,60                           ,D
LRE        ,Financials            ,Latin America and Caribbean,0           ,25                ,15              ,25                 ,65                           ,C
OPTIMA     ,Financials            ,Europe                     ,25          ,0                 ,15              ,25                 ,65                           ,C
BUFAB      ,Industrials           ,Europe                     ,25          ,25                ,15              ,20                 ,85                           ,B
ALIFB      ,Health Care           ,Europe                     ,25          ,25                ,15              ,20                 ,85                           ,B
RBT        ,Materials             ,Europe                     ,0           ,25                ,15              ,20                 ,60                           ,D
WAC        ,Industrials           ,Europe                     ,0           ,25                ,15              ,25                 ,65                           ,C
BWLPG      ,Energy                ,Asia / Pacific             ,25          ,0                 ,15              ,20                 ,60                           ,D
AUSS       ,Consumer Staples      ,Europe                     ,25          ,25                ,15              ,20                 ,85                           ,B
BRAV       ,Industrials           ,Europe                     ,25          ,15                ,15              ,25                 ,80                           ,B
EPROB      ,Industrials           ,Europe                     ,25          ,25                ,15              ,20                 ,85                           ,B
HAVAS      ,Communication Services,Europe                     ,0           ,15                ,5               ,25                 ,45                           ,D
PFD        ,Consumer Staples      ,Europe                     ,0           ,25                ,15              ,25                 ,65                           ,C
HACK       ,Communication Services,Europe                     ,0           ,15                ,15              ,25                 ,55                           ,D
EXA        ,Industrials           ,Europe                     ,0           ,0                 ,15              ,10                 ,25                           ,F
BRG        ,Materials             ,Europe                     ,25          ,15                ,15              ,25                 ,80                           ,B
CARA       ,Health Care           ,Europe                     ,25          ,0                 ,15              ,25                 ,65                           ,C
SYSR       ,Industrials           ,Europe                     ,25          ,25                ,15              ,25                 ,90                           ,B
VITR       ,Health Care           ,Europe                     ,25          ,25                ,15              ,25                 ,90                           ,B
WAF        ,Information Technology,Europe                     ,25          ,0                 ,5               ,20                 ,50                           ,D
ELK        ,Materials             ,Europe                     ,25          ,0                 ,15              ,25                 ,65                           ,C
FAE        ,Health Care           ,Europe                     ,25          ,0                 ,15              ,25                 ,65                           ,C
LAND       ,Information Technology,Europe                     ,0           ,20                ,15              ,25                 ,60                           ,D
BEIAB      ,Industrials           ,Europe                     ,25          ,25                ,15              ,20                 ,85                           ,B
STF        ,Industrials           ,Europe                     ,0           ,20                ,5               ,10                 ,35                           ,F
BRKN       ,Industrials           ,Europe                     ,0           ,15                ,15              ,25                 ,55                           ,D
AFRY       ,Industrials           ,Europe                     ,25          ,25                ,15              ,20                 ,85                           ,B
HBMN       ,Financials            ,Europe                     ,0           ,0                 ,15              ,25                 ,40                           ,F
AQ         ,Industrials           ,Europe                     ,25          ,25                ,15              ,25                 ,90                           ,B
ROSE       ,Financials            ,Europe                     ,0           ,0                 ,15              ,25                 ,40                           ,F
VAIAS      ,Information Technology,Europe                     ,25          ,25                ,15              ,25                 ,90                           ,B
ELUXB      ,Consumer Discretionary,Europe                     ,25          ,0                 ,15              ,0                  ,40                           ,F
CHEMM      ,Health Care           ,Europe                     ,0           ,25                ,15              ,25                 ,65                           ,C
FAGR       ,Health Care           ,Europe                     ,0           ,25                ,15              ,20                 ,60                           ,D
DOM        ,Consumer Discretionary,Europe                     ,25          ,15                ,15              ,25                 ,80                           ,B
IF         ,Financials            ,Europe                     ,25          ,0                 ,15              ,0                  ,40                           ,F
TIP        ,Financials            ,Europe                     ,0           ,0                 ,15              ,25                 ,40                           ,F
HAUTO      ,Industrials           ,Europe                     ,25          ,0                 ,5               ,20                 ,50                           ,D
PTSB       ,Financials            ,Europe                     ,0           ,0                 ,5               ,20                 ,25                           ,F
DUE        ,Industrials           ,Europe                     ,25          ,25                ,15              ,10                 ,75                           ,C
IMPN       ,Industrials           ,Europe                     ,0           ,5                 ,15              ,10                 ,30                           ,F
PFV        ,Industrials           ,Europe                     ,0           ,0                 ,5               ,25                 ,30                           ,F
NAS        ,Industrials           ,Europe                     ,25          ,25                ,5               ,0                  ,55                           ,D
IGN1L      ,Utilities             ,Europe                     ,25          ,0                 ,15              ,20                 ,60                           ,D
ACT        ,Materials             ,Europe                     ,25          ,25                ,15              ,25                 ,90                           ,B
BAKK       ,Consumer Staples      ,Europe                     ,0           ,20                ,5               ,25                 ,50                           ,D
TPK        ,Industrials           ,Europe                     ,0           ,25                ,5               ,20                 ,50                           ,D
CHG        ,Industrials           ,Europe                     ,0           ,0                 ,15              ,25                 ,40                           ,F
ALHG       ,Communication Services,Europe                     ,0           ,25                ,15              ,10                 ,50                           ,D
NBG6       ,Financials            ,Europe                     ,0           ,0                 ,15              ,25                 ,40                           ,F
EGL        ,Industrials           ,Europe                     ,0           ,25                ,15              ,0                  ,40                           ,F
VOS        ,Industrials           ,Europe                     ,25          ,0                 ,15              ,25                 ,65                           ,C
ARIS       ,Industrials           ,Europe                     ,0           ,25                ,15              ,20                 ,60                           ,D
CURY       ,Consumer Discretionary,Europe                     ,0           ,25                ,15              ,25                 ,65                           ,C
PDX        ,Communication Services,Europe                     ,25          ,25                ,15              ,25                 ,90                           ,B
TESB       ,Materials             ,Europe                     ,0           ,25                ,5               ,25                 ,55                           ,D
NOLAB      ,Industrials           ,Europe                     ,25          ,15                ,15              ,25                 ,80                           ,B
MMT        ,Communication Services,Europe                     ,0           ,15                ,5               ,25                 ,45                           ,D
TWEKA      ,Industrials           ,Europe                     ,0           ,20                ,15              ,20                 ,55                           ,D
LXS        ,Materials             ,Europe                     ,25          ,25                ,5               ,20                 ,75                           ,C
DNR        ,Industrials           ,Europe                     ,25          ,20                ,5               ,25                 ,75                           ,C
FAN        ,Industrials           ,Europe                     ,0           ,25                ,15              ,20                 ,60                           ,D
RWAY       ,Communication Services,Europe                     ,25          ,15                ,5               ,20                 ,65                           ,C
IPS        ,Communication Services,Europe                     ,0           ,25                ,15              ,25                 ,65                           ,C
GRNG       ,Materials             ,Europe                     ,25          ,0                 ,15              ,20                 ,60                           ,D
BOY        ,Industrials           ,Europe                     ,0           ,20                ,15              ,25                 ,60                           ,D
HEM        ,Communication Services,Europe                     ,25          ,25                ,15              ,25                 ,90                           ,B
000686     ,Financials            ,Asia / Pacific             ,0           ,0                 ,5               ,0                  ,5                            ,F
BELL       ,Consumer Staples      ,Europe                     ,0           ,5                 ,15              ,20                 ,40                           ,F
PFSE       ,Industrials           ,Europe                     ,0           ,0                 ,15              ,20                 ,35                           ,F
ATYM       ,Materials             ,Europe                     ,25          ,25                ,15              ,25                 ,90                           ,B
LIAB       ,Industrials           ,Europe                     ,25          ,25                ,15              ,20                 ,85                           ,B
TGS        ,Energy                ,Europe                     ,25          ,25                ,15              ,25                 ,90                           ,B
ATEA       ,Information Technology,Europe                     ,25          ,15                ,15              ,25                 ,80                           ,B
ZVTG       ,Financials            ,Europe                     ,0           ,0                 ,15              ,25                 ,40                           ,F
RHIM       ,Materials             ,Europe                     ,0           ,25                ,15              ,10                 ,50                           ,D
VBK        ,Energy                ,Europe                     ,0           ,0                 ,15              ,25                 ,40                           ,F
SNI        ,Industrials           ,Europe                     ,25          ,25                ,5               ,10                 ,65                           ,C
SUP        ,Consumer Discretionary,Europe                     ,0           ,25                ,5               ,25                 ,55                           ,D
SANT       ,Information Technology,Europe                     ,25          ,20                ,15              ,20                 ,80                           ,B
ALIG       ,Industrials           ,Europe                     ,25          ,25                ,15              ,25                 ,90                           ,B
ASHM       ,Financials            ,Europe                     ,0           ,0                 ,5               ,25                 ,30                           ,F
OVS        ,Consumer Discretionary,Europe                     ,0           ,0                 ,15              ,10                 ,25                           ,F
DOM        ,Consumer Discretionary,Europe                     ,25          ,25                ,15              ,20                 ,85                           ,B
SES        ,Information Technology,Europe                     ,25          ,25                ,15              ,10                 ,75                           ,C
COM        ,Industrials           ,Europe                     ,0           ,25                ,5               ,25                 ,55                           ,D
WUW        ,Financials            ,Europe                     ,0           ,25                ,5               ,10                 ,40                           ,F
DEZ        ,Industrials           ,Europe                     ,0           ,25                ,15              ,25                 ,65                           ,C
DIA        ,Health Care           ,Europe                     ,25          ,25                ,15              ,0                  ,65                           ,C
ARYN       ,Consumer Staples      ,Europe                     ,0           ,25                ,5               ,10                 ,40                           ,F
PSG        ,Industrials           ,Europe                     ,25          ,25                ,5               ,0                  ,55                           ,D
CKN        ,Industrials           ,Europe                     ,0           ,25                ,15              ,25                 ,65                           ,C
MOL        ,Financials            ,Europe                     ,25          ,0                 ,15              ,10                 ,50                           ,D
KNOS       ,Information Technology,Europe                     ,0           ,15                ,15              ,25                 ,55                           ,D
NEWAB      ,Consumer Discretionary,Europe                     ,25          ,0                 ,15              ,25                 ,65                           ,C
OXIG       ,Information Technology,Europe                     ,0           ,25                ,15              ,25                 ,65                           ,C
CLARI      ,Health Care           ,Europe                     ,0           ,25                ,5               ,10                 ,40                           ,F
KIT        ,Information Technology,Europe                     ,25          ,25                ,15              ,20                 ,85                           ,B
FORN       ,Industrials           ,Europe                     ,0           ,15                ,15              ,25                 ,55                           ,D
IHP        ,Financials            ,Europe                     ,0           ,25                ,15              ,25                 ,65                           ,C
SFER       ,Consumer Discretionary,Europe                     ,0           ,25                ,15              ,10                 ,50                           ,D
TYRES      ,Consumer Discretionary,Europe                     ,25          ,0                 ,5               ,20                 ,50                           ,D
KLR        ,Industrials           ,Europe                     ,0           ,25                ,15              ,20                 ,60                           ,D
PAL        ,Industrials           ,Europe                     ,25          ,0                 ,15              ,10                 ,50                           ,D
AEGN       ,Industrials           ,Europe                     ,25          ,25                ,15              ,0                  ,65                           ,C
SKISB      ,Consumer Discretionary,Europe                     ,25          ,25                ,15              ,20                 ,85                           ,B
DNO        ,Energy                ,Europe                     ,25          ,5                 ,5               ,20                 ,55                           ,D
WAVE       ,Information Technology,Europe                     ,0           ,25                ,15              ,25                 ,65                           ,C
ATS        ,Information Technology,Europe                     ,0           ,0                 ,5               ,10                 ,15                           ,F
REHN       ,Utilities             ,Europe                     ,0           ,5                 ,15              ,25                 ,45                           ,D
HBH        ,Consumer Discretionary,Europe                     ,0           ,25                ,15              ,20                 ,60                           ,D
POS        ,Industrials           ,Europe                     ,25          ,25                ,5               ,20                 ,75                           ,C
ART        ,Industrials           ,Europe                     ,0           ,25                ,15              ,10                 ,50                           ,D
BREE       ,Materials             ,Europe                     ,0           ,15                ,5               ,25                 ,45                           ,D
OBEL       ,Communication Services,Europe                     ,0           ,0                 ,15              ,0                  ,15                           ,F
BOSN       ,Industrials           ,Europe                     ,0           ,25                ,15              ,20                 ,60                           ,D
CRN        ,Consumer Discretionary,Europe                     ,0           ,0                 ,15              ,25                 ,40                           ,F
DWL        ,Consumer Discretionary,Europe                     ,0           ,0                 ,5               ,20                 ,25                           ,F
S92        ,Industrials           ,Europe                     ,25          ,0                 ,15              ,25                 ,65                           ,C
LXMPR      ,Financials            ,Europe                     ,0           ,15                ,5               ,25                 ,45                           ,D
TEP        ,Utilities             ,Europe                     ,0           ,20                ,15              ,20                 ,55                           ,D
EMBRACB    ,Communication Services,Europe                     ,25          ,0                 ,15              ,25                 ,65                           ,C
FGP        ,Industrials           ,Europe                     ,0           ,25                ,15              ,0                  ,40                           ,F
ELO        ,Materials             ,Europe                     ,25          ,25                ,15              ,10                 ,75                           ,C
IVSO       ,Industrials           ,Europe                     ,25          ,25                ,15              ,25                 ,90                           ,B
ANODB      ,Information Technology,Europe                     ,25          ,20                ,15              ,20                 ,80                           ,B
METSB      ,Materials             ,Europe                     ,25          ,5                 ,5               ,25                 ,60                           ,D
ENGCONB    ,Industrials           ,Europe                     ,25          ,15                ,15              ,25                 ,80                           ,B
ALMA       ,Communication Services,Europe                     ,25          ,25                ,15              ,20                 ,85                           ,B
GUBRA      ,Health Care           ,Europe                     ,0           ,0                 ,15              ,25                 ,40                           ,F
NORCO      ,Industrials           ,Europe                     ,25          ,25                ,15              ,20                 ,85                           ,B
OERL       ,Industrials           ,Europe                     ,0           ,15                ,5               ,10                 ,30                           ,F
CMB        ,Industrials           ,Europe                     ,25          ,5                 ,15              ,25                 ,70                           ,C
RATOB      ,Financials            ,Europe                     ,25          ,25                ,15              ,20                 ,85                           ,B
MBB        ,Industrials           ,Europe                     ,0           ,25                ,5               ,25                 ,55                           ,D
A3M        ,Communication Services,Europe                     ,25          ,5                 ,5               ,25                 ,60                           ,D
VSVS       ,Industrials           ,Europe                     ,0           ,5                 ,5               ,25                 ,35                           ,F
BCG        ,Communication Services,Europe                     ,0           ,25                ,15              ,25                 ,65                           ,C
BILIA      ,Consumer Discretionary,Europe                     ,25          ,0                 ,15              ,0                  ,40                           ,F
ELN        ,Health Care           ,Europe                     ,0           ,0                 ,15              ,25                 ,40                           ,F
KIE        ,Industrials           ,Europe                     ,0           ,25                ,15              ,0                  ,40                           ,F
MONY       ,Communication Services,Europe                     ,0           ,20                ,15              ,25                 ,60                           ,D
BONEX      ,Health Care           ,Europe                     ,25          ,0                 ,15              ,25                 ,65                           ,C
SLYG       ,Information Technology,Europe                     ,0           ,25                ,15              ,25                 ,65                           ,C
ATT        ,Health Care           ,Europe                     ,25          ,25                ,15              ,0                  ,65                           ,C
ELM        ,Materials             ,Europe                     ,0           ,25                ,5               ,25                 ,55                           ,D
PSM        ,Communication Services,Europe                     ,25          ,25                ,5               ,10                 ,65                           ,C
TEL        ,Utilities             ,Europe                     ,0           ,5                 ,5               ,25                 ,35                           ,F
LTA        ,Financials            ,Europe                     ,0           ,25                ,5               ,25                 ,55                           ,D
ICGT       ,Financials            ,Europe                     ,0           ,25                ,15              ,25                 ,65                           ,C
PODR       ,Consumer Staples      ,Europe                     ,25          ,15                ,5               ,25                 ,70                           ,C
BFG        ,Consumer Staples      ,Europe                     ,0           ,0                 ,15              ,25                 ,40                           ,F
SL         ,Consumer Discretionary,Europe                     ,25          ,0                 ,15              ,25                 ,65                           ,C
AMBEA      ,Health Care           ,Europe                     ,25          ,25                ,15              ,0                  ,65                           ,C
VITB       ,Information Technology,Europe                     ,25          ,25                ,15              ,20                 ,85                           ,B
AUTN       ,Consumer Discretionary,Europe                     ,0           ,25                ,15              ,20                 ,60                           ,D
FEVR       ,Consumer Staples      ,Europe                     ,0           ,25                ,5               ,25                 ,55                           ,D
CRBN       ,Materials             ,Europe                     ,0           ,25                ,15              ,20                 ,60                           ,D
BITTI      ,Information Technology,Europe                     ,25          ,25                ,15              ,25                 ,90                           ,B
PUUILO     ,Consumer Discretionary,Europe                     ,25          ,15                ,15              ,10                 ,65                           ,C
SEIT       ,Financials            ,Europe                     ,0           ,5                 ,15              ,25                 ,45                           ,D
TIMA       ,Consumer Discretionary,Europe                     ,25          ,25                ,5               ,25                 ,80                           ,B
ICOS       ,Consumer Staples      ,Europe                     ,0           ,25                ,15              ,20                 ,60                           ,D
HAN        ,Financials            ,Europe                     ,0           ,25                ,5               ,25                 ,55                           ,D
LKPG       ,Industrials           ,Europe                     ,25          ,0                 ,15              ,25                 ,65                           ,C
CVSG       ,Health Care           ,Europe                     ,0           ,25                ,15              ,20                 ,60                           ,D
PEP        ,Utilities             ,Europe                     ,25          ,0                 ,15              ,20                 ,60                           ,D
FQT        ,Industrials           ,Europe                     ,0           ,25                ,15              ,25                 ,65                           ,C
NWG        ,Industrials           ,Europe                     ,25          ,25                ,15              ,25                 ,90                           ,B
POSR       ,Financials            ,Europe                     ,0           ,0                 ,15              ,25                 ,40                           ,F
NRO        ,Information Technology,Europe                     ,0           ,25                ,15              ,25                 ,65                           ,C
PPA        ,Industrials           ,Europe                     ,0           ,0                 ,15              ,25                 ,40                           ,F
FSKRS      ,Consumer Discretionary,Europe                     ,0           ,0                 ,5               ,20                 ,25                           ,F
HAS        ,Industrials           ,Europe                     ,0           ,25                ,5               ,20                 ,50                           ,D
VETO       ,Health Care           ,Europe                     ,0           ,25                ,15              ,25                 ,65                           ,C
STG        ,Consumer Staples      ,Europe                     ,25          ,20                ,15              ,20                 ,80                           ,B
BAR        ,Information Technology,Europe                     ,0           ,25                ,15              ,25                 ,65                           ,C
CTT        ,Industrials           ,Europe                     ,25          ,25                ,15              ,10                 ,75                           ,C
NORBT      ,Information Technology,Europe                     ,25          ,25                ,15              ,25                 ,90                           ,B
GVR        ,Consumer Discretionary,Europe                     ,0           ,0                 ,15              ,25                 ,40                           ,F
ZEHN       ,Industrials           ,Europe                     ,0           ,25                ,15              ,25                 ,65                           ,C
PETS       ,Consumer Discretionary,Europe                     ,0           ,25                ,15              ,25                 ,65                           ,C
OET        ,Energy                ,Europe                     ,25          ,0                 ,15              ,10                 ,50                           ,D
BIOGB      ,Health Care           ,Europe                     ,25          ,20                ,15              ,25                 ,85                           ,B
ZIG        ,Industrials           ,Europe                     ,0           ,0                 ,15              ,20                 ,35                           ,F
AMG        ,Materials             ,Europe                     ,25          ,0                 ,5               ,10                 ,40                           ,F
SNR        ,Industrials           ,Europe                     ,0           ,15                ,15              ,20                 ,50                           ,D
BYIT       ,Information Technology,Europe                     ,0           ,25                ,15              ,25                 ,65                           ,C
JUP        ,Financials            ,Europe                     ,0           ,20                ,15              ,25                 ,60                           ,D
FUR        ,Industrials           ,Europe                     ,0           ,5                 ,5               ,25                 ,35                           ,F
DATA       ,Industrials           ,Europe                     ,0           ,25                ,5               ,25                 ,55                           ,D
DYVOX      ,Information Technology,Europe                     ,0           ,0                 ,15              ,10                 ,25                           ,F
KAR        ,Communication Services,Europe                     ,25          ,0                 ,15              ,10                 ,50                           ,D
ATO        ,Information Technology,Europe                     ,0           ,0                 ,5               ,0                  ,5                            ,F
TFBANK     ,Financials            ,Europe                     ,25          ,0                 ,15              ,25                 ,65                           ,C
GXI        ,Health Care           ,Europe                     ,25          ,0                 ,15              ,20                 ,60                           ,D
NA9        ,Information Technology,Europe                     ,0           ,25                ,15              ,10                 ,50                           ,D
CORD       ,Financials            ,United States and Canada   ,0           ,0                 ,5               ,25                 ,30                           ,F
EUZ        ,Health Care           ,Europe                     ,0           ,25                ,15              ,25                 ,65                           ,C
JDW        ,Consumer Discretionary,Europe                     ,0           ,25                ,5               ,0                  ,30                           ,F
GAMA       ,Communication Services,Europe                     ,0           ,25                ,15              ,25                 ,65                           ,C
GEN        ,Industrials           ,Europe                     ,0           ,25                ,15              ,25                 ,65                           ,C
ALTR       ,Materials             ,Europe                     ,25          ,0                 ,5               ,10                 ,40                           ,F
LNZ        ,Materials             ,Europe                     ,0           ,25                ,5               ,10                 ,40                           ,F
PHIL       ,Health Care           ,Europe                     ,0           ,0                 ,15              ,25                 ,40                           ,F
CASH       ,Industrials           ,Europe                     ,25          ,25                ,15              ,0                  ,65                           ,C
EWG        ,Financials            ,Europe                     ,0           ,0                 ,15              ,10                 ,25                           ,F
BNOR       ,Energy                ,Europe                     ,25          ,5                 ,15              ,10                 ,55                           ,D
GPP        ,Industrials           ,Europe                     ,25          ,20                ,15              ,20                 ,80                           ,B
VBGB       ,Industrials           ,Europe                     ,25          ,0                 ,15              ,25                 ,65                           ,C
PTEC       ,Consumer Discretionary,Europe                     ,0           ,0                 ,5               ,25                 ,30                           ,F
BONHR      ,Industrials           ,Europe                     ,25          ,0                 ,5               ,10                 ,40                           ,F
AMS        ,Information Technology,Europe                     ,25          ,0                 ,5               ,0                  ,30                           ,F
AKTIA      ,Financials            ,Europe                     ,25          ,25                ,15              ,0                  ,65                           ,C
UPR        ,Health Care           ,Europe                     ,0           ,25                ,15              ,10                 ,50                           ,D
NBPE       ,Financials            ,United States and Canada   ,0           ,25                ,5               ,25                 ,55                           ,D
COR        ,Materials             ,Europe                     ,25          ,25                ,5               ,25                 ,80                           ,B
LSS        ,Information Technology,Europe                     ,25          ,25                ,15              ,25                 ,90                           ,B
CBG        ,Financials            ,Europe                     ,0           ,25                ,5               ,10                 ,40                           ,F
B2I        ,Financials            ,Europe                     ,25          ,25                ,5               ,10                 ,65                           ,C
VLX        ,Industrials           ,Europe                     ,0           ,25                ,15              ,20                 ,60                           ,D
1INN       ,Information Technology,Europe                     ,0           ,20                ,5               ,25                 ,50                           ,D
LUVE       ,Industrials           ,Europe                     ,25          ,25                ,15              ,10                 ,75                           ,C
ACAD       ,Consumer Discretionary,Europe                     ,25          ,25                ,15              ,10                 ,75                           ,C
SMWH       ,Consumer Discretionary,Europe                     ,0           ,25                ,5               ,0                  ,30                           ,F
APOTEA     ,Consumer Staples      ,Europe                     ,25          ,0                 ,15              ,25                 ,65                           ,C
GLO        ,Industrials           ,Europe                     ,0           ,25                ,15              ,0                  ,40                           ,F
SYNSAM     ,Consumer Discretionary,Europe                     ,25          ,25                ,15              ,10                 ,75                           ,C
SIP        ,Consumer Staples      ,Europe                     ,0           ,25                ,15              ,25                 ,65                           ,C
NEU        ,Health Care           ,Europe                     ,25          ,25                ,15              ,20                 ,85                           ,B
RHK        ,Health Care           ,Europe                     ,0           ,0                 ,15              ,25                 ,40                           ,F
INWI       ,Industrials           ,Europe                     ,0           ,25                ,15              ,25                 ,65                           ,C
SAR        ,Consumer Staples      ,Europe                     ,0           ,15                ,15              ,25                 ,55                           ,D
AVIO       ,Industrials           ,Europe                     ,0           ,25                ,15              ,25                 ,65                           ,C
DOCS       ,Consumer Discretionary,Europe                     ,0           ,25                ,15              ,10                 ,50                           ,D
AMAG       ,Materials             ,Europe                     ,25          ,20                ,5               ,20                 ,70                           ,C
ODF        ,Industrials           ,Europe                     ,25          ,20                ,5               ,10                 ,60                           ,D
FNAC       ,Consumer Discretionary,Europe                     ,0           ,25                ,15              ,10                 ,50                           ,D
PAGE       ,Industrials           ,Europe                     ,0           ,15                ,5               ,20                 ,40                           ,F
CSN        ,Financials            ,Europe                     ,0           ,20                ,15              ,20                 ,55                           ,D
PPH        ,Consumer Discretionary,Europe                     ,0           ,15                ,5               ,0                  ,20                           ,F
FERGR      ,Industrials           ,Europe                     ,25          ,25                ,15              ,25                 ,90                           ,B
ASE        ,Information Technology,Europe                     ,25          ,25                ,15              ,25                 ,90                           ,B
SMHN       ,Information Technology,Europe                     ,25          ,0                 ,5               ,25                 ,55                           ,D
COK        ,Information Technology,Europe                     ,0           ,25                ,5               ,25                 ,55                           ,D
KCO        ,Industrials           ,Europe                     ,0           ,0                 ,5               ,20                 ,25                           ,F
JM         ,Consumer Discretionary,Europe                     ,25          ,25                ,15              ,10                 ,75                           ,C
MIPS       ,Consumer Discretionary,Europe                     ,25          ,5                 ,15              ,25                 ,70                           ,C
RNWH       ,Industrials           ,Europe                     ,0           ,25                ,15              ,25                 ,65                           ,C
SQZ        ,Energy                ,Europe                     ,0           ,0                 ,5               ,25                 ,30                           ,F
TROAX      ,Industrials           ,Europe                     ,25          ,15                ,5               ,25                 ,70                           ,C
JST        ,Industrials           ,Europe                     ,25          ,25                ,15              ,20                 ,85                           ,B
SFL        ,Consumer Discretionary,Europe                     ,0           ,0                 ,15              ,25                 ,40                           ,F
SAVE       ,Consumer Staples      ,Europe                     ,0           ,25                ,15              ,20                 ,60                           ,D
VPBN       ,Financials            ,Europe                     ,0           ,25                ,15              ,25                 ,65                           ,C
BAG        ,Consumer Staples      ,Europe                     ,0           ,20                ,15              ,25                 ,60                           ,D
ARJOB      ,Health Care           ,Europe                     ,25          ,25                ,15              ,20                 ,85                           ,B
NCAB       ,Information Technology,Europe                     ,25          ,25                ,15              ,20                 ,85                           ,B
KIN        ,Communication Services,Europe                     ,0           ,25                ,15              ,0                  ,40                           ,F
HARVIA     ,Consumer Discretionary,Europe                     ,25          ,20                ,15              ,20                 ,80                           ,B
RIVP       ,Consumer Discretionary,Europe                     ,25          ,0                 ,15              ,20                 ,60                           ,D
SPI        ,Health Care           ,Europe                     ,0           ,25                ,15              ,10                 ,50                           ,D
PNE3       ,Industrials           ,Europe                     ,0           ,0                 ,15              ,0                  ,15                           ,F
VOLO       ,Industrials           ,Europe                     ,25          ,25                ,5               ,10                 ,65                           ,C
CRW        ,Health Care           ,Europe                     ,0           ,25                ,15              ,25                 ,65                           ,C
PE         ,Utilities             ,Europe                     ,0           ,0                 ,15              ,20                 ,35                           ,F
CBF        ,Communication Services,Europe                     ,0           ,25                ,15              ,25                 ,65                           ,C
MLP        ,Financials            ,Europe                     ,25          ,0                 ,15              ,25                 ,65                           ,C
DOM        ,Consumer Discretionary,Europe                     ,0           ,25                ,5               ,25                 ,55                           ,D
QUEST      ,Information Technology,Europe                     ,25          ,15                ,5               ,25                 ,70                           ,C
PSAN       ,Information Technology,Europe                     ,0           ,0                 ,15              ,20                 ,35                           ,F
MOON       ,Consumer Discretionary,Europe                     ,0           ,25                ,15              ,25                 ,65                           ,C
MTU        ,Industrials           ,Europe                     ,0           ,25                ,5               ,25                 ,55                           ,D
BERGB      ,Industrials           ,Europe                     ,25          ,25                ,15              ,10                 ,75                           ,C
TGHN       ,Industrials           ,Europe                     ,0           ,25                ,5               ,25                 ,55                           ,D
MUM        ,Information Technology,Europe                     ,0           ,5                 ,15              ,25                 ,45                           ,D
GVS        ,Health Care           ,Europe                     ,25          ,0                 ,15              ,20                 ,60                           ,D
ACOMO      ,Consumer Staples      ,Europe                     ,0           ,0                 ,15              ,20                 ,35                           ,F
MPE        ,Consumer Staples      ,Europe                     ,0           ,25                ,5               ,25                 ,55                           ,D
PEY        ,Financials            ,Europe                     ,0           ,0                 ,5               ,25                 ,30                           ,F
APN        ,Consumer Staples      ,Europe                     ,0           ,5                 ,5               ,25                 ,35                           ,F
CS         ,Financials            ,Europe                     ,25          ,0                 ,5               ,25                 ,55                           ,D
INH        ,Industrials           ,Europe                     ,25          ,25                ,15              ,20                 ,85                           ,B
ALFA       ,Information Technology,Europe                     ,0           ,0                 ,15              ,25                 ,40                           ,F
AUB        ,Information Technology,Europe                     ,0           ,25                ,15              ,25                 ,65                           ,C
QIBK       ,Financials            ,Africa / Middle East       ,25          ,25                ,5               ,20                 ,75                           ,C
PON1V      ,Industrials           ,Europe                     ,25          ,25                ,15              ,25                 ,90                           ,B
ALVDM      ,Consumer Discretionary,Europe                     ,0           ,25                ,5               ,20                 ,50                           ,D
SOMA       ,Energy                ,Europe                     ,0           ,20                ,5               ,20                 ,45                           ,D
GCP        ,Financials            ,Europe                     ,0           ,25                ,5               ,25                 ,55                           ,D
GSF        ,Consumer Staples      ,Europe                     ,25          ,0                 ,15              ,10                 ,50                           ,D
ASC        ,Utilities             ,Europe                     ,25          ,25                ,15              ,25                 ,90                           ,B
MGAM       ,Industrials           ,Europe                     ,0           ,5                 ,5               ,10                 ,20                           ,F
RAYB       ,Health Care           ,Europe                     ,0           ,25                ,15              ,20                 ,60                           ,D
ADMIE      ,Utilities             ,Europe                     ,0           ,0                 ,15              ,25                 ,40                           ,F
DFDS       ,Industrials           ,Europe                     ,25          ,0                 ,15              ,10                 ,50                           ,D
AGR        ,Consumer Staples      ,Europe                     ,0           ,25                ,5               ,20                 ,50                           ,D
CWC        ,Industrials           ,Europe                     ,0           ,0                 ,15              ,25                 ,40                           ,F
EAT        ,Consumer Discretionary,Europe                     ,25          ,25                ,5               ,0                  ,55                           ,D
THEP       ,Industrials           ,Europe                     ,0           ,25                ,15              ,25                 ,65                           ,C
ZV         ,Materials             ,Europe                     ,25          ,20                ,5               ,20                 ,70                           ,C
VRC        ,Information Technology,Europe                     ,25          ,25                ,15              ,25                 ,90                           ,B
TNXT       ,Industrials           ,Europe                     ,25          ,25                ,5               ,20                 ,75                           ,C
ELIOR      ,Consumer Discretionary,Europe                     ,0           ,0                 ,15              ,10                 ,25                           ,F
MMGRB      ,Industrials           ,Europe                     ,25          ,25                ,15              ,20                 ,85                           ,B
SDG        ,Industrials           ,Europe                     ,0           ,25                ,15              ,25                 ,65                           ,C
7200       ,Information Technology,Africa / Middle East       ,0           ,0                 ,5               ,0                  ,5                            ,F
BWO        ,Energy                ,Latin America and Caribbean,25          ,0                 ,5               ,10                 ,40                           ,F
GLJ        ,Financials            ,Europe                     ,25          ,0                 ,5               ,0                  ,30                           ,F
APGN       ,Communication Services,Europe                     ,0           ,5                 ,15              ,25                 ,45                           ,D
BEN        ,Consumer Discretionary,Europe                     ,0           ,15                ,5               ,25                 ,45                           ,D
SFQ        ,Consumer Discretionary,Europe                     ,0           ,25                ,5               ,10                 ,40                           ,F
ABS        ,Information Technology,Europe                     ,25          ,20                ,15              ,25                 ,85                           ,B
ARH        ,Consumer Discretionary,Europe                     ,25          ,15                ,15              ,20                 ,75                           ,C
HTG        ,Energy                ,Europe                     ,0           ,25                ,15              ,25                 ,65                           ,C
CRE        ,Financials            ,Latin America and Caribbean,0           ,25                ,5               ,25                 ,55                           ,D
JSW        ,Materials             ,Europe                     ,25          ,0                 ,15              ,20                 ,60                           ,D
GPW        ,Financials            ,Europe                     ,25          ,15                ,15              ,25                 ,80                           ,B
GBG        ,Information Technology,Europe                     ,0           ,25                ,15              ,25                 ,65                           ,C
ASY        ,Industrials           ,Europe                     ,0           ,0                 ,5               ,25                 ,30                           ,F
2GB        ,Industrials           ,Europe                     ,0           ,25                ,15              ,25                 ,65                           ,C
DSCV       ,Industrials           ,Europe                     ,0           ,25                ,15              ,20                 ,60                           ,D
OCI        ,Materials             ,Europe                     ,25          ,0                 ,5               ,25                 ,55                           ,D
VCT        ,Materials             ,Europe                     ,0           ,5                 ,15              ,25                 ,45                           ,D
KRI        ,Consumer Staples      ,Europe                     ,25          ,0                 ,15              ,25                 ,65                           ,C
SATS       ,Consumer Discretionary,Europe                     ,25          ,25                ,15              ,0                  ,65                           ,C
OLVAS      ,Consumer Staples      ,Europe                     ,25          ,15                ,15              ,25                 ,80                           ,B
SDIPB      ,Industrials           ,Europe                     ,25          ,25                ,5               ,10                 ,65                           ,C
PIA        ,Consumer Discretionary,Europe                     ,25          ,20                ,15              ,10                 ,70                           ,C
MOZN       ,Consumer Discretionary,Europe                     ,0           ,25                ,15              ,25                 ,65                           ,C
WSU        ,Industrials           ,Europe                     ,25          ,15                ,15              ,20                 ,75                           ,C
PEXIP      ,Information Technology,Europe                     ,25          ,15                ,15              ,25                 ,80                           ,B
SAGA       ,Financials            ,Europe                     ,0           ,0                 ,15              ,0                  ,15                           ,F
RVRC       ,Consumer Discretionary,Europe                     ,25          ,25                ,15              ,25                 ,90                           ,B
INSTAL     ,Industrials           ,Europe                     ,25          ,25                ,15              ,10                 ,75                           ,C
EQS        ,Health Care           ,Europe                     ,0           ,20                ,15              ,25                 ,60                           ,D
IBST       ,Materials             ,Europe                     ,0           ,15                ,5               ,25                 ,45                           ,D
NRG        ,Communication Services,Europe                     ,0           ,25                ,5               ,25                 ,55                           ,D
CIR        ,Consumer Discretionary,Europe                     ,0           ,0                 ,15              ,10                 ,25                           ,F
ASTOR      ,Industrials           ,Africa / Middle East       ,25          ,0                 ,15              ,25                 ,65                           ,C
AVON       ,Industrials           ,Europe                     ,0           ,25                ,15              ,25                 ,65                           ,C
ADX        ,Utilities             ,Europe                     ,25          ,0                 ,5               ,0                  ,30                           ,F
WIX        ,Consumer Discretionary,Europe                     ,0           ,25                ,5               ,0                  ,30                           ,F
ABQK       ,Financials            ,Africa / Middle East       ,0           ,0                 ,15              ,20                 ,35                           ,F
AEP        ,Consumer Staples      ,Europe                     ,0           ,25                ,15              ,25                 ,65                           ,C
EVLI       ,Financials            ,Europe                     ,25          ,20                ,15              ,20                 ,80                           ,B
ALLIGOB    ,Industrials           ,Europe                     ,25          ,25                ,15              ,20                 ,85                           ,B
ROE1L      ,Financials            ,Europe                     ,25          ,0                 ,5               ,20                 ,50                           ,D
FLOB       ,Consumer Staples      ,Europe                     ,0           ,25                ,15              ,20                 ,60                           ,D
MATAS      ,Consumer Discretionary,Europe                     ,25          ,25                ,15              ,10                 ,75                           ,C
CEN        ,Industrials           ,Europe                     ,0           ,25                ,15              ,25                 ,65                           ,C
NEDAP      ,Information Technology,Europe                     ,0           ,15                ,15              ,25                 ,55                           ,D
IPO        ,Financials            ,Europe                     ,0           ,0                 ,15              ,25                 ,40                           ,F
POLR       ,Financials            ,Europe                     ,0           ,15                ,15              ,25                 ,55                           ,D
1AT        ,Consumer Discretionary,Europe                     ,25          ,0                 ,15              ,20                 ,60                           ,D
PLSV       ,Energy                ,Latin America and Caribbean,25          ,15                ,15              ,0                  ,55                           ,D
ENC        ,Materials             ,Europe                     ,25          ,0                 ,15              ,10                 ,50                           ,D
BYS        ,Industrials           ,Europe                     ,0           ,5                 ,15              ,25                 ,45                           ,D
HDD        ,Industrials           ,Europe                     ,25          ,0                 ,15              ,25                 ,65                           ,C
SCST       ,Consumer Staples      ,Europe                     ,25          ,5                 ,15              ,20                 ,65                           ,C
DUKE       ,Financials            ,Europe                     ,0           ,20                ,15              ,25                 ,60                           ,D
CICN       ,Information Technology,Europe                     ,0           ,0                 ,15              ,20                 ,35                           ,F
IPF        ,Financials            ,Europe                     ,0           ,0                 ,15              ,10                 ,25                           ,F
MRN        ,Industrials           ,Europe                     ,0           ,15                ,5               ,20                 ,40                           ,F
SBT        ,Materials             ,Europe                     ,0           ,25                ,5               ,25                 ,55                           ,D
ATGR       ,Consumer Staples      ,Europe                     ,25          ,0                 ,15              ,20                 ,60                           ,D
REG1V      ,Health Care           ,Europe                     ,25          ,25                ,15              ,25                 ,90                           ,B
STORYB     ,Communication Services,Europe                     ,25          ,0                 ,15              ,25                 ,65                           ,C
OTOEL      ,Consumer Discretionary,Europe                     ,0           ,0                 ,15              ,10                 ,25                           ,F
GFRD       ,Industrials           ,Europe                     ,0           ,25                ,15              ,25                 ,65                           ,C
DIS        ,Energy                ,Europe                     ,25          ,5                 ,5               ,25                 ,60                           ,D
JSG        ,Industrials           ,Europe                     ,0           ,25                ,15              ,25                 ,65                           ,C
D6H        ,Information Technology,Europe                     ,0           ,25                ,15              ,10                 ,50                           ,D
KOF        ,Consumer Discretionary,Europe                     ,25          ,0                 ,15              ,20                 ,60                           ,D
SNT        ,Health Care           ,Europe                     ,25          ,5                 ,15              ,25                 ,70                           ,C
MARR       ,Consumer Staples      ,Europe                     ,25          ,5                 ,5               ,10                 ,45                           ,D
ADN1       ,Information Technology,Europe                     ,25          ,25                ,15              ,10                 ,75                           ,C
REVO       ,Financials            ,Europe                     ,0           ,25                ,15              ,25                 ,65                           ,C
FSG        ,Financials            ,Europe                     ,0           ,15                ,5               ,25                 ,45                           ,D
DOV        ,Industrials           ,Europe                     ,25          ,25                ,15              ,0                  ,65                           ,C
PINT       ,Financials            ,Europe                     ,0           ,0                 ,5               ,25                 ,30                           ,F
EG7        ,Financials            ,Europe                     ,0           ,20                ,15              ,25                 ,60                           ,D
MNC        ,Consumer Discretionary,Europe                     ,25          ,25                ,5               ,25                 ,80                           ,B
CCR        ,Consumer Staples      ,Europe                     ,0           ,25                ,5               ,20                 ,50                           ,D
PNL        ,Industrials           ,Europe                     ,25          ,25                ,15              ,0                  ,65                           ,C
SECARE     ,Health Care           ,Europe                     ,25          ,25                ,15              ,25                 ,90                           ,B
SHF        ,Information Technology,Europe                     ,0           ,0                 ,15              ,20                 ,35                           ,F
JEN        ,Industrials           ,Europe                     ,0           ,25                ,5               ,25                 ,55                           ,D
FUTR       ,Communication Services,Europe                     ,0           ,25                ,15              ,25                 ,65                           ,C
TRUEB      ,Information Technology,Europe                     ,25          ,25                ,5               ,25                 ,80                           ,B
PBB        ,Financials            ,Europe                     ,25          ,0                 ,15              ,0                  ,40                           ,F
ICOP       ,Industrials           ,Europe                     ,0           ,0                 ,5               ,20                 ,25                           ,F
SCHP       ,Industrials           ,Europe                     ,0           ,25                ,15              ,10                 ,50                           ,D
FM         ,Communication Services,Europe                     ,25          ,0                 ,15              ,0                  ,40                           ,F
RECT       ,Industrials           ,Europe                     ,0           ,15                ,15              ,25                 ,55                           ,D
SPG        ,Materials             ,Europe                     ,25          ,25                ,15              ,20                 ,85                           ,B
DSPW       ,Industrials           ,Europe                     ,0           ,0                 ,15              ,25                 ,40                           ,F
RING       ,Financials            ,Europe                     ,25          ,25                ,15              ,20                 ,85                           ,B
GFM        ,Materials             ,Europe                     ,0           ,0                 ,15              ,25                 ,40                           ,F
EGLA       ,Industrials           ,Europe                     ,25          ,15                ,5               ,20                 ,65                           ,C
MILDEF     ,Industrials           ,Europe                     ,25          ,0                 ,15              ,25                 ,65                           ,C
MN         ,Communication Services,Europe                     ,25          ,0                 ,15              ,20                 ,60                           ,D
EVPL       ,Communication Services,Europe                     ,0           ,0                 ,15              ,25                 ,40                           ,F
HANZA      ,Information Technology,Europe                     ,25          ,25                ,15              ,20                 ,85                           ,B
APR        ,Consumer Discretionary,Europe                     ,25          ,25                ,15              ,25                 ,90                           ,B
AMS        ,Health Care           ,Europe                     ,0           ,25                ,15              ,25                 ,65                           ,C
WIIT       ,Information Technology,Europe                     ,25          ,25                ,15              ,0                  ,65                           ,C
SNTIA      ,Industrials           ,Europe                     ,0           ,25                ,15              ,25                 ,65                           ,C
MTHH       ,Industrials           ,Europe                     ,0           ,25                ,15              ,25                 ,65                           ,C
CPI        ,Industrials           ,Europe                     ,0           ,0                 ,15              ,0                  ,15                           ,F
RKH        ,Energy                ,Europe                     ,0           ,0                 ,15              ,25                 ,40                           ,F
FACC       ,Industrials           ,Europe                     ,25          ,0                 ,15              ,10                 ,50                           ,D
MSLH       ,Materials             ,Europe                     ,0           ,20                ,5               ,25                 ,50                           ,D
BOI        ,Health Care           ,Europe                     ,0           ,25                ,5               ,25                 ,55                           ,D
GRID       ,Financials            ,Europe                     ,0           ,0                 ,15              ,25                 ,40                           ,F
ZZB        ,Consumer Discretionary,Europe                     ,25          ,25                ,5               ,25                 ,80                           ,B
GSJ        ,Industrials           ,Europe                     ,0           ,0                 ,15              ,25                 ,40                           ,F
LPE        ,Consumer Staples      ,Europe                     ,0           ,20                ,5               ,25                 ,50                           ,D
MEKKO      ,Consumer Discretionary,Europe                     ,25          ,5                 ,5               ,25                 ,60                           ,D
BOWL       ,Consumer Discretionary,Europe                     ,0           ,20                ,15              ,10                 ,45                           ,D
PHN        ,Consumer Staples      ,Europe                     ,25          ,15                ,15              ,25                 ,80                           ,B
RNK        ,Consumer Discretionary,Europe                     ,0           ,25                ,15              ,20                 ,60                           ,D
BAHNB      ,Communication Services,Europe                     ,25          ,5                 ,15              ,25                 ,70                           ,C
RBW        ,Consumer Discretionary,Europe                     ,25          ,25                ,15              ,25                 ,90                           ,B
HFG        ,Consumer Staples      ,Europe                     ,0           ,0                 ,15              ,10                 ,25                           ,F
BOUV       ,Information Technology,Europe                     ,25          ,15                ,5               ,20                 ,65                           ,C
EVS        ,Information Technology,Europe                     ,0           ,25                ,15              ,25                 ,65                           ,C
OHLA       ,Industrials           ,Europe                     ,25          ,0                 ,15              ,10                 ,50                           ,D
EKT        ,Industrials           ,Europe                     ,0           ,0                 ,15              ,0                  ,15                           ,F
GFT        ,Information Technology,Europe                     ,0           ,25                ,5               ,20                 ,50                           ,D
STM        ,Industrials           ,Europe                     ,25          ,25                ,5               ,10                 ,65                           ,C
RCH        ,Communication Services,Europe                     ,0           ,15                ,5               ,25                 ,45                           ,D
QDT        ,Information Technology,Europe                     ,0           ,25                ,15              ,20                 ,60                           ,D
NLFSK      ,Industrials           ,Europe                     ,25          ,0                 ,15              ,20                 ,60                           ,D
CHRT       ,Industrials           ,Europe                     ,0           ,0                 ,15              ,25                 ,40                           ,F
TPE        ,Information Technology,Europe                     ,0           ,0                 ,15              ,25                 ,40                           ,F
ENH        ,Energy                ,Europe                     ,0           ,0                 ,15              ,0                  ,15                           ,F
INTRUM     ,Industrials           ,Europe                     ,25          ,0                 ,15              ,0                  ,40                           ,F
FILA       ,Industrials           ,Europe                     ,25          ,5                 ,5               ,20                 ,55                           ,D
MEDX       ,Health Care           ,Europe                     ,0           ,25                ,15              ,20                 ,60                           ,D
IDIP       ,Financials            ,Europe                     ,0           ,0                 ,5               ,25                 ,30                           ,F
BSGR       ,Consumer Discretionary,Europe                     ,0           ,25                ,15              ,10                 ,50                           ,D
ALGIL      ,Materials             ,Europe                     ,0           ,5                 ,5               ,25                 ,35                           ,F
COMB       ,Financials            ,Europe                     ,0           ,25                ,5               ,25                 ,55                           ,D
PCZ        ,Financials            ,Europe                     ,0           ,0                 ,15              ,10                 ,25                           ,F
GHC        ,Health Care           ,Europe                     ,25          ,20                ,15              ,20                 ,80                           ,B
SBO        ,Energy                ,Europe                     ,0           ,20                ,15              ,20                 ,55                           ,D
COST       ,Industrials           ,Europe                     ,0           ,5                 ,15              ,25                 ,45                           ,D
PRS        ,Communication Services,Europe                     ,25          ,25                ,5               ,25                 ,80                           ,B
NOTE       ,Information Technology,Europe                     ,25          ,0                 ,15              ,25                 ,65                           ,C
ENITY      ,Financials            ,Europe                     ,0           ,25                ,15              ,10                 ,50                           ,D
PINE       ,Information Technology,Europe                     ,0           ,0                 ,15              ,25                 ,40                           ,F
NCC        ,Information Technology,Europe                     ,0           ,20                ,5               ,25                 ,50                           ,D
SOAG       ,Financials            ,Europe                     ,25          ,25                ,15              ,20                 ,85                           ,B
TAM        ,Financials            ,Europe                     ,0           ,20                ,15              ,25                 ,60                           ,D
RIEN       ,Industrials           ,Europe                     ,0           ,0                 ,5               ,20                 ,25                           ,F
VETN       ,Materials             ,Europe                     ,0           ,15                ,15              ,25                 ,55                           ,D
BSL        ,Information Technology,Europe                     ,0           ,0                 ,15              ,20                 ,35                           ,F
DFS        ,Consumer Discretionary,Europe                     ,0           ,0                 ,15              ,10                 ,25                           ,F
IXX        ,Information Technology,Europe                     ,0           ,25                ,15              ,20                 ,60                           ,D
ELIX       ,Industrials           ,Europe                     ,0           ,25                ,15              ,25                 ,65                           ,C
NOEJ       ,Industrials           ,Europe                     ,0           ,25                ,5               ,20                 ,50                           ,D
ROS        ,Industrials           ,Europe                     ,25          ,0                 ,15              ,0                  ,40                           ,F
MAB1       ,Financials            ,Europe                     ,0           ,25                ,5               ,25                 ,55                           ,D
EXPL       ,Materials             ,Europe                     ,0           ,25                ,15              ,20                 ,60                           ,D
MARS       ,Consumer Discretionary,Europe                     ,0           ,0                 ,15              ,10                 ,25                           ,F
MHA        ,Industrials           ,Europe                     ,0           ,25                ,15              ,25                 ,65                           ,C
ATT        ,Materials             ,Europe                     ,25          ,0                 ,15              ,0                  ,40                           ,F
WPL        ,Communication Services,Europe                     ,25          ,25                ,15              ,20                 ,85                           ,B
FORT       ,Materials             ,Europe                     ,0           ,25                ,15              ,20                 ,60                           ,D
EQV1V      ,Financials            ,Europe                     ,25          ,5                 ,5               ,25                 ,60                           ,D
KID        ,Consumer Discretionary,Europe                     ,25          ,15                ,5               ,10                 ,55                           ,D
DBAN       ,Financials            ,Europe                     ,0           ,0                 ,15              ,25                 ,40                           ,F
KST        ,Financials            ,Africa / Middle East       ,0           ,25                ,15              ,25                 ,65                           ,C
SLIGR      ,Consumer Staples      ,Europe                     ,0           ,25                ,15              ,10                 ,50                           ,D
AMP        ,Information Technology,Europe                     ,0           ,0                 ,15              ,10                 ,25                           ,F
FTC        ,Information Technology,Europe                     ,0           ,0                 ,15              ,25                 ,40                           ,F
GPI        ,Health Care           ,Europe                     ,0           ,25                ,15              ,10                 ,50                           ,D
ADKO       ,Financials            ,Europe                     ,25          ,0                 ,15              ,25                 ,65                           ,C
CTPE       ,Financials            ,Europe                     ,0           ,0                 ,5               ,25                 ,30                           ,F
AVAX       ,Industrials           ,Europe                     ,25          ,0                 ,15              ,0                  ,40                           ,F
SAMS       ,Consumer Discretionary,Europe                     ,0           ,25                ,15              ,10                 ,50                           ,D
PMN        ,Industrials           ,Europe                     ,0           ,15                ,5               ,25                 ,45                           ,D
ALEFEDT    ,Consumer Discretionary,Africa / Middle East       ,0           ,20                ,15              ,25                 ,60                           ,D
BMY        ,Communication Services,Europe                     ,0           ,15                ,15              ,25                 ,55                           ,D
JDG        ,Industrials           ,Europe                     ,0           ,25                ,15              ,20                 ,60                           ,D
GEA        ,Industrials           ,Europe                     ,25          ,0                 ,15              ,25                 ,65                           ,C
ASB        ,Information Technology,Europe                     ,25          ,0                 ,15              ,10                 ,50                           ,D
FSTA       ,Consumer Discretionary,Europe                     ,0           ,25                ,15              ,20                 ,60                           ,D
PRV        ,Industrials           ,Europe                     ,0           ,25                ,15              ,25                 ,65                           ,C
TOKMAN     ,Consumer Discretionary,Europe                     ,25          ,0                 ,15              ,0                  ,40                           ,F
OIZ        ,Consumer Staples      ,Europe                     ,0           ,25                ,15              ,20                 ,60                           ,D
ZENITHBANK ,Financials            ,Africa / Middle East       ,0           ,0                 ,15              ,20                 ,35                           ,F
HTRO       ,Industrials           ,Europe                     ,25          ,0                 ,15              ,20                 ,60                           ,D
COOR       ,Industrials           ,Europe                     ,25          ,25                ,15              ,10                 ,75                           ,C
GKP        ,Energy                ,Latin America and Caribbean,0           ,15                ,5               ,25                 ,45                           ,D
ATRAV      ,Consumer Staples      ,Europe                     ,25          ,25                ,15              ,20                 ,85                           ,B
RAIVV      ,Consumer Staples      ,Europe                     ,25          ,20                ,15              ,25                 ,85                           ,B
RST        ,Industrials           ,Europe                     ,0           ,25                ,15              ,10                 ,50                           ,D
ABE        ,Information Technology,Europe                     ,25          ,25                ,15              ,25                 ,90                           ,B
BPOST      ,Industrials           ,Europe                     ,25          ,0                 ,15              ,0                  ,40                           ,F
TRIO       ,Financials            ,Europe                     ,0           ,0                 ,15              ,20                 ,35                           ,F
CRST       ,Consumer Discretionary,Europe                     ,0           ,0                 ,15              ,25                 ,40                           ,F
JCQ        ,Industrials           ,Europe                     ,25          ,25                ,5               ,20                 ,75                           ,C
SGF        ,Consumer Discretionary,Europe                     ,0           ,0                 ,5               ,25                 ,30                           ,F
KOFOL      ,Consumer Staples      ,Europe                     ,25          ,0                 ,15              ,0                  ,40                           ,F
CER        ,Information Technology,Europe                     ,0           ,25                ,15              ,25                 ,65                           ,C
PLW        ,Communication Services,Europe                     ,25          ,5                 ,5               ,25                 ,60                           ,D
MULTI      ,Industrials           ,Europe                     ,25          ,15                ,5               ,20                 ,65                           ,C
FSFL       ,Financials            ,Europe                     ,0           ,0                 ,5               ,25                 ,30                           ,F
ONTEX      ,Consumer Staples      ,Europe                     ,0           ,0                 ,15              ,20                 ,35                           ,F
REJLB      ,Industrials           ,Europe                     ,25          ,25                ,15              ,25                 ,90                           ,B
HELG       ,Financials            ,Europe                     ,25          ,0                 ,15              ,10                 ,50                           ,D
FFARM      ,Consumer Staples      ,Europe                     ,0           ,25                ,15              ,25                 ,65                           ,C
KCC        ,Industrials           ,Europe                     ,25          ,15                ,15              ,20                 ,75                           ,C
METN       ,Health Care           ,Europe                     ,0           ,0                 ,5               ,25                 ,30                           ,F
OMASP      ,Financials            ,Europe                     ,0           ,25                ,15              ,0                  ,40                           ,F
IBS        ,Consumer Discretionary,Europe                     ,25          ,25                ,5               ,20                 ,75                           ,C
TFF        ,Materials             ,Europe                     ,0           ,0                 ,5               ,20                 ,25                           ,F
MEDI       ,Health Care           ,Europe                     ,25          ,20                ,15              ,25                 ,85                           ,B
BRNL       ,Industrials           ,Europe                     ,0           ,25                ,5               ,25                 ,55                           ,D
NYAB       ,Industrials           ,Europe                     ,25          ,25                ,15              ,25                 ,90                           ,B
NICL       ,Consumer Staples      ,Europe                     ,0           ,20                ,15              ,25                 ,60                           ,D
TXT        ,Information Technology,Europe                     ,0           ,25                ,15              ,10                 ,50                           ,D
SGL        ,Industrials           ,Europe                     ,0           ,0                 ,15              ,25                 ,40                           ,F
NFG        ,Communication Services,Europe                     ,0           ,25                ,15              ,20                 ,60                           ,D
FRP        ,Financials            ,Europe                     ,0           ,20                ,15              ,25                 ,60                           ,D
IBAB       ,Health Care           ,Europe                     ,0           ,0                 ,15              ,25                 ,40                           ,F
NITRATOS   ,Financials            ,Latin America and Caribbean,0           ,0                 ,15              ,20                 ,35                           ,F
SWTQ       ,Industrials           ,Europe                     ,0           ,25                ,15              ,25                 ,65                           ,C
TLGO       ,Industrials           ,Europe                     ,25          ,0                 ,15              ,0                  ,40                           ,F
IDOX       ,Information Technology,Europe                     ,0           ,25                ,15              ,25                 ,65                           ,C
SBRE       ,Financials            ,Europe                     ,0           ,15                ,5               ,25                 ,45                           ,D
CAML       ,Materials             ,Europe                     ,0           ,15                ,5               ,25                 ,45                           ,D
MIKN       ,Industrials           ,Europe                     ,0           ,25                ,15              ,25                 ,65                           ,C
VAN        ,Consumer Discretionary,Europe                     ,0           ,15                ,15              ,25                 ,55                           ,D
ACTINVRB   ,Financials            ,Latin America and Caribbean,0           ,0                 ,15              ,0                  ,15                           ,F
ENDUR      ,Industrials           ,Europe                     ,0           ,0                 ,15              ,20                 ,35                           ,F
ORIT       ,Financials            ,Europe                     ,0           ,5                 ,5               ,25                 ,35                           ,F
ENENTO     ,Industrials           ,Europe                     ,25          ,15                ,15              ,20                 ,75                           ,C
JSE        ,Energy                ,Asia / Pacific             ,0           ,0                 ,15              ,0                  ,15                           ,F
RWS        ,Industrials           ,Europe                     ,0           ,15                ,5               ,25                 ,45                           ,D
SHO        ,Information Technology,Europe                     ,25          ,25                ,15              ,25                 ,90                           ,B
IDUNB      ,Industrials           ,Europe                     ,25          ,25                ,15              ,10                 ,75                           ,C
ADB        ,Industrials           ,Europe                     ,0           ,25                ,15              ,25                 ,65                           ,C
IVU        ,Information Technology,Europe                     ,0           ,25                ,15              ,25                 ,65                           ,C
HSHP       ,Industrials           ,Latin America and Caribbean,25          ,20                ,15              ,0                  ,60                           ,D
ARBN       ,Industrials           ,Europe                     ,0           ,0                 ,5               ,25                 ,30                           ,F
AEM        ,Communication Services,Europe                     ,0           ,0                 ,15              ,25                 ,40                           ,F
BVB        ,Communication Services,Europe                     ,0           ,25                ,15              ,25                 ,65                           ,C
KOMN       ,Industrials           ,Europe                     ,0           ,0                 ,15              ,25                 ,40                           ,F
MER        ,Industrials           ,Europe                     ,0           ,25                ,15              ,10                 ,50                           ,D
JDC        ,Financials            ,Europe                     ,0           ,15                ,5               ,25                 ,45                           ,D
UZU        ,Materials             ,Europe                     ,0           ,25                ,5               ,25                 ,55                           ,D
HFD        ,Consumer Discretionary,Europe                     ,0           ,25                ,15              ,20                 ,60                           ,D
EXAE       ,Financials            ,Europe                     ,25          ,25                ,15              ,25                 ,90                           ,B
MEKO       ,Consumer Discretionary,Europe                     ,0           ,25                ,15              ,20                 ,60                           ,D
BEWI       ,Materials             ,Europe                     ,25          ,0                 ,15              ,10                 ,50                           ,D
CLTN       ,Health Care           ,Europe                     ,0           ,5                 ,5               ,25                 ,35                           ,F
LEHN       ,Information Technology,Europe                     ,25          ,0                 ,15              ,10                 ,50                           ,D
POSTI      ,Industrials           ,Europe                     ,0           ,0                 ,5               ,10                 ,15                           ,F
ALDLT      ,Industrials           ,Europe                     ,0           ,25                ,5               ,20                 ,50                           ,D
NAT        ,Consumer Staples      ,Europe                     ,0           ,0                 ,15              ,10                 ,25                           ,F
IDHC       ,Health Care           ,Europe                     ,0           ,25                ,15              ,25                 ,65                           ,C
PZC        ,Consumer Staples      ,Europe                     ,0           ,15                ,5               ,20                 ,40                           ,F
ABDP       ,Consumer Discretionary,Europe                     ,0           ,25                ,15              ,25                 ,65                           ,C
SVEDB      ,Industrials           ,Europe                     ,25          ,25                ,5               ,20                 ,75                           ,C
TSM1T      ,Industrials           ,Europe                     ,25          ,15                ,5               ,25                 ,70                           ,C
PAMPALO    ,Materials             ,Europe                     ,0           ,0                 ,15              ,25                 ,40                           ,F
CAPMAN     ,Financials            ,Europe                     ,25          ,0                 ,15              ,20                 ,60                           ,D
VANQ       ,Financials            ,Europe                     ,0           ,0                 ,15              ,0                  ,15                           ,F
M12        ,Health Care           ,Europe                     ,0           ,25                ,5               ,25                 ,55                           ,D
SWP        ,Information Technology,Europe                     ,0           ,5                 ,5               ,20                 ,30                           ,F
YOU        ,Communication Services,Europe                     ,0           ,25                ,15              ,10                 ,50                           ,D
INTEK      ,Information Technology,Europe                     ,0           ,0                 ,15              ,10                 ,25                           ,F
PAY        ,Financials            ,Europe                     ,0           ,5                 ,5               ,10                 ,20                           ,F
FSECURE    ,Information Technology,Europe                     ,25          ,25                ,5               ,0                  ,55                           ,D
ALBFR      ,Information Technology,Europe                     ,0           ,0                 ,15              ,25                 ,40                           ,F
BON        ,Consumer Staples      ,Europe                     ,0           ,0                 ,15              ,20                 ,35                           ,F
DUH        ,Financials            ,Europe                     ,0           ,0                 ,5               ,25                 ,30                           ,F
LIME       ,Information Technology,Europe                     ,25          ,25                ,15              ,20                 ,85                           ,B
CAI        ,Communication Services,Europe                     ,25          ,0                 ,15              ,25                 ,65                           ,C
AQ         ,Consumer Staples      ,Europe                     ,25          ,0                 ,15              ,25                 ,65                           ,C
BOOT       ,Consumer Discretionary,Europe                     ,0           ,25                ,15              ,25                 ,65                           ,C
CEVI       ,Health Care           ,Europe                     ,25          ,25                ,15              ,25                 ,90                           ,B
ECOR       ,Materials             ,Europe                     ,0           ,0                 ,15              ,25                 ,40                           ,F
NXR        ,Industrials           ,Europe                     ,0           ,25                ,15              ,25                 ,65                           ,C
EPEN       ,Information Technology,Europe                     ,25          ,25                ,15              ,20                 ,85                           ,B
SLP        ,Materials             ,Latin America and Caribbean,0           ,0                 ,15              ,25                 ,40                           ,F
ATB        ,Health Care           ,Europe                     ,0           ,0                 ,5               ,25                 ,30                           ,F
TOR        ,Industrials           ,Europe                     ,25          ,25                ,5               ,25                 ,80                           ,B
ABCA       ,Financials            ,Europe                     ,0           ,15                ,15              ,25                 ,55                           ,D
ALA        ,Industrials           ,Europe                     ,0           ,0                 ,15              ,10                 ,25                           ,F
BONAVB     ,Consumer Discretionary,Europe                     ,25          ,0                 ,15              ,20                 ,60                           ,D
GSF        ,Financials            ,Europe                     ,0           ,5                 ,15              ,25                 ,45                           ,D
VOX        ,Health Care           ,Europe                     ,25          ,25                ,15              ,25                 ,90                           ,B
MBWS       ,Consumer Staples      ,Europe                     ,0           ,0                 ,15              ,25                 ,40                           ,F
RECI       ,Financials            ,Europe                     ,0           ,15                ,5               ,25                 ,45                           ,D
EQUI       ,Financials            ,Europe                     ,25          ,0                 ,15              ,10                 ,50                           ,D
RELAIS     ,Industrials           ,Europe                     ,25          ,25                ,5               ,10                 ,65                           ,C
PIHLIS     ,Health Care           ,Europe                     ,25          ,25                ,15              ,10                 ,75                           ,C
NIOX       ,Health Care           ,Europe                     ,0           ,25                ,15              ,25                 ,65                           ,C
ORS        ,Consumer Staples      ,Europe                     ,25          ,25                ,15              ,20                 ,85                           ,B
ESNT       ,Materials             ,Europe                     ,0           ,15                ,5               ,20                 ,40                           ,F
BIJ        ,Consumer Discretionary,Europe                     ,0           ,25                ,15              ,20                 ,60                           ,D
MOBA       ,Financials            ,Europe                     ,25          ,0                 ,15              ,25                 ,65                           ,C
GYM        ,Consumer Discretionary,Europe                     ,0           ,0                 ,15              ,0                  ,15                           ,F
YU         ,Utilities             ,Europe                     ,0           ,25                ,15              ,25                 ,65                           ,C
DOCM       ,Consumer Staples      ,Europe                     ,0           ,0                 ,15              ,20                 ,35                           ,F
PERR       ,Industrials           ,Europe                     ,0           ,25                ,15              ,25                 ,65                           ,C
PPHC       ,Industrials           ,United States and Canada   ,0           ,15                ,5               ,20                 ,40                           ,F
DECB       ,Industrials           ,Europe                     ,0           ,25                ,15              ,25                 ,65                           ,C
PCR        ,Materials             ,Europe                     ,0           ,20                ,15              ,25                 ,60                           ,D
SUS        ,Financials            ,Europe                     ,0           ,25                ,15              ,20                 ,60                           ,D
LTHM       ,Industrials           ,Europe                     ,0           ,0                 ,15              ,25                 ,40                           ,F
FRAN       ,Industrials           ,Europe                     ,0           ,25                ,5               ,25                 ,55                           ,D
STP        ,Materials             ,Europe                     ,25          ,0                 ,5               ,25                 ,55                           ,D
ENRG       ,Financials            ,Europe                     ,0           ,5                 ,5               ,25                 ,35                           ,F
PRT        ,Information Technology,Europe                     ,0           ,0                 ,15              ,20                 ,35                           ,F
SEA1       ,Energy                ,Europe                     ,25          ,5                 ,5               ,20                 ,55                           ,D
WIL        ,Industrials           ,Europe                     ,0           ,20                ,15              ,25                 ,60                           ,D
RBO        ,Consumer Discretionary,Europe                     ,0           ,25                ,5               ,0                  ,30                           ,F
BMAX       ,Consumer Discretionary,Europe                     ,25          ,25                ,15              ,10                 ,75                           ,C
WITH       ,Information Technology,Europe                     ,25          ,0                 ,15              ,25                 ,65                           ,C
KNOW       ,Information Technology,Europe                     ,25          ,0                 ,15              ,25                 ,65                           ,C
ALSEM      ,Information Technology,Europe                     ,0           ,15                ,5               ,20                 ,40                           ,F
VZUG       ,Consumer Discretionary,Europe                     ,0           ,0                 ,5               ,25                 ,30                           ,F
VIVA       ,Consumer Staples      ,Europe                     ,25          ,20                ,15              ,25                 ,85                           ,B
NREST      ,Consumer Discretionary,Europe                     ,25          ,25                ,15              ,25                 ,90                           ,B
INF        ,Information Technology,Europe                     ,0           ,25                ,15              ,25                 ,65                           ,C
CAPD       ,Materials             ,Europe                     ,0           ,25                ,15              ,20                 ,60                           ,D
MCB        ,Consumer Staples      ,Europe                     ,0           ,0                 ,15              ,10                 ,25                           ,F
ENER       ,Utilities             ,Europe                     ,0           ,0                 ,5               ,0                  ,5                            ,F
XPP        ,Industrials           ,Asia / Pacific             ,0           ,0                 ,15              ,10                 ,25                           ,F
ST5        ,Industrials           ,Europe                     ,0           ,0                 ,15              ,20                 ,35                           ,F
AT         ,Industrials           ,Europe                     ,0           ,25                ,15              ,10                 ,50                           ,D
GSP        ,Energy                ,Europe                     ,0           ,25                ,15              ,25                 ,65                           ,C
ICP1V      ,Information Technology,Europe                     ,25          ,0                 ,15              ,25                 ,65                           ,C
BRE2       ,Communication Services,Europe                     ,25          ,20                ,15              ,20                 ,80                           ,B
SRB        ,Materials             ,Europe                     ,0           ,0                 ,15              ,25                 ,40                           ,F
GLE        ,Consumer Discretionary,Europe                     ,0           ,0                 ,5               ,25                 ,30                           ,F
MBR        ,Industrials           ,Europe                     ,25          ,0                 ,15              ,25                 ,65                           ,C
BPM        ,Financials            ,Europe                     ,0           ,0                 ,5               ,25                 ,30                           ,F
SFG        ,Consumer Discretionary,Europe                     ,25          ,20                ,5               ,0                  ,50                           ,D
STB        ,Financials            ,Europe                     ,0           ,0                 ,15              ,10                 ,25                           ,F
CMP        ,Information Technology,Europe                     ,25          ,0                 ,15              ,25                 ,65                           ,C
CBRAIN     ,Information Technology,Europe                     ,0           ,25                ,15              ,25                 ,65                           ,C
GF         ,Financials            ,Europe                     ,25          ,25                ,15              ,0                  ,65                           ,C
VIC        ,Consumer Discretionary,Europe                     ,0           ,25                ,15              ,20                 ,60                           ,D
O4B        ,Financials            ,Europe                     ,25          ,20                ,15              ,25                 ,85                           ,B
BRK        ,Financials            ,Europe                     ,0           ,15                ,15              ,25                 ,55                           ,D
ROGS       ,Financials            ,Europe                     ,25          ,0                 ,15              ,0                  ,40                           ,F
COG        ,Materials             ,Europe                     ,25          ,0                 ,15              ,20                 ,60                           ,D
MORLD      ,Industrials           ,Europe                     ,25          ,25                ,15              ,0                  ,65                           ,C
ALSTI      ,Industrials           ,Europe                     ,0           ,0                 ,15              ,25                 ,40                           ,F
2020       ,Industrials           ,Latin America and Caribbean,25          ,5                 ,5               ,20                 ,55                           ,D
MAS        ,Consumer Staples      ,Europe                     ,25          ,0                 ,15              ,10                 ,50                           ,D
SBS        ,Health Care           ,Europe                     ,0           ,15                ,15              ,20                 ,50                           ,D
SAG        ,Industrials           ,Europe                     ,0           ,25                ,5               ,25                 ,55                           ,D
NOBI       ,Consumer Discretionary,Europe                     ,25          ,0                 ,15              ,10                 ,50                           ,D
ZIL2       ,Consumer Discretionary,Europe                     ,0           ,0                 ,15              ,20                 ,35                           ,F
STEM       ,Industrials           ,Europe                     ,0           ,5                 ,5               ,25                 ,35                           ,F
ECONB      ,Information Technology,Europe                     ,0           ,0                 ,15              ,10                 ,25                           ,F
AKVA       ,Industrials           ,Europe                     ,25          ,25                ,15              ,10                 ,75                           ,C
CARD       ,Consumer Discretionary,Europe                     ,0           ,25                ,15              ,20                 ,60                           ,D
CLN        ,Health Care           ,Europe                     ,25          ,0                 ,15              ,25                 ,65                           ,C
IEG        ,Communication Services,Europe                     ,25          ,25                ,15              ,20                 ,85                           ,B
KMR        ,Materials             ,Europe                     ,0           ,0                 ,5               ,25                 ,30                           ,F
ENT        ,Industrials           ,Europe                     ,25          ,25                ,5               ,0                  ,55                           ,D
SEM        ,Industrials           ,Europe                     ,25          ,25                ,5               ,20                 ,75                           ,C
ANY        ,Industrials           ,Europe                     ,25          ,5                 ,15              ,20                 ,65                           ,C
VRG        ,Consumer Discretionary,Europe                     ,25          ,25                ,5               ,25                 ,80                           ,B
2284       ,Consumer Staples      ,Africa / Middle East       ,25          ,5                 ,15              ,0                  ,45                           ,D
EFG        ,Communication Services,Europe                     ,0           ,0                 ,15              ,25                 ,40                           ,F
LEON       ,Financials            ,Europe                     ,0           ,0                 ,5               ,0                  ,5                            ,F
BTSB       ,Industrials           ,Europe                     ,0           ,20                ,5               ,25                 ,50                           ,D
EXE        ,Industrials           ,Europe                     ,0           ,0                 ,15              ,0                  ,15                           ,F
AKAST      ,Energy                ,Europe                     ,0           ,5                 ,15              ,25                 ,45                           ,D
BESQAB     ,Consumer Discretionary,Europe                     ,25          ,0                 ,5               ,20                 ,50                           ,D
ANORA      ,Consumer Staples      ,Europe                     ,25          ,25                ,15              ,20                 ,85                           ,B
FNTL       ,Industrials           ,Europe                     ,0           ,25                ,15              ,25                 ,65                           ,C
SKA        ,Materials             ,Europe                     ,25          ,25                ,5               ,20                 ,75                           ,C
SMOP       ,Information Technology,Europe                     ,25          ,0                 ,5               ,25                 ,55                           ,D
BO         ,Consumer Discretionary,Europe                     ,25          ,0                 ,15              ,25                 ,65                           ,C
ERNT       ,Information Technology,Europe                     ,25          ,15                ,5               ,25                 ,70                           ,C
OFN        ,Industrials           ,Europe                     ,0           ,20                ,15              ,25                 ,60                           ,D
HSP        ,Industrials           ,Europe                     ,0           ,25                ,15              ,25                 ,65                           ,C
BSD        ,Financials            ,Europe                     ,0           ,20                ,15              ,20                 ,55                           ,D
TTR1       ,Industrials           ,Europe                     ,0           ,25                ,15              ,25                 ,65                           ,C
OPN        ,Consumer Discretionary,Europe                     ,25          ,0                 ,15              ,20                 ,60                           ,D
AEIN       ,Information Technology,Europe                     ,0           ,25                ,15              ,20                 ,60                           ,D
TXT        ,Information Technology,Europe                     ,25          ,5                 ,5               ,25                 ,60                           ,D
LNA        ,Health Care           ,Europe                     ,0           ,25                ,15              ,0                  ,40                           ,F
CRI        ,Industrials           ,Europe                     ,0           ,25                ,15              ,10                 ,50                           ,D
CICG       ,Materials             ,Europe                     ,25          ,15                ,15              ,25                 ,80                           ,B
DAL        ,Information Technology,Europe                     ,25          ,25                ,15              ,25                 ,90                           ,B
RANA       ,Materials             ,Europe                     ,25          ,15                ,15              ,25                 ,80                           ,B
MEZA       ,Information Technology,Africa / Middle East       ,25          ,0                 ,15              ,25                 ,65                           ,C
TSTL       ,Health Care           ,Europe                     ,0           ,15                ,15              ,25                 ,55                           ,D
VP         ,Industrials           ,Europe                     ,0           ,5                 ,15              ,10                 ,30                           ,F
AB         ,Financials            ,Africa / Middle East       ,0           ,0                 ,15              ,20                 ,35                           ,F
GREEN      ,Industrials           ,Europe                     ,25          ,25                ,5               ,10                 ,65                           ,C
TRIFOR     ,Information Technology,Europe                     ,25          ,0                 ,15              ,20                 ,60                           ,D
TTK        ,Industrials           ,Europe                     ,0           ,25                ,15              ,25                 ,65                           ,C
CAMBI      ,Industrials           ,Europe                     ,25          ,25                ,15              ,25                 ,90                           ,B
TTG        ,Information Technology,Europe                     ,0           ,25                ,5               ,20                 ,50                           ,D
DOTD       ,Information Technology,Europe                     ,0           ,25                ,15              ,25                 ,65                           ,C
ACAG       ,Information Technology,Europe                     ,0           ,25                ,15              ,20                 ,60                           ,D
XTP        ,Financials            ,Europe                     ,0           ,0                 ,15              ,25                 ,40                           ,F
DUST       ,Information Technology,Europe                     ,0           ,0                 ,15              ,20                 ,35                           ,F
HUM        ,Health Care           ,Europe                     ,25          ,25                ,15              ,10                 ,75                           ,C
ZTF        ,Materials             ,Europe                     ,0           ,25                ,15              ,25                 ,65                           ,C
ETTE       ,Industrials           ,Europe                     ,25          ,25                ,15              ,20                 ,85                           ,B
BOS        ,Financials            ,Europe                     ,25          ,0                 ,15              ,25                 ,65                           ,C
DR0        ,Energy                ,Europe                     ,0           ,25                ,15              ,20                 ,60                           ,D
FF         ,Health Care           ,Europe                     ,25          ,0                 ,15              ,25                 ,65                           ,C
KEYS       ,Industrials           ,Europe                     ,0           ,5                 ,5               ,25                 ,35                           ,F
LIN        ,Information Technology,Europe                     ,0           ,25                ,5               ,20                 ,50                           ,D
KENDR      ,Consumer Discretionary,Europe                     ,25          ,0                 ,15              ,20                 ,60                           ,D
ANDF       ,Consumer Staples      ,Europe                     ,25          ,0                 ,15              ,20                 ,60                           ,D
ABSO       ,Industrials           ,Europe                     ,25          ,25                ,5               ,20                 ,75                           ,C
LUCE       ,Industrials           ,Europe                     ,0           ,25                ,15              ,20                 ,60                           ,D
AAD        ,Industrials           ,Europe                     ,25          ,5                 ,5               ,20                 ,55                           ,D
FAIT       ,Financials            ,Africa / Middle East       ,25          ,0                 ,5               ,25                 ,55                           ,D
ELANB      ,Industrials           ,Europe                     ,25          ,25                ,5               ,0                  ,55                           ,D
VTU        ,Consumer Discretionary,Europe                     ,0           ,25                ,5               ,20                 ,50                           ,D
CATB       ,Financials            ,Europe                     ,25          ,25                ,15              ,10                 ,75                           ,C
PWS        ,Consumer Discretionary,Europe                     ,0           ,0                 ,15              ,25                 ,40                           ,F
GPE        ,Industrials           ,Europe                     ,0           ,25                ,15              ,20                 ,60                           ,D
LUS1       ,Financials            ,Europe                     ,0           ,0                 ,15              ,10                 ,25                           ,F
PRM        ,Health Care           ,Europe                     ,0           ,25                ,5               ,25                 ,55                           ,D
ASAI       ,Financials            ,Europe                     ,0           ,0                 ,15              ,0                  ,15                           ,F
ENQ        ,Energy                ,Europe                     ,0           ,25                ,5               ,10                 ,40                           ,F
KBC        ,Materials             ,Europe                     ,25          ,15                ,15              ,10                 ,65                           ,C
ASPO       ,Industrials           ,Europe                     ,25          ,0                 ,15              ,10                 ,50                           ,D
SOLARB     ,Industrials           ,Europe                     ,0           ,15                ,5               ,20                 ,40                           ,F
IG         ,Industrials           ,Europe                     ,0           ,0                 ,15              ,25                 ,40                           ,F
ALHEX      ,Consumer Discretionary,Europe                     ,0           ,0                 ,15              ,25                 ,40                           ,F
IBG        ,Materials             ,Europe                     ,0           ,0                 ,15              ,25                 ,40                           ,F
TFIN       ,Industrials           ,Europe                     ,0           ,25                ,5               ,10                 ,40                           ,F
KOSKI      ,Materials             ,Europe                     ,25          ,20                ,15              ,25                 ,85                           ,B
ABP        ,Industrials           ,Europe                     ,0           ,0                 ,15              ,25                 ,40                           ,F
RCN        ,Information Technology,Europe                     ,0           ,25                ,5               ,20                 ,50                           ,D
CCP        ,Communication Services,Europe                     ,0           ,0                 ,5               ,25                 ,30                           ,F
ALLAN      ,Consumer Staples      ,Europe                     ,0           ,25                ,5               ,10                 ,40                           ,F
TAALA      ,Financials            ,Europe                     ,25          ,5                 ,15              ,25                 ,70                           ,C
NET        ,Information Technology,Europe                     ,0           ,25                ,15              ,25                 ,65                           ,C
AOFS       ,Financials            ,Africa / Middle East       ,0           ,15                ,5               ,10                 ,30                           ,F
HMU        ,Industrials           ,Europe                     ,0           ,15                ,15              ,20                 ,50                           ,D
CFEB       ,Industrials           ,Europe                     ,0           ,25                ,5               ,20                 ,50                           ,D
SNWS       ,Consumer Discretionary,Europe                     ,0           ,25                ,5               ,0                  ,30                           ,F
AIICO      ,Financials            ,Africa / Middle East       ,0           ,25                ,5               ,25                 ,55                           ,D
KITW       ,Consumer Staples      ,Europe                     ,0           ,25                ,15              ,20                 ,60                           ,D
EUR        ,Consumer Staples      ,Europe                     ,25          ,25                ,5               ,0                  ,55                           ,D
REMEDY     ,Communication Services,Europe                     ,25          ,0                 ,15              ,25                 ,65                           ,C
LAT        ,Industrials           ,Europe                     ,0           ,0                 ,15              ,0                  ,15                           ,F
ADMCM      ,Information Technology,Europe                     ,25          ,25                ,15              ,25                 ,90                           ,B
BEG        ,Industrials           ,Europe                     ,0           ,20                ,15              ,25                 ,60                           ,D
ALSTW      ,Information Technology,Europe                     ,0           ,0                 ,15              ,25                 ,40                           ,F
FSJ        ,Industrials           ,Europe                     ,0           ,0                 ,15              ,10                 ,25                           ,F
TISG       ,Consumer Discretionary,Europe                     ,0           ,0                 ,5               ,20                 ,25                           ,F
MIDW       ,Information Technology,Europe                     ,0           ,25                ,5               ,10                 ,40                           ,F
FNM        ,Industrials           ,Europe                     ,25          ,25                ,15              ,0                  ,65                           ,C
AKW        ,Consumer Discretionary,Europe                     ,0           ,0                 ,15              ,25                 ,40                           ,F
IPX        ,Financials            ,Europe                     ,0           ,5                 ,5               ,25                 ,35                           ,F
FPE        ,Consumer Discretionary,Europe                     ,0           ,25                ,15              ,25                 ,65                           ,C
ALR        ,Materials             ,Europe                     ,0           ,0                 ,15              ,10                 ,25                           ,F
GOFORE     ,Information Technology,Europe                     ,25          ,25                ,5               ,25                 ,80                           ,B
HH         ,Materials             ,Europe                     ,25          ,0                 ,15              ,20                 ,60                           ,D
WHATS      ,Consumer Staples      ,Europe                     ,0           ,5                 ,15              ,25                 ,45                           ,D
BDT        ,Industrials           ,Europe                     ,25          ,25                ,15              ,20                 ,85                           ,B
FNX        ,Financials            ,Europe                     ,0           ,5                 ,15              ,25                 ,45                           ,D
A1OS       ,Information Technology,Europe                     ,0           ,25                ,15              ,10                 ,50                           ,D
ALCGM      ,Health Care           ,Europe                     ,0           ,0                 ,15              ,10                 ,25                           ,F
BSS        ,Industrials           ,Europe                     ,0           ,0                 ,15              ,20                 ,35                           ,F
TTS        ,Industrials           ,Europe                     ,25          ,0                 ,15              ,25                 ,65                           ,C
OTL        ,Energy                ,Europe                     ,25          ,0                 ,5               ,20                 ,50                           ,D
ARCH       ,Energy                ,Europe                     ,25          ,0                 ,15              ,0                  ,40                           ,F
DCR        ,Consumer Discretionary,Europe                     ,25          ,15                ,15              ,25                 ,80                           ,B
LIO        ,Financials            ,Europe                     ,0           ,0                 ,5               ,25                 ,30                           ,F
EXS        ,Information Technology,Europe                     ,25          ,25                ,15              ,20                 ,85                           ,B
PROF       ,Information Technology,Europe                     ,0           ,0                 ,15              ,25                 ,40                           ,F
OKEA       ,Energy                ,Europe                     ,25          ,0                 ,15              ,0                  ,40                           ,F
WG         ,Energy                ,Europe                     ,0           ,0                 ,15              ,0                  ,15                           ,F
SYS        ,Information Technology,Europe                     ,25          ,25                ,5               ,25                 ,80                           ,B
ANCR       ,Health Care           ,Europe                     ,0           ,25                ,15              ,25                 ,65                           ,C
DIB        ,Communication Services,Europe                     ,0           ,0                 ,15              ,25                 ,40                           ,F
GBT        ,Health Care           ,Europe                     ,0           ,25                ,5               ,10                 ,40                           ,F
APTD       ,Information Technology,Europe                     ,0           ,25                ,15              ,25                 ,65                           ,C
GENL       ,Energy                ,Europe                     ,0           ,0                 ,15              ,25                 ,40                           ,F
SAA        ,Communication Services,Europe                     ,0           ,25                ,5               ,10                 ,40                           ,F
PEN        ,Energy                ,Europe                     ,25          ,0                 ,15              ,20                 ,60                           ,D
SPR        ,Consumer Discretionary,Europe                     ,0           ,25                ,15              ,25                 ,65                           ,C
CY4        ,Information Technology,Europe                     ,0           ,0                 ,15              ,25                 ,40                           ,F
AVG        ,Industrials           ,Europe                     ,0           ,25                ,15              ,25                 ,65                           ,C
AVTX       ,Industrials           ,Europe                     ,0           ,0                 ,15              ,10                 ,25                           ,F
BKS        ,Information Technology,Europe                     ,0           ,0                 ,15              ,25                 ,40                           ,F
AAA        ,Industrials           ,Europe                     ,0           ,25                ,5               ,0                  ,30                           ,F
HSW        ,Consumer Discretionary,Europe                     ,0           ,0                 ,15              ,25                 ,40                           ,F
VERK       ,Consumer Discretionary,Europe                     ,25          ,0                 ,15              ,10                 ,50                           ,D
W7L        ,Consumer Staples      ,Europe                     ,0           ,20                ,15              ,25                 ,60                           ,D
BLC        ,Health Care           ,Europe                     ,0           ,0                 ,15              ,0                  ,15                           ,F
MPCK       ,Financials            ,Europe                     ,0           ,0                 ,15              ,25                 ,40                           ,F
KGH        ,Industrials           ,Europe                     ,0           ,25                ,15              ,10                 ,50                           ,D
SKB        ,Industrials           ,Europe                     ,0           ,0                 ,15              ,10                 ,25                           ,F
DIGIA      ,Information Technology,Europe                     ,0           ,25                ,15              ,25                 ,65                           ,C
ARNT       ,Consumer Discretionary,Europe                     ,25          ,25                ,15              ,20                 ,85                           ,B
SAB        ,Consumer Discretionary,Europe                     ,25          ,25                ,15              ,20                 ,85                           ,B
SFOR       ,Communication Services,Europe                     ,0           ,0                 ,15              ,20                 ,35                           ,F
PARP       ,Consumer Discretionary,Europe                     ,0           ,0                 ,15              ,20                 ,35                           ,F
HUW        ,Financials            ,Europe                     ,0           ,25                ,15              ,25                 ,65                           ,C
FAA        ,Information Technology,Europe                     ,0           ,25                ,15              ,25                 ,65                           ,C
HAW        ,Consumer Staples      ,Europe                     ,0           ,25                ,15              ,10                 ,50                           ,D
MED        ,Health Care           ,Europe                     ,0           ,25                ,5               ,0                  ,30                           ,F
TRB        ,Consumer Discretionary,Europe                     ,0           ,25                ,15              ,25                 ,65                           ,C
NOHO       ,Consumer Discretionary,Europe                     ,25          ,25                ,15              ,0                  ,65                           ,C
AJAB       ,Financials            ,Europe                     ,0           ,0                 ,15              ,25                 ,40                           ,F
ARISE      ,Utilities             ,Europe                     ,25          ,25                ,15              ,20                 ,85                           ,B
SUR        ,Consumer Discretionary,Europe                     ,0           ,0                 ,15              ,10                 ,25                           ,F
FTON       ,Consumer Discretionary,Europe                     ,0           ,0                 ,15              ,25                 ,40                           ,F
MXHN       ,Industrials           ,Europe                     ,0           ,0                 ,15              ,25                 ,40                           ,F
BKHT       ,Information Technology,Europe                     ,0           ,0                 ,15              ,10                 ,25                           ,F
DIA        ,Industrials           ,United States and Canada   ,0           ,0                 ,15              ,20                 ,35                           ,F
ITD        ,Communication Services,Europe                     ,0           ,0                 ,15              ,20                 ,35                           ,F
BEC        ,Consumer Discretionary,Europe                     ,25          ,0                 ,15              ,25                 ,65                           ,C
NNIT       ,Health Care           ,Europe                     ,0           ,0                 ,15              ,25                 ,40                           ,F
ALFPC      ,Consumer Discretionary,Europe                     ,0           ,0                 ,5               ,25                 ,30                           ,F
ARBB       ,Financials            ,Europe                     ,0           ,25                ,15              ,25                 ,65                           ,C
EVISO      ,Utilities             ,Europe                     ,0           ,25                ,5               ,20                 ,50                           ,D
FDM        ,Information Technology,Europe                     ,0           ,15                ,5               ,25                 ,45                           ,D
SFPI       ,Information Technology,Europe                     ,0           ,25                ,5               ,25                 ,55                           ,D
GTLY       ,Industrials           ,Europe                     ,0           ,0                 ,15              ,20                 ,35                           ,F
ALTPC      ,Industrials           ,Europe                     ,0           ,5                 ,5               ,20                 ,30                           ,F
MCG        ,Industrials           ,Europe                     ,0           ,0                 ,5               ,0                  ,5                            ,F
DETEC      ,Information Technology,Europe                     ,25          ,20                ,5               ,25                 ,75                           ,C
HEX        ,Industrials           ,Europe                     ,25          ,0                 ,15              ,20                 ,60                           ,D
2HRA       ,Materials             ,Europe                     ,0           ,25                ,15              ,20                 ,60                           ,D
APT        ,Information Technology,Europe                     ,0           ,25                ,5               ,25                 ,55                           ,D
JAREN      ,Financials            ,Europe                     ,25          ,0                 ,5               ,10                 ,40                           ,F
QTX        ,Information Technology,Europe                     ,0           ,20                ,15              ,25                 ,60                           ,D
AAG        ,Industrials           ,Europe                     ,25          ,25                ,5               ,25                 ,80                           ,B
PKP        ,Industrials           ,Europe                     ,25          ,0                 ,15              ,0                  ,40                           ,F
WINE       ,Consumer Staples      ,Europe                     ,25          ,0                 ,5               ,20                 ,50                           ,D
LWB        ,Energy                ,Europe                     ,25          ,0                 ,15              ,25                 ,65                           ,C
PEEL       ,Financials            ,Europe                     ,0           ,0                 ,15              ,25                 ,40                           ,F
STIL       ,Health Care           ,Europe                     ,25          ,0                 ,15              ,25                 ,65                           ,C
FRO        ,Industrials           ,Europe                     ,0           ,0                 ,15              ,25                 ,40                           ,F
UBK        ,Financials            ,Europe                     ,0           ,0                 ,15              ,0                  ,15                           ,F
FG         ,Industrials           ,Europe                     ,25          ,25                ,5               ,10                 ,65                           ,C
GSC1       ,Industrials           ,Europe                     ,25          ,25                ,15              ,25                 ,90                           ,B
SSH1V      ,Information Technology,Europe                     ,0           ,0                 ,15              ,25                 ,40                           ,F
ECEL       ,Industrials           ,Europe                     ,0           ,25                ,15              ,20                 ,60                           ,D
EM         ,Consumer Discretionary,Europe                     ,0           ,0                 ,15              ,10                 ,25                           ,F
LPK        ,Information Technology,Europe                     ,0           ,0                 ,15              ,25                 ,40                           ,F
ZAG        ,Industrials           ,Europe                     ,0           ,25                ,5               ,25                 ,55                           ,D
LMN        ,Consumer Discretionary,Europe                     ,25          ,25                ,5               ,10                 ,65                           ,C
LOCAL      ,Communication Services,Europe                     ,0           ,0                 ,15              ,25                 ,40                           ,F
MBK        ,Financials            ,Europe                     ,0           ,0                 ,15              ,0                  ,15                           ,F
TEN        ,Communication Services,Europe                     ,25          ,15                ,5               ,25                 ,70                           ,C
ALVU       ,Consumer Discretionary,Europe                     ,0           ,25                ,15              ,25                 ,65                           ,C
ASCN       ,Health Care           ,Europe                     ,0           ,25                ,15              ,25                 ,65                           ,C
MERC       ,Financials            ,Europe                     ,0           ,15                ,15              ,25                 ,55                           ,D
ALPM       ,Industrials           ,Europe                     ,0           ,25                ,15              ,25                 ,65                           ,C
RFX        ,Financials            ,Europe                     ,0           ,25                ,15              ,25                 ,65                           ,C
TET        ,Materials             ,Europe                     ,0           ,25                ,5               ,25                 ,55                           ,D
BORG       ,Consumer Discretionary,Europe                     ,25          ,0                 ,15              ,25                 ,65                           ,C
FTE        ,Consumer Discretionary,Europe                     ,25          ,0                 ,15              ,25                 ,65                           ,C
ATC        ,Materials             ,Europe                     ,25          ,0                 ,5               ,25                 ,55                           ,D
DELIA      ,Consumer Staples      ,Europe                     ,0           ,0                 ,15              ,20                 ,35                           ,F
LEA        ,Financials            ,Europe                     ,25          ,0                 ,15              ,25                 ,65                           ,C
KTA        ,Consumer Discretionary,Europe                     ,0           ,0                 ,15              ,0                  ,15                           ,F
SPOG       ,Financials            ,Europe                     ,25          ,5                 ,5               ,0                  ,35                           ,F
ENEA       ,Information Technology,Europe                     ,25          ,0                 ,15              ,25                 ,65                           ,C
HKFOODS    ,Consumer Staples      ,Europe                     ,25          ,25                ,5               ,20                 ,75                           ,C
BST        ,Financials            ,Europe                     ,25          ,0                 ,15              ,0                  ,40                           ,F
SNOR       ,Financials            ,Europe                     ,25          ,0                 ,5               ,10                 ,40                           ,F
CGS        ,Materials             ,Europe                     ,0           ,5                 ,15              ,25                 ,45                           ,D
RFG        ,Consumer Discretionary,Europe                     ,0           ,0                 ,5               ,25                 ,30                           ,F
MZX        ,Industrials           ,Europe                     ,0           ,25                ,15              ,25                 ,65                           ,C
NVM        ,Consumer Discretionary,Europe                     ,0           ,0                 ,15              ,0                  ,15                           ,F
LEI        ,Consumer Discretionary,Europe                     ,0           ,0                 ,5               ,25                 ,30                           ,F
MASI       ,Consumer Staples      ,Europe                     ,0           ,25                ,5               ,25                 ,55                           ,D
SOM        ,Industrials           ,United States and Canada   ,0           ,20                ,5               ,25                 ,50                           ,D
TIG        ,Communication Services,Europe                     ,0           ,25                ,5               ,0                  ,30                           ,F
ATR        ,Industrials           ,Europe                     ,0           ,15                ,5               ,25                 ,45                           ,D
TNOM       ,Industrials           ,Europe                     ,25          ,0                 ,15              ,10                 ,50                           ,D
RUG        ,Consumer Discretionary,Europe                     ,25          ,25                ,15              ,25                 ,90                           ,B
EKF        ,Health Care           ,Europe                     ,0           ,0                 ,15              ,25                 ,40                           ,F
FPIP       ,Information Technology,Europe                     ,0           ,25                ,15              ,25                 ,65                           ,C
SDY        ,Industrials           ,Europe                     ,0           ,25                ,5               ,10                 ,40                           ,F
MACF       ,Industrials           ,Europe                     ,0           ,25                ,5               ,25                 ,55                           ,D
SHI        ,Industrials           ,Europe                     ,0           ,0                 ,15              ,0                  ,15                           ,F
NRC        ,Industrials           ,Europe                     ,25          ,0                 ,15              ,20                 ,60                           ,D
A7A        ,Financials            ,Europe                     ,0           ,0                 ,15              ,25                 ,40                           ,F
SNK        ,Consumer Discretionary,Europe                     ,25          ,5                 ,5               ,20                 ,55                           ,D
RM         ,Information Technology,Europe                     ,0           ,0                 ,15              ,0                  ,15                           ,F
ALNSE      ,Industrials           ,Europe                     ,0           ,25                ,15              ,25                 ,65                           ,C
SPAN       ,Information Technology,Europe                     ,0           ,25                ,15              ,25                 ,65                           ,C
IGV        ,Consumer Discretionary,Europe                     ,0           ,0                 ,15              ,25                 ,40                           ,F
FLUGB      ,Materials             ,Europe                     ,0           ,25                ,15              ,20                 ,60                           ,D
SAAS       ,Information Technology,Europe                     ,0           ,25                ,5               ,25                 ,55                           ,D
ALCJ       ,Health Care           ,Europe                     ,0           ,0                 ,15              ,25                 ,40                           ,F
INLIF      ,Financials            ,Europe                     ,0           ,25                ,5               ,25                 ,55                           ,D
AFISH      ,Consumer Staples      ,Europe                     ,25          ,0                 ,15              ,10                 ,50                           ,D
ALFRE      ,Industrials           ,Europe                     ,0           ,25                ,5               ,20                 ,50                           ,D
KETL       ,Information Technology,Europe                     ,0           ,0                 ,15              ,10                 ,25                           ,F
FUM        ,Materials             ,Europe                     ,0           ,5                 ,15              ,25                 ,45                           ,D
2330       ,Information Technology,Asia / Pacific             ,25          ,25                ,15              ,25                 ,90                           ,B
700        ,Communication Services,Asia / Pacific             ,25          ,25                ,5               ,25                 ,80                           ,B
A005930    ,Information Technology,Asia / Pacific             ,25          ,25                ,5               ,25                 ,80                           ,B
1398       ,Financials            ,Asia / Pacific             ,25          ,0                 ,15              ,10                 ,50                           ,D
1288       ,Financials            ,Asia / Pacific             ,25          ,0                 ,15              ,10                 ,50                           ,D
A000660    ,Information Technology,Asia / Pacific             ,25          ,25                ,15              ,25                 ,90                           ,B
7203       ,Consumer Discretionary,Asia / Pacific             ,0           ,0                 ,15              ,10                 ,25                           ,F
939        ,Financials            ,Asia / Pacific             ,25          ,0                 ,5               ,10                 ,40                           ,F
857        ,Energy                ,Asia / Pacific             ,0           ,15                ,15              ,25                 ,55                           ,D
600519     ,Consumer Staples      ,Asia / Pacific             ,25          ,15                ,15              ,25                 ,80                           ,B
300750     ,Industrials           ,Asia / Pacific             ,25          ,25                ,15              ,25                 ,90                           ,B
3988       ,Financials            ,Asia / Pacific             ,25          ,0                 ,15              ,0                  ,40                           ,F
RELIANCE   ,Energy                ,Asia / Pacific             ,25          ,25                ,15              ,25                 ,90                           ,B
941        ,Communication Services,Asia / Pacific             ,25          ,5                 ,15              ,25                 ,70                           ,C
8306       ,Financials            ,Asia / Pacific             ,0           ,0                 ,15              ,0                  ,15                           ,F
601138     ,Information Technology,Asia / Pacific             ,25          ,0                 ,15              ,25                 ,65                           ,C
CBA        ,Financials            ,Asia / Pacific             ,0           ,0                 ,15              ,0                  ,15                           ,F
601318     ,Financials            ,Asia / Pacific             ,0           ,25                ,5               ,10                 ,40                           ,F
2628       ,Financials            ,Asia / Pacific             ,0           ,25                ,15              ,25                 ,65                           ,C
9984       ,Communication Services,Asia / Pacific             ,0           ,0                 ,5               ,10                 ,15                           ,F
HDFCBANK   ,Financials            ,Asia / Pacific             ,25          ,0                 ,15              ,10                 ,50                           ,D
BHP        ,Materials             ,Asia / Pacific             ,0           ,15                ,5               ,25                 ,45                           ,D
600036     ,Financials            ,Asia / Pacific             ,25          ,0                 ,5               ,20                 ,50                           ,D
6758       ,Consumer Discretionary,Asia / Pacific             ,0           ,25                ,15              ,25                 ,65                           ,C
6501       ,Industrials           ,Asia / Pacific             ,0           ,25                ,5               ,25                 ,55                           ,D
532454     ,Communication Services,Asia / Pacific             ,25          ,25                ,15              ,10                 ,75                           ,C
883        ,Energy                ,Asia / Pacific             ,25          ,20                ,15              ,25                 ,85                           ,B
601899     ,Materials             ,Asia / Pacific             ,25          ,25                ,15              ,20                 ,85                           ,B
TCS        ,Information Technology,Asia / Pacific             ,25          ,15                ,15              ,25                 ,80                           ,B
8316       ,Financials            ,Asia / Pacific             ,0           ,0                 ,15              ,0                  ,15                           ,F
600886     ,Utilities             ,Asia / Pacific             ,0           ,5                 ,5               ,10                 ,20                           ,F
1211       ,Consumer Discretionary,Asia / Pacific             ,25          ,0                 ,15              ,25                 ,65                           ,C
1299       ,Financials            ,Asia / Pacific             ,0           ,25                ,15              ,25                 ,65                           ,C
9983       ,Consumer Discretionary,Asia / Pacific             ,0           ,25                ,15              ,25                 ,65                           ,C
1088       ,Energy                ,Asia / Pacific             ,25          ,5                 ,5               ,25                 ,60                           ,D
ICICIBANK  ,Financials            ,Asia / Pacific             ,0           ,0                 ,15              ,20                 ,35                           ,F
8035       ,Information Technology,Asia / Pacific             ,0           ,15                ,5               ,25                 ,45                           ,D
CUAN       ,Energy                ,Asia / Pacific             ,0           ,0                 ,5               ,10                 ,15                           ,F
2317       ,Information Technology,Asia / Pacific             ,25          ,0                 ,15              ,20                 ,60                           ,D
300308     ,Information Technology,Asia / Pacific             ,25          ,25                ,15              ,25                 ,90                           ,B
386        ,Energy                ,Asia / Pacific             ,25          ,5                 ,15              ,25                 ,70                           ,C
6857       ,Information Technology,Asia / Pacific             ,0           ,25                ,15              ,25                 ,65                           ,C
600900     ,Utilities             ,Asia / Pacific             ,25          ,15                ,5               ,10                 ,55                           ,D
8411       ,Financials            ,Asia / Pacific             ,0           ,0                 ,15              ,0                  ,15                           ,F
1658       ,Financials            ,Asia / Pacific             ,25          ,0                 ,5               ,20                 ,50                           ,D
9999       ,Communication Services,Asia / Pacific             ,25          ,25                ,15              ,25                 ,90                           ,B
8001       ,Industrials           ,Asia / Pacific             ,0           ,25                ,15              ,20                 ,60                           ,D
4519       ,Health Care           ,Asia / Pacific             ,0           ,15                ,5               ,25                 ,45                           ,D
WBC        ,Financials            ,Asia / Pacific             ,25          ,0                 ,15              ,0                  ,40                           ,F
7011       ,Industrials           ,Asia / Pacific             ,0           ,25                ,15              ,25                 ,65                           ,C
6861       ,Information Technology,Asia / Pacific             ,0           ,25                ,15              ,25                 ,65                           ,C
NAB        ,Financials            ,Asia / Pacific             ,0           ,0                 ,15              ,0                  ,15                           ,F
8031       ,Industrials           ,Asia / Pacific             ,0           ,20                ,15              ,20                 ,55                           ,D
8058       ,Industrials           ,Asia / Pacific             ,0           ,25                ,15              ,20                 ,60                           ,D
3328       ,Financials            ,Asia / Pacific             ,25          ,0                 ,5               ,0                  ,30                           ,F
000333     ,Consumer Discretionary,Asia / Pacific             ,25          ,20                ,15              ,25                 ,85                           ,B
688256     ,Information Technology,Asia / Pacific             ,0           ,0                 ,15              ,25                 ,40                           ,F
9432       ,Communication Services,Asia / Pacific             ,0           ,0                 ,5               ,20                 ,25                           ,F
2308       ,Information Technology,Asia / Pacific             ,25          ,25                ,15              ,25                 ,90                           ,B
6098       ,Industrials           ,Asia / Pacific             ,0           ,25                ,15              ,25                 ,65                           ,C
728        ,Communication Services,Asia / Pacific             ,25          ,25                ,15              ,25                 ,90                           ,B
7974       ,Communication Services,Asia / Pacific             ,0           ,5                 ,15              ,25                 ,45                           ,D
2454       ,Information Technology,Asia / Pacific             ,25          ,15                ,15              ,25                 ,80                           ,B
688041     ,Information Technology,Asia / Pacific             ,25          ,25                ,15              ,25                 ,90                           ,B
ANZ        ,Financials            ,Asia / Pacific             ,0           ,0                 ,15              ,0                  ,15                           ,F
DELTA      ,Information Technology,Asia / Pacific             ,25          ,15                ,15              ,25                 ,80                           ,B
INFY       ,Information Technology,Asia / Pacific             ,25          ,20                ,5               ,25                 ,75                           ,C
8766       ,Financials            ,Asia / Pacific             ,0           ,25                ,15              ,25                 ,65                           ,C
O39        ,Financials            ,Asia / Pacific             ,25          ,0                 ,15              ,20                 ,60                           ,D
OCE        ,Consumer Staples      ,Africa / Middle East       ,0           ,15                ,15              ,25                 ,55                           ,D
BAJFINANCE ,Financials            ,Asia / Pacific             ,25          ,0                 ,15              ,0                  ,40                           ,F
9633       ,Consumer Staples      ,Asia / Pacific             ,0           ,15                ,15              ,25                 ,55                           ,D
HINDUNILVR ,Consumer Staples      ,Asia / Pacific             ,25          ,5                 ,5               ,25                 ,60                           ,D
388        ,Financials            ,Asia / Pacific             ,25          ,0                 ,15              ,25                 ,65                           ,C
9433       ,Communication Services,Asia / Pacific             ,0           ,25                ,15              ,20                 ,60                           ,D
9434       ,Communication Services,Asia / Pacific             ,0           ,15                ,5               ,10                 ,30                           ,F
2914       ,Consumer Staples      ,Asia / Pacific             ,0           ,15                ,15              ,25                 ,55                           ,D
601166     ,Financials            ,Asia / Pacific             ,0           ,0                 ,5               ,0                  ,5                            ,F
6503       ,Industrials           ,Asia / Pacific             ,0           ,25                ,15              ,25                 ,65                           ,C
SAH        ,Consumer Staples      ,Africa / Middle East       ,0           ,5                 ,5               ,10                 ,20                           ,F
MEDTR      ,Health Care           ,Africa / Middle East       ,0           ,25                ,5               ,25                 ,55                           ,D
WES        ,Consumer Discretionary,Asia / Pacific             ,0           ,20                ,15              ,10                 ,45                           ,D
603993     ,Materials             ,Asia / Pacific             ,25          ,25                ,5               ,25                 ,80                           ,B
002475     ,Information Technology,Asia / Pacific             ,25          ,25                ,5               ,20                 ,75                           ,C
600030     ,Financials            ,Asia / Pacific             ,25          ,25                ,5               ,0                  ,55                           ,D
300502     ,Information Technology,Asia / Pacific             ,25          ,25                ,15              ,25                 ,90                           ,B
CAL        ,Financials            ,Africa / Middle East       ,0           ,0                 ,15              ,0                  ,15                           ,F
600276     ,Health Care           ,Asia / Pacific             ,0           ,25                ,15              ,25                 ,65                           ,C
000858     ,Consumer Staples      ,Asia / Pacific             ,0           ,20                ,15              ,25                 ,60                           ,D
MARUTI     ,Consumer Discretionary,Asia / Pacific             ,25          ,5                 ,5               ,25                 ,60                           ,D
WAPIC      ,Financials            ,Africa / Middle East       ,0           ,0                 ,15              ,25                 ,40                           ,F
BBCA       ,Financials            ,Asia / Pacific             ,25          ,0                 ,15              ,25                 ,65                           ,C
LICI       ,Financials            ,Asia / Pacific             ,25          ,0                 ,5               ,25                 ,55                           ,D
4063       ,Materials             ,Asia / Pacific             ,0           ,20                ,5               ,25                 ,50                           ,D
600000     ,Financials            ,Asia / Pacific             ,25          ,0                 ,15              ,0                  ,40                           ,F
Z74        ,Communication Services,Asia / Pacific             ,25          ,5                 ,15              ,25                 ,70                           ,C
601601     ,Financials            ,Asia / Pacific             ,0           ,25                ,5               ,20                 ,50                           ,D
601998     ,Financials            ,Asia / Pacific             ,25          ,25                ,5               ,0                  ,55                           ,D
1339       ,Financials            ,Asia / Pacific             ,0           ,25                ,15              ,25                 ,65                           ,C
600406     ,Industrials           ,Asia / Pacific             ,25          ,25                ,5               ,25                 ,80                           ,B
CSL        ,Health Care           ,Asia / Pacific             ,0           ,25                ,15              ,20                 ,60                           ,D
A207940    ,Health Care           ,Asia / Pacific             ,25          ,0                 ,15              ,25                 ,65                           ,C
300059     ,Financials            ,Asia / Pacific             ,25          ,0                 ,5               ,10                 ,40                           ,F
VALU       ,Financials            ,Africa / Middle East       ,0           ,0                 ,15              ,0                  ,15                           ,F
AMCI       ,Industrials           ,Africa / Middle East       ,25          ,0                 ,15              ,25                 ,65                           ,C
2388       ,Financials            ,Asia / Pacific             ,0           ,0                 ,15              ,25                 ,40                           ,F
7741       ,Health Care           ,Asia / Pacific             ,0           ,25                ,15              ,25                 ,65                           ,C
7182       ,Financials            ,Asia / Pacific             ,0           ,0                 ,15              ,0                  ,15                           ,F
MQG        ,Financials            ,Asia / Pacific             ,0           ,0                 ,15              ,0                  ,15                           ,F
601888     ,Consumer Discretionary,Asia / Pacific             ,25          ,25                ,15              ,25                 ,90                           ,B
A005380    ,Consumer Discretionary,Asia / Pacific             ,25          ,0                 ,5               ,10                 ,40                           ,F
300274     ,Industrials           ,Asia / Pacific             ,0           ,25                ,15              ,25                 ,65                           ,C
601211     ,Financials            ,Asia / Pacific             ,0           ,25                ,5               ,0                  ,30                           ,F
4502       ,Health Care           ,Asia / Pacific             ,0           ,25                ,5               ,20                 ,50                           ,D
002371     ,Information Technology,Asia / Pacific             ,25          ,0                 ,5               ,25                 ,55                           ,D
ITC        ,Consumer Staples      ,Asia / Pacific             ,25          ,5                 ,15              ,25                 ,70                           ,C
6702       ,Information Technology,Asia / Pacific             ,0           ,0                 ,15              ,25                 ,40                           ,F
2328       ,Financials            ,Asia / Pacific             ,25          ,25                ,15              ,25                 ,90                           ,B
HCLTECH    ,Information Technology,Asia / Pacific             ,25          ,15                ,5               ,25                 ,70                           ,C
MM         ,Consumer Discretionary,Asia / Pacific             ,25          ,0                 ,5               ,10                 ,40                           ,F
AFT        ,Materials             ,Africa / Middle East       ,0           ,15                ,15              ,25                 ,55                           ,D
CAP        ,Materials             ,Africa / Middle East       ,0           ,25                ,5               ,25                 ,55                           ,D
8002       ,Industrials           ,Asia / Pacific             ,0           ,0                 ,15              ,20                 ,35                           ,F
FMG        ,Materials             ,Asia / Pacific             ,0           ,15                ,5               ,25                 ,45                           ,D
6701       ,Information Technology,Asia / Pacific             ,0           ,0                 ,15              ,25                 ,40                           ,F
SHRQ       ,Utilities             ,Africa / Middle East       ,0           ,0                 ,15              ,0                  ,15                           ,F
SUNPHARMA  ,Health Care           ,Asia / Pacific             ,25          ,25                ,5               ,25                 ,80                           ,B
U11        ,Financials            ,Asia / Pacific             ,25          ,0                 ,15              ,10                 ,50                           ,D
267        ,Industrials           ,Asia / Pacific             ,0           ,25                ,15              ,10                 ,50                           ,D
532215     ,Financials            ,Asia / Pacific             ,0           ,0                 ,5               ,10                 ,15                           ,F
8267       ,Consumer Staples      ,Asia / Pacific             ,0           ,25                ,15              ,10                 ,50                           ,D
8053       ,Industrials           ,Asia / Pacific             ,0           ,25                ,15              ,20                 ,60                           ,D
1378       ,Materials             ,Asia / Pacific             ,0           ,20                ,15              ,20                 ,55                           ,D
2881       ,Financials            ,Asia / Pacific             ,25          ,15                ,5               ,20                 ,65                           ,C
4568       ,Health Care           ,Asia / Pacific             ,0           ,0                 ,15              ,25                 ,40                           ,F
1024       ,Communication Services,Asia / Pacific             ,25          ,0                 ,15              ,25                 ,65                           ,C
603259     ,Health Care           ,Asia / Pacific             ,25          ,25                ,5               ,25                 ,80                           ,B
ULTRACEMCO ,Materials             ,Asia / Pacific             ,25          ,25                ,15              ,25                 ,90                           ,B
002415     ,Information Technology,Asia / Pacific             ,25          ,25                ,15              ,25                 ,90                           ,B
7267       ,Consumer Discretionary,Asia / Pacific             ,0           ,0                 ,5               ,20                 ,25                           ,F
6981       ,Information Technology,Asia / Pacific             ,0           ,25                ,15              ,25                 ,65                           ,C
002714     ,Consumer Staples      ,Asia / Pacific             ,25          ,25                ,5               ,10                 ,65                           ,C
300476     ,Information Technology,Asia / Pacific             ,0           ,0                 ,15              ,25                 ,40                           ,F
ADANIPORTS ,Industrials           ,Asia / Pacific             ,25          ,0                 ,15              ,20                 ,60                           ,D
6367       ,Industrials           ,Asia / Pacific             ,0           ,25                ,5               ,25                 ,55                           ,D
NTPC       ,Utilities             ,Asia / Pacific             ,25          ,5                 ,15              ,10                 ,55                           ,D
6954       ,Industrials           ,Asia / Pacific             ,0           ,25                ,15              ,25                 ,65                           ,C
6902       ,Consumer Discretionary,Asia / Pacific             ,0           ,15                ,5               ,25                 ,45                           ,D
A329180    ,Industrials           ,Asia / Pacific             ,25          ,0                 ,15              ,25                 ,65                           ,C
8015       ,Industrials           ,Asia / Pacific             ,0           ,25                ,15              ,20                 ,60                           ,D
600150     ,Industrials           ,Asia / Pacific             ,25          ,25                ,15              ,25                 ,90                           ,B
11         ,Financials            ,Asia / Pacific             ,0           ,15                ,5               ,25                 ,45                           ,D
A034020    ,Industrials           ,Asia / Pacific             ,25          ,0                 ,5               ,20                 ,50                           ,D
TPIA       ,Materials             ,Asia / Pacific             ,0           ,0                 ,15              ,20                 ,35                           ,F
TLS        ,Communication Services,Asia / Pacific             ,0           ,25                ,15              ,10                 ,50                           ,D
3711       ,Information Technology,Asia / Pacific             ,25          ,0                 ,15              ,20                 ,60                           ,D
A012450    ,Industrials           ,Asia / Pacific             ,25          ,0                 ,15              ,20                 ,60                           ,D
8725       ,Financials            ,Asia / Pacific             ,0           ,0                 ,15              ,25                 ,40                           ,F
601816     ,Industrials           ,Asia / Pacific             ,25          ,25                ,5               ,25                 ,80                           ,B
2882       ,Financials            ,Asia / Pacific             ,25          ,20                ,5               ,20                 ,70                           ,C
6146       ,Information Technology,Asia / Pacific             ,0           ,5                 ,15              ,25                 ,45                           ,D
600309     ,Materials             ,Asia / Pacific             ,0           ,0                 ,15              ,10                 ,25                           ,F
3382       ,Consumer Staples      ,Asia / Pacific             ,0           ,25                ,15              ,20                 ,60                           ,D
6201       ,Industrials           ,Asia / Pacific             ,0           ,20                ,5               ,25                 ,50                           ,D
300760     ,Health Care           ,Asia / Pacific             ,25          ,15                ,5               ,25                 ,70                           ,C
2382       ,Information Technology,Asia / Pacific             ,25          ,15                ,15              ,10                 ,65                           ,C
HAL        ,Industrials           ,Asia / Pacific             ,25          ,25                ,5               ,25                 ,80                           ,B
500049     ,Industrials           ,Asia / Pacific             ,25          ,5                 ,15              ,25                 ,70                           ,C
5802       ,Consumer Discretionary,Asia / Pacific             ,0           ,25                ,15              ,25                 ,65                           ,C
9992       ,Consumer Discretionary,Asia / Pacific             ,0           ,0                 ,15              ,25                 ,40                           ,F
ONGC       ,Energy                ,Asia / Pacific             ,25          ,25                ,15              ,20                 ,85                           ,B
600690     ,Consumer Discretionary,Asia / Pacific             ,25          ,20                ,5               ,25                 ,75                           ,C
8591       ,Financials            ,Asia / Pacific             ,0           ,0                 ,15              ,10                 ,25                           ,F
2412       ,Communication Services,Asia / Pacific             ,25          ,15                ,5               ,25                 ,70                           ,C
512599     ,Industrials           ,Asia / Pacific             ,25          ,0                 ,15              ,10                 ,50                           ,D
BBRI       ,Financials            ,Asia / Pacific             ,25          ,0                 ,5               ,20                 ,50                           ,D
ATLC       ,Financials            ,Africa / Middle East       ,0           ,0                 ,5               ,0                  ,5                            ,F
5803       ,Industrials           ,Asia / Pacific             ,0           ,25                ,15              ,25                 ,65                           ,C
A000270    ,Consumer Discretionary,Asia / Pacific             ,25          ,0                 ,5               ,25                 ,55                           ,D
002050     ,Industrials           ,Asia / Pacific             ,0           ,20                ,15              ,25                 ,60                           ,D
000651     ,Consumer Discretionary,Asia / Pacific             ,25          ,25                ,5               ,20                 ,75                           ,C
500228     ,Materials             ,Asia / Pacific             ,25          ,25                ,15              ,10                 ,75                           ,C
000001     ,Financials            ,Asia / Pacific             ,25          ,0                 ,15              ,0                  ,40                           ,F
601127     ,Consumer Discretionary,Asia / Pacific             ,25          ,25                ,15              ,25                 ,90                           ,B
A068270    ,Health Care           ,Asia / Pacific             ,25          ,0                 ,15              ,25                 ,65                           ,C
A105560    ,Financials            ,Asia / Pacific             ,25          ,0                 ,5               ,0                  ,30                           ,F
1919       ,Industrials           ,Asia / Pacific             ,25          ,15                ,5               ,25                 ,70                           ,C
8630       ,Financials            ,Asia / Pacific             ,0           ,25                ,15              ,25                 ,65                           ,C
603288     ,Consumer Staples      ,Asia / Pacific             ,25          ,5                 ,5               ,25                 ,60                           ,D
COALINDIA  ,Energy                ,Asia / Pacific             ,25          ,5                 ,5               ,25                 ,60                           ,D
MAYBANK    ,Financials            ,Asia / Pacific             ,25          ,0                 ,15              ,10                 ,50                           ,D
6178       ,Financials            ,Asia / Pacific             ,0           ,0                 ,5               ,0                  ,5                            ,F
ADANIPOWER ,Utilities             ,Asia / Pacific             ,25          ,25                ,5               ,20                 ,75                           ,C
2600       ,Materials             ,Asia / Pacific             ,0           ,25                ,15              ,20                 ,60                           ,D
762        ,Communication Services,Asia / Pacific             ,25          ,0                 ,15              ,25                 ,65                           ,C
2891       ,Financials            ,Asia / Pacific             ,25          ,0                 ,5               ,10                 ,40                           ,F
6752       ,Consumer Discretionary,Asia / Pacific             ,0           ,0                 ,15              ,25                 ,40                           ,F
8750       ,Financials            ,Asia / Pacific             ,0           ,25                ,15              ,20                 ,60                           ,D
600809     ,Consumer Staples      ,Asia / Pacific             ,25          ,15                ,15              ,25                 ,80                           ,B
507685     ,Information Technology,Asia / Pacific             ,25          ,15                ,5               ,25                 ,70                           ,C
4578       ,Health Care           ,Asia / Pacific             ,0           ,25                ,15              ,25                 ,65                           ,C
601336     ,Financials            ,Asia / Pacific             ,25          ,25                ,5               ,0                  ,55                           ,D
ADVANC     ,Communication Services,Asia / Pacific             ,25          ,25                ,15              ,0                  ,65                           ,C
601668     ,Industrials           ,Asia / Pacific             ,0           ,0                 ,5               ,10                 ,15                           ,F
300124     ,Industrials           ,Asia / Pacific             ,25          ,25                ,15              ,25                 ,90                           ,B
9020       ,Industrials           ,Asia / Pacific             ,0           ,0                 ,15              ,10                 ,25                           ,F
601225     ,Energy                ,Asia / Pacific             ,0           ,15                ,5               ,25                 ,45                           ,D
4661       ,Consumer Discretionary,Asia / Pacific             ,0           ,25                ,15              ,25                 ,65                           ,C
ASIANPAINT ,Materials             ,Asia / Pacific             ,25          ,20                ,15              ,25                 ,85                           ,B
WDS        ,Energy                ,Asia / Pacific             ,0           ,0                 ,5               ,25                 ,30                           ,F
3692       ,Health Care           ,Asia / Pacific             ,0           ,25                ,15              ,25                 ,65                           ,C
601688     ,Financials            ,Asia / Pacific             ,0           ,0                 ,5               ,10                 ,15                           ,F
7269       ,Consumer Discretionary,Asia / Pacific             ,0           ,25                ,15              ,25                 ,65                           ,C
500188     ,Materials             ,Asia / Pacific             ,0           ,20                ,5               ,20                 ,45                           ,D
002142     ,Financials            ,Asia / Pacific             ,0           ,25                ,5               ,0                  ,30                           ,F
BAJAJAUTO  ,Consumer Discretionary,Asia / Pacific             ,25          ,0                 ,15              ,25                 ,65                           ,C
6301       ,Industrials           ,Asia / Pacific             ,0           ,15                ,5               ,25                 ,45                           ,D
601818     ,Financials            ,Asia / Pacific             ,25          ,0                 ,5               ,0                  ,30                           ,F
PTT        ,Energy                ,Asia / Pacific             ,25          ,25                ,15              ,20                 ,85                           ,B
5108       ,Consumer Discretionary,Asia / Pacific             ,0           ,25                ,15              ,25                 ,65                           ,C
2020       ,Consumer Discretionary,Asia / Pacific             ,0           ,25                ,15              ,25                 ,65                           ,C
A028260    ,Industrials           ,Asia / Pacific             ,25          ,25                ,15              ,25                 ,90                           ,B
BMRI       ,Financials            ,Asia / Pacific             ,25          ,0                 ,5               ,20                 ,50                           ,D
500790     ,Consumer Staples      ,Asia / Pacific             ,0           ,15                ,5               ,25                 ,45                           ,D
POWERGRID  ,Utilities             ,Asia / Pacific             ,25          ,5                 ,15              ,10                 ,55                           ,D
600031     ,Industrials           ,Asia / Pacific             ,25          ,25                ,15              ,25                 ,90                           ,B
688012     ,Information Technology,Asia / Pacific             ,25          ,25                ,15              ,25                 ,90                           ,B
A064350    ,Industrials           ,Asia / Pacific             ,25          ,0                 ,15              ,25                 ,65                           ,C
601766     ,Industrials           ,Asia / Pacific             ,25          ,0                 ,5               ,25                 ,55                           ,D
6762       ,Information Technology,Asia / Pacific             ,0           ,25                ,15              ,25                 ,65                           ,C
002352     ,Industrials           ,Asia / Pacific             ,25          ,20                ,5               ,20                 ,70                           ,C
6066       ,Financials            ,Asia / Pacific             ,0           ,25                ,5               ,0                  ,30                           ,F
9022       ,Industrials           ,Asia / Pacific             ,0           ,25                ,15              ,20                 ,60                           ,D
6669       ,Information Technology,Asia / Pacific             ,25          ,0                 ,15              ,25                 ,65                           ,C
7701       ,Information Technology,Asia / Pacific             ,0           ,25                ,15              ,25                 ,65                           ,C
VEDL       ,Materials             ,Asia / Pacific             ,25          ,15                ,15              ,10                 ,65                           ,C
7751       ,Information Technology,Asia / Pacific             ,0           ,20                ,5               ,25                 ,50                           ,D
1          ,Industrials           ,Asia / Pacific             ,0           ,25                ,15              ,25                 ,65                           ,C
A055550    ,Financials            ,Asia / Pacific             ,25          ,0                 ,5               ,0                  ,30                           ,F
4901       ,Information Technology,Asia / Pacific             ,0           ,0                 ,15              ,25                 ,40                           ,F
KMGZ       ,Energy                ,Asia / Pacific             ,25          ,25                ,15              ,25                 ,90                           ,B
788        ,Communication Services,Asia / Pacific             ,25          ,0                 ,15              ,25                 ,65                           ,C
600887     ,Consumer Staples      ,Asia / Pacific             ,25          ,20                ,5               ,10                 ,60                           ,D
A035420    ,Communication Services,Asia / Pacific             ,25          ,0                 ,15              ,25                 ,65                           ,C
6723       ,Information Technology,Asia / Pacific             ,25          ,25                ,5               ,20                 ,75                           ,C
500470     ,Materials             ,Asia / Pacific             ,25          ,25                ,15              ,10                 ,75                           ,C
601985     ,Utilities             ,Asia / Pacific             ,0           ,0                 ,5               ,10                 ,15                           ,F
300033     ,Financials            ,Asia / Pacific             ,0           ,25                ,5               ,25                 ,55                           ,D
1816       ,Utilities             ,Asia / Pacific             ,25          ,5                 ,5               ,10                 ,45                           ,D
600547     ,Materials             ,Asia / Pacific             ,0           ,25                ,5               ,10                 ,40                           ,F
600183     ,Information Technology,Asia / Pacific             ,25          ,5                 ,15              ,25                 ,70                           ,C
8604       ,Financials            ,Asia / Pacific             ,0           ,25                ,5               ,0                  ,30                           ,F
IOC        ,Energy                ,Asia / Pacific             ,25          ,25                ,15              ,20                 ,85                           ,B
A042660    ,Industrials           ,Asia / Pacific             ,25          ,0                 ,15              ,10                 ,50                           ,D
600104     ,Consumer Discretionary,Asia / Pacific             ,0           ,25                ,5               ,25                 ,55                           ,D
AOT        ,Industrials           ,Asia / Pacific             ,25          ,20                ,15              ,25                 ,85                           ,B
000568     ,Consumer Staples      ,Asia / Pacific             ,0           ,20                ,5               ,25                 ,50                           ,D
000063     ,Information Technology,Asia / Pacific             ,0           ,0                 ,5               ,20                 ,25                           ,F
175        ,Consumer Discretionary,Asia / Pacific             ,25          ,0                 ,15              ,25                 ,65                           ,C
4503       ,Health Care           ,Asia / Pacific             ,0           ,25                ,15              ,20                 ,60                           ,D
600025     ,Utilities             ,Asia / Pacific             ,0           ,0                 ,5               ,10                 ,15                           ,F
600111     ,Materials             ,Asia / Pacific             ,0           ,25                ,15              ,25                 ,65                           ,C
2333       ,Consumer Discretionary,Asia / Pacific             ,25          ,25                ,15              ,25                 ,90                           ,B
WOW        ,Consumer Staples      ,Asia / Pacific             ,0           ,20                ,15              ,0                  ,35                           ,F
66         ,Industrials           ,Asia / Pacific             ,0           ,0                 ,5               ,25                 ,30                           ,F
NST        ,Materials             ,Asia / Pacific             ,0           ,15                ,15              ,25                 ,55                           ,D
300433     ,Information Technology,Asia / Pacific             ,25          ,5                 ,15              ,25                 ,70                           ,C
600016     ,Financials            ,Asia / Pacific             ,25          ,25                ,5               ,0                  ,55                           ,D
600660     ,Consumer Discretionary,Asia / Pacific             ,0           ,15                ,15              ,25                 ,55                           ,D
600760     ,Industrials           ,Asia / Pacific             ,0           ,0                 ,15              ,25                 ,40                           ,F
358        ,Materials             ,Asia / Pacific             ,0           ,0                 ,5               ,20                 ,25                           ,F
603986     ,Information Technology,Asia / Pacific             ,25          ,25                ,15              ,25                 ,90                           ,B
000792     ,Materials             ,Asia / Pacific             ,25          ,25                ,5               ,25                 ,80                           ,B
1605       ,Energy                ,Asia / Pacific             ,0           ,0                 ,15              ,25                 ,40                           ,F
000776     ,Financials            ,Asia / Pacific             ,0           ,0                 ,5               ,0                  ,5                            ,F
6273       ,Industrials           ,Asia / Pacific             ,0           ,15                ,5               ,25                 ,45                           ,D
8309       ,Financials            ,Asia / Pacific             ,0           ,25                ,15              ,0                  ,40                           ,F
002916     ,Information Technology,Asia / Pacific             ,25          ,5                 ,15              ,25                 ,70                           ,C
600050     ,Communication Services,Asia / Pacific             ,0           ,20                ,5               ,25                 ,50                           ,D
SBILIFE    ,Financials            ,Asia / Pacific             ,0           ,25                ,5               ,25                 ,55                           ,D
603501     ,Information Technology,Asia / Pacific             ,25          ,25                ,5               ,25                 ,80                           ,B
500440     ,Materials             ,Asia / Pacific             ,25          ,25                ,15              ,20                 ,85                           ,B
300999     ,Consumer Staples      ,Asia / Pacific             ,25          ,25                ,5               ,20                 ,75                           ,C
2          ,Utilities             ,Asia / Pacific             ,0           ,5                 ,15              ,20                 ,40                           ,F
505200     ,Consumer Discretionary,Asia / Pacific             ,25          ,25                ,5               ,25                 ,80                           ,B
300394     ,Information Technology,Asia / Pacific             ,25          ,15                ,15              ,25                 ,80                           ,B
A012330    ,Consumer Discretionary,Asia / Pacific             ,25          ,0                 ,5               ,25                 ,55                           ,D
600019     ,Materials             ,Asia / Pacific             ,0           ,25                ,5               ,25                 ,55                           ,D
SIG        ,Health Care           ,Asia / Pacific             ,0           ,15                ,5               ,25                 ,45                           ,D
PBBANK     ,Financials            ,Asia / Pacific             ,25          ,0                 ,15              ,25                 ,65                           ,C
ALL        ,Consumer Discretionary,Asia / Pacific             ,0           ,25                ,15              ,25                 ,65                           ,C
8308       ,Financials            ,Asia / Pacific             ,0           ,0                 ,15              ,0                  ,15                           ,F
000729     ,Consumer Staples      ,Asia / Pacific             ,25          ,25                ,15              ,25                 ,90                           ,B
000725     ,Information Technology,Asia / Pacific             ,0           ,20                ,5               ,20                 ,45                           ,D
600346     ,Materials             ,Asia / Pacific             ,0           ,15                ,5               ,0                  ,20                           ,F
A015760    ,Utilities             ,Asia / Pacific             ,25          ,0                 ,15              ,0                  ,40                           ,F
4307       ,Information Technology,Asia / Pacific             ,0           ,25                ,15              ,20                 ,60                           ,D
002384     ,Information Technology,Asia / Pacific             ,25          ,5                 ,15              ,20                 ,65                           ,C
CIMB       ,Financials            ,Asia / Pacific             ,25          ,0                 ,15              ,10                 ,50                           ,D
601100     ,Industrials           ,Asia / Pacific             ,25          ,20                ,15              ,25                 ,85                           ,B
5401       ,Materials             ,Asia / Pacific             ,0           ,0                 ,15              ,25                 ,40                           ,F
688111     ,Information Technology,Asia / Pacific             ,25          ,25                ,15              ,25                 ,90                           ,B
9973       ,Consumer Discretionary,Asia / Pacific             ,0           ,0                 ,15              ,20                 ,35                           ,F
6881       ,Financials            ,Asia / Pacific             ,25          ,0                 ,15              ,0                  ,40                           ,F
A267260    ,Industrials           ,Asia / Pacific             ,25          ,0                 ,5               ,25                 ,55                           ,D
COCHINSHIP ,Industrials           ,Asia / Pacific             ,0           ,0                 ,5               ,25                 ,30                           ,F
511218     ,Financials            ,Asia / Pacific             ,0           ,0                 ,15              ,0                  ,15                           ,F
1898       ,Energy                ,Asia / Pacific             ,0           ,5                 ,5               ,25                 ,35                           ,F
669        ,Industrials           ,Asia / Pacific             ,0           ,25                ,15              ,25                 ,65                           ,C
GRASIM     ,Materials             ,Asia / Pacific             ,0           ,0                 ,5               ,10                 ,15                           ,F
4543       ,Health Care           ,Asia / Pacific             ,0           ,25                ,15              ,25                 ,65                           ,C
27         ,Consumer Discretionary,Asia / Pacific             ,0           ,0                 ,15              ,25                 ,40                           ,F
2338       ,Industrials           ,Asia / Pacific             ,0           ,25                ,15              ,20                 ,60                           ,D
TLKM       ,Communication Services,Asia / Pacific             ,25          ,20                ,5               ,25                 ,75                           ,C
S63        ,Industrials           ,Asia / Pacific             ,0           ,25                ,15              ,10                 ,50                           ,D
JIOFIN     ,Financials            ,Asia / Pacific             ,0           ,0                 ,5               ,25                 ,30                           ,F
BXB        ,Industrials           ,Asia / Pacific             ,0           ,20                ,15              ,20                 ,55                           ,D
1347       ,Information Technology,Asia / Pacific             ,25          ,0                 ,15              ,25                 ,65                           ,C
2345       ,Information Technology,Asia / Pacific             ,25          ,25                ,15              ,25                 ,90                           ,B
753        ,Industrials           ,Asia / Pacific             ,25          ,25                ,5               ,0                  ,55                           ,D
002463     ,Information Technology,Asia / Pacific             ,25          ,0                 ,15              ,25                 ,65                           ,C
688008     ,Information Technology,Asia / Pacific             ,25          ,25                ,15              ,25                 ,90                           ,B
605499     ,Consumer Staples      ,Asia / Pacific             ,0           ,15                ,15              ,20                 ,50                           ,D
2802       ,Consumer Staples      ,Asia / Pacific             ,0           ,25                ,15              ,20                 ,60                           ,D
HYUNDAI    ,Consumer Discretionary,Asia / Pacific             ,25          ,0                 ,15              ,25                 ,65                           ,C
601229     ,Financials            ,Asia / Pacific             ,0           ,0                 ,5               ,0                  ,5                            ,F
1928       ,Consumer Discretionary,Asia / Pacific             ,0           ,25                ,15              ,0                  ,40                           ,F
J36        ,Industrials           ,Latin America and Caribbean,0           ,25                ,15              ,25                 ,65                           ,C
2408       ,Information Technology,Asia / Pacific             ,25          ,0                 ,15              ,25                 ,65                           ,C
600999     ,Financials            ,Asia / Pacific             ,0           ,0                 ,5               ,0                  ,5                            ,F
QBE        ,Financials            ,Asia / Pacific             ,0           ,25                ,15              ,25                 ,65                           ,C
300014     ,Industrials           ,Asia / Pacific             ,25          ,0                 ,5               ,20                 ,50                           ,D
A032830    ,Financials            ,Asia / Pacific             ,25          ,0                 ,5               ,20                 ,50                           ,D
7013       ,Industrials           ,Asia / Pacific             ,0           ,25                ,15              ,10                 ,50                           ,D
600989     ,Materials             ,Asia / Pacific             ,0           ,20                ,15              ,20                 ,55                           ,D
000408     ,Materials             ,Asia / Pacific             ,0           ,5                 ,15              ,25                 ,45                           ,D
601009     ,Financials            ,Asia / Pacific             ,25          ,0                 ,5               ,0                  ,30                           ,F
GULF       ,Utilities             ,Asia / Pacific             ,25          ,0                 ,15              ,0                  ,40                           ,F
601012     ,Information Technology,Asia / Pacific             ,0           ,0                 ,5               ,25                 ,30                           ,F
LTIM       ,Information Technology,Asia / Pacific             ,25          ,20                ,15              ,25                 ,85                           ,B
3908       ,Financials            ,Asia / Pacific             ,25          ,25                ,5               ,0                  ,55                           ,D
TENAGA     ,Utilities             ,Asia / Pacific             ,25          ,15                ,5               ,10                 ,55                           ,D
002736     ,Financials            ,Asia / Pacific             ,0           ,0                 ,5               ,0                  ,5                            ,F
A009540    ,Industrials           ,Asia / Pacific             ,25          ,0                 ,5               ,25                 ,55                           ,D
2097       ,Consumer Discretionary,Asia / Pacific             ,0           ,0                 ,15              ,25                 ,40                           ,F
ICT        ,Industrials           ,Asia / Pacific             ,25          ,25                ,5               ,0                  ,55                           ,D
3659       ,Communication Services,Asia / Pacific             ,0           ,25                ,15              ,25                 ,65                           ,C
6971       ,Information Technology,Asia / Pacific             ,0           ,15                ,5               ,25                 ,45                           ,D
000425     ,Industrials           ,Asia / Pacific             ,25          ,20                ,5               ,20                 ,70                           ,C
2303       ,Information Technology,Asia / Pacific             ,25          ,15                ,5               ,25                 ,70                           ,C
5020       ,Energy                ,Asia / Pacific             ,0           ,25                ,15              ,20                 ,60                           ,D
002602     ,Communication Services,Asia / Pacific             ,0           ,25                ,5               ,25                 ,55                           ,D
601689     ,Consumer Discretionary,Asia / Pacific             ,25          ,25                ,5               ,25                 ,80                           ,B
A035720    ,Communication Services,Asia / Pacific             ,25          ,0                 ,5               ,25                 ,55                           ,D
600029     ,Industrials           ,Asia / Pacific             ,25          ,25                ,5               ,0                  ,55                           ,D
7769       ,Information Technology,Asia / Pacific             ,0           ,25                ,15              ,25                 ,65                           ,C
COL        ,Consumer Staples      ,Asia / Pacific             ,0           ,20                ,15              ,0                  ,35                           ,F
2886       ,Financials            ,Asia / Pacific             ,25          ,0                 ,15              ,10                 ,50                           ,D
IHH        ,Health Care           ,Asia / Pacific             ,25          ,20                ,15              ,25                 ,85                           ,B
1038       ,Utilities             ,Asia / Pacific             ,0           ,0                 ,5               ,25                 ,30                           ,F
600637     ,Communication Services,Asia / Pacific             ,0           ,0                 ,5               ,25                 ,30                           ,F
9766       ,Communication Services,Asia / Pacific             ,0           ,25                ,15              ,25                 ,65                           ,C
ADANIGREEN ,Utilities             ,Asia / Pacific             ,25          ,0                 ,5               ,0                  ,30                           ,F
DIVISLAB   ,Health Care           ,Asia / Pacific             ,25          ,0                 ,15              ,25                 ,65                           ,C
IRFC       ,Financials            ,Asia / Pacific             ,0           ,20                ,15              ,0                  ,35                           ,F
1801       ,Health Care           ,Asia / Pacific             ,0           ,0                 ,15              ,25                 ,40                           ,F
2383       ,Information Technology,Asia / Pacific             ,25          ,0                 ,15              ,25                 ,65                           ,C
603019     ,Information Technology,Asia / Pacific             ,0           ,25                ,15              ,25                 ,65                           ,C
VBL        ,Consumer Staples      ,Asia / Pacific             ,25          ,0                 ,15              ,25                 ,65                           ,C
600115     ,Industrials           ,Asia / Pacific             ,25          ,25                ,5               ,0                  ,55                           ,D
603799     ,Industrials           ,Asia / Pacific             ,0           ,15                ,5               ,10                 ,30                           ,F
4689       ,Communication Services,Asia / Pacific             ,0           ,25                ,5               ,25                 ,55                           ,D
6920       ,Information Technology,Asia / Pacific             ,0           ,25                ,5               ,25                 ,55                           ,D
BPCL       ,Energy                ,Asia / Pacific             ,25          ,25                ,15              ,20                 ,85                           ,B
VCB        ,Financials            ,Asia / Pacific             ,25          ,0                 ,15              ,25                 ,65                           ,C
HDFCLIFE   ,Financials            ,Asia / Pacific             ,25          ,0                 ,15              ,25                 ,65                           ,C
4452       ,Consumer Staples      ,Asia / Pacific             ,0           ,20                ,5               ,25                 ,50                           ,D
MUTHOOTFIN ,Financials            ,Asia / Pacific             ,0           ,0                 ,15              ,0                  ,15                           ,F
600018     ,Industrials           ,Asia / Pacific             ,25          ,5                 ,5               ,25                 ,60                           ,D
000166     ,Financials            ,Asia / Pacific             ,0           ,0                 ,15              ,0                  ,15                           ,F
002460     ,Materials             ,Asia / Pacific             ,0           ,0                 ,5               ,20                 ,25                           ,F
TATACAP    ,Financials            ,Asia / Pacific             ,0           ,0                 ,5               ,0                  ,5                            ,F
601390     ,Industrials           ,Asia / Pacific             ,0           ,0                 ,5               ,20                 ,25                           ,F
1812       ,Industrials           ,Asia / Pacific             ,0           ,25                ,15              ,20                 ,60                           ,D
3017       ,Information Technology,Asia / Pacific             ,25          ,25                ,15              ,20                 ,85                           ,B
BRPT       ,Materials             ,Asia / Pacific             ,25          ,0                 ,15              ,10                 ,50                           ,D
9503       ,Utilities             ,Asia / Pacific             ,0           ,25                ,15              ,10                 ,50                           ,D
MAYBAKER   ,Health Care           ,Africa / Middle East       ,0           ,20                ,5               ,25                 ,50                           ,D
002230     ,Information Technology,Asia / Pacific             ,25          ,15                ,5               ,25                 ,70                           ,C
A086790    ,Financials            ,Asia / Pacific             ,25          ,0                 ,5               ,0                  ,30                           ,F
BANKBARODA ,Financials            ,Asia / Pacific             ,0           ,0                 ,5               ,20                 ,25                           ,F
7532       ,Consumer Discretionary,Asia / Pacific             ,0           ,25                ,15              ,20                 ,60                           ,D
7936       ,Consumer Discretionary,Asia / Pacific             ,0           ,0                 ,15              ,25                 ,40                           ,F
7832       ,Consumer Discretionary,Asia / Pacific             ,0           ,0                 ,15              ,25                 ,40                           ,F
500251     ,Consumer Discretionary,Asia / Pacific             ,25          ,25                ,15              ,25                 ,90                           ,B
BL         ,Financials            ,Africa / Middle East       ,0           ,25                ,15              ,0                  ,40                           ,F
EVN        ,Materials             ,Asia / Pacific             ,0           ,25                ,15              ,25                 ,65                           ,C
TMCV       ,Industrials           ,Asia / Pacific             ,0           ,0                 ,15              ,0                  ,15                           ,F
2884       ,Financials            ,Asia / Pacific             ,25          ,0                 ,15              ,10                 ,50                           ,D
2727       ,Industrials           ,Asia / Pacific             ,0           ,25                ,5               ,20                 ,50                           ,D
002938     ,Information Technology,Asia / Pacific             ,25          ,15                ,5               ,25                 ,70                           ,C
301308     ,Information Technology,Asia / Pacific             ,0           ,0                 ,5               ,10                 ,15                           ,F
LASACO     ,Financials            ,Africa / Middle East       ,0           ,0                 ,15              ,25                 ,40                           ,F
A051910    ,Materials             ,Asia / Pacific             ,25          ,0                 ,15              ,20                 ,60                           ,D
PIDILITIND ,Materials             ,Asia / Pacific             ,25          ,20                ,5               ,25                 ,75                           ,C
3          ,Utilities             ,Asia / Pacific             ,0           ,5                 ,15              ,20                 ,40                           ,F
1800       ,Industrials           ,Asia / Pacific             ,25          ,0                 ,5               ,10                 ,40                           ,F
600905     ,Utilities             ,Asia / Pacific             ,0           ,0                 ,5               ,10                 ,15                           ,F
002028     ,Industrials           ,Asia / Pacific             ,25          ,25                ,15              ,25                 ,90                           ,B
600489     ,Materials             ,Asia / Pacific             ,0           ,20                ,15              ,25                 ,60                           ,D
000807     ,Materials             ,Asia / Pacific             ,0           ,25                ,15              ,25                 ,65                           ,C
601169     ,Financials            ,Asia / Pacific             ,0           ,0                 ,5               ,0                  ,5                            ,F
2885       ,Financials            ,Asia / Pacific             ,0           ,15                ,15              ,0                  ,30                           ,F
ASII       ,Industrials           ,Asia / Pacific             ,25          ,20                ,15              ,25                 ,85                           ,B
1929       ,Consumer Discretionary,Asia / Pacific             ,0           ,15                ,15              ,20                 ,50                           ,D
NEIMETH    ,Health Care           ,Africa / Middle East       ,0           ,0                 ,15              ,0                  ,15                           ,F
511243     ,Financials            ,Asia / Pacific             ,25          ,0                 ,15              ,0                  ,40                           ,F
2887       ,Financials            ,Asia / Pacific             ,25          ,0                 ,5               ,10                 ,40                           ,F
002600     ,Information Technology,Asia / Pacific             ,0           ,5                 ,5               ,20                 ,30                           ,F
6          ,Utilities             ,Asia / Pacific             ,0           ,0                 ,15              ,25                 ,40                           ,F
A010130    ,Materials             ,Asia / Pacific             ,25          ,0                 ,15              ,20                 ,60                           ,D
600089     ,Industrials           ,Asia / Pacific             ,0           ,0                 ,5               ,25                 ,30                           ,F
600585     ,Materials             ,Asia / Pacific             ,25          ,20                ,5               ,25                 ,75                           ,C
1171       ,Energy                ,Asia / Pacific             ,0           ,5                 ,5               ,20                 ,30                           ,F
6326       ,Industrials           ,Asia / Pacific             ,0           ,25                ,5               ,20                 ,50                           ,D
BRITANNIA  ,Consumer Staples      ,Asia / Pacific             ,25          ,15                ,15              ,25                 ,80                           ,B
300498     ,Consumer Staples      ,Asia / Pacific             ,0           ,20                ,5               ,20                 ,45                           ,D
6988       ,Materials             ,Asia / Pacific             ,0           ,25                ,15              ,25                 ,65                           ,C
600926     ,Financials            ,Asia / Pacific             ,0           ,0                 ,15              ,0                  ,15                           ,F
2880       ,Financials            ,Asia / Pacific             ,25          ,0                 ,15              ,0                  ,40                           ,F
1801       ,Industrials           ,Asia / Pacific             ,0           ,25                ,5               ,25                 ,55                           ,D
2327       ,Information Technology,Asia / Pacific             ,25          ,25                ,15              ,20                 ,85                           ,B
PNB        ,Financials            ,Asia / Pacific             ,0           ,0                 ,5               ,20                 ,25                           ,F
600418     ,Consumer Discretionary,Asia / Pacific             ,0           ,0                 ,5               ,20                 ,25                           ,F
C6L        ,Industrials           ,Asia / Pacific             ,0           ,25                ,5               ,20                 ,50                           ,D
002493     ,Materials             ,Asia / Pacific             ,0           ,5                 ,5               ,0                  ,10                           ,F
7270       ,Consumer Discretionary,Asia / Pacific             ,0           ,25                ,5               ,25                 ,55                           ,D
A005490    ,Materials             ,Asia / Pacific             ,25          ,0                 ,5               ,25                 ,55                           ,D
REA        ,Communication Services,Asia / Pacific             ,0           ,25                ,15              ,25                 ,65                           ,C
TECHM      ,Information Technology,Asia / Pacific             ,25          ,15                ,5               ,25                 ,70                           ,C
2502       ,Consumer Staples      ,Asia / Pacific             ,0           ,25                ,15              ,25                 ,65                           ,C
3231       ,Information Technology,Asia / Pacific             ,25          ,0                 ,15              ,20                 ,60                           ,D
600015     ,Financials            ,Asia / Pacific             ,0           ,25                ,5               ,0                  ,30                           ,F
4507       ,Health Care           ,Asia / Pacific             ,0           ,25                ,15              ,25                 ,65                           ,C
4612       ,Materials             ,Asia / Pacific             ,0           ,25                ,15              ,25                 ,65                           ,C
688271     ,Health Care           ,Asia / Pacific             ,25          ,0                 ,15              ,25                 ,65                           ,C
CANBK      ,Financials            ,Asia / Pacific             ,0           ,0                 ,5               ,20                 ,25                           ,F
6594       ,Industrials           ,Asia / Pacific             ,0           ,25                ,15              ,25                 ,65                           ,C
600893     ,Industrials           ,Asia / Pacific             ,0           ,0                 ,5               ,20                 ,25                           ,F
SCB        ,Financials            ,Asia / Pacific             ,25          ,0                 ,15              ,25                 ,65                           ,C
500570     ,Consumer Discretionary,Asia / Pacific             ,25          ,25                ,5               ,20                 ,75                           ,C
992        ,Information Technology,Asia / Pacific             ,25          ,25                ,5               ,20                 ,75                           ,C
902        ,Utilities             ,Asia / Pacific             ,0           ,0                 ,5               ,10                 ,15                           ,F
002027     ,Communication Services,Asia / Pacific             ,25          ,20                ,5               ,25                 ,75                           ,C
1177       ,Health Care           ,Asia / Pacific             ,0           ,25                ,5               ,25                 ,55                           ,D
F34        ,Consumer Staples      ,Asia / Pacific             ,0           ,0                 ,5               ,10                 ,15                           ,F
000625     ,Consumer Discretionary,Asia / Pacific             ,0           ,0                 ,5               ,25                 ,30                           ,F
KZAP       ,Energy                ,Asia / Pacific             ,25          ,15                ,15              ,25                 ,80                           ,B
601006     ,Industrials           ,Asia / Pacific             ,25          ,5                 ,5               ,25                 ,60                           ,D
300015     ,Health Care           ,Asia / Pacific             ,25          ,25                ,15              ,25                 ,90                           ,B
A006400    ,Information Technology,Asia / Pacific             ,25          ,0                 ,15              ,20                 ,60                           ,D
WTC        ,Information Technology,Asia / Pacific             ,0           ,25                ,15              ,25                 ,65                           ,C
002837     ,Industrials           ,Asia / Pacific             ,25          ,0                 ,15              ,25                 ,65                           ,C
BN4        ,Industrials           ,Asia / Pacific             ,0           ,0                 ,15              ,10                 ,25                           ,F
SM         ,Industrials           ,Asia / Pacific             ,25          ,25                ,5               ,20                 ,75                           ,C
600436     ,Health Care           ,Asia / Pacific             ,0           ,0                 ,5               ,25                 ,30                           ,F
ICICIAMC   ,Financials            ,Asia / Pacific             ,0           ,15                ,5               ,25                 ,45                           ,D
002241     ,Information Technology,Asia / Pacific             ,25          ,0                 ,5               ,25                 ,55                           ,D
KBANK      ,Financials            ,Asia / Pacific             ,25          ,25                ,5               ,25                 ,80                           ,B
000538     ,Health Care           ,Asia / Pacific             ,0           ,5                 ,5               ,25                 ,35                           ,F
8473       ,Financials            ,Asia / Pacific             ,0           ,25                ,15              ,0                  ,40                           ,F
1802       ,Industrials           ,Asia / Pacific             ,0           ,20                ,5               ,25                 ,50                           ,D
1818       ,Materials             ,Asia / Pacific             ,0           ,25                ,15              ,20                 ,60                           ,D
600160     ,Materials             ,Asia / Pacific             ,0           ,25                ,15              ,25                 ,65                           ,C
1928       ,Consumer Discretionary,Asia / Pacific             ,0           ,0                 ,15              ,20                 ,35                           ,F
500420     ,Health Care           ,Asia / Pacific             ,25          ,15                ,5               ,25                 ,70                           ,C
A010140    ,Industrials           ,Asia / Pacific             ,25          ,0                 ,15              ,20                 ,60                           ,D
PMETAL     ,Materials             ,Asia / Pacific             ,25          ,25                ,15              ,25                 ,90                           ,B
S68        ,Financials            ,Asia / Pacific             ,0           ,25                ,15              ,25                 ,65                           ,C
7733       ,Health Care           ,Asia / Pacific             ,0           ,25                ,15              ,25                 ,65                           ,C
9735       ,Industrials           ,Asia / Pacific             ,0           ,25                ,15              ,25                 ,65                           ,C
288        ,Consumer Staples      ,Asia / Pacific             ,25          ,20                ,5               ,25                 ,75                           ,C
000977     ,Information Technology,Asia / Pacific             ,25          ,0                 ,5               ,20                 ,50                           ,D
6505       ,Energy                ,Asia / Pacific             ,25          ,25                ,15              ,25                 ,90                           ,B
517334     ,Consumer Discretionary,Asia / Pacific             ,25          ,25                ,15              ,25                 ,90                           ,B
1913       ,Consumer Discretionary,Europe                     ,0           ,25                ,15              ,20                 ,60                           ,D
PTTEP      ,Energy                ,Asia / Pacific             ,25          ,5                 ,5               ,25                 ,60                           ,D
688072     ,Information Technology,Asia / Pacific             ,0           ,25                ,15              ,20                 ,60                           ,D
601186     ,Industrials           ,Asia / Pacific             ,0           ,0                 ,5               ,10                 ,15                           ,F
A000810    ,Financials            ,Asia / Pacific             ,25          ,25                ,15              ,25                 ,90                           ,B
1208       ,Materials             ,Asia / Pacific             ,0           ,0                 ,15              ,20                 ,35                           ,F
GODREJCP   ,Consumer Staples      ,Asia / Pacific             ,25          ,5                 ,5               ,25                 ,60                           ,D
A316140    ,Financials            ,Asia / Pacific             ,25          ,25                ,5               ,0                  ,55                           ,D
688775     ,Consumer Discretionary,Asia / Pacific             ,0           ,0                 ,15              ,25                 ,40                           ,F
1303       ,Materials             ,Asia / Pacific             ,25          ,20                ,15              ,25                 ,85                           ,B
7259       ,Consumer Discretionary,Asia / Pacific             ,0           ,25                ,15              ,25                 ,65                           ,C
6181       ,Consumer Discretionary,Asia / Pacific             ,0           ,0                 ,15              ,25                 ,40                           ,F
1876       ,Consumer Staples      ,Asia / Pacific             ,25          ,0                 ,15              ,25                 ,65                           ,C
4755       ,Consumer Discretionary,Asia / Pacific             ,0           ,25                ,5               ,0                  ,30                           ,F
002709     ,Materials             ,Asia / Pacific             ,0           ,0                 ,15              ,25                 ,40                           ,F
1605       ,Industrials           ,Asia / Pacific             ,25          ,0                 ,5               ,20                 ,50                           ,D
1216       ,Consumer Staples      ,Asia / Pacific             ,25          ,25                ,15              ,10                 ,75                           ,C
916        ,Utilities             ,Asia / Pacific             ,25          ,0                 ,15              ,10                 ,50                           ,D
000683     ,Materials             ,Asia / Pacific             ,0           ,20                ,5               ,25                 ,50                           ,D
A009150    ,Information Technology,Asia / Pacific             ,25          ,25                ,5               ,25                 ,80                           ,B
603296     ,Information Technology,Asia / Pacific             ,0           ,0                 ,15              ,20                 ,35                           ,F
500400     ,Utilities             ,Asia / Pacific             ,25          ,0                 ,15              ,10                 ,50                           ,D
4684       ,Information Technology,Asia / Pacific             ,0           ,25                ,15              ,25                 ,65                           ,C
UNIONBANK  ,Financials            ,Asia / Pacific             ,0           ,0                 ,5               ,25                 ,30                           ,F
9531       ,Utilities             ,Asia / Pacific             ,0           ,25                ,15              ,20                 ,60                           ,D
IDEA       ,Communication Services,Asia / Pacific             ,25          ,0                 ,15              ,25                 ,65                           ,C
PFC        ,Financials            ,Asia / Pacific             ,0           ,0                 ,5               ,0                  ,5                            ,F
2344       ,Information Technology,Asia / Pacific             ,25          ,0                 ,15              ,20                 ,60                           ,D
2892       ,Financials            ,Asia / Pacific             ,25          ,0                 ,15              ,10                 ,50                           ,D
CIPLA      ,Health Care           ,Asia / Pacific             ,25          ,25                ,5               ,25                 ,80                           ,B
9101       ,Industrials           ,Asia / Pacific             ,0           ,25                ,5               ,25                 ,55                           ,D
9532       ,Utilities             ,Asia / Pacific             ,0           ,25                ,15              ,20                 ,60                           ,D
600438     ,Information Technology,Asia / Pacific             ,0           ,0                 ,5               ,10                 ,15                           ,F
500182     ,Consumer Discretionary,Asia / Pacific             ,0           ,15                ,5               ,25                 ,45                           ,D
002304     ,Consumer Staples      ,Asia / Pacific             ,0           ,0                 ,15              ,25                 ,40                           ,F
9989       ,Consumer Staples      ,Asia / Pacific             ,0           ,5                 ,15              ,25                 ,45                           ,D
000100     ,Information Technology,Asia / Pacific             ,25          ,25                ,5               ,10                 ,65                           ,C
500480     ,Industrials           ,Asia / Pacific             ,25          ,15                ,5               ,25                 ,70                           ,C
STO        ,Energy                ,Asia / Pacific             ,0           ,5                 ,15              ,25                 ,45                           ,D
CPU        ,Industrials           ,Asia / Pacific             ,0           ,25                ,15              ,20                 ,60                           ,D
000895     ,Consumer Staples      ,Asia / Pacific             ,0           ,15                ,15              ,25                 ,55                           ,D
002466     ,Materials             ,Asia / Pacific             ,25          ,0                 ,5               ,25                 ,55                           ,D
300442     ,Information Technology,Asia / Pacific             ,0           ,0                 ,5               ,10                 ,15                           ,F
2603       ,Industrials           ,Asia / Pacific             ,25          ,20                ,5               ,25                 ,75                           ,C
ORG        ,Utilities             ,Asia / Pacific             ,0           ,0                 ,15              ,25                 ,40                           ,F
1093       ,Health Care           ,Asia / Pacific             ,25          ,0                 ,15              ,25                 ,65                           ,C
002311     ,Consumer Staples      ,Asia / Pacific             ,0           ,5                 ,5               ,25                 ,35                           ,F
4091       ,Materials             ,Asia / Pacific             ,0           ,25                ,15              ,20                 ,60                           ,D
TATACONSUM ,Consumer Staples      ,Asia / Pacific             ,25          ,20                ,15              ,25                 ,85                           ,B
A011200    ,Industrials           ,Asia / Pacific             ,25          ,0                 ,5               ,25                 ,55                           ,D
POLYCAB    ,Industrials           ,Asia / Pacific             ,25          ,25                ,15              ,25                 ,90                           ,B
601825     ,Financials            ,Asia / Pacific             ,0           ,0                 ,15              ,10                 ,25                           ,F
601669     ,Industrials           ,Asia / Pacific             ,0           ,0                 ,5               ,10                 ,15                           ,F
2357       ,Information Technology,Asia / Pacific             ,25          ,5                 ,15              ,25                 ,70                           ,C
600415     ,Consumer Discretionary,Asia / Pacific             ,25          ,25                ,15              ,25                 ,90                           ,B
A138040    ,Financials            ,Asia / Pacific             ,25          ,0                 ,5               ,0                  ,30                           ,F
600795     ,Utilities             ,Asia / Pacific             ,0           ,5                 ,5               ,0                  ,10                           ,F
INDIANB    ,Financials            ,Asia / Pacific             ,0           ,0                 ,5               ,20                 ,25                           ,F
500530     ,Consumer Discretionary,Asia / Pacific             ,0           ,15                ,5               ,25                 ,45                           ,D
FPH        ,Health Care           ,Asia / Pacific             ,0           ,25                ,15              ,25                 ,65                           ,C
300408     ,Information Technology,Asia / Pacific             ,0           ,25                ,15              ,25                 ,65                           ,C
4062       ,Information Technology,Asia / Pacific             ,0           ,0                 ,5               ,20                 ,25                           ,F
SOLARINDS  ,Materials             ,Asia / Pacific             ,25          ,25                ,15              ,25                 ,90                           ,B
600958     ,Financials            ,Asia / Pacific             ,0           ,25                ,5               ,0                  ,30                           ,F
INDUSTOWER ,Communication Services,Asia / Pacific             ,25          ,0                 ,15              ,20                 ,60                           ,D
SGH        ,Industrials           ,Asia / Pacific             ,0           ,25                ,15              ,10                 ,50                           ,D
CDIA       ,Utilities             ,Asia / Pacific             ,0           ,0                 ,5               ,25                 ,30                           ,F
SUN        ,Financials            ,Asia / Pacific             ,0           ,20                ,5               ,25                 ,50                           ,D
HDFCAMC    ,Financials            ,Asia / Pacific             ,25          ,15                ,15              ,25                 ,80                           ,B
688082     ,Information Technology,Asia / Pacific             ,0           ,0                 ,15              ,25                 ,40                           ,F
HLBANK     ,Financials            ,Asia / Pacific             ,25          ,0                 ,15              ,25                 ,65                           ,C
GAIL       ,Utilities             ,Asia / Pacific             ,25          ,15                ,5               ,25                 ,70                           ,C
BDO        ,Financials            ,Asia / Pacific             ,25          ,0                 ,15              ,25                 ,65                           ,C
1519       ,Industrials           ,Asia / Pacific             ,0           ,25                ,15              ,20                 ,60                           ,D
9435       ,Industrials           ,Asia / Pacific             ,0           ,20                ,15              ,20                 ,55                           ,D
TRUE       ,Communication Services,Asia / Pacific             ,25          ,0                 ,15              ,0                  ,40                           ,F
IAG        ,Financials            ,Asia / Pacific             ,0           ,20                ,15              ,25                 ,60                           ,D
600039     ,Industrials           ,Asia / Pacific             ,0           ,5                 ,5               ,10                 ,20                           ,F
GMRAIRPORT ,Industrials           ,Asia / Pacific             ,25          ,0                 ,15              ,25                 ,65                           ,C
8601       ,Financials            ,Asia / Pacific             ,0           ,25                ,5               ,0                  ,30                           ,F
3407       ,Materials             ,Asia / Pacific             ,0           ,25                ,15              ,20                 ,60                           ,D
BSE        ,Financials            ,Asia / Pacific             ,25          ,0                 ,15              ,25                 ,65                           ,C
5801       ,Industrials           ,Asia / Pacific             ,0           ,20                ,15              ,20                 ,55                           ,D
A298040    ,Industrials           ,Asia / Pacific             ,25          ,0                 ,15              ,20                 ,60                           ,D
CPALL      ,Consumer Staples      ,Asia / Pacific             ,25          ,25                ,15              ,10                 ,75                           ,C
2503       ,Consumer Staples      ,Asia / Pacific             ,0           ,5                 ,15              ,20                 ,40                           ,F
002202     ,Industrials           ,Asia / Pacific             ,25          ,0                 ,5               ,10                 ,40                           ,F
JINDALSTEL ,Materials             ,Asia / Pacific             ,25          ,0                 ,15              ,25                 ,65                           ,C
ASHOKLEY   ,Industrials           ,Asia / Pacific             ,0           ,0                 ,5               ,0                  ,5                            ,F
2301       ,Information Technology,Asia / Pacific             ,25          ,5                 ,15              ,25                 ,70                           ,C
SIEMENS    ,Industrials           ,Asia / Pacific             ,25          ,0                 ,15              ,25                 ,65                           ,C
500002     ,Industrials           ,Asia / Pacific             ,0           ,0                 ,15              ,25                 ,40                           ,F
002558     ,Communication Services,Asia / Pacific             ,0           ,25                ,15              ,25                 ,65                           ,C
8593       ,Financials            ,Asia / Pacific             ,0           ,0                 ,15              ,0                  ,15                           ,F
1072       ,Industrials           ,Asia / Pacific             ,25          ,0                 ,15              ,25                 ,65                           ,C
2890       ,Financials            ,Asia / Pacific             ,25          ,0                 ,15              ,10                 ,50                           ,D
JHX        ,Materials             ,Europe                     ,25          ,0                 ,15              ,20                 ,60                           ,D
7012       ,Industrials           ,Asia / Pacific             ,0           ,25                ,15              ,10                 ,50                           ,D
603929     ,Industrials           ,Asia / Pacific             ,0           ,25                ,15              ,25                 ,65                           ,C
2313       ,Consumer Discretionary,Asia / Pacific             ,0           ,15                ,15              ,25                 ,55                           ,D
5016       ,Materials             ,Asia / Pacific             ,0           ,0                 ,15              ,25                 ,40                           ,F
300450     ,Industrials           ,Asia / Pacific             ,25          ,25                ,15              ,25                 ,90                           ,B
836        ,Utilities             ,Asia / Pacific             ,0           ,0                 ,15              ,10                 ,25                           ,F
A096770    ,Energy                ,Asia / Pacific             ,25          ,0                 ,5               ,10                 ,40                           ,F
1803       ,Industrials           ,Asia / Pacific             ,0           ,25                ,15              ,20                 ,60                           ,D
9502       ,Utilities             ,Asia / Pacific             ,0           ,20                ,15              ,10                 ,45                           ,D
6383       ,Industrials           ,Asia / Pacific             ,0           ,25                ,15              ,25                 ,65                           ,C
3653       ,Information Technology,Asia / Pacific             ,0           ,20                ,15              ,25                 ,60                           ,D
500850     ,Consumer Discretionary,Asia / Pacific             ,25          ,25                ,15              ,25                 ,90                           ,B
6417       ,Consumer Discretionary,Asia / Pacific             ,0           ,20                ,5               ,25                 ,50                           ,D
000988     ,Information Technology,Asia / Pacific             ,0           ,0                 ,15              ,25                 ,40                           ,F
600009     ,Industrials           ,Asia / Pacific             ,0           ,25                ,15              ,25                 ,65                           ,C
000708     ,Materials             ,Asia / Pacific             ,0           ,25                ,5               ,20                 ,50                           ,D
688183     ,Information Technology,Asia / Pacific             ,25          ,0                 ,5               ,25                 ,55                           ,D
HINDPETRO  ,Energy                ,Asia / Pacific             ,25          ,25                ,15              ,10                 ,75                           ,C
500103     ,Industrials           ,Asia / Pacific             ,0           ,25                ,15              ,25                 ,65                           ,C
8227       ,Consumer Discretionary,Asia / Pacific             ,0           ,25                ,15              ,25                 ,65                           ,C
500124     ,Health Care           ,Asia / Pacific             ,25          ,25                ,5               ,25                 ,80                           ,B
5713       ,Materials             ,Asia / Pacific             ,0           ,5                 ,15              ,25                 ,45                           ,D
A024110    ,Financials            ,Asia / Pacific             ,25          ,0                 ,5               ,0                  ,30                           ,F
COH        ,Health Care           ,Asia / Pacific             ,0           ,5                 ,15              ,25                 ,45                           ,D
601360     ,Information Technology,Asia / Pacific             ,0           ,0                 ,5               ,25                 ,30                           ,F
8795       ,Financials            ,Asia / Pacific             ,0           ,0                 ,15              ,25                 ,40                           ,F
6504       ,Industrials           ,Asia / Pacific             ,0           ,5                 ,15              ,25                 ,45                           ,D
MANKIND    ,Health Care           ,Asia / Pacific             ,25          ,25                ,15              ,20                 ,85                           ,B
6361       ,Industrials           ,Asia / Pacific             ,0           ,0                 ,5               ,25                 ,30                           ,F
8697       ,Financials            ,Asia / Pacific             ,0           ,20                ,15              ,25                 ,60                           ,D
543220     ,Health Care           ,Asia / Pacific             ,25          ,5                 ,5               ,25                 ,60                           ,D
SBICARD    ,Financials            ,Asia / Pacific             ,25          ,0                 ,15              ,0                  ,40                           ,F
9719       ,Information Technology,Asia / Pacific             ,0           ,25                ,15              ,10                 ,50                           ,D
293        ,Industrials           ,Asia / Pacific             ,0           ,25                ,5               ,10                 ,40                           ,F
2016       ,Financials            ,Asia / Pacific             ,0           ,0                 ,5               ,0                  ,5                            ,F
1033       ,Energy                ,Asia / Pacific             ,0           ,25                ,15              ,0                  ,40                           ,F
605117     ,Industrials           ,Asia / Pacific             ,25          ,5                 ,5               ,25                 ,60                           ,D
APOLLOHOSP ,Health Care           ,Asia / Pacific             ,25          ,25                ,15              ,20                 ,85                           ,B
601238     ,Consumer Discretionary,Asia / Pacific             ,25          ,0                 ,5               ,25                 ,55                           ,D
CGPOWER    ,Industrials           ,Asia / Pacific             ,25          ,0                 ,15              ,25                 ,65                           ,C
MAZDOCK    ,Industrials           ,Asia / Pacific             ,25          ,0                 ,15              ,25                 ,65                           ,C
002532     ,Materials             ,Asia / Pacific             ,0           ,20                ,15              ,20                 ,55                           ,D
3037       ,Information Technology,Asia / Pacific             ,25          ,0                 ,5               ,25                 ,55                           ,D
MER        ,Utilities             ,Asia / Pacific             ,0           ,0                 ,15              ,20                 ,35                           ,F
000630     ,Materials             ,Asia / Pacific             ,0           ,0                 ,5               ,20                 ,25                           ,F
688036     ,Information Technology,Asia / Pacific             ,25          ,5                 ,5               ,25                 ,60                           ,D
A003670    ,Industrials           ,Asia / Pacific             ,25          ,0                 ,15              ,10                 ,50                           ,D
7181       ,Financials            ,Asia / Pacific             ,0           ,0                 ,15              ,10                 ,25                           ,F
603893     ,Information Technology,Asia / Pacific             ,0           ,25                ,15              ,25                 ,65                           ,C
531642     ,Consumer Staples      ,Asia / Pacific             ,25          ,15                ,5               ,25                 ,70                           ,C
LGEINDIA   ,Consumer Discretionary,Asia / Pacific             ,0           ,0                 ,15              ,25                 ,40                           ,F
SHREECEM   ,Materials             ,Asia / Pacific             ,25          ,25                ,15              ,25                 ,90                           ,B
A066570    ,Consumer Discretionary,Asia / Pacific             ,25          ,25                ,5               ,20                 ,75                           ,C
S32        ,Materials             ,Asia / Pacific             ,0           ,15                ,5               ,25                 ,45                           ,D
291        ,Consumer Staples      ,Asia / Pacific             ,0           ,15                ,15              ,25                 ,55                           ,D
002001     ,Materials             ,Asia / Pacific             ,0           ,25                ,15              ,25                 ,65                           ,C
A042700    ,Information Technology,Asia / Pacific             ,25          ,0                 ,15              ,25                 ,65                           ,C
ICICIPRULI ,Financials            ,Asia / Pacific             ,25          ,0                 ,15              ,25                 ,65                           ,C
688729     ,Information Technology,Asia / Pacific             ,0           ,0                 ,5               ,25                 ,30                           ,F
ICICIGI    ,Financials            ,Asia / Pacific             ,25          ,0                 ,15              ,25                 ,65                           ,C
2360       ,Information Technology,Asia / Pacific             ,25          ,5                 ,15              ,25                 ,70                           ,C
7202       ,Consumer Discretionary,Asia / Pacific             ,0           ,15                ,5               ,25                 ,45                           ,D
002179     ,Information Technology,Asia / Pacific             ,0           ,0                 ,15              ,25                 ,40                           ,F
UNITDSPR   ,Consumer Staples      ,Asia / Pacific             ,25          ,25                ,5               ,25                 ,80                           ,B
601788     ,Financials            ,Asia / Pacific             ,0           ,25                ,5               ,10                 ,40                           ,F
600004     ,Industrials           ,Asia / Pacific             ,0           ,25                ,15              ,25                 ,65                           ,C
600580     ,Industrials           ,Asia / Pacific             ,0           ,25                ,5               ,20                 ,50                           ,D
3008       ,Information Technology,Asia / Pacific             ,25          ,20                ,15              ,25                 ,85                           ,B
603195     ,Industrials           ,Asia / Pacific             ,0           ,15                ,5               ,25                 ,45                           ,D
002920     ,Consumer Discretionary,Asia / Pacific             ,25          ,20                ,15              ,25                 ,85                           ,B
BS6        ,Industrials           ,Asia / Pacific             ,0           ,25                ,15              ,25                 ,65                           ,C
316        ,Industrials           ,Asia / Pacific             ,0           ,15                ,5               ,25                 ,45                           ,D
600066     ,Industrials           ,Asia / Pacific             ,0           ,5                 ,15              ,25                 ,45                           ,D
19         ,Industrials           ,Asia / Pacific             ,0           ,20                ,15              ,25                 ,60                           ,D
BPI        ,Financials            ,Asia / Pacific             ,25          ,0                 ,15              ,25                 ,65                           ,C
500257     ,Health Care           ,Asia / Pacific             ,25          ,25                ,15              ,25                 ,90                           ,B
C07        ,Industrials           ,Asia / Pacific             ,0           ,25                ,5               ,25                 ,55                           ,D
CTG        ,Financials            ,Asia / Pacific             ,25          ,0                 ,15              ,10                 ,50                           ,D
600600     ,Consumer Staples      ,Asia / Pacific             ,25          ,5                 ,15              ,25                 ,70                           ,C
002353     ,Energy                ,Asia / Pacific             ,0           ,25                ,5               ,25                 ,55                           ,D
QAN        ,Industrials           ,Asia / Pacific             ,0           ,15                ,15              ,0                  ,30                           ,F
A010120    ,Industrials           ,Asia / Pacific             ,25          ,0                 ,15              ,20                 ,60                           ,D
000157     ,Industrials           ,Asia / Pacific             ,25          ,0                 ,5               ,25                 ,55                           ,D
603228     ,Information Technology,Asia / Pacific             ,0           ,0                 ,5               ,25                 ,30                           ,F
9104       ,Industrials           ,Asia / Pacific             ,0           ,0                 ,5               ,20                 ,25                           ,F
002074     ,Industrials           ,Asia / Pacific             ,0           ,0                 ,5               ,10                 ,15                           ,F
601872     ,Energy                ,Asia / Pacific             ,0           ,0                 ,5               ,20                 ,25                           ,F
000938     ,Information Technology,Asia / Pacific             ,0           ,25                ,5               ,10                 ,40                           ,F
000768     ,Industrials           ,Asia / Pacific             ,0           ,25                ,5               ,25                 ,55                           ,D
BUMI       ,Energy                ,Asia / Pacific             ,0           ,0                 ,15              ,25                 ,40                           ,F
ZYDUSLIFE  ,Health Care           ,Asia / Pacific             ,25          ,25                ,5               ,25                 ,80                           ,B
3045       ,Communication Services,Asia / Pacific             ,25          ,20                ,5               ,10                 ,60                           ,D
BID        ,Financials            ,Asia / Pacific             ,25          ,0                 ,15              ,20                 ,60                           ,D
600879     ,Industrials           ,Asia / Pacific             ,0           ,0                 ,5               ,25                 ,30                           ,F
000050     ,Information Technology,Asia / Pacific             ,0           ,25                ,5               ,10                 ,40                           ,F
PERSISTENT ,Information Technology,Asia / Pacific             ,25          ,25                ,15              ,25                 ,90                           ,B
DABUR      ,Consumer Staples      ,Asia / Pacific             ,25          ,15                ,5               ,25                 ,70                           ,C
301165     ,Information Technology,Asia / Pacific             ,0           ,15                ,15              ,25                 ,55                           ,D
688396     ,Information Technology,Asia / Pacific             ,25          ,25                ,15              ,25                 ,90                           ,B
688126     ,Information Technology,Asia / Pacific             ,0           ,0                 ,5               ,25                 ,30                           ,F
4904       ,Communication Services,Asia / Pacific             ,25          ,20                ,15              ,20                 ,80                           ,B
2449       ,Information Technology,Asia / Pacific             ,25          ,0                 ,15              ,25                 ,65                           ,C
6862       ,Consumer Discretionary,Asia / Pacific             ,0           ,5                 ,5               ,20                 ,30                           ,F
A034730    ,Industrials           ,Asia / Pacific             ,25          ,0                 ,5               ,10                 ,40                           ,F
A033780    ,Consumer Staples      ,Asia / Pacific             ,25          ,0                 ,15              ,25                 ,65                           ,C
503806     ,Materials             ,Asia / Pacific             ,25          ,25                ,15              ,25                 ,90                           ,B
000301     ,Materials             ,Asia / Pacific             ,0           ,25                ,5               ,0                  ,30                           ,F
ENRIN      ,Industrials           ,Asia / Pacific             ,25          ,0                 ,15              ,25                 ,65                           ,C
3618       ,Financials            ,Asia / Pacific             ,25          ,0                 ,15              ,0                  ,40                           ,F
HAVELLS    ,Industrials           ,Asia / Pacific             ,25          ,0                 ,15              ,25                 ,65                           ,C
600673     ,Materials             ,Asia / Pacific             ,0           ,0                 ,5               ,10                 ,15                           ,F
285        ,Information Technology,Asia / Pacific             ,0           ,25                ,15              ,25                 ,65                           ,C
3402       ,Materials             ,Asia / Pacific             ,0           ,20                ,15              ,25                 ,60                           ,D
600176     ,Materials             ,Asia / Pacific             ,0           ,20                ,5               ,25                 ,50                           ,D
BHARTIHEXA ,Communication Services,Asia / Pacific             ,25          ,25                ,15              ,10                 ,75                           ,C
522275     ,Industrials           ,Asia / Pacific             ,0           ,25                ,5               ,25                 ,55                           ,D
600703     ,Information Technology,Asia / Pacific             ,0           ,5                 ,5               ,25                 ,35                           ,F
533148     ,Utilities             ,Asia / Pacific             ,25          ,0                 ,15              ,10                 ,50                           ,D
8113       ,Consumer Staples      ,Asia / Pacific             ,0           ,25                ,15              ,25                 ,65                           ,C
000963     ,Health Care           ,Asia / Pacific             ,0           ,15                ,5               ,25                 ,45                           ,D
2688       ,Utilities             ,Asia / Pacific             ,0           ,5                 ,15              ,25                 ,45                           ,D
A352820    ,Communication Services,Asia / Pacific             ,25          ,0                 ,15              ,25                 ,65                           ,C
3443       ,Information Technology,Asia / Pacific             ,25          ,0                 ,15              ,25                 ,65                           ,C
002414     ,Information Technology,Asia / Pacific             ,0           ,25                ,15              ,25                 ,65                           ,C
A247540    ,Industrials           ,Asia / Pacific             ,25          ,0                 ,15              ,20                 ,60                           ,D
5831       ,Financials            ,Asia / Pacific             ,0           ,0                 ,15              ,10                 ,25                           ,F
BDMS       ,Health Care           ,Asia / Pacific             ,25          ,5                 ,5               ,25                 ,60                           ,D
601838     ,Financials            ,Asia / Pacific             ,0           ,0                 ,15              ,0                  ,15                           ,F
600584     ,Information Technology,Asia / Pacific             ,25          ,0                 ,5               ,25                 ,55                           ,D
601878     ,Financials            ,Asia / Pacific             ,0           ,20                ,5               ,10                 ,35                           ,F
9697       ,Communication Services,Asia / Pacific             ,0           ,25                ,15              ,25                 ,65                           ,C
3808       ,Industrials           ,Asia / Pacific             ,0           ,15                ,5               ,25                 ,45                           ,D
2368       ,Information Technology,Asia / Pacific             ,25          ,0                 ,15              ,25                 ,65                           ,C
000975     ,Materials             ,Asia / Pacific             ,0           ,25                ,15              ,25                 ,65                           ,C
1508       ,Financials            ,Asia / Pacific             ,0           ,25                ,15              ,20                 ,60                           ,D
600674     ,Utilities             ,Asia / Pacific             ,25          ,0                 ,5               ,25                 ,55                           ,D
3665       ,Industrials           ,Asia / Pacific             ,25          ,20                ,15              ,25                 ,85                           ,B
9202       ,Industrials           ,Asia / Pacific             ,0           ,25                ,15              ,10                 ,50                           ,D
002595     ,Industrials           ,Asia / Pacific             ,0           ,0                 ,15              ,25                 ,40                           ,F
8299       ,Information Technology,Asia / Pacific             ,25          ,0                 ,15              ,25                 ,65                           ,C
2207       ,Consumer Discretionary,Asia / Pacific             ,25          ,25                ,5               ,0                  ,55                           ,D
2059       ,Information Technology,Asia / Pacific             ,25          ,25                ,15              ,25                 ,90                           ,B
9843       ,Consumer Discretionary,Asia / Pacific             ,0           ,25                ,5               ,25                 ,55                           ,D
7735       ,Information Technology,Asia / Pacific             ,0           ,20                ,15              ,25                 ,60                           ,D
6969       ,Consumer Staples      ,Asia / Pacific             ,0           ,0                 ,15              ,25                 ,40                           ,F
7453       ,Consumer Discretionary,Asia / Pacific             ,0           ,25                ,15              ,25                 ,65                           ,C
001965     ,Industrials           ,Asia / Pacific             ,0           ,15                ,5               ,20                 ,40                           ,F
NAUKRI     ,Communication Services,Asia / Pacific             ,0           ,25                ,5               ,25                 ,55                           ,D
300604     ,Information Technology,Asia / Pacific             ,0           ,0                 ,15              ,25                 ,40                           ,F
600196     ,Health Care           ,Asia / Pacific             ,0           ,0                 ,5               ,20                 ,25                           ,F
SDG        ,Consumer Staples      ,Asia / Pacific             ,25          ,15                ,5               ,25                 ,70                           ,C
601231     ,Information Technology,Asia / Pacific             ,0           ,25                ,5               ,25                 ,55                           ,D
601168     ,Materials             ,Asia / Pacific             ,0           ,20                ,5               ,20                 ,45                           ,D
PLS        ,Materials             ,Asia / Pacific             ,0           ,0                 ,15              ,25                 ,40                           ,F
688249     ,Information Technology,Asia / Pacific             ,0           ,0                 ,5               ,20                 ,25                           ,F
SOL        ,Financials            ,Asia / Pacific             ,0           ,5                 ,15              ,25                 ,45                           ,D
486        ,Materials             ,Europe                     ,0           ,0                 ,15              ,20                 ,35                           ,F
301200     ,Industrials           ,Asia / Pacific             ,0           ,0                 ,15              ,25                 ,40                           ,F
600549     ,Materials             ,Asia / Pacific             ,0           ,15                ,5               ,20                 ,40                           ,F
7186       ,Financials            ,Asia / Pacific             ,0           ,0                 ,15              ,10                 ,25                           ,F
600023     ,Utilities             ,Asia / Pacific             ,0           ,15                ,5               ,20                 ,40                           ,F
688303     ,Information Technology,Asia / Pacific             ,0           ,0                 ,15              ,25                 ,40                           ,F
SUNWAY     ,Industrials           ,Asia / Pacific             ,25          ,0                 ,15              ,20                 ,60                           ,D
600426     ,Materials             ,Asia / Pacific             ,0           ,0                 ,5               ,25                 ,30                           ,F
AUBANK     ,Financials            ,Asia / Pacific             ,0           ,0                 ,5               ,20                 ,25                           ,F
966        ,Financials            ,Asia / Pacific             ,0           ,25                ,5               ,10                 ,40                           ,F
A018260    ,Information Technology,Asia / Pacific             ,25          ,0                 ,15              ,25                 ,65                           ,C
002049     ,Information Technology,Asia / Pacific             ,0           ,20                ,15              ,25                 ,60                           ,D
2382       ,Information Technology,Asia / Pacific             ,0           ,25                ,15              ,25                 ,65                           ,C
TCB        ,Financials            ,Asia / Pacific             ,25          ,0                 ,15              ,10                 ,50                           ,D
CDB        ,Communication Services,Asia / Pacific             ,25          ,15                ,15              ,20                 ,75                           ,C
BBNI       ,Financials            ,Asia / Pacific             ,25          ,0                 ,5               ,20                 ,50                           ,D
2883       ,Financials            ,Asia / Pacific             ,0           ,0                 ,5               ,10                 ,15                           ,F
3661       ,Information Technology,Asia / Pacific             ,25          ,25                ,5               ,25                 ,80                           ,B
POWERINDIA ,Industrials           ,Asia / Pacific             ,25          ,25                ,15              ,25                 ,90                           ,B
1364       ,Consumer Discretionary,Asia / Pacific             ,0           ,20                ,15              ,10                 ,45                           ,D
2587       ,Consumer Staples      ,Asia / Pacific             ,0           ,25                ,5               ,25                 ,55                           ,D
600372     ,Industrials           ,Asia / Pacific             ,0           ,0                 ,5               ,25                 ,30                           ,F
A267250    ,Energy                ,Asia / Pacific             ,25          ,0                 ,15              ,20                 ,60                           ,D
7309       ,Consumer Discretionary,Asia / Pacific             ,0           ,0                 ,15              ,25                 ,40                           ,F
NHPC       ,Utilities             ,Asia / Pacific             ,25          ,0                 ,15              ,20                 ,60                           ,D
000596     ,Consumer Staples      ,Asia / Pacific             ,0           ,0                 ,5               ,25                 ,30                           ,F
000657     ,Materials             ,Asia / Pacific             ,0           ,0                 ,5               ,25                 ,30                           ,F
601901     ,Financials            ,Asia / Pacific             ,0           ,0                 ,5               ,0                  ,5                            ,F
A086280    ,Industrials           ,Asia / Pacific             ,25          ,0                 ,15              ,25                 ,65                           ,C
600918     ,Financials            ,Asia / Pacific             ,0           ,25                ,5               ,0                  ,30                           ,F
5019       ,Energy                ,Asia / Pacific             ,0           ,25                ,5               ,20                 ,50                           ,D
489        ,Consumer Discretionary,Asia / Pacific             ,0           ,0                 ,15              ,25                 ,40                           ,F
601377     ,Financials            ,Asia / Pacific             ,0           ,0                 ,5               ,0                  ,5                            ,F
1308       ,Industrials           ,Asia / Pacific             ,0           ,20                ,15              ,25                 ,60                           ,D
002128     ,Energy                ,Asia / Pacific             ,0           ,5                 ,5               ,25                 ,35                           ,F
300857     ,Information Technology,Asia / Pacific             ,0           ,0                 ,5               ,20                 ,25                           ,F
002080     ,Materials             ,Asia / Pacific             ,0           ,25                ,15              ,20                 ,60                           ,D
Y92        ,Consumer Staples      ,Asia / Pacific             ,0           ,25                ,15              ,10                 ,50                           ,D
000933     ,Materials             ,Asia / Pacific             ,0           ,25                ,15              ,20                 ,60                           ,D
600741     ,Consumer Discretionary,Asia / Pacific             ,0           ,25                ,5               ,25                 ,55                           ,D
600803     ,Utilities             ,Asia / Pacific             ,0           ,15                ,5               ,20                 ,40                           ,F
9021       ,Industrials           ,Asia / Pacific             ,0           ,15                ,15              ,10                 ,40                           ,F
603260     ,Materials             ,Asia / Pacific             ,0           ,25                ,5               ,10                 ,40                           ,F
2002       ,Materials             ,Asia / Pacific             ,25          ,0                 ,15              ,20                 ,60                           ,D
2413       ,Health Care           ,Asia / Pacific             ,0           ,25                ,15              ,25                 ,65                           ,C
002236     ,Information Technology,Asia / Pacific             ,25          ,25                ,15              ,25                 ,90                           ,B
600219     ,Materials             ,Asia / Pacific             ,0           ,20                ,5               ,25                 ,50                           ,D
688375     ,Information Technology,Asia / Pacific             ,0           ,0                 ,15              ,25                 ,40                           ,F
300136     ,Information Technology,Asia / Pacific             ,0           ,25                ,5               ,25                 ,55                           ,D
7550       ,Consumer Discretionary,Asia / Pacific             ,0           ,15                ,5               ,10                 ,30                           ,F
6869       ,Information Technology,Asia / Pacific             ,25          ,25                ,15              ,20                 ,85                           ,B
600236     ,Utilities             ,Asia / Pacific             ,25          ,5                 ,5               ,10                 ,45                           ,D
600522     ,Industrials           ,Asia / Pacific             ,0           ,25                ,15              ,25                 ,65                           ,C
6525       ,Information Technology,Asia / Pacific             ,0           ,25                ,15              ,25                 ,65                           ,C
688361     ,Information Technology,Asia / Pacific             ,0           ,0                 ,15              ,25                 ,40                           ,F
1944       ,Industrials           ,Asia / Pacific             ,0           ,0                 ,15              ,25                 ,40                           ,F
A006800    ,Financials            ,Asia / Pacific             ,25          ,0                 ,15              ,0                  ,40                           ,F
PETGAS     ,Utilities             ,Asia / Pacific             ,0           ,5                 ,15              ,25                 ,45                           ,D
RHBBANK    ,Financials            ,Asia / Pacific             ,25          ,0                 ,15              ,20                 ,60                           ,D
5334       ,Consumer Discretionary,Asia / Pacific             ,0           ,25                ,15              ,25                 ,65                           ,C
600096     ,Materials             ,Asia / Pacific             ,0           ,25                ,5               ,20                 ,50                           ,D
300866     ,Information Technology,Asia / Pacific             ,0           ,0                 ,15              ,25                 ,40                           ,F
9107       ,Industrials           ,Asia / Pacific             ,0           ,25                ,15              ,25                 ,65                           ,C
LTF        ,Financials            ,Asia / Pacific             ,25          ,0                 ,15              ,0                  ,40                           ,F
MPL        ,Financials            ,Asia / Pacific             ,0           ,5                 ,15              ,25                 ,45                           ,D
688469     ,Information Technology,Asia / Pacific             ,0           ,0                 ,5               ,20                 ,25                           ,F
7201       ,Consumer Discretionary,Asia / Pacific             ,0           ,0                 ,15              ,10                 ,25                           ,F
A000150    ,Industrials           ,Asia / Pacific             ,25          ,25                ,5               ,20                 ,75                           ,C
601877     ,Industrials           ,Asia / Pacific             ,0           ,25                ,5               ,20                 ,50                           ,D
002738     ,Materials             ,Asia / Pacific             ,0           ,0                 ,5               ,25                 ,30                           ,F
600487     ,Information Technology,Asia / Pacific             ,0           ,15                ,5               ,20                 ,40                           ,F
3898       ,Industrials           ,Asia / Pacific             ,0           ,5                 ,15              ,25                 ,45                           ,D
A003550    ,Industrials           ,Asia / Pacific             ,25          ,15                ,5               ,25                 ,70                           ,C
9602       ,Communication Services,Asia / Pacific             ,0           ,25                ,15              ,25                 ,65                           ,C
300115     ,Information Technology,Asia / Pacific             ,0           ,0                 ,5               ,20                 ,25                           ,F
4523       ,Health Care           ,Asia / Pacific             ,0           ,5                 ,5               ,25                 ,35                           ,F
A030200    ,Communication Services,Asia / Pacific             ,25          ,0                 ,15              ,20                 ,60                           ,D
002156     ,Information Technology,Asia / Pacific             ,0           ,5                 ,5               ,20                 ,30                           ,F
1138       ,Energy                ,Asia / Pacific             ,0           ,0                 ,15              ,20                 ,35                           ,F
300979     ,Consumer Discretionary,Asia / Pacific             ,25          ,5                 ,5               ,25                 ,60                           ,D
MEL        ,Utilities             ,Asia / Pacific             ,0           ,0                 ,15              ,25                 ,40                           ,F
532539     ,Consumer Discretionary,Asia / Pacific             ,25          ,0                 ,15              ,25                 ,65                           ,C
301269     ,Information Technology,Asia / Pacific             ,0           ,15                ,15              ,25                 ,55                           ,D
5274       ,Information Technology,Asia / Pacific             ,25          ,25                ,15              ,25                 ,90                           ,B
002648     ,Materials             ,Asia / Pacific             ,0           ,25                ,5               ,20                 ,50                           ,D
322        ,Consumer Staples      ,Asia / Pacific             ,0           ,25                ,15              ,20                 ,60                           ,D
601607     ,Health Care           ,Asia / Pacific             ,0           ,15                ,5               ,20                 ,40                           ,F
600988     ,Materials             ,Asia / Pacific             ,0           ,25                ,15              ,25                 ,65                           ,C
MISC       ,Industrials           ,Asia / Pacific             ,0           ,25                ,15              ,25                 ,65                           ,C
7911       ,Industrials           ,Asia / Pacific             ,0           ,0                 ,5               ,25                 ,30                           ,F
002653     ,Health Care           ,Asia / Pacific             ,0           ,5                 ,5               ,25                 ,35                           ,F
VPB        ,Financials            ,Asia / Pacific             ,25          ,0                 ,15              ,20                 ,60                           ,D
8729       ,Financials            ,Asia / Pacific             ,0           ,0                 ,15              ,0                  ,15                           ,F
4151       ,Health Care           ,Asia / Pacific             ,0           ,15                ,5               ,25                 ,45                           ,D
U96        ,Utilities             ,Asia / Pacific             ,0           ,0                 ,15              ,10                 ,25                           ,F
6841       ,Information Technology,Asia / Pacific             ,0           ,25                ,15              ,25                 ,65                           ,C
2801       ,Consumer Staples      ,Asia / Pacific             ,0           ,20                ,5               ,25                 ,50                           ,D
A047810    ,Industrials           ,Asia / Pacific             ,25          ,0                 ,15              ,20                 ,60                           ,D
301377     ,Industrials           ,Asia / Pacific             ,0           ,0                 ,15              ,25                 ,40                           ,F
A086520    ,Industrials           ,Asia / Pacific             ,0           ,0                 ,5               ,20                 ,25                           ,F
603659     ,Materials             ,Asia / Pacific             ,0           ,20                ,5               ,20                 ,45                           ,D
1530       ,Health Care           ,Asia / Pacific             ,0           ,25                ,15              ,25                 ,65                           ,C
600570     ,Information Technology,Asia / Pacific             ,0           ,25                ,15              ,25                 ,65                           ,C
603392     ,Health Care           ,Asia / Pacific             ,0           ,0                 ,5               ,25                 ,30                           ,F
135        ,Utilities             ,Asia / Pacific             ,0           ,20                ,5               ,25                 ,50                           ,D
688702     ,Information Technology,Asia / Pacific             ,0           ,25                ,15              ,25                 ,65                           ,C
1618       ,Industrials           ,Asia / Pacific             ,0           ,20                ,5               ,20                 ,45                           ,D
1385       ,Information Technology,Asia / Pacific             ,0           ,25                ,15              ,25                 ,65                           ,C
9880       ,Industrials           ,Asia / Pacific             ,0           ,0                 ,5               ,20                 ,25                           ,F
688223     ,Information Technology,Asia / Pacific             ,0           ,25                ,5               ,20                 ,50                           ,D
5411       ,Materials             ,Asia / Pacific             ,0           ,20                ,5               ,20                 ,45                           ,D
6506       ,Industrials           ,Asia / Pacific             ,0           ,5                 ,5               ,25                 ,35                           ,F
601021     ,Industrials           ,Asia / Pacific             ,25          ,0                 ,5               ,10                 ,40                           ,F
AIA        ,Industrials           ,Asia / Pacific             ,0           ,0                 ,15              ,25                 ,40                           ,F
6479       ,Industrials           ,Asia / Pacific             ,0           ,15                ,5               ,20                 ,40                           ,F
9201       ,Industrials           ,Asia / Pacific             ,0           ,25                ,15              ,20                 ,60                           ,D
002281     ,Information Technology,Asia / Pacific             ,25          ,25                ,15              ,25                 ,90                           ,B
526371     ,Materials             ,Asia / Pacific             ,25          ,0                 ,5               ,25                 ,55                           ,D
002555     ,Communication Services,Asia / Pacific             ,0           ,15                ,15              ,25                 ,55                           ,D
SUZLON     ,Industrials           ,Asia / Pacific             ,25          ,0                 ,15              ,25                 ,65                           ,C
688498     ,Information Technology,Asia / Pacific             ,0           ,0                 ,5               ,25                 ,30                           ,F
688110     ,Information Technology,Asia / Pacific             ,0           ,0                 ,15              ,25                 ,40                           ,F
8331       ,Financials            ,Asia / Pacific             ,0           ,0                 ,15              ,0                  ,15                           ,F
177        ,Industrials           ,Asia / Pacific             ,25          ,0                 ,5               ,20                 ,50                           ,D
DIXON      ,Consumer Discretionary,Asia / Pacific             ,25          ,25                ,15              ,25                 ,90                           ,B
991        ,Utilities             ,Asia / Pacific             ,0           ,5                 ,5               ,0                  ,10                           ,F
6586       ,Industrials           ,Asia / Pacific             ,0           ,0                 ,15              ,25                 ,40                           ,F
539437     ,Financials            ,Asia / Pacific             ,0           ,0                 ,5               ,10                 ,15                           ,F
600233     ,Industrials           ,Asia / Pacific             ,25          ,0                 ,15              ,25                 ,65                           ,C
4188       ,Materials             ,Asia / Pacific             ,0           ,25                ,5               ,20                 ,50                           ,D
144        ,Industrials           ,Asia / Pacific             ,0           ,25                ,15              ,25                 ,65                           ,C
2379       ,Information Technology,Asia / Pacific             ,25          ,25                ,15              ,25                 ,90                           ,B
002294     ,Health Care           ,Asia / Pacific             ,0           ,0                 ,15              ,25                 ,40                           ,F
600027     ,Utilities             ,Asia / Pacific             ,0           ,20                ,5               ,10                 ,35                           ,F
300223     ,Information Technology,Asia / Pacific             ,0           ,25                ,15              ,25                 ,65                           ,C
2395       ,Information Technology,Asia / Pacific             ,25          ,15                ,5               ,25                 ,70                           ,C
1099       ,Health Care           ,Asia / Pacific             ,25          ,25                ,15              ,20                 ,85                           ,B
YESBANK    ,Financials            ,Asia / Pacific             ,0           ,0                 ,15              ,10                 ,25                           ,F
JSL        ,Materials             ,Asia / Pacific             ,25          ,25                ,5               ,25                 ,80                           ,B
688120     ,Information Technology,Asia / Pacific             ,0           ,25                ,15              ,25                 ,65                           ,C
99SMART    ,Consumer Staples      ,Asia / Pacific             ,25          ,25                ,15              ,20                 ,85                           ,B
300418     ,Communication Services,Asia / Pacific             ,0           ,0                 ,5               ,25                 ,30                           ,F
002812     ,Materials             ,Asia / Pacific             ,0           ,25                ,5               ,20                 ,50                           ,D
500493     ,Consumer Discretionary,Asia / Pacific             ,25          ,20                ,15              ,20                 ,80                           ,B
TORNTPOWER ,Utilities             ,Asia / Pacific             ,25          ,0                 ,15              ,25                 ,65                           ,C
512455     ,Materials             ,Asia / Pacific             ,25          ,0                 ,15              ,25                 ,65                           ,C
002064     ,Materials             ,Asia / Pacific             ,0           ,25                ,15              ,25                 ,65                           ,C
4004       ,Materials             ,Asia / Pacific             ,0           ,0                 ,15              ,10                 ,25                           ,F
A017670    ,Communication Services,Asia / Pacific             ,25          ,25                ,5               ,20                 ,75                           ,C
AUROPHARMA ,Health Care           ,Asia / Pacific             ,25          ,25                ,15              ,25                 ,90                           ,B
MBB        ,Financials            ,Asia / Pacific             ,25          ,0                 ,5               ,10                 ,40                           ,F
INDUSINDBK ,Financials            ,Asia / Pacific             ,25          ,0                 ,15              ,20                 ,60                           ,D
ORI        ,Materials             ,Asia / Pacific             ,0           ,25                ,15              ,20                 ,60                           ,D
4768       ,Information Technology,Asia / Pacific             ,0           ,15                ,5               ,25                 ,45                           ,D
8136       ,Consumer Discretionary,Asia / Pacific             ,0           ,25                ,15              ,25                 ,65                           ,C
1456       ,Financials            ,Asia / Pacific             ,0           ,0                 ,5               ,0                  ,5                            ,F
300751     ,Information Technology,Asia / Pacific             ,25          ,0                 ,15              ,20                 ,60                           ,D
7912       ,Industrials           ,Asia / Pacific             ,0           ,20                ,5               ,25                 ,50                           ,D
1301       ,Materials             ,Asia / Pacific             ,25          ,0                 ,15              ,20                 ,60                           ,D
300395     ,Materials             ,Asia / Pacific             ,0           ,0                 ,15              ,25                 ,40                           ,F
FORTIS     ,Health Care           ,Asia / Pacific             ,25          ,25                ,15              ,25                 ,90                           ,B
3969       ,Information Technology,Asia / Pacific             ,0           ,0                 ,15              ,25                 ,40                           ,F
2883       ,Energy                ,Asia / Pacific             ,0           ,25                ,15              ,25                 ,65                           ,C
3064       ,Industrials           ,Asia / Pacific             ,0           ,0                 ,15              ,25                 ,40                           ,F
2319       ,Consumer Staples      ,Asia / Pacific             ,0           ,25                ,15              ,20                 ,60                           ,D
TLC        ,Consumer Discretionary,Asia / Pacific             ,0           ,15                ,15              ,0                  ,30                           ,F
HPG        ,Materials             ,Asia / Pacific             ,25          ,0                 ,15              ,20                 ,60                           ,D
TOKY3      ,Consumer Discretionary,Latin America and Caribbean,25          ,0                 ,15              ,0                  ,40                           ,F
CAR        ,Communication Services,Asia / Pacific             ,0           ,20                ,15              ,25                 ,60                           ,D
OIL        ,Energy                ,Asia / Pacific             ,25          ,0                 ,5               ,20                 ,50                           ,D
BANKINDIA  ,Financials            ,Asia / Pacific             ,0           ,0                 ,5               ,10                 ,15                           ,F
6919       ,Health Care           ,Asia / Pacific             ,25          ,0                 ,15              ,25                 ,65                           ,C
512070     ,Materials             ,Asia / Pacific             ,25          ,25                ,15              ,20                 ,85                           ,B
COROMANDEL ,Materials             ,Asia / Pacific             ,25          ,25                ,5               ,25                 ,80                           ,B
A272210    ,Industrials           ,Asia / Pacific             ,25          ,0                 ,15              ,25                 ,65                           ,C
ALQ        ,Industrials           ,Asia / Pacific             ,0           ,15                ,15              ,10                 ,40                           ,F
601058     ,Consumer Discretionary,Asia / Pacific             ,0           ,0                 ,5               ,20                 ,25                           ,F
300765     ,Health Care           ,Asia / Pacific             ,0           ,0                 ,15              ,25                 ,40                           ,F
6198       ,Industrials           ,Asia / Pacific             ,0           ,25                ,5               ,25                 ,55                           ,D
3626       ,Information Technology,Asia / Pacific             ,0           ,25                ,15              ,25                 ,65                           ,C
1212       ,Industrials           ,Africa / Middle East       ,25          ,25                ,15              ,25                 ,90                           ,B
TM         ,Communication Services,Asia / Pacific             ,25          ,15                ,5               ,20                 ,65                           ,C
532466     ,Information Technology,Asia / Pacific             ,25          ,5                 ,15              ,25                 ,70                           ,C
1519       ,Industrials           ,Asia / Pacific             ,25          ,20                ,15              ,25                 ,85                           ,B
SHL        ,Health Care           ,Asia / Pacific             ,0           ,20                ,15              ,20                 ,55                           ,D
MIN        ,Materials             ,Asia / Pacific             ,0           ,0                 ,5               ,10                 ,15                           ,F
601958     ,Materials             ,Asia / Pacific             ,0           ,25                ,5               ,25                 ,55                           ,D
ALKEM      ,Health Care           ,Asia / Pacific             ,25          ,20                ,15              ,25                 ,85                           ,B
9501       ,Utilities             ,Asia / Pacific             ,0           ,0                 ,15              ,10                 ,25                           ,F
7272       ,Consumer Discretionary,Asia / Pacific             ,0           ,5                 ,5               ,20                 ,30                           ,F
SCC        ,Materials             ,Asia / Pacific             ,25          ,25                ,15              ,20                 ,85                           ,B
2912       ,Consumer Staples      ,Asia / Pacific             ,25          ,25                ,15              ,0                  ,65                           ,C
688122     ,Materials             ,Asia / Pacific             ,0           ,0                 ,15              ,25                 ,40                           ,F
A323410    ,Financials            ,Asia / Pacific             ,0           ,0                 ,5               ,25                 ,30                           ,F
000831     ,Materials             ,Asia / Pacific             ,0           ,25                ,15              ,25                 ,65                           ,C
3092       ,Consumer Discretionary,Asia / Pacific             ,0           ,20                ,15              ,25                 ,60                           ,D
1258       ,Materials             ,Asia / Pacific             ,0           ,25                ,15              ,25                 ,65                           ,C
FEDERALBNK ,Financials            ,Asia / Pacific             ,0           ,0                 ,5               ,20                 ,25                           ,F
BSL        ,Materials             ,Asia / Pacific             ,0           ,5                 ,15              ,25                 ,45                           ,D
600845     ,Information Technology,Asia / Pacific             ,0           ,0                 ,5               ,25                 ,30                           ,F
300759     ,Health Care           ,Asia / Pacific             ,25          ,20                ,5               ,25                 ,75                           ,C
300454     ,Information Technology,Asia / Pacific             ,25          ,25                ,15              ,25                 ,90                           ,B
002517     ,Communication Services,Asia / Pacific             ,0           ,25                ,15              ,25                 ,65                           ,C
002851     ,Industrials           ,Asia / Pacific             ,0           ,0                 ,15              ,25                 ,40                           ,F
301358     ,Industrials           ,Asia / Pacific             ,0           ,0                 ,5               ,20                 ,25                           ,F
603049     ,Consumer Discretionary,Asia / Pacific             ,0           ,0                 ,5               ,20                 ,25                           ,F
151        ,Consumer Staples      ,Asia / Pacific             ,0           ,20                ,15              ,25                 ,60                           ,D
GAS        ,Utilities             ,Asia / Pacific             ,25          ,5                 ,5               ,25                 ,60                           ,D
300058     ,Communication Services,Asia / Pacific             ,0           ,25                ,5               ,25                 ,55                           ,D
5201       ,Industrials           ,Asia / Pacific             ,0           ,5                 ,5               ,25                 ,35                           ,F
A079550    ,Industrials           ,Asia / Pacific             ,25          ,0                 ,15              ,25                 ,65                           ,C
MRF        ,Consumer Discretionary,Asia / Pacific             ,25          ,25                ,15              ,25                 ,90                           ,B
9024       ,Industrials           ,Asia / Pacific             ,0           ,25                ,5               ,10                 ,40                           ,F
600061     ,Financials            ,Asia / Pacific             ,0           ,25                ,5               ,0                  ,30                           ,F
A443060    ,Industrials           ,Asia / Pacific             ,25          ,0                 ,5               ,25                 ,55                           ,D
600143     ,Materials             ,Asia / Pacific             ,0           ,15                ,5               ,10                 ,30                           ,F
8069       ,Information Technology,Asia / Pacific             ,25          ,15                ,15              ,25                 ,80                           ,B
GAMUDA     ,Industrials           ,Asia / Pacific             ,25          ,0                 ,15              ,20                 ,60                           ,D
YTLPOWR    ,Utilities             ,Asia / Pacific             ,0           ,0                 ,15              ,10                 ,25                           ,F
600482     ,Industrials           ,Asia / Pacific             ,0           ,25                ,5               ,25                 ,55                           ,D
JBH        ,Consumer Discretionary,Asia / Pacific             ,0           ,20                ,15              ,25                 ,60                           ,D
4204       ,Industrials           ,Asia / Pacific             ,0           ,20                ,5               ,25                 ,50                           ,D
HDBFS      ,Financials            ,Asia / Pacific             ,0           ,0                 ,5               ,0                  ,5                            ,F
3034       ,Information Technology,Asia / Pacific             ,25          ,5                 ,5               ,25                 ,60                           ,D
2615       ,Industrials           ,Asia / Pacific             ,25          ,15                ,5               ,25                 ,70                           ,C
300251     ,Communication Services,Asia / Pacific             ,0           ,25                ,5               ,25                 ,55                           ,D
VMM        ,Consumer Discretionary,Asia / Pacific             ,25          ,0                 ,15              ,25                 ,65                           ,C
000039     ,Industrials           ,Asia / Pacific             ,25          ,25                ,5               ,20                 ,75                           ,C
601777     ,Consumer Discretionary,Asia / Pacific             ,0           ,25                ,5               ,25                 ,55                           ,D
601179     ,Industrials           ,Asia / Pacific             ,0           ,25                ,5               ,25                 ,55                           ,D
300316     ,Information Technology,Asia / Pacific             ,25          ,0                 ,5               ,25                 ,55                           ,D
688578     ,Health Care           ,Asia / Pacific             ,0           ,25                ,5               ,25                 ,55                           ,D
300347     ,Health Care           ,Asia / Pacific             ,0           ,25                ,5               ,25                 ,55                           ,D
3088       ,Consumer Staples      ,Asia / Pacific             ,0           ,25                ,15              ,25                 ,65                           ,C
PATANJALI  ,Consumer Staples      ,Asia / Pacific             ,25          ,0                 ,5               ,25                 ,55                           ,D
688629     ,Industrials           ,Asia / Pacific             ,0           ,0                 ,5               ,25                 ,30                           ,F
SAIL       ,Materials             ,Asia / Pacific             ,25          ,25                ,15              ,20                 ,85                           ,B
688568     ,Information Technology,Asia / Pacific             ,0           ,0                 ,5               ,25                 ,30                           ,F
600699     ,Consumer Discretionary,Asia / Pacific             ,0           ,5                 ,5               ,10                 ,20                           ,F
002422     ,Health Care           ,Asia / Pacific             ,0           ,15                ,5               ,25                 ,45                           ,D
000999     ,Health Care           ,Asia / Pacific             ,0           ,20                ,15              ,25                 ,60                           ,D
600498     ,Information Technology,Asia / Pacific             ,0           ,25                ,5               ,20                 ,50                           ,D
603486     ,Consumer Discretionary,Asia / Pacific             ,25          ,25                ,15              ,25                 ,90                           ,B
603979     ,Materials             ,Asia / Pacific             ,0           ,25                ,15              ,25                 ,65                           ,C
600460     ,Information Technology,Asia / Pacific             ,25          ,0                 ,5               ,25                 ,55                           ,D
PCHEM      ,Materials             ,Asia / Pacific             ,25          ,25                ,15              ,25                 ,90                           ,B
2875       ,Consumer Staples      ,Asia / Pacific             ,0           ,20                ,5               ,25                 ,50                           ,D
G13        ,Consumer Discretionary,Asia / Pacific             ,0           ,0                 ,5               ,25                 ,30                           ,F
600885     ,Industrials           ,Asia / Pacific             ,25          ,25                ,5               ,25                 ,80                           ,B
509480     ,Materials             ,Asia / Pacific             ,25          ,25                ,15              ,25                 ,90                           ,B
A326030    ,Health Care           ,Asia / Pacific             ,25          ,0                 ,15              ,25                 ,65                           ,C
1942       ,Industrials           ,Asia / Pacific             ,0           ,0                 ,15              ,25                 ,40                           ,F
5706       ,Materials             ,Asia / Pacific             ,0           ,25                ,15              ,25                 ,65                           ,C
300207     ,Industrials           ,Asia / Pacific             ,0           ,0                 ,5               ,20                 ,25                           ,F
780        ,Consumer Discretionary,Asia / Pacific             ,25          ,25                ,15              ,25                 ,90                           ,B
NATIONALUM ,Materials             ,Asia / Pacific             ,0           ,25                ,5               ,25                 ,55                           ,D
000066     ,Information Technology,Asia / Pacific             ,0           ,0                 ,5               ,20                 ,25                           ,F
000783     ,Financials            ,Asia / Pacific             ,0           ,0                 ,5               ,10                 ,15                           ,F
A010950    ,Energy                ,Asia / Pacific             ,25          ,0                 ,15              ,20                 ,60                           ,D
PTRO       ,Materials             ,Asia / Pacific             ,0           ,0                 ,5               ,10                 ,15                           ,F
2588       ,Industrials           ,Asia / Pacific             ,0           ,0                 ,5               ,0                  ,5                            ,F
600588     ,Information Technology,Asia / Pacific             ,25          ,0                 ,5               ,20                 ,50                           ,D
UNTR       ,Energy                ,Asia / Pacific             ,25          ,20                ,15              ,25                 ,85                           ,B
600350     ,Industrials           ,Asia / Pacific             ,0           ,0                 ,5               ,10                 ,15                           ,F
001872     ,Industrials           ,Asia / Pacific             ,0           ,20                ,5               ,25                 ,50                           ,D
NESTLE     ,Consumer Staples      ,Asia / Pacific             ,0           ,25                ,15              ,0                  ,40                           ,F
000960     ,Materials             ,Asia / Pacific             ,0           ,25                ,5               ,25                 ,55                           ,D
300390     ,Materials             ,Asia / Pacific             ,0           ,0                 ,5               ,25                 ,30                           ,F
300122     ,Health Care           ,Asia / Pacific             ,0           ,15                ,5               ,25                 ,45                           ,D
001203     ,Materials             ,Asia / Pacific             ,0           ,0                 ,5               ,10                 ,15                           ,F
601555     ,Financials            ,Asia / Pacific             ,0           ,25                ,5               ,0                  ,30                           ,F
9684       ,Communication Services,Asia / Pacific             ,0           ,25                ,5               ,25                 ,55                           ,D
500488     ,Health Care           ,Asia / Pacific             ,0           ,15                ,5               ,25                 ,45                           ,D
A071050    ,Financials            ,Asia / Pacific             ,25          ,0                 ,15              ,0                  ,40                           ,F
THAI       ,Industrials           ,Asia / Pacific             ,25          ,0                 ,15              ,0                  ,40                           ,F
ASX        ,Financials            ,Asia / Pacific             ,0           ,0                 ,5               ,25                 ,30                           ,F
600745     ,Information Technology,Asia / Pacific             ,0           ,25                ,5               ,20                 ,50                           ,D
300413     ,Communication Services,Asia / Pacific             ,25          ,20                ,5               ,25                 ,75                           ,C
300832     ,Health Care           ,Asia / Pacific             ,0           ,15                ,5               ,25                 ,45                           ,D
9005       ,Industrials           ,Asia / Pacific             ,0           ,0                 ,15              ,10                 ,25                           ,F
688172     ,Information Technology,Asia / Pacific             ,0           ,0                 ,5               ,25                 ,30                           ,F
688411     ,Industrials           ,Asia / Pacific             ,0           ,25                ,15              ,25                 ,65                           ,C
002601     ,Materials             ,Asia / Pacific             ,0           ,5                 ,5               ,20                 ,30                           ,F
505790     ,Consumer Discretionary,Asia / Pacific             ,25          ,0                 ,15              ,25                 ,65                           ,C
2768       ,Industrials           ,Asia / Pacific             ,0           ,5                 ,15              ,10                 ,30                           ,F
IFT        ,Financials            ,Asia / Pacific             ,0           ,0                 ,15              ,20                 ,35                           ,F
SUNDARMFIN ,Financials            ,Asia / Pacific             ,0           ,0                 ,5               ,0                  ,5                            ,F
601117     ,Industrials           ,Asia / Pacific             ,0           ,25                ,5               ,25                 ,55                           ,D
JSWINFRA   ,Industrials           ,Asia / Pacific             ,25          ,5                 ,15              ,25                 ,70                           ,C
4528       ,Health Care           ,Asia / Pacific             ,0           ,25                ,5               ,25                 ,55                           ,D
A003230    ,Consumer Staples      ,Asia / Pacific             ,25          ,0                 ,15              ,25                 ,65                           ,C
600801     ,Materials             ,Asia / Pacific             ,0           ,5                 ,5               ,20                 ,30                           ,F
300628     ,Information Technology,Asia / Pacific             ,0           ,5                 ,5               ,25                 ,35                           ,F
000893     ,Materials             ,Asia / Pacific             ,25          ,15                ,15              ,25                 ,80                           ,B
3288       ,Consumer Discretionary,Asia / Pacific             ,0           ,15                ,15              ,10                 ,40                           ,F
7167       ,Financials            ,Asia / Pacific             ,0           ,0                 ,15              ,0                  ,15                           ,F
300919     ,Industrials           ,Asia / Pacific             ,0           ,0                 ,5               ,20                 ,25                           ,F
MFSL       ,Financials            ,Asia / Pacific             ,25          ,0                 ,15              ,25                 ,65                           ,C
601198     ,Financials            ,Asia / Pacific             ,0           ,25                ,5               ,10                 ,40                           ,F
6223       ,Information Technology,Asia / Pacific             ,25          ,5                 ,15              ,25                 ,70                           ,C
3998       ,Consumer Discretionary,Asia / Pacific             ,0           ,20                ,15              ,25                 ,60                           ,D
600733     ,Consumer Discretionary,Asia / Pacific             ,0           ,0                 ,5               ,10                 ,15                           ,F
3293       ,Communication Services,Asia / Pacific             ,25          ,15                ,15              ,25                 ,80                           ,B
1193       ,Utilities             ,Asia / Pacific             ,0           ,5                 ,5               ,25                 ,35                           ,F
6305       ,Industrials           ,Asia / Pacific             ,0           ,25                ,5               ,20                 ,50                           ,D
688002     ,Information Technology,Asia / Pacific             ,0           ,25                ,5               ,25                 ,55                           ,D
8439       ,Financials            ,Asia / Pacific             ,0           ,25                ,15              ,0                  ,40                           ,F
GLENMARK   ,Health Care           ,Asia / Pacific             ,25          ,25                ,15              ,25                 ,90                           ,B
1359       ,Financials            ,Asia / Pacific             ,0           ,0                 ,5               ,0                  ,5                            ,F
5844       ,Financials            ,Asia / Pacific             ,0           ,0                 ,15              ,10                 ,25                           ,F
NAMINDIA   ,Financials            ,Asia / Pacific             ,25          ,5                 ,15              ,25                 ,70                           ,C
600085     ,Health Care           ,Asia / Pacific             ,0           ,20                ,5               ,25                 ,50                           ,D
2331       ,Consumer Discretionary,Asia / Pacific             ,0           ,25                ,5               ,25                 ,55                           ,D
268        ,Information Technology,Asia / Pacific             ,0           ,0                 ,15              ,25                 ,40                           ,F
500830     ,Consumer Staples      ,Asia / Pacific             ,0           ,5                 ,5               ,25                 ,35                           ,F
5333       ,Industrials           ,Asia / Pacific             ,0           ,25                ,15              ,25                 ,65                           ,C
6963       ,Financials            ,Asia / Pacific             ,0           ,25                ,15              ,20                 ,60                           ,D
002008     ,Industrials           ,Asia / Pacific             ,0           ,0                 ,5               ,25                 ,30                           ,F
1828       ,Financials            ,Asia / Pacific             ,0           ,25                ,5               ,25                 ,55                           ,D
3311       ,Industrials           ,Asia / Pacific             ,0           ,0                 ,15              ,10                 ,25                           ,F
5876       ,Financials            ,Asia / Pacific             ,25          ,0                 ,15              ,25                 ,65                           ,C
6488       ,Information Technology,Asia / Pacific             ,25          ,0                 ,15              ,20                 ,60                           ,D
BDL        ,Industrials           ,Asia / Pacific             ,0           ,25                ,5               ,25                 ,55                           ,D
002850     ,Consumer Discretionary,Asia / Pacific             ,0           ,25                ,15              ,25                 ,65                           ,C
TTB        ,Financials            ,Asia / Pacific             ,25          ,25                ,15              ,25                 ,90                           ,B
603369     ,Consumer Staples      ,Asia / Pacific             ,0           ,0                 ,5               ,25                 ,30                           ,F
4506       ,Health Care           ,Asia / Pacific             ,0           ,25                ,15              ,10                 ,50                           ,D
300896     ,Health Care           ,Asia / Pacific             ,0           ,5                 ,5               ,25                 ,35                           ,F
688387     ,Information Technology,Asia / Pacific             ,0           ,0                 ,5               ,25                 ,30                           ,F
2618       ,Industrials           ,Asia / Pacific             ,25          ,15                ,5               ,20                 ,65                           ,C
6532       ,Industrials           ,Asia / Pacific             ,0           ,25                ,15              ,25                 ,65                           ,C
603568     ,Industrials           ,Asia / Pacific             ,0           ,0                 ,5               ,20                 ,25                           ,F
8354       ,Financials            ,Asia / Pacific             ,0           ,0                 ,15              ,0                  ,15                           ,F
1504       ,Industrials           ,Asia / Pacific             ,25          ,0                 ,15              ,25                 ,65                           ,C
600536     ,Information Technology,Asia / Pacific             ,0           ,25                ,5               ,25                 ,55                           ,D
IOICORP    ,Consumer Staples      ,Asia / Pacific             ,0           ,5                 ,15              ,25                 ,45                           ,D
2282       ,Consumer Discretionary,Asia / Pacific             ,0           ,25                ,15              ,0                  ,40                           ,F
300661     ,Information Technology,Asia / Pacific             ,0           ,20                ,15              ,25                 ,60                           ,D
MCX        ,Financials            ,Asia / Pacific             ,25          ,25                ,15              ,25                 ,90                           ,B
300748     ,Industrials           ,Asia / Pacific             ,25          ,0                 ,15              ,25                 ,65                           ,C
002078     ,Materials             ,Asia / Pacific             ,0           ,0                 ,5               ,20                 ,25                           ,F
300782     ,Information Technology,Asia / Pacific             ,25          ,0                 ,5               ,25                 ,55                           ,D
9995       ,Health Care           ,Asia / Pacific             ,25          ,0                 ,5               ,10                 ,40                           ,F
1911       ,Consumer Discretionary,Asia / Pacific             ,0           ,0                 ,15              ,20                 ,35                           ,F
BAY        ,Financials            ,Asia / Pacific             ,25          ,25                ,15              ,25                 ,90                           ,B
000987     ,Financials            ,Asia / Pacific             ,0           ,0                 ,5               ,0                  ,5                            ,F
FPT        ,Information Technology,Asia / Pacific             ,25          ,15                ,5               ,25                 ,70                           ,C
603129     ,Consumer Discretionary,Asia / Pacific             ,0           ,25                ,15              ,25                 ,65                           ,C
000786     ,Industrials           ,Asia / Pacific             ,0           ,20                ,15              ,25                 ,60                           ,D
002340     ,Industrials           ,Asia / Pacific             ,0           ,0                 ,5               ,10                 ,15                           ,F
6869       ,Health Care           ,Asia / Pacific             ,0           ,25                ,15              ,25                 ,65                           ,C
2269       ,Consumer Staples      ,Asia / Pacific             ,0           ,0                 ,5               ,25                 ,30                           ,F
1590       ,Industrials           ,Asia / Pacific             ,25          ,20                ,15              ,25                 ,85                           ,B
002465     ,Information Technology,Asia / Pacific             ,0           ,0                 ,5               ,25                 ,30                           ,F
601696     ,Financials            ,Asia / Pacific             ,0           ,25                ,5               ,10                 ,40                           ,F
9042       ,Industrials           ,Asia / Pacific             ,0           ,0                 ,15              ,10                 ,25                           ,F
COFORGE    ,Information Technology,Asia / Pacific             ,25          ,15                ,15              ,25                 ,80                           ,B
2609       ,Industrials           ,Asia / Pacific             ,25          ,15                ,5               ,25                 ,70                           ,C
A278470    ,Consumer Staples      ,Asia / Pacific             ,25          ,0                 ,5               ,25                 ,55                           ,D
9023       ,Industrials           ,Asia / Pacific             ,0           ,0                 ,15              ,10                 ,25                           ,F
5101       ,Consumer Discretionary,Asia / Pacific             ,0           ,15                ,15              ,25                 ,55                           ,D
601162     ,Financials            ,Asia / Pacific             ,0           ,25                ,5               ,0                  ,30                           ,F
2018       ,Information Technology,Asia / Pacific             ,0           ,25                ,15              ,25                 ,65                           ,C
6770       ,Information Technology,Asia / Pacific             ,25          ,0                 ,15              ,20                 ,60                           ,D
688188     ,Information Technology,Asia / Pacific             ,0           ,20                ,15              ,25                 ,60                           ,D
002252     ,Health Care           ,Asia / Pacific             ,0           ,0                 ,15              ,25                 ,40                           ,F
533758     ,Materials             ,Asia / Pacific             ,25          ,25                ,5               ,25                 ,80                           ,B
3563       ,Consumer Discretionary,Asia / Pacific             ,0           ,25                ,15              ,0                  ,40                           ,F
603119     ,Industrials           ,Asia / Pacific             ,0           ,5                 ,15              ,25                 ,45                           ,D
601611     ,Industrials           ,Asia / Pacific             ,0           ,0                 ,5               ,10                 ,15                           ,F
BRIS       ,Financials            ,Asia / Pacific             ,25          ,25                ,15              ,25                 ,90                           ,B
600378     ,Materials             ,Asia / Pacific             ,0           ,0                 ,15              ,25                 ,40                           ,F
TNE        ,Information Technology,Asia / Pacific             ,0           ,25                ,15              ,25                 ,65                           ,C
IRCTC      ,Industrials           ,Asia / Pacific             ,0           ,20                ,15              ,25                 ,60                           ,D
9404       ,Communication Services,Asia / Pacific             ,0           ,25                ,5               ,25                 ,55                           ,D
601933     ,Consumer Staples      ,Asia / Pacific             ,25          ,0                 ,5               ,0                  ,30                           ,F
600862     ,Industrials           ,Asia / Pacific             ,0           ,25                ,15              ,25                 ,65                           ,C
601236     ,Financials            ,Asia / Pacific             ,0           ,20                ,5               ,10                 ,35                           ,F
601717     ,Industrials           ,Asia / Pacific             ,0           ,0                 ,5               ,25                 ,30                           ,F
2404       ,Industrials           ,Asia / Pacific             ,25          ,25                ,5               ,25                 ,80                           ,B
A007660    ,Information Technology,Asia / Pacific             ,25          ,0                 ,15              ,20                 ,60                           ,D
000021     ,Information Technology,Asia / Pacific             ,0           ,25                ,15              ,20                 ,60                           ,D
A307950    ,Information Technology,Asia / Pacific             ,25          ,0                 ,15              ,25                 ,65                           ,C
MMFIN      ,Financials            ,Asia / Pacific             ,25          ,0                 ,5               ,0                  ,30                           ,F
HLFG       ,Financials            ,Asia / Pacific             ,0           ,0                 ,15              ,25                 ,40                           ,F
A000100    ,Health Care           ,Asia / Pacific             ,25          ,15                ,5               ,25                 ,70                           ,C
4042       ,Materials             ,Asia / Pacific             ,0           ,15                ,5               ,25                 ,45                           ,D
526299     ,Information Technology,Asia / Pacific             ,25          ,15                ,15              ,25                 ,80                           ,B
603606     ,Industrials           ,Asia / Pacific             ,25          ,15                ,15              ,25                 ,80                           ,B
4911       ,Consumer Staples      ,Asia / Pacific             ,0           ,25                ,15              ,20                 ,60                           ,D
000876     ,Consumer Staples      ,Asia / Pacific             ,0           ,25                ,5               ,10                 ,40                           ,F
688676     ,Industrials           ,Asia / Pacific             ,0           ,0                 ,15              ,25                 ,40                           ,F
603087     ,Health Care           ,Asia / Pacific             ,0           ,0                 ,5               ,25                 ,30                           ,F
603699     ,Industrials           ,Asia / Pacific             ,0           ,20                ,5               ,25                 ,50                           ,D
4938       ,Information Technology,Asia / Pacific             ,25          ,5                 ,5               ,25                 ,60                           ,D
UNVR       ,Consumer Staples      ,Asia / Pacific             ,25          ,15                ,15              ,20                 ,75                           ,C
002444     ,Consumer Discretionary,Asia / Pacific             ,0           ,25                ,15              ,25                 ,65                           ,C
YTL        ,Utilities             ,Asia / Pacific             ,0           ,0                 ,15              ,0                  ,15                           ,F
601108     ,Financials            ,Asia / Pacific             ,0           ,15                ,5               ,10                 ,30                           ,F
HVN        ,Consumer Discretionary,Asia / Pacific             ,0           ,20                ,15              ,25                 ,60                           ,D
9401       ,Communication Services,Asia / Pacific             ,0           ,0                 ,5               ,25                 ,30                           ,F
5E2        ,Industrials           ,Asia / Pacific             ,0           ,25                ,15              ,25                 ,65                           ,C
3698       ,Financials            ,Asia / Pacific             ,0           ,0                 ,15              ,0                  ,15                           ,F
270        ,Utilities             ,Asia / Pacific             ,0           ,0                 ,15              ,25                 ,40                           ,F
000878     ,Materials             ,Asia / Pacific             ,0           ,0                 ,5               ,20                 ,25                           ,F
AXIATA     ,Communication Services,Asia / Pacific             ,0           ,25                ,15              ,10                 ,50                           ,D
688234     ,Information Technology,Asia / Pacific             ,0           ,0                 ,15              ,25                 ,40                           ,F
300548     ,Information Technology,Asia / Pacific             ,0           ,25                ,15              ,25                 ,65                           ,C
689009     ,Consumer Discretionary,Asia / Pacific             ,25          ,25                ,15              ,25                 ,90                           ,B
600995     ,Utilities             ,Asia / Pacific             ,0           ,0                 ,5               ,20                 ,25                           ,F
688169     ,Consumer Discretionary,Asia / Pacific             ,0           ,0                 ,5               ,25                 ,30                           ,F
BIOCON     ,Health Care           ,Asia / Pacific             ,25          ,25                ,15              ,20                 ,85                           ,B
002407     ,Materials             ,Asia / Pacific             ,0           ,0                 ,5               ,20                 ,25                           ,F
A003490    ,Industrials           ,Asia / Pacific             ,25          ,25                ,5               ,10                 ,65                           ,C
KALYANKJIL ,Consumer Discretionary,Asia / Pacific             ,25          ,25                ,15              ,10                 ,75                           ,C
6446       ,Health Care           ,Asia / Pacific             ,25          ,25                ,15              ,25                 ,90                           ,B
688778     ,Industrials           ,Asia / Pacific             ,0           ,25                ,5               ,25                 ,55                           ,D
688608     ,Information Technology,Asia / Pacific             ,0           ,25                ,15              ,25                 ,65                           ,C
601233     ,Materials             ,Asia / Pacific             ,0           ,0                 ,5               ,10                 ,15                           ,F
688313     ,Information Technology,Asia / Pacific             ,0           ,0                 ,15              ,25                 ,40                           ,F
A000720    ,Industrials           ,Asia / Pacific             ,25          ,0                 ,15              ,25                 ,65                           ,C
300037     ,Materials             ,Asia / Pacific             ,0           ,25                ,15              ,25                 ,65                           ,C
3931       ,Consumer Discretionary,Asia / Pacific             ,0           ,0                 ,5               ,20                 ,25                           ,F
600332     ,Health Care           ,Asia / Pacific             ,0           ,0                 ,5               ,25                 ,30                           ,F
A047050    ,Industrials           ,Asia / Pacific             ,25          ,0                 ,5               ,20                 ,50                           ,D
SFR        ,Materials             ,Asia / Pacific             ,0           ,0                 ,15              ,25                 ,40                           ,F
QUB        ,Industrials           ,Asia / Pacific             ,0           ,0                 ,15              ,10                 ,25                           ,F
002472     ,Consumer Discretionary,Asia / Pacific             ,0           ,0                 ,5               ,25                 ,30                           ,F
SDF        ,Financials            ,Asia / Pacific             ,0           ,25                ,15              ,20                 ,60                           ,D
598        ,Industrials           ,Asia / Pacific             ,25          ,15                ,15              ,25                 ,80                           ,B
MOTILALOFS ,Financials            ,Asia / Pacific             ,25          ,0                 ,15              ,10                 ,50                           ,D
CPF        ,Consumer Staples      ,Asia / Pacific             ,25          ,25                ,5               ,10                 ,65                           ,C
300339     ,Information Technology,Asia / Pacific             ,0           ,0                 ,5               ,25                 ,30                           ,F
TATACOMM   ,Communication Services,Asia / Pacific             ,25          ,15                ,5               ,0                  ,45                           ,D
688599     ,Information Technology,Asia / Pacific             ,0           ,0                 ,5               ,10                 ,15                           ,F
1326       ,Materials             ,Asia / Pacific             ,25          ,25                ,15              ,20                 ,85                           ,B
688213     ,Information Technology,Asia / Pacific             ,0           ,0                 ,15              ,20                 ,35                           ,F
A138930    ,Financials            ,Asia / Pacific             ,25          ,0                 ,5               ,0                  ,30                           ,F
ICBP       ,Consumer Staples      ,Asia / Pacific             ,25          ,25                ,15              ,20                 ,85                           ,B
688777     ,Information Technology,Asia / Pacific             ,0           ,0                 ,5               ,25                 ,30                           ,F
603605     ,Consumer Staples      ,Asia / Pacific             ,0           ,25                ,15              ,25                 ,65                           ,C
6963       ,Information Technology,Asia / Pacific             ,0           ,0                 ,5               ,25                 ,30                           ,F
4324       ,Communication Services,Asia / Pacific             ,0           ,25                ,15              ,20                 ,60                           ,D
603179     ,Consumer Discretionary,Asia / Pacific             ,0           ,0                 ,5               ,25                 ,30                           ,F
523457     ,Materials             ,Asia / Pacific             ,25          ,0                 ,15              ,25                 ,65                           ,C
5871       ,Financials            ,Asia / Pacific             ,25          ,0                 ,5               ,0                  ,30                           ,F
601577     ,Financials            ,Asia / Pacific             ,0           ,0                 ,5               ,0                  ,5                            ,F
576        ,Industrials           ,Asia / Pacific             ,25          ,15                ,15              ,10                 ,65                           ,C
5929       ,Industrials           ,Asia / Pacific             ,0           ,25                ,15              ,25                 ,65                           ,C
002223     ,Health Care           ,Asia / Pacific             ,0           ,25                ,15              ,25                 ,65                           ,C
RMS        ,Materials             ,Asia / Pacific             ,0           ,25                ,5               ,25                 ,55                           ,D
300438     ,Industrials           ,Asia / Pacific             ,0           ,0                 ,15              ,20                 ,35                           ,F
FB         ,Consumer Staples      ,Asia / Pacific             ,0           ,15                ,5               ,20                 ,40                           ,F
9143       ,Industrials           ,Asia / Pacific             ,0           ,20                ,5               ,25                 ,50                           ,D
600968     ,Energy                ,Asia / Pacific             ,0           ,15                ,15              ,25                 ,55                           ,D
300474     ,Information Technology,Asia / Pacific             ,0           ,0                 ,15              ,25                 ,40                           ,F
5347       ,Information Technology,Asia / Pacific             ,25          ,0                 ,5               ,25                 ,55                           ,D
HDB        ,Financials            ,Asia / Pacific             ,0           ,0                 ,15              ,10                 ,25                           ,F
6269       ,Energy                ,Asia / Pacific             ,0           ,25                ,15              ,25                 ,65                           ,C
SEK        ,Communication Services,Asia / Pacific             ,0           ,25                ,15              ,25                 ,65                           ,C
8          ,Communication Services,Asia / Pacific             ,0           ,25                ,5               ,0                  ,30                           ,F
688099     ,Information Technology,Asia / Pacific             ,0           ,0                 ,15              ,25                 ,40                           ,F
1101       ,Materials             ,Asia / Pacific             ,25          ,0                 ,5               ,20                 ,50                           ,D
600392     ,Materials             ,Asia / Pacific             ,0           ,0                 ,5               ,25                 ,30                           ,F
688336     ,Health Care           ,Asia / Pacific             ,0           ,25                ,5               ,25                 ,55                           ,D
523642     ,Materials             ,Asia / Pacific             ,25          ,0                 ,15              ,25                 ,65                           ,C
688019     ,Information Technology,Asia / Pacific             ,0           ,25                ,15              ,25                 ,65                           ,C
300972     ,Consumer Staples      ,Asia / Pacific             ,0           ,25                ,15              ,10                 ,50                           ,D
000661     ,Health Care           ,Asia / Pacific             ,0           ,0                 ,15              ,25                 ,40                           ,F
KLK        ,Consumer Staples      ,Asia / Pacific             ,25          ,5                 ,15              ,20                 ,65                           ,C
MAHABANK   ,Financials            ,Asia / Pacific             ,0           ,0                 ,5               ,20                 ,25                           ,F
A090430    ,Consumer Staples      ,Asia / Pacific             ,25          ,25                ,5               ,25                 ,80                           ,B
000877     ,Materials             ,Asia / Pacific             ,25          ,25                ,5               ,10                 ,65                           ,C
600141     ,Materials             ,Asia / Pacific             ,0           ,0                 ,5               ,20                 ,25                           ,F
A005940    ,Financials            ,Asia / Pacific             ,25          ,0                 ,15              ,0                  ,40                           ,F
000932     ,Materials             ,Asia / Pacific             ,25          ,0                 ,15              ,25                 ,65                           ,C
600298     ,Consumer Staples      ,Asia / Pacific             ,0           ,15                ,15              ,20                 ,50                           ,D
603920     ,Information Technology,Asia / Pacific             ,0           ,15                ,15              ,25                 ,55                           ,D
002459     ,Information Technology,Asia / Pacific             ,25          ,25                ,5               ,10                 ,65                           ,C
TIINDIA    ,Consumer Discretionary,Asia / Pacific             ,0           ,0                 ,15              ,25                 ,40                           ,F
VOLTAS     ,Industrials           ,Asia / Pacific             ,25          ,0                 ,15              ,25                 ,65                           ,C
301611     ,Industrials           ,Asia / Pacific             ,0           ,0                 ,15              ,25                 ,40                           ,F
002436     ,Information Technology,Asia / Pacific             ,25          ,0                 ,5               ,20                 ,50                           ,D
A039490    ,Financials            ,Asia / Pacific             ,25          ,0                 ,15              ,0                  ,40                           ,F
300620     ,Information Technology,Asia / Pacific             ,0           ,0                 ,5               ,25                 ,30                           ,F
RHC        ,Health Care           ,Asia / Pacific             ,0           ,25                ,15              ,0                  ,40                           ,F
2702       ,Consumer Discretionary,Asia / Pacific             ,0           ,0                 ,15              ,25                 ,40                           ,F
360ONE     ,Financials            ,Asia / Pacific             ,25          ,0                 ,15              ,10                 ,50                           ,D
3038       ,Consumer Staples      ,Asia / Pacific             ,0           ,25                ,15              ,25                 ,65                           ,C
300373     ,Information Technology,Asia / Pacific             ,0           ,5                 ,5               ,25                 ,35                           ,F
4704       ,Information Technology,Asia / Pacific             ,0           ,25                ,15              ,25                 ,65                           ,C
AP         ,Utilities             ,Asia / Pacific             ,0           ,15                ,5               ,10                 ,30                           ,F
600497     ,Materials             ,Asia / Pacific             ,0           ,25                ,5               ,25                 ,55                           ,D
300762     ,Information Technology,Asia / Pacific             ,0           ,0                 ,5               ,25                 ,30                           ,F
A005830    ,Financials            ,Asia / Pacific             ,25          ,0                 ,5               ,25                 ,55                           ,D
CEN        ,Utilities             ,Asia / Pacific             ,0           ,0                 ,15              ,20                 ,35                           ,F
HUB        ,Financials            ,Asia / Pacific             ,0           ,25                ,15              ,25                 ,65                           ,C
MCY        ,Utilities             ,Asia / Pacific             ,0           ,0                 ,15              ,25                 ,40                           ,F
MBT        ,Financials            ,Asia / Pacific             ,25          ,25                ,15              ,10                 ,75                           ,C
384        ,Utilities             ,Asia / Pacific             ,0           ,0                 ,15              ,20                 ,35                           ,F
9899       ,Communication Services,Asia / Pacific             ,0           ,0                 ,15              ,25                 ,40                           ,F
2897       ,Consumer Staples      ,Asia / Pacific             ,0           ,0                 ,5               ,25                 ,30                           ,F
000983     ,Energy                ,Asia / Pacific             ,0           ,0                 ,5               ,20                 ,25                           ,F
002409     ,Materials             ,Asia / Pacific             ,0           ,0                 ,15              ,25                 ,40                           ,F
300054     ,Materials             ,Asia / Pacific             ,0           ,5                 ,15              ,25                 ,45                           ,D
002966     ,Financials            ,Asia / Pacific             ,0           ,25                ,5               ,0                  ,30                           ,F
5406       ,Materials             ,Asia / Pacific             ,0           ,25                ,5               ,20                 ,50                           ,D
1888       ,Information Technology,Asia / Pacific             ,0           ,25                ,15              ,25                 ,65                           ,C
D01        ,Consumer Staples      ,Asia / Pacific             ,0           ,25                ,15              ,0                  ,40                           ,F
002402     ,Information Technology,Asia / Pacific             ,0           ,25                ,15              ,25                 ,65                           ,C
2376       ,Information Technology,Asia / Pacific             ,25          ,0                 ,15              ,25                 ,65                           ,C
603160     ,Information Technology,Asia / Pacific             ,0           ,25                ,15              ,25                 ,65                           ,C
000728     ,Financials            ,Asia / Pacific             ,0           ,25                ,5               ,0                  ,30                           ,F
001389     ,Information Technology,Asia / Pacific             ,0           ,0                 ,5               ,25                 ,30                           ,F
3888       ,Communication Services,Asia / Pacific             ,25          ,25                ,15              ,25                 ,90                           ,B
AMBANK     ,Financials            ,Asia / Pacific             ,25          ,0                 ,15              ,20                 ,60                           ,D
9147       ,Industrials           ,Asia / Pacific             ,0           ,25                ,5               ,20                 ,50                           ,D
688318     ,Information Technology,Asia / Pacific             ,0           ,15                ,5               ,25                 ,45                           ,D
002185     ,Information Technology,Asia / Pacific             ,0           ,0                 ,5               ,20                 ,25                           ,F
688065     ,Materials             ,Asia / Pacific             ,0           ,0                 ,5               ,25                 ,30                           ,F
2380       ,Utilities             ,Asia / Pacific             ,0           ,0                 ,5               ,10                 ,15                           ,F
3099       ,Consumer Discretionary,Asia / Pacific             ,0           ,25                ,15              ,25                 ,65                           ,C
1318       ,Consumer Staples      ,Asia / Pacific             ,0           ,25                ,15              ,25                 ,65                           ,C
603806     ,Information Technology,Asia / Pacific             ,0           ,20                ,15              ,25                 ,60                           ,D
HEXT       ,Information Technology,Asia / Pacific             ,25          ,25                ,15              ,25                 ,90                           ,B
PRU        ,Materials             ,Asia / Pacific             ,0           ,25                ,15              ,25                 ,65                           ,C
3044       ,Information Technology,Asia / Pacific             ,25          ,20                ,15              ,25                 ,85                           ,B
CSMG3      ,Utilities             ,Latin America and Caribbean,25          ,25                ,15              ,20                 ,85                           ,B
CPAXT      ,Consumer Staples      ,Asia / Pacific             ,25          ,25                ,15              ,20                 ,85                           ,B
002456     ,Information Technology,Asia / Pacific             ,0           ,0                 ,5               ,10                 ,15                           ,F
LTTS       ,Industrials           ,Asia / Pacific             ,25          ,25                ,15              ,25                 ,90                           ,B
MTRX       ,Information Technology,Africa / Middle East       ,0           ,25                ,5               ,10                 ,40                           ,F
392        ,Utilities             ,Asia / Pacific             ,0           ,0                 ,15              ,20                 ,35                           ,F
OR         ,Consumer Discretionary,Asia / Pacific             ,25          ,25                ,15              ,25                 ,90                           ,B
HMSP       ,Consumer Staples      ,Asia / Pacific             ,25          ,0                 ,15              ,25                 ,65                           ,C
688617     ,Health Care           ,Asia / Pacific             ,0           ,25                ,15              ,25                 ,65                           ,C
601799     ,Consumer Discretionary,Asia / Pacific             ,0           ,25                ,15              ,25                 ,65                           ,C
688615     ,Information Technology,Asia / Pacific             ,0           ,25                ,5               ,25                 ,55                           ,D
600562     ,Information Technology,Asia / Pacific             ,0           ,15                ,15              ,25                 ,55                           ,D
ALD        ,Energy                ,Asia / Pacific             ,0           ,0                 ,15              ,10                 ,25                           ,F
688322     ,Information Technology,Asia / Pacific             ,0           ,0                 ,5               ,25                 ,30                           ,F
4676       ,Communication Services,Asia / Pacific             ,0           ,0                 ,15              ,25                 ,40                           ,F
2327       ,Information Technology,Asia / Pacific             ,0           ,0                 ,15              ,25                 ,40                           ,F
9508       ,Utilities             ,Asia / Pacific             ,0           ,25                ,5               ,0                  ,30                           ,F
002673     ,Financials            ,Asia / Pacific             ,0           ,25                ,5               ,10                 ,40                           ,F
600578     ,Utilities             ,Asia / Pacific             ,0           ,25                ,5               ,10                 ,40                           ,F
603379     ,Materials             ,Asia / Pacific             ,0           ,25                ,15              ,25                 ,65                           ,C
601699     ,Energy                ,Asia / Pacific             ,0           ,0                 ,5               ,25                 ,30                           ,F
600901     ,Financials            ,Asia / Pacific             ,0           ,0                 ,15              ,0                  ,15                           ,F
TPG        ,Communication Services,Asia / Pacific             ,0           ,25                ,15              ,20                 ,60                           ,D
1808       ,Consumer Discretionary,Asia / Pacific             ,0           ,25                ,15              ,20                 ,60                           ,D
4005       ,Materials             ,Asia / Pacific             ,0           ,25                ,15              ,10                 ,50                           ,D
AC         ,Industrials           ,Asia / Pacific             ,25          ,0                 ,5               ,20                 ,50                           ,D
3861       ,Materials             ,Asia / Pacific             ,0           ,0                 ,15              ,20                 ,35                           ,F
4732       ,Consumer Discretionary,Asia / Pacific             ,0           ,20                ,15              ,25                 ,60                           ,D
002032     ,Consumer Discretionary,Asia / Pacific             ,0           ,15                ,5               ,25                 ,45                           ,D
SUPREMEIND ,Materials             ,Asia / Pacific             ,25          ,0                 ,15              ,25                 ,65                           ,C
3481       ,Information Technology,Asia / Pacific             ,25          ,5                 ,5               ,25                 ,60                           ,D
002129     ,Information Technology,Asia / Pacific             ,25          ,0                 ,5               ,10                 ,40                           ,F
688220     ,Information Technology,Asia / Pacific             ,0           ,0                 ,15              ,25                 ,40                           ,F
7747       ,Health Care           ,Asia / Pacific             ,0           ,0                 ,15              ,25                 ,40                           ,F
601665     ,Financials            ,Asia / Pacific             ,0           ,25                ,5               ,0                  ,30                           ,F
603298     ,Industrials           ,Asia / Pacific             ,0           ,15                ,15              ,25                 ,55                           ,D
6448       ,Information Technology,Asia / Pacific             ,0           ,20                ,5               ,25                 ,50                           ,D
6645       ,Information Technology,Asia / Pacific             ,0           ,0                 ,5               ,25                 ,30                           ,F
7261       ,Consumer Discretionary,Asia / Pacific             ,0           ,0                 ,5               ,25                 ,30                           ,F
001286     ,Utilities             ,Asia / Pacific             ,0           ,15                ,5               ,20                 ,40                           ,F
HUDCO      ,Financials            ,Asia / Pacific             ,0           ,0                 ,5               ,0                  ,5                            ,F
8359       ,Financials            ,Asia / Pacific             ,0           ,0                 ,15              ,0                  ,15                           ,F
002273     ,Information Technology,Asia / Pacific             ,0           ,5                 ,15              ,25                 ,45                           ,D
7752       ,Information Technology,Asia / Pacific             ,0           ,25                ,15              ,25                 ,65                           ,C
688017     ,Industrials           ,Asia / Pacific             ,25          ,0                 ,15              ,25                 ,65                           ,C
600352     ,Materials             ,Asia / Pacific             ,0           ,25                ,5               ,20                 ,50                           ,D
300003     ,Health Care           ,Asia / Pacific             ,0           ,15                ,5               ,25                 ,45                           ,D
2356       ,Information Technology,Asia / Pacific             ,25          ,0                 ,5               ,10                 ,40                           ,F
3323       ,Materials             ,Asia / Pacific             ,0           ,25                ,15              ,10                 ,50                           ,D
1133       ,Industrials           ,Asia / Pacific             ,0           ,25                ,15              ,25                 ,65                           ,C
002683     ,Materials             ,Asia / Pacific             ,0           ,0                 ,5               ,20                 ,25                           ,F
3036       ,Information Technology,Asia / Pacific             ,25          ,25                ,15              ,20                 ,85                           ,B
8572       ,Financials            ,Asia / Pacific             ,0           ,5                 ,15              ,20                 ,40                           ,F
603737     ,Materials             ,Asia / Pacific             ,0           ,15                ,15              ,10                 ,40                           ,F
AMRT       ,Consumer Staples      ,Asia / Pacific             ,25          ,25                ,15              ,25                 ,90                           ,B
8046       ,Information Technology,Asia / Pacific             ,25          ,0                 ,15              ,25                 ,65                           ,C
600109     ,Financials            ,Asia / Pacific             ,0           ,0                 ,5               ,10                 ,15                           ,F
3360       ,Financials            ,Asia / Pacific             ,0           ,15                ,15              ,0                  ,30                           ,F
002085     ,Consumer Discretionary,Asia / Pacific             ,0           ,15                ,15              ,25                 ,55                           ,D
868        ,Industrials           ,Asia / Pacific             ,0           ,15                ,5               ,25                 ,45                           ,D
532644     ,Materials             ,Asia / Pacific             ,25          ,15                ,15              ,20                 ,75                           ,C
425        ,Consumer Discretionary,Asia / Pacific             ,0           ,25                ,15              ,25                 ,65                           ,C
MWG        ,Consumer Discretionary,Asia / Pacific             ,25          ,25                ,5               ,20                 ,75                           ,C
ESCORTS    ,Industrials           ,Asia / Pacific             ,25          ,25                ,5               ,25                 ,80                           ,B
000703     ,Materials             ,Asia / Pacific             ,0           ,0                 ,5               ,0                  ,5                            ,F
6865       ,Information Technology,Asia / Pacific             ,0           ,25                ,5               ,20                 ,50                           ,D
PETDAG     ,Consumer Discretionary,Asia / Pacific             ,0           ,15                ,15              ,25                 ,55                           ,D
688278     ,Health Care           ,Asia / Pacific             ,0           ,20                ,15              ,25                 ,60                           ,D
002487     ,Industrials           ,Asia / Pacific             ,0           ,25                ,15              ,25                 ,65                           ,C
5830       ,Financials            ,Asia / Pacific             ,0           ,0                 ,15              ,10                 ,25                           ,F
ANTM       ,Materials             ,Asia / Pacific             ,25          ,20                ,15              ,25                 ,85                           ,B
4183       ,Materials             ,Asia / Pacific             ,0           ,25                ,15              ,20                 ,60                           ,D
A161390    ,Consumer Discretionary,Asia / Pacific             ,25          ,0                 ,5               ,25                 ,55                           ,D
002155     ,Materials             ,Asia / Pacific             ,0           ,25                ,15              ,25                 ,65                           ,C
3197       ,Consumer Discretionary,Asia / Pacific             ,0           ,25                ,15              ,10                 ,50                           ,D
002821     ,Health Care           ,Asia / Pacific             ,0           ,5                 ,15              ,25                 ,45                           ,D
3800       ,Information Technology,Asia / Pacific             ,0           ,0                 ,15              ,25                 ,40                           ,F
002152     ,Information Technology,Asia / Pacific             ,0           ,25                ,5               ,25                 ,55                           ,D
002130     ,Industrials           ,Asia / Pacific             ,0           ,0                 ,5               ,25                 ,30                           ,F
6465       ,Industrials           ,Asia / Pacific             ,0           ,0                 ,15              ,25                 ,40                           ,F
002624     ,Communication Services,Asia / Pacific             ,0           ,25                ,15              ,25                 ,65                           ,C
VNM        ,Consumer Staples      ,Asia / Pacific             ,25          ,5                 ,5               ,25                 ,60                           ,D
517569     ,Industrials           ,Asia / Pacific             ,25          ,0                 ,15              ,25                 ,65                           ,C
PETRONET   ,Energy                ,Asia / Pacific             ,25          ,20                ,5               ,25                 ,75                           ,C
002429     ,Consumer Discretionary,Asia / Pacific             ,0           ,25                ,5               ,25                 ,55                           ,D
136        ,Communication Services,Asia / Pacific             ,0           ,0                 ,15              ,25                 ,40                           ,F
688433     ,Industrials           ,Asia / Pacific             ,0           ,0                 ,5               ,25                 ,30                           ,F
000800     ,Industrials           ,Asia / Pacific             ,0           ,0                 ,15              ,25                 ,40                           ,F
8060       ,Information Technology,Asia / Pacific             ,0           ,25                ,15              ,25                 ,65                           ,C
688627     ,Information Technology,Asia / Pacific             ,0           ,0                 ,5               ,25                 ,30                           ,F
300724     ,Information Technology,Asia / Pacific             ,25          ,0                 ,15              ,25                 ,65                           ,C
688297     ,Industrials           ,Asia / Pacific             ,0           ,0                 ,15              ,25                 ,40                           ,F
WPRTS      ,Industrials           ,Asia / Pacific             ,25          ,20                ,15              ,20                 ,80                           ,B
601997     ,Financials            ,Asia / Pacific             ,0           ,0                 ,5               ,0                  ,5                            ,F
6239       ,Information Technology,Asia / Pacific             ,25          ,0                 ,5               ,25                 ,55                           ,D
A016360    ,Financials            ,Asia / Pacific             ,25          ,0                 ,15              ,0                  ,40                           ,F
600161     ,Health Care           ,Asia / Pacific             ,25          ,0                 ,5               ,25                 ,55                           ,D
CMA        ,Materials             ,Africa / Middle East       ,0           ,5                 ,5               ,25                 ,35                           ,F
1402       ,Industrials           ,Asia / Pacific             ,25          ,25                ,5               ,20                 ,75                           ,C
002271     ,Materials             ,Asia / Pacific             ,0           ,5                 ,5               ,25                 ,35                           ,F
APE        ,Consumer Discretionary,Asia / Pacific             ,0           ,25                ,15              ,0                  ,40                           ,F
ACB        ,Financials            ,Asia / Pacific             ,25          ,0                 ,15              ,10                 ,50                           ,D
601567     ,Industrials           ,Asia / Pacific             ,25          ,0                 ,15              ,25                 ,65                           ,C
FAB        ,Financials            ,Africa / Middle East       ,25          ,0                 ,15              ,10                 ,50                           ,D
000921     ,Consumer Discretionary,Asia / Pacific             ,25          ,25                ,15              ,25                 ,90                           ,B
656        ,Industrials           ,Asia / Pacific             ,0           ,25                ,15              ,10                 ,50                           ,D
688819     ,Consumer Discretionary,Asia / Pacific             ,0           ,25                ,5               ,20                 ,50                           ,D
300073     ,Industrials           ,Asia / Pacific             ,0           ,0                 ,15              ,25                 ,40                           ,F
300487     ,Materials             ,Asia / Pacific             ,25          ,25                ,15              ,25                 ,90                           ,B
2245       ,Materials             ,Asia / Pacific             ,0           ,20                ,5               ,20                 ,45                           ,D
532478     ,Consumer Staples      ,Asia / Pacific             ,25          ,0                 ,15              ,25                 ,65                           ,C
500459     ,Consumer Staples      ,Asia / Pacific             ,0           ,0                 ,15              ,25                 ,40                           ,F
4958       ,Information Technology,Latin America and Caribbean,25          ,20                ,15              ,25                 ,85                           ,B
LUMI       ,Financials            ,Africa / Middle East       ,25          ,25                ,15              ,10                 ,75                           ,C
603766     ,Consumer Discretionary,Asia / Pacific             ,0           ,25                ,15              ,25                 ,65                           ,C
2367       ,Consumer Staples      ,Asia / Pacific             ,0           ,20                ,15              ,25                 ,60                           ,D
600909     ,Financials            ,Asia / Pacific             ,0           ,25                ,5               ,0                  ,30                           ,F
000883     ,Utilities             ,Asia / Pacific             ,0           ,0                 ,5               ,10                 ,15                           ,F
6845       ,Information Technology,Asia / Pacific             ,0           ,25                ,15              ,25                 ,65                           ,C
300699     ,Materials             ,Asia / Pacific             ,0           ,5                 ,15              ,25                 ,45                           ,D
4021       ,Materials             ,Asia / Pacific             ,0           ,20                ,15              ,25                 ,60                           ,D
500660     ,Health Care           ,Asia / Pacific             ,25          ,5                 ,5               ,25                 ,60                           ,D
5332       ,Industrials           ,Asia / Pacific             ,0           ,5                 ,5               ,25                 ,35                           ,F
1882       ,Industrials           ,Asia / Pacific             ,0           ,15                ,15              ,25                 ,55                           ,D
6088       ,Information Technology,Asia / Pacific             ,0           ,0                 ,15              ,20                 ,35                           ,F
TEL        ,Communication Services,Asia / Pacific             ,25          ,0                 ,5               ,0                  ,30                           ,F
RADICO     ,Consumer Staples      ,Asia / Pacific             ,0           ,25                ,15              ,25                 ,65                           ,C
300496     ,Information Technology,Asia / Pacific             ,25          ,0                 ,15              ,25                 ,65                           ,C
FRAGUAB    ,Consumer Staples      ,Latin America and Caribbean,0           ,0                 ,15              ,25                 ,40                           ,F
600282     ,Materials             ,Asia / Pacific             ,0           ,15                ,5               ,20                 ,40                           ,F
4186       ,Materials             ,Asia / Pacific             ,0           ,0                 ,15              ,25                 ,40                           ,F
3939       ,Materials             ,Asia / Pacific             ,0           ,25                ,15              ,25                 ,65                           ,C
3769       ,Financials            ,Asia / Pacific             ,0           ,25                ,15              ,20                 ,60                           ,D
2267       ,Consumer Staples      ,Asia / Pacific             ,0           ,5                 ,5               ,25                 ,35                           ,F
23         ,Financials            ,Asia / Pacific             ,0           ,0                 ,5               ,25                 ,30                           ,F
603833     ,Consumer Discretionary,Asia / Pacific             ,0           ,25                ,5               ,25                 ,55                           ,D
BBDC4      ,Financials            ,Latin America and Caribbean,25          ,0                 ,15              ,0                  ,40                           ,F
603198     ,Consumer Staples      ,Asia / Pacific             ,0           ,0                 ,5               ,25                 ,30                           ,F
6370       ,Industrials           ,Asia / Pacific             ,0           ,25                ,15              ,25                 ,65                           ,C
688102     ,Materials             ,Asia / Pacific             ,0           ,0                 ,5               ,20                 ,25                           ,F
POLI       ,Financials            ,Africa / Middle East       ,25          ,0                 ,15              ,10                 ,50                           ,D
317        ,Industrials           ,Asia / Pacific             ,0           ,25                ,5               ,25                 ,55                           ,D
ITCHOTELS  ,Consumer Discretionary,Asia / Pacific             ,25          ,0                 ,15              ,25                 ,65                           ,C
002240     ,Materials             ,Asia / Pacific             ,0           ,0                 ,15              ,20                 ,35                           ,F
000423     ,Health Care           ,Asia / Pacific             ,0           ,15                ,15              ,25                 ,55                           ,D
002056     ,Information Technology,Asia / Pacific             ,0           ,25                ,5               ,25                 ,55                           ,D
600295     ,Materials             ,Asia / Pacific             ,0           ,20                ,15              ,25                 ,60                           ,D
9064       ,Industrials           ,Asia / Pacific             ,0           ,0                 ,5               ,25                 ,30                           ,F
603885     ,Industrials           ,Asia / Pacific             ,0           ,25                ,5               ,0                  ,30                           ,F
1963       ,Financials            ,Asia / Pacific             ,0           ,25                ,5               ,0                  ,30                           ,F
6186       ,Consumer Staples      ,Asia / Pacific             ,0           ,0                 ,5               ,25                 ,30                           ,F
OGDC       ,Energy                ,Asia / Pacific             ,25          ,0                 ,5               ,25                 ,55                           ,D
523395     ,Industrials           ,Asia / Pacific             ,0           ,0                 ,15              ,25                 ,40                           ,F
600060     ,Consumer Discretionary,Asia / Pacific             ,0           ,25                ,15              ,25                 ,65                           ,C
603786     ,Consumer Discretionary,Asia / Pacific             ,0           ,20                ,5               ,25                 ,50                           ,D
3533       ,Information Technology,Asia / Pacific             ,25          ,5                 ,5               ,25                 ,60                           ,D
601615     ,Industrials           ,Asia / Pacific             ,25          ,0                 ,5               ,20                 ,50                           ,D
SNT        ,Financials            ,Africa / Middle East       ,0           ,25                ,15              ,25                 ,65                           ,C
002126     ,Consumer Discretionary,Asia / Pacific             ,0           ,15                ,15              ,25                 ,55                           ,D
ATM        ,Consumer Staples      ,Asia / Pacific             ,0           ,25                ,15              ,25                 ,65                           ,C
603596     ,Consumer Discretionary,Asia / Pacific             ,0           ,15                ,15              ,25                 ,55                           ,D
688349     ,Industrials           ,Asia / Pacific             ,0           ,0                 ,15              ,25                 ,40                           ,F
WOR        ,Industrials           ,Asia / Pacific             ,0           ,25                ,15              ,25                 ,65                           ,C
603444     ,Communication Services,Asia / Pacific             ,0           ,25                ,15              ,25                 ,65                           ,C
3391       ,Consumer Staples      ,Asia / Pacific             ,0           ,0                 ,15              ,25                 ,40                           ,F
CPIN       ,Consumer Staples      ,Asia / Pacific             ,25          ,25                ,15              ,25                 ,90                           ,B
CPI        ,Financials            ,Africa / Middle East       ,0           ,25                ,15              ,25                 ,65                           ,C
3291       ,Consumer Discretionary,Asia / Pacific             ,0           ,0                 ,15              ,20                 ,35                           ,F
1357       ,Communication Services,Asia / Pacific             ,0           ,25                ,15              ,25                 ,65                           ,C
A011070    ,Information Technology,Asia / Pacific             ,25          ,0                 ,15              ,25                 ,65                           ,C
000830     ,Materials             ,Asia / Pacific             ,0           ,25                ,5               ,20                 ,50                           ,D
220        ,Consumer Staples      ,Asia / Pacific             ,25          ,20                ,15              ,25                 ,85                           ,B
GFNORTEO   ,Financials            ,Latin America and Caribbean,25          ,0                 ,5               ,0                  ,30                           ,F
CONCOR     ,Industrials           ,Asia / Pacific             ,25          ,5                 ,5               ,25                 ,60                           ,D
PIRAMALFIN ,Financials            ,Asia / Pacific             ,0           ,0                 ,15              ,0                  ,15                           ,F
ASTRAL     ,Industrials           ,Asia / Pacific             ,25          ,25                ,15              ,25                 ,90                           ,B
BSANTANDER ,Financials            ,Latin America and Caribbean,25          ,25                ,15              ,0                  ,65                           ,C
688037     ,Information Technology,Asia / Pacific             ,0           ,0                 ,15              ,25                 ,40                           ,F
5021       ,Energy                ,Asia / Pacific             ,0           ,25                ,5               ,20                 ,50                           ,D
NCKL       ,Materials             ,Asia / Pacific             ,25          ,25                ,15              ,25                 ,90                           ,B
1833       ,Consumer Staples      ,Asia / Pacific             ,0           ,0                 ,5               ,25                 ,30                           ,F
DALBHARAT  ,Materials             ,Asia / Pacific             ,25          ,15                ,15              ,25                 ,80                           ,B
MINT       ,Consumer Discretionary,Asia / Pacific             ,25          ,25                ,5               ,10                 ,65                           ,C
BOUBYAN    ,Financials            ,Africa / Middle East       ,25          ,0                 ,5               ,20                 ,50                           ,D
002153     ,Information Technology,Asia / Pacific             ,0           ,0                 ,15              ,25                 ,40                           ,F
300346     ,Materials             ,Asia / Pacific             ,0           ,25                ,5               ,25                 ,55                           ,D
6139       ,Industrials           ,Asia / Pacific             ,0           ,25                ,5               ,25                 ,55                           ,D
BUAFOODS   ,Consumer Staples      ,Africa / Middle East       ,0           ,20                ,5               ,20                 ,45                           ,D
EDV        ,Consumer Staples      ,Asia / Pacific             ,0           ,25                ,5               ,10                 ,40                           ,F
522        ,Information Technology,Asia / Pacific             ,25          ,0                 ,15              ,25                 ,65                           ,C
4751       ,Communication Services,Asia / Pacific             ,0           ,25                ,15              ,25                 ,65                           ,C
PAGEIND    ,Consumer Discretionary,Asia / Pacific             ,0           ,5                 ,5               ,25                 ,35                           ,F
4403       ,Materials             ,Asia / Pacific             ,0           ,25                ,15              ,25                 ,65                           ,C
6856       ,Information Technology,Asia / Pacific             ,0           ,0                 ,15              ,25                 ,40                           ,F
1140       ,Financials            ,Africa / Middle East       ,25          ,0                 ,15              ,25                 ,65                           ,C
300432     ,Consumer Discretionary,Asia / Pacific             ,0           ,0                 ,5               ,25                 ,30                           ,F
FLUOROCHEM ,Materials             ,Asia / Pacific             ,25          ,0                 ,15              ,25                 ,65                           ,C
UBL        ,Financials            ,Asia / Pacific             ,25          ,25                ,15              ,0                  ,65                           ,C
9962       ,Industrials           ,Asia / Pacific             ,0           ,25                ,15              ,25                 ,65                           ,C
605090     ,Energy                ,Asia / Pacific             ,0           ,25                ,15              ,25                 ,65                           ,C
CGF        ,Financials            ,Asia / Pacific             ,0           ,25                ,15              ,0                  ,40                           ,F
POONAWALLA ,Financials            ,Asia / Pacific             ,25          ,0                 ,15              ,0                  ,40                           ,F
1585       ,Consumer Discretionary,Asia / Pacific             ,0           ,25                ,15              ,25                 ,65                           ,C
000887     ,Consumer Discretionary,Asia / Pacific             ,0           ,25                ,5               ,25                 ,55                           ,D
600079     ,Health Care           ,Asia / Pacific             ,0           ,15                ,5               ,25                 ,45                           ,D
600369     ,Financials            ,Asia / Pacific             ,0           ,25                ,5               ,10                 ,40                           ,F
688692     ,Information Technology,Asia / Pacific             ,0           ,25                ,15              ,25                 ,65                           ,C
600985     ,Materials             ,Asia / Pacific             ,0           ,0                 ,5               ,25                 ,30                           ,F
2357       ,Industrials           ,Asia / Pacific             ,0           ,5                 ,5               ,25                 ,35                           ,F
A032640    ,Communication Services,Asia / Pacific             ,25          ,0                 ,5               ,20                 ,50                           ,D
WHC        ,Energy                ,Asia / Pacific             ,0           ,25                ,5               ,25                 ,55                           ,D
603728     ,Industrials           ,Asia / Pacific             ,0           ,0                 ,15              ,25                 ,40                           ,F
1729       ,Industrials           ,Asia / Pacific             ,0           ,0                 ,15              ,20                 ,35                           ,F
659        ,Industrials           ,Asia / Pacific             ,0           ,15                ,5               ,20                 ,40                           ,F
002430     ,Materials             ,Asia / Pacific             ,25          ,15                ,5               ,20                 ,65                           ,C
NH         ,Health Care           ,Asia / Pacific             ,25          ,25                ,15              ,20                 ,85                           ,B
EMI        ,Consumer Staples      ,Asia / Pacific             ,25          ,0                 ,5               ,25                 ,55                           ,D
600765     ,Industrials           ,Asia / Pacific             ,0           ,0                 ,5               ,25                 ,30                           ,F
8334       ,Financials            ,Asia / Pacific             ,0           ,0                 ,15              ,0                  ,15                           ,F
000629     ,Materials             ,Asia / Pacific             ,0           ,25                ,5               ,25                 ,55                           ,D
600038     ,Industrials           ,Asia / Pacific             ,0           ,25                ,5               ,25                 ,55                           ,D
6274       ,Information Technology,Asia / Pacific             ,25          ,0                 ,15              ,25                 ,65                           ,C
2324       ,Information Technology,Asia / Pacific             ,25          ,25                ,5               ,20                 ,75                           ,C
600363     ,Information Technology,Asia / Pacific             ,0           ,0                 ,5               ,25                 ,30                           ,F
1102       ,Materials             ,Asia / Pacific             ,25          ,20                ,5               ,25                 ,75                           ,C
AGL        ,Utilities             ,Asia / Pacific             ,0           ,0                 ,5               ,20                 ,25                           ,F
600348     ,Energy                ,Asia / Pacific             ,0           ,0                 ,5               ,20                 ,25                           ,F
5105       ,Consumer Discretionary,Asia / Pacific             ,0           ,0                 ,15              ,25                 ,40                           ,F
002335     ,Industrials           ,Asia / Pacific             ,0           ,25                ,15              ,20                 ,60                           ,D
552        ,Industrials           ,Asia / Pacific             ,0           ,0                 ,15              ,25                 ,40                           ,F
000733     ,Information Technology,Asia / Pacific             ,0           ,25                ,15              ,25                 ,65                           ,C
7649       ,Consumer Staples      ,Asia / Pacific             ,0           ,25                ,5               ,25                 ,55                           ,D
5444       ,Materials             ,Asia / Pacific             ,0           ,15                ,5               ,25                 ,45                           ,D
3706       ,Information Technology,Asia / Pacific             ,25          ,0                 ,15              ,25                 ,65                           ,C
688295     ,Materials             ,Asia / Pacific             ,0           ,0                 ,15              ,20                 ,35                           ,F
4733       ,Information Technology,Asia / Pacific             ,0           ,25                ,5               ,25                 ,55                           ,D
MSN        ,Consumer Staples      ,Asia / Pacific             ,0           ,20                ,5               ,10                 ,35                           ,F
500067     ,Industrials           ,Asia / Pacific             ,25          ,0                 ,15              ,25                 ,65                           ,C
IGO        ,Materials             ,Asia / Pacific             ,0           ,0                 ,5               ,25                 ,30                           ,F
AIAENG     ,Industrials           ,Asia / Pacific             ,25          ,25                ,15              ,25                 ,90                           ,B
603345     ,Consumer Staples      ,Asia / Pacific             ,0           ,5                 ,15              ,25                 ,45                           ,D
867        ,Health Care           ,Asia / Pacific             ,0           ,15                ,15              ,25                 ,55                           ,D
003021     ,Industrials           ,Asia / Pacific             ,0           ,0                 ,15              ,25                 ,40                           ,F
2212       ,Consumer Staples      ,Asia / Pacific             ,0           ,0                 ,15              ,25                 ,40                           ,F
603308     ,Industrials           ,Asia / Pacific             ,25          ,0                 ,5               ,20                 ,50                           ,D
002756     ,Materials             ,Asia / Pacific             ,0           ,15                ,15              ,25                 ,55                           ,D
002603     ,Health Care           ,Asia / Pacific             ,0           ,25                ,15              ,25                 ,65                           ,C
002797     ,Financials            ,Asia / Pacific             ,0           ,25                ,5               ,10                 ,40                           ,F
BEN        ,Financials            ,Asia / Pacific             ,0           ,0                 ,15              ,10                 ,25                           ,F
301217     ,Materials             ,Asia / Pacific             ,0           ,0                 ,5               ,25                 ,30                           ,F
NWL        ,Financials            ,Asia / Pacific             ,0           ,20                ,15              ,25                 ,60                           ,D
601156     ,Industrials           ,Asia / Pacific             ,0           ,25                ,15              ,25                 ,65                           ,C
A064400    ,Information Technology,Asia / Pacific             ,0           ,0                 ,5               ,25                 ,30                           ,F
688018     ,Information Technology,Asia / Pacific             ,0           ,0                 ,15              ,25                 ,40                           ,F
2670       ,Consumer Discretionary,Asia / Pacific             ,0           ,20                ,5               ,25                 ,50                           ,D
688147     ,Information Technology,Asia / Pacific             ,0           ,0                 ,15              ,20                 ,35                           ,F
A029780    ,Financials            ,Asia / Pacific             ,25          ,0                 ,15              ,0                  ,40                           ,F
600967     ,Industrials           ,Asia / Pacific             ,0           ,0                 ,15              ,25                 ,40                           ,F
1044       ,Consumer Staples      ,Asia / Pacific             ,0           ,15                ,15              ,20                 ,50                           ,D
300024     ,Industrials           ,Asia / Pacific             ,0           ,0                 ,5               ,20                 ,25                           ,F
600398     ,Consumer Discretionary,Asia / Pacific             ,25          ,25                ,15              ,25                 ,90                           ,B
300953     ,Industrials           ,Asia / Pacific             ,0           ,0                 ,5               ,10                 ,15                           ,F
A034220    ,Information Technology,Asia / Pacific             ,25          ,0                 ,15              ,10                 ,50                           ,D
600863     ,Utilities             ,Asia / Pacific             ,25          ,0                 ,5               ,20                 ,50                           ,D
STB        ,Financials            ,Asia / Pacific             ,0           ,0                 ,15              ,25                 ,40                           ,F
2501       ,Consumer Staples      ,Asia / Pacific             ,0           ,25                ,15              ,10                 ,50                           ,D
300763     ,Industrials           ,Asia / Pacific             ,0           ,25                ,5               ,10                 ,40                           ,F
513683     ,Utilities             ,Asia / Pacific             ,25          ,0                 ,5               ,10                 ,40                           ,F
603338     ,Industrials           ,Asia / Pacific             ,25          ,0                 ,5               ,25                 ,55                           ,D
603225     ,Materials             ,Asia / Pacific             ,0           ,0                 ,5               ,10                 ,15                           ,F
600884     ,Materials             ,Asia / Pacific             ,0           ,15                ,5               ,20                 ,40                           ,F
AZJ        ,Industrials           ,Asia / Pacific             ,0           ,25                ,15              ,10                 ,50                           ,D
A021240    ,Consumer Discretionary,Asia / Pacific             ,25          ,0                 ,15              ,25                 ,65                           ,C
2181       ,Industrials           ,Asia / Pacific             ,0           ,25                ,15              ,25                 ,65                           ,C
2400       ,Communication Services,Asia / Pacific             ,0           ,25                ,15              ,25                 ,65                           ,C
002138     ,Information Technology,Asia / Pacific             ,25          ,15                ,5               ,25                 ,70                           ,C
600977     ,Communication Services,Asia / Pacific             ,0           ,0                 ,15              ,25                 ,40                           ,F
300285     ,Materials             ,Asia / Pacific             ,0           ,25                ,5               ,25                 ,55                           ,D
002497     ,Materials             ,Asia / Pacific             ,0           ,0                 ,15              ,25                 ,40                           ,F
300627     ,Information Technology,Asia / Pacific             ,0           ,25                ,15              ,25                 ,65                           ,C
WGX        ,Materials             ,Asia / Pacific             ,0           ,25                ,15              ,25                 ,65                           ,C
688192     ,Health Care           ,Asia / Pacific             ,0           ,0                 ,5               ,0                  ,5                            ,F
323        ,Materials             ,Asia / Pacific             ,0           ,5                 ,15              ,20                 ,40                           ,F
2474       ,Information Technology,Asia / Pacific             ,25          ,0                 ,5               ,25                 ,55                           ,D
600873     ,Materials             ,Asia / Pacific             ,0           ,20                ,5               ,25                 ,50                           ,D
148        ,Information Technology,Asia / Pacific             ,0           ,25                ,15              ,25                 ,65                           ,C
5110       ,Consumer Discretionary,Asia / Pacific             ,0           ,25                ,15              ,25                 ,65                           ,C
000513     ,Health Care           ,Asia / Pacific             ,0           ,25                ,15              ,25                 ,65                           ,C
002518     ,Industrials           ,Asia / Pacific             ,0           ,25                ,15              ,25                 ,65                           ,C
6724       ,Information Technology,Asia / Pacific             ,0           ,15                ,5               ,25                 ,45                           ,D
2282       ,Consumer Staples      ,Asia / Pacific             ,0           ,25                ,15              ,25                 ,65                           ,C
3635       ,Communication Services,Asia / Pacific             ,0           ,0                 ,15              ,25                 ,40                           ,F
688333     ,Industrials           ,Asia / Pacific             ,0           ,0                 ,15              ,25                 ,40                           ,F
600577     ,Industrials           ,Asia / Pacific             ,0           ,25                ,5               ,20                 ,50                           ,D
002203     ,Materials             ,Asia / Pacific             ,0           ,0                 ,5               ,10                 ,15                           ,F
000034     ,Information Technology,Asia / Pacific             ,0           ,0                 ,5               ,10                 ,15                           ,F
BH         ,Health Care           ,Asia / Pacific             ,25          ,25                ,15              ,25                 ,90                           ,B
AJANTPHARM ,Health Care           ,Asia / Pacific             ,25          ,5                 ,15              ,25                 ,70                           ,C
MBMA       ,Materials             ,Asia / Pacific             ,25          ,0                 ,15              ,25                 ,65                           ,C
600486     ,Materials             ,Asia / Pacific             ,0           ,0                 ,15              ,25                 ,40                           ,F
2809       ,Consumer Staples      ,Asia / Pacific             ,0           ,0                 ,15              ,25                 ,40                           ,F
000738     ,Industrials           ,Asia / Pacific             ,0           ,0                 ,5               ,25                 ,30                           ,F
301345     ,Consumer Discretionary,Asia / Pacific             ,0           ,5                 ,5               ,25                 ,35                           ,F
002007     ,Health Care           ,Asia / Pacific             ,0           ,25                ,15              ,25                 ,65                           ,C
002841     ,Information Technology,Asia / Pacific             ,0           ,20                ,15              ,25                 ,60                           ,D
ADMR       ,Materials             ,Asia / Pacific             ,25          ,0                 ,15              ,25                 ,65                           ,C
9142       ,Industrials           ,Asia / Pacific             ,0           ,0                 ,15              ,20                 ,35                           ,F
6368       ,Industrials           ,Asia / Pacific             ,0           ,20                ,15              ,25                 ,60                           ,D
A006260    ,Industrials           ,Asia / Pacific             ,25          ,0                 ,5               ,10                 ,40                           ,F
MFT        ,Industrials           ,Asia / Pacific             ,0           ,25                ,15              ,20                 ,60                           ,D
600732     ,Information Technology,Asia / Pacific             ,0           ,5                 ,5               ,0                  ,10                           ,F
7276       ,Consumer Discretionary,Asia / Pacific             ,0           ,25                ,5               ,25                 ,55                           ,D
CHOLAHLDNG ,Financials            ,Asia / Pacific             ,25          ,0                 ,5               ,0                  ,30                           ,F
GVR        ,Materials             ,Asia / Pacific             ,0           ,0                 ,15              ,25                 ,40                           ,F
000997     ,Information Technology,Asia / Pacific             ,0           ,15                ,5               ,25                 ,45                           ,D
601208     ,Materials             ,Asia / Pacific             ,0           ,0                 ,15              ,20                 ,35                           ,F
A000880    ,Industrials           ,Asia / Pacific             ,25          ,25                ,5               ,10                 ,65                           ,C
603650     ,Materials             ,Asia / Pacific             ,0           ,0                 ,5               ,10                 ,15                           ,F
2096       ,Health Care           ,Asia / Pacific             ,0           ,25                ,15              ,25                 ,65                           ,C
IPCALAB    ,Health Care           ,Asia / Pacific             ,25          ,25                ,15              ,25                 ,90                           ,B
ENDURANCE  ,Consumer Discretionary,Asia / Pacific             ,25          ,25                ,15              ,25                 ,90                           ,B
A128940    ,Health Care           ,Asia / Pacific             ,25          ,0                 ,5               ,25                 ,55                           ,D
688582     ,Information Technology,Asia / Pacific             ,0           ,20                ,5               ,25                 ,50                           ,D
1128       ,Consumer Discretionary,Asia / Pacific             ,0           ,25                ,15              ,25                 ,65                           ,C
PREMIERENE ,Information Technology,Asia / Pacific             ,25          ,0                 ,5               ,20                 ,50                           ,D
2610       ,Industrials           ,Asia / Pacific             ,25          ,5                 ,5               ,10                 ,45                           ,D
301498     ,Consumer Staples      ,Asia / Pacific             ,25          ,5                 ,5               ,25                 ,60                           ,D
300001     ,Industrials           ,Asia / Pacific             ,0           ,25                ,5               ,20                 ,50                           ,D
688343     ,Information Technology,Asia / Pacific             ,0           ,25                ,5               ,25                 ,55                           ,D
9009       ,Industrials           ,Asia / Pacific             ,0           ,0                 ,15              ,20                 ,35                           ,F
1830       ,Consumer Discretionary,Africa / Middle East       ,25          ,15                ,5               ,10                 ,55                           ,D
DNL        ,Materials             ,Asia / Pacific             ,0           ,5                 ,15              ,25                 ,45                           ,D
002318     ,Materials             ,Asia / Pacific             ,0           ,0                 ,5               ,25                 ,30                           ,F
VAU        ,Materials             ,Asia / Pacific             ,0           ,0                 ,15              ,25                 ,40                           ,F
EMTK       ,Communication Services,Asia / Pacific             ,0           ,0                 ,5               ,25                 ,30                           ,F
002423     ,Energy                ,Asia / Pacific             ,0           ,25                ,5               ,25                 ,55                           ,D
3349       ,Consumer Staples      ,Asia / Pacific             ,0           ,0                 ,15              ,25                 ,40                           ,F
A088980    ,Financials            ,Asia / Pacific             ,0           ,0                 ,15              ,25                 ,40                           ,F
JUBLFOOD   ,Consumer Discretionary,Asia / Pacific             ,25          ,25                ,15              ,0                  ,65                           ,C
3529       ,Information Technology,Asia / Pacific             ,25          ,15                ,15              ,25                 ,80                           ,B
696        ,Consumer Discretionary,Asia / Pacific             ,0           ,25                ,15              ,25                 ,65                           ,C
A241560    ,Industrials           ,Asia / Pacific             ,25          ,25                ,15              ,25                 ,90                           ,B
EXCL       ,Communication Services,Asia / Pacific             ,25          ,25                ,5               ,10                 ,65                           ,C
600153     ,Industrials           ,Asia / Pacific             ,0           ,25                ,5               ,20                 ,50                           ,D
CWY        ,Industrials           ,Asia / Pacific             ,0           ,15                ,15              ,20                 ,50                           ,D
GLO        ,Communication Services,Asia / Pacific             ,25          ,25                ,5               ,0                  ,55                           ,D
8253       ,Financials            ,Asia / Pacific             ,0           ,0                 ,15              ,0                  ,15                           ,F
A001040    ,Industrials           ,Asia / Pacific             ,25          ,25                ,5               ,10                 ,65                           ,C
000400     ,Industrials           ,Asia / Pacific             ,0           ,25                ,15              ,25                 ,65                           ,C
002222     ,Information Technology,Asia / Pacific             ,0           ,5                 ,5               ,25                 ,35                           ,F
600970     ,Industrials           ,Asia / Pacific             ,25          ,5                 ,15              ,25                 ,70                           ,C
2331       ,Industrials           ,Asia / Pacific             ,0           ,25                ,15              ,25                 ,65                           ,C
688270     ,Information Technology,Asia / Pacific             ,0           ,0                 ,15              ,25                 ,40                           ,F
THERMAX    ,Industrials           ,Asia / Pacific             ,25          ,0                 ,15              ,25                 ,65                           ,C
300570     ,Information Technology,Asia / Pacific             ,0           ,5                 ,15              ,25                 ,45                           ,D
6979       ,Consumer Staples      ,Asia / Pacific             ,0           ,0                 ,5               ,25                 ,30                           ,F
MSUMI      ,Consumer Discretionary,Asia / Pacific             ,25          ,15                ,15              ,25                 ,80                           ,B
SJVN       ,Utilities             ,Asia / Pacific             ,25          ,0                 ,15              ,10                 ,50                           ,D
6113       ,Industrials           ,Asia / Pacific             ,0           ,25                ,5               ,25                 ,55                           ,D
A078930    ,Industrials           ,Asia / Pacific             ,25          ,15                ,5               ,20                 ,65                           ,C
1969       ,Industrials           ,Asia / Pacific             ,0           ,0                 ,15              ,25                 ,40                           ,F
300567     ,Information Technology,Asia / Pacific             ,0           ,0                 ,15              ,20                 ,35                           ,F
9007       ,Industrials           ,Asia / Pacific             ,0           ,0                 ,15              ,10                 ,25                           ,F
600598     ,Consumer Staples      ,Asia / Pacific             ,25          ,15                ,5               ,25                 ,70                           ,C
600998     ,Health Care           ,Asia / Pacific             ,25          ,15                ,5               ,25                 ,70                           ,C
603939     ,Consumer Staples      ,Asia / Pacific             ,0           ,25                ,5               ,25                 ,55                           ,D
300666     ,Information Technology,Asia / Pacific             ,0           ,0                 ,5               ,20                 ,25                           ,F
4527       ,Consumer Staples      ,Asia / Pacific             ,0           ,25                ,5               ,25                 ,55                           ,D
600521     ,Health Care           ,Asia / Pacific             ,0           ,0                 ,5               ,20                 ,25                           ,F
5631       ,Industrials           ,Asia / Pacific             ,0           ,0                 ,15              ,25                 ,40                           ,F
000060     ,Materials             ,Asia / Pacific             ,0           ,0                 ,5               ,10                 ,15                           ,F
600499     ,Industrials           ,Asia / Pacific             ,0           ,0                 ,5               ,25                 ,30                           ,F
600483     ,Utilities             ,Asia / Pacific             ,0           ,5                 ,5               ,20                 ,30                           ,F
688114     ,Health Care           ,Asia / Pacific             ,25          ,0                 ,5               ,25                 ,55                           ,D
603127     ,Health Care           ,Asia / Pacific             ,25          ,25                ,15              ,25                 ,90                           ,B
603236     ,Information Technology,Asia / Pacific             ,0           ,0                 ,5               ,20                 ,25                           ,F
9506       ,Utilities             ,Asia / Pacific             ,0           ,25                ,15              ,0                  ,40                           ,F
603529     ,Consumer Discretionary,Asia / Pacific             ,0           ,15                ,5               ,25                 ,45                           ,D
688200     ,Information Technology,Asia / Pacific             ,25          ,20                ,5               ,25                 ,75                           ,C
688563     ,Industrials           ,Asia / Pacific             ,0           ,0                 ,15              ,25                 ,40                           ,F
6806       ,Information Technology,Asia / Pacific             ,0           ,20                ,5               ,25                 ,50                           ,D
COMI       ,Financials            ,Africa / Middle East       ,25          ,0                 ,5               ,25                 ,55                           ,D
PPB        ,Consumer Staples      ,Asia / Pacific             ,0           ,5                 ,5               ,25                 ,35                           ,F
300017     ,Information Technology,Asia / Pacific             ,0           ,15                ,15              ,25                 ,55                           ,D
9041       ,Industrials           ,Asia / Pacific             ,0           ,5                 ,15              ,0                  ,20                           ,F
688248     ,Industrials           ,Asia / Pacific             ,0           ,5                 ,5               ,25                 ,35                           ,F
9985       ,Consumer Staples      ,Asia / Pacific             ,0           ,5                 ,15              ,25                 ,45                           ,D
MEDANTA    ,Health Care           ,Asia / Pacific             ,25          ,0                 ,15              ,25                 ,65                           ,C
300677     ,Health Care           ,Asia / Pacific             ,0           ,0                 ,15              ,20                 ,35                           ,F
2610       ,Materials             ,Asia / Pacific             ,0           ,5                 ,5               ,25                 ,35                           ,F
8377       ,Financials            ,Asia / Pacific             ,0           ,0                 ,15              ,0                  ,15                           ,F
8252       ,Financials            ,Asia / Pacific             ,0           ,0                 ,15              ,0                  ,15                           ,F
603816     ,Consumer Discretionary,Asia / Pacific             ,0           ,25                ,15              ,25                 ,65                           ,C
500408     ,Information Technology,Asia / Pacific             ,25          ,15                ,5               ,25                 ,70                           ,C
9513       ,Utilities             ,Asia / Pacific             ,0           ,25                ,5               ,10                 ,40                           ,F
8210       ,Information Technology,Asia / Pacific             ,25          ,20                ,15              ,20                 ,80                           ,B
TLI        ,Financials            ,Asia / Pacific             ,25          ,5                 ,15              ,25                 ,70                           ,C
ACC        ,Materials             ,Asia / Pacific             ,25          ,0                 ,15              ,25                 ,65                           ,C
301606     ,Information Technology,Asia / Pacific             ,0           ,5                 ,15              ,25                 ,45                           ,D
000519     ,Industrials           ,Asia / Pacific             ,0           ,0                 ,5               ,25                 ,30                           ,F
257        ,Industrials           ,Asia / Pacific             ,0           ,25                ,15              ,10                 ,50                           ,D
3320       ,Health Care           ,Asia / Pacific             ,0           ,25                ,5               ,20                 ,50                           ,D
8341       ,Financials            ,Asia / Pacific             ,0           ,0                 ,15              ,10                 ,25                           ,F
9412       ,Communication Services,Asia / Pacific             ,0           ,20                ,15              ,25                 ,60                           ,D
7003       ,Industrials           ,Asia / Pacific             ,0           ,25                ,15              ,20                 ,60                           ,D
688266     ,Health Care           ,Asia / Pacific             ,0           ,0                 ,5               ,20                 ,25                           ,F
002831     ,Materials             ,Asia / Pacific             ,0           ,15                ,5               ,25                 ,45                           ,D
7731       ,Consumer Discretionary,Asia / Pacific             ,0           ,0                 ,5               ,25                 ,30                           ,F
601928     ,Communication Services,Asia / Pacific             ,0           ,15                ,5               ,25                 ,45                           ,D
605358     ,Information Technology,Asia / Pacific             ,0           ,0                 ,5               ,20                 ,25                           ,F
7459       ,Health Care           ,Asia / Pacific             ,0           ,25                ,5               ,25                 ,55                           ,D
2689       ,Materials             ,Asia / Pacific             ,0           ,0                 ,15              ,10                 ,25                           ,F
APARINDS   ,Industrials           ,Asia / Pacific             ,25          ,20                ,15              ,25                 ,85                           ,B
631        ,Industrials           ,Asia / Pacific             ,0           ,0                 ,15              ,20                 ,35                           ,F
600132     ,Consumer Staples      ,Asia / Pacific             ,25          ,25                ,15              ,25                 ,90                           ,B
300638     ,Information Technology,Asia / Pacific             ,0           ,15                ,5               ,25                 ,45                           ,D
968        ,Information Technology,Asia / Pacific             ,0           ,0                 ,5               ,25                 ,30                           ,F
601126     ,Industrials           ,Asia / Pacific             ,0           ,20                ,15              ,25                 ,60                           ,D
600390     ,Financials            ,Asia / Pacific             ,0           ,0                 ,5               ,20                 ,25                           ,F
300718     ,Industrials           ,Asia / Pacific             ,0           ,15                ,5               ,25                 ,45                           ,D
6473       ,Consumer Discretionary,Asia / Pacific             ,0           ,15                ,15              ,25                 ,55                           ,D
881        ,Consumer Discretionary,Asia / Pacific             ,0           ,25                ,5               ,20                 ,50                           ,D
603899     ,Industrials           ,Asia / Pacific             ,0           ,20                ,15              ,25                 ,60                           ,D
METROBRAND ,Consumer Discretionary,Asia / Pacific             ,25          ,5                 ,5               ,20                 ,55                           ,D
CRISIL     ,Financials            ,Asia / Pacific             ,25          ,0                 ,15              ,25                 ,65                           ,C
1910       ,Consumer Discretionary,Europe                     ,25          ,25                ,5               ,10                 ,65                           ,C
512        ,Health Care           ,Asia / Pacific             ,0           ,15                ,5               ,25                 ,45                           ,D
002048     ,Consumer Discretionary,Asia / Pacific             ,0           ,25                ,5               ,25                 ,55                           ,D
INDF       ,Consumer Staples      ,Asia / Pacific             ,25          ,25                ,15              ,20                 ,85                           ,B
688561     ,Information Technology,Asia / Pacific             ,0           ,0                 ,5               ,25                 ,30                           ,F
534309     ,Industrials           ,Asia / Pacific             ,0           ,0                 ,5               ,25                 ,30                           ,F
956        ,Energy                ,Asia / Pacific             ,0           ,0                 ,5               ,10                 ,15                           ,F
4816       ,Communication Services,Asia / Pacific             ,0           ,25                ,15              ,25                 ,65                           ,C
688052     ,Information Technology,Asia / Pacific             ,0           ,0                 ,5               ,25                 ,30                           ,F
002484     ,Information Technology,Asia / Pacific             ,0           ,25                ,15              ,25                 ,65                           ,C
2313       ,Information Technology,Asia / Pacific             ,25          ,15                ,15              ,25                 ,80                           ,B
INL        ,Financials            ,Africa / Middle East       ,0           ,0                 ,5               ,20                 ,25                           ,F
4182       ,Materials             ,Asia / Pacific             ,0           ,0                 ,15              ,25                 ,40                           ,F
300870     ,Industrials           ,Asia / Pacific             ,0           ,25                ,5               ,20                 ,50                           ,D
APOLLOTYRE ,Consumer Discretionary,Asia / Pacific             ,25          ,25                ,15              ,25                 ,90                           ,B
BCP        ,Financials            ,Africa / Middle East       ,0           ,0                 ,15              ,10                 ,25                           ,F
MRDIY      ,Consumer Discretionary,Asia / Pacific             ,25          ,15                ,15              ,20                 ,75                           ,C
688772     ,Industrials           ,Asia / Pacific             ,0           ,0                 ,5               ,20                 ,25                           ,F
5344       ,Information Technology,Asia / Pacific             ,0           ,25                ,15              ,25                 ,65                           ,C
002262     ,Health Care           ,Asia / Pacific             ,0           ,15                ,5               ,25                 ,45                           ,D
600435     ,Industrials           ,Asia / Pacific             ,0           ,25                ,15              ,25                 ,65                           ,C
CDA        ,Information Technology,Asia / Pacific             ,0           ,25                ,15              ,25                 ,65                           ,C
1959       ,Industrials           ,Asia / Pacific             ,0           ,5                 ,15              ,25                 ,45                           ,D
5947       ,Consumer Discretionary,Asia / Pacific             ,0           ,25                ,15              ,25                 ,65                           ,C
2002       ,Consumer Staples      ,Asia / Pacific             ,0           ,5                 ,15              ,25                 ,45                           ,D
ARBK       ,Financials            ,Africa / Middle East       ,25          ,0                 ,15              ,25                 ,65                           ,C
603171     ,Information Technology,Asia / Pacific             ,0           ,0                 ,15              ,25                 ,40                           ,F
INCO       ,Materials             ,Asia / Pacific             ,25          ,0                 ,15              ,25                 ,65                           ,C
ASTERDM    ,Health Care           ,Asia / Pacific             ,25          ,5                 ,5               ,20                 ,55                           ,D
DOW        ,Industrials           ,Asia / Pacific             ,0           ,25                ,15              ,20                 ,60                           ,D
002545     ,Materials             ,Asia / Pacific             ,0           ,20                ,15              ,25                 ,60                           ,D
3086       ,Consumer Discretionary,Asia / Pacific             ,0           ,25                ,5               ,20                 ,50                           ,D
600583     ,Energy                ,Asia / Pacific             ,0           ,20                ,15              ,25                 ,60                           ,D
2145       ,Consumer Staples      ,Asia / Pacific             ,0           ,5                 ,15              ,25                 ,45                           ,D
688005     ,Industrials           ,Asia / Pacific             ,25          ,25                ,5               ,20                 ,75                           ,C
BMA        ,Financials            ,Latin America and Caribbean,25          ,0                 ,15              ,25                 ,65                           ,C
688208     ,Consumer Discretionary,Asia / Pacific             ,0           ,5                 ,5               ,25                 ,35                           ,F
5076       ,Industrials           ,Asia / Pacific             ,0           ,20                ,15              ,20                 ,55                           ,D
179        ,Consumer Discretionary,Asia / Pacific             ,0           ,25                ,15              ,25                 ,65                           ,C
PRESIGHT   ,Information Technology,Africa / Middle East       ,0           ,25                ,5               ,25                 ,55                           ,D
6515       ,Information Technology,Asia / Pacific             ,25          ,25                ,15              ,25                 ,90                           ,B
6781       ,Industrials           ,Asia / Pacific             ,25          ,25                ,15              ,25                 ,90                           ,B
002926     ,Financials            ,Asia / Pacific             ,0           ,25                ,5               ,10                 ,40                           ,F
600582     ,Industrials           ,Asia / Pacific             ,0           ,25                ,15              ,25                 ,65                           ,C
600312     ,Industrials           ,Asia / Pacific             ,25          ,25                ,15              ,25                 ,90                           ,B
7564       ,Consumer Discretionary,Asia / Pacific             ,0           ,20                ,5               ,25                 ,50                           ,D
1060       ,Communication Services,Asia / Pacific             ,0           ,0                 ,15              ,25                 ,40                           ,F
500086     ,Consumer Discretionary,Asia / Pacific             ,0           ,25                ,5               ,25                 ,55                           ,D
5938       ,Industrials           ,Asia / Pacific             ,0           ,25                ,5               ,10                 ,40                           ,F
JFC        ,Consumer Discretionary,Asia / Pacific             ,25          ,0                 ,15              ,10                 ,50                           ,D
300660     ,Industrials           ,Asia / Pacific             ,0           ,0                 ,5               ,25                 ,30                           ,F
KPITTECH   ,Information Technology,Asia / Pacific             ,25          ,25                ,15              ,25                 ,90                           ,B
1951       ,Industrials           ,Asia / Pacific             ,0           ,0                 ,15              ,25                 ,40                           ,F
1721       ,Industrials           ,Asia / Pacific             ,0           ,0                 ,15              ,25                 ,40                           ,F
338        ,Materials             ,Asia / Pacific             ,0           ,0                 ,5               ,25                 ,30                           ,F
600563     ,Information Technology,Asia / Pacific             ,0           ,20                ,5               ,25                 ,50                           ,D
V03        ,Information Technology,Asia / Pacific             ,25          ,20                ,15              ,25                 ,85                           ,B
CRC        ,Consumer Discretionary,Asia / Pacific             ,25          ,25                ,5               ,10                 ,65                           ,C
002739     ,Communication Services,Asia / Pacific             ,0           ,25                ,5               ,10                 ,40                           ,F
000709     ,Materials             ,Asia / Pacific             ,0           ,0                 ,5               ,0                  ,5                            ,F
600299     ,Materials             ,Asia / Pacific             ,0           ,0                 ,15              ,25                 ,40                           ,F
4626       ,Materials             ,Asia / Pacific             ,0           ,20                ,15              ,20                 ,55                           ,D
688475     ,Information Technology,Asia / Pacific             ,0           ,20                ,15              ,25                 ,60                           ,D
GQG        ,Financials            ,United States and Canada   ,0           ,15                ,5               ,25                 ,45                           ,D
000528     ,Industrials           ,Asia / Pacific             ,0           ,5                 ,5               ,20                 ,30                           ,F
SIME       ,Industrials           ,Asia / Pacific             ,25          ,25                ,15              ,25                 ,90                           ,B
002389     ,Information Technology,Asia / Pacific             ,0           ,0                 ,5               ,25                 ,30                           ,F
600170     ,Industrials           ,Asia / Pacific             ,0           ,25                ,5               ,10                 ,40                           ,F
603358     ,Consumer Discretionary,Asia / Pacific             ,0           ,0                 ,15              ,25                 ,40                           ,F
300012     ,Industrials           ,Asia / Pacific             ,25          ,25                ,15              ,25                 ,90                           ,B
ANN        ,Health Care           ,Asia / Pacific             ,0           ,25                ,15              ,25                 ,65                           ,C
CDSL       ,Financials            ,Asia / Pacific             ,25          ,15                ,15              ,25                 ,80                           ,B
1164       ,Energy                ,Asia / Pacific             ,0           ,0                 ,15              ,20                 ,35                           ,F
TBIG       ,Communication Services,Asia / Pacific             ,25          ,25                ,5               ,0                  ,55                           ,D
A058470    ,Information Technology,Asia / Pacific             ,0           ,15                ,15              ,25                 ,55                           ,D
603290     ,Information Technology,Asia / Pacific             ,25          ,0                 ,5               ,25                 ,55                           ,D
8464       ,Consumer Discretionary,Asia / Pacific             ,25          ,15                ,5               ,25                 ,70                           ,C
4536       ,Health Care           ,Asia / Pacific             ,0           ,25                ,5               ,25                 ,55                           ,D
600754     ,Consumer Discretionary,Asia / Pacific             ,0           ,20                ,5               ,10                 ,35                           ,F
600323     ,Utilities             ,Asia / Pacific             ,0           ,25                ,5               ,10                 ,40                           ,F
300260     ,Industrials           ,Asia / Pacific             ,0           ,0                 ,5               ,20                 ,25                           ,F
9910       ,Consumer Discretionary,Asia / Pacific             ,25          ,15                ,5               ,25                 ,70                           ,C
532504     ,Materials             ,Asia / Pacific             ,25          ,5                 ,15              ,20                 ,65                           ,C
2579       ,Consumer Staples      ,Asia / Pacific             ,0           ,25                ,15              ,25                 ,65                           ,C
002025     ,Industrials           ,Asia / Pacific             ,0           ,0                 ,15              ,25                 ,40                           ,F
GUJGASLTD  ,Utilities             ,Asia / Pacific             ,25          ,25                ,15              ,25                 ,90                           ,B
VNT        ,Industrials           ,Asia / Pacific             ,0           ,20                ,15              ,10                 ,45                           ,D
600012     ,Industrials           ,Asia / Pacific             ,25          ,0                 ,5               ,20                 ,50                           ,D
517174     ,Information Technology,Asia / Pacific             ,0           ,25                ,5               ,25                 ,55                           ,D
605589     ,Materials             ,Asia / Pacific             ,0           ,0                 ,15              ,25                 ,40                           ,F
601128     ,Financials            ,Asia / Pacific             ,0           ,25                ,5               ,10                 ,40                           ,F
8056       ,Information Technology,Asia / Pacific             ,0           ,25                ,15              ,25                 ,65                           ,C
4812       ,Information Technology,Asia / Pacific             ,0           ,0                 ,15              ,25                 ,40                           ,F
9001       ,Industrials           ,Asia / Pacific             ,0           ,0                 ,15              ,10                 ,25                           ,F
300002     ,Information Technology,Asia / Pacific             ,0           ,25                ,5               ,25                 ,55                           ,D
600927     ,Financials            ,Asia / Pacific             ,0           ,0                 ,15              ,25                 ,40                           ,F
300383     ,Information Technology,Asia / Pacific             ,25          ,0                 ,5               ,25                 ,55                           ,D
001301     ,Industrials           ,Asia / Pacific             ,0           ,0                 ,5               ,25                 ,30                           ,F
600057     ,Industrials           ,Asia / Pacific             ,0           ,25                ,5               ,20                 ,50                           ,D
300672     ,Information Technology,Asia / Pacific             ,0           ,0                 ,5               ,20                 ,25                           ,F
5991       ,Consumer Discretionary,Asia / Pacific             ,0           ,15                ,5               ,25                 ,45                           ,D
2409       ,Information Technology,Asia / Pacific             ,25          ,0                 ,5               ,20                 ,50                           ,D
2276       ,Health Care           ,Asia / Pacific             ,0           ,15                ,15              ,25                 ,55                           ,D
3330       ,Materials             ,Asia / Pacific             ,0           ,25                ,5               ,20                 ,50                           ,D
000967     ,Industrials           ,Asia / Pacific             ,0           ,0                 ,5               ,25                 ,30                           ,F
SONACOMS   ,Consumer Discretionary,Asia / Pacific             ,25          ,5                 ,15              ,25                 ,70                           ,C
4088       ,Materials             ,Asia / Pacific             ,0           ,5                 ,5               ,20                 ,30                           ,F
KLBF       ,Health Care           ,Asia / Pacific             ,25          ,20                ,15              ,25                 ,85                           ,B
001221     ,Industrials           ,Asia / Pacific             ,0           ,25                ,5               ,25                 ,55                           ,D
1070       ,Consumer Discretionary,Asia / Pacific             ,0           ,25                ,15              ,25                 ,65                           ,C
301301     ,Health Care           ,Asia / Pacific             ,0           ,25                ,5               ,25                 ,55                           ,D
6753       ,Consumer Discretionary,Asia / Pacific             ,0           ,0                 ,15              ,0                  ,15                           ,F
A001440    ,Industrials           ,Asia / Pacific             ,25          ,0                 ,15              ,25                 ,65                           ,C
A028050    ,Industrials           ,Asia / Pacific             ,25          ,25                ,15              ,25                 ,90                           ,B
1476       ,Consumer Discretionary,Asia / Pacific             ,25          ,15                ,5               ,25                 ,70                           ,C
6460       ,Consumer Discretionary,Asia / Pacific             ,0           ,0                 ,15              ,25                 ,40                           ,F
601969     ,Materials             ,Asia / Pacific             ,0           ,15                ,5               ,25                 ,45                           ,D
9364       ,Industrials           ,Asia / Pacific             ,0           ,15                ,15              ,25                 ,55                           ,D
LICHSGFIN  ,Financials            ,Asia / Pacific             ,0           ,0                 ,5               ,0                  ,5                            ,F
600098     ,Energy                ,Asia / Pacific             ,0           ,0                 ,5               ,10                 ,15                           ,F
000429     ,Industrials           ,Asia / Pacific             ,25          ,15                ,5               ,20                 ,65                           ,C
300888     ,Health Care           ,Asia / Pacific             ,0           ,20                ,15              ,25                 ,60                           ,D
7282       ,Consumer Discretionary,Asia / Pacific             ,0           ,25                ,15              ,25                 ,65                           ,C
002984     ,Consumer Discretionary,Asia / Pacific             ,0           ,0                 ,5               ,25                 ,30                           ,F
6302       ,Industrials           ,Asia / Pacific             ,0           ,0                 ,5               ,25                 ,30                           ,F
AADI       ,Energy                ,Asia / Pacific             ,25          ,0                 ,15              ,25                 ,65                           ,C
551        ,Consumer Discretionary,Asia / Pacific             ,0           ,0                 ,15              ,25                 ,40                           ,F
EBO        ,Health Care           ,Asia / Pacific             ,0           ,25                ,15              ,20                 ,60                           ,D
601000     ,Industrials           ,Asia / Pacific             ,0           ,5                 ,5               ,25                 ,35                           ,F
600166     ,Consumer Discretionary,Asia / Pacific             ,0           ,0                 ,15              ,25                 ,40                           ,F
600535     ,Health Care           ,Asia / Pacific             ,0           ,15                ,15              ,25                 ,55                           ,D
301275     ,Information Technology,Asia / Pacific             ,0           ,20                ,15              ,25                 ,60                           ,D
688301     ,Health Care           ,Asia / Pacific             ,0           ,0                 ,15              ,20                 ,35                           ,F
002895     ,Materials             ,Asia / Pacific             ,0           ,0                 ,15              ,20                 ,35                           ,F
6805       ,Information Technology,Asia / Pacific             ,25          ,15                ,15              ,25                 ,80                           ,B
347        ,Materials             ,Asia / Pacific             ,0           ,0                 ,5               ,25                 ,30                           ,F
002568     ,Consumer Staples      ,Asia / Pacific             ,0           ,15                ,15              ,25                 ,55                           ,D
3436       ,Information Technology,Asia / Pacific             ,0           ,0                 ,15              ,20                 ,35                           ,F
603881     ,Information Technology,Asia / Pacific             ,0           ,25                ,5               ,10                 ,40                           ,F
002270     ,Industrials           ,Asia / Pacific             ,25          ,15                ,15              ,25                 ,80                           ,B
A175330    ,Financials            ,Asia / Pacific             ,25          ,0                 ,5               ,0                  ,30                           ,F
IKS        ,Health Care           ,Asia / Pacific             ,25          ,0                 ,15              ,25                 ,65                           ,C
6965       ,Information Technology,Asia / Pacific             ,0           ,0                 ,5               ,25                 ,30                           ,F
688766     ,Information Technology,Asia / Pacific             ,0           ,0                 ,5               ,25                 ,30                           ,F
142        ,Consumer Staples      ,Asia / Pacific             ,0           ,25                ,15              ,10                 ,50                           ,D
688195     ,Information Technology,Asia / Pacific             ,0           ,0                 ,5               ,25                 ,30                           ,F
GPSC       ,Utilities             ,Asia / Pacific             ,25          ,25                ,15              ,10                 ,75                           ,C
300100     ,Consumer Discretionary,Asia / Pacific             ,0           ,25                ,15              ,25                 ,65                           ,C
688048     ,Information Technology,Asia / Pacific             ,0           ,0                 ,15              ,25                 ,40                           ,F
1833       ,Industrials           ,Africa / Middle East       ,25          ,15                ,15              ,25                 ,80                           ,B
002149     ,Materials             ,Asia / Pacific             ,0           ,0                 ,5               ,25                 ,30                           ,F
601001     ,Energy                ,Asia / Pacific             ,0           ,0                 ,5               ,25                 ,30                           ,F
A009830    ,Materials             ,Asia / Pacific             ,25          ,0                 ,5               ,10                 ,40                           ,F
000603     ,Materials             ,Asia / Pacific             ,0           ,0                 ,5               ,20                 ,25                           ,F
688146     ,Materials             ,Asia / Pacific             ,0           ,0                 ,5               ,25                 ,30                           ,F
603067     ,Materials             ,Asia / Pacific             ,0           ,0                 ,5               ,25                 ,30                           ,F
600008     ,Utilities             ,Asia / Pacific             ,0           ,0                 ,5               ,10                 ,15                           ,F
506943     ,Health Care           ,Asia / Pacific             ,25          ,25                ,15              ,25                 ,90                           ,B
371        ,Utilities             ,Asia / Pacific             ,0           ,20                ,5               ,10                 ,35                           ,F
7211       ,Consumer Discretionary,Asia / Pacific             ,0           ,0                 ,5               ,25                 ,30                           ,F
6055       ,Consumer Discretionary,Asia / Pacific             ,0           ,25                ,15              ,20                 ,60                           ,D
ZFCVINDIA  ,Consumer Discretionary,Asia / Pacific             ,0           ,25                ,5               ,25                 ,55                           ,D
002405     ,Information Technology,Asia / Pacific             ,0           ,0                 ,5               ,25                 ,30                           ,F
3405       ,Materials             ,Asia / Pacific             ,0           ,0                 ,15              ,25                 ,40                           ,F
3702       ,Information Technology,Asia / Pacific             ,25          ,0                 ,15              ,10                 ,50                           ,D
688536     ,Information Technology,Asia / Pacific             ,0           ,0                 ,15              ,25                 ,40                           ,F
MTEL       ,Communication Services,Asia / Pacific             ,25          ,20                ,5               ,20                 ,70                           ,C
2286       ,Consumer Staples      ,Africa / Middle East       ,0           ,5                 ,5               ,20                 ,30                           ,F
4161       ,Consumer Staples      ,Africa / Middle East       ,25          ,25                ,5               ,10                 ,65                           ,C
ADRO       ,Energy                ,Asia / Pacific             ,25          ,0                 ,5               ,25                 ,55                           ,D
7951       ,Consumer Discretionary,Asia / Pacific             ,0           ,25                ,5               ,25                 ,55                           ,D
MARI       ,Energy                ,Asia / Pacific             ,25          ,0                 ,15              ,25                 ,65                           ,C
301205     ,Information Technology,Asia / Pacific             ,0           ,0                 ,5               ,25                 ,30                           ,F
2347       ,Information Technology,Asia / Pacific             ,25          ,25                ,5               ,10                 ,65                           ,C
ITAUCL     ,Financials            ,Latin America and Caribbean,25          ,0                 ,15              ,0                  ,40                           ,F
S59        ,Industrials           ,Asia / Pacific             ,0           ,20                ,15              ,25                 ,60                           ,D
600511     ,Health Care           ,Asia / Pacific             ,0           ,5                 ,15              ,25                 ,45                           ,D
5536       ,Industrials           ,Asia / Pacific             ,25          ,20                ,5               ,25                 ,75                           ,C
OV8        ,Consumer Staples      ,Asia / Pacific             ,0           ,25                ,15              ,25                 ,65                           ,C
EMCURE     ,Health Care           ,Asia / Pacific             ,25          ,25                ,15              ,25                 ,90                           ,B
JGS        ,Industrials           ,Asia / Pacific             ,25          ,25                ,5               ,20                 ,75                           ,C
688279     ,Information Technology,Asia / Pacific             ,0           ,25                ,15              ,25                 ,65                           ,C
AMP        ,Financials            ,Asia / Pacific             ,0           ,0                 ,15              ,0                  ,15                           ,F
2460       ,Consumer Staples      ,Asia / Pacific             ,0           ,0                 ,15              ,25                 ,40                           ,F
300811     ,Information Technology,Asia / Pacific             ,0           ,0                 ,15              ,25                 ,40                           ,F
6471       ,Industrials           ,Asia / Pacific             ,0           ,25                ,5               ,25                 ,55                           ,D
GLAND      ,Health Care           ,Asia / Pacific             ,25          ,15                ,15              ,25                 ,80                           ,B
8233       ,Consumer Discretionary,Asia / Pacific             ,0           ,25                ,15              ,20                 ,60                           ,D
3774       ,Communication Services,Asia / Pacific             ,0           ,25                ,15              ,25                 ,65                           ,C
BSR        ,Energy                ,Asia / Pacific             ,0           ,0                 ,5               ,25                 ,30                           ,F
1066       ,Health Care           ,Asia / Pacific             ,0           ,25                ,15              ,25                 ,65                           ,C
002266     ,Industrials           ,Asia / Pacific             ,0           ,0                 ,5               ,25                 ,30                           ,F
5711       ,Materials             ,Asia / Pacific             ,0           ,25                ,5               ,20                 ,50                           ,D
000598     ,Utilities             ,Asia / Pacific             ,0           ,0                 ,5               ,20                 ,25                           ,F
1963       ,Industrials           ,Asia / Pacific             ,0           ,0                 ,5               ,25                 ,30                           ,F
688123     ,Information Technology,Asia / Pacific             ,0           ,25                ,15              ,25                 ,65                           ,C
688088     ,Information Technology,Asia / Pacific             ,0           ,0                 ,15              ,25                 ,40                           ,F
300144     ,Consumer Discretionary,Asia / Pacific             ,0           ,25                ,5               ,25                 ,55                           ,D
601158     ,Utilities             ,Asia / Pacific             ,0           ,25                ,5               ,20                 ,50                           ,D
600516     ,Industrials           ,Asia / Pacific             ,0           ,0                 ,5               ,25                 ,30                           ,F
A062040    ,Industrials           ,Asia / Pacific             ,0           ,25                ,15              ,25                 ,65                           ,C
9008       ,Industrials           ,Asia / Pacific             ,0           ,0                 ,15              ,10                 ,25                           ,F
601966     ,Consumer Discretionary,Asia / Pacific             ,0           ,0                 ,5               ,20                 ,25                           ,F
600380     ,Health Care           ,Asia / Pacific             ,0           ,25                ,5               ,25                 ,55                           ,D
603185     ,Information Technology,Asia / Pacific             ,0           ,0                 ,5               ,25                 ,30                           ,F
688363     ,Consumer Staples      ,Asia / Pacific             ,0           ,25                ,15              ,25                 ,65                           ,C
FFC        ,Materials             ,Asia / Pacific             ,0           ,5                 ,5               ,25                 ,35                           ,F
CCAP       ,Financials            ,Africa / Middle East       ,25          ,25                ,5               ,10                 ,65                           ,C
POT        ,Industrials           ,Asia / Pacific             ,0           ,15                ,15              ,25                 ,55                           ,D
7337       ,Financials            ,Asia / Pacific             ,0           ,0                 ,5               ,0                  ,5                            ,F
688502     ,Information Technology,Asia / Pacific             ,0           ,0                 ,5               ,25                 ,30                           ,F
IIFL       ,Financials            ,Asia / Pacific             ,25          ,0                 ,15              ,0                  ,40                           ,F
002044     ,Health Care           ,Asia / Pacific             ,0           ,25                ,5               ,20                 ,50                           ,D
1415       ,Information Technology,Asia / Pacific             ,0           ,0                 ,15              ,20                 ,35                           ,F
PTTGC      ,Materials             ,Asia / Pacific             ,25          ,25                ,15              ,20                 ,85                           ,B
UBEE       ,Financials            ,Africa / Middle East       ,0           ,0                 ,5               ,25                 ,30                           ,F
3933       ,Health Care           ,Asia / Pacific             ,0           ,5                 ,15              ,25                 ,45                           ,D
301061     ,Consumer Discretionary,Asia / Pacific             ,0           ,25                ,5               ,25                 ,55                           ,D
NORTEGRAN  ,Financials            ,Latin America and Caribbean,0           ,0                 ,15              ,25                 ,40                           ,F
A022100    ,Information Technology,Asia / Pacific             ,0           ,0                 ,15              ,25                 ,40                           ,F
688409     ,Information Technology,Asia / Pacific             ,0           ,0                 ,15              ,25                 ,40                           ,F
300726     ,Information Technology,Asia / Pacific             ,0           ,15                ,5               ,25                 ,45                           ,D
QAMC       ,Materials             ,Africa / Middle East       ,25          ,0                 ,5               ,25                 ,55                           ,D
2105       ,Consumer Discretionary,Asia / Pacific             ,25          ,15                ,5               ,25                 ,70                           ,C
002410     ,Information Technology,Asia / Pacific             ,0           ,25                ,15              ,25                 ,65                           ,C
603565     ,Industrials           ,Asia / Pacific             ,0           ,5                 ,5               ,20                 ,30                           ,F
A214450    ,Health Care           ,Asia / Pacific             ,25          ,0                 ,15              ,25                 ,65                           ,C
MEBL       ,Financials            ,Asia / Pacific             ,0           ,25                ,15              ,0                  ,40                           ,F
000791     ,Utilities             ,Asia / Pacific             ,0           ,15                ,5               ,10                 ,30                           ,F
NUVAMA     ,Financials            ,Asia / Pacific             ,25          ,0                 ,15              ,0                  ,40                           ,F
601702     ,Materials             ,Asia / Pacific             ,0           ,0                 ,15              ,25                 ,40                           ,F
7729       ,Information Technology,Asia / Pacific             ,0           ,15                ,5               ,25                 ,45                           ,D
5214       ,Information Technology,Asia / Pacific             ,0           ,0                 ,15              ,25                 ,40                           ,F
DHBK       ,Financials            ,Africa / Middle East       ,25          ,0                 ,5               ,0                  ,30                           ,F
GENM       ,Consumer Discretionary,Asia / Pacific             ,0           ,25                ,5               ,10                 ,40                           ,F
STARHEALTH ,Financials            ,Asia / Pacific             ,25          ,0                 ,15              ,25                 ,65                           ,C
300446     ,Materials             ,Asia / Pacific             ,0           ,15                ,5               ,25                 ,45                           ,D
HVN        ,Industrials           ,Asia / Pacific             ,0           ,0                 ,15              ,25                 ,40                           ,F
2871       ,Consumer Staples      ,Asia / Pacific             ,0           ,25                ,5               ,25                 ,55                           ,D
688520     ,Health Care           ,Asia / Pacific             ,0           ,0                 ,5               ,0                  ,5                            ,F
688698     ,Industrials           ,Asia / Pacific             ,0           ,0                 ,5               ,25                 ,30                           ,F
1120       ,Financials            ,Africa / Middle East       ,25          ,0                 ,15              ,25                 ,65                           ,C
300679     ,Information Technology,Asia / Pacific             ,0           ,5                 ,15              ,25                 ,45                           ,D
7240       ,Consumer Discretionary,Asia / Pacific             ,0           ,20                ,15              ,25                 ,60                           ,D
OROBLANCO  ,Financials            ,Latin America and Caribbean,0           ,0                 ,15              ,25                 ,40                           ,F
300170     ,Information Technology,Asia / Pacific             ,0           ,25                ,5               ,25                 ,55                           ,D
002171     ,Materials             ,Asia / Pacific             ,0           ,0                 ,5               ,20                 ,25                           ,F
000723     ,Materials             ,Asia / Pacific             ,0           ,0                 ,5               ,25                 ,30                           ,F
300007     ,Information Technology,Asia / Pacific             ,0           ,0                 ,5               ,25                 ,30                           ,F
002461     ,Consumer Staples      ,Asia / Pacific             ,0           ,5                 ,15              ,25                 ,45                           ,D
600933     ,Consumer Discretionary,Asia / Pacific             ,0           ,25                ,15              ,25                 ,65                           ,C
KARURVYSYA ,Financials            ,Asia / Pacific             ,0           ,0                 ,5               ,25                 ,30                           ,F
603658     ,Health Care           ,Asia / Pacific             ,0           ,5                 ,5               ,25                 ,35                           ,F
002245     ,Industrials           ,Asia / Pacific             ,0           ,25                ,15              ,25                 ,65                           ,C
002299     ,Consumer Staples      ,Asia / Pacific             ,0           ,25                ,5               ,20                 ,50                           ,D
IGL        ,Utilities             ,Asia / Pacific             ,25          ,15                ,5               ,25                 ,70                           ,C
7189       ,Financials            ,Asia / Pacific             ,0           ,0                 ,15              ,0                  ,15                           ,F
002747     ,Industrials           ,Asia / Pacific             ,25          ,25                ,5               ,0                  ,55                           ,D
600388     ,Industrials           ,Asia / Pacific             ,0           ,15                ,15              ,20                 ,50                           ,D
002312     ,Materials             ,Asia / Pacific             ,0           ,0                 ,5               ,20                 ,25                           ,F
603698     ,Energy                ,Asia / Pacific             ,0           ,0                 ,5               ,25                 ,30                           ,F
300558     ,Health Care           ,Asia / Pacific             ,0           ,0                 ,15              ,25                 ,40                           ,F
548        ,Industrials           ,Asia / Pacific             ,0           ,5                 ,5               ,10                 ,20                           ,F
603337     ,Industrials           ,Asia / Pacific             ,0           ,25                ,15              ,25                 ,65                           ,C
9468       ,Communication Services,Asia / Pacific             ,0           ,20                ,15              ,25                 ,60                           ,D
6976       ,Information Technology,Asia / Pacific             ,0           ,0                 ,5               ,20                 ,25                           ,F
600320     ,Industrials           ,Asia / Pacific             ,0           ,25                ,5               ,10                 ,40                           ,F
300146     ,Consumer Staples      ,Asia / Pacific             ,0           ,20                ,5               ,25                 ,50                           ,D
7988       ,Consumer Discretionary,Asia / Pacific             ,0           ,25                ,15              ,25                 ,65                           ,C
688141     ,Information Technology,Asia / Pacific             ,0           ,0                 ,5               ,20                 ,25                           ,F
TAQA       ,Utilities             ,Africa / Middle East       ,0           ,25                ,5               ,20                 ,50                           ,D
CJLU       ,Communication Services,Asia / Pacific             ,25          ,5                 ,15              ,25                 ,70                           ,C
3260       ,Information Technology,Asia / Pacific             ,25          ,20                ,5               ,10                 ,60                           ,D
2222       ,Energy                ,Africa / Middle East       ,25          ,5                 ,5               ,25                 ,60                           ,D
GMEXICOB   ,Materials             ,Latin America and Caribbean,25          ,25                ,15              ,25                 ,90                           ,B
ADNOCGAS   ,Energy                ,Africa / Middle East       ,25          ,5                 ,15              ,25                 ,70                           ,C
1211       ,Materials             ,Africa / Middle East       ,25          ,0                 ,15              ,20                 ,60                           ,D
AMXB       ,Communication Services,Latin America and Caribbean,25          ,25                ,15              ,10                 ,75                           ,C
1180       ,Financials            ,Africa / Middle East       ,25          ,0                 ,15              ,10                 ,50                           ,D
VALE3      ,Materials             ,Latin America and Caribbean,25          ,5                 ,15              ,20                 ,65                           ,C
7010       ,Communication Services,Africa / Middle East       ,25          ,5                 ,5               ,25                 ,60                           ,D
WALMEX     ,Consumer Staples      ,Latin America and Caribbean,25          ,25                ,15              ,25                 ,90                           ,B
NPN        ,Consumer Discretionary,Africa / Middle East       ,0           ,25                ,5               ,25                 ,55                           ,D
EMIRATESNBD,Financials            ,Africa / Middle East       ,25          ,0                 ,15              ,20                 ,60                           ,D
QNBK       ,Financials            ,Africa / Middle East       ,25          ,0                 ,5               ,10                 ,40                           ,F
KFH        ,Financials            ,Africa / Middle East       ,25          ,20                ,5               ,10                 ,60                           ,D
EAND       ,Communication Services,Africa / Middle East       ,25          ,25                ,5               ,10                 ,65                           ,C
GFI        ,Materials             ,Africa / Middle East       ,0           ,25                ,15              ,20                 ,60                           ,D
2010       ,Materials             ,Africa / Middle East       ,25          ,5                 ,15              ,25                 ,70                           ,C
ABEV3      ,Consumer Staples      ,Latin America and Caribbean,25          ,15                ,5               ,25                 ,70                           ,C
DEWA       ,Utilities             ,Africa / Middle East       ,25          ,20                ,15              ,25                 ,85                           ,B
WEGE3      ,Industrials           ,Latin America and Caribbean,25          ,15                ,5               ,25                 ,70                           ,C
2082       ,Utilities             ,Africa / Middle East       ,25          ,0                 ,15              ,10                 ,50                           ,D
TUPRS      ,Energy                ,Africa / Middle East       ,25          ,20                ,5               ,25                 ,75                           ,C
FEMSAUBD   ,Consumer Staples      ,Latin America and Caribbean,25          ,5                 ,5               ,20                 ,55                           ,D
FSR        ,Financials            ,Africa / Middle East       ,0           ,0                 ,15              ,10                 ,25                           ,F
ESLT       ,Industrials           ,Africa / Middle East       ,0           ,25                ,15              ,25                 ,65                           ,C
SBK        ,Financials            ,Africa / Middle East       ,0           ,0                 ,15              ,25                 ,40                           ,F
NBK        ,Financials            ,Africa / Middle East       ,25          ,0                 ,15              ,10                 ,50                           ,D
ADCB       ,Financials            ,Africa / Middle East       ,25          ,0                 ,5               ,10                 ,40                           ,F
ASELS      ,Industrials           ,Africa / Middle East       ,25          ,25                ,15              ,25                 ,90                           ,B
ALPHADHABI ,Industrials           ,Africa / Middle East       ,0           ,25                ,5               ,25                 ,55                           ,D
ITSA4      ,Financials            ,Latin America and Caribbean,0           ,0                 ,15              ,25                 ,40                           ,F
VAL        ,Materials             ,Africa / Middle East       ,0           ,0                 ,5               ,25                 ,30                           ,F
ADNOCDRILL ,Energy                ,Africa / Middle East       ,25          ,20                ,15              ,20                 ,80                           ,B
BBAS3      ,Financials            ,Latin America and Caribbean,25          ,25                ,5               ,0                  ,55                           ,D
HALKB      ,Financials            ,Africa / Middle East       ,25          ,0                 ,15              ,0                  ,40                           ,F
4013       ,Health Care           ,Africa / Middle East       ,25          ,0                 ,15              ,10                 ,50                           ,D
ECOPETROL  ,Energy                ,Latin America and Caribbean,25          ,20                ,5               ,10                 ,60                           ,D
1010       ,Financials            ,Africa / Middle East       ,25          ,0                 ,5               ,25                 ,55                           ,D
BOROUGE    ,Materials             ,Africa / Middle East       ,25          ,15                ,15              ,20                 ,75                           ,C
PEOLES     ,Materials             ,Latin America and Caribbean,25          ,25                ,15              ,20                 ,85                           ,B
ADIB       ,Financials            ,Africa / Middle East       ,25          ,0                 ,5               ,25                 ,55                           ,D
CIBEST     ,Financials            ,Latin America and Caribbean,25          ,0                 ,5               ,20                 ,50                           ,D
IQCD       ,Industrials           ,Africa / Middle East       ,25          ,0                 ,15              ,25                 ,65                           ,C
CHILE      ,Financials            ,Latin America and Caribbean,25          ,0                 ,15              ,0                  ,40                           ,F
VIVT3      ,Communication Services,Latin America and Caribbean,25          ,25                ,15              ,25                 ,90                           ,B
ATW        ,Financials            ,Africa / Middle East       ,0           ,0                 ,15              ,20                 ,35                           ,F
MTN        ,Communication Services,Africa / Middle East       ,0           ,25                ,15              ,10                 ,50                           ,D
MZTF       ,Financials            ,Africa / Middle East       ,25          ,25                ,15              ,10                 ,75                           ,C
OUT        ,Financials            ,Africa / Middle East       ,0           ,20                ,15              ,25                 ,60                           ,D
1150       ,Financials            ,Africa / Middle East       ,25          ,0                 ,15              ,25                 ,65                           ,C
AC         ,Consumer Staples      ,Latin America and Caribbean,25          ,20                ,15              ,25                 ,85                           ,B
DIB        ,Financials            ,Africa / Middle East       ,25          ,0                 ,5               ,25                 ,55                           ,D
1060       ,Financials            ,Africa / Middle East       ,25          ,0                 ,15              ,25                 ,65                           ,C
CVERDEC1   ,Materials             ,Latin America and Caribbean,0           ,5                 ,5               ,25                 ,35                           ,F
FALABELLA  ,Consumer Discretionary,Latin America and Caribbean,25          ,25                ,15              ,20                 ,85                           ,B
CEMEXCPO   ,Materials             ,Latin America and Caribbean,0           ,25                ,5               ,20                 ,50                           ,D
SBSP3      ,Utilities             ,Latin America and Caribbean,25          ,25                ,15              ,20                 ,85                           ,B
LTM        ,Industrials           ,Latin America and Caribbean,25          ,25                ,15              ,0                  ,65                           ,C
RDOR3      ,Health Care           ,Latin America and Caribbean,25          ,0                 ,15              ,10                 ,50                           ,D
VOD        ,Communication Services,Africa / Middle East       ,0           ,25                ,15              ,20                 ,60                           ,D
5110       ,Utilities             ,Africa / Middle East       ,0           ,0                 ,5               ,20                 ,25                           ,F
7203       ,Information Technology,Africa / Middle East       ,25          ,25                ,15              ,25                 ,90                           ,B
IMP        ,Materials             ,Africa / Middle East       ,0           ,0                 ,15              ,25                 ,40                           ,F
GCARSOA1   ,Industrials           ,Latin America and Caribbean,25          ,15                ,15              ,25                 ,80                           ,B
GFINBURO   ,Financials            ,Latin America and Caribbean,25          ,0                 ,15              ,25                 ,65                           ,C
YPFD       ,Energy                ,Latin America and Caribbean,25          ,0                 ,15              ,20                 ,60                           ,D
GARAN      ,Financials            ,Africa / Middle East       ,25          ,0                 ,15              ,20                 ,60                           ,D
BCI        ,Financials            ,Latin America and Caribbean,25          ,25                ,15              ,0                  ,65                           ,C
MASQ       ,Financials            ,Africa / Middle East       ,25          ,0                 ,5               ,10                 ,40                           ,F
BIMBOA     ,Consumer Staples      ,Latin America and Caribbean,25          ,25                ,5               ,10                 ,65                           ,C
SAHOL      ,Financials            ,Africa / Middle East       ,25          ,0                 ,15              ,10                 ,50                           ,D
2020       ,Materials             ,Africa / Middle East       ,25          ,15                ,15              ,25                 ,80                           ,B
7020       ,Communication Services,Africa / Middle East       ,25          ,20                ,5               ,20                 ,70                           ,C
DSCT       ,Financials            ,Africa / Middle East       ,25          ,25                ,15              ,10                 ,75                           ,C
1030       ,Financials            ,Africa / Middle East       ,25          ,0                 ,5               ,10                 ,40                           ,F
GAPB       ,Industrials           ,Latin America and Caribbean,25          ,5                 ,15              ,10                 ,55                           ,D
ADPORTS    ,Industrials           ,Africa / Middle East       ,25          ,0                 ,15              ,20                 ,60                           ,D
ADNOCDIST  ,Consumer Discretionary,Africa / Middle East       ,25          ,15                ,15              ,0                  ,55                           ,D
B3SA3      ,Financials            ,Latin America and Caribbean,25          ,25                ,15              ,20                 ,85                           ,B
SALIK      ,Industrials           ,Africa / Middle East       ,25          ,15                ,15              ,0                  ,55                           ,D
DIRR3      ,Consumer Discretionary,Latin America and Caribbean,25          ,0                 ,15              ,20                 ,60                           ,D
HAR        ,Materials             ,Africa / Middle East       ,0           ,25                ,15              ,25                 ,65                           ,C
BBSE3      ,Financials            ,Latin America and Caribbean,25          ,0                 ,5               ,25                 ,55                           ,D
SLM        ,Financials            ,Africa / Middle East       ,0           ,15                ,15              ,25                 ,55                           ,D
EMBJ3      ,Industrials           ,Latin America and Caribbean,25          ,25                ,15              ,20                 ,85                           ,B
DU         ,Communication Services,Africa / Middle East       ,25          ,15                ,15              ,25                 ,80                           ,B
ABG        ,Financials            ,Africa / Middle East       ,0           ,0                 ,15              ,0                  ,15                           ,F
ORDS       ,Communication Services,Africa / Middle East       ,25          ,20                ,15              ,20                 ,80                           ,B
ADNOCLS    ,Energy                ,Africa / Middle East       ,25          ,0                 ,15              ,25                 ,65                           ,C
SUZB3      ,Materials             ,Latin America and Caribbean,25          ,25                ,5               ,0                  ,55                           ,D
CPFE3      ,Utilities             ,Latin America and Caribbean,25          ,25                ,15              ,10                 ,75                           ,C
1080       ,Financials            ,Africa / Middle East       ,25          ,0                 ,15              ,25                 ,65                           ,C
2280       ,Consumer Staples      ,Africa / Middle East       ,25          ,0                 ,15              ,20                 ,60                           ,D
PHOE       ,Financials            ,Africa / Middle East       ,0           ,15                ,15              ,20                 ,50                           ,D
SSW        ,Materials             ,Africa / Middle East       ,0           ,0                 ,15              ,20                 ,35                           ,F
1050       ,Financials            ,Africa / Middle East       ,25          ,0                 ,15              ,20                 ,60                           ,D
DSY        ,Financials            ,Africa / Middle East       ,0           ,25                ,15              ,25                 ,65                           ,C
ENKAI      ,Industrials           ,Africa / Middle East       ,25          ,15                ,15              ,25                 ,80                           ,B
CELSIA     ,Utilities             ,Latin America and Caribbean,25          ,5                 ,5               ,10                 ,45                           ,D
IAM        ,Communication Services,Africa / Middle East       ,25          ,5                 ,15              ,10                 ,55                           ,D
KCHOL      ,Industrials           ,Africa / Middle East       ,25          ,0                 ,15              ,10                 ,50                           ,D
COPEC      ,Consumer Discretionary,Latin America and Caribbean,25          ,0                 ,15              ,20                 ,60                           ,D
ENELAM     ,Utilities             ,Latin America and Caribbean,25          ,15                ,5               ,25                 ,70                           ,C
ASURB      ,Industrials           ,Latin America and Caribbean,25          ,5                 ,5               ,25                 ,60                           ,D
TIMS3      ,Communication Services,Latin America and Caribbean,25          ,25                ,15              ,20                 ,85                           ,B
ISCTR      ,Financials            ,Africa / Middle East       ,25          ,0                 ,5               ,0                  ,30                           ,F
GGAL       ,Financials            ,Latin America and Caribbean,25          ,0                 ,15              ,20                 ,60                           ,D
CENCOSUD   ,Consumer Staples      ,Latin America and Caribbean,25          ,25                ,15              ,10                 ,75                           ,C
SCOM       ,Communication Services,Africa / Middle East       ,0           ,5                 ,15              ,20                 ,40                           ,F
CXSE3      ,Financials            ,Latin America and Caribbean,25          ,15                ,15              ,25                 ,80                           ,B
EQTL3      ,Utilities             ,Latin America and Caribbean,25          ,25                ,5               ,10                 ,65                           ,C
THYAO      ,Industrials           ,Africa / Middle East       ,25          ,25                ,5               ,20                 ,75                           ,C
MNG        ,Materials             ,Africa / Middle East       ,0           ,0                 ,15              ,10                 ,25                           ,F
RENT3      ,Industrials           ,Latin America and Caribbean,25          ,0                 ,15              ,10                 ,50                           ,D
HARL       ,Financials            ,Africa / Middle East       ,0           ,25                ,15              ,0                  ,40                           ,F
BID        ,Consumer Staples      ,Africa / Middle East       ,0           ,20                ,15              ,20                 ,55                           ,D
GMXT       ,Industrials           ,Latin America and Caribbean,25          ,15                ,5               ,20                 ,65                           ,C
FIBI       ,Financials            ,Africa / Middle East       ,0           ,0                 ,5               ,20                 ,25                           ,F
NPH        ,Materials             ,Africa / Middle East       ,0           ,0                 ,15              ,25                 ,40                           ,F
EDN        ,Utilities             ,Latin America and Caribbean,25          ,0                 ,15              ,25                 ,65                           ,C
QUINENCO   ,Industrials           ,Latin America and Caribbean,0           ,15                ,5               ,20                 ,40                           ,F
MSA        ,Industrials           ,Africa / Middle East       ,0           ,0                 ,15              ,25                 ,40                           ,F
ISA        ,Utilities             ,Latin America and Caribbean,25          ,5                 ,15              ,10                 ,55                           ,D
FROTO      ,Consumer Discretionary,Africa / Middle East       ,25          ,25                ,15              ,10                 ,75                           ,C
RADL3      ,Consumer Staples      ,Latin America and Caribbean,25          ,25                ,15              ,10                 ,75                           ,C
4280       ,Financials            ,Africa / Middle East       ,0           ,5                 ,15              ,25                 ,45                           ,D
LIVEPOLC1  ,Consumer Discretionary,Latin America and Caribbean,25          ,15                ,15              ,25                 ,80                           ,B
OQEP       ,Energy                ,Africa / Middle East       ,25          ,15                ,15              ,25                 ,80                           ,B
PUREHEALTH ,Health Care           ,Africa / Middle East       ,25          ,25                ,15              ,20                 ,85                           ,B
ECOR3      ,Industrials           ,Latin America and Caribbean,25          ,25                ,5               ,0                  ,55                           ,D
BIMAS      ,Consumer Staples      ,Africa / Middle East       ,25          ,15                ,5               ,25                 ,70                           ,C
NED        ,Financials            ,Africa / Middle East       ,0           ,0                 ,15              ,20                 ,35                           ,F
CBD        ,Financials            ,Africa / Middle East       ,25          ,0                 ,5               ,20                 ,50                           ,D
VAKBN      ,Financials            ,Africa / Middle East       ,25          ,0                 ,15              ,0                  ,40                           ,F
MTNN       ,Communication Services,Africa / Middle East       ,0           ,0                 ,15              ,25                 ,40                           ,F
GEB        ,Utilities             ,Latin America and Caribbean,25          ,5                 ,5               ,10                 ,45                           ,D
ZAIN       ,Communication Services,Africa / Middle East       ,25          ,20                ,5               ,20                 ,70                           ,C
KIO        ,Materials             ,Africa / Middle East       ,0           ,20                ,5               ,25                 ,50                           ,D
NEOE3      ,Utilities             ,Latin America and Caribbean,25          ,25                ,15              ,10                 ,75                           ,C
OTKAR      ,Industrials           ,Africa / Middle East       ,25          ,0                 ,15              ,0                  ,40                           ,F
DANGCEM    ,Materials             ,Africa / Middle East       ,0           ,20                ,15              ,10                 ,45                           ,D
ENEV3      ,Utilities             ,Latin America and Caribbean,25          ,0                 ,15              ,10                 ,50                           ,D
QGTS       ,Energy                ,Africa / Middle East       ,25          ,5                 ,15              ,10                 ,55                           ,D
NICE       ,Information Technology,Africa / Middle East       ,25          ,0                 ,15              ,25                 ,65                           ,C
7202       ,Information Technology,Africa / Middle East       ,25          ,0                 ,15              ,25                 ,65                           ,C
NWMD       ,Energy                ,Africa / Middle East       ,25          ,15                ,15              ,20                 ,75                           ,C
CPLE3      ,Utilities             ,Latin America and Caribbean,25          ,15                ,15              ,20                 ,75                           ,C
CHDRAUIB   ,Consumer Staples      ,Latin America and Caribbean,25          ,25                ,5               ,10                 ,65                           ,C
BKMB       ,Financials            ,Africa / Middle East       ,25          ,5                 ,15              ,25                 ,70                           ,C
REM        ,Financials            ,Africa / Middle East       ,0           ,25                ,15              ,25                 ,65                           ,C
EGIE3      ,Utilities             ,Latin America and Caribbean,25          ,0                 ,15              ,0                  ,40                           ,F
4030       ,Energy                ,Africa / Middle East       ,0           ,0                 ,15              ,20                 ,35                           ,F
NXSN       ,Information Technology,Africa / Middle East       ,0           ,20                ,5               ,25                 ,50                           ,D
BEZQ       ,Communication Services,Africa / Middle East       ,25          ,25                ,15              ,0                  ,65                           ,C
KIMBERA    ,Consumer Staples      ,Latin America and Caribbean,25          ,15                ,15              ,0                  ,55                           ,D
PINFRA     ,Industrials           ,Latin America and Caribbean,25          ,25                ,15              ,25                 ,90                           ,B
VBBR3      ,Consumer Discretionary,Latin America and Caribbean,25          ,25                ,15              ,10                 ,75                           ,C
AIRARABIA  ,Industrials           ,Africa / Middle East       ,25          ,15                ,15              ,25                 ,80                           ,B
PRIO3      ,Energy                ,Latin America and Caribbean,25          ,0                 ,15              ,20                 ,60                           ,D
GRUMAB     ,Consumer Staples      ,Latin America and Caribbean,25          ,25                ,15              ,20                 ,85                           ,B
TALABAT    ,Consumer Discretionary,Africa / Middle East       ,25          ,0                 ,15              ,25                 ,65                           ,C
ENELCHILE  ,Utilities             ,Latin America and Caribbean,25          ,25                ,5               ,20                 ,75                           ,C
GENTERA    ,Financials            ,Latin America and Caribbean,25          ,0                 ,15              ,10                 ,50                           ,D
PSSA3      ,Financials            ,Latin America and Caribbean,25          ,25                ,15              ,25                 ,90                           ,B
TQM        ,Utilities             ,Africa / Middle East       ,0           ,25                ,15              ,10                 ,50                           ,D
MOTV3      ,Industrials           ,Latin America and Caribbean,25          ,25                ,15              ,0                  ,65                           ,C
BOA        ,Financials            ,Africa / Middle East       ,0           ,0                 ,15              ,0                  ,15                           ,F
FERTIGLB   ,Materials             ,Africa / Middle East       ,25          ,15                ,15              ,10                 ,65                           ,C
CMIN3      ,Materials             ,Latin America and Caribbean,25          ,5                 ,5               ,20                 ,55                           ,D
8210       ,Financials            ,Africa / Middle East       ,25          ,0                 ,15              ,25                 ,65                           ,C
MTNGH      ,Communication Services,Africa / Middle East       ,0           ,20                ,15              ,25                 ,60                           ,D
OMAB       ,Industrials           ,Latin America and Caribbean,25          ,20                ,15              ,10                 ,70                           ,C
RAIL3      ,Industrials           ,Latin America and Caribbean,25          ,0                 ,5               ,10                 ,40                           ,F
DUBK       ,Financials            ,Africa / Middle East       ,25          ,0                 ,15              ,10                 ,50                           ,D
MBRF3      ,Consumer Staples      ,Latin America and Caribbean,25          ,25                ,5               ,0                  ,55                           ,D
4142       ,Industrials           ,Africa / Middle East       ,25          ,15                ,15              ,20                 ,75                           ,C
DLEKG      ,Energy                ,Africa / Middle East       ,0           ,25                ,15              ,20                 ,60                           ,D
VISTAA     ,Energy                ,Latin America and Caribbean,25          ,0                 ,15              ,20                 ,60                           ,D
BVT        ,Industrials           ,Africa / Middle East       ,0           ,20                ,15              ,10                 ,45                           ,D
SIGMAFA    ,Consumer Staples      ,Latin America and Caribbean,25          ,25                ,15              ,10                 ,75                           ,C
2382       ,Energy                ,Africa / Middle East       ,25          ,15                ,5               ,10                 ,55                           ,D
TCELL      ,Communication Services,Africa / Middle East       ,25          ,25                ,15              ,20                 ,85                           ,B
GRUPOAVAL  ,Financials            ,Latin America and Caribbean,25          ,0                 ,5               ,0                  ,30                           ,F
8010       ,Financials            ,Africa / Middle East       ,25          ,25                ,15              ,25                 ,90                           ,B
TGSU2      ,Energy                ,Latin America and Caribbean,25          ,15                ,5               ,25                 ,70                           ,C
QIIK       ,Financials            ,Africa / Middle East       ,25          ,20                ,5               ,25                 ,75                           ,C
IFS        ,Financials            ,Latin America and Caribbean,25          ,0                 ,15              ,10                 ,50                           ,D
CBQK       ,Financials            ,Africa / Middle East       ,25          ,0                 ,5               ,0                  ,30                           ,F
LHM        ,Materials             ,Africa / Middle East       ,0           ,15                ,15              ,25                 ,55                           ,D
TTKOM      ,Communication Services,Africa / Middle East       ,25          ,0                 ,15              ,25                 ,65                           ,C
PARKIN     ,Industrials           ,Africa / Middle East       ,25          ,15                ,15              ,0                  ,55                           ,D
RAKBANK    ,Financials            ,Africa / Middle East       ,25          ,0                 ,15              ,10                 ,50                           ,D
QEWS       ,Utilities             ,Africa / Middle East       ,25          ,15                ,15              ,25                 ,80                           ,B
GBK        ,Financials            ,Africa / Middle East       ,25          ,0                 ,15              ,20                 ,60                           ,D
NMDC       ,Industrials           ,Africa / Middle East       ,0           ,15                ,15              ,25                 ,55                           ,D
ENELGXCH   ,Utilities             ,Latin America and Caribbean,0           ,25                ,5               ,25                 ,55                           ,D
TOTS3      ,Information Technology,Latin America and Caribbean,25          ,25                ,15              ,25                 ,90                           ,B
GRUPOSURA  ,Financials            ,Latin America and Caribbean,0           ,25                ,5               ,25                 ,55                           ,D
SNTS       ,Communication Services,Africa / Middle East       ,0           ,0                 ,15              ,25                 ,40                           ,F
BUACEMENT  ,Materials             ,Africa / Middle East       ,0           ,25                ,15              ,10                 ,50                           ,D
2223       ,Materials             ,Africa / Middle East       ,25          ,15                ,5               ,25                 ,70                           ,C
1111       ,Financials            ,Africa / Middle East       ,25          ,0                 ,5               ,25                 ,55                           ,D
4263       ,Industrials           ,Africa / Middle East       ,25          ,20                ,15              ,20                 ,80                           ,B
SORIANAB   ,Consumer Staples      ,Latin America and Caribbean,25          ,0                 ,15              ,25                 ,65                           ,C
WARBABANK  ,Financials            ,Africa / Middle East       ,25          ,0                 ,5               ,20                 ,50                           ,D
CUERVO     ,Consumer Staples      ,Latin America and Caribbean,25          ,25                ,15              ,25                 ,90                           ,B
EMPOWER    ,Utilities             ,Africa / Middle East       ,25          ,20                ,15              ,10                 ,70                           ,C
UGPA3      ,Consumer Discretionary,Latin America and Caribbean,25          ,25                ,5               ,20                 ,75                           ,C
DIC        ,Industrials           ,Africa / Middle East       ,0           ,5                 ,5               ,25                 ,35                           ,F
QFLS       ,Energy                ,Africa / Middle East       ,25          ,5                 ,5               ,25                 ,60                           ,D
Q          ,Financials            ,Latin America and Caribbean,25          ,25                ,15              ,25                 ,90                           ,B
ALBH       ,Materials             ,Africa / Middle East       ,25          ,25                ,15              ,25                 ,90                           ,B
4190       ,Consumer Discretionary,Africa / Middle East       ,25          ,15                ,5               ,25                 ,70                           ,C
PFDAVVNDA  ,Financials            ,Latin America and Caribbean,25          ,0                 ,15              ,0                  ,40                           ,F
VIVA3      ,Consumer Discretionary,Latin America and Caribbean,25          ,0                 ,15              ,25                 ,65                           ,C
ANTARCHILE ,Industrials           ,Latin America and Caribbean,0           ,0                 ,15              ,20                 ,35                           ,F
STRS       ,Consumer Staples      ,Africa / Middle East       ,25          ,0                 ,5               ,20                 ,50                           ,D
2290       ,Materials             ,Africa / Middle East       ,25          ,15                ,15              ,25                 ,80                           ,B
CMPC       ,Materials             ,Latin America and Caribbean,25          ,25                ,5               ,20                 ,75                           ,C
CCOLA      ,Consumer Staples      ,Africa / Middle East       ,25          ,25                ,15              ,20                 ,85                           ,B
EREGL      ,Materials             ,Africa / Middle East       ,25          ,25                ,15              ,25                 ,90                           ,B
OMU        ,Financials            ,Africa / Middle East       ,0           ,25                ,15              ,20                 ,60                           ,D
BBAR       ,Financials            ,Latin America and Caribbean,25          ,0                 ,15              ,25                 ,65                           ,C
CMOCTEZ    ,Materials             ,Latin America and Caribbean,25          ,15                ,5               ,25                 ,70                           ,C
2380       ,Energy                ,Africa / Middle East       ,0           ,0                 ,15              ,0                  ,15                           ,F
CSAN3      ,Consumer Discretionary,Latin America and Caribbean,25          ,20                ,5               ,10                 ,60                           ,D
LULU       ,Consumer Staples      ,Africa / Middle East       ,25          ,20                ,5               ,0                  ,50                           ,D
AMR        ,Consumer Discretionary,Africa / Middle East       ,25          ,25                ,15              ,10                 ,75                           ,C
1020       ,Financials            ,Africa / Middle East       ,25          ,0                 ,15              ,20                 ,60                           ,D
CEMARGOS   ,Materials             ,Latin America and Caribbean,25          ,25                ,15              ,25                 ,90                           ,B
BOGOTA     ,Financials            ,Latin America and Caribbean,0           ,0                 ,15              ,10                 ,25                           ,F
DFM        ,Financials            ,Africa / Middle East       ,0           ,25                ,15              ,25                 ,65                           ,C
ISAE4      ,Utilities             ,Latin America and Caribbean,25          ,0                 ,5               ,20                 ,50                           ,D
SAE        ,Consumer Staples      ,Africa / Middle East       ,25          ,25                ,5               ,10                 ,65                           ,C
TGC        ,Industrials           ,Africa / Middle East       ,0           ,25                ,5               ,20                 ,50                           ,D
SWDY       ,Industrials           ,Africa / Middle East       ,25          ,0                 ,5               ,10                 ,40                           ,F
4002       ,Health Care           ,Africa / Middle East       ,25          ,20                ,15              ,25                 ,85                           ,B
TBS        ,Consumer Staples      ,Africa / Middle East       ,0           ,15                ,5               ,25                 ,45                           ,D
GCC        ,Materials             ,Latin America and Caribbean,25          ,0                 ,15              ,25                 ,65                           ,C
4200       ,Consumer Discretionary,Africa / Middle East       ,25          ,25                ,15              ,0                  ,65                           ,C
AGILITY    ,Industrials           ,Africa / Middle East       ,0           ,25                ,15              ,20                 ,60                           ,D
CBK        ,Financials            ,Africa / Middle East       ,25          ,0                 ,5               ,10                 ,40                           ,F
4004       ,Health Care           ,Africa / Middle East       ,25          ,5                 ,15              ,20                 ,65                           ,C
TRALT      ,Materials             ,Africa / Middle East       ,25          ,0                 ,15              ,25                 ,65                           ,C
4164       ,Consumer Staples      ,Africa / Middle East       ,25          ,15                ,15              ,20                 ,75                           ,C
NMDCENR    ,Energy                ,Africa / Middle East       ,0           ,25                ,15              ,25                 ,65                           ,C
TOASO      ,Consumer Discretionary,Africa / Middle East       ,25          ,0                 ,15              ,20                 ,60                           ,D
1303       ,Industrials           ,Africa / Middle East       ,0           ,25                ,5               ,25                 ,55                           ,D
MTM        ,Financials            ,Africa / Middle East       ,0           ,25                ,15              ,25                 ,65                           ,C
WHL        ,Consumer Discretionary,Africa / Middle East       ,0           ,5                 ,15              ,10                 ,30                           ,F
APN        ,Health Care           ,Africa / Middle East       ,0           ,20                ,5               ,25                 ,50                           ,D
NBB        ,Financials            ,Africa / Middle East       ,0           ,0                 ,15              ,20                 ,35                           ,F
BBAJIOO    ,Financials            ,Latin America and Caribbean,25          ,0                 ,15              ,10                 ,50                           ,D
COLBUN     ,Utilities             ,Latin America and Caribbean,25          ,25                ,15              ,20                 ,85                           ,B
VFQS       ,Communication Services,Africa / Middle East       ,25          ,20                ,15              ,25                 ,85                           ,B
2310       ,Materials             ,Africa / Middle East       ,25          ,5                 ,5               ,25                 ,60                           ,D
GRUPOARGOS ,Materials             ,Latin America and Caribbean,0           ,5                 ,5               ,25                 ,35                           ,F
SISE       ,Industrials           ,Africa / Middle East       ,25          ,25                ,15              ,20                 ,85                           ,B
BKSB       ,Financials            ,Africa / Middle East       ,0           ,0                 ,15              ,20                 ,35                           ,F
SIB        ,Financials            ,Africa / Middle East       ,0           ,0                 ,5               ,10                 ,15                           ,F
INRETC1    ,Consumer Staples      ,Latin America and Caribbean,25          ,25                ,15              ,10                 ,75                           ,C
HYPE3      ,Health Care           ,Latin America and Caribbean,25          ,25                ,5               ,20                 ,75                           ,C
VAPORES    ,Industrials           ,Latin America and Caribbean,25          ,5                 ,15              ,25                 ,70                           ,C
CEPU       ,Utilities             ,Latin America and Caribbean,25          ,0                 ,15              ,25                 ,65                           ,C
EXX        ,Energy                ,Africa / Middle East       ,0           ,25                ,15              ,25                 ,65                           ,C
MRP        ,Consumer Discretionary,Africa / Middle East       ,0           ,25                ,15              ,20                 ,60                           ,D
OYAKC      ,Materials             ,Africa / Middle East       ,25          ,0                 ,15              ,25                 ,65                           ,C
TURSG      ,Financials            ,Africa / Middle East       ,25          ,25                ,5               ,25                 ,80                           ,B
BURG       ,Financials            ,Africa / Middle East       ,25          ,0                 ,5               ,10                 ,40                           ,F
TAVHL      ,Industrials           ,Africa / Middle East       ,0           ,0                 ,15              ,10                 ,25                           ,F
SMFT3      ,Consumer Discretionary,Latin America and Caribbean,25          ,0                 ,15              ,0                  ,40                           ,F
RA         ,Financials            ,Latin America and Caribbean,25          ,0                 ,15              ,10                 ,50                           ,D
4015       ,Health Care           ,Africa / Middle East       ,25          ,15                ,15              ,25                 ,80                           ,B
BPAN4      ,Financials            ,Latin America and Caribbean,25          ,0                 ,15              ,0                  ,40                           ,F
4210       ,Communication Services,Africa / Middle East       ,25          ,0                 ,15              ,25                 ,65                           ,C
MEGACPO    ,Communication Services,Latin America and Caribbean,25          ,25                ,15              ,20                 ,85                           ,B
ENJSA      ,Utilities             ,Africa / Middle East       ,25          ,25                ,15              ,20                 ,85                           ,B
ASCO       ,Energy                ,Africa / Middle East       ,25          ,0                 ,5               ,10                 ,40                           ,F
SITES1A1   ,Communication Services,Latin America and Caribbean,25          ,25                ,15              ,20                 ,85                           ,B
7030       ,Communication Services,Africa / Middle East       ,25          ,25                ,15              ,20                 ,85                           ,B
BBK        ,Financials            ,Africa / Middle East       ,25          ,0                 ,15              ,10                 ,50                           ,D
ABK        ,Financials            ,Africa / Middle East       ,25          ,0                 ,5               ,0                  ,30                           ,F
AGUASA     ,Utilities             ,Latin America and Caribbean,25          ,20                ,15              ,10                 ,70                           ,C
CCU        ,Consumer Staples      ,Latin America and Caribbean,25          ,15                ,15              ,20                 ,75                           ,C
MCBGN0000  ,Financials            ,Africa / Middle East       ,0           ,15                ,15              ,10                 ,40                           ,F
CSR        ,Consumer Staples      ,Africa / Middle East       ,0           ,0                 ,5               ,25                 ,30                           ,F
TABREED    ,Utilities             ,Africa / Middle East       ,25          ,25                ,5               ,20                 ,75                           ,C
ARI        ,Materials             ,Africa / Middle East       ,0           ,5                 ,5               ,25                 ,35                           ,F
BOURSA     ,Financials            ,Africa / Middle East       ,25          ,20                ,15              ,25                 ,85                           ,B
ALSEA      ,Consumer Discretionary,Latin America and Caribbean,25          ,0                 ,15              ,0                  ,40                           ,F
2083       ,Utilities             ,Africa / Middle East       ,0           ,0                 ,15              ,0                  ,15                           ,F
OOREDOO    ,Communication Services,Africa / Middle East       ,25          ,25                ,15              ,25                 ,90                           ,B
LACOMERUBC ,Consumer Staples      ,Latin America and Caribbean,25          ,15                ,15              ,25                 ,80                           ,B
ARADEL     ,Energy                ,Africa / Middle East       ,0           ,5                 ,5               ,25                 ,35                           ,F
2381       ,Energy                ,Africa / Middle East       ,25          ,25                ,5               ,20                 ,75                           ,C
MGROS      ,Consumer Staples      ,Africa / Middle East       ,25          ,25                ,15              ,25                 ,90                           ,B
ETEL       ,Communication Services,Africa / Middle East       ,25          ,20                ,15              ,10                 ,70                           ,C
LREN3      ,Consumer Discretionary,Latin America and Caribbean,25          ,25                ,15              ,25                 ,90                           ,B
GGPS3      ,Industrials           ,Latin America and Caribbean,25          ,25                ,15              ,10                 ,75                           ,C
ABOB       ,Financials            ,Africa / Middle East       ,25          ,0                 ,5               ,25                 ,55                           ,D
PTNR       ,Communication Services,Africa / Middle East       ,25          ,25                ,5               ,20                 ,75                           ,C
EAST       ,Consumer Staples      ,Africa / Middle East       ,0           ,0                 ,15              ,20                 ,35                           ,F
AURE3      ,Utilities             ,Latin America and Caribbean,25          ,20                ,5               ,10                 ,60                           ,D
EGAL       ,Materials             ,Africa / Middle East       ,0           ,5                 ,5               ,25                 ,35                           ,F
GOAU4      ,Materials             ,Latin America and Caribbean,0           ,0                 ,5               ,25                 ,30                           ,F
STC        ,Communication Services,Africa / Middle East       ,25          ,20                ,15              ,25                 ,85                           ,B
AEFES      ,Consumer Staples      ,Africa / Middle East       ,25          ,25                ,15              ,25                 ,90                           ,B
OQGN       ,Energy                ,Africa / Middle East       ,25          ,25                ,15              ,20                 ,85                           ,B
GTCO       ,Financials            ,Africa / Middle East       ,25          ,5                 ,15              ,25                 ,70                           ,C
BRAV3      ,Energy                ,Latin America and Caribbean,25          ,0                 ,15              ,0                  ,40                           ,F
CSNA3      ,Materials             ,Latin America and Caribbean,25          ,0                 ,5               ,0                  ,30                           ,F
ONE        ,Information Technology,Africa / Middle East       ,0           ,25                ,5               ,25                 ,55                           ,D
AVI        ,Consumer Staples      ,Africa / Middle East       ,0           ,15                ,15              ,25                 ,55                           ,D
2250       ,Materials             ,Africa / Middle East       ,25          ,25                ,15              ,25                 ,90                           ,B
OTEL       ,Communication Services,Africa / Middle East       ,25          ,25                ,15              ,10                 ,75                           ,C
CEL        ,Communication Services,Africa / Middle East       ,0           ,0                 ,15              ,10                 ,25                           ,F
ILC        ,Financials            ,Latin America and Caribbean,0           ,20                ,5               ,0                  ,25                           ,F
4017       ,Health Care           ,Africa / Middle East       ,25          ,0                 ,5               ,25                 ,55                           ,D
ALANSARI   ,Financials            ,Africa / Middle East       ,0           ,25                ,5               ,25                 ,55                           ,D
2270       ,Consumer Staples      ,Africa / Middle East       ,25          ,5                 ,5               ,25                 ,60                           ,D
QNBE       ,Financials            ,Africa / Middle East       ,25          ,0                 ,5               ,25                 ,55                           ,D
HLAN       ,Industrials           ,Africa / Middle East       ,0           ,25                ,5               ,25                 ,55                           ,D
AKT        ,Health Care           ,Africa / Middle East       ,0           ,0                 ,15              ,20                 ,35                           ,F
2330       ,Materials             ,Africa / Middle East       ,25          ,0                 ,15              ,0                  ,40                           ,F
ALUP11     ,Utilities             ,Latin America and Caribbean,25          ,20                ,5               ,10                 ,60                           ,D
4018       ,Health Care           ,Africa / Middle East       ,0           ,0                 ,5               ,10                 ,15                           ,F
LAMOSA     ,Industrials           ,Latin America and Caribbean,0           ,25                ,5               ,20                 ,50                           ,D
MTNU       ,Communication Services,Africa / Middle East       ,0           ,20                ,15              ,10                 ,45                           ,D
BOX        ,Consumer Staples      ,Africa / Middle East       ,0           ,0                 ,5               ,0                  ,5                            ,F
AKSEN      ,Utilities             ,Africa / Middle East       ,25          ,0                 ,15              ,20                 ,60                           ,D
ALICORC1   ,Consumer Staples      ,Latin America and Caribbean,25          ,25                ,15              ,0                  ,65                           ,C
WAA        ,Financials            ,Africa / Middle East       ,0           ,25                ,15              ,25                 ,65                           ,C
NATU3      ,Consumer Staples      ,Latin America and Caribbean,25          ,0                 ,15              ,25                 ,65                           ,C
ASAI3      ,Consumer Staples      ,Latin America and Caribbean,25          ,25                ,15              ,0                  ,65                           ,C
QATI       ,Financials            ,Africa / Middle East       ,0           ,0                 ,15              ,25                 ,40                           ,F
DCP        ,Consumer Staples      ,Africa / Middle East       ,0           ,15                ,15              ,10                 ,40                           ,F
CORFICOLCF ,Financials            ,Latin America and Caribbean,0           ,0                 ,5               ,10                 ,15                           ,F
BURJEEL    ,Health Care           ,Africa / Middle East       ,0           ,0                 ,15              ,10                 ,25                           ,F
GMAT3      ,Consumer Staples      ,Latin America and Caribbean,25          ,25                ,15              ,25                 ,90                           ,B
2350       ,Materials             ,Africa / Middle East       ,25          ,0                 ,15              ,20                 ,60                           ,D
BYMA       ,Financials            ,Latin America and Caribbean,0           ,15                ,5               ,25                 ,45                           ,D
4031       ,Industrials           ,Africa / Middle East       ,25          ,25                ,15              ,25                 ,90                           ,B
TKG        ,Communication Services,Africa / Middle East       ,0           ,25                ,5               ,20                 ,50                           ,D
INTBREW    ,Consumer Staples      ,Africa / Middle East       ,25          ,0                 ,15              ,25                 ,65                           ,C
CURY3      ,Consumer Discretionary,Latin America and Caribbean,25          ,15                ,15              ,20                 ,75                           ,C
6004       ,Industrials           ,Africa / Middle East       ,25          ,0                 ,15              ,25                 ,65                           ,C
MFPC       ,Materials             ,Africa / Middle East       ,0           ,5                 ,5               ,25                 ,35                           ,F
4003       ,Consumer Discretionary,Africa / Middle East       ,25          ,0                 ,5               ,20                 ,50                           ,D
DTC        ,Industrials           ,Africa / Middle East       ,25          ,15                ,15              ,0                  ,55                           ,D
TMA        ,Consumer Discretionary,Africa / Middle East       ,0           ,15                ,15              ,25                 ,55                           ,D
DANA       ,Energy                ,Africa / Middle East       ,25          ,5                 ,15              ,25                 ,70                           ,C
MPARK      ,Health Care           ,Africa / Middle East       ,25          ,0                 ,15              ,25                 ,65                           ,C
CYRE3      ,Consumer Discretionary,Latin America and Caribbean,25          ,0                 ,15              ,20                 ,60                           ,D
OQBI       ,Materials             ,Africa / Middle East       ,25          ,25                ,15              ,10                 ,75                           ,C
ORBIA      ,Materials             ,Latin America and Caribbean,25          ,25                ,5               ,10                 ,65                           ,C
2050       ,Consumer Staples      ,Africa / Middle East       ,25          ,25                ,15              ,10                 ,75                           ,C
AGHOL      ,Industrials           ,Africa / Middle East       ,25          ,25                ,15              ,25                 ,90                           ,B
NB         ,Consumer Staples      ,Africa / Middle East       ,0           ,25                ,15              ,25                 ,65                           ,C
4005       ,Health Care           ,Africa / Middle East       ,25          ,25                ,15              ,25                 ,90                           ,B
SALAM      ,Financials            ,Africa / Middle East       ,25          ,0                 ,15              ,10                 ,50                           ,D
NBOB       ,Financials            ,Africa / Middle East       ,25          ,0                 ,5               ,25                 ,55                           ,D
ENTEL      ,Communication Services,Latin America and Caribbean,25          ,25                ,15              ,10                 ,75                           ,C
4071       ,Communication Services,Africa / Middle East       ,0           ,0                 ,15              ,0                  ,15                           ,F
KCB        ,Financials            ,Africa / Middle East       ,0           ,0                 ,15              ,25                 ,40                           ,F
TFG        ,Consumer Discretionary,Africa / Middle East       ,0           ,25                ,5               ,20                 ,50                           ,D
EABL       ,Consumer Staples      ,Africa / Middle East       ,0           ,25                ,15              ,10                 ,50                           ,D
YHNF       ,Consumer Staples      ,Africa / Middle East       ,0           ,25                ,5               ,10                 ,40                           ,F
4084       ,Financials            ,Africa / Middle East       ,0           ,15                ,15              ,25                 ,55                           ,D
ECL        ,Utilities             ,Latin America and Caribbean,25          ,20                ,15              ,10                 ,70                           ,C
SLCE3      ,Consumer Staples      ,Latin America and Caribbean,0           ,25                ,15              ,0                  ,40                           ,F
TLEVISACPO ,Communication Services,Latin America and Caribbean,25          ,25                ,5               ,20                 ,75                           ,C
2060       ,Materials             ,Africa / Middle East       ,25          ,0                 ,15              ,20                 ,60                           ,D
CIH        ,Financials            ,Africa / Middle East       ,0           ,0                 ,15              ,0                  ,15                           ,F
RMLI       ,Consumer Staples      ,Africa / Middle East       ,25          ,20                ,5               ,0                  ,50                           ,D
EXITO      ,Consumer Staples      ,Latin America and Caribbean,25          ,25                ,15              ,20                 ,85                           ,B
4291       ,Consumer Discretionary,Africa / Middle East       ,25          ,5                 ,15              ,20                 ,65                           ,C
GAZ        ,Energy                ,Africa / Middle East       ,0           ,5                 ,5               ,20                 ,30                           ,F
TTEN3      ,Consumer Staples      ,Latin America and Caribbean,25          ,0                 ,15              ,20                 ,60                           ,D
WAPCO      ,Materials             ,Africa / Middle East       ,0           ,25                ,15              ,25                 ,65                           ,C
FLRY3      ,Health Care           ,Latin America and Caribbean,25          ,25                ,15              ,10                 ,75                           ,C
ARCLK      ,Consumer Discretionary,Africa / Middle East       ,25          ,0                 ,15              ,10                 ,50                           ,D
PMR        ,Consumer Staples      ,Africa / Middle East       ,0           ,25                ,15              ,20                 ,60                           ,D
HERDEZ     ,Consumer Staples      ,Latin America and Caribbean,25          ,25                ,5               ,20                 ,75                           ,C
SPINNEYS   ,Consumer Staples      ,Africa / Middle East       ,25          ,25                ,15              ,0                  ,65                           ,C
MDIA3      ,Consumer Staples      ,Latin America and Caribbean,25          ,25                ,15              ,25                 ,90                           ,B
FCFE18     ,Utilities             ,Latin America and Caribbean,0           ,0                 ,5               ,25                 ,30                           ,F
6010       ,Consumer Staples      ,Africa / Middle East       ,25          ,25                ,15              ,25                 ,90                           ,B
KIB        ,Financials            ,Africa / Middle East       ,25          ,0                 ,5               ,10                 ,40                           ,F
LBV        ,Consumer Staples      ,Africa / Middle East       ,0           ,0                 ,15              ,10                 ,25                           ,F
AHCS       ,Industrials           ,Africa / Middle East       ,0           ,0                 ,15              ,25                 ,40                           ,F
ALCN       ,Industrials           ,Africa / Middle East       ,25          ,5                 ,15              ,25                 ,70                           ,C
KUOB       ,Industrials           ,Latin America and Caribbean,25          ,20                ,5               ,20                 ,70                           ,C
4001       ,Consumer Staples      ,Africa / Middle East       ,25          ,20                ,15              ,10                 ,70                           ,C
ISMEN      ,Financials            ,Africa / Middle East       ,0           ,20                ,5               ,25                 ,50                           ,D
FIRSTHOLDCO,Financials            ,Africa / Middle East       ,0           ,25                ,5               ,20                 ,50                           ,D
3030       ,Materials             ,Africa / Middle East       ,25          ,15                ,5               ,25                 ,70                           ,C
MTH        ,Consumer Discretionary,Africa / Middle East       ,0           ,25                ,15              ,10                 ,50                           ,D
GISS       ,Energy                ,Africa / Middle East       ,25          ,20                ,15              ,10                 ,70                           ,C
TABGD      ,Consumer Discretionary,Africa / Middle East       ,25          ,25                ,15              ,25                 ,90                           ,B
EFIH       ,Financials            ,Africa / Middle East       ,0           ,15                ,15              ,25                 ,55                           ,D
UBA        ,Financials            ,Africa / Middle East       ,0           ,25                ,15              ,25                 ,65                           ,C
ALG        ,Consumer Discretionary,Africa / Middle East       ,0           ,15                ,5               ,20                 ,40                           ,F
ABUK       ,Materials             ,Africa / Middle East       ,25          ,0                 ,5               ,25                 ,55                           ,D
GENIL      ,Health Care           ,Africa / Middle East       ,0           ,25                ,5               ,25                 ,55                           ,D
MEZZAN     ,Consumer Staples      ,Africa / Middle East       ,25          ,20                ,15              ,20                 ,80                           ,B
TRU        ,Consumer Discretionary,Africa / Middle East       ,0           ,25                ,15              ,20                 ,60                           ,D
MGLU3      ,Consumer Discretionary,Latin America and Caribbean,25          ,25                ,5               ,20                 ,75                           ,C
4260       ,Industrials           ,Africa / Middle East       ,25          ,15                ,15              ,20                 ,75                           ,C
CAP        ,Materials             ,Latin America and Caribbean,25          ,0                 ,15              ,20                 ,60                           ,D
BKDB       ,Financials            ,Africa / Middle East       ,25          ,0                 ,15              ,20                 ,60                           ,D
ADH        ,Consumer Discretionary,Africa / Middle East       ,0           ,20                ,15              ,20                 ,55                           ,D
3020       ,Materials             ,Africa / Middle East       ,25          ,0                 ,5               ,25                 ,55                           ,D
ORVR3      ,Industrials           ,Latin America and Caribbean,25          ,0                 ,15              ,0                  ,40                           ,F
FRAS3      ,Consumer Discretionary,Latin America and Caribbean,25          ,25                ,5               ,20                 ,75                           ,C
3040       ,Materials             ,Africa / Middle East       ,25          ,5                 ,5               ,25                 ,60                           ,D
TTRAK      ,Industrials           ,Africa / Middle East       ,25          ,0                 ,5               ,20                 ,50                           ,D
MAXO       ,Consumer Discretionary,Africa / Middle East       ,25          ,25                ,5               ,0                  ,55                           ,D
WBC        ,Consumer Discretionary,Africa / Middle East       ,0           ,0                 ,15              ,20                 ,35                           ,F
4019       ,Health Care           ,Africa / Middle East       ,0           ,25                ,5               ,10                 ,40                           ,F
2081       ,Utilities             ,Africa / Middle East       ,25          ,0                 ,15              ,20                 ,60                           ,D
COGN3      ,Consumer Discretionary,Latin America and Caribbean,25          ,25                ,15              ,20                 ,85                           ,B
SFBT       ,Consumer Staples      ,Africa / Middle East       ,0           ,20                ,15              ,25                 ,60                           ,D
4007       ,Health Care           ,Africa / Middle East       ,25          ,0                 ,5               ,25                 ,55                           ,D
PGH        ,Industrials           ,Africa / Middle East       ,0           ,25                ,15              ,10                 ,50                           ,D
ODPV3      ,Health Care           ,Latin America and Caribbean,25          ,15                ,15              ,25                 ,80                           ,B
JAZEERA    ,Industrials           ,Africa / Middle East       ,25          ,0                 ,15              ,0                  ,40                           ,F
BOLSAA     ,Financials            ,Latin America and Caribbean,25          ,20                ,15              ,25                 ,85                           ,B
NTC        ,Health Care           ,Africa / Middle East       ,0           ,20                ,15              ,10                 ,45                           ,D
IAM        ,Utilities             ,Latin America and Caribbean,25          ,20                ,5               ,20                 ,70                           ,C
HUMANSOFT  ,Consumer Discretionary,Africa / Middle East       ,25          ,5                 ,5               ,25                 ,60                           ,D
CAPL       ,Financials            ,Africa / Middle East       ,25          ,0                 ,5               ,20                 ,50                           ,D
4163       ,Consumer Staples      ,Africa / Middle East       ,25          ,25                ,15              ,10                 ,75                           ,C
DTC        ,Information Technology,Africa / Middle East       ,0           ,25                ,15              ,10                 ,50                           ,D
ALPEKA     ,Materials             ,Latin America and Caribbean,25          ,0                 ,15              ,10                 ,50                           ,D
SELEC      ,Health Care           ,Africa / Middle East       ,25          ,0                 ,5               ,25                 ,55                           ,D
FERREYC1   ,Industrials           ,Latin America and Caribbean,25          ,15                ,15              ,20                 ,75                           ,C
1321       ,Materials             ,Africa / Middle East       ,0           ,25                ,15              ,25                 ,65                           ,C
SPP        ,Consumer Staples      ,Africa / Middle East       ,0           ,0                 ,15              ,0                  ,15                           ,F
STANBIC    ,Financials            ,Africa / Middle East       ,0           ,0                 ,15              ,20                 ,35                           ,F
ADNIC      ,Financials            ,Africa / Middle East       ,0           ,0                 ,15              ,25                 ,40                           ,F
NCBA       ,Financials            ,Africa / Middle East       ,0           ,0                 ,15              ,25                 ,40                           ,F
FWRY       ,Financials            ,Africa / Middle East       ,0           ,25                ,5               ,25                 ,55                           ,D
PIK        ,Consumer Staples      ,Africa / Middle East       ,0           ,0                 ,15              ,10                 ,25                           ,F
DOHOL      ,Consumer Discretionary,Africa / Middle East       ,25          ,25                ,15              ,25                 ,90                           ,B
NESTLE     ,Consumer Staples      ,Africa / Middle East       ,0           ,0                 ,15              ,25                 ,40                           ,F
COOP       ,Financials            ,Africa / Middle East       ,0           ,0                 ,15              ,25                 ,40                           ,F
ANSGR      ,Financials            ,Africa / Middle East       ,25          ,0                 ,5               ,25                 ,55                           ,D
ABSA       ,Financials            ,Africa / Middle East       ,0           ,0                 ,15              ,25                 ,40                           ,F
LES        ,Consumer Staples      ,Africa / Middle East       ,0           ,25                ,15              ,25                 ,65                           ,C
ALARK      ,Industrials           ,Africa / Middle East       ,25          ,0                 ,5               ,25                 ,55                           ,D
AYGAZ      ,Utilities             ,Africa / Middle East       ,25          ,0                 ,15              ,25                 ,65                           ,C
4083       ,Financials            ,Africa / Middle East       ,0           ,0                 ,15              ,10                 ,25                           ,F
2320       ,Industrials           ,Africa / Middle East       ,0           ,25                ,5               ,10                 ,40                           ,F
UAB        ,Financials            ,Africa / Middle East       ,25          ,0                 ,15              ,20                 ,60                           ,D
BPCC       ,Materials             ,Africa / Middle East       ,25          ,20                ,15              ,20                 ,80                           ,B
SMU        ,Consumer Staples      ,Latin America and Caribbean,25          ,25                ,5               ,10                 ,65                           ,C
4050       ,Consumer Discretionary,Africa / Middle East       ,25          ,25                ,15              ,0                  ,65                           ,C
PRESCO     ,Consumer Staples      ,Africa / Middle East       ,25          ,25                ,15              ,25                 ,90                           ,B
CIMSA      ,Materials             ,Africa / Middle East       ,25          ,0                 ,15              ,20                 ,60                           ,D
SID        ,Materials             ,Africa / Middle East       ,0           ,0                 ,15              ,25                 ,40                           ,F
DOAS       ,Consumer Discretionary,Africa / Middle East       ,25          ,0                 ,15              ,25                 ,65                           ,C
VULC3      ,Consumer Discretionary,Latin America and Caribbean,25          ,0                 ,5               ,25                 ,55                           ,D
ORL        ,Energy                ,Africa / Middle East       ,0           ,25                ,5               ,20                 ,50                           ,D
BRST3      ,Communication Services,Latin America and Caribbean,25          ,0                 ,5               ,10                 ,40                           ,F
LHC        ,Health Care           ,Africa / Middle East       ,0           ,5                 ,5               ,25                 ,35                           ,F
MLTM       ,Information Technology,Africa / Middle East       ,0           ,0                 ,15              ,10                 ,25                           ,F
HDBK       ,Financials            ,Africa / Middle East       ,25          ,5                 ,15              ,25                 ,70                           ,C
PALTEL     ,Communication Services,Africa / Middle East       ,0           ,20                ,15              ,25                 ,60                           ,D
PETKM      ,Materials             ,Africa / Middle East       ,25          ,0                 ,15              ,20                 ,60                           ,D
AJMANBANK  ,Financials            ,Africa / Middle East       ,25          ,0                 ,5               ,25                 ,55                           ,D
ATL        ,Financials            ,Africa / Middle East       ,0           ,25                ,15              ,25                 ,65                           ,C
ULKER      ,Consumer Staples      ,Africa / Middle East       ,25          ,0                 ,5               ,10                 ,40                           ,F
SAH        ,Financials            ,Africa / Middle East       ,0           ,25                ,15              ,25                 ,65                           ,C
LABB       ,Health Care           ,Latin America and Caribbean,25          ,25                ,15              ,20                 ,85                           ,B
ANHYT      ,Financials            ,Africa / Middle East       ,25          ,25                ,5               ,25                 ,80                           ,B
BEEF3      ,Consumer Staples      ,Latin America and Caribbean,25          ,0                 ,15              ,0                  ,40                           ,F
HBSA3      ,Industrials           ,Latin America and Caribbean,25          ,0                 ,15              ,0                  ,40                           ,F
DANGSUGAR  ,Consumer Staples      ,Africa / Middle East       ,0           ,0                 ,15              ,0                  ,15                           ,F
AZZA3      ,Consumer Discretionary,Latin America and Caribbean,25          ,0                 ,15              ,25                 ,65                           ,C
DRIVE      ,Consumer Discretionary,Africa / Middle East       ,25          ,20                ,15              ,25                 ,85                           ,B
BCI        ,Financials            ,Africa / Middle East       ,0           ,0                 ,15              ,10                 ,25                           ,F
OAB        ,Financials            ,Africa / Middle East       ,25          ,0                 ,5               ,25                 ,55                           ,D
AKSA       ,Consumer Discretionary,Africa / Middle East       ,0           ,15                ,15              ,25                 ,55                           ,D
ACCESSCORP ,Financials            ,Africa / Middle East       ,0           ,0                 ,15              ,20                 ,35                           ,F
CPACASC1   ,Materials             ,Latin America and Caribbean,25          ,20                ,5               ,10                 ,60                           ,D
WAHA       ,Financials            ,Africa / Middle East       ,0           ,0                 ,5               ,20                 ,25                           ,F
RIPLEY     ,Consumer Discretionary,Latin America and Caribbean,25          ,25                ,15              ,0                  ,65                           ,C
CBAV3      ,Materials             ,Latin America and Caribbean,25          ,0                 ,5               ,10                 ,40                           ,F
SAP        ,Materials             ,Africa / Middle East       ,25          ,0                 ,5               ,20                 ,50                           ,D
4165       ,Consumer Staples      ,Africa / Middle East       ,0           ,25                ,15              ,25                 ,65                           ,C
DASA3      ,Health Care           ,Latin America and Caribbean,25          ,0                 ,15              ,10                 ,50                           ,D
ARMX       ,Industrials           ,Africa / Middle East       ,25          ,0                 ,15              ,20                 ,60                           ,D
SMTO3      ,Consumer Staples      ,Latin America and Caribbean,25          ,0                 ,15              ,10                 ,50                           ,D
IMH        ,Financials            ,Africa / Middle East       ,0           ,0                 ,15              ,25                 ,40                           ,F
DXCO3      ,Materials             ,Latin America and Caribbean,25          ,0                 ,5               ,10                 ,40                           ,F
SCBK       ,Financials            ,Africa / Middle East       ,0           ,0                 ,15              ,25                 ,40                           ,F
AGESA      ,Financials            ,Africa / Middle East       ,25          ,25                ,15              ,25                 ,90                           ,B
INVEXA     ,Financials            ,Latin America and Caribbean,25          ,0                 ,5               ,0                  ,30                           ,F
AMANAT     ,Financials            ,Africa / Middle East       ,0           ,5                 ,15              ,25                 ,45                           ,D
SSU        ,Consumer Discretionary,Africa / Middle East       ,0           ,25                ,15              ,25                 ,65                           ,C
MRVE3      ,Consumer Discretionary,Latin America and Caribbean,25          ,0                 ,15              ,10                 ,50                           ,D
CONCHATORO ,Consumer Staples      ,Latin America and Caribbean,25          ,20                ,15              ,20                 ,80                           ,B
TSKB       ,Financials            ,Africa / Middle East       ,0           ,25                ,15              ,0                  ,40                           ,F
LEVE3      ,Consumer Discretionary,Latin America and Caribbean,25          ,20                ,15              ,10                 ,70                           ,C
ICAP       ,Financials            ,Africa / Middle East       ,25          ,5                 ,15              ,25                 ,70                           ,C
AGTHIA     ,Consumer Staples      ,Africa / Middle East       ,25          ,0                 ,15              ,20                 ,60                           ,D
SIMH3      ,Industrials           ,Latin America and Caribbean,25          ,25                ,5               ,0                  ,55                           ,D
EFID       ,Consumer Staples      ,Africa / Middle East       ,0           ,25                ,15              ,20                 ,60                           ,D
JOPT       ,Energy                ,Africa / Middle East       ,0           ,20                ,15              ,10                 ,45                           ,D
VLMR       ,Financials            ,Africa / Middle East       ,25          ,5                 ,5               ,10                 ,45                           ,D
4162       ,Consumer Staples      ,Africa / Middle East       ,25          ,0                 ,15              ,25                 ,65                           ,C
HRHO       ,Financials            ,Africa / Middle East       ,0           ,0                 ,15              ,20                 ,35                           ,F
2070       ,Health Care           ,Africa / Middle East       ,25          ,25                ,5               ,20                 ,75                           ,C
IRBR3      ,Financials            ,Latin America and Caribbean,25          ,0                 ,15              ,25                 ,65                           ,C
PGMN3      ,Consumer Staples      ,Latin America and Caribbean,25          ,0                 ,5               ,10                 ,40                           ,F
4262       ,Industrials           ,Africa / Middle East       ,25          ,0                 ,15              ,10                 ,50                           ,D
3050       ,Materials             ,Africa / Middle East       ,25          ,0                 ,5               ,25                 ,55                           ,D
4009       ,Health Care           ,Africa / Middle East       ,25          ,25                ,15              ,10                 ,75                           ,C
GUAR3      ,Consumer Discretionary,Latin America and Caribbean,25          ,25                ,15              ,20                 ,85                           ,B
BLDN       ,Consumer Staples      ,Africa / Middle East       ,25          ,25                ,5               ,20                 ,75                           ,C
MAVI       ,Consumer Discretionary,Africa / Middle East       ,25          ,25                ,15              ,25                 ,90                           ,B
ENGIEC1    ,Utilities             ,Latin America and Caribbean,0           ,5                 ,5               ,25                 ,35                           ,F
ADIB       ,Financials            ,Africa / Middle East       ,25          ,0                 ,5               ,25                 ,55                           ,D
1831       ,Industrials           ,Africa / Middle East       ,25          ,5                 ,15              ,10                 ,55                           ,D
TGA        ,Energy                ,Africa / Middle East       ,0           ,15                ,5               ,25                 ,45                           ,D
EGH        ,Financials            ,Africa / Middle East       ,0           ,0                 ,5               ,25                 ,30                           ,F
ETI        ,Financials            ,Africa / Middle East       ,0           ,0                 ,5               ,10                 ,15                           ,F
OMN        ,Materials             ,Africa / Middle East       ,0           ,25                ,5               ,25                 ,55                           ,D
6017       ,Consumer Discretionary,Africa / Middle East       ,25          ,0                 ,15              ,25                 ,65                           ,C
3092       ,Materials             ,Africa / Middle East       ,0           ,5                 ,15              ,25                 ,45                           ,D
CMG        ,Industrials           ,Africa / Middle East       ,0           ,0                 ,15              ,25                 ,40                           ,F
OKOMUOIL   ,Consumer Staples      ,Africa / Middle East       ,25          ,15                ,15              ,25                 ,80                           ,B
BTFH       ,Financials            ,Africa / Middle East       ,0           ,0                 ,5               ,10                 ,15                           ,F
2283       ,Consumer Staples      ,Africa / Middle East       ,25          ,20                ,15              ,10                 ,70                           ,C
EZTC3      ,Consumer Discretionary,Latin America and Caribbean,25          ,5                 ,5               ,25                 ,60                           ,D
JSE        ,Financials            ,Africa / Middle East       ,0           ,20                ,15              ,25                 ,60                           ,D
SBM        ,Consumer Staples      ,Africa / Middle East       ,0           ,0                 ,15              ,25                 ,40                           ,F
INTB3      ,Information Technology,Latin America and Caribbean,25          ,20                ,5               ,25                 ,75                           ,C
ABRJ       ,Energy                ,Africa / Middle East       ,25          ,0                 ,5               ,20                 ,50                           ,D
2040       ,Industrials           ,Africa / Middle East       ,25          ,5                 ,5               ,20                 ,55                           ,D
AKCNS      ,Materials             ,Africa / Middle East       ,25          ,5                 ,15              ,25                 ,70                           ,C
FIDELITYBK ,Financials            ,Africa / Middle East       ,0           ,0                 ,15              ,10                 ,25                           ,F
SOKM       ,Consumer Staples      ,Africa / Middle East       ,25          ,25                ,5               ,25                 ,80                           ,B
GND        ,Industrials           ,Africa / Middle East       ,0           ,20                ,15              ,25                 ,60                           ,D
KRDMD      ,Materials             ,Africa / Middle East       ,25          ,0                 ,15              ,25                 ,65                           ,C
RAKCEC     ,Industrials           ,Africa / Middle East       ,25          ,15                ,15              ,20                 ,75                           ,C
2190       ,Industrials           ,Africa / Middle East       ,25          ,25                ,15              ,20                 ,85                           ,B
FORUS      ,Consumer Discretionary,Latin America and Caribbean,25          ,25                ,15              ,25                 ,90                           ,B
4261       ,Industrials           ,Africa / Middle East       ,25          ,0                 ,15              ,10                 ,50                           ,D
UPP        ,Industrials           ,Africa / Middle East       ,0           ,0                 ,15              ,25                 ,40                           ,F
BKNZ       ,Financials            ,Africa / Middle East       ,0           ,0                 ,5               ,25                 ,30                           ,F
LOGN3      ,Industrials           ,Latin America and Caribbean,0           ,0                 ,15              ,0                  ,15                           ,F
ITE        ,Consumer Discretionary,Africa / Middle East       ,0           ,15                ,5               ,25                 ,45                           ,D
2240       ,Materials             ,Africa / Middle East       ,0           ,0                 ,15              ,0                  ,15                           ,F
WEMABANK   ,Financials            ,Africa / Middle East       ,0           ,25                ,5               ,25                 ,55                           ,D
VAMO3      ,Industrials           ,Latin America and Caribbean,25          ,0                 ,5               ,0                  ,30                           ,F
4292       ,Consumer Discretionary,Africa / Middle East       ,25          ,25                ,15              ,10                 ,75                           ,C
ARL        ,Consumer Staples      ,Africa / Middle East       ,0           ,25                ,15              ,25                 ,65                           ,C
ALMENDRAL  ,Communication Services,Latin America and Caribbean,0           ,25                ,5               ,10                 ,40                           ,F
HEKTS      ,Materials             ,Africa / Middle East       ,25          ,0                 ,15              ,20                 ,60                           ,D
2300       ,Materials             ,Africa / Middle East       ,0           ,0                 ,15              ,20                 ,35                           ,F
YDUQ3      ,Consumer Discretionary,Latin America and Caribbean,25          ,25                ,5               ,10                 ,65                           ,C
JUFO       ,Consumer Staples      ,Africa / Middle East       ,0           ,0                 ,5               ,20                 ,25                           ,F
BRISA      ,Consumer Discretionary,Africa / Middle East       ,25          ,25                ,15              ,20                 ,85                           ,B
RLO        ,Industrials           ,Africa / Middle East       ,0           ,20                ,15              ,25                 ,60                           ,D
SBIC       ,Financials            ,Africa / Middle East       ,0           ,0                 ,5               ,25                 ,30                           ,F
3060       ,Materials             ,Africa / Middle East       ,25          ,20                ,5               ,25                 ,75                           ,C
RECV3      ,Energy                ,Latin America and Caribbean,25          ,0                 ,5               ,25                 ,55                           ,D
TKFEN      ,Industrials           ,Africa / Middle East       ,25          ,0                 ,15              ,25                 ,65                           ,C
MOVI3      ,Industrials           ,Latin America and Caribbean,25          ,25                ,5               ,0                  ,55                           ,D
MILS3      ,Industrials           ,Latin America and Caribbean,25          ,0                 ,15              ,10                 ,50                           ,D
GBCO       ,Consumer Discretionary,Africa / Middle East       ,0           ,0                 ,5               ,20                 ,25                           ,F
4016       ,Health Care           ,Africa / Middle East       ,25          ,20                ,15              ,25                 ,85                           ,B
CEAB3      ,Consumer Discretionary,Latin America and Caribbean,25          ,0                 ,15              ,10                 ,50                           ,D
PHPC       ,Utilities             ,Africa / Middle East       ,0           ,0                 ,15              ,20                 ,35                           ,F
AFE        ,Materials             ,Africa / Middle East       ,0           ,25                ,15              ,20                 ,60                           ,D
4192       ,Consumer Discretionary,Africa / Middle East       ,0           ,0                 ,15              ,20                 ,35                           ,F
NEMAKA     ,Consumer Discretionary,Latin America and Caribbean,25          ,25                ,5               ,10                 ,65                           ,C
E7         ,Industrials           ,Africa / Middle East       ,25          ,0                 ,15              ,25                 ,65                           ,C
SUI        ,Consumer Discretionary,Africa / Middle East       ,0           ,25                ,15              ,10                 ,50                           ,D
OCAI       ,Industrials           ,Africa / Middle East       ,25          ,25                ,15              ,25                 ,90                           ,B
CIEB       ,Financials            ,Africa / Middle East       ,25          ,0                 ,5               ,25                 ,55                           ,D
BT         ,Financials            ,Africa / Middle East       ,0           ,25                ,5               ,25                 ,55                           ,D
TEND3      ,Consumer Discretionary,Latin America and Caribbean,25          ,25                ,15              ,10                 ,75                           ,C
3010       ,Materials             ,Africa / Middle East       ,25          ,20                ,5               ,25                 ,75                           ,C
1834       ,Industrials           ,Africa / Middle East       ,25          ,15                ,15              ,25                 ,80                           ,B
4240       ,Consumer Discretionary,Africa / Middle East       ,0           ,0                 ,15              ,25                 ,40                           ,F
ORHD       ,Consumer Discretionary,Africa / Middle East       ,0           ,25                ,15              ,20                 ,60                           ,D
BHIP       ,Financials            ,Latin America and Caribbean,25          ,25                ,5               ,25                 ,80                           ,B
OBAMS      ,Consumer Staples      ,Africa / Middle East       ,0           ,25                ,5               ,25                 ,55                           ,D
4146       ,Industrials           ,Africa / Middle East       ,0           ,5                 ,15              ,25                 ,45                           ,D
GUINNESS   ,Consumer Staples      ,Africa / Middle East       ,25          ,25                ,15              ,0                  ,65                           ,C
BMGB4      ,Financials            ,Latin America and Caribbean,25          ,20                ,15              ,0                  ,60                           ,D
CYDSASAA   ,Materials             ,Latin America and Caribbean,0           ,25                ,5               ,10                 ,40                           ,F
WBO        ,Industrials           ,Africa / Middle East       ,0           ,25                ,15              ,25                 ,65                           ,C
3080       ,Materials             ,Africa / Middle East       ,25          ,0                 ,5               ,25                 ,55                           ,D
ATH        ,Consumer Discretionary,Africa / Middle East       ,0           ,25                ,5               ,25                 ,55                           ,D
4193       ,Consumer Discretionary,Africa / Middle East       ,0           ,0                 ,15              ,25                 ,40                           ,F
2285       ,Consumer Staples      ,Africa / Middle East       ,0           ,25                ,15              ,10                 ,50                           ,D
PLPL3      ,Consumer Discretionary,Latin America and Caribbean,25          ,0                 ,5               ,20                 ,50                           ,D
MCGS       ,Health Care           ,Africa / Middle East       ,25          ,5                 ,15              ,25                 ,70                           ,C
GCB        ,Financials            ,Africa / Middle East       ,0           ,0                 ,15              ,20                 ,35                           ,F
SBFG3      ,Consumer Discretionary,Latin America and Caribbean,25          ,25                ,5               ,20                 ,75                           ,C
ORDS       ,Communication Services,Africa / Middle East       ,25          ,25                ,15              ,25                 ,90                           ,B
PPC        ,Materials             ,Africa / Middle East       ,0           ,25                ,5               ,25                 ,55                           ,D
RBX        ,Industrials           ,Africa / Middle East       ,0           ,0                 ,15              ,25                 ,40                           ,F
VINTE      ,Consumer Discretionary,Latin America and Caribbean,25          ,15                ,5               ,10                 ,55                           ,D
1320       ,Materials             ,Africa / Middle East       ,25          ,5                 ,15              ,25                 ,70                           ,C
QNCD       ,Materials             ,Africa / Middle East       ,25          ,0                 ,15              ,25                 ,65                           ,C
ONCO3      ,Health Care           ,Latin America and Caribbean,25          ,0                 ,5               ,10                 ,40                           ,F
2170       ,Materials             ,Africa / Middle East       ,25          ,0                 ,15              ,25                 ,65                           ,C
DH         ,Consumer Staples      ,Africa / Middle East       ,0           ,25                ,15              ,20                 ,60                           ,D
BLAU3      ,Health Care           ,Latin America and Caribbean,25          ,25                ,15              ,25                 ,90                           ,B
1202       ,Materials             ,Africa / Middle East       ,25          ,0                 ,15              ,25                 ,65                           ,C
ALBRK      ,Financials            ,Africa / Middle East       ,25          ,0                 ,5               ,0                  ,30                           ,F
KCAER      ,Materials             ,Africa / Middle East       ,0           ,0                 ,15              ,25                 ,40                           ,F
HPS        ,Financials            ,Africa / Middle East       ,0           ,15                ,15              ,20                 ,50                           ,D
3003       ,Materials             ,Africa / Middle East       ,25          ,0                 ,15              ,25                 ,65                           ,C
ALPHADATA  ,Information Technology,Africa / Middle East       ,0           ,25                ,15              ,25                 ,65                           ,C
TGMA3      ,Industrials           ,Latin America and Caribbean,25          ,15                ,15              ,25                 ,80                           ,B
BALSU      ,Consumer Staples      ,Africa / Middle East       ,0           ,0                 ,15              ,0                  ,15                           ,F
LWSA3      ,Information Technology,Latin America and Caribbean,25          ,25                ,15              ,25                 ,90                           ,B
OCOI       ,Materials             ,Africa / Middle East       ,0           ,0                 ,5               ,25                 ,30                           ,F
TSG        ,Consumer Discretionary,Africa / Middle East       ,0           ,25                ,5               ,10                 ,40                           ,F
TOTAL      ,Energy                ,Africa / Middle East       ,0           ,5                 ,5               ,25                 ,35                           ,F
AHLI       ,Financials            ,Africa / Middle East       ,0           ,0                 ,15              ,20                 ,35                           ,F
CSED3      ,Consumer Discretionary,Latin America and Caribbean,25          ,25                ,15              ,10                 ,75                           ,C
CBI        ,Financials            ,Africa / Middle East       ,25          ,0                 ,5               ,25                 ,55                           ,D
SALMOCAM   ,Consumer Staples      ,Latin America and Caribbean,25          ,25                ,15              ,20                 ,85                           ,B
SPG        ,Consumer Discretionary,Africa / Middle East       ,0           ,0                 ,5               ,20                 ,25                           ,F
CLHO       ,Health Care           ,Africa / Middle East       ,0           ,0                 ,5               ,20                 ,25                           ,F
ARCC       ,Materials             ,Africa / Middle East       ,0           ,25                ,15              ,25                 ,65                           ,C
TTAM       ,Consumer Staples      ,Africa / Middle East       ,0           ,25                ,5               ,10                 ,40                           ,F
1835       ,Industrials           ,Africa / Middle East       ,25          ,0                 ,5               ,25                 ,55                           ,D
BEYOUT     ,Industrials           ,Africa / Middle East       ,0           ,20                ,5               ,0                  ,25                           ,F
KLKIM      ,Materials             ,Africa / Middle East       ,0           ,25                ,15              ,25                 ,65                           ,C
4081       ,Financials            ,Africa / Middle East       ,0           ,0                 ,5               ,25                 ,30                           ,F
AGRO3      ,Consumer Staples      ,Latin America and Caribbean,25          ,15                ,5               ,20                 ,65                           ,C
AYDEM      ,Utilities             ,Africa / Middle East       ,25          ,0                 ,15              ,20                 ,60                           ,D
SKPC       ,Materials             ,Africa / Middle East       ,25          ,0                 ,15              ,25                 ,65                           ,C
RANI3      ,Materials             ,Latin America and Caribbean,25          ,15                ,5               ,10                 ,55                           ,D
DESK3      ,Communication Services,Latin America and Caribbean,25          ,0                 ,15              ,10                 ,50                           ,D
JULPHAR    ,Health Care           ,Africa / Middle East       ,0           ,0                 ,15              ,10                 ,25                           ,F
PETZ3      ,Consumer Discretionary,Latin America and Caribbean,25          ,25                ,5               ,20                 ,75                           ,C
RFG        ,Consumer Staples      ,Africa / Middle East       ,0           ,5                 ,5               ,25                 ,35                           ,F
QLMI       ,Financials            ,Africa / Middle East       ,25          ,0                 ,15              ,25                 ,65                           ,C
BHIA3      ,Consumer Discretionary,Latin America and Caribbean,25          ,0                 ,15              ,0                  ,40                           ,F
MCQE       ,Materials             ,Africa / Middle East       ,0           ,25                ,15              ,25                 ,65                           ,C
GWCS       ,Industrials           ,Africa / Middle East       ,25          ,25                ,5               ,20                 ,75                           ,C
FCMB       ,Financials            ,Africa / Middle East       ,0           ,25                ,15              ,10                 ,50                           ,D
HDC        ,Industrials           ,Africa / Middle East       ,0           ,25                ,15              ,25                 ,65                           ,C
PCAR3      ,Consumer Staples      ,Latin America and Caribbean,25          ,0                 ,15              ,0                  ,40                           ,F
VTRU3      ,Consumer Discretionary,Latin America and Caribbean,25          ,25                ,15              ,10                 ,75                           ,C
MEDICAB    ,Health Care           ,Latin America and Caribbean,0           ,25                ,5               ,25                 ,55                           ,D
INTEGRATED ,Industrials           ,Africa / Middle East       ,25          ,5                 ,5               ,20                 ,55                           ,D
CAML3      ,Consumer Staples      ,Latin America and Caribbean,25          ,25                ,5               ,10                 ,65                           ,C
FIQE3      ,Communication Services,Latin America and Caribbean,25          ,25                ,5               ,20                 ,75                           ,C
BMOB3      ,Communication Services,Latin America and Caribbean,25          ,0                 ,15              ,25                 ,65                           ,C
KONTR      ,Industrials           ,Africa / Middle East       ,0           ,25                ,5               ,10                 ,40                           ,F
SCEM       ,Materials             ,Africa / Middle East       ,0           ,0                 ,15              ,25                 ,40                           ,F
3004       ,Materials             ,Africa / Middle East       ,0           ,0                 ,15              ,25                 ,40                           ,F
LOGO       ,Information Technology,Africa / Middle East       ,25          ,25                ,5               ,25                 ,80                           ,B
PNVL3      ,Consumer Staples      ,Latin America and Caribbean,25          ,25                ,15              ,10                 ,75                           ,C
CMT        ,Materials             ,Africa / Middle East       ,0           ,0                 ,15              ,25                 ,40                           ,F
SONDA      ,Information Technology,Latin America and Caribbean,25          ,25                ,5               ,20                 ,75                           ,C
JSLG3      ,Industrials           ,Latin America and Caribbean,25          ,25                ,15              ,0                  ,65                           ,C
RAYA       ,Industrials           ,Africa / Middle East       ,0           ,0                 ,5               ,0                  ,5                            ,F
MBSC       ,Materials             ,Africa / Middle East       ,0           ,25                ,15              ,25                 ,65                           ,C
CADBURY    ,Consumer Staples      ,Africa / Middle East       ,0           ,0                 ,15              ,0                  ,15                           ,F
LIGT3      ,Utilities             ,Latin America and Caribbean,0           ,0                 ,15              ,10                 ,25                           ,F
MATD3      ,Health Care           ,Latin America and Caribbean,25          ,25                ,15              ,10                 ,75                           ,C
TRANSCORP  ,Utilities             ,Africa / Middle East       ,0           ,15                ,5               ,25                 ,45                           ,D
BOPP       ,Consumer Staples      ,Africa / Middle East       ,0           ,20                ,15              ,25                 ,60                           ,D
ORWE       ,Consumer Discretionary,Africa / Middle East       ,0           ,15                ,15              ,25                 ,55                           ,D
AGUA       ,Industrials           ,Latin America and Caribbean,25          ,0                 ,15              ,20                 ,60                           ,D
6001       ,Consumer Staples      ,Africa / Middle East       ,25          ,0                 ,15              ,20                 ,60                           ,D
AZTEK      ,Information Technology,Africa / Middle East       ,0           ,0                 ,5               ,20                 ,25                           ,F
1214       ,Industrials           ,Africa / Middle East       ,25          ,0                 ,5               ,25                 ,55                           ,D
UIB        ,Financials            ,Africa / Middle East       ,0           ,25                ,15              ,25                 ,65                           ,C
9649       ,Consumer Discretionary,Africa / Middle East       ,0           ,0                 ,15              ,10                 ,25                           ,F
2281       ,Consumer Staples      ,Africa / Middle East       ,25          ,0                 ,5               ,10                 ,40                           ,F
SOGEGH     ,Financials            ,Africa / Middle East       ,0           ,0                 ,5               ,25                 ,30                           ,F
ARML3      ,Industrials           ,Latin America and Caribbean,25          ,25                ,15              ,10                 ,75                           ,C
GWIND      ,Utilities             ,Africa / Middle East       ,25          ,0                 ,15              ,25                 ,65                           ,C
KAP        ,Industrials           ,Africa / Middle East       ,0           ,20                ,5               ,20                 ,45                           ,D
VESBE      ,Consumer Discretionary,Africa / Middle East       ,25          ,0                 ,15              ,25                 ,65                           ,C
MUT        ,Consumer Staples      ,Africa / Middle East       ,0           ,0                 ,15              ,20                 ,35                           ,F
UNILEVER   ,Consumer Staples      ,Africa / Middle East       ,25          ,25                ,15              ,25                 ,90                           ,B
TUPY3      ,Industrials           ,Latin America and Caribbean,25          ,25                ,5               ,10                 ,65                           ,C
MTIE       ,Consumer Discretionary,Africa / Middle East       ,25          ,25                ,5               ,25                 ,80                           ,B
3002       ,Materials             ,Africa / Middle East       ,0           ,25                ,5               ,25                 ,55                           ,D
PHAR       ,Health Care           ,Africa / Middle East       ,25          ,0                 ,5               ,10                 ,40                           ,F
EVEN3      ,Consumer Discretionary,Latin America and Caribbean,25          ,25                ,5               ,20                 ,75                           ,C
MYPK3      ,Consumer Discretionary,Latin America and Caribbean,25          ,15                ,5               ,10                 ,55                           ,D
TRIS3      ,Consumer Discretionary,Latin America and Caribbean,25          ,25                ,5               ,20                 ,75                           ,C
NPK        ,Materials             ,Africa / Middle East       ,0           ,25                ,15              ,10                 ,50                           ,D
STERLINGNG ,Financials            ,Africa / Middle East       ,0           ,0                 ,5               ,20                 ,25                           ,F
6014       ,Consumer Discretionary,Africa / Middle East       ,25          ,15                ,5               ,20                 ,65                           ,C
WIZC3      ,Financials            ,Latin America and Caribbean,25          ,20                ,5               ,25                 ,75                           ,C
BNA        ,Financials            ,Africa / Middle East       ,0           ,25                ,5               ,0                  ,30                           ,F
VOES       ,Industrials           ,Africa / Middle East       ,0           ,5                 ,5               ,25                 ,35                           ,F
AKGRT      ,Financials            ,Africa / Middle East       ,25          ,0                 ,15              ,25                 ,65                           ,C
OUL        ,Consumer Staples      ,Africa / Middle East       ,0           ,0                 ,15              ,0                  ,15                           ,F
6002       ,Consumer Discretionary,Africa / Middle East       ,25          ,0                 ,15              ,20                 ,60                           ,D
NFCI       ,Financials            ,Africa / Middle East       ,0           ,25                ,5               ,0                  ,30                           ,F
GLCVY      ,Financials            ,Africa / Middle East       ,0           ,0                 ,5               ,20                 ,25                           ,F
POUL       ,Consumer Staples      ,Africa / Middle East       ,0           ,25                ,15              ,25                 ,65                           ,C
VCTR       ,Consumer Staples      ,Africa / Middle East       ,25          ,25                ,5               ,0                  ,55                           ,D
DTK        ,Financials            ,Africa / Middle East       ,0           ,0                 ,15              ,25                 ,40                           ,F
2200       ,Materials             ,Africa / Middle East       ,0           ,25                ,15              ,10                 ,50                           ,D
4008       ,Consumer Discretionary,Africa / Middle East       ,25          ,0                 ,15              ,10                 ,50                           ,D
TALM       ,Consumer Discretionary,Africa / Middle East       ,0           ,0                 ,5               ,20                 ,25                           ,F
ARA        ,Consumer Discretionary,Latin America and Caribbean,25          ,20                ,15              ,25                 ,85                           ,B
OFSYM      ,Consumer Staples      ,Africa / Middle East       ,0           ,0                 ,15              ,25                 ,40                           ,F
OTH        ,Industrials           ,Africa / Middle East       ,0           ,20                ,5               ,25                 ,50                           ,D
UBCI       ,Financials            ,Africa / Middle East       ,0           ,0                 ,5               ,20                 ,25                           ,F
SOJA3      ,Consumer Staples      ,Latin America and Caribbean,25          ,0                 ,5               ,25                 ,55                           ,D
ISPH       ,Health Care           ,Africa / Middle East       ,25          ,0                 ,15              ,0                  ,40                           ,F
OFSA3      ,Health Care           ,Latin America and Caribbean,0           ,0                 ,5               ,25                 ,30                           ,F
SAUD       ,Financials            ,Africa / Middle East       ,25          ,0                 ,5               ,25                 ,55                           ,D
ANIM3      ,Consumer Discretionary,Latin America and Caribbean,25          ,25                ,5               ,10                 ,65                           ,C
VESTL      ,Consumer Discretionary,Africa / Middle East       ,25          ,0                 ,15              ,10                 ,50                           ,D
GISSAA     ,Consumer Discretionary,Latin America and Caribbean,25          ,25                ,5               ,20                 ,75                           ,C
SEER3      ,Consumer Discretionary,Latin America and Caribbean,25          ,25                ,15              ,10                 ,75                           ,C
CC         ,Materials             ,Africa / Middle East       ,0           ,0                 ,15              ,10                 ,25                           ,F
FIDSON     ,Health Care           ,Africa / Middle East       ,0           ,25                ,5               ,10                 ,40                           ,F
KORDS      ,Consumer Discretionary,Africa / Middle East       ,0           ,0                 ,15              ,10                 ,25                           ,F
MOIL       ,Energy                ,Africa / Middle East       ,0           ,0                 ,15              ,25                 ,40                           ,F
CVCB3      ,Consumer Discretionary,Latin America and Caribbean,25          ,0                 ,15              ,10                 ,50                           ,D
3090       ,Materials             ,Africa / Middle East       ,0           ,15                ,5               ,25                 ,45                           ,D
NASCON     ,Consumer Staples      ,Africa / Middle East       ,0           ,25                ,15              ,25                 ,65                           ,C
STB        ,Financials            ,Africa / Middle East       ,0           ,25                ,5               ,20                 ,50                           ,D
CIRA       ,Consumer Discretionary,Africa / Middle East       ,0           ,25                ,5               ,0                  ,30                           ,F
MLAS3      ,Information Technology,Latin America and Caribbean,25          ,0                 ,15              ,25                 ,65                           ,C
STAR       ,Financials            ,Africa / Middle East       ,0           ,25                ,15              ,25                 ,65                           ,C
OFMI       ,Consumer Staples      ,Africa / Middle East       ,25          ,25                ,15              ,20                 ,85                           ,B
EBEBK      ,Consumer Discretionary,Africa / Middle East       ,25          ,0                 ,15              ,25                 ,65                           ,C
OLFI       ,Consumer Staples      ,Africa / Middle East       ,0           ,5                 ,5               ,10                 ,20                           ,F
MHAS       ,Energy                ,Africa / Middle East       ,0           ,25                ,15              ,10                 ,50                           ,D
9559       ,Consumer Staples      ,Africa / Middle East       ,0           ,0                 ,15              ,25                 ,40                           ,F
MPT        ,Materials             ,Africa / Middle East       ,0           ,25                ,15              ,20                 ,60                           ,D
SOMS       ,Energy                ,Africa / Middle East       ,25          ,25                ,15              ,20                 ,85                           ,B
IVT        ,Industrials           ,Africa / Middle East       ,0           ,25                ,15              ,25                 ,65                           ,C
AMOC       ,Materials             ,Africa / Middle East       ,25          ,5                 ,5               ,25                 ,60                           ,D
GGBL       ,Consumer Staples      ,Africa / Middle East       ,0           ,0                 ,15              ,25                 ,40                           ,F
TPR        ,Industrials           ,Africa / Middle East       ,0           ,0                 ,15              ,20                 ,35                           ,F
DWY        ,Information Technology,Africa / Middle East       ,0           ,0                 ,15              ,25                 ,40                           ,F
UACN       ,Consumer Staples      ,Africa / Middle East       ,0           ,25                ,5               ,20                 ,50                           ,D
SOTUV      ,Materials             ,Africa / Middle East       ,0           ,15                ,5               ,10                 ,30                           ,F
GOKNR      ,Consumer Staples      ,Africa / Middle East       ,0           ,25                ,15              ,25                 ,65                           ,C
RNSS       ,Industrials           ,Africa / Middle East       ,0           ,20                ,5               ,20                 ,45                           ,D
KMPUR      ,Materials             ,Africa / Middle East       ,25          ,0                 ,15              ,10                 ,50                           ,D
3091       ,Materials             ,Africa / Middle East       ,0           ,0                 ,15              ,20                 ,35                           ,F
CUSTODIAN  ,Financials            ,Africa / Middle East       ,0           ,25                ,5               ,25                 ,55                           ,D
9527       ,Health Care           ,Africa / Middle East       ,0           ,5                 ,15              ,25                 ,45                           ,D
DEXP3      ,Materials             ,Latin America and Caribbean,25          ,5                 ,15              ,25                 ,70                           ,C
PRNR3      ,Industrials           ,Latin America and Caribbean,0           ,25                ,15              ,10                 ,50                           ,D
BH         ,Financials            ,Africa / Middle East       ,0           ,25                ,5               ,0                  ,30                           ,F
CSB        ,Consumer Discretionary,Africa / Middle East       ,0           ,25                ,15              ,20                 ,60                           ,D
SPFI       ,Consumer Staples      ,Africa / Middle East       ,25          ,25                ,15              ,20                 ,85                           ,B
ATAKP      ,Consumer Staples      ,Africa / Middle East       ,0           ,0                 ,15              ,25                 ,40                           ,F
ATB        ,Financials            ,Africa / Middle East       ,0           ,25                ,5               ,20                 ,50                           ,D
4006       ,Consumer Staples      ,Africa / Middle East       ,0           ,0                 ,15              ,10                 ,25                           ,F
ZZD        ,Industrials           ,Africa / Middle East       ,0           ,0                 ,15              ,10                 ,25                           ,F
GECS       ,Industrials           ,Africa / Middle East       ,0           ,0                 ,15              ,0                  ,15                           ,F
JALL3      ,Consumer Staples      ,Latin America and Caribbean,25          ,0                 ,15              ,0                  ,40                           ,F
NAKL       ,Consumer Discretionary,Africa / Middle East       ,0           ,20                ,5               ,25                 ,50                           ,D
ARTES      ,Consumer Discretionary,Africa / Middle East       ,0           ,15                ,5               ,25                 ,45                           ,D
1201       ,Materials             ,Africa / Middle East       ,0           ,0                 ,15              ,10                 ,25                           ,F
CMH        ,Consumer Discretionary,Africa / Middle East       ,0           ,25                ,15              ,10                 ,50                           ,D
1820       ,Consumer Discretionary,Africa / Middle East       ,0           ,0                 ,15              ,0                  ,15                           ,F
TOTAL      ,Energy                ,Africa / Middle East       ,0           ,15                ,5               ,10                 ,30                           ,F
UNIL       ,Consumer Staples      ,Africa / Middle East       ,0           ,25                ,15              ,25                 ,65                           ,C
LBR        ,Consumer Staples      ,Africa / Middle East       ,0           ,25                ,15              ,25                 ,65                           ,C
ALLD3      ,Information Technology,Latin America and Caribbean,25          ,25                ,5               ,25                 ,80                           ,B
TEZOL      ,Consumer Staples      ,Africa / Middle East       ,0           ,25                ,5               ,25                 ,55                           ,D
SUGR       ,Consumer Staples      ,Africa / Middle East       ,0           ,0                 ,5               ,25                 ,30                           ,F
PZ         ,Consumer Staples      ,Africa / Middle East       ,0           ,0                 ,15              ,25                 ,40                           ,F
GML        ,Materials             ,Europe                     ,0           ,0                 ,15              ,25                 ,40                           ,F
RMDA       ,Health Care           ,Africa / Middle East       ,25          ,0                 ,15              ,20                 ,60                           ,D
YATAS      ,Consumer Discretionary,Africa / Middle East       ,25          ,0                 ,15              ,20                 ,60                           ,D
AUTLANB    ,Materials             ,Latin America and Caribbean,25          ,0                 ,15              ,20                 ,60                           ,D
OOMS       ,Energy                ,Africa / Middle East       ,25          ,15                ,15              ,10                 ,65                           ,C
INDES      ,Information Technology,Africa / Middle East       ,25          ,0                 ,15              ,20                 ,60                           ,D
VITT3      ,Materials             ,Latin America and Caribbean,25          ,20                ,5               ,25                 ,75                           ,C
ALKIM      ,Materials             ,Africa / Middle East       ,0           ,0                 ,15              ,25                 ,40                           ,F
ORGE       ,Industrials           ,Africa / Middle East       ,0           ,0                 ,15              ,25                 ,40                           ,F
TLS        ,Financials            ,Africa / Middle East       ,0           ,0                 ,5               ,0                  ,5                            ,F
CITY       ,Consumer Discretionary,Africa / Middle East       ,0           ,25                ,15              ,25                 ,65                           ,C
QUAL3      ,Health Care           ,Latin America and Caribbean,25          ,0                 ,15              ,10                 ,50                           ,D
BIGCH      ,Consumer Discretionary,Africa / Middle East       ,0           ,25                ,5               ,25                 ,55                           ,D
AACT       ,Industrials           ,Africa / Middle East       ,0           ,25                ,15              ,25                 ,65                           ,C
GOIL       ,Energy                ,Africa / Middle East       ,0           ,25                ,15              ,10                 ,50                           ,D
POSI3      ,Information Technology,Latin America and Caribbean,25          ,25                ,5               ,20                 ,75                           ,C
UMED       ,Health Care           ,Africa / Middle East       ,0           ,0                 ,15              ,25                 ,40                           ,F
MKDM       ,Industrials           ,Africa / Middle East       ,25          ,0                 ,15              ,25                 ,65                           ,C
TKNSA      ,Consumer Discretionary,Africa / Middle East       ,25          ,0                 ,15              ,20                 ,60                           ,D
NEM        ,Financials            ,Africa / Middle East       ,0           ,25                ,5               ,25                 ,55                           ,D
DSCW       ,Consumer Discretionary,Africa / Middle East       ,0           ,0                 ,5               ,0                  ,5                            ,F
AMBP3      ,Industrials           ,Latin America and Caribbean,25          ,25                ,5               ,0                  ,55                           ,D
LKMNH      ,Health Care           ,Africa / Middle East       ,25          ,0                 ,15              ,20                 ,60                           ,D
TFCI       ,Financials            ,Africa / Middle East       ,25          ,0                 ,5               ,10                 ,40                           ,F
GOODY      ,Consumer Discretionary,Africa / Middle East       ,0           ,0                 ,15              ,25                 ,40                           ,F
ALM        ,Industrials           ,Africa / Middle East       ,0           ,0                 ,15              ,10                 ,25                           ,F
CONOIL     ,Energy                ,Africa / Middle East       ,25          ,0                 ,5               ,20                 ,50                           ,D
FML        ,Consumer Staples      ,Africa / Middle East       ,0           ,25                ,5               ,25                 ,55                           ,D
CASH3      ,Communication Services,Latin America and Caribbean,25          ,0                 ,15              ,25                 ,65                           ,C
CADUA      ,Consumer Discretionary,Latin America and Caribbean,25          ,0                 ,15              ,25                 ,65                           ,C
LJQQ3      ,Consumer Discretionary,Latin America and Caribbean,25          ,25                ,5               ,0                  ,55                           ,D
CORNERST   ,Financials            ,Africa / Middle East       ,0           ,0                 ,5               ,25                 ,30                           ,F
WIFAK      ,Financials            ,Africa / Middle East       ,0           ,0                 ,15              ,10                 ,25                           ,F
VVEO3      ,Health Care           ,Latin America and Caribbean,25          ,0                 ,5               ,0                  ,30                           ,F
TRE        ,Financials            ,Africa / Middle East       ,0           ,0                 ,15              ,25                 ,40                           ,F
ATL        ,Financials            ,Africa / Middle East       ,0           ,5                 ,15              ,0                  ,20                           ,F
UFCI       ,Financials            ,Africa / Middle East       ,25          ,0                 ,5               ,20                 ,50                           ,D
SFMI       ,Consumer Staples      ,Africa / Middle East       ,25          ,25                ,15              ,10                 ,75                           ,C
MICH       ,Materials             ,Africa / Middle East       ,0           ,5                 ,5               ,25                 ,35                           ,F
ESPA3      ,Consumer Discretionary,Latin America and Caribbean,25          ,25                ,5               ,10                 ,65                           ,C
CIL        ,Financials            ,Africa / Middle East       ,0           ,0                 ,5               ,0                  ,5                            ,F
MSPW       ,Utilities             ,Africa / Middle East       ,0           ,25                ,5               ,0                  ,30                           ,F
BHASS      ,Financials            ,Africa / Middle East       ,0           ,25                ,5               ,25                 ,55                           ,D
MAG        ,Consumer Discretionary,Africa / Middle East       ,0           ,0                 ,15              ,25                 ,40                           ,F
MTA        ,Consumer Discretionary,Africa / Middle East       ,0           ,0                 ,15              ,10                 ,25                           ,F
IHGS       ,Financials            ,Africa / Middle East       ,0           ,25                ,5               ,25                 ,55                           ,D
BIZIM      ,Consumer Staples      ,Africa / Middle East       ,25          ,0                 ,15              ,10                 ,50                           ,D
AMAT       ,Financials            ,Africa / Middle East       ,0           ,25                ,5               ,25                 ,55                           ,D
NGRD3      ,Information Technology,Latin America and Caribbean,25          ,0                 ,15              ,25                 ,65                           ,C
HLM        ,Materials             ,Africa / Middle East       ,0           ,0                 ,15              ,25                 ,40                           ,F
MFCI       ,Financials            ,Africa / Middle East       ,25          ,0                 ,5               ,20                 ,50                           ,D
ECYCL      ,Consumer Discretionary,Africa / Middle East       ,0           ,25                ,15              ,10                 ,50                           ,D
ECAP       ,Industrials           ,Africa / Middle East       ,0           ,0                 ,15              ,0                  ,15                           ,F
STPIL      ,Energy                ,Africa / Middle East       ,0           ,25                ,15              ,25                 ,65                           ,C
LOTON0000  ,Consumer Discretionary,Africa / Middle East       ,0           ,25                ,5               ,25                 ,55                           ,D
HL         ,Financials            ,Africa / Middle East       ,0           ,0                 ,5               ,0                  ,5                            ,F
TLNET      ,Information Technology,Africa / Middle East       ,0           ,0                 ,15              ,25                 ,40                           ,F
TJL        ,Financials            ,Africa / Middle East       ,0           ,0                 ,15              ,0                  ,15                           ,F
ASSAD      ,Industrials           ,Africa / Middle East       ,0           ,0                 ,15              ,0                  ,15                           ,F
ETERNA     ,Energy                ,Africa / Middle East       ,0           ,0                 ,15              ,0                  ,15                           ,F
CILEASING  ,Industrials           ,Africa / Middle East       ,0           ,25                ,15              ,20                 ,60                           ,D
TCSA3      ,Consumer Discretionary,Latin America and Caribbean,25          ,0                 ,15              ,10                 ,50                           ,D
SIAME      ,Industrials           ,Africa / Middle East       ,0           ,0                 ,15              ,20                 ,35                           ,F
BERGER     ,Materials             ,Africa / Middle East       ,0           ,15                ,5               ,25                 ,45                           ,D
SCB        ,Materials             ,Africa / Middle East       ,0           ,0                 ,15              ,20                 ,35                           ,F
SOTET      ,Communication Services,Africa / Middle East       ,0           ,15                ,5               ,25                 ,45                           ,D
