event_prob_strong_negative,event_prob_negative,event_prob_neutral,event_prob_positive,event_prob_strong_positive,event_class_predicted,event_confidence
2.12081356050431e-05,5.471819476599267e-05,0.00020706305585843374,0.9996226001230178,9.441049075270849e-05,3,0.9996226001230178
1.7818865968939786e-05,5.8514931841828786e-05,0.00017984376458462546,0.9996508166561723,9.30057814322966e-05,3,0.9996508166561723
0.002097296862816203,0.9746625416849617,0.022720354845153518,0.00028949260403505285,0.00023031400303356154,1,0.9746625416849617
1.3954571871876453e-05,3.409683699434549e-05,0.00013095791445691122,0.9997496683438833,7.132233279355764e-05,3,0.9997496683438833
1.9072916854829593e-05,4.094298496516115e-05,0.00020030646693051186,0.9996401935937959,9.948403745364488e-05,3,0.9996401935937959
1.4380772918392676e-05,0.0001470642437420309,0.9997557308579097,4.565479701310944e-05,3.716932841682336e-05,2,0.9997557308579097
0.00025096829470878246,0.008635582551478246,0.9905182549580459,0.00033792185090195125,0.0002572723448649706,2,0.9905182549580459
0.00014601720061941447,0.002610108301537093,0.9969019581671774,0.00018974654285516904,0.00015216978781092493,2,0.9969019581671774
7.460722672679577e-05,0.00017777534149877132,0.9963476204771784,0.0030563497010003813,0.0003436472535954092,2,0.9963476204771784
2.7139795152155236e-05,8.475362624098675e-05,0.0008279133000204466,0.9989185367971674,0.00014165648141910563,3,0.9989185367971674
9.890710202741356e-05,0.001097968848777238,0.9985911076106816,0.00011807697333762048,9.393946517604881e-05,2,0.9985911076106816
2.490094782497487e-05,7.567931366964942e-05,0.0006892849213055967,0.9991004593006719,0.00010967551652764858,3,0.9991004593006719
6.267054899096754e-05,0.0024824794641359247,0.9973131871620321,8.32814429260678e-05,5.838138191493799e-05,2,0.9973131871620321
0.0009130916498293881,0.9988591879697968,9.382792331262419e-05,7.601752038877576e-05,5.787493667260851e-05,1,0.9988591879697968
0.00023148640451735588,0.9993911052215707,0.00018662882235522522,0.00010580651587951764,8.497303567734574e-05,1,0.9993911052215707
0.9994845288965101,0.00042212918024563676,3.9052097674233154e-05,3.010918751213592e-05,2.4180638058226574e-05,0,0.9994845288965101
1.905996086974343e-05,6.33597146844099e-05,0.00022390757325021598,0.9995657411598061,0.00012793159138952523,3,0.9995657411598061
1.5429801698265168e-05,4.067616037930982e-05,0.00011206326735414993,0.9997281949858229,0.00010363578474545522,3,0.9997281949858229
0.00303750503876468,0.9968192469092919,5.918397536648924e-05,4.75309744384091e-05,3.6533102138245965e-05,1,0.9968192469092919
2.857169253647233e-05,7.390218746185847e-05,0.0009573231986030068,0.9987394518866928,0.00020075103470586835,3,0.9987394518866928
2.1822392578025367e-05,6.140298664964772e-05,0.0006992503219172406,0.9991214731472187,9.605115163638771e-05,3,0.9991214731472187
7.761293136809329e-05,0.0001767051561717654,0.009635040688049356,0.9898202068614731,0.00029043436293770875,3,0.9898202068614731
0.0025074577699459285,0.9971672947098495,0.00014359629271248732,0.00010074393890407892,8.090728858816728e-05,1,0.9971672947098495
1.0835357933074524e-05,0.00011381930909017053,0.9998035276988224,3.5536380464405674e-05,3.628125368989678e-05,2,0.9998035276988224
0.9998800827929347,9.348158799914629e-05,1.1399028764652808e-05,8.339306899034729e-06,6.697283402308789e-06,0,0.9998800827929347
0.0010543472370226957,0.9987298893513621,8.80604649357835e-05,7.027129015187105e-05,5.743165652774662e-05,1,0.9987298893513621
0.9999015741773274,7.074833662146759e-05,1.1735475075552857e-05,9.0510860057868e-06,6.890924969983493e-06,0,0.9999015741773274
6.393932936380903e-05,0.0007762231517555709,0.998999486729343,9.371730977764543e-05,6.663347975984967e-05,2,0.998999486729343
0.9983112308069539,0.0016399335231581413,2.140574464710699e-05,1.5276374671766252e-05,1.2153550569012065e-05,0,0.9983112308069539
0.0006049741969405783,0.9992065366086186,8.028064169935167e-05,5.9758059043298055e-05,4.845049369824435e-05,1,0.9992065366086186
1.2306620961675433e-05,0.00011960019422053067,0.9997977079354893,3.859838324059867e-05,3.178686608787186e-05,2,0.9997977079354893
0.0007389484663983745,0.999015675600441,0.00010588082949741571,7.562686584963256e-05,6.386823781318143e-05,1,0.999015675600441
2.323533465165317e-05,6.583133872595316e-05,0.0005987132508425224,0.9992137126337853,9.850744199468602e-05,3,0.9992137126337853
5.243503086942765e-05,0.00048699769916355027,0.9993459509474879,6.484851183295483e-05,4.976781064602537e-05,2,0.9993459509474879
0.9987394592472081,0.0011853628503211368,3.56661821447828e-05,2.3656479106478156e-05,1.5855241219687193e-05,0,0.9987394592472081
5.066902423612556e-05,0.0010500239351860367,0.9987979584449868,5.9817817353405295e-05,4.1530778237632836e-05,2,0.9987979584449868
0.00010620101896098812,0.9995303637374031,0.0002228467585357351,8.265775814936136e-05,5.793072695056796e-05,1,0.9995303637374031
0.001389652818309526,0.9684564104202975,0.029794786570517273,0.00020390772980591446,0.00015524246106973945,1,0.9684564104202975
0.9994541021577327,0.0004467148840616924,4.058916772303097e-05,2.9188686739426118e-05,2.9405103743089908e-05,0,0.9994541021577327
0.0002763854956282671,0.9984614858916007,0.0008542143588440613,0.0002262296227943744,0.0001816846311324406,1,0.9984614858916007
0.9976547652090523,0.0022383358000258318,4.8551696043402985e-05,3.2544993225337607e-05,2.5802301653165352e-05,0,0.9976547652090523
1.4873079746479146e-05,0.00012619594603649616,0.9997818182596899,4.0886151868169856e-05,3.622656265905855e-05,2,0.9997818182596899
0.0008450764963472582,0.998992936982224,6.00411135103823e-05,5.629924392503732e-05,4.564616399320386e-05,1,0.998992936982224
0.9995288529504305,0.0003747498408980452,4.100905960632708e-05,2.9995781266628377e-05,2.539236779854507e-05,0,0.9995288529504305
0.9981882672097815,0.0017168722514738946,3.983444438768885e-05,2.825192241280838e-05,2.677417194402813e-05,0,0.9981882672097815
0.0011956395907992705,0.9985081428797861,0.00014316626381630782,8.452239988947447e-05,6.852886570894667e-05,1,0.9985081428797861
8.468708027978294e-05,0.00026133191472572627,0.9943809097192002,0.004900069449149863,0.00037300183664446554,2,0.9943809097192002
0.9979518747605456,0.001994424381630295,2.170107190996188e-05,1.8167897068676616e-05,1.383188884544805e-05,0,0.9979518747605456
2.2008128678464382e-05,4.6999226540104e-05,0.0008548161422816041,0.9989283567358577,0.0001478197666421116,3,0.9989283567358577
0.0009049517523563904,0.9988507824482515,0.00011028679467392086,7.255712616644565e-05,6.1421878551754e-05,1,0.9988507824482515
6.961141538002914e-05,0.990355886742303,0.009314694298098676,0.0001518449904381034,0.00010796255378006345,1,0.990355886742303
7.65426457191489e-05,0.9994602415146656,0.00028023061108813785,0.0001055760593261912,7.7409169200832e-05,1,0.9994602415146656
0.00022586828163383374,0.9990433199092654,0.0003976806292207074,0.00018475486070865493,0.00014837631917146137,1,0.9990433199092654
0.003980886081825353,0.9958445975017164,7.364830974361864e-05,5.726792626752932e-05,4.360018044727286e-05,1,0.9958445975017164
2.117391932446279e-05,5.722185580344605e-05,0.0006354564463378345,0.9991889145017276,9.7233276806644e-05,3,0.9991889145017276
4.282893463968817e-05,0.0006171540935641949,0.9992468370713734,5.250206099944628e-05,4.067783942347368e-05,2,0.9992468370713734
1.934762253328587e-05,0.0007206626044997707,0.9991792169119358,4.751760897823845e-05,3.325525205274103e-05,2,0.9991792169119358
1.4464408803396144e-05,0.00012298459377791808,0.9997771627575809,4.800274156019313e-05,3.73854982774259e-05,2,0.9997771627575809
0.0010058240932595299,0.9987302286988666,0.00012684698048417365,7.603591301072074e-05,6.10643143790569e-05,1,0.9987302286988666
1.6515781948452956e-05,3.650618236067548e-05,0.00017799020781021253,0.9996845179704368,8.446985744378257e-05,3,0.9996845179704368
0.00011504896043463325,0.0024807725661576906,0.9971880473264554,0.000119942027506061,9.618911944625285e-05,2,0.9971880473264554
0.00013711969025705984,0.0016007456711042342,0.9980671114408396,0.00010816004601335606,8.686315178567772e-05,2,0.9980671114408396
0.00011969004433312948,0.00026269307965159265,0.9927617028994542,0.006270270464876541,0.0005856435116842863,2,0.9927617028994542
0.00023122916860981665,0.9988628238025642,0.0005574594681343225,0.00018790181340343603,0.00016058574728833986,1,0.9988628238025642
6.982161457376255e-05,0.00016936603158352673,0.030153885700990857,0.9692459875933582,0.00036093905949372614,3,0.9692459875933582
0.0005431439537097602,0.9992287928036677,0.0001323037822271,5.436221232582087e-05,4.1397248069691454e-05,1,0.9992287928036677
0.9998463664166201,0.0001284355808297595,1.074652301295406e-05,8.074081648589563e-06,6.3773978886813475e-06,0,0.9998463664166201
1.3658658748400337e-05,0.00011956631885343695,0.9997945376579233,3.693445164571029e-05,3.5302912829066e-05,2,0.9997945376579233
4.996959597490178e-05,0.0002499914082965745,0.9996075236438702,5.5213022062329585e-05,3.7302329796149445e-05,2,0.9996075236438702
1.765506701164628e-05,4.314483457780667e-05,0.00019483575516917733,0.9996257823445699,0.00011858199867152432,3,0.9996257823445699
0.003081803928344316,0.9967654474276803,6.322869861667933e-05,4.826846626975157e-05,4.125147908896301e-05,1,0.9967654474276803
5.6556120216671726e-05,0.0016428252795793903,0.9981774135249691,6.948950196765254e-05,5.3715573267063556e-05,2,0.9981774135249691
0.0009024482443745405,0.9988887274169173,9.270084351560844e-05,6.439908340169526e-05,5.172441179091082e-05,1,0.9988887274169173
0.998959159959495,0.000979482357743571,2.40265996779438e-05,1.9152042655418106e-05,1.8179040428043342e-05,0,0.998959159959495
0.00011437156472130235,0.0012996465264913353,0.9983538067337531,0.000127278802687129,0.00010489637234728226,2,0.9983538067337531
0.9991718251157672,0.0007072709119587539,6.10207365375891e-05,3.498533491148811e-05,2.489790082512207e-05,0,0.9991718251157672
2.311421912336393e-05,5.49486914481578e-05,0.0009939793742364106,0.9988284722733333,9.94854418588566e-05,3,0.9988284722733333
5.399729251708955e-05,0.0005428891586410025,0.9992884774745682,6.335081086972744e-05,5.1285263404079345e-05,2,0.9992884774745682
0.9998044616483598,0.00016459368280937104,1.2613136573032349e-05,1.0619199752535315e-05,7.71233250522591e-06,0,0.9998044616483598
0.9994731284179936,0.00042585484243753453,4.197038746586693e-05,3.2491523875745455e-05,2.6554828227317004e-05,0,0.9994731284179936
0.9993136764297246,0.0005821077384081689,4.492085546847121e-05,3.274558813376285e-05,2.6549388265282307e-05,0,0.9993136764297246
0.999481969561226,0.00042722575058878995,3.672004146097761e-05,2.988855163865112e-05,2.4196095085613618e-05,0,0.999481969561226
0.00018684198570268474,0.0018056711115780456,0.99766330323136,0.0001961959177665477,0.00014798775359257626,2,0.99766330323136
4.43831528147052e-05,0.00011177723218703975,0.0020813658024440916,0.9975217586559365,0.00024071515661763045,3,0.9975217586559365
0.00049155377575126,0.0005733659495022842,0.9512128209271229,0.046668058648721936,0.0010542006989017001,2,0.9512128209271229
0.0026696597269920104,0.9971619504754383,7.186512881911971e-05,5.4386665189419874e-05,4.21380035609799e-05,1,0.9971619504754383
2.253864216666567e-05,5.0795680845893936e-05,0.000674833370958605,0.9991157651879434,0.0001360671180855065,3,0.9991157651879434
5.622166901773841e-05,0.00011287711944775869,0.01875201275309898,0.9807852055076107,0.0002936829508248405,3,0.9807852055076107
2.255953424997712e-05,6.364077069900212e-05,0.0005192517308401895,0.9993013054968201,9.32424673909264e-05,3,0.9993013054968201
2.5878226469496444e-05,5.0685764217872016e-05,0.0008562063499200317,0.9988817953891195,0.00018543427027319293,3,0.9988817953891195
0.9994667302704295,0.0004241522756800763,4.715791864126511e-05,3.409456549256418e-05,2.7864969756494094e-05,0,0.9994667302704295
8.505990011232149e-06,6.275207397024853e-05,0.9998835035937161,2.4506175797733818e-05,2.0732166504510677e-05,2,0.9998835035937161
0.00013219692516775535,0.0017764671637857709,0.9977562696955271,0.00017028291807745288,0.000164783297441672,2,0.9977562696955271
0.0026798497065410854,0.9971517489445285,7.100635303962629e-05,5.382295235962701e-05,4.357204353113848e-05,1,0.9971517489445285
0.0001358819984590052,0.9993203153172472,0.0003546940274935405,0.00010416702587177898,8.494163092835275e-05,1,0.9993203153172472
2.63688535622935e-05,5.995601103572586e-05,0.0009284205122130301,0.9988475126660514,0.00013774195713754317,3,0.9988475126660514
0.0005057150203292615,0.9993172602556579,8.31608273851999e-05,5.165062581723415e-05,4.221327081042031e-05,1,0.9993172602556579
3.0160768882279418e-05,5.3198526809467246e-05,0.0007840750583488925,0.9990119712921074,0.00012059435385195307,3,0.9990119712921074
5.046400283669647e-05,0.9997791251505059,8.75651981691509e-05,4.7799033671163325e-05,3.5046614816863405e-05,1,0.9997791251505059
0.00015387236447221876,0.9992140591203854,0.0003923055513115947,0.00013297276166589951,0.00010679020216503516,1,0.9992140591203854
0.9988406912381177,0.0010955241601985617,2.4221075689044636e-05,1.936843951465169e-05,2.0195086479934496e-05,0,0.9988406912381177
9.780307116003708e-05,0.9994214009784028,0.00032436783769402867,8.850511079777763e-05,6.792300194544944e-05,1,0.9994214009784028
5.6657582517717544e-05,0.00010929553758056575,0.01994411052877074,0.9796822108835723,0.0002077254675587095,3,0.9796822108835723
6.194906948368493e-05,0.00015298588441792782,0.9955667794498931,0.003953584587101125,0.00026470100910399664,2,0.9955667794498931
7.336484607810815e-05,0.9997251924837911,8.703630144495294e-05,6.348983944827341e-05,5.0916529237466695e-05,1,0.9997251924837911
4.359327260114707e-05,0.0024438225785274282,0.9973318608768699,0.00010275585865684802,7.796741334464202e-05,2,0.9973318608768699
4.753882108026583e-05,0.00011020064358670644,0.9970719039903426,0.002483751824927146,0.0002866047200631671,2,0.9970719039903426
6.31649416538085e-05,0.007523025780481588,0.9921664149708929,0.0001363312111675306,0.00011106309580396082,2,0.9921664149708929
0.9997535094257791,0.000218166083499227,1.257572133962889e-05,9.097714761077632e-06,6.651054620958674e-06,0,0.9997535094257791
1.0326621372644166e-05,7.640365993344502e-05,0.9998481529459597,3.2085048033414216e-05,3.303172470077476e-05,2,0.9998481529459597
0.9993118689497466,0.0005135232348545354,7.406020301527747e-05,5.5763798895063474e-05,4.478381348848335e-05,0,0.9993118689497466
2.104614671011895e-05,5.252918270363593e-05,0.0009858375612375007,0.998796326004746,0.0001442611046027057,3,0.998796326004746
6.152022384884858e-05,0.00014998828334388876,0.9963940791505326,0.0030455059022851633,0.00034890643998969757,2,0.9963940791505326
4.76694455440923e-05,0.999804861223379,7.31327999793922e-05,4.125307427157179e-05,3.308345682611417e-05,1,0.999804861223379
0.9999006079515733,7.036801117710263e-05,1.1126061422883613e-05,9.829120340866107e-06,8.068855486043646e-06,0,0.9999006079515733
0.9993113710212557,0.0006320758845228809,2.2297706556607662e-05,1.9319635497175207e-05,1.4935752167822376e-05,0,0.9993113710212557
9.960675027381185e-06,0.0002883407825944116,0.9996604496026765,2.4128243963414635e-05,1.7120695738255553e-05,2,0.9996604496026765
0.9969779205582915,0.0029078302426589616,5.435094828969162e-05,3.235476939615144e-05,2.7543481363727717e-05,0,0.9969779205582915
0.9995469010353156,0.00036848496947536525,3.2876190039582224e-05,2.869383463577818e-05,2.304397053393417e-05,0,0.9995469010353156
1.7873321823131458e-05,3.9467834857218825e-05,0.000191486791887236,0.9996311241227958,0.00012004792863647528,3,0.9996311241227958
1.0106413597586026e-05,6.25094768488656e-05,0.9998761991120635,2.656866841142235e-05,2.4616329078581143e-05,2,0.9998761991120635
0.999456241512978,0.0004916965721968513,2.3837142104358786e-05,1.559772741516912e-05,1.262704530549633e-05,0,0.999456241512978
7.512786550571373e-06,6.201160508111802e-05,0.9998919817784426,2.019483352705932e-05,1.8298996398700425e-05,2,0.9998919817784426
6.0914782579818216e-05,0.0011557150386496192,0.9986575997787642,6.791507941173773e-05,5.785532059444424e-05,2,0.9986575997787642
0.00046234905213043617,0.9993513053659071,9.8832384038652e-05,5.2273961115212616e-05,3.523923680840273e-05,1,0.9993513053659071
8.93748725458239e-06,7.352052972577812e-05,0.9998684098233632,2.6274694571447896e-05,2.2857465084796404e-05,2,0.9998684098233632
0.9995153898522873,0.0003893311993356015,4.0928097925639465e-05,3.01528494364872e-05,2.4198001014668463e-05,0,0.9995153898522873
5.307599998197852e-05,0.0001381988304657507,0.9964889844217049,0.00309601525197385,0.00022372549587362195,2,0.9964889844217049
0.0004680023770822134,0.999334027291488,9.665212296903417e-05,6.181440641706447e-05,3.950380204354604e-05,1,0.999334027291488
5.960755796338994e-06,7.946969549945934e-05,0.999890191083615,1.2264132950282444e-05,1.2114332138874861e-05,2,0.999890191083615
8.979287084530742e-06,7.213604988295489e-05,0.9998607392594212,2.8099360768504853e-05,3.0046042842876182e-05,2,0.9998607392594212
5.170109826850082e-05,0.0001417659983986127,0.996396508675183,0.003192094206082246,0.00021793002206757563,2,0.996396508675183
0.0013477248667047056,0.998275575243653,0.0001635116586823941,0.00010692035641217549,0.00010626787454779637,1,0.998275575243653
0.0007309520582185763,0.9990296415225344,0.00010108124866947245,8.020763081205842e-05,5.811753976525076e-05,1,0.9990296415225344
0.0012174770437886745,0.9977144748024773,0.0006506006642203654,0.0002186421864684089,0.0001988053030454701,1,0.9977144748024773
1.2127968451433201e-05,0.00010121414921832958,0.9998241714315481,3.294619304659241e-05,2.9540257735586808e-05,2,0.9998241714315481
7.827149041742406e-06,0.00014850049675418448,0.999805880516535,2.167745433556702e-05,1.6114383333510593e-05,2,0.999805880516535
0.9999153397357895,5.71725041426204e-05,1.1307008152381192e-05,8.973859989296417e-06,7.206891926224039e-06,0,0.9999153397357895
0.0002701080271366518,0.9991094726234373,0.0002947663019719583,0.00017097083881092965,0.0001546822086429504,1,0.9991094726234373
0.00021083380551530057,0.9992446876859801,0.00030035790290351916,0.00013615921691120719,0.00010796138868978761,1,0.9992446876859801
0.00017276798524531106,0.001452359165038134,0.9980781318210223,0.00015192425675183917,0.00014481677194233097,2,0.9980781318210223
5.891316188246939e-05,0.00015580922248234496,0.996290345389094,0.00323562623957768,0.0002593059869636049,2,0.996290345389094
2.8105245886786893e-05,6.649456860798079e-05,0.0012315374864678946,0.9984738212513629,0.00020004144767446218,3,0.9984738212513629
2.9285290002759283e-05,6.592936450156459e-05,0.0007134359683885161,0.9990325185432761,0.0001588308338309689,3,0.9990325185432761
2.6083259728903807e-05,6.047001959391354e-05,0.0009444536078973613,0.9988776517528513,9.134135992854772e-05,3,0.9988776517528513
1.1133317390058156e-05,8.244259280468184e-05,0.9998403173002537,3.250143213611092e-05,3.360535741528288e-05,2,0.9998403173002537
0.0008075182532128683,0.9989404672473783,0.00010631561816873688,8.051690820578437e-05,6.518197303436497e-05,1,0.9989404672473783
6.658116928702962e-05,0.0006459131383184846,0.9991574500642622,7.81559750014377e-05,5.189965313074013e-05,2,0.9991574500642622
6.009537948388799e-06,4.211633617636653e-05,0.9999177405923958,1.5994046067040685e-05,1.813948741249857e-05,2,0.9999177405923958
0.0005084801144543781,0.999318716155914,8.293865543958235e-05,4.891464508509632e-05,4.095042910674918e-05,1,0.999318716155914
0.000767623854537514,0.9990213930841629,8.756373671791385e-05,6.708333164983269e-05,5.633599293168933e-05,1,0.9990213930841629
1.9221285821602244e-05,3.591288571287541e-05,0.0006380507094796359,0.9992220081580901,8.480696089572952e-05,3,0.9992220081580901
7.840674808879006e-05,0.0005475504702452828,0.9992312805872161,8.260954062294864e-05,6.015265382679304e-05,2,0.9992312805872161
0.9995294392405799,0.0003846447381449852,3.568157116437207e-05,2.7760835044828584e-05,2.2473615065779127e-05,0,0.9995294392405799
0.9995075492273626,0.00038536013186890697,4.3608669361177413e-05,3.5081752316996696e-05,2.8400219090385688e-05,0,0.9995075492273626
2.4820505126587245e-05,4.960299257231811e-05,0.0007854323389809123,0.9989985299950325,0.00014161416828778638,3,0.9989985299950325
2.45658110285769e-05,5.133978330331328e-05,0.0007103442474870661,0.9990798821565351,0.0001338680016460262,3,0.9990798821565351
1.3111040330165748e-05,0.00014168316270089093,0.9997625076007468,4.073159985556664e-05,4.196659636647416e-05,2,0.9997625076007468
0.0006712686504280512,0.9991150335267331,9.893630802685861e-05,6.314998921545489e-05,5.1611525596222935e-05,1,0.9991150335267331
0.00685279259207895,0.9905281408012789,0.0011433711726239971,0.0008186886105129984,0.000657006823505001,1,0.9905281408012789
6.478554142210457e-06,4.77674616585479e-05,0.9999086056322357,1.75931628085599e-05,1.9555189154820867e-05,2,0.9999086056322357
0.9996617416330787,0.0002547021594669359,3.754731962306129e-05,2.5007667897054936e-05,2.1001219934043556e-05,0,0.9996617416330787
0.9996738374775944,0.00025383993959185143,3.0183566643737803e-05,2.2754754929491657e-05,1.9384261240607867e-05,0,0.9996738374775944
0.9997628643122588,0.00020514902015135805,1.184483656887319e-05,1.2049278335176417e-05,8.092552685911e-06,0,0.9997628643122588
0.0001562908215593105,0.9992424350303476,0.00034148852375462917,0.00015131696924188852,0.00010846865509674807,1,0.9992424350303476
2.4100676638262882e-05,5.805869002486612e-05,0.0007214744395223818,0.9990691348562237,0.00012723133759063552,3,0.9990691348562237
0.9996013203804198,0.0002990400359156625,4.21760595518272e-05,3.090528997541742e-05,2.6558234137336552e-05,0,0.9996013203804198
1.5224480285928579e-05,3.309288952843142e-05,0.00017697634300306992,0.9996679300063274,0.00010677628085506313,3,0.9996679300063274
3.290110867926219e-05,7.085702852636057e-05,0.0013598761014751058,0.9983878349176027,0.00014853084371652914,3,0.9983878349176027
7.615838670981358e-05,0.0012081508594239609,0.9985653297340702,8.051202796698305e-05,6.98489918289364e-05,2,0.9985653297340702
0.0006993577638961188,0.9991172688447938,8.735861898068474e-05,5.2221548413552635e-05,4.3793223916052515e-05,1,0.9991172688447938
0.0011796739847814335,0.9986295053313148,7.64804710859006e-05,6.37483964571488e-05,5.059181636065356e-05,1,0.9986295053313148
0.007612569942423288,0.16451757784473237,0.8263572442565432,0.0008359056358715847,0.0006767023204294006,2,0.8263572442565432
2.9949969045125096e-05,8.276013474946446e-05,0.0003903334879761259,0.999299701954692,0.0001972544535371609,3,0.999299701954692
0.0001587351728010014,0.9993276304397897,0.0003277135795539589,0.00010519171656732437,8.072909128799105e-05,1,0.9993276304397897
0.9999191612978459,5.4280526247947734e-05,1.1117651687712214e-05,8.699937869637056e-06,6.7405863487726104e-06,0,0.9999191612978459
2.6830562806260843e-05,5.72094413725148e-05,0.0007919427942717434,0.9989522509308559,0.0001717662706936187,3,0.9989522509308559
2.5356892240805418e-05,4.794470032755542e-05,0.00029272192930137063,0.999522248197753,0.00011172828037728744,3,0.999522248197753
2.2851774093387445e-05,5.6079291958175385e-05,0.0005111183920113629,0.9992878126058207,0.00012213793611649145,3,0.9992878126058207
0.9990884780888721,0.0007901509866741299,6.086812081469759e-05,3.446579942293731e-05,2.603700421618426e-05,0,0.9990884780888721
5.4793751844949195e-05,0.0001469611774329036,0.996352470528705,0.003156509537408384,0.00028926500460879753,2,0.996352470528705
0.0010103988921723885,0.9987557082701066,0.00010526692182854568,6.887379023936215e-05,5.975212565295113e-05,1,0.9987557082701066
7.489350441527016e-05,0.0011196954454908176,0.9986551209172482,7.915817562794676e-05,7.11319572175976e-05,2,0.9986551209172482
1.4017023188190723e-05,0.00010623485144701531,0.9998062762034134,3.933046789638116e-05,3.41414540549797e-05,2,0.9998062762034134
0.9998128210985536,0.00015702183693938712,1.2067173473490838e-05,9.996933973568051e-06,8.092957059727574e-06,0,0.9998128210985536
6.60428794072794e-06,4.923225298539833e-05,0.9999051459313083,2.1160839611825483e-05,1.7856688153802154e-05,2,0.9999051459313083
0.9993798683193857,0.0005681795463432483,1.9825334452689302e-05,1.746219868208066e-05,1.4664601136099127e-05,0,0.9993798683193857
9.627371142805068e-06,6.296207912319176e-05,0.9998721871665409,2.482404899515919e-05,3.0399334197915288e-05,2,0.9998721871665409
0.0001261356461440568,0.00017831937000337432,0.0017054237452197353,0.997468255250634,0.0005218659879988106,3,0.997468255250634
0.0007035552561703787,0.9990791832035074,8.982639517153332e-05,7.382139380494968e-05,5.361375134572342e-05,1,0.9990791832035074
0.9998245596196472,0.00014875284746390394,9.756591340625329e-06,9.768559482873733e-06,7.162382065444012e-06,0,0.9998245596196472
0.999160379607445,0.0007050826936241177,5.585357135619367e-05,4.3360344638656485e-05,3.532378293608827e-05,0,0.999160379607445
9.428223091546213e-05,0.0008731292675160402,0.9988290266086242,0.00011401501343566198,8.954687950869745e-05,2,0.9988290266086242
5.683001800510033e-05,0.00013157720477568812,0.9957876161968923,0.0037371824740916547,0.00028679410623528787,2,0.9957876161968923
8.834515131921811e-06,6.784397862160561e-05,0.9998741429588724,2.1301583122526927e-05,2.7876964251568798e-05,2,0.9998741429588724
0.0001032872376788969,0.00285097033871714,0.9968448212671946,0.00011103414226318285,8.988701414608825e-05,2,0.9968448212671946
9.44414774899453e-06,7.460411582311352e-05,0.9998562933039941,2.805689600797305e-05,3.160153642593682e-05,2,0.9998562933039941
1.654053540419532e-05,3.89982167665722e-05,0.00020823512826284403,0.9996251299823478,0.00011109613721843881,3,0.9996251299823478
8.887509733718172e-05,0.0004040334393044439,0.9993598910851784,8.457816358501762e-05,6.262221459496918e-05,2,0.9993598910851784
7.985253006336308e-05,0.00032466877063451997,0.99950222378579,5.5198849718290775e-05,3.8056063793716216e-05,2,0.99950222378579
5.518419635093191e-05,0.00011406764056749984,0.9968483174887515,0.0027091081795339463,0.0002733224947961854,2,0.9968483174887515
0.99506125622546,0.004855361536027376,3.272464074508592e-05,2.934523650895415e-05,2.1312361258438107e-05,0,0.99506125622546
2.9382766716855174e-05,7.239810460480439e-05,0.9990704188199118,0.0007048264595774671,0.00012297384918934844,2,0.9990704188199118
8.645212934680172e-05,0.0001803601097494493,0.0038981064823510663,0.9953575624875937,0.0004775187909590941,3,0.9953575624875937
0.9997124777623229,0.0002017509549691704,3.525512385596442e-05,2.6370808887113442e-05,2.4145349964942673e-05,0,0.9997124777623229
0.00013093509729349462,0.00029722824715383426,0.99248137807643,0.006490048260556211,0.0006004103185666758,2,0.99248137807643
0.0002229759567697219,0.0036983754219677215,0.9956803627228311,0.00022637013625389967,0.00017191576217768942,2,0.9956803627228311
3.0761390307292074e-05,6.523172132615027e-05,0.0012352876237224752,0.9984828853411567,0.00018583392348742436,3,0.9984828853411567
2.658151691965076e-05,6.349624000193266e-05,0.0006802313141151036,0.9990983345017853,0.00013135642717809512,3,0.9990983345017853
0.00012764536374401585,0.9993473663063233,0.0003136697469186991,0.00012124206407676511,9.007651893721629e-05,1,0.9993473663063233
9.264331836489116e-05,0.00788144256921512,0.9916868441376454,0.0001873786936583497,0.000151691281116227,2,0.9916868441376454
4.3703321131515285e-05,0.00023049673138987996,0.9996460654138286,4.710998133521863e-05,3.262455231484412e-05,2,0.9996460654138286
5.8280101572563414e-05,0.00013342934012691647,0.9968078983820857,0.0027121978248123408,0.0002881943514025908,2,0.9968078983820857
5.988840338610776e-05,0.0009000416939256923,0.9989325126573422,6.288073365729307e-05,4.467651168876771e-05,2,0.9989325126573422
7.421858592149235e-06,7.614078007092036e-05,0.9998805595696503,2.0597812506247206e-05,1.527997918056487e-05,2,0.9998805595696503
1.8968658979478636e-05,4.7674097651634464e-05,0.00020844217783924735,0.99963929463215,8.562043337966393e-05,3,0.99963929463215
0.999251091081042,0.0006965380617018667,2.4304720427343046e-05,1.478250199283299e-05,1.328363483597026e-05,0,0.999251091081042
9.2244372973011e-06,7.256287995026469e-05,0.9998603016645091,2.8404845572744698e-05,2.9506172670489803e-05,2,0.9998603016645091
5.032435616890575e-05,0.00011953891249860179,0.9967951844662466,0.0027364016308036505,0.00029855063428203983,2,0.9967951844662466
0.999632712616689,0.0002635846416724279,4.438614624659294e-05,3.275752719983244e-05,2.6559068192218166e-05,0,0.999632712616689
0.9981326028391924,0.001826416710956965,1.6032153278092772e-05,1.3510898262578583e-05,1.1437398310201823e-05,0,0.9981326028391924
0.9956345050556051,0.004245604448336955,5.526908804372628e-05,3.5610822778270984e-05,2.901058523584029e-05,0,0.9956345050556051
2.904725204102448e-05,7.607315241426859e-05,0.0008796731066209756,0.9988715682018222,0.00014363828710160613,3,0.9988715682018222
0.002646095756788445,0.9588143443468242,0.038005038193421666,0.0002862139825637454,0.0002483077204019847,1,0.9588143443468242
0.00051187958068823,0.9977183551179055,0.001012232820225748,0.00040227880003158444,0.0003552536811489558,1,0.9977183551179055
4.149742363546564e-05,8.767204072185098e-05,0.9983441060685153,0.001306301728860138,0.00022042273826731475,2,0.9983441060685153
7.284139929662246e-05,0.999717988262045,0.00010684181109701055,5.810396332642898e-05,4.422456423481106e-05,1,0.999717988262045
0.9995102061718523,0.00038677369928809675,4.539128713985809e-05,3.107302838015099e-05,2.655581333972951e-05,0,0.9995102061718523
0.00010276137538675284,0.0008221220378797341,0.9988716303405555,9.953954549920005e-05,0.00010394670067884285,2,0.9988716303405555
3.129898058026767e-05,7.295354809940902e-05,0.000904178598358356,0.9988337245295167,0.00015784434344539116,3,0.9988337245295167
0.00031938421954384575,0.9984434483498723,0.0007803824236926105,0.0002524310149575934,0.00020435399193359947,1,0.9984434483498723
0.00040105986912185727,0.9994170041172596,0.0001046868595092388,4.429467665269865e-05,3.2954477456526704e-05,1,0.9994170041172596
0.00010359510984868176,0.9993827386822708,0.00032133512800747497,0.00010583430899900197,8.649677087393343e-05,1,0.9993827386822708
0.9986740673759364,0.0012753982909458196,2.1534629252538436e-05,1.5636417362087393e-05,1.3363286503318307e-05,0,0.9986740673759364
0.999781121695449,0.00018417095111608682,1.4252402855907855e-05,1.1001173158823418e-05,9.453777420299664e-06,0,0.999781121695449
2.3942449107397852e-05,5.207108255789259e-05,0.0006375461569892665,0.9991616002241765,0.00012484008716901157,3,0.9991616002241765
0.9993671519617618,0.0005822606453864807,2.124541424360821e-05,1.6146054151470716e-05,1.319592445651109e-05,0,0.9993671519617618
4.168516632217237e-05,0.00010305040947404646,0.9984057306198959,0.0012063367441999396,0.00024319706010768053,2,0.9984057306198959
8.564586348247047e-05,0.00026804760187547767,0.00288321392167593,0.9962948485214146,0.00046824409155155126,3,0.9962948485214146
3.035374384224289e-05,4.710830553110861e-05,0.9988689019696361,0.0009171554602423498,0.00013648052074842734,2,0.9988689019696361
0.9993703430410804,0.0005947433000337604,1.340934116252756e-05,1.246924453166981e-05,9.03507319160222e-06,0,0.9993703430410804
0.00018549827597192506,0.004585150800459884,0.9948973899697691,0.0001826686471223797,0.00014929230667670202,2,0.9948973899697691
0.0005341853348886609,0.9993081754443294,6.72671051356434e-05,4.994193008158557e-05,4.043018556477791e-05,1,0.9993081754443294
1.1213182352027491e-05,8.302860485152715e-05,0.9998395184830443,2.869336385457086e-05,3.754636589744347e-05,2,0.9998395184830443
1.9475531790532307e-05,0.0049974789594897755,0.9949203876876159,3.529700571525405e-05,2.7360815388605094e-05,2,0.9949203876876159
8.436435254373527e-06,6.823924316903113e-05,0.9998688664803097,2.620917153293464e-05,2.8248669734112198e-05,2,0.9998688664803097
0.00013390537605025864,0.999496986893358,0.00022400955763690118,7.962339869987873e-05,6.547477425496642e-05,1,0.999496986893358
6.405059433604538e-05,0.00014303966275070192,0.9941402990137523,0.005242288669556604,0.00041032205960441913,2,0.9941402990137523
2.9707546612459633e-05,6.623708473242912e-05,0.0011226922597415783,0.9986529507014411,0.00012841240747257503,3,0.9986529507014411
5.849861716674015e-05,0.00013079187111386513,0.9956867585012412,0.0037586014920063244,0.00036534951847177214,2,0.9956867585012412
0.0007913151469303214,0.9989669362495294,0.00010855988663793259,7.072831666532201e-05,6.24604002369798e-05,1,0.9989669362495294
3.140144341226414e-05,5.5054898079099374e-05,0.9984690932655642,0.001249837636400768,0.00019461275654347867,2,0.9984690932655642
7.724680175085606e-06,6.424316816916597e-05,0.999883583978693,2.3600100349141205e-05,2.084807261348679e-05,2,0.999883583978693
7.357541385959601e-05,0.0011553109515460764,0.9986120839572512,8.726165933304662e-05,7.176801800990017e-05,2,0.9986120839572512
2.9632833199099382e-05,7.634646407484429e-05,0.0014412713831233363,0.9983164012767648,0.00013634804283801995,3,0.9983164012767648
4.2461652220893415e-05,9.779579850691277e-05,0.9983164677853706,0.0013655626761711914,0.00017771208773023202,2,0.9983164677853706
7.507297169589169e-06,5.509443611353583e-05,0.9998999566339407,1.9143641041792192e-05,1.8297991734441064e-05,2,0.9998999566339407
0.00200382895469465,0.9979000499043537,3.930482303110589e-05,3.0901870878517746e-05,2.591444704187785e-05,1,0.9979000499043537
2.2269798192192287e-05,5.0384277497798446e-05,0.0006848455241472251,0.999103415744148,0.00013908465601485936,3,0.999103415744148
0.000797290837333737,0.9989902604377431,9.339731994041005e-05,6.55105934518457e-05,5.354081153091033e-05,1,0.9989902604377431
2.225939822106915e-05,5.7523285738373776e-05,0.0006447989572685199,0.9991391036586902,0.00013631470008189473,3,0.9991391036586902
0.0009625271465659572,0.9987110039119746,0.00014687782401109865,9.92466201186422e-05,8.034449732957404e-05,1,0.9987110039119746
0.999570403881369,0.0003831394771459544,1.8657538252412508e-05,1.541740838374067e-05,1.2381694848884179e-05,0,0.999570403881369
1.1653920660171768e-05,0.00020488279644586798,0.9997193918520496,3.2561534718250874e-05,3.150989612589521e-05,2,0.9997193918520496
0.9998841804329424,9.094558724132338e-05,1.0051980308119915e-05,7.192412038328071e-06,7.629587469949185e-06,0,0.9998841804329424
0.00011161834958548491,0.9994210390117729,0.0002888181039202574,0.0001010069957922235,7.751753892919241e-05,1,0.9994210390117729
0.9994472968957555,0.0004477452227749916,4.497528624555435e-05,3.211816726669461e-05,2.7864427957171358e-05,0,0.9994472968957555
0.00013996888607536035,0.9993940481371112,0.00023635441067449667,0.0001324876292847589,9.714093685420169e-05,1,0.9993940481371112
0.9982093866427334,0.0015497547802621628,0.00010409807231982991,7.589527213418715e-05,6.0865232550385985e-05,0,0.9982093866427334
0.9978821657637823,0.0020331871854088043,3.469041186573115e-05,2.635364764057082e-05,2.3602991302659732e-05,0,0.9978821657637823
0.0001420486614121344,0.9991259863862699,0.00042023652292739566,0.0001807552354630897,0.0001309731939273794,1,0.9991259863862699
0.0003437039929588452,0.0004374972670257466,0.9600211741958211,0.038123353446539235,0.0010742710976550996,2,0.9600211741958211
6.795297075542472e-05,0.9934105010199227,0.006290482017761445,0.000125673572192306,0.00010539041936794692,1,0.9934105010199227
7.722431969923766e-06,6.79398066875032e-05,0.9998763097315321,2.330961103615361e-05,2.4718418774419984e-05,2,0.9998763097315321
1.788811160613328e-05,3.858387767375481e-05,0.00011614721792583445,0.9996991141923851,0.00012826660040919508,3,0.9996991141923851
0.9946123780716414,0.005276193455710618,5.2755513843868895e-05,3.3331966757366946e-05,2.534099204695629e-05,0,0.9946123780716414
5.381145457469618e-05,0.0001276417395152401,0.004962772097935801,0.9946303186676647,0.00022545604030953099,3,0.9946303186676647
9.966418658079307e-05,0.0009244159601618816,0.9987950239284328,0.00010195714117666926,7.893878364787173e-05,2,0.9987950239284328
2.4625051913029616e-05,5.7498540730750314e-05,0.0009038351651060866,0.9988855567138406,0.000128484528409572,3,0.9988855567138406
1.1842812514814993e-05,2.7356846841535112e-05,0.9996869732702566,0.00020356506015426634,7.02620102328744e-05,2,0.9996869732702566
0.9998623612121545,0.00010516363094213457,1.5083093459386124e-05,9.604748680618882e-06,7.787314763459287e-06,0,0.9998623612121545
0.00013924779715977247,0.0021010932002910954,0.9975193801058851,0.00013683111441932446,0.00010344778224465741,2,0.9975193801058851
0.00017099645805075968,0.9965690743469366,0.0029932744568168116,0.00014798010557137543,0.00011867463262412214,1,0.9965690743469366
2.880044310601915e-05,5.1501063362283025e-05,0.0010509862493269194,0.9986843350195312,0.0001843772246734345,3,0.9986843350195312
0.9990341752904072,0.0008753740113242598,4.663242118852323e-05,2.3793728744085043e-05,2.00245483359029e-05,0,0.9990341752904072
7.001190565711112e-06,4.998142757281627e-05,0.9999032493442096,1.8635296794193745e-05,2.11327408579339e-05,2,0.9999032493442096
1.6155614254834656e-05,3.580666007762928e-05,0.00020991453297795014,0.9996315356628305,0.00010658752985904354,3,0.9996315356628305
0.00013998178758868807,0.9992397265093735,0.0004008812237113902,0.00012219488969360807,9.721558963272075e-05,1,0.9992397265093735
5.4283813430464264e-05,0.00011370366378864851,0.9970241928776189,0.0025002217071838522,0.0003075979379782384,2,0.9970241928776189
0.0007665066350143175,0.9990239072700593,8.816165268877436e-05,6.767818170217281e-05,5.374626053526798e-05,1,0.9990239072700593
2.8719591586422618e-05,7.572253527028997e-05,0.00032969386739368,0.9993800375480109,0.0001858264577386347,3,0.9993800375480109
2.6688985577178557e-05,6.939501248090822e-05,0.0012692352440271642,0.9984966201885472,0.00013806056936761451,3,0.9984966201885472
0.0007878042293236301,0.9989460712128384,0.00012840605160455067,7.458227543369115e-05,6.313623079961703e-05,1,0.9989460712128384
0.006615126882558768,0.9926099566484178,0.0003689110223156449,0.00021454540222381416,0.00019146004448415788,1,0.9926099566484178
0.9995404161552115,0.00037582172768874393,3.4991529201153606e-05,2.629672602580594e-05,2.2473861872870903e-05,0,0.9995404161552115
1.5858850845184137e-05,3.192002734414664e-05,0.00016109797502711004,0.9997119859452172,7.913720156649997e-05,3,0.9997119859452172
2.3025822421553772e-05,5.1851236990882426e-05,0.0004972663932771803,0.9993242391599749,0.00010361738733546823,3,0.9993242391599749
4.4434057732965254e-05,8.920261653453929e-05,0.998218263505226,0.0014266079016594854,0.00022149191884704713,2,0.998218263505226
5.705418806216026e-05,0.0016241149252875487,0.998198471418911,6.83759240948144e-05,5.198354364454113e-05,2,0.998198471418911
0.9992728467623445,0.0006141357418860176,4.883223098628716e-05,3.436852077960081e-05,2.981674400365901e-05,0,0.9992728467623445
0.9977045107064384,0.0018672726421241975,0.0002458182644117704,0.00010860043187655872,7.379795514917018e-05,0,0.9977045107064384
6.675857908979808e-06,5.081514949809147e-05,0.9999165374419591,1.4504648014612782e-05,1.1466902619264842e-05,2,0.9999165374419591
3.464468434254912e-05,8.283948045445264e-05,0.9984616388700327,0.0012089438516759729,0.00021193311349414947,2,0.9984616388700327
2.8050975164665364e-05,6.024990970041207e-05,0.9987387204772509,0.001045408739348465,0.00012756989853556798,2,0.9987387204772509
0.9997135748511379,0.00020543091172986187,3.2132965481246854e-05,2.7645109215481945e-05,2.1216162435135775e-05,0,0.9997135748511379
0.00017535988407426203,0.9993106241071856,0.0003112006723591043,0.00011585478677040144,8.696054961055209e-05,1,0.9993106241071856
0.0010124071940062107,0.9987297074082234,0.000123472711878403,7.45417949626478e-05,5.987089092917336e-05,1,0.9987297074082234
1.8545797063875906e-05,3.895392893529285e-05,0.0005147296196811728,0.9993066046263502,0.00012116602796944879,3,0.9993066046263502
0.00013695657700162672,0.9996877731355077,8.174483905953882e-05,5.00789601582978e-05,4.344648827294533e-05,1,0.9996877731355077
0.0001744382370963958,0.9989751554967468,0.0005309954066335688,0.00018503023493682922,0.00013438062458634868,1,0.9989751554967468
2.7598903228677448e-05,6.206281108402164e-05,0.0013117471803634948,0.9984719491830736,0.00012664192225023496,3,0.9984719491830736
5.543083915733072e-05,0.9866861468985849,0.013037579242627374,0.00012858636572129315,9.22566539089465e-05,1,0.9866861468985849
5.862112397361402e-05,0.00013364479402042518,0.9953209787778504,0.0041206406769502,0.0003661146272054252,2,0.9953209787778504
2.8041075976743548e-05,5.5679298620316646e-05,0.0007732890258979533,0.9989966709636804,0.0001463196358247284,3,0.9989966709636804
2.49214876620646e-05,6.902452617706921e-05,0.00032145931377609643,0.9994703405951214,0.0001142540772634313,3,0.9994703405951214
0.0001706138899829756,0.9991930712701065,0.0003607578884503114,0.00015714782799017057,0.00011840912347021604,1,0.9991930712701065
0.00011042342852013905,0.001548528721306291,0.998103670090848,0.00013081140721967342,0.00010656635210580225,2,0.998103670090848
0.9981060096575366,0.0018101514295194756,3.08130565975972e-05,2.859113405654376e-05,2.4434722289951174e-05,0,0.9981060096575366
7.839927751158751e-06,6.324474535320093e-05,0.9998846996232769,2.395219963334116e-05,2.0263503985539404e-05,2,0.9998846996232769
2.0211160700647434e-05,4.991568133845079e-05,0.00021585584125425434,0.9995744633703206,0.00013955394638603415,3,0.9995744633703206
2.3876834817371156e-05,5.883521160204467e-05,0.0006161163321449222,0.9991299423507656,0.00017122927067024564,3,0.9991299423507656
0.0021533374975531527,0.9977279625217695,5.288095177557296e-05,3.553814279605343e-05,3.0280886105450962e-05,1,0.9977279625217695
2.956223384312119e-05,4.774605959052176e-05,0.0006056187109716155,0.9992080916757169,0.00010898131987785323,3,0.9992080916757169
2.3773807776100113e-05,6.282972133112427e-05,0.0008683158044958646,0.9988965024008466,0.00014857826555022882,3,0.9988965024008466
0.9983771199601071,0.0015446293696192988,3.514642128463381e-05,2.221158870908468e-05,2.0892660280102802e-05,0,0.9983771199601071
0.00045579218077821803,0.9993959723380054,7.144259975200142e-05,4.026477048087918e-05,3.652811098384285e-05,1,0.9993959723380054
0.9994349702468092,0.00047019078865763285,3.901500135914966e-05,2.9270148764677554e-05,2.6553814409483924e-05,0,0.9994349702468092
0.00013008908217444713,0.0026803055959875397,0.9969218608645529,0.00015525119898489155,0.00011249325830044094,2,0.9969218608645529
0.9987336653759681,0.0010159601553886325,0.00012525669571347977,6.690979260850745e-05,5.820798032133947e-05,0,0.9987336653759681
1.737932309519524e-05,3.356461101633567e-05,0.0001507213099888205,0.9997075510602336,9.078369566589849e-05,3,0.9997075510602336
0.0001803156518583263,0.9992072640685454,0.00037203071075645686,0.00014203065576234142,9.83589130774303e-05,1,0.9992072640685454
0.9994627579473825,0.0003969397440189475,7.598368839563412e-05,3.8271861969480046e-05,2.6046758233438775e-05,0,0.9994627579473825
1.1982319280913106e-05,9.874444541364853e-05,0.9998238765374051,3.477283871839313e-05,3.0623859182042835e-05,2,0.9998238765374051
0.9998830461513122,9.115840023925175e-05,9.713639439597079e-06,8.18915825749107e-06,7.892650751419817e-06,0,0.9998830461513122
8.131989365756659e-05,0.002440803797624843,0.9972118100800023,0.00014293773381544823,0.00012312849489994087,2,0.9972118100800023
3.769237601694874e-05,0.0009464823752647155,0.9988393417772844,9.174028342837474e-05,8.474318800575738e-05,2,0.9988393417772844
2.353412021212955e-05,6.116160039230347e-05,0.9991444099582885,0.0006723984450157658,9.849587609155439e-05,2,0.9991444099582885
6.19977468372107e-06,4.392726074638783e-05,0.9999254403057608,1.4227362322829284e-05,1.0205296486204883e-05,2,0.9999254403057608
0.001031875213029604,0.9986829413488745,0.00012114733438764986,8.347837286077244e-05,8.05577308472434e-05,1,0.9986829413488745
0.00018993123230639226,0.00041502268443513907,0.9082722546466087,0.08992107103981614,0.0012017203968338165,2,0.9082722546466087
8.733415684105014e-06,7.15285717098431e-05,0.9998648464995185,2.693707761296166e-05,2.7954435474674235e-05,2,0.9998648464995185
0.00011600123200397649,0.0014337625069786167,0.9982408123573182,0.00012694954701539726,8.247435668370182e-05,2,0.9982408123573182
3.0499536221316136e-05,8.545651796293282e-05,0.9990452073785248,0.0007184631334952329,0.00012037343379590487,2,0.9990452073785248
3.230243835701139e-05,7.467252015252063e-05,0.00105541440025967,0.9986428536373686,0.00019475700386202612,3,0.9986428536373686
0.0005372281324763648,0.9974924261914024,0.0011782803578845773,0.0004633551907682273,0.00032871012746840927,1,0.9974924261914024
0.9995335531591886,0.0003696242304953696,3.965568005745611e-05,3.06104966168625e-05,2.6556433641787376e-05,0,0.9995335531591886
0.004166743672962375,0.9956028925572309,0.00010209547144595785,6.765681019795651e-05,6.061148816294591e-05,1,0.9956028925572309
1.9185280383944584e-05,4.262992679716544e-05,0.00017586790888061873,0.9996970132879119,6.530359602639222e-05,3,0.9996970132879119
1.6518528659308563e-05,3.792916796801068e-05,0.00020055640667328701,0.9996439061667552,0.00010108972994410391,3,0.9996439061667552
0.9996386483031795,0.0002582523658944555,4.405523975716318e-05,3.420341461429319e-05,2.4840676554422412e-05,0,0.9996386483031795
2.5134605306473138e-05,4.973242156119541e-05,0.0008507482047090521,0.9989435579143217,0.00013082685410158,3,0.9989435579143217
0.000987700039592123,0.9986439135740204,0.00022479411600913514,8.179823234412435e-05,6.179403803420838e-05,1,0.9986439135740204
0.9997026203092956,0.0002001985957720909,4.09009465373683e-05,3.096936085258909e-05,2.531078754247659e-05,0,0.9997026203092956
1.7700415115376552e-05,3.8556471645599964e-05,0.0004387643623784358,0.9994303188133482,7.465993751241115e-05,3,0.9994303188133482
5.578180979722751e-06,4.524612679974601e-05,0.9999174499417509,1.7317823844887242e-05,1.440792662490691e-05,2,0.9999174499417509
1.713269014388251e-05,3.4046538576268475e-05,0.0001832942626978429,0.9996947141290197,7.081237956237644e-05,3,0.9996947141290197
0.00016885585776751114,0.9994931544949435,0.00016540391740475153,8.728612321173602e-05,8.529960667254678e-05,1,0.9994931544949435
2.1194764895917378e-05,6.623798461983487e-05,0.000247429982909943,0.9995231110644666,0.00014202620310785764,3,0.9995231110644666
5.557189918808018e-05,0.00013624343284885024,0.9974363944503671,0.0021393658162289367,0.00023242440136703646,2,0.9974363944503671
0.9992951755362108,0.000576985821688481,4.797124104638236e-05,4.247149256614162e-05,3.7395908488394265e-05,0,0.9992951755362108
0.0008532370038688502,0.9989155750029209,8.11838909548427e-05,8.487048432285506e-05,6.513361793246037e-05,1,0.9989155750029209
6.977302882476978e-06,5.488596844053808e-05,0.9999021850164156,1.8945507819420594e-05,1.700620444191664e-05,2,0.9999021850164156
0.00032465928481586597,0.9978592821439242,0.00138459644580403,0.00025424661893175396,0.00017721550652424523,1,0.9978592821439242
1.2477427746258941e-05,3.6137372426867526e-05,0.00012545636429754357,0.9997277887486798,9.81400868494875e-05,3,0.9997277887486798
9.883238536921843e-06,7.317013799187629e-05,0.9998639453413584,2.4236630808304727e-05,2.8764651304623712e-05,2,0.9998639453413584
5.2615438037832525e-05,0.00011530798944719804,0.9965182764174964,0.002970182798207211,0.0003436173568112212,2,0.9965182764174964
4.6954952457050544e-05,0.0001112630653314671,0.9979123833489087,0.0016705533722499936,0.00025884526105277397,2,0.9979123833489087
2.1677561078705956e-05,5.133909790085718e-05,0.0011911684064539977,0.9986408047873789,9.501014718752877e-05,3,0.9986408047873789
2.6781973723927698e-05,5.865749880925591e-05,0.001087338602138626,0.9986521278118536,0.00017509411347444025,3,0.9986521278118536
2.636161745236297e-05,6.72338075604916e-05,0.0009525877636519503,0.9987737710335061,0.00018004577782914445,3,0.9987737710335061
0.9995896451470674,0.0003691821048764464,1.5540581255934474e-05,1.3439700313977418e-05,1.2192466486098182e-05,0,0.9995896451470674
1.6256926359141734e-05,3.302958578465964e-05,0.00011599860300924322,0.9997408322984094,9.388258643766169e-05,3,0.9997408322984094
6.665080187765942e-06,0.00010043110906037331,0.999865239797275,1.670020347598319e-05,1.0963810000794106e-05,2,0.999865239797275
1.4506027671759037e-05,2.82793546759494e-05,0.00016250880759510625,0.9996927832494367,0.00010192256062045439,3,0.9996927832494367
0.9996723211548282,0.00023488664889073649,3.80294074180895e-05,2.945276844403634e-05,2.5310020418888172e-05,0,0.9996723211548282
0.9992796533650765,0.0006661395978271281,2.1369032617422396e-05,1.7583375921356487e-05,1.5254628557606422e-05,0,0.9992796533650765
1.3699214617278451e-05,3.996519340555714e-05,0.00012255320264218205,0.99975269654019,7.108584914495899e-05,3,0.99975269654019
0.0010095778309269232,0.9986751035238713,0.0001285042764539373,0.00010778533894046876,7.902902980715718e-05,1,0.9986751035238713
1.1302849436176798e-05,0.00010640263215818954,0.9998243415530494,2.9046128458104664e-05,2.8906836897994963e-05,2,0.9998243415530494
7.267504058373078e-06,0.0001789234604161273,0.9997829167745195,1.727837186522262e-05,1.361388914075365e-05,2,0.9997829167745195
0.996990107460467,0.002842979185383439,6.876433286236638e-05,5.2921197666318017e-05,4.5227823620802845e-05,0,0.996990107460467
0.0012700997920819645,0.9985021224276631,0.00010439934235506381,6.469095037950862e-05,5.8687487520514114e-05,1,0.9985021224276631
6.98072200281816e-05,0.00016439777640339296,0.022832044240245136,0.9764778584752998,0.0004558922880234419,3,0.9764778584752998
0.9994770258397448,0.00039938998416053274,4.631722546000209e-05,4.1373215603874366e-05,3.5893735030956446e-05,0,0.9994770258397448
1.615639335160414e-05,4.5118625605682293e-05,0.00018162610632994,0.9996968068029354,6.0292071777390324e-05,3,0.9996968068029354
1.969947125061791e-05,4.8608144190185805e-05,0.00021194967092058925,0.9996274227762062,9.23199374325832e-05,3,0.9996274227762062
0.00010413853418400488,0.9995208435082618,0.00021773880975536612,8.49562465230108e-05,7.232290127578992e-05,1,0.9995208435082618
5.798423804442904e-06,4.048370431999412e-05,0.9999212882313987,1.4927390467495366e-05,1.7502250009291247e-05,2,0.9999212882313987
0.0028036531034241713,0.9969991803968193,9.898110762861666e-05,5.941399748233906e-05,3.877139464549243e-05,1,0.9969991803968193
0.0006775574561241321,0.9991161591607345,8.354806200498943e-05,6.617794151506445e-05,5.655737962136317e-05,1,0.9991161591607345
0.00014132352291702246,0.9987045923524779,0.000715902484315924,0.00023269125592692962,0.00020549038436210214,1,0.9987045923524779
2.096628612911138e-05,4.427055076608891e-05,0.00024466282545233375,0.9995503259165651,0.0001397744210873369,3,0.9995503259165651
3.229810118451334e-05,6.859532829608357e-05,0.9990937196625487,0.0006780011702100925,0.00012738573776077694,2,0.9990937196625487
4.62358433906176e-05,9.149544485732981e-05,0.9977193884026848,0.0019566500772571715,0.00018623023180999536,2,0.9977193884026848
3.488799554537806e-05,9.498570058509967e-05,0.9983704894443385,0.0012765278755482324,0.00022310898398298035,2,0.9983704894443385
2.296022435412967e-05,5.6524931464727916e-05,0.0009192077448968662,0.9988542189005936,0.00014708819869083055,3,0.9988542189005936
0.001014373204667716,0.9987632572124147,0.00010224629965746662,6.298417688761203e-05,5.713910637263482e-05,1,0.9987632572124147
2.853591220470177e-05,6.391863618693764e-05,0.0013741734598491603,0.9983469371286783,0.00018643486308083323,3,0.9983469371286783
0.0010225632443518953,0.9986538148297228,0.000147597923608545,9.727534155312574e-05,7.874866076351617e-05,1,0.9986538148297228
0.0020910941571541165,0.9962890127921051,0.0006525890038377081,0.0005442210225144634,0.0004230830243886686,1,0.9962890127921051
0.9994516902440683,0.00045169474223744044,4.015503272624633e-05,3.228013737896988e-05,2.41798435891317e-05,0,0.9994516902440683
5.4974330996981904e-05,0.00012429856009592427,0.9975023930674483,0.002070627680638152,0.0002477063608206851,2,0.9975023930674483
2.936762737304693e-05,4.750072612643623e-05,0.0006787031011536576,0.9990891836857534,0.00015524485959348495,3,0.9990891836857534
0.000252472343620062,0.9991189877056545,0.000397521974210597,0.00014364784219832047,8.737013431652912e-05,1,0.9991189877056545
0.00046736284767158546,0.999392540762359,6.135405678375012e-05,4.12869254594413e-05,3.745540772622303e-05,1,0.999392540762359
6.554220888240638e-06,8.138477210617902e-05,0.9998869166925418,1.3482478352768258e-05,1.1661836110853185e-05,2,0.9998869166925418
6.355682371087398e-05,0.000542242190014483,0.9992745676007626,7.222024679277626e-05,4.7413138719248024e-05,2,0.9992745676007626
5.342596278056047e-06,3.416477181543739e-05,0.9999367990258777,1.268693358035059e-05,1.1006672448389604e-05,2,0.9999367990258777
1.218386464177585e-05,6.876664285013258e-05,0.9998727588972312,2.3120512635513722e-05,2.317008264147201e-05,2,0.9998727588972312
8.192658489150985e-06,6.33400923450908e-05,0.9998802827972496,2.3455325181999032e-05,2.4729126734060678e-05,2,0.9998802827972496
0.001975523816293252,0.9978540439404028,6.913093337726023e-05,5.868242927982627e-05,4.2618880647044286e-05,1,0.9978540439404028
8.706868172528508e-05,0.0013540523892042891,0.9984250510259324,7.566430646202715e-05,5.816359667597264e-05,2,0.9984250510259324
1.9384203299204822e-05,3.837681363076494e-05,0.00019114845285858712,0.9996842903411464,6.68001890651484e-05,3,0.9996842903411464
0.0007693222281366066,0.9973797292123435,0.0011217502996740865,0.0003904551244055966,0.0003387431354400504,1,0.9973797292123435
2.2116696556166255e-05,5.724971539589461e-05,0.00021726044950718683,0.9995642361189678,0.00013913701957287707,3,0.9995642361189678
1.6281444284008108e-05,3.8234520044348385e-05,0.00020824186869058066,0.9996375359587344,9.970620824663264e-05,3,0.9996375359587344
7.482125737306944e-06,7.118697649656952e-05,0.9998792765850809,2.271560325960642e-05,1.93387094257109e-05,2,0.9998792765850809
2.4588753350935747e-05,5.799004234211319e-05,0.0007464612240112473,0.9990378807052762,0.000133079275019515,3,0.9990378807052762
2.348892785504976e-05,5.330536931506725e-05,0.9992497278855564,0.0005566677047174776,0.00011681011255593666,2,0.9992497278855564
4.3148485166208594e-05,0.0012716547181270748,0.998499186618227,0.00010518205799625733,8.082812048346033e-05,2,0.998499186618227
2.5465163779259205e-05,6.454497957935579e-05,0.0010082320450630457,0.9987352726853373,0.00016648512624098364,3,0.9987352726853373
0.9996531117984923,0.00025634682962709013,3.6060158761089186e-05,3.143374924199258e-05,2.3047463877885883e-05,0,0.9996531117984923
0.0023071576766145684,0.9975806103721379,4.27077422512522e-05,3.935242191862549e-05,3.0171787077778213e-05,1,0.9975806103721379
0.9987041847893507,0.0011283163861657021,6.165954020999498e-05,5.502255466151292e-05,5.081672961184192e-05,0,0.9987041847893507
1.620541515683292e-05,3.329638554495535e-05,0.000178615977661757,0.9996880525520179,8.382966961861739e-05,3,0.9996880525520179
3.953657436777553e-05,8.637362967756132e-05,0.9987405917444488,0.0009523957181903776,0.0001811023333155762,2,0.9987405917444488
8.789753131521243e-06,0.00013771521789085069,0.9997935284892212,2.712481559144925e-05,3.2841724165017875e-05,2,0.9997935284892212
0.00010493738587322457,0.9854444135363657,0.01412661334043983,0.00018458239626438573,0.00013945334105688436,1,0.9854444135363657
7.440176168860746e-05,0.0001452403875040901,0.0007935139508969964,0.9985791155307812,0.00040772836912913134,3,0.9985791155307812
0.9989826808570322,0.0009653472215892008,2.3068304792715704e-05,1.554507256060787e-05,1.3358544025145763e-05,0,0.9989826808570322
2.6843088910376166e-05,6.0979573478824744e-05,0.0011700709481387037,0.9985398290889342,0.00020227730053778398,3,0.9985398290889342
1.7375474806080353e-05,4.522268068745798e-05,0.00015600312184390084,0.9997099760410023,7.142268166024325e-05,3,0.9997099760410023
1.7309689261887383e-05,4.373302280753543e-05,0.00019057186808694649,0.9996753724248101,7.301299503362513e-05,3,0.9996753724248101
9.889653262788105e-05,0.9996073018967128,0.00012845971506251824,8.853363803990345e-05,7.680821755689973e-05,1,0.9996073018967128
0.0012243765345850252,0.9983623150798043,0.0001797062494546658,0.00011367297673611354,0.00011992915941960468,1,0.9983623150798043
2.6619653597499907e-05,6.875216397632611e-05,0.0009138115413204299,0.9988697560901428,0.00012106055096304321,3,0.9988697560901428
0.0001078756597351393,0.999486429999841,0.00024156544139279526,8.921061109633628e-05,7.491828793460695e-05,1,0.999486429999841
0.9944604731819617,0.005485020488941974,2.135675805624845e-05,1.92030819701446e-05,1.3946489069810093e-05,0,0.9944604731819617
1.1787088151956122e-05,0.00012143089872927902,0.9998018486292631,3.4412780246448365e-05,3.0520603609024314e-05,2,0.9998018486292631
1.3763937382969835e-05,3.079945427942754e-05,0.00011355490429289744,0.9997537069229394,8.817478110531984e-05,3,0.9997537069229394
0.9994324624796088,0.00046000755837105725,4.5572551120425206e-05,3.4093396523750074e-05,2.786401437606379e-05,0,0.9994324624796088
0.9988552650815672,0.0009308191474035654,9.752534629197379e-05,6.102692917400192e-05,5.536349556319103e-05,0,0.9988552650815672
0.9995667165634168,0.00033520266921512694,3.9903521451784497e-05,3.1619931161872614e-05,2.6557314754523352e-05,0,0.9995667165634168
0.9946172576248328,0.005310421054310722,3.548321956174071e-05,2.1230880078250993e-05,1.560722121630485e-05,0,0.9946172576248328
9.64377692207259e-06,8.278591908322137e-05,0.9998534671525248,2.501356909724977e-05,2.9089582372711018e-05,2,0.9998534671525248
0.00016382497945467722,0.9991074583629043,0.0004884925365154498,0.00012652662427061005,0.00011369749685497535,1,0.9991074583629043
6.663008276598904e-06,3.6467954345585713e-05,0.9999287291941117,1.6695012039856554e-05,1.1444831226312188e-05,2,0.9999287291941117
0.9994042904031349,0.000542353678305861,2.186569480201288e-05,1.7328172200621273e-05,1.4162051556601888e-05,0,0.9994042904031349
1.1113170105747749e-05,8.928651096523463e-05,0.9998329272279505,3.653173616833011e-05,3.0141354810213435e-05,2,0.9998329272279505
0.9987683841169767,0.0011882742122214537,1.6716784862109417e-05,1.4256511190951065e-05,1.2368374748854287e-05,0,0.9987683841169767
0.9999139838165899,5.747536884731278e-05,1.2243738285832066e-05,9.090194123458244e-06,7.20688215343354e-06,0,0.9999139838165899
0.00016924876951090716,0.00047077871817937864,0.9602305844229665,0.038113555312273374,0.0010158327770700701,2,0.9602305844229665
6.333066701526815e-06,0.00015393043130606919,0.9998098495165771,1.6839772571474608e-05,1.304721284365363e-05,2,0.9998098495165771
0.000641996956057,0.9991575168866397,8.1115922968888e-05,6.578117671089841e-05,5.358905762351057e-05,1,0.9991575168866397
1.713861433416615e-05,4.166269137967619e-05,0.00019772198813004292,0.9996400414327908,0.00010343527336540997,3,0.9996400414327908
0.9994069988967357,0.0005048825108156144,3.4742841109343416e-05,2.7986479162303395e-05,2.5389272177103e-05,0,0.9994069988967357
5.058721002141003e-06,2.653228820486011e-05,0.9999466050760555,1.2071077169536874e-05,9.732837568134524e-06,2,0.9999466050760555
1.667022923828148e-05,0.0014586789028871324,0.9984237096144392,4.7481552464587676e-05,5.345970097098275e-05,2,0.9984237096144392
7.018707804621257e-05,0.000779478095356901,0.9990048655321584,8.036156741573052e-05,6.510772702282542e-05,2,0.9990048655321584
4.7669482441817514e-05,0.00011830243300636929,0.9976812157722479,0.0018472994663481818,0.00030551284595564107,2,0.9976812157722479
0.000175371714864584,0.00040119946204856134,0.9512892195576184,0.047424416898612466,0.0007097923668559976,2,0.9512892195576184
1.437243539222116e-05,3.857340687200687e-05,0.000130367784586567,0.9997537740584779,6.291231467131428e-05,3,0.9997537740584779
6.765417337535672e-06,0.0003627277709200231,0.9996010599409232,1.550894088117617e-05,1.3937929938064852e-05,2,0.9996010599409232
0.0007473763604638158,0.9991014482048455,5.796250735276072e-05,4.887428435446761e-05,4.4338642983291774e-05,1,0.9991014482048455
4.6562949297455625e-05,0.9994873251137462,0.0003106556515957452,8.324032925273616e-05,7.221595610778421e-05,1,0.9994873251137462
4.412014114494921e-05,0.0002980246918320428,0.9995666308354917,4.9320136810287066e-05,4.190419472101782e-05,2,0.9995666308354917
2.862821890546394e-05,6.433696062821967e-05,0.998851750074146,0.0008940499829015277,0.00016123476341894954,2,0.998851750074146
0.9997799128285204,0.00016409922951538626,2.269183135061919e-05,1.7894859979820003e-05,1.5401250633801914e-05,0,0.9997799128285204
0.00029309285769189115,0.9986579021611776,0.0005640091745449635,0.00019674498994248083,0.00028825081664319983,1,0.9986579021611776
6.662399596719191e-06,5.553414489526083e-05,0.9999007891799122,1.6904158202526223e-05,2.0110117393322187e-05,2,0.9999007891799122
7.56329694764157e-05,0.001223201998991451,0.9985351051171346,9.223499372980538e-05,7.382492066763316e-05,2,0.9985351051171346
0.00019333625094445243,0.9990873617356799,0.00039195631310893705,0.0001930761073669706,0.0001342695928999799,1,0.9990873617356799
0.9998610545536306,0.00010691736819637564,1.4563854258385636e-05,9.685206344911677e-06,7.779017569852031e-06,0,0.9998610545536306
4.2342694199205516e-06,0.00022560125837237316,0.9997513038386907,1.0143201383795166e-05,8.71743213347219e-06,2,0.9997513038386907
9.598987233367123e-06,7.161588197989386e-05,0.9998623514079863,2.5708714517086572e-05,3.0725008283500874e-05,2,0.9998623514079863
4.993435360753604e-06,0.0001039139704538268,0.9998671814939576,1.3630711912105931e-05,1.0280388315740787e-05,2,0.9998671814939576
0.9957172357106541,0.00391695543459616,0.0001720211886198307,0.00010160858337275621,9.217908275706247e-05,0,0.9957172357106541
0.0006948995759457695,0.9991297668821185,6.311139218377845e-05,6.123135044087189e-05,5.099079931100361e-05,1,0.9991297668821185
1.6792006125398946e-05,3.3020158843263737e-05,0.00018611589239386517,0.9996512867775208,0.00011278516511666361,3,0.9996512867775208
2.0250063455409104e-05,5.326895771184755e-05,0.0001692995735698146,0.9996723388906208,8.484251464222837e-05,3,0.9996723388906208
0.00010312582474663736,0.001341841639816748,0.998318991643692,0.000118696701691527,0.00011734419005300943,2,0.998318991643692
9.398700673815574e-06,0.0003258357978539339,0.9996256396981928,2.278094535600981e-05,1.6344857923384693e-05,2,0.9996256396981928
1.672924380677248e-05,4.0132829212001846e-05,0.00015593169401589035,0.999672535399203,0.00011467083376229733,3,0.999672535399203
0.0021037489256833047,0.29831467469532097,0.6984349595497957,0.0006209429653631376,0.0005256738638367128,2,0.6984349595497957
0.00012789925687274123,0.9993572388427303,0.00030201086706447167,0.0001239088232841888,8.89422100482472e-05,1,0.9993572388427303
0.9511034897220372,0.04519114304575625,0.002198529581783328,0.000754738872857348,0.0007520987775661958,0,0.9511034897220372
0.0003328482975619907,0.9973325334905294,0.0015455155560062121,0.0004461469079778694,0.00034295574792428824,1,0.9973325334905294
1.688904916632738e-05,3.9267983281212754e-05,0.00012931978221679676,0.9997110960554145,0.00010342712992111194,3,0.9997110960554145
0.000707864957221138,0.9990316702695351,0.00011289951722423426,7.936420708626568e-05,6.82010489336185e-05,1,0.9990316702695351
0.9987340388370939,0.0012108039760951098,2.093939709110914e-05,1.832219312300357e-05,1.589559659659421e-05,0,0.9987340388370939
1.7162673748866173e-05,4.23707306639582e-05,0.00014797509763081346,0.9997126725476018,7.98189503547582e-05,3,0.9997126725476018
5.229291990826013e-06,0.0005412671211001549,0.9994243780299927,1.4654904557892854e-05,1.4470652358367426e-05,2,0.9994243780299927
0.0002133270427030961,0.9977474762797212,0.0015229236745159457,0.00024379418093483277,0.0002724788221249193,1,0.9977474762797212
1.85347185168668e-05,3.848047926998328e-05,0.00015585259403146746,0.9996733495542828,0.00011378265389891419,3,0.9996733495542828
2.6637924313741082e-05,5.6290647683612626e-05,0.0008784953110007989,0.9989118079697293,0.00012676814727262807,3,0.9989118079697293
2.3362838878323107e-05,4.934223464463402e-05,0.00024363038892655407,0.9995267457262539,0.0001569188112967695,3,0.9995267457262539
0.9993776655793338,0.0005052079949135691,5.4478212447752135e-05,3.431762186623022e-05,2.833059143857304e-05,0,0.9993776655793338
0.9994464348621053,0.0004529631378938472,4.061945651263446e-05,3.2118139564442515e-05,2.78644039238135e-05,0,0.9994464348621053
0.9994342905043422,0.0004191755205423623,6.328941796382926e-05,4.457397351108528e-05,3.867058364044449e-05,0,0.9994342905043422
0.9990039717200798,0.000944434722511825,2.2724599446941878e-05,1.57873504073076e-05,1.308160755405853e-05,0,0.9990039717200798
0.9989197125101791,0.0009062837246053601,7.696608251380358e-05,5.29673883447238e-05,4.407029435691237e-05,0,0.9989197125101791
0.996251378510566,0.003697950702431589,1.9574474476222678e-05,1.760128203264818e-05,1.3495030493501435e-05,0,0.996251378510566
0.0001726913373721078,0.0004909859927050465,0.9536378164013909,0.044760619172059125,0.0009378870964728621,2,0.9536378164013909
0.000790880824674847,0.027773141404833727,0.9708585659615894,0.000317733253738309,0.00025967855516391224,2,0.9708585659615894
1.511661273771983e-05,3.656987654047736e-05,0.00012197127042420424,0.9997604446614967,6.589757880091098e-05,3,0.9997604446614967
4.1025746194636294e-05,0.0010476403381864073,0.998750633738484,8.235720329198135e-05,7.834297384277942e-05,2,0.998750633738484
0.00026289682778698136,0.9987008111114718,0.0006432628351341549,0.0002104506875973691,0.00018257853800938718,1,0.9987008111114718
1.6940547650222663e-05,3.628439065617904e-05,0.00015953754046146441,0.9996940051508421,9.323237039003695e-05,3,0.9996940051508421
0.00026802710861804875,0.9992188515128794,0.0002857011113512264,0.0001281130740893398,9.93071930621604e-05,1,0.9992188515128794
4.846337768375721e-06,0.0003117987126343906,0.9996662581945462,9.156146372932238e-06,7.940608678222962e-06,2,0.9996662581945462
2.7925852819131735e-05,6.707829699412066e-05,0.0012298238950324738,0.9985583746219882,0.00011679733316623565,3,0.9985583746219882
1.298609400072828e-05,0.00010769393102876493,0.9998139930575364,3.340075651104591e-05,3.192616092289951e-05,2,0.9998139930575364
0.0006382815265176389,0.9991485632687335,0.00010560787219377283,5.679796865111591e-05,5.074936390386522e-05,1,0.9991485632687335
0.00019544900750058256,0.999632505356111,7.77965067166544e-05,4.941759577026702e-05,4.483153390153342e-05,1,0.999632505356111
3.44018385130588e-05,8.692348276337545e-05,0.0016135583559320022,0.9980952973711262,0.00016981895166529645,3,0.9980952973711262
6.622154604256742e-05,0.9997412198334186,9.01993545819027e-05,5.110900755100153e-05,5.125025840614054e-05,1,0.9997412198334186
0.0009954127116895803,0.9986611493331528,0.00017168595868337689,9.260735599592439e-05,7.914464047812575e-05,1,0.9986611493331528
0.000676103391799636,0.9991030062123235,9.381687328177182e-05,7.331696590089327e-05,5.375655669415509e-05,1,0.9991030062123235
0.00016275346734671972,0.0001427951572791052,0.0012182398998606735,0.9981276623233142,0.00034854915219937384,3,0.9981276623233142
1.739729452323345e-05,2.6189518855002833e-05,0.0001796071639195744,0.9996683754835324,0.00010843053916997962,3,0.9996683754835324
0.0009409194028794385,0.998692731427912,0.00016198729333172086,0.00010947553988493724,9.488633599186389e-05,1,0.998692731427912
2.3925405882651377e-05,6.146789982040971e-05,0.0002735270498139421,0.9994788785750945,0.0001622010693884013,3,0.9994788785750945
0.999888864632427,8.375343898336754e-05,1.190028249490922e-05,8.414872521646751e-06,7.066773573116362e-06,0,0.999888864632427
0.9994770088508697,0.00042291732291610496,3.712930803448758e-05,3.409491612327891e-05,2.884960205640333e-05,0,0.9994770088508697
0.00011998772987521528,0.0010709684773021284,0.998565769700455,0.00012755577478395589,0.00011571831758363141,2,0.998565769700455
1.2427672792754625e-05,9.800874565142807e-05,0.9998168745741228,3.517670347100421e-05,3.751230396194825e-05,2,0.9998168745741228
5.461046749150923e-05,0.001569175123290609,0.9981771192584865,0.00010660433135764717,9.249081937388526e-05,2,0.9981771192584865
1.7229238310130612e-05,4.347768691984125e-05,0.00017681629565257314,0.9996529908311053,0.00010948594801220186,3,0.9996529908311053
0.9941192452602913,0.005828971489892201,1.849711837324513e-05,1.7823329140229972e-05,1.546280230316521e-05,0,0.9941192452602913
0.9989091312017624,0.0010362955192494967,2.2785448365090318e-05,1.71594174178134e-05,1.462841320534192e-05,0,0.9989091312017624
4.9053572782086944e-05,0.9996567744810427,0.00021647581817415122,4.3080414321043315e-05,3.461571368000963e-05,1,0.9996567744810427
2.4550874756677383e-05,4.964954197142048e-05,0.9992235115102156,0.0005606609234911918,0.0001416271495650427,2,0.9992235115102156
2.2864116113958028e-05,4.934738048135251e-05,0.0012904445769256869,0.998475910737214,0.00016143318926522488,3,0.998475910737214
0.9996101440234804,0.0003520898586400678,1.6941167145664933e-05,1.1009421748464378e-05,9.815528985185941e-06,0,0.9996101440234804
0.0011433655527966398,0.9983924264055287,0.00025014032776492787,0.0001241577201381053,8.990999377156182e-05,1,0.9983924264055287
0.9992282709557219,0.0006007958259308647,8.627118844931696e-05,4.439079687159802e-05,4.027123302632448e-05,0,0.9992282709557219
0.00017454663513830925,0.9991692752040041,0.0003874094325245126,0.00014763020864121733,0.00012113851969183235,1,0.9991692752040041
7.519217164721135e-06,5.378936751975415e-05,0.999899615553431,2.0748816821489233e-05,1.8327045063152072e-05,2,0.999899615553431
0.0006653141807822114,0.9991030906330216,0.0001056437448753084,7.041603786557167e-05,5.5535403455263646e-05,1,0.9991030906330216
0.0001912002689928623,0.9993902744979805,0.00023599883208116752,8.278270555416489e-05,9.974369539153554e-05,1,0.9993902744979805
0.9993939029678233,0.0004988237597065033,4.277799537450141e-05,3.6098287174222084e-05,2.8396989921509257e-05,0,0.9993939029678233
1.781432965123896e-05,4.059058391531371e-05,0.00013298192891563642,0.9996944906812358,0.00011412247628207961,3,0.9996944906812358
0.0005466031573265098,0.9974502842385203,0.0013006229553138731,0.0003787770176129004,0.00032371263122628227,1,0.9974502842385203
0.0003459223292024547,0.0006747826766030532,0.8793911871644668,0.11796161303566464,0.0016264947940631176,2,0.8793911871644668
5.8921644135477914e-05,0.0003533738600866085,0.9994690535614821,6.529022585199926e-05,5.336070844362012e-05,2,0.9994690535614821
0.999359307281836,0.000534394096406399,4.2999183135040166e-05,3.4882327080587884e-05,2.8417111542093567e-05,0,0.999359307281836
0.9994636513843448,0.00039053897637366574,6.686224401794826e-05,4.361289061909222e-05,3.533450464467129e-05,0,0.9994636513843448
2.718628907536673e-05,6.3036634817817e-05,0.0003093631120380242,0.0023837995730607913,0.9972166143910081,4,0.9972166143910081
0.0008531557082562798,0.9971127459054584,0.0012655970983597024,0.0004394151054337802,0.0003290861824918194,1,0.9971127459054584
2.6538390727663205e-05,7.664736028289933e-05,0.00037267578359023815,0.99934831446169,0.00017582400370905768,3,0.99934831446169
8.601505534481922e-06,5.6200354299786054e-05,0.999892729895045,1.9630262251657368e-05,2.283798286902584e-05,2,0.999892729895045
4.738898965621081e-06,0.00011152647030252066,0.9998633232000474,1.1534263963972664e-05,8.87716672037745e-06,2,0.9998633232000474
1.6341194056158097e-05,3.536707742015093e-05,0.0001697542335260185,0.9996739229931709,0.00010461450182670152,3,0.9996739229931709
1.040778058716464e-05,9.182408501369184e-05,0.9998408453337513,3.0108555946510365e-05,2.68142447013311e-05,2,0.9998408453337513
0.00025038537436508347,0.9996224997950359,6.834932371947837e-05,3.039118346001188e-05,2.8374323419458745e-05,1,0.9996224997950359
0.9995068910127186,0.00039331941288716445,3.980340258378857e-05,3.212008237899985e-05,2.786608943145214e-05,0,0.9995068910127186
2.880635955666308e-05,6.56739071803758e-05,0.0014096868447679048,0.9983465116228105,0.00014932126568455682,3,0.9983465116228105
0.9992335305016125,0.0006183128230364843,6.418902045726857e-05,4.864128582007425e-05,3.532636907376936e-05,0,0.9992335305016125
2.743823311044797e-05,5.6535415309040616e-05,0.0009548942217737455,0.9988027853810514,0.00015834674875537383,3,0.9988027853810514
0.00012104844460812684,0.9995316293015089,0.00022463525368399202,6.6151887237149e-05,5.6535112961912956e-05,1,0.9995316293015089
0.00016307333189456523,0.9992589923446339,0.0003758974884955107,0.00010818226246420951,9.385457251178936e-05,1,0.9992589923446339
1.12471564954837e-05,8.922551015831777e-05,0.999834545371621,2.9468002201763114e-05,3.5513959523413954e-05,2,0.999834545371621
2.6846103760507246e-05,7.584157651664267e-05,0.0010470754410137183,0.9987415554947733,0.00010868138393576472,3,0.9987415554947733
0.00131774663345156,0.9982047742854306,0.00020640491807617475,0.00012076772003233832,0.0001503064430093403,1,0.9982047742854306
0.9997182813200878,0.00019639891427169302,3.6711199770788434e-05,2.6747907741507764e-05,2.1860658128321362e-05,0,0.9997182813200878
0.9995894883790969,0.00032903965899058085,3.3568585027187726e-05,2.5867466789590625e-05,2.203591009597283e-05,0,0.9995894883790969
0.999915158030524,6.062372160042278e-05,9.731290869805823e-06,7.595938421440062e-06,6.89101858451076e-06,0,0.999915158030524
1.939642236546767e-05,4.47889638892094e-05,0.0005101255594858212,0.999319012908899,0.00010667614536055768,3,0.999319012908899
6.702337065104038e-05,0.9931515640278314,0.006535857490498377,0.0001416766871156088,0.0001038784239034843,1,0.9931515640278314
0.9993813997096879,0.00048334366013821087,5.731403266264028e-05,4.086760048090178e-05,3.707499703043468e-05,0,0.9993813997096879
1.8529987529945237e-05,3.8038167454037016e-05,0.000159382153367156,0.9996976409609762,8.640873067271751e-05,3,0.9996976409609762
0.00041911830595132337,0.00461741763579321,0.9946385949877129,0.0001739537795676303,0.00015091529097509227,2,0.9946385949877129
9.044772375451548e-05,0.00019693491008327302,0.9554432320058768,0.04391241261786894,0.00035697274241649617,2,0.9554432320058768
2.1232748784644284e-05,5.011924205444988e-05,0.0002834034721484421,0.9995074542202099,0.00013779031680268152,3,0.9995074542202099
2.9114981429075005e-05,7.805399418416505e-05,0.001082741526454677,0.998674961908948,0.00013512758898407597,3,0.998674961908948
6.41298195898053e-05,0.001329377964410977,0.9984714199397818,7.416339474584396e-05,6.090888147175811e-05,2,0.9984714199397818
0.0004634687767004556,0.9983862547266095,0.000722555164937825,0.00021792804273798437,0.00020979328901422756,1,0.9983862547266095
7.288283144498533e-05,0.00017602724101771966,0.005719710934398059,0.9937437301376897,0.00028764885544946376,3,0.9937437301376897
6.2231240606948374e-06,3.59242755264457e-05,0.9999308666028488,1.4173949893620526e-05,1.2812047670387259e-05,2,0.9999308666028488
0.0005501739627334482,0.9992603436258357,7.931861668477406e-05,5.7762123599826825e-05,5.240167114621667e-05,1,0.9992603436258357
0.0007419186663431692,0.9990050193089587,0.00011532624061116776,7.426607580800923e-05,6.346970827894926e-05,1,0.9990050193089587
7.468117187831103e-06,6.23840942223779e-05,0.9998816645414758,2.3476906211319035e-05,2.5006340902731602e-05,2,0.9998816645414758
0.9981661943170738,0.0016543005288634075,8.841835088309558e-05,4.817368141197149e-05,4.291312176746223e-05,0,0.9981661943170738
0.9993660655501669,0.00043676077308665607,9.012894088118715e-05,5.89036658025733e-05,4.814107006271451e-05,0,0.9993660655501669
1.4486325149207685e-05,3.439651114461537e-05,0.00015149178391097033,0.9997170344168452,8.259096294988466e-05,3,0.9997170344168452
0.9996214608893194,0.0002900862514566472,3.746388102049567e-05,2.794224405199943e-05,2.3046734151566568e-05,0,0.9996214608893194
0.00014116442164405395,0.9995521856328895,0.00017822327132181,7.204572445687968e-05,5.6380949687671574e-05,1,0.9995521856328895
8.2250490597616e-05,0.000222717755142957,0.9943475813912028,0.005003061262682493,0.00034438910037415377,2,0.9943475813912028
0.9997104121003654,0.0002090793791861775,2.9159224508340236e-05,2.714657348873768e-05,2.4202722451281432e-05,0,0.9997104121003654
1.033034344688352e-05,9.243821194931733e-05,0.9998344336035861,2.973186434111859e-05,3.3065976676538245e-05,2,0.9998344336035861
0.00020388853451350537,0.999298247165945,0.0002881952140382787,0.00010850798933960934,0.00010116109616368475,1,0.999298247165945
1.0889955306320503e-05,9.567041996668561e-05,0.9998248622336733,3.204742892932562e-05,3.6529962124507725e-05,2,0.9998248622336733
0.00010851300394918496,0.9994858831344959,0.0002362792614728358,9.404830469485271e-05,7.527629538699968e-05,1,0.9994858831344959
0.0007624088184207855,0.9989961900234523,0.00011176652542932293,6.853364170028394e-05,6.110099099722378e-05,1,0.9989961900234523
3.328455160095068e-05,0.00017516788425667512,0.9996847082130897,5.453351101919422e-05,5.2305840033517046e-05,2,0.9996847082130897
2.0650718728817913e-05,4.013396208281899e-05,0.0001673198620779331,0.9996590459681461,0.00011284948896424692,3,0.9996590459681461
7.3197938424795554e-06,7.10945812506582e-05,0.9998801238936043,2.2542593727644234e-05,1.891913757476766e-05,2,0.9998801238936043
0.0007297215133979517,0.9990501570654693,8.434793206952361e-05,7.498076603360199e-05,6.0792723029514187e-05,1,0.9990501570654693
0.9999124756007411,6.117657039907998e-05,1.07233592815457e-05,7.213191696032957e-06,8.411277882359914e-06,0,0.9999124756007411
0.9994167176297208,0.00046188134555229146,5.376288273117225e-05,3.546467082975138e-05,3.217347116606055e-05,0,0.9994167176297208
0.0005477210631547719,0.9992801004332797,7.507900914319783e-05,5.025095082732674e-05,4.68485435947909e-05,1,0.9992801004332797
2.0177272904494945e-05,4.4795353831740824e-05,0.0002231712646447351,0.9996075323753041,0.00010432373331478232,3,0.9996075323753041
0.9996722392817292,0.0002877577891876972,1.7391244840358386e-05,1.1855972309594755e-05,1.0755711933137754e-05,0,0.9996722392817292
0.9998586264987915,0.00011711749408345027,9.408013321354637e-06,7.820072275833201e-06,7.027921527733664e-06,0,0.9998586264987915
2.060573062408381e-05,4.42656922871338e-05,0.00019555846143027764,0.9996107685290933,0.00012880158656511983,3,0.9996107685290933
3.719902003205055e-05,0.9969762924256244,0.002842428471401624,8.216766795753464e-05,6.191241498452027e-05,1,0.9969762924256244
5.44372370605784e-05,8.76048811736586e-05,0.0006840290900609378,0.9988952989973198,0.0002786297943850816,3,0.9988952989973198
7.364832869985322e-06,5.690158503134251e-05,0.9998967239217499,2.1071036742581998e-05,1.793862360626262e-05,2,0.9998967239217499
0.00011893037404347566,0.9994814986875796,0.00022927244779956063,9.504670579967032e-05,7.525178477772298e-05,1,0.9994814986875796
5.339010465379354e-06,1.7486722873302217e-05,0.9999525423809741,1.3640034017993525e-05,1.0991851669352579e-05,2,0.9999525423809741
7.019545899794115e-05,0.9995881506616625,0.00022442254842541318,6.450905859064877e-05,5.272227232344014e-05,1,0.9995881506616625
7.125018505777886e-05,0.9995783529842351,0.00018706285031308697,6.307695285119854e-05,0.00010025702754257293,1,0.9995783529842351
2.0031458811279746e-05,4.535625103086405e-05,0.00024081670182940173,0.9995654696996847,0.00012832588864362555,3,0.9995654696996847
0.00017018345281279566,0.00011356716509729065,0.0007631710323905232,0.9987182652759966,0.0002348130737027868,3,0.9987182652759966
1.2757587196261685e-05,0.00016202333247413263,0.999770253301479,2.8415141919461024e-05,2.6550636931079407e-05,2,0.999770253301479
3.5848491377387326e-05,7.784554553939154e-05,0.0007102946110796931,0.9990432057332512,0.00013280561875241023,3,0.9990432057332512
2.413608564865318e-05,5.1597134161916894e-05,0.00030423520787971933,0.9994579191728248,0.00016211239948488347,3,0.9994579191728248
4.026713762165423e-06,3.736428605638697e-05,0.9999397804685779,1.0538411051227278e-05,8.29012055242677e-06,2,0.9999397804685779
0.9997548434004517,0.00018814634046062447,2.6552362126299473e-05,1.67601122013063e-05,1.369778476005808e-05,0,0.9997548434004517
6.082771946890053e-06,7.23792918876307e-05,0.9998926617228343,1.63446509759005e-05,1.2531562355303558e-05,2,0.9998926617228343
0.00010582317670956248,0.0001374246561284239,0.0008389933977126544,0.9986903885124477,0.00022737025700167112,3,0.9986903885124477
0.9988657993001131,0.0010670598055415076,2.878527775296466e-05,1.9653844680784254e-05,1.8701771911610175e-05,0,0.9988657993001131
0.0006483604053180726,0.999154093747253,8.873724005016811e-05,5.7051558932301524e-05,5.175704844685501e-05,1,0.999154093747253
2.3114748496819117e-05,4.744156609933643e-05,0.0013582514185396153,0.9984379398428858,0.00013325242397867537,3,0.9984379398428858
0.9991090018071401,0.0008291083934177346,2.4453297611221577e-05,1.962906098956211e-05,1.7807440841512787e-05,0,0.9991090018071401
0.9986572930877391,0.0010789055950834936,0.00011989064870006771,8.081121923501971e-05,6.309944924212806e-05,0,0.9986572930877391
1.3342406977928932e-05,3.085721957817255e-05,0.00012131842049564254,0.9997579893977795,7.649255516866355e-05,3,0.9997579893977795
0.0006013086923963503,0.9992049685306695,8.567502047284106e-05,5.7855047816033726e-05,5.019270864499991e-05,1,0.9992049685306695
1.4722673180345825e-05,3.6965536746431395e-05,0.00016760421714311977,0.9997079533447449,7.275422818519866e-05,3,0.9997079533447449
0.9995457566128677,0.0003745617503715472,3.447842929533014e-05,2.4204424182478592e-05,2.0998783282907415e-05,0,0.9995457566128677
3.2445396768438605e-05,0.9997761218201263,0.0001235522326635406,3.8812868238369554e-05,2.90676822034009e-05,1,0.9997761218201263
0.999299757044488,0.0006523060854536369,1.8678362504483933e-05,1.5460449986942152e-05,1.3798057566875292e-05,0,0.999299757044488
0.9995601224968533,0.0003494283442926152,3.667790327610258e-05,2.958878867559488e-05,2.4182466902432332e-05,0,0.9995601224968533
6.591140408693468e-05,0.00015510487371404115,0.0009288410025408473,0.998441484364586,0.000408658355072228,3,0.998441484364586
6.830524012586649e-06,5.552830266134503e-05,0.9999021734815912,1.8819240354779767e-05,1.664845138014586e-05,2,0.9999021734815912
1.0011002639140006e-05,8.249241841235386e-05,0.9996619116168444,2.8457258006111242e-05,0.0002171277040980131,2,0.9996619116168444
0.0006426049114005363,0.9991371141084553,0.00010174034098537493,6.347354698809063e-05,5.506709217091007e-05,1,0.9991371141084553
1.7795926811973198e-05,4.0643391354065755e-05,0.00021400206935990476,0.9996017744146667,0.00012578419780738886,3,0.9996017744146667
7.634502379737737e-05,0.00015940594841087533,0.0009632383479324169,0.9983863490012526,0.00041466167860674695,3,0.9983863490012526
9.323960720815951e-06,6.733271376517934e-05,0.9996848724461436,2.8618835375031834e-05,0.00020985204399520462,2,0.9996848724461436
0.04507933241874904,0.9407704383822374,0.00686083561517906,0.0033966116507061456,0.003892781933128369,1,0.9407704383822374
7.407356469958881e-05,0.9995366149021132,0.0002532388788260623,7.286120676979267e-05,6.321144759136789e-05,1,0.9995366149021132
0.00011174578193813857,0.0008368971688843217,0.9988475756993038,0.00010790898457929788,9.587236529434002e-05,2,0.9988475756993038
2.2628262505443138e-05,4.9187086956246e-05,0.00019822941916193144,0.9996061308575713,0.00012382437380492213,3,0.9996061308575713
0.00013618547050390036,0.9993421103668774,0.00030894902861375426,0.00012042466817785098,9.233046582717492e-05,1,0.9993421103668774
2.576181628129722e-05,4.297723957631895e-05,0.00019115678118748476,0.9996323787024329,0.00010772546052184336,3,0.9996323787024329
4.892081294464627e-06,0.0001545333000715489,0.9998194182554972,1.1658605428865042e-05,9.497757707847624e-06,2,0.9998194182554972
0.00015014456634408069,0.999447062728585,0.00021221305385896595,0.00010269288336155762,8.788676785050743e-05,1,0.999447062728585
9.527695754512897e-06,7.73517263993666e-05,0.9998535212391355,2.786893626064248e-05,3.173040244983058e-05,2,0.9998535212391355
7.021117185721896e-05,0.9872279343079136,0.012467698356002229,0.00011144198835045792,0.00012271417587623722,1,0.9872279343079136
2.579845903083116e-05,5.1667548092187926e-05,0.0007106335613000311,0.9990432178478891,0.00016868258368784583,3,0.9990432178478891
0.00013209202463723395,0.9995999026220709,0.0001299470719417052,7.596953554217405e-05,6.20887458078696e-05,1,0.9995999026220709
0.0009872284242460907,0.9987501790268167,0.00011642304637891535,7.664097712639042e-05,6.952852543173922e-05,1,0.9987501790268167
0.00012119186346548932,0.9994758097902211,0.00020175930126410798,0.00011471422777845024,8.652481727078563e-05,1,0.9994758097902211
7.054336646084154e-06,6.680866878995251e-05,0.9998784861137545,2.1607019272176867e-05,2.6043861537187217e-05,2,0.9998784861137545
3.070744055865038e-05,7.217520166396483e-05,0.00035291335952779333,0.9993828974230585,0.000161306575191074,3,0.9993828974230585
1.582492861498977e-05,3.0117188192756205e-05,0.0001815789530431946,0.9996870468778642,8.54320522847693e-05,3,0.9996870468778642
0.9996241459198243,0.00029654691870319914,2.9664870478970314e-05,2.8641860882476883e-05,2.100043011103668e-05,0,0.9996241459198243
5.1034462018624605e-05,0.00010263873915329611,0.9969150981692821,0.002630076348432997,0.00030115228111272805,2,0.9969150981692821
0.9985376852436294,0.0011676467876050424,0.00014097227768898217,8.058717952842234e-05,7.310851154825221e-05,0,0.9985376852436294
1.5437526385798903e-05,0.00016796150590261635,0.999723315684513,4.926184374735557e-05,4.4023439451207454e-05,2,0.999723315684513
6.024577636502679e-05,6.877558574145338e-05,0.00044369528233917626,0.9992058053580919,0.0002214779974625389,3,0.9992058053580919
0.0012047139474216303,0.9985130511635598,0.00011665698407140073,8.866003257968408e-05,7.691787236748243e-05,1,0.9985130511635598
7.539320421766134e-05,0.00017356733890342075,0.0010934522851936991,0.9983392903899879,0.00031829678169726153,3,0.9983392903899879
4.234598646633703e-06,0.00012053591369359039,0.9998546070705902,1.1898411393784705e-05,8.72400567591647e-06,2,0.9998546070705902
6.4589512951712925e-06,5.733988783185308e-05,0.9998972619898379,1.9611007638746944e-05,1.932816339623733e-05,2,0.9998972619898379
1.3385590590470129e-05,3.601735203561971e-05,0.00015942702867725484,0.9997250496033967,6.612042530002173e-05,3,0.9997250496033967
6.127760909758483e-05,0.00013773447006750863,0.0011641062933031902,0.9982246442973289,0.0004122373302027802,3,0.9982246442973289
8.54114439385133e-06,0.001867311822616145,0.9980949452715637,1.5546406856717225e-05,1.3655354569632958e-05,2,0.9980949452715637
2.1822077680544684e-05,4.54156459423556e-05,0.00022100488915861093,0.9995863513930474,0.00012540599417113713,3,0.9995863513930474
6.923863983621072e-05,0.000785459588693915,0.9989899560980625,8.962900537777246e-05,6.57166680293878e-05,2,0.9989899560980625
0.0026356861184929892,0.9964447022960081,0.0004391464750892567,0.0002636153308553615,0.00021684977955405122,1,0.9964447022960081
6.041857153126135e-06,5.758003602232978e-05,0.9998984113920804,1.6629348138908275e-05,2.133736660541774e-05,2,0.9998984113920804
1.1415274140441111e-05,9.391231731376635e-05,0.9998226331127874,3.787952682442502e-05,3.415976893404296e-05,2,0.9998226331127874
5.707744959104324e-06,0.00011261243206652206,0.9998553519586605,1.637076454144511e-05,9.957099772342106e-06,2,0.9998553519586605
0.9996198690965189,0.0003363740840336933,1.7814636493454624e-05,1.433631024317325e-05,1.1605872710543004e-05,0,0.9996198690965189
6.295269126890073e-06,9.670157129320259e-05,0.9998681649986023,1.5868817675741594e-05,1.2969343302007943e-05,2,0.9998681649986023
0.999924709462616,4.8839025955123614e-05,1.1667589744032282e-05,7.916170811768364e-06,6.867750872881062e-06,0,0.999924709462616
0.00016701766315309655,0.9995522120621283,0.00012201620881366194,8.500615260095685e-05,7.37479133039412e-05,1,0.9995522120621283
0.00015476747571211693,0.9993284633557414,0.0002678376313999124,0.00014564779177233495,0.00010328374537401321,1,0.9993284633557414
6.422461089108285e-06,4.2410769271422464e-05,0.9999162241397697,1.7683000133397626e-05,1.7259629736439805e-05,2,0.9999162241397697
0.00012494251517398852,0.9992120178109674,0.0003596946999077064,0.00017896224990124947,0.00012438272404970385,1,0.9992120178109674
2.1717123565894003e-05,3.152811820960126e-05,0.9995988885221331,0.0002567861580166629,9.108007807494092e-05,2,0.9995988885221331
1.60884707705221e-05,3.9181488161002374e-05,0.00015971440672597672,0.9997091924333666,7.582320097576856e-05,3,0.9997091924333666
1.4486530286822593e-05,4.0196266659545966e-05,0.0001351734502969201,0.9997311911864822,7.895256627471643e-05,3,0.9997311911864822
1.536899262066701e-05,4.38278624440839e-05,0.00013730189172998374,0.9997099830933887,9.351815981651984e-05,3,0.9997099830933887
7.611346931956181e-06,0.00010151151894741385,0.9998569768982303,1.821954466644319e-05,1.5680691224076426e-05,2,0.9998569768982303
1.835843345695825e-05,3.664047262612843e-05,0.0001719869579010016,0.9996695942584787,0.00010341987753728293,3,0.9996695942584787
0.0023998992570404935,0.9973474227931631,0.00011048859522830354,8.412118972987202e-05,5.80681648383403e-05,1,0.9973474227931631
6.347184116629102e-06,0.00015362774851562363,0.9998122350150156,1.6307063148909883e-05,1.148298920309045e-05,2,0.9998122350150156
0.0002365708848588224,0.999125555369182,0.00040486963535974846,0.00013379019500589352,9.921391559337587e-05,1,0.999125555369182
1.8932471020435086e-05,5.291238002449292e-05,0.0001539443370457823,0.9996537098216767,0.00012050099023257281,3,0.9996537098216767
1.1892904536442498e-05,3.0802222005913626e-05,9.084848037598272e-05,0.9997985783524691,6.787804061245733e-05,3,0.9997985783524691
2.537076420748508e-05,5.900312616554652e-05,0.0012188305392907492,0.9985488195276613,0.00014797604267481883,3,0.9985488195276613
0.00011419287308680253,0.9996694650806416,9.39355709262993e-05,6.873107526241618e-05,5.367540008284694e-05,1,0.9996694650806416
1.2777555754227023e-05,3.36713413712375e-05,0.00016190549500453067,0.9997054628936414,8.618271422860497e-05,3,0.9997054628936414
0.0005514576658964142,0.9972891952288223,0.0014150685402120793,0.0004225447562010722,0.0003217338088679838,1,0.9972891952288223
0.001843306590846183,0.9978614506188258,0.00011354466771040214,7.508016078648794e-05,0.00010661796183102506,1,0.9978614506188258
6.70334562602738e-05,0.0008989354165339925,0.9988580890520086,0.0001022391595254312,7.370291567192224e-05,2,0.9988580890520086
5.579908517733099e-06,0.0003308735784724201,0.9996394420382072,1.3264005153031778e-05,1.084046964962261e-05,2,0.9996394420382072
4.0295989118092564e-06,5.5062873494232615e-05,0.9999244319765552,9.445959020397777e-06,7.029592018369065e-06,2,0.9999244319765552
2.7368785002290543e-05,5.61181494644231e-05,0.0009957273954405304,0.9987275470499243,0.00019323862016851792,3,0.9987275470499243
0.9980020005076988,0.0019117107560805086,3.2067841873756935e-05,2.923548935839046e-05,2.4985404988494857e-05,0,0.9980020005076988
0.9987546630517781,0.0011762962008691313,3.0737580909704414e-05,2.0482521430298822e-05,1.782064501272276e-05,0,0.9987546630517781
0.00019526287698091996,0.9990710442299129,0.0005014643599951961,0.00013384012649847118,9.838840661248491e-05,1,0.9990710442299129
2.9960265482634877e-05,6.047216094746045e-05,0.0008741131833727977,0.9989049895266002,0.0001304648635968139,3,0.9989049895266002
0.9992267803717005,0.0006842266180095391,3.2142097453089426e-05,3.2179022828286724e-05,2.4671890008541137e-05,0,0.9992267803717005
1.1229889063847818e-05,8.559604514913413e-05,0.999833420929265,3.2353863009984635e-05,3.73992735120727e-05,2,0.999833420929265
0.9986906782268806,0.0012585499192533415,2.130442247030086e-05,1.5450642548883536e-05,1.4016788846848538e-05,0,0.9986906782268806
0.9995259794807181,0.0003745969089193858,4.3081029884969035e-05,2.9786348059454887e-05,2.6556232418037467e-05,0,0.9995259794807181
2.7343492831321392e-05,5.8115103819475886e-05,0.9990937704858079,0.0006847218983124657,0.000136049019228875,2,0.9990937704858079
0.999578195792491,0.00032619003073105043,3.978221366597596e-05,2.9274343367782115e-05,2.6557619744169974e-05,0,0.999578195792491
0.9996074199633581,0.0002950725629066724,3.5939182645692484e-05,3.173286885460172e-05,2.9835422234772924e-05,0,0.9996074199633581
0.9995311398133309,0.0003485387458184995,5.585650890848921e-05,3.380086329907643e-05,3.0664068643448174e-05,0,0.9995311398133309
0.004056200724998523,0.9957562409427623,8.350980250579934e-05,5.5713629417865606e-05,4.833490031532626e-05,1,0.9957562409427623
1.2593104620956703e-05,0.0001093321157141955,0.9997926803453818,4.017356098628768e-05,4.5220873296648115e-05,2,0.9997926803453818
7.489309034567616e-05,0.0002247449097291725,0.9944164211877741,0.004939067640886732,0.0003448731712644534,2,0.9944164211877741
1.0242746406239716e-05,8.215908708554152e-05,0.9998491954702234,2.9624006948427747e-05,2.877868933647858e-05,2,0.9998491954702234
5.320661166192521e-05,0.9997641291645566,0.0001227455485259733,3.463300230942661e-05,2.5285672946255716e-05,1,0.9997641291645566
1.8592811868103305e-05,4.272857301909966e-05,0.00018682184665123026,0.999678474824807,7.338194365468493e-05,3,0.999678474824807
1.723613867615644e-05,3.8112559691877165e-05,0.0001544780590044063,0.9996731423438562,0.00011703089877142496,3,0.9996731423438562
1.868147074609448e-05,4.749582584605743e-05,0.00023743638618563598,0.9996100284358551,8.635788136705628e-05,3,0.9996100284358551
0.0003412473512638715,0.9990984538393388,0.00035700251597637646,0.00010659423683648401,9.670205658443149e-05,1,0.9990984538393388
1.705802588922033e-05,3.96703533829535e-05,0.00017302045056647722,0.9996728407928097,9.741037735167296e-05,3,0.9996728407928097
1.608329622172927e-05,3.73004020845369e-05,0.00018139459872276237,0.999651542627151,0.00011367907582018839,3,0.999651542627151
5.262235059388544e-06,0.0002609592150168038,0.9997111201727846,1.1824589193401976e-05,1.0833787945751067e-05,2,0.9997111201727846
0.00010555644525485517,0.00019985775201006713,0.0013063644499916437,0.998038307338873,0.0003499140138704304,3,0.998038307338873
0.00012894662458364553,0.9997873697687899,3.244747533709056e-05,2.7434802190612655e-05,2.3801329098634023e-05,1,0.9997873697687899
0.00012534657462941925,0.9994371684390968,0.00023702934911456471,0.00011346284874476026,8.699278841449868e-05,1,0.9994371684390968
2.1559933435539426e-05,4.630464401611029e-05,0.00020032440581591932,0.9995865350331519,0.00014527598358057595,3,0.9995865350331519
1.4450405887103122e-05,3.358832921936988e-05,0.00020945394933874402,0.9996726981318927,6.980918366213686e-05,3,0.9996726981318927
1.9893829399353844e-05,3.7948238358765156e-05,0.00021669857971682313,0.999641987147847,8.34722046781465e-05,3,0.999641987147847
6.404091603272007e-05,0.00041971395135682844,0.9993856457625901,7.41595943753027e-05,5.6439775645111514e-05,2,0.9993856457625901
6.716773405420153e-06,4.587934084248639e-05,0.9999161908072701,1.7587196144308674e-05,1.3625882337583038e-05,2,0.9999161908072701
9.197226733045118e-06,0.00013788447507931094,0.9998100048509179,2.3978374436772447e-05,1.893507283317401e-05,2,0.9998100048509179
6.39120761839345e-06,5.815825582874433e-05,0.9998944848088006,1.8394598288338976e-05,2.2571129463800623e-05,2,0.9998944848088006
1.71745573153053e-05,0.00018351610263988088,0.999351799210806,6.0966677883049985e-05,0.0003865434513557468,2,0.999351799210806
1.5825980768327384e-05,3.638682073914391e-05,0.0001313227299263551,0.9997027248219041,0.00011373964666203227,3,0.9997027248219041
0.9993984243936879,0.00048268076645152945,6.374742852110286e-05,3.141491873422017e-05,2.3732492605031035e-05,0,0.9993984243936879
0.00012445903745671868,0.9991837317883756,0.0004559642958892159,0.00012366041893255633,0.0001121844593457194,1,0.9991837317883756
7.848538382264528e-06,5.736598346416379e-05,0.9998880671066859,2.561205830853071e-05,2.110631315933999e-05,2,0.9998880671066859
4.108288431619563e-06,2.58760481301334e-05,0.9999509757299735,1.0576148679840134e-05,8.463784784950656e-06,2,0.9999509757299735
0.999602820644611,0.0003043332486716765,3.853777255837797e-05,2.8914087260238953e-05,2.539424689877344e-05,0,0.999602820644611
0.9992283615528119,0.0007047664858065472,2.7764890250474532e-05,2.1086232081993923e-05,1.8020839049126683e-05,0,0.9992283615528119
9.390430793799311e-06,2.0231952583990058e-05,0.00011861736291377769,0.00012026481180008008,0.9997314954419083,4,0.9997314954419083
0.00018538855820889215,0.9994152900916068,0.0002498614964220016,8.580625154262096e-05,6.365360221987089e-05,1,0.9994152900916068
0.0016700663219192688,0.9981263881130541,8.954033232831064e-05,6.147074494994764e-05,5.253448774847097e-05,1,0.9981263881130541
0.9895692138211791,0.010374282368331832,2.2537705351542685e-05,1.8187426571516402e-05,1.577867856594289e-05,0,0.9895692138211791
6.941178151261045e-06,0.00012086152113332017,0.9998416176412876,1.6039383641556918e-05,1.454027578634505e-05,2,0.9998416176412876
1.6184184630107833e-05,3.700059279268504e-05,0.00015248916651261604,0.9997066348950859,8.769116097873227e-05,3,0.9997066348950859
2.5710086085442112e-05,6.881472626347557e-05,0.00030393434374419387,0.9994466553086304,0.00015488553527653092,3,0.9994466553086304
0.9995815648265286,0.00032730069198458973,3.730755131629503e-05,2.9054911716164147e-05,2.477201845435448e-05,0,0.9995815648265286
1.5893553032295697e-05,3.665888531944738e-05,0.00015236535839612184,0.004614905414822871,0.9951801767884292,4,0.9951801767884292
0.0012101651808479066,0.9983814212199161,0.0001885115250175039,0.00011380376781719435,0.0001060983064013183,1,0.9983814212199161
1.6617660874851667e-05,3.930831816957481e-05,0.00017583998281729652,0.9996954791126041,7.275492553402721e-05,3,0.9996954791126041
0.9991923459622543,0.0007626550755887524,1.696449202451825e-05,1.623997569356822e-05,1.1794494438781241e-05,0,0.9991923459622543
1.3704345592701442e-05,4.336911110147828e-05,0.00012275335515567356,0.9997466102737083,7.356291444189063e-05,3,0.9997466102737083
1.690270083356426e-05,3.991478813283868e-05,0.0002173071162169943,0.9996292079367706,9.666745804620089e-05,3,0.9996292079367706
4.729464900594291e-05,0.000136291897143672,0.0007614823800051665,0.9987811837133245,0.0002737473605208256,3,0.9987811837133245
0.9988308588666193,0.0011025738573281773,2.8047019739845125e-05,2.1287273554753053e-05,1.7232982757792754e-05,0,0.9988308588666193
7.46091308815287e-05,0.9994066711654006,0.00028554260275795716,0.00013453500942474337,9.864209153534806e-05,1,0.9994066711654006
9.130406239335596e-06,7.221351493898003e-05,0.9998680719593094,2.604719685152535e-05,2.4536922660607686e-05,2,0.9998680719593094
0.0008112938773343416,0.9989591363000695,0.0001012083788803204,6.642964141766799e-05,6.193180229834679e-05,1,0.9989591363000695
0.00012017620044290814,0.9997351561928045,6.081326623903508e-05,4.416401381434651e-05,3.969032669891823e-05,1,0.9997351561928045
0.9995625174191382,0.0003327549485511073,4.1491153120021274e-05,3.5368838904150944e-05,2.786764028660879e-05,0,0.9995625174191382
2.7670925889173803e-05,7.831782223937418e-05,0.9991589755664634,0.0006072601990950965,0.000127775486312907,2,0.9991589755664634
9.071676998496004e-06,0.00026078276757715547,0.9996899817458448,2.116059679230347e-05,1.900321278727169e-05,2,0.9996899817458448
2.3167260777416514e-05,4.377507900131435e-05,0.0002489101478395791,0.9995233420136234,0.00016080549875825163,3,0.9995233420136234
0.00029925151993356647,0.0018747636974564663,0.9972831477739257,0.00028092912319461767,0.0002619078854896481,2,0.9972831477739257
2.1880629890638018e-05,4.3043134362718516e-05,0.00021706500794612917,0.9996074304559754,0.00011058077182500468,3,0.9996074304559754
8.778209453388717e-06,6.0978856485514785e-05,0.9998807528422858,2.672835283639444e-05,2.2761738938644155e-05,2,0.9998807528422858
1.9372181564801077e-05,4.4460710282586556e-05,0.0002465247510876675,0.9996016167485472,8.802560851767012e-05,3,0.9996016167485472
0.9995509036863874,0.00034652788172839907,4.060367850681966e-05,3.40974368798312e-05,2.7867316497630075e-05,0,0.9995509036863874
0.9994292156318051,0.0004835905559662646,3.5144039004263504e-05,2.7870473366148992e-05,2.4179299858389577e-05,0,0.9994292156318051
0.0006125851761058246,0.9661854272454328,0.03276888442931793,0.00022819528369275404,0.0002049078654507453,1,0.9661854272454328
2.0963022586401214e-05,4.386593725764094e-05,0.00028063903775990085,0.9995717953322688,8.273667012713705e-05,3,0.9995717953322688
0.002035965662841525,0.9977026151993154,0.0001127796805672929,8.243159396828338e-05,6.620786330763859e-05,1,0.9977026151993154
2.1570575270707578e-05,4.250203488880872e-05,0.0008844647941245632,0.9989609992312989,9.046336441690673e-05,3,0.9989609992312989
0.0001989381549230271,0.9988674707591509,0.0006051967873923419,0.00020039989450032215,0.00012799440403330625,1,0.9988674707591509
6.610939852819754e-06,0.0001293639672980833,0.9998372564702012,1.6739078528160452e-05,1.002954411985351e-05,2,0.9998372564702012
6.51321294845853e-05,0.9997184628602429,0.0001168242416240835,5.9822859069852646e-05,3.9757909578685346e-05,1,0.9997184628602429
0.00010336906113503363,0.00012995202203704888,0.0004042789965341524,0.9990200688522123,0.00034233106808146746,3,0.9990200688522123
5.669566407825675e-06,0.00020268669584138065,0.9997656894264687,1.4281917420153402e-05,1.1672393861834487e-05,2,0.9997656894264687
6.456699318191325e-06,3.7003332329289e-05,0.9999296178358961,1.573699927180958e-05,1.1185133184572576e-05,2,0.9999296178358961
0.00018064301298685703,0.0021178797298921793,0.9973305051662965,0.00019951787184545376,0.00017145421897899867,2,0.9973305051662965
0.9994731997153434,0.00039206702794304313,4.802910482559641e-05,5.191500538566762e-05,3.478914650232005e-05,0,0.9994731997153434
0.9999153127304123,5.8500058547360664e-05,1.0162228196828311e-05,8.81809111179821e-06,7.206891731582727e-06,0,0.9999153127304123
1.8339324187140384e-05,4.0926482335807634e-05,0.00018803542073902616,0.9996482888959416,0.00010440987679650088,3,0.9996482888959416
3.0293088216457613e-05,7.115994704363755e-05,0.9990667937642603,0.0006390746961129071,0.00019267850436666847,2,0.9990667937642603
1.970489515250787e-05,3.9650507267933674e-05,0.00026462155137824144,0.9995842342734615,9.178877273969532e-05,3,0.9995842342734615
9.594865096979846e-05,0.9997515766732198,7.266355888905612e-05,4.18473202639904e-05,3.796379665706418e-05,1,0.9997515766732198
0.0009010322136716371,0.9989033579847267,8.211411764438246e-05,6.42402332671863e-05,4.9255450689784485e-05,1,0.9989033579847267
0.00014872666509006593,0.9991543599855764,0.0004131947833130162,0.00015456724535966256,0.00012915132066080583,1,0.9991543599855764
5.115797028705012e-06,0.00015185236478606202,0.9998216489000069,1.245244993317713e-05,8.930488245110256e-06,2,0.9998216489000069
0.9995568756629662,0.0003459372496319685,4.135631513678904e-05,2.9273718971616837e-05,2.655705329334582e-05,0,0.9995568756629662
0.9999090922455718,6.319346652756326e-05,1.1091274873103666e-05,8.730156679160846e-06,7.89285634819058e-06,0,0.9999090922455718
0.0001739357637068479,0.9988726113408938,0.00022297644146441724,9.576785632314367e-05,0.0006347085976116137,1,0.9988726113408938
0.0006886976699706849,0.9990741879699873,9.828757382507784e-05,7.953877539333784e-05,5.928801082367846e-05,1,0.9990741879699873
0.0003103051153144641,0.9993909775929909,0.000136745614328138,8.672904876355751e-05,7.524262860328707e-05,1,0.9993909775929909
6.612934044035294e-05,0.00038900452629677854,0.9994011251352662,8.486479289633425e-05,5.8876205100414723e-05,2,0.9994011251352662
1.089568070454573e-05,8.064968930122083e-05,0.9998387897425275,3.3378639183285285e-05,3.628624828372935e-05,2,0.9998387897425275
6.3102909460512475e-06,0.00016714082925917492,0.9997982686110721,1.645948393935974e-05,1.1820784783252601e-05,2,0.9997982686110721
0.9968724017754109,0.0030381234501669872,4.376322841251482e-05,2.6522045549478883e-05,1.918950046016531e-05,0,0.9968724017754109
1.0315870683365633e-05,8.504859968628555e-05,0.9998343408183075,3.388789881810569e-05,3.6406812504736184e-05,2,0.9998343408183075
1.4600813314550404e-05,3.203622966805414e-05,0.0001336288911021754,0.9997156768418197,0.00010405722409541673,3,0.9997156768418197
0.004394695100713205,0.9948092535669962,0.00036081718954093523,0.00023820522998677497,0.0001970289127630237,1,0.9948092535669962
2.0119491180535967e-05,3.087786843838255e-05,0.00019647239634030015,0.9996447363193847,0.0001077939246561035,3,0.9996447363193847
2.870578835757127e-05,0.0002408418158750311,0.9996551523314023,4.032003039296953e-05,3.498003397226481e-05,2,0.9996551523314023
1.8439698961303384e-05,3.807587852429844e-05,0.00016586425190354788,0.9996616897426945,0.00011593042791633629,3,0.9996616897426945
0.00017538826236996447,0.9993018725880544,0.00030552243371089377,0.00012232578871806656,9.489092714659209e-05,1,0.9993018725880544
1.5247747317522872e-05,3.36983573749614e-05,0.00016876216604058138,0.9996951601188583,8.713161040859139e-05,3,0.9996951601188583
0.9990518313455679,0.0008903090801019206,2.5508443130364465e-05,1.6742364239918822e-05,1.56087669598317e-05,0,0.9990518313455679
9.54768947469004e-06,8.334961748855603e-05,0.9998516742400119,2.820115514164634e-05,2.7227297883332213e-05,2,0.9998516742400119
1.0116322721094317e-05,9.89548772133711e-05,0.9998322436304731,2.8412462834418135e-05,3.0272706757915576e-05,2,0.9998322436304731
7.990885623524704e-06,6.385172023100866e-05,0.9998864861412075,2.018213914697963e-05,2.1489113791135918e-05,2,0.9998864861412075
1.9534518459164184e-05,4.892016366689713e-05,0.00017858771635836885,0.9996041088848132,0.0001488487167023589,3,0.9996041088848132
0.0006298104711535038,0.999174469601016,9.101134037841626e-05,5.490179767608662e-05,4.980678977611262e-05,1,0.999174469601016
0.9985236299624318,0.0012346881315419883,8.555641904001992e-05,9.007893046382026e-05,6.604655652244062e-05,0,0.9985236299624318
0.9996234279285318,0.00029113221020868037,3.925524049565818e-05,2.421595751233562e-05,2.196866325143161e-05,0,0.9996234279285318
1.4499207884109993e-05,2.8857340858780015e-05,0.00013221887901658706,0.00177417268539737,0.9980502518868433,4,0.9980502518868433
1.1474128998127427e-05,9.145759080304694e-05,0.9998326407223044,3.359214833595807e-05,3.083540955844433e-05,2,0.9998326407223044
0.9997142505396237,0.0001992513458371039,3.977803960423137e-05,2.501664317581698e-05,2.1703431759185623e-05,0,0.9997142505396237
1.8910007742400878e-05,2.7286399330959758e-05,0.00023478396620140804,0.99963953633158,7.948329514516568e-05,3,0.99963953633158
0.9991133171558372,0.000821974184244937,2.7826569950603593e-05,2.0876175170912106e-05,1.6005914796238838e-05,0,0.9991133171558372
7.046921633745864e-05,0.0004836139467257124,0.9993172832258967,6.657049350867018e-05,6.206311753153328e-05,2,0.9993172832258967
0.9996700538820734,0.00022097927701597952,4.8643600530348514e-05,3.3763180074167846e-05,2.6560060305822707e-05,0,0.9996700538820734
7.910507180022563e-06,0.00015578908632626163,0.9998021280503715,1.8804073160959504e-05,1.53682829612043e-05,2,0.9998021280503715
1.0630395518520118e-05,2.6236241753359625e-05,8.671302625352013e-05,0.00017741552366090985,0.9996990048128138,4,0.9996990048128138
1.497517618294345e-05,0.0001273550905111361,0.9997759105439253,3.767742041251343e-05,4.4081768968006025e-05,2,0.9997759105439253
0.001443508131334953,0.9947083975845726,0.0024044556614113474,0.0007582473634276942,0.0006853912592532522,1,0.9947083975845726
0.00011354284957351998,0.0007971555583263125,0.9988563185484018,0.00012521579451233846,0.00010776724918607386,2,0.9988563185484018
2.240744373337874e-05,4.990545503046372e-05,0.0008974241099770212,0.9989437356989532,8.652729230588056e-05,3,0.9989437356989532
4.424506070415273e-06,9.148704104410587e-05,0.9998827463497565,1.223301545227999e-05,9.109087676736602e-06,2,0.9998827463497565
1.4671654997087449e-05,3.3391496828877626e-05,0.0002040588466962569,0.9996640267204805,8.385128099730396e-05,3,0.9996640267204805
1.953258639002851e-05,4.343764956522532e-05,0.0002639824094103105,0.999549859720763,0.00012318763387139382,3,0.999549859720763
5.02101087218741e-05,0.0004254415670001748,0.9994252175065486,5.308040062670967e-05,4.6050417102549685e-05,2,0.9994252175065486
1.0213999851196634e-05,9.970276898638847e-05,0.9991103558126724,3.0594660887358516e-05,0.0007491327576024897,2,0.9991103558126724
2.1112359261340157e-05,5.4291155678151074e-05,0.0001944952642121929,0.9995661901626363,0.0001639110582120434,3,0.9995661901626363
2.3166372173520194e-05,4.38492849450226e-05,0.0001908222871014857,0.9996066192173969,0.00013554283838302614,3,0.9996066192173969
8.618331188969957e-06,8.373255970667622e-05,0.9998539921847008,2.4955009048958706e-05,2.8701915354760863e-05,2,0.9998539921847008
2.0481433851840703e-05,5.478747738292881e-05,0.00021535430100689298,0.9995977515930724,0.00011162519468582514,3,0.9995977515930724
1.5205518701083842e-05,3.5391787582763215e-05,0.00015162764597161684,0.9997253363622125,7.243868553201287e-05,3,0.9997253363622125
0.9995848602793574,0.0003213396703179444,3.796771496429319e-05,2.9274538548587102e-05,2.655779681176582e-05,0,0.9995848602793574
1.929274828098517e-05,4.4883701329130245e-05,0.00017147200756674363,0.9996507036309287,0.000113647911894444,3,0.9996507036309287
0.006119201440781126,0.9934409308574902,0.00019415066931773953,0.00013258544806253735,0.00011313158434826698,1,0.9934409308574902
1.832198598259413e-05,4.0001026110499354e-05,0.00020099184015878334,0.9996074381295239,0.00013324701822442232,3,0.9996074381295239
0.0008021546077618117,0.998958884256455,9.88695040123488e-05,7.345417038616491e-05,6.66374613849121e-05,1,0.998958884256455
4.6576894019931364e-05,0.00011376303847739515,0.0034684414738693514,0.9961173713825228,0.000253847211110594,3,0.9961173713825228
1.961863420937475e-05,4.6359616800084004e-05,0.00023434033038951572,0.9996021538469082,9.752757169291027e-05,3,0.9996021538469082
0.9996557449030149,0.00022603315129672054,4.653244297019975e-05,3.710076656290926e-05,3.4588736155364804e-05,0,0.9996557449030149
1.909923273912337e-05,3.761954384318363e-05,0.00018683670324774504,0.9996347513234285,0.00012169319674141948,3,0.9996347513234285
0.9996562436307181,0.0002463845016255506,3.6486664391728336e-05,2.390069915159147e-05,3.698450411302723e-05,0,0.9996562436307181
1.9711966484447444e-05,4.50605286305983e-05,0.00023165968801895482,0.9995829831295058,0.00012058468736026258,3,0.9995829831295058
0.00206666814852889,0.9973620683491952,7.029804340784749e-05,5.125460284950445e-05,0.00044971085601861784,1,0.9973620683491952
0.00014324013924483877,0.0009303316208538865,0.9987062931698535,0.00011542330358235272,0.00010471176646543017,2,0.9987062931698535
0.00012670422046625585,0.9994259542049263,0.00025232582333098994,9.622510904351813e-05,9.87906422329913e-05,1,0.9994259542049263
8.067613615260412e-06,0.0002441477809066828,0.9997129600815801,1.8203844385381038e-05,1.6620679512704907e-05,2,0.9997129600815801
0.00010240725100965146,0.0001745752647279418,0.0005751265617433581,0.9986729339079239,0.00047495701459516045,3,0.9986729339079239
5.959368484288426e-06,8.681303903979395e-05,0.9998677587763772,1.7570347561088423e-05,2.1898468537493437e-05,2,0.9998677587763772
8.35100403890533e-05,0.9994149616909808,0.00033797657795688697,8.575497052736104e-05,7.779672014589414e-05,1,0.9994149616909808
4.724818516123738e-06,4.801974390288111e-05,0.9999263015824417,1.1219911738321233e-05,9.733943401012986e-06,2,0.9999263015824417
1.2188261712750134e-05,0.00011848485583612826,0.9997941833746434,3.8849832794838265e-05,3.6293675012905495e-05,2,0.9997941833746434
1.890432867041351e-05,4.186682044149838e-05,0.00016589594693186836,0.9996860977538736,8.723515008262343e-05,3,0.9996860977538736
0.999340249701744,0.0006027849622284271,2.244613292637003e-05,1.8939546179932417e-05,1.5579656921491953e-05,0,0.999340249701744
1.3972119982543699e-05,3.074586869267809e-05,0.00018511517542866478,0.0010087565940778375,0.9987614102418182,4,0.9987614102418182
7.1525970548322976e-06,0.00015191928609542893,0.999795014629538,1.963034640844595e-05,2.628314090319521e-05,2,0.999795014629538
0.00021859929397340368,0.0018599967691703548,0.9974117758373473,0.00021608199230591115,0.00029354610720292465,2,0.9974117758373473
2.4042443157282878e-05,5.872808031374439e-05,0.000280831042134683,0.9995128327712917,0.00012356566310272457,3,0.9995128327712917
0.9987947536782686,0.0009949056503091528,9.136957716713755e-05,6.370403766168009e-05,5.5267056593403654e-05,0,0.9987947536782686
2.0868029678252332e-05,5.5222248846034884e-05,0.00016387447350827276,0.9996575372294564,0.00010249801851121987,3,0.9996575372294564
7.09435535084098e-05,0.9995855371119292,0.00021982862044916146,6.867835297400671e-05,5.501236113917031e-05,1,0.9995855371119292
4.2448520664824966e-05,0.0001006228017131021,0.0007286983765323355,0.9989103280971737,0.00021790220391599391,3,0.9989103280971737
0.9998257647354634,0.00010428874750639909,3.6948450718152057e-05,1.7444921409921734e-05,1.5553144902207175e-05,0,0.9998257647354634
0.0009652885125764315,0.9912389125485654,0.005027616003707365,0.0015668600101243618,0.0012013229250264384,1,0.9912389125485654
1.8008220342594682e-05,3.8840735153773896e-05,0.00020076640303335873,0.9996314971058222,0.00011088753564811131,3,0.9996314971058222
0.9998664333141002,0.00010631516197274587,1.1738306198402774e-05,8.306678295411573e-06,7.206539433086263e-06,0,0.9998664333141002
3.900588998472611e-05,6.13978697285183e-05,0.000569676889713262,0.9990589138660455,0.0002710054845278861,3,0.9990589138660455
8.268980362567928e-06,1.7354451992844953e-05,9.365235182438074e-05,8.496945024980508e-05,0.9997957547655704,4,0.9997957547655704
0.9984328985481379,0.0014912820588713707,3.0449104089389786e-05,2.6177065500050062e-05,1.9193223401282452e-05,0,0.9984328985481379
0.00011800346888403933,0.9995005223055001,0.0001993720514544361,0.00010020563385957677,8.189654030160291e-05,1,0.9995005223055001
0.0001266569252138628,0.999179167101854,0.00038941097167143,0.00017426194375769858,0.00013050305750300864,1,0.999179167101854
0.0009660883821516948,0.9961706740568147,0.0019115483428166732,0.0005095897131914372,0.0004420995050257028,1,0.9961706740568147
3.5385745584235e-05,0.00036496997766977016,0.9994377238868515,7.92186203837777e-05,8.270176951079312e-05,2,0.9994377238868515
3.347901414705532e-05,6.225323857073375e-05,0.00037230329936881667,0.9993493052287928,0.00018265921912054286,3,0.9993493052287928
0.005766792212325858,0.9937765215384833,0.000152050908083833,0.00011912409021287675,0.0001855112508942237,1,0.9937765215384833
2.9153197306822207e-05,6.519814272205613e-05,0.0002637352887181691,0.999518987321793,0.00012292604946002574,3,0.999518987321793
1.6700577313920603e-05,3.2336757860365606e-05,0.00016387107863693638,0.9996825655761,0.000104526010088838,3,0.9996825655761
0.9998252858128163,0.00012810396609977862,2.000777478905654e-05,1.4173130539289459e-05,1.2429315755776561e-05,0,0.9998252858128163
8.595284326346155e-06,1.9975091036588174e-05,8.40631545808856e-05,0.00013479724495719803,0.9997525692250989,4,0.9997525692250989
0.0008353429723309355,0.9989194911374873,9.857677468849091e-05,7.686099255229516e-05,6.972812294091718e-05,1,0.9989194911374873
0.9986805713930454,0.001029965511553518,0.00011312299237865923,8.151698067711942e-05,9.482312234516098e-05,0,0.9986805713930454
3.156889960017904e-05,3.877036689625872e-05,0.9995814200659316,0.0002314689624316068,0.00011677170514033909,2,0.9995814200659316
0.9998139283297608,0.00015706636134510537,1.101625626169091e-05,1.0276647102635593e-05,7.712405529699682e-06,0,0.9998139283297608
0.0002789653840287637,0.9986155131727235,0.0006752216476758041,0.00024067127621330302,0.0001896285193587245,1,0.9986155131727235
7.080267262771309e-06,0.00014901667308497518,0.9998087469120507,2.0569572357410113e-05,1.4586575244037614e-05,2,0.9998087469120507
4.095356957697421e-05,7.129514533777694e-05,0.00041168167814971206,0.007453119557927361,0.9920229500490082,4,0.9920229500490082
0.9988101363575078,0.001143499213571164,1.725932808250327e-05,1.5803554099335216e-05,1.330154673944755e-05,0,0.9988101363575078
1.88503394846684e-05,4.174694118306532e-05,0.9994439103126814,0.00039457301779351065,0.00010091938885735956,2,0.9994439103126814
5.8222431053606055e-06,2.3083136712296126e-05,0.999939598891843,1.483742319446623e-05,1.665830514478775e-05,2,0.999939598891843
8.262922428401794e-05,0.9995933187794229,0.00019877157851061136,6.789546151030889e-05,5.738495627208483e-05,1,0.9995933187794229
1.2017944531759244e-05,0.0003223438749634298,0.9995855227484614,2.9583414483040772e-05,5.053201756043777e-05,2,0.9995855227484614
0.9964782309030158,0.003457255765331905,2.8934872380643498e-05,1.9214652691269436e-05,1.636380658014629e-05,0,0.9964782309030158
0.0001322188831973115,0.000979836927406622,0.9986445510668924,0.00012596086007887422,0.0001174322624246436,2,0.9986445510668924
2.108970195572137e-05,4.8170224743220556e-05,0.9992341477822345,0.0006048186358239429,9.177365524248061e-05,2,0.9992341477822345
1.696076530654862e-05,4.370827862111428e-05,0.00014735789040428509,0.9996721729272172,0.0001198001384507598,3,0.9996721729272172
4.326763588151322e-05,0.00010354663127658388,0.0004014263527922174,0.9991606668238177,0.00029109255623189286,3,0.9991606668238177
2.7819303206506115e-05,6.120925871189612e-05,0.9990931344869436,0.0006265742349449557,0.00019126271619301224,2,0.9990931344869436
2.2699727649201006e-05,5.8843091274924914e-05,0.00029167980895811863,0.9994262259868099,0.00020055138530780005,3,0.9994262259868099
6.167064640233091e-05,0.00011114833271596024,0.0007523322564733885,0.9987561152144285,0.00031873354997982213,3,0.9987561152144285
1.687654355477477e-05,3.3003291648090195e-05,0.00020896031524013776,0.9996571896994096,8.397015014740316e-05,3,0.9996571896994096
1.0358765192024249e-05,2.5670919831395357e-05,8.839529863596314e-05,0.0002400542670326821,0.9996355207493081,4,0.9996355207493081
5.813158609093567e-05,0.9997664391416128,9.740775800998564e-05,4.09089788713345e-05,3.711253541498297e-05,1,0.9997664391416128
0.0001550742034462435,0.9990900593030904,0.0004712998088380474,0.00016237657849800204,0.00012119010612742549,1,0.9990900593030904
1.0150481289954286e-05,0.00012424891748192746,0.9998138874578075,2.718576651371642e-05,2.4527376906950726e-05,2,0.9998138874578075
0.0009775295583170029,0.9987784968988906,0.00010557977200669441,7.162157343819046e-05,6.677219734759561e-05,1,0.9987784968988906
0.9994868105208297,0.00040266349729822673,4.290000666505341e-05,3.062904221017814e-05,3.699693299700055e-05,0,0.9994868105208297
0.00022855504754802994,0.9852297096137724,0.014200310876526394,0.00019434669776495644,0.00014707776438823564,1,0.9852297096137724
1.4834518894343187e-05,2.8453099309446155e-05,0.0001665185404110552,0.99969545337376,9.47404676251614e-05,3,0.99969545337376
1.998849655316292e-05,4.271456688154893e-05,0.00023575452951910374,0.9995668313274375,0.0001347110796086615,3,0.9995668313274375
0.9995106893286961,0.00040924183048056113,3.230688108790818e-05,2.471777947300191e-05,2.3044180262110287e-05,0,0.9995106893286961
0.0025058517780262657,0.9973832519110163,4.2847098740754646e-05,3.744554108265171e-05,3.060367113378261e-05,1,0.9973832519110163
4.307580516297805e-05,8.057041868332055e-05,0.00034413966711129533,0.999335452369457,0.00019676173958547768,3,0.999335452369457
0.9937565423223792,0.006127833879185197,4.616545343754632e-05,4.023624592006478e-05,2.922209907799237e-05,0,0.9937565423223792
5.550787801655414e-06,8.002928845881727e-05,0.9998907182407768,1.2266099964438143e-05,1.1435582998153862e-05,2,0.9998907182407768
1.1952950911408397e-05,0.00011474964968368496,0.9998115746618015,3.082849008981653e-05,3.089424751350318e-05,2,0.9998115746618015
5.3403756661188835e-05,0.0001285720044681754,0.0007848643662157955,0.9987280271840742,0.00030513268858072966,3,0.9987280271840742
2.670491225695586e-05,7.238221362265789e-05,0.9990018246230102,0.0007555232651115047,0.00014356498599852748,2,0.9990018246230102
0.00011372644998546418,0.9994926502786059,0.00024449629732266565,7.848892685368847e-05,7.063804723236724e-05,1,0.9994926502786059
2.3130979407549234e-05,5.639150313099999e-05,0.00019985164753962584,0.9995820006877539,0.00013862518216780663,3,0.9995820006877539
8.01188080308004e-06,7.436022302369174e-05,0.9998708832211094,2.109977127780337e-05,2.5644903785824365e-05,2,0.9998708832211094
2.1408608089274866e-05,4.6643920214276714e-05,0.0002745183022478369,0.9994985468821473,0.00015888228730126256,3,0.9994985468821473
0.00030432740732209106,0.9987571575742101,0.0005812569846950613,0.0001912967127090664,0.00016596132106369885,1,0.9987571575742101
5.762054378071463e-06,0.00012886543054262603,0.9998378564894636,1.4911024227942598e-05,1.2605001387795988e-05,2,0.9998378564894636
2.8198146020509862e-05,6.087317973486694e-05,0.001105563494343995,0.9986150442564824,0.00019032092341819023,3,0.9986150442564824
2.0644959597636304e-05,5.711603104931244e-05,0.00019700157020543203,0.9996075676717583,0.00011766976738925594,3,0.9996075676717583
1.58600213725397e-05,4.3096845436558e-05,0.00015802762693628062,0.0011348045073196627,0.998648210998935,4,0.998648210998935
5.463938463275662e-06,3.8376759663680085e-05,0.999921223929913,1.6738635742993396e-05,1.8196736217015042e-05,2,0.999921223929913
1.2529384441392523e-05,9.469494443026248e-05,0.9995898261385544,3.7334490781702454e-05,0.0002656150417922174,2,0.9995898261385544
0.00011167985446028048,0.9993944999964535,0.000302481059687161,0.00010509620399277672,8.624288540625212e-05,1,0.9993944999964535
1.6201606270429835e-05,4.473425681839064e-05,0.0001775937860533957,0.9996562694004673,0.0001052009503904086,3,0.9996562694004673
0.9986645221962593,0.0010324049602646317,0.00017739899169216792,6.925152600611469e-05,5.6422325777892336e-05,0,0.9986645221962593
0.00011860141166280314,0.0018339024822100916,0.9978106838287256,0.0001241676547976815,0.00011264462260394763,2,0.9978106838287256
1.7396971355129724e-05,3.6673400924164784e-05,0.00018514521200887503,0.0014148652878584783,0.9983459191278534,4,0.9983459191278534
1.6631562513152507e-05,3.6690124894440773e-05,0.0001828827747955989,0.9996656533650142,9.814217278271584e-05,3,0.9996656533650142
1.714201171241673e-05,0.00014295583361334069,0.9984311724933903,4.794731400799884e-05,0.0013607823472758808,2,0.9984311724933903
1.3423604671604064e-05,2.862791743457641e-05,0.00014356019908418356,0.00023108987542132676,0.9995832984033883,4,0.9995832984033883
2.8229317946952024e-05,5.9134867327784524e-05,0.0002940774920969084,0.9994222899106363,0.00019626841199204466,3,0.9994222899106363
0.0001174533514662995,0.001354570596492769,0.9983535935596776,0.00010247649978364524,7.190599257961585e-05,2,0.9983535935596776
0.9995243898568809,0.00037934872071617066,3.3486035717774825e-05,3.621919650147809e-05,2.6556190183597398e-05,0,0.9995243898568809
0.00014404906325351494,0.999168298445551,0.0004154086578661905,0.0001352272700632664,0.0001370165632662719,1,0.999168298445551
0.00020828463665963727,0.0003427790908660782,0.00854469296818107,0.9903128152126112,0.0005914280916821745,3,0.9903128152126112
2.0119375483765264e-05,4.475722346917386e-05,0.00021840039362801226,0.9995997260797463,0.00011699692767267625,3,0.9995997260797463
0.00017755037486220912,0.0004664598409906866,0.9414077425886301,0.05688032293583143,0.001067924259685635,2,0.9414077425886301
0.9962239679586098,0.003715873563174684,2.6124695087352106e-05,1.8223665300747803e-05,1.581011782745315e-05,0,0.9962239679586098
0.0002297816888874319,0.9996171661226477,6.636992412650723e-05,5.372559085446615e-05,3.295667348390667e-05,1,0.9996171661226477
0.9953894774292512,0.00456783726560377,1.5446644227012113e-05,1.4988658402033395e-05,1.2250002515919157e-05,0,0.9953894774292512
4.872679927744566e-06,2.1704386693539752e-05,0.9999464817979349,1.4069440149359926e-05,1.2871695294302504e-05,2,0.9999464817979349
0.9980020063892601,0.001951345045794427,1.863301833369391e-05,1.4835161260700856e-05,1.3180385350963783e-05,0,0.9980020063892601
2.072086756421711e-05,5.291078988957365e-05,0.0002826521667905396,0.999507893853769,0.0001358223219867817,3,0.999507893853769
0.9984914388925659,0.001456458976093103,2.2355349746728285e-05,1.559711408913323e-05,1.4149667505147513e-05,0,0.9984914388925659
0.9917915363828927,0.008142528854947305,2.9988354702752157e-05,1.884776060319559e-05,1.709864685401276e-05,0,0.9917915363828927
1.7701781485723554e-05,4.6435190297631025e-05,0.00020244109737347529,0.9996164199273264,0.00011700200351669798,3,0.9996164199273264
5.695773173499462e-05,0.00014993848279942957,0.0007443438939530489,0.9988007555912102,0.0002480043003023257,3,0.9988007555912102
0.9996708319572225,0.0002475007850156255,3.666983914733563e-05,2.3593472444227426e-05,2.1403946170418095e-05,0,0.9996708319572225
1.5655859828964797e-05,3.712169944329557e-05,0.00015018608068303384,0.9997235218991197,7.351446092503833e-05,3,0.9997235218991197
3.4667140919875165e-06,0.00010585015417482487,0.9998751410932262,8.8115676692019e-06,6.730470837705433e-06,2,0.9998751410932262
6.0693015589958005e-05,0.00014590418260280408,0.00573611279004388,0.9936712534549813,0.00038603655678204373,3,0.9936712534549813
2.8831771547927258e-05,6.819216536266878e-05,0.9990681903413201,0.0006480752985290025,0.0001867104232403771,2,0.9990681903413201
1.5504702696423045e-05,3.420170610867076e-05,0.00015838099490651181,0.9996873356813144,0.00010457691497399702,3,0.9996873356813144
3.172563671466327e-05,6.742640644130521e-05,0.000339171039112591,0.9992665025209937,0.00029517439673783225,3,0.9992665025209937
7.893814415414777e-06,7.071563255520699e-05,0.9998810046541513,2.1311477097306164e-05,1.9074421780572647e-05,2,0.9998810046541513
7.020740782871996e-06,0.0002593030279615021,0.9996992967241711,1.991556668523635e-05,1.4463940399074975e-05,2,0.9996992967241711
5.975608427657566e-06,4.356567005755331e-05,0.9999181925609977,1.6207396208415214e-05,1.605876430862716e-05,2,0.9999181925609977
2.876929902936406e-05,7.046746007468338e-05,0.0003041878767912431,0.9994494067614811,0.0001471686026236501,3,0.9994494067614811
1.7487382740794594e-05,4.068696994565992e-05,0.00017572190637380394,0.9996755098818687,9.059385907115711e-05,3,0.9996755098818687
9.324274173498879e-06,0.0005296287503484475,0.9994304191603,1.6059065957020292e-05,1.4568749220946317e-05,2,0.9994304191603
1.5081956198593083e-05,3.983851917228119e-05,0.00014589053066119638,0.9997028682711232,9.632072284472798e-05,3,0.9997028682711232
1.9692987580577775e-05,3.8399176300504865e-05,0.00019164730852985951,0.9996645055151709,8.575501241813031e-05,3,0.9996645055151709
9.719098766804098e-06,0.00015129698271746484,0.9997992216899355,2.2795899227879673e-05,1.6966329352589814e-05,2,0.9997992216899355
0.9998882211432076,8.101230187845643e-05,1.3336800640522167e-05,9.157253255285765e-06,8.272501018166453e-06,0,0.9998882211432076
2.897976839847111e-05,6.930818610022194e-05,0.00021859965883595737,0.9995069416775466,0.00017617070911870642,3,0.9995069416775466
9.007335812287925e-06,1.7667368828871777e-05,5.9312719512107925e-05,8.150517919983405e-05,0.999832507396647,4,0.999832507396647
0.9981988532456529,0.0017376169796885456,2.69600921358759e-05,1.9333109751312672e-05,1.7236572771340992e-05,0,0.9981988532456529
8.263357070548163e-06,1.9885056112451332e-05,9.114260994671105e-05,8.919664919714173e-05,0.9997915123276733,4,0.9997915123276733
0.000794383607482561,0.997337905267802,0.0011817185074624633,0.0004445853818609756,0.0002414072353922402,1,0.997337905267802
0.00038024462329272723,0.9983756519547647,0.000845622689318209,0.0002226187956493162,0.00017586193697506763,1,0.9983756519547647
0.00015206178123450435,0.0010424025812136657,0.9984922488748943,0.0001505987570468643,0.00016268800561064866,2,0.9984922488748943
3.706626292526741e-05,0.0011109074619784535,0.9986927962705011,9.293009658625824e-05,6.629990800904631e-05,2,0.9986927962705011
1.7881805700784485e-05,4.709817403848177e-05,0.00016369547263800734,0.9996410734692317,0.0001302510783909118,3,0.9996410734692317
0.00015796711490520638,0.9995912238791932,0.0001016443850860227,8.348808720434835e-05,6.567653361129473e-05,1,0.9995912238791932
0.0006050250088049992,0.99918144923433,0.00010191744205356337,5.976157767243919e-05,5.184673713893251e-05,1,0.99918144923433
0.9991917202292457,0.0006302671253805423,7.619730905146896e-05,5.874387825945252e-05,4.3071458062755554e-05,0,0.9991917202292457
0.9990602619980832,0.0007718598180046374,6.951666119590941e-05,5.113509881891765e-05,4.7226423897278015e-05,0,0.9990602619980832
2.4139699941730546e-05,4.534790778602282e-05,0.0002129668810307118,0.9996155407380514,0.00010200477319013729,3,0.9996155407380514
0.9999283472999534,4.406988319854769e-05,1.07654541218278e-05,8.580852135763952e-06,8.23651059077822e-06,0,0.9999283472999534
1.5807644479654393e-05,4.097056199470586e-05,0.00014938091301538095,0.9996752851890738,0.00011855569143631756,3,0.9996752851890738
1.4958796796125283e-05,3.939334215344739e-05,0.00016003716484437348,0.9996790742384959,0.00010653645771001506,3,0.9996790742384959
2.854530798229737e-05,7.408318284821692e-05,0.0002289054374498338,0.9995441647008113,0.00012430137090829472,3,0.9995441647008113
1.3522318167134837e-05,0.00011541389713457336,0.9997873062310161,4.341811636718989e-05,4.03394373149888e-05,2,0.9997873062310161
1.5754581307388922e-05,3.3240514135513006e-05,0.0001626418235516235,0.0008903815937265431,0.9988979814872788,4,0.9988979814872788
0.00040315085135826114,0.9979373531010302,0.001087099484798651,0.00030649438355736635,0.00026590217925565984,1,0.9979373531010302
0.9971251402831881,0.0028060030404869203,2.573549109466981e-05,1.8548708829022536e-05,2.4572476401292714e-05,0,0.9971251402831881
0.000621522458470731,0.9991787130891164,8.200419868951246e-05,6.461658801721776e-05,5.314366570613406e-05,1,0.9991787130891164
6.135878509887833e-05,7.199060063070853e-05,0.0005143960292228383,0.9991404283567101,0.0002118262283374103,3,0.9991404283567101
5.654788684439777e-06,4.145028894654526e-05,0.9999184688354527,1.56064828578737e-05,1.8819604058510217e-05,2,0.9999184688354527
0.00022361648267542645,0.0019051839441442038,0.9973971691077761,0.0002770886407668154,0.00019694182463748916,2,0.9973971691077761
5.334756562999421e-06,4.742323675516478e-05,0.999913047813967,1.5354015985968116e-05,1.8840176728852356e-05,2,0.999913047813967
1.0779927645137598e-05,2.7611426473656178e-05,0.00012056931441558766,0.00017734542523212816,0.9996636939062334,4,0.9996636939062334
2.792124560289695e-05,6.432031519423145e-05,0.0003491440548914565,0.00042042351823852095,0.9991381908660728,4,0.9991381908660728
0.0010423108505914801,0.9986249500530712,0.0001507971537380558,9.618632982267705e-05,8.575561277637761e-05,1,0.9986249500530712
2.252128597493817e-05,5.2875857230035475e-05,0.00018651859402984996,0.999607695833866,0.00013038842889921413,3,0.999607695833866
3.6776404010317336e-05,7.125469112612594e-05,0.0003848436689390443,0.017587197516297823,0.9819199277196267,4,0.9819199277196267
3.3663320758797926e-05,8.57085858560476e-05,0.0003170982982211484,0.9993112609772024,0.00025226881796152663,3,0.9993112609772024
2.115541909397499e-05,5.078639847728819e-05,0.0002532052530020243,0.999554396854435,0.00012045607499158549,3,0.999554396854435
7.949274938762695e-05,0.00022473237430085523,0.02631465122417448,0.9728307850445281,0.0005503386076087775,3,0.9728307850445281
3.931487891675772e-06,1.8433994598920226e-05,0.9999608471923747,8.687780043382531e-06,8.099545091254806e-06,2,0.9999608471923747
0.00011396892486330125,0.9994469466891225,0.00027528686115995223,8.655203743163462e-05,7.724548742246813e-05,1,0.9994469466891225
8.125684134414307e-06,7.075989121377413e-05,0.999869613745606,2.793923191706007e-05,2.3561447128797116e-05,2,0.999869613745606
0.9997222753864107,0.00020101158017758806,3.1461169890023906e-05,2.3654533917282962e-05,2.1597329604580642e-05,0,0.9997222753864107
0.00015909968678353852,0.9992001415669339,0.00040855470473763174,0.00012639677308869725,0.00010580726845619138,1,0.9992001415669339
8.863640963894567e-06,7.427997338483646e-05,0.9996900975733648,2.2660385050594846e-05,0.00020409842723574203,2,0.9996900975733648
2.1483612141757135e-05,5.109086708010494e-05,0.00021642255944492522,0.9995386674517266,0.00017233550960667302,3,0.9995386674517266
1.1096974253790545e-05,0.00011145596967211147,0.9998044311855656,3.382589930201904e-05,3.918997120636957e-05,2,0.9998044311855656
0.0002473089474291462,0.9991947033627315,0.00033913903383303335,0.0001154857329534695,0.00010336292305278532,1,0.9991947033627315
1.3073100199819877e-05,3.971827023337561e-05,0.00012647414043454183,0.9997347987166795,8.593577245285783e-05,3,0.9997347987166795
2.138959893544872e-05,0.0015165047062955911,0.9983643242260843,5.37009940735918e-05,4.408047461093553e-05,2,0.9983643242260843
0.9998347702842296,0.00013405290913060094,1.3243312863625413e-05,9.083483644037768e-06,8.850010132184749e-06,0,0.9998347702842296
5.023245615775279e-06,3.8384348739862526e-05,0.9999322024037102,1.5443197593500777e-05,8.946804340409499e-06,2,0.9999322024037102
0.9995232643073294,0.0003821561764802432,3.953853649202038e-05,2.848481941911127e-05,2.655616027906655e-05,0,0.9995232643073294
4.620064223807421e-06,5.8880578402646984e-05,0.9999143872435345,1.061178913631685e-05,1.1500324702507534e-05,2,0.9999143872435345
0.0009525245395361873,0.9965442963190313,0.0016232948442670503,0.00048454503812462554,0.00039533925904103426,1,0.9965442963190313
3.3195449506512658e-06,9.069801636618664e-05,0.9998921090718899,7.500590432196524e-06,6.3727763611517226e-06,2,0.9998921090718899
1.4408971821335571e-05,3.245516480658344e-05,0.00010992804028245835,0.9997398759637816,0.0001033318593082705,3,0.9997398759637816
0.00011603157043863558,0.9995207233771309,0.0001727585638895992,0.00010990402327500686,8.058246526574627e-05,1,0.9995207233771309
0.9994662435939449,0.0004330054362216143,4.2170599265774425e-05,3.071541437954929e-05,2.7864956188032916e-05,0,0.9994662435939449
5.453644614284229e-05,0.9997680668529981,0.00010466898253309218,4.001998958885019e-05,3.2707728737347536e-05,1,0.9997680668529981
1.2903702180515152e-05,0.0001069079809593931,0.999809358997129,3.459493928270895e-05,3.6234380448468294e-05,2,0.999809358997129
0.9953509003469259,0.004604145988314931,1.9454546282704443e-05,1.3575885692463038e-05,1.1923232784111192e-05,0,0.9953509003469259
1.4748866760617773e-05,3.5123341194591e-05,0.00013122424599849272,0.9997318865303993,8.7017015647088e-05,3,0.9997318865303993
9.428353831340433e-06,0.0018980219707062772,0.9980574949021274,1.8476872090448332e-05,1.657790124437908e-05,2,0.9980574949021274
5.466438239591881e-05,0.9854732000634016,0.014283355703706644,9.814077744576398e-05,9.063907304990664e-05,1,0.9854732000634016
1.8198364455519506e-05,3.461664768051947e-05,0.0002469584929051494,0.9996067595674901,9.346692746869111e-05,3,0.9996067595674901
4.255607140200367e-05,0.9998358564089602,6.122665741372876e-05,3.42334633675873e-05,2.612739885633901e-05,1,0.9998358564089602
1.5602452844020658e-05,3.804770926126678e-05,0.00017598859847168456,0.9996618829315648,0.00010847830785820811,3,0.9996618829315648
0.9989071150193308,0.00104191364981621,2.1749785760280794e-05,1.4984755463818306e-05,1.4236789628923256e-05,0,0.9989071150193308
1.6185214121684777e-05,3.80961323373003e-05,0.000131432946017685,0.9997463744231344,6.791128438895619e-05,3,0.9997463744231344
2.0142547547624786e-05,4.4837733329313226e-05,0.0002183380908299041,0.9996237326434867,9.294898480650416e-05,3,0.9996237326434867
3.994807272133862e-06,9.97603467480463e-05,0.9998796528268943,1.0016265175740307e-05,6.575753909963789e-06,2,0.9998796528268943
0.9986047329239796,0.0011616642325879079,0.00010315903351757509,6.750730801202844e-05,6.293650190293796e-05,0,0.9986047329239796
0.0005655804735397873,0.9983093483823675,0.0006624307445449182,0.00024906195262600994,0.0002135784469217722,1,0.9983093483823675
1.107921832516193e-05,0.00011634216839737317,0.9998195362091717,3.337682290651118e-05,1.9665581199288463e-05,2,0.9998195362091717
3.7647049691922845e-05,8.654970209676102e-05,0.0006590212332005527,0.9989412149046969,0.00027556711031369074,3,0.9989412149046969
0.00302441996581061,0.9968336953614181,6.330702030027461e-05,4.0665523275433215e-05,3.791212919573458e-05,1,0.9968336953614181
2.0255276160700216e-05,4.078820596643837e-05,0.00023224506089035047,0.9995981318446374,0.00010857961234506995,3,0.9995981318446374
0.00010852010481600014,0.0304214805253942,0.9690688578364278,0.00021033032571635168,0.00019081120764573038,2,0.9690688578364278
1.4319649051509507e-05,0.0024634951456352387,0.9974695761255784,3.112570140508555e-05,2.1483378329806e-05,2,0.9974695761255784
1.4760552119623715e-05,3.22800766927461e-05,0.00012506586920249895,0.0009578242759972731,0.9988700692259878,4,0.9988700692259878
0.9995247855347394,0.00036693757226987473,4.828964722670349e-05,3.2120657436087115e-05,2.7866588327813384e-05,0,0.9995247855347394
0.000868066203844506,0.9988886469487377,0.00010034859147177532,7.494673931782759e-05,6.799151662813523e-05,1,0.9988886469487377
1.6787039495719128e-05,3.9893519450203546e-05,0.00012394603448813232,0.9996993134638349,0.00012005994273115013,3,0.9996993134638349
5.396984146077932e-05,0.0005935621618618206,0.9992330376061367,6.154914208905984e-05,5.788124845151909e-05,2,0.9992330376061367
2.7000615864929474e-05,6.853667824294188e-05,0.0002600189320711271,0.9994061787425811,0.0002382650312398959,3,0.9994061787425811
4.4506199243950905e-05,0.00010012411946989454,0.003108164833546995,0.996463932734205,0.00028327211353423317,3,0.996463932734205
6.682902759357703e-05,0.0001960182151161265,0.0010513108793452845,0.9982670253995791,0.00041881647836583704,3,0.9982670253995791
7.177602082196305e-05,0.00012928776653195004,0.0007277529069837343,0.9988914491032544,0.00017973420240801474,3,0.9988914491032544
1.2002138592899206e-05,2.513276888050262e-05,8.303596330205967e-05,0.00011144469929829597,0.9997683844299261,4,0.9997683844299261
8.801270947081822e-05,0.9995892794423126,0.00020608246023026084,6.695568827264988e-05,4.966969971352224e-05,1,0.9995892794423126
2.0141478142314698e-05,3.9947529951884604e-05,0.00021329268987506136,0.999589399349843,0.00013721895218779987,3,0.999589399349843
8.275119630498868e-06,7.018105668642538e-05,0.99986406451716,2.5559096790693936e-05,3.1920209732328583e-05,2,0.99986406451716
0.001182360853327088,0.9985065561121191,0.00013336741149395752,7.770448623143436e-05,0.0001000111368283471,1,0.9985065561121191
5.612254800440074e-06,3.981496031163456e-05,0.9999243507618859,1.4435039955789375e-05,1.5786983046268548e-05,2,0.9999243507618859
5.740900167618176e-06,2.627303129731627e-05,0.9999409192046214,1.5696647172354847e-05,1.1370216741365703e-05,2,0.9999409192046214
6.572218398346152e-06,3.95002580733993e-05,0.9999157019405674,1.6868448937979343e-05,2.135713402263365e-05,2,0.9999157019405674
1.763251627103897e-05,4.2637853909445566e-05,0.00015713791547300302,0.9997273663590555,5.522535529115875e-05,3,0.9997273663590555
0.9986598134842549,0.001077132925526014,0.00011057338047781915,7.412608900359918e-05,7.835412073749405e-05,0,0.9986598134842549
0.9995046192718293,0.00040044521636826063,3.713503883403417e-05,3.296312698942674e-05,2.4837345979096693e-05,0,0.9995046192718293
1.901920009653133e-05,3.652243945776957e-05,0.00022309348934625357,0.9995763638899577,0.00014500098114175896,3,0.9995763638899577
9.246886149034867e-06,4.695740858147898e-05,0.9998938059896152,1.909371568733388e-05,3.0895999967084005e-05,2,0.9998938059896152
7.967214906608897e-06,1.9441367795283493e-05,7.438101924797284e-05,8.364257891938304e-05,0.9998145678191308,4,0.9998145678191308
0.00010011766082624673,0.0014068170912044037,0.9982876199144102,0.00010772104190326102,9.772429165605405e-05,2,0.9982876199144102
0.0001148392793332466,0.9957464337344007,0.003750191334006388,0.00021054813501784214,0.000177987517241711,1,0.9957464337344007
0.000909342526265284,0.9987756372349177,0.00015544540426278434,8.3669787684611e-05,7.590504686943158e-05,1,0.9987756372349177
0.9964703376558017,0.003472278566872449,2.5331279238909046e-05,1.7162770150775167e-05,1.4889727936241052e-05,0,0.9964703376558017
1.7096460819919353e-05,3.5491509857925786e-05,0.0001699219022477349,0.999650989080216,0.0001265010468583229,3,0.999650989080216
0.9995419102077262,0.00041261338173897516,1.8479860098637108e-05,1.4455521960908487e-05,1.2541028475205872e-05,0,0.9995419102077262
7.988130866289226e-05,0.0005723593913728933,0.9991858006323378,8.491970160489102e-05,7.70389660214584e-05,2,0.9991858006323378
0.9987081795574887,0.001043695554447908,9.298740579979781e-05,8.615904395769859e-05,6.897843830573981e-05,0,0.9987081795574887
0.9987747175164376,0.0009506205368676646,0.00014103780229407406,7.006307619112888e-05,6.356106820959861e-05,0,0.9987747175164376
7.177610609779454e-06,3.1981905184074686e-05,0.9999318059805838,1.5598094392730742e-05,1.3436409229517074e-05,2,0.9999318059805838
1.614685080775192e-05,3.39411268688758e-05,0.0001324183056126202,0.9996951106887756,0.0001223830279350985,3,0.9996951106887756
0.0009553553206096009,0.9987651142935795,0.00012661365907912545,8.133925221180182e-05,7.157747451987825e-05,1,0.9987651142935795
0.0001068819381955248,0.9962997290667721,0.0032458016830545365,0.00019126738644781384,0.0001563199255299021,1,0.9962997290667721
1.511277156083197e-05,3.9358180015598577e-05,0.0001480015420376498,0.9996870419339556,0.000110485572430187,3,0.9996870419339556
4.320127626492156e-05,0.9997853110855247,9.982306360409861e-05,3.725618517396526e-05,3.44083894323138e-05,1,0.9997853110855247
1.861378945706388e-05,3.9198049498722e-05,0.0010134734156413494,0.9988215959016081,0.00010711884379482278,3,0.9988215959016081
0.0002271177414143155,0.9993594698257297,0.0002504364391923055,8.545311562227996e-05,7.752287804168906e-05,1,0.9993594698257297
4.417395223897241e-05,7.63093341044055e-05,0.9990482540223309,0.000615999397171206,0.00021526329415431244,2,0.9990482540223309
3.570904131324997e-05,8.158931063644777e-05,0.0005628574437173574,0.9990833772976059,0.00023646690672684593,3,0.9990833772976059
0.00020853917445203004,0.998846012283113,0.00018892929833008436,8.641818410240116e-05,0.0006701010600024109,1,0.998846012283113
4.794588187705093e-05,0.00011031401799104565,0.0005443195067331442,0.9990737289478286,0.0002236916455701417,3,0.9990737289478286
0.00041769638558491345,0.0023924041455677765,0.9963661447542896,0.0004428892036291511,0.0003808655109284896,2,0.9963661447542896
0.004015364778196248,0.9951453104902248,0.00034308965762070353,0.00023851926776378464,0.00025771580619439986,1,0.9951453104902248
6.980128699908794e-06,5.103467646862313e-05,0.9998955001031159,2.0699804836744044e-05,2.5785286878682933e-05,2,0.9998955001031159
7.642700060442039e-06,1.8017343949979152e-05,8.173079833100613e-05,0.00011187085481272777,0.999780738302846,4,0.999780738302846
0.9977460114700069,0.0021094914154038114,6.639748489631908e-05,3.602573717934736e-05,4.207389251374921e-05,0,0.9977460114700069
1.9572983694362866e-05,4.608020301454236e-05,0.00022164646052791334,0.999580754396605,0.00013194595615823406,3,0.999580754396605
9.232390156512352e-06,2.0639257915758558e-05,9.777416686201984e-05,0.00020645713945439872,0.9996658970456113,4,0.9996658970456113
0.005366420829829104,0.9939789581150353,0.0002480277895472864,0.00018277075642856704,0.0002238225091599414,1,0.9939789581150353
6.216526334502757e-05,0.00018079137541985153,0.0007679769596172099,0.9984767914528896,0.0005122749487283707,3,0.9984767914528896
7.57791411553928e-05,0.013508168710905419,0.9861303272264108,0.00013769992879542625,0.00014802499273302162,2,0.9861303272264108
8.737166255850932e-05,0.0019085863686008032,0.9977189902788981,0.0001728299318563541,0.00011222175808623504,2,0.9977189902788981
6.475633468064958e-05,0.9906962059543251,0.008988391518542185,0.00014294143018032634,0.00010770476227193038,1,0.9906962059543251
7.298493141607998e-06,7.969763135915766e-05,0.9997311608088302,1.757771316605881e-05,0.00016426535350283933,2,0.9997311608088302
2.349446572308712e-05,4.0079195837495804e-05,0.0002368259321602651,0.9995376701727275,0.00016193023355184016,3,0.9995376701727275
0.00010194356182999026,0.0012109599362473051,0.9984539084835861,0.0001413549875364393,9.183303079991741e-05,2,0.9984539084835861
1.6826716950109745e-05,4.6286628959727775e-05,0.00014432271768554208,0.9997179357868418,7.46281495628768e-05,3,0.9997179357868418
4.42631300330345e-06,7.357536449523137e-05,0.9999030981102711,9.781241818723559e-06,9.118970411729417e-06,2,0.9999030981102711
8.289074818948888e-06,1.558723982792951e-05,0.00010229214076004997,9.355430023860894e-05,0.9997802772443545,4,0.9997802772443545
5.584568923916551e-06,4.566893919347799e-05,0.9999156755961953,1.4484988794900363e-05,1.858590689246635e-05,2,0.9999156755961953
0.00048155670949736045,0.9988350744831135,0.0003576561538358798,0.00018662063297712408,0.0001390920205763158,1,0.9988350744831135
0.00012327165996972163,0.9997295906127263,5.766579932644234e-05,5.0042605906969535e-05,3.942932207074184e-05,1,0.9997295906127263
7.792122220013216e-06,1.8893272526855053e-05,6.346155861091895e-05,9.206410920011846e-05,0.9998177889374421,4,0.9998177889374421
1.3678197048702884e-05,2.9362298544415857e-05,0.0001405182153680312,0.0013139205445290853,0.9985025207445097,4,0.9985025207445097
5.6385529414736655e-05,0.0005892422400989609,0.9992431243895017,5.956855903731364e-05,5.1679281947352385e-05,2,0.9992431243895017
1.9428937910782653e-05,4.41257471716256e-05,0.00023410584153791365,0.9995905296041447,0.00011180986923512355,3,0.9995905296041447
1.686450769038268e-05,3.6065619138491934e-05,0.00020044133027248394,0.0017345403580135354,0.9980120881848852,4,0.9980120881848852
3.2576771233468135e-05,7.628484636278994e-05,0.9990085259937519,0.0007515977135084868,0.00013101467514346998,2,0.9990085259937519
0.9995599330714093,0.00034178192001698543,3.776202317000723e-05,2.9457868746335116e-05,3.1065116657414246e-05,0,0.9995599330714093
1.262825823179436e-05,3.377905912502582e-05,0.00016288394781456694,0.9997262015315325,6.45072032962602e-05,3,0.9997262015315325
3.239657552140714e-05,7.217226766352906e-05,0.00032705133988684797,0.016143067808401045,0.9834253120085272,4,0.9834253120085272
5.087701113898228e-06,3.971306796125526e-05,0.9999220989062069,1.5132646718384432e-05,1.7967677999449145e-05,2,0.9999220989062069
1.4182359722697761e-05,0.0002876423052436666,0.9996242467493744,3.461319599897775e-05,3.9315389659986974e-05,2,0.9996242467493744
0.00019045963419589377,0.9994009237926555,0.00026582228330369634,7.28889829082691e-05,6.990530693657497e-05,1,0.9994009237926555
9.264259601030435e-05,0.9995813998852875,0.00019723580021910705,7.446712775083196e-05,5.425459073208452e-05,1,0.9995813998852875
3.782054054180279e-05,0.00010731425736679695,0.9986646834931168,0.0009718990629837393,0.00021828264599084706,2,0.9986646834931168
8.57514825250503e-06,1.870629368345642e-05,9.22221815107635e-05,9.603097567142969e-05,0.9997844654008817,4,0.9997844654008817
1.9842643012867484e-05,4.7269480449138e-05,0.00022498725710813194,0.9995404471477084,0.0001674534717214799,3,0.9995404471477084
1.9080778372781726e-05,4.059364081165208e-05,0.00022778460559544613,0.9995737636415103,0.0001387773337096718,3,0.9995737636415103
0.0009338084580204956,0.9987835758124255,0.0001343821397817149,7.858348149836492e-05,6.96501082740852e-05,1,0.9987835758124255
1.8608732317606263e-05,4.4480073716688326e-05,0.00019088357052989542,0.9996221439483088,0.00012388367512715636,3,0.9996221439483088
1.9537326263942522e-05,5.1263177722684124e-05,0.00017875414892210283,0.9996203444603923,0.00013010088669909362,3,0.9996203444603923
3.3802014340416325e-05,6.883598854196908e-05,0.0005196818089735746,0.9991831415847942,0.0001945386033498169,3,0.9991831415847942
0.9996329356913685,0.0002897396594080976,3.062844454675241e-05,2.5695589907230344e-05,2.1000614769424294e-05,0,0.9996329356913685
1.1440826466875768e-05,7.245229046957002e-05,0.9998539370544102,2.746885689552399e-05,3.47009717578954e-05,2,0.9998539370544102
1.4540914520790456e-05,3.075337769442532e-05,0.00016459011269517561,0.9997010333349312,8.908226015832405e-05,3,0.9997010333349312
0.12957069961488282,0.8673248549675365,0.0012180245624221033,0.0010862924824619183,0.0008001283726968829,1,0.8673248549675365
1.145764155047527e-05,2.6563075068522253e-05,0.00011990357488938712,0.9997931381187993,4.89375896922641e-05,3,0.9997931381187993
0.9995210395377088,0.0003798190912172484,4.3312600454591974e-05,2.9272669449888398e-05,2.6556101169548302e-05,0,0.9995210395377088
1.1231192471596493e-05,2.0749667645835536e-05,0.00010704751661462454,0.00021479173343654485,0.9996461798898314,4,0.9996461798898314
0.00010114198232263784,0.00022825627929790702,0.0009173008306108056,0.2679413147072086,0.73081198620056,4,0.73081198620056
0.00011219210263899897,0.002235295497224064,0.9973995373777907,0.00010319698023692218,0.00014977804210934635,2,0.9973995373777907
0.00011379778301235077,0.9996283531642217,0.00014201248892483506,5.53117418233757e-05,6.052482201783325e-05,1,0.9996283531642217
6.312771064879591e-05,0.9996345243605226,0.00018187326302402824,6.848352735199382e-05,5.1991138452424185e-05,1,0.9996345243605226
5.949856238194175e-05,0.9994685228119938,0.00031301547111521746,8.837507943219351e-05,7.058807507684234e-05,1,0.9994685228119938
1.142437074225249e-05,2.6809087637777132e-05,0.00010595229472070238,0.0002758514660322866,0.999579962780867,4,0.999579962780867
1.8268651747783077e-05,4.484641349208037e-05,0.00021980089273581198,0.9995993029919507,0.00011778105007368998,3,0.9995993029919507
0.0002542864169414302,0.9990992642198582,0.00036141578862340635,0.0001481800972598629,0.0001368534773173299,1,0.9990992642198582
2.4842440724706594e-05,0.0020191018245345645,0.9963507343437211,5.859197737286761e-05,0.0015467294136469174,2,0.9963507343437211
0.0002783612452442472,0.9880784469184942,0.010951442992260125,0.0001785074214913563,0.0005132414225101184,1,0.9880784469184942
6.55547219494287e-05,0.998365259637748,0.001269110660586325,0.00014233838387102727,0.00015773659584508286,1,0.998365259637748
7.79139840755661e-06,1.3834473154518605e-05,9.40612554117131e-05,0.0001593972953103597,0.9997249155777159,4,0.9997249155777159
1.519306184431577e-05,4.09854432859587e-05,0.00015738805476605582,0.9996943494771541,9.208396294952684e-05,3,0.9996943494771541
1.5872938621842366e-05,2.4417164929856465e-05,0.00011329241994451819,9.71477154204127e-05,0.9997492697610832,4,0.9997492697610832
7.60861205385823e-06,0.00023999089202453685,0.9997173500371486,1.937540187112928e-05,1.5675056902139343e-05,2,0.9997173500371486
1.3037067003577373e-05,2.7509816940421022e-05,0.0001238829391149606,0.9997743577615605,6.121241538059648e-05,3,0.9997743577615605
4.235889880315041e-05,0.00010790541108414135,0.000505351487573133,0.9990305543001428,0.0003138299023966583,3,0.9990305543001428
1.550209306038139e-05,3.0007430988037555e-05,0.00021123328550505012,0.9996279495392593,0.0001153076511871313,3,0.9996279495392593
0.9994357330063697,0.00048646650290296717,3.1232115367974805e-05,2.4971399831931417e-05,2.1596975527475875e-05,0,0.9994357330063697
5.003079224148222e-06,0.00014180045398233735,0.9998320617138962,1.3079834535160757e-05,8.054918362198646e-06,2,0.9998320617138962
3.388302642292583e-06,3.761209142049612e-05,0.9999439729964511,8.046119964081148e-06,6.980489522090049e-06,2,0.9999439729964511
5.9836657378434725e-06,4.9434147058882915e-05,0.9999114925782374,1.6025894240712397e-05,1.7063714724953615e-05,2,0.9999114925782374
0.9989520509775668,0.0009887025937657327,2.1077110401654037e-05,1.7644582974617466e-05,2.052473529114792e-05,0,0.9989520509775668
1.2806630617882372e-05,2.6112990945579964e-05,0.00014654133065600456,0.000679800031636479,0.9991347390161439,4,0.9991347390161439
2.0293081398552907e-05,5.608905610535104e-05,0.00016303871349929985,0.9996286045278078,0.00013197462118906284,3,0.9996286045278078
0.00031354676551100766,0.0013489503322192554,0.9980180052626404,0.00016534648582902545,0.00015415115380053914,2,0.9980180052626404
0.9934739031479117,0.00646577733417893,2.350306487595866e-05,2.0440498079469322e-05,1.637595495375604e-05,0,0.9934739031479117
3.199813513947342e-05,7.103742615413099e-05,0.0002890040112132487,0.999400889296039,0.00020707113145415127,3,0.999400889296039
1.3636825420053149e-05,0.0001157358557672021,0.9997894637127297,4.2275254207006916e-05,3.888835187602683e-05,2,0.9997894637127297
7.168947112427281e-06,6.04824887091284e-05,0.9997479937628448,2.300510779843707e-05,0.00016134969353503797,2,0.9997479937628448
4.5020049812646174e-05,0.00011319234413754109,0.004087226873313054,0.9954325503568018,0.0003220103759349501,3,0.9954325503568018
0.9996282495482641,0.00033294702897350886,1.6020464902376588e-05,1.2475996274430451e-05,1.0306961585579563e-05,0,0.9996282495482641
4.331296957944646e-05,0.0001076347498296045,0.00041976470954552703,0.017964739215537096,0.9814645483555083,4,0.9814645483555083
4.946168169833943e-06,5.0446831203577746e-05,0.9999170693772872,1.4236372935029907e-05,1.3301250404429278e-05,2,0.9999170693772872
3.0359889918851933e-05,0.00038839252663231284,0.999518175934511,3.3772226140127926e-05,2.929942279772366e-05,2,0.999518175934511
0.001173955102511577,0.9974195075172344,0.000717865107113185,0.00040013172869374133,0.000288540544447226,1,0.9974195075172344
0.00018703858373775715,0.999212785325347,0.00037727154564804746,0.00012036679451067634,0.00010253775075667842,1,0.999212785325347
6.0411508156346606e-05,0.015432776524885455,0.9842911836425757,0.0001154599357381286,0.00010016838864435661,2,0.9842911836425757
5.0726129714484905e-06,4.505445840983819e-05,0.9999307305609813,1.0081813101127217e-05,9.060554536172749e-06,2,0.9999307305609813
1.047976051700618e-05,2.505449080354437e-05,0.0001948630344824535,0.00022271353084378772,0.9995468891833531,4,0.9995468891833531
2.21624163860505e-05,5.330639204238907e-05,0.0001858586562000887,0.9996178858725969,0.00012078666277453377,3,0.9996178858725969
2.036687845251752e-05,5.7616925816570867e-05,0.00019206426589634675,0.9996110492924861,0.00011890263734846237,3,0.9996110492924861
4.337021792014674e-05,0.00010216832399637885,0.0014001581956746725,0.9981417980409071,0.00031250522150156793,3,0.9981417980409071
3.611601782521808e-05,7.62502121430493e-05,0.0003973978497527007,0.9992793891879261,0.0002108467323529249,3,0.9992793891879261
0.9991099694028092,0.0006448179103628435,0.00015174199493021409,4.8372972179833635e-05,4.509771971805497e-05,0,0.9991099694028092
2.4874056668487735e-05,5.445536559527636e-05,0.000738949346568992,0.9990539679016761,0.00012775332949113,3,0.9990539679016761
5.5624708014655565e-05,7.943974246248302e-05,0.000562361521110983,0.9990624506001969,0.00024012342821486547,3,0.9990624506001969
9.052423511949849e-06,8.730442062941089e-05,0.999678100647253,2.180188442510255e-05,0.00020374062418043759,2,0.999678100647253
1.1060298015551822e-05,2.6761598144985975e-05,0.00010558673904854109,0.9997871035463125,6.9487818478486e-05,3,0.9997871035463125
1.574351314959573e-05,3.4680610966670566e-05,0.0001628060828643539,0.9997325560751243,5.421371789504957e-05,3,0.9997325560751243
2.344555732369241e-05,5.814543712258826e-05,0.0005811373758568145,0.9992094917623445,0.00012777986735238407,3,0.9992094917623445
1.66468318150684e-05,3.33434301048196e-05,0.0001609561326760082,0.9996492837401652,0.00013976986523911368,3,0.9996492837401652
2.854831209241497e-05,4.1068460071314806e-05,0.0002391688287262321,0.9996178322428424,7.338215626751661e-05,3,0.9996178322428424
3.869609759520174e-05,7.63146810836967e-05,0.0004439471575424125,0.9992087181156001,0.00023232394817862865,3,0.9992087181156001
0.9995587739339317,0.0003272844408164099,4.448863275637688e-05,3.6046620496235814e-05,3.3406371999304426e-05,0,0.9995587739339317
1.694094279378225e-05,3.3696270007361254e-05,0.00016690073016394964,0.9996761478499039,0.00010631420713092515,3,0.9996761478499039
1.996548323192265e-05,5.0593962811931834e-05,0.00026087510047089857,0.9995338101684241,0.00013475528506115637,3,0.9995338101684241
5.541362520652812e-06,0.00013223986171153232,0.9998334119397679,1.5686447436628484e-05,1.3120388563344133e-05,2,0.9998334119397679
7.499905675349016e-06,7.12812810194907e-05,0.9998768343996072,2.20260050739192e-05,2.2358408624141487e-05,2,0.9998768343996072
0.00031909782061172154,0.9985738801914269,0.0006611918502466253,0.00019960375306279733,0.0002462263846519752,1,0.9985738801914269
0.9985936085196656,0.0011688233092116626,0.00011810080873561092,6.990644871455623e-05,4.956091367257237e-05,0,0.9985936085196656
1.0465890065231571e-05,4.480848569912667e-05,0.9998255421375631,2.4084413203176016e-05,9.509907346947111e-05,2,0.9998255421375631
0.0009133126743276323,0.99704055596108,0.0013841979579185032,0.00035244984663434863,0.0003094835600394233,1,0.99704055596108
9.681065282102174e-06,4.914080863800684e-05,0.9998921662441013,2.4250313381766412e-05,2.4761568596785004e-05,2,0.9998921662441013
5.048771353306524e-06,0.00014777945198869862,0.9998235693382063,1.3201096171388056e-05,1.0401342280138996e-05,2,0.9998235693382063
5.887597115681212e-05,0.00015906752931789785,0.0005827094328335424,0.020257509665135207,0.9789418374015565,4,0.9789418374015565
0.00017565823070129043,0.999317448438419,0.0002765498696746475,0.0001054582908760633,0.0001248851703288508,1,0.999317448438419
9.222730837800179e-06,1.613943247483813e-05,8.367739391545273e-05,8.637569024112864e-05,0.9998045847525306,4,0.9998045847525306
3.840368665282119e-05,0.0018998104315209416,0.997903520228818,9.608058466533919e-05,6.218506834295741e-05,2,0.997903520228818
0.999555389290563,0.00031442578003490896,5.355283478761652e-05,3.647247816759952e-05,4.015961644694706e-05,0,0.999555389290563
0.9997913163480857,0.00018164081400907526,9.103924065571299e-06,1.0177098844121706e-05,7.761814995581817e-06,0,0.9997913163480857
0.0002234530296895025,0.9995663304515111,9.157224895987256e-05,6.140080754405367e-05,5.724346229521865e-05,1,0.9995663304515111
1.338078473751219e-05,3.201841437122501e-05,0.00013101126882600307,0.00022822022336621973,0.999595369308699,4,0.999595369308699
0.9998767521179572,9.530676350200839e-05,1.1327723085953044e-05,9.58534652374301e-06,7.028048931174272e-06,0,0.9998767521179572
8.910260016936077e-06,2.2963515632034226e-05,8.565370587118891e-05,0.00013029808473797013,0.999752174433742,4,0.999752174433742
2.66255931492214e-05,4.8432811775386054e-05,0.0007843370783425968,0.9990415393526269,9.906516410585088e-05,3,0.9990415393526269
7.642944306332995e-06,1.7353745563952337e-05,6.693687325146242e-05,9.53770780891696e-05,0.9998126893587891,4,0.9998126893587891
6.49028155538459e-05,0.9996484556716773,0.0001742197231842571,5.1207708589867676e-05,6.12140809950105e-05,1,0.9996484556716773
0.009467463097203001,0.9889825734402066,0.0009555817260890225,0.00025142466320691905,0.0003429570732945794,1,0.9889825734402066
6.475261992256596e-06,4.666313423704398e-05,0.9997963812148105,1.4997486918236199e-05,0.000135482902041912,2,0.9997963812148105
5.2160285171307706e-06,6.333354133794146e-05,0.9999091781584144,1.1526350762211644e-05,1.0745920968298825e-05,2,0.9999091781584144
2.486924193499242e-05,2.7111479102156763e-05,7.720356017844386e-05,0.00039534256924112545,0.9994754731495432,4,0.9994754731495432
6.962130484776377e-06,5.4698649519146865e-05,0.999902261482323,2.173454462585251e-05,1.434319304710106e-05,2,0.999902261482323
0.999827248883988,0.00014141700334728468,1.3102744144530597e-05,1.0518860238081497e-05,7.712508282335115e-06,0,0.999827248883988
1.9382868658527665e-05,5.472712648413434e-05,0.0007924547074530977,0.9990190780784587,0.0001143572189456749,3,0.9990190780784587
7.576102585884994e-05,0.00015782412287715448,0.004550040618853128,0.9948833745568626,0.00033299967554819085,3,0.9948833745568626
4.2716437367567675e-05,8.390884769641448e-05,0.0008952147220448619,0.9987670724956234,0.00021108749726775168,3,0.9987670724956234
0.0006064844342652314,0.9992057051698525,7.741806578351008e-05,5.952269564571337e-05,5.086963445297174e-05,1,0.9992057051698525
0.00014506388417985207,0.999182994612302,0.000359113358518392,0.00012771925020847472,0.0001851088947912733,1,0.999182994612302
9.961425249638402e-06,6.204852031158029e-05,0.999874503172414,2.9011937397620824e-05,2.4474944627224925e-05,2,0.999874503172414
7.291118241234194e-06,1.7195434832151274e-05,7.771342361188923e-05,6.33163498980121e-05,0.9998344836734167,4,0.9998344836734167
2.7965888678928962e-05,6.642592822234435e-05,0.0011381281843934113,0.9985677368869169,0.00019974311178847708,3,0.9985677368869169
1.5205642499297327e-05,3.4284556974186226e-05,0.00016275575285740548,0.9996984516501215,8.930239754764374e-05,3,0.9996984516501215
8.334992864853977e-06,8.902148000602107e-05,0.9997013613351455,2.4065743409963384e-05,0.00017721644857353688,2,0.9997013613351455
0.9990964014774084,0.000840888326287198,2.2603952848516205e-05,1.8539968032089116e-05,2.156627542358924e-05,0,0.9990964014774084
7.791769286656492e-06,1.839881958895523e-05,9.462381451201088e-05,0.0001066820176900208,0.9997725035789224,4,0.9997725035789224
0.0009515401066654614,0.9952115700857066,0.0025582582129232254,0.0006362984986335447,0.0006423330960712154,1,0.9952115700857066
0.9626370102224682,0.0361918439486782,0.0004324839995344353,0.00022219703959264317,0.0005164647897263528,0,0.9626370102224682
8.346938226221137e-05,0.9996272463991006,0.00016706368609964027,5.424746313373123e-05,6.797306940405362e-05,1,0.9996272463991006
0.9951742696740677,0.004708379630008504,4.982064733019713e-05,3.210762204100298e-05,3.5422426552569274e-05,0,0.9951742696740677
4.680698600713785e-06,0.00015802780182628423,0.9998177162721402,1.0481714347782375e-05,9.09351308517203e-06,2,0.9998177162721402
7.86047787137457e-06,1.7282331898101594e-05,5.4905187837279494e-05,7.1404629196011e-05,0.9998485473731972,4,0.9998485473731972
9.503397487760152e-05,0.9993033413421104,0.00048376015675222564,7.039835837896837e-05,4.7466167881071474e-05,1,0.9993033413421104
1.7545530534120808e-05,3.668546974345868e-05,0.00017098267843578539,0.9996388065773482,0.00013597974393863448,3,0.9996388065773482
0.9961083743550254,0.0037640232797713042,5.059296623964657e-05,4.03782969852567e-05,3.6631101978252695e-05,0,0.9961083743550254
0.00016491085407198877,0.0007126719223543643,0.9987928469375242,0.00019844936762930762,0.00013112091842028853,2,0.9987928469375242
0.00013421586647112884,0.00023814681660523008,0.0009653558112644527,0.2722180829524383,0.726444198553221,4,0.726444198553221
4.442006020438888e-05,7.860410563047928e-05,0.0014740360241341458,0.9981598448383345,0.00024309497169638415,3,0.9981598448383345
0.0006827421457528316,0.9990851244005565,0.00010822553725143655,7.613690590875488e-05,4.7771010530304195e-05,1,0.9990851244005565
2.5093745905420293e-05,6.0184487579938364e-05,0.00036091891131333144,0.9994462777556636,0.0001075250995377184,3,0.9994462777556636
0.0013968043056072814,0.9927854117802482,0.004240536245376405,0.0006138681450759907,0.0009633795236922063,1,0.9927854117802482
0.9905009203526316,0.00914823418900377,0.00013749861457201608,0.00011651830940223922,9.682853439039202e-05,0,0.9905009203526316
0.99897043979457,0.00097341888040086,2.362793780408344e-05,1.789118988168649e-05,1.462219734314005e-05,0,0.99897043979457
2.0307827366597465e-05,4.1520701394045006e-05,0.000211787111525585,0.9995769525323022,0.0001494318274117509,3,0.9995769525323022
1.35857352574158e-05,2.1041878772708096e-05,9.216044089507973e-05,0.00023658476455761372,0.9996366271805172,4,0.9996366271805172
1.4906068084371678e-05,3.302455342584835e-05,0.0001737608887507377,0.9997053677512757,7.294073846317622e-05,3,0.9997053677512757
0.0005378042879152848,0.9987678525001019,0.00037882558708246154,0.00014928621114017904,0.0001662314137602146,1,0.9987678525001019
0.0003145575067150926,0.9984344897330484,0.0007597263375495069,0.00028087436378876395,0.00021035205889842197,1,0.9984344897330484
0.000256378151923112,0.9795015819033019,0.01314801083979242,0.00021314168475393885,0.006880887420228784,1,0.9795015819033019
1.6733237514027127e-05,3.0358844496812235e-05,0.00011596103398907339,0.00044908848848396144,0.9993878583955161,4,0.9993878583955161
0.0008649588478838904,0.9988470833532639,0.00011682816794830363,8.972830787696232e-05,8.140132302700101e-05,1,0.9988470833532639
2.0214688209523515e-05,4.680936633322514e-05,0.00023844813043309474,0.9995781961011798,0.00011633171384428881,3,0.9995781961011798
0.00022136301833340652,0.99906614377789,0.0004314889477576908,0.00014733881131863424,0.00013366544470010943,1,0.99906614377789
5.587132393050551e-06,0.00011929725646017457,0.9998457478580594,1.4608756642273694e-05,1.4758996445219375e-05,2,0.9998457478580594
1.6269349908723954e-05,4.1658598712515824e-05,0.00012779623999753623,0.9997086502859658,0.00010562552541539509,3,0.9997086502859658
0.00019186116503387192,0.9989893007745408,0.0004155309063071915,0.00014479839188392168,0.00025850876223426297,1,0.9989893007745408
0.00011104648980723917,0.9996656172286016,0.00013341513172788615,5.0528287680157556e-05,3.9392862182997656e-05,1,0.9996656172286016
1.4395580101066723e-05,3.452065355868711e-05,0.00017025739576089258,0.9996827528129363,9.807355764292021e-05,3,0.9996827528129363
7.73371095176526e-06,0.0002888225862570204,0.9996716954849959,1.8247718389544222e-05,1.3500499405720751e-05,2,0.9996716954849959
0.00012543901390028026,0.9984538054535259,0.001181130295389545,0.00015233742005419412,8.728781713020891e-05,1,0.9984538054535259
0.00014810326401646368,0.0001324267356253866,0.0005754454797197296,0.9988058104797712,0.00033821404086710797,3,0.9988058104797712
7.64245278531831e-06,1.7052624971615626e-05,7.377203645745282e-05,0.00015314190833644155,0.9997483909774493,4,0.9997483909774493
1.9196712838581735e-05,4.7674889763875016e-05,0.00021376957420779516,0.9996220761673539,9.728265583562746e-05,3,0.9996220761673539
0.0005503785133923906,0.9975603927822735,0.001239864818730104,0.00028587392191323924,0.0003634899636908847,1,0.9975603927822735
8.73822807051301e-06,6.934505484856988e-05,0.999697100292626,2.8147318224057375e-05,0.00019666910623074313,2,0.999697100292626
9.3462018439045e-06,1.875022334096107e-05,0.0001002524053423584,0.00010297354085489253,0.9997686776286178,4,0.9997686776286178
2.2378834131066253e-05,3.76654482360861e-05,0.00018291720079666954,0.9996108500254237,0.0001461884914125827,3,0.9996108500254237
1.631227331198813e-05,2.7463464907714273e-05,0.00014359362542833008,0.0003918162528888021,0.9994208143834632,4,0.9994208143834632
3.122293046776571e-05,7.512542046026247e-05,0.9989762160556934,0.0007061835266271643,0.00021125206675168682,2,0.9989762160556934
0.0001923048460113697,0.9988881909893265,0.0005855671270307663,0.0001721203398741461,0.00016181669775719963,1,0.9988881909893265
2.7198610713025062e-05,6.59364574442378e-05,0.00020403390758891386,0.9995863695636626,0.00011646146059117349,3,0.9995863695636626
2.538299015372814e-05,5.9948544372054944e-05,0.9991049045546698,0.0006391732296255279,0.00017059068117876577,2,0.9991049045546698
1.8892415322186637e-05,4.3004549421121544e-05,0.00015413920686863238,0.9996999041389076,8.405968948030894e-05,3,0.9996999041389076
0.9984460477895482,0.0012741090972520556,0.00017161114123579515,6.316422026921588e-05,4.5067751694767704e-05,0,0.9984460477895482
0.008482298769342743,0.9908908601303086,0.00025265455593540567,0.00013533177368894446,0.0002388547707241107,1,0.9908908601303086
2.7473120897659423e-05,5.93839622527955e-05,0.0014040596212175833,0.998321767476994,0.00018731581863819366,3,0.998321767476994
1.136951474184177e-05,0.00262010983673827,0.9973256099878011,2.2036043394383654e-05,2.0874617324319393e-05,2,0.9973256099878011
7.390576784729222e-06,0.00020801744935895777,0.9997489950628133,1.9933784206310756e-05,1.566312683669507e-05,2,0.9997489950628133
5.590661573995525e-05,0.999679556613402,0.00017325510125155278,4.786166902075551e-05,4.3420000585681644e-05,1,0.999679556613402
0.9982811599833769,0.0016725998481694297,1.6921738392877345e-05,1.608740518682472e-05,1.3231024873983313e-05,0,0.9982811599833769
9.555925644876118e-06,6.970890385697646e-05,0.9998723435919145,2.3978609891423934e-05,2.441296869224434e-05,2,0.9998723435919145
7.425288981205905e-06,9.475797507131374e-05,0.9998658512283908,1.7539891153896156e-05,1.4425616402962326e-05,2,0.9998658512283908
0.9998863727446433,8.714301009935599e-05,1.1043276085745988e-05,8.096155110228286e-06,7.344814061445221e-06,0,0.9998863727446433
9.64294538954657e-06,1.382359559815905e-05,9.875254370288933e-05,0.00016581355411992934,0.9997119673611896,4,0.9997119673611896
0.9928211940605634,0.007105890733309509,2.739119731979928e-05,1.9759326909190946e-05,2.5764681898303732e-05,0,0.9928211940605634
0.9997695808242287,0.0001926655202410688,1.9846911425105353e-05,9.87993594174806e-06,8.026808163317554e-06,0,0.9997695808242287
2.0849489947802442e-05,4.3284995930113404e-05,0.00024865266824621317,0.9995450477125373,0.0001421651333385684,3,0.9995450477125373
9.140998705514249e-06,1.496271219376373e-05,0.00010001761992465854,7.99118568046346e-05,0.9997959668123715,4,0.9997959668123715
4.714355023442897e-05,0.00010876095708434412,0.0004045830098862691,0.005721564488581025,0.993717947994214,4,0.993717947994214
6.333747273519356e-06,0.00024454285102537977,0.999722807824921,1.401057305673787e-05,1.2305003723405263e-05,2,0.999722807824921
0.0010388181564077344,0.9986118746547117,0.00016188793007465406,9.809333846867758e-05,8.932592033704128e-05,1,0.9986118746547117
0.000978854468619204,0.9987982940238656,9.437863995948807e-05,6.906693009934275e-05,5.940593745620534e-05,1,0.9987982940238656
0.9992072035115259,0.0007222841928759346,2.5717349313832056e-05,1.9131598960836922e-05,2.566334732346759e-05,0,0.9992072035115259
1.7703334520733843e-05,3.9095114749599184e-05,0.00012615435670038338,0.0009963331845677247,0.9988207140094616,4,0.9988207140094616
2.1667620952740864e-05,0.03909754125813253,0.9608150330287304,3.868622411109795e-05,2.7071868073316942e-05,2,0.9608150330287304
6.747031661261624e-05,0.0001418162666555468,0.011056028802579554,0.9882934421063085,0.0004412425078437705,3,0.9882934421063085
0.9974707643272084,0.0024694729253345996,2.8002289332112946e-05,1.6908603448958563e-05,1.4851854676187395e-05,0,0.9974707643272084
1.0179222599911602e-05,0.0021942826666635617,0.9977438785056307,2.477012055484512e-05,2.688948455097631e-05,2,0.9977438785056307
1.5805505092748085e-05,3.379900729863813e-05,0.00013375864303965377,0.0020633307346258167,0.9977533061099432,4,0.9977533061099432
0.0003076145270422053,0.9982817026411941,0.0002612109707682188,0.00011781253374263668,0.0010316593272528044,1,0.9982817026411941
0.9984803166177484,0.001452177776361255,2.824598637477459e-05,2.0794338059998907e-05,1.84652814554732e-05,0,0.9984803166177484
0.00014911619530807757,0.999190990985536,0.00041100316987715565,0.00014382955402819287,0.00010506009525070274,1,0.999190990985536
7.291062346877214e-06,1.6513153038357705e-05,8.838188425209602e-05,6.0995046484237454e-05,0.9998268188538784,4,0.9998268188538784
0.0018489868463649778,0.9978544785218173,0.00012916645290891627,9.069710263564303e-05,7.667107627320822e-05,1,0.9978544785218173
8.074419434813436e-05,0.0002713894583646773,0.999495672213644,5.961695753053707e-05,9.257717611258017e-05,2,0.999495672213644
0.0002933505947985279,0.9968440786393479,0.0020245474742287173,0.0004758950416642564,0.00036212824996072554,1,0.9968440786393479
3.3999537688274018e-06,0.00011960219844248293,0.999862788453899,7.608535242596205e-06,6.600858646961622e-06,2,0.999862788453899
0.0008519157595704429,0.9971181282079518,0.001189040414961181,0.0003976034566802256,0.0004433121608365121,1,0.9971181282079518
0.00013202014799498516,0.9993130375606345,0.00032513413836244345,0.0001214921451956144,0.00010831600781255266,1,0.9993130375606345
5.9068826052533124e-06,8.621397699001298e-05,0.9998826569442391,1.3052996277867052e-05,1.2169199887731345e-05,2,0.9998826569442391
7.64292682011641e-06,2.199482219312009e-05,7.935847662608428e-05,8.060187712164579e-05,0.999810401897239,4,0.999810401897239
1.0715045864989639e-05,2.2684173739985836e-05,0.0001068365327993922,0.00011187578936863386,0.9997478884582269,4,0.9997478884582269
0.0001253428176413535,0.999491552966389,0.0002131553618358483,9.73305080400795e-05,7.261834609340238e-05,1,0.999491552966389
0.9999078381680893,6.448791554380175e-05,1.1156526452283163e-05,7.23869697075773e-06,9.278692943779646e-06,0,0.9999078381680893
1.040700080665808e-05,8.303660725900068e-05,0.9996549242351737,3.1010308407311106e-05,0.00022062184835354207,2,0.9996549242351737
0.00032076332784010565,0.9994850645782315,8.092545595523998e-05,6.063883110152825e-05,5.2607806871587576e-05,1,0.9994850645782315
1.637330039322034e-05,2.8244616914563544e-05,0.00011485389544566642,0.9997563896585578,8.41385286888104e-05,3,0.9997563896585578
1.5810999006368362e-05,3.4375495467608736e-05,0.00023949582072310715,0.0009404200581045398,0.9987698976266984,4,0.9987698976266984
2.6828684327963933e-05,6.872597055863044e-05,0.0003926810723753901,0.0035440523863602192,0.9959677118863778,4,0.9959677118863778
0.9998239109698722,0.00011882043168851923,2.450919886005943e-05,1.55399098114361e-05,1.7219489767759764e-05,0,0.9998239109698722
7.2911600343446e-06,1.6152692553829437e-05,6.705359629054233e-05,6.92877687607236e-05,0.9998402147823605,4,0.9998402147823605
1.5519280452846366e-05,4.4718137471986114e-05,0.0002485741326109213,0.0002153259610788642,0.9994758624883854,4,0.9994758624883854
1.1315041679636783e-05,0.0007903494333335072,0.9991617741005112,1.9814387852371348e-05,1.674703662326259e-05,2,0.9991617741005112
1.67824526873713e-05,0.0001649025994059531,0.9986389562167092,3.571290220889621e-05,0.0011436458289888016,2,0.9986389562167092
1.847962897574834e-05,4.073599191772358e-05,0.00020012503286025217,0.9996427056026176,9.79537436285672e-05,3,0.9996427056026176
2.1047396357563588e-05,4.933792290732196e-05,0.00024723130348239063,0.9995282199478044,0.00015416342944823307,3,0.9995282199478044
4.028431318381372e-05,9.49316468620448e-05,0.0006035190087428649,0.9990054902354683,0.0002557747957428907,3,0.9990054902354683
8.52740255218606e-06,2.203239091845046e-05,9.477037964237257e-05,8.30079834917908e-05,0.9997916618433953,4,0.9997916618433953
1.816380214008774e-05,3.613919850206309e-05,0.0001441541073840566,0.0012124102851139977,0.9985891326068598,4,0.9985891326068598
0.00016855651765648253,0.9781578816863876,0.021089554889817935,0.0003366082002563051,0.000247398705881312,1,0.9781578816863876
0.999855347869565,0.00011456506074012507,1.1087636983527974e-05,9.109985215094557e-06,9.889447496168593e-06,0,0.999855347869565
5.764808029081148e-06,5.602978036947182e-05,0.9997935384054487,1.4919918582894745e-05,0.00012974708756996765,2,0.9997935384054487
1.9852923126733626e-05,5.037096160758792e-05,0.0002314641526918463,0.9995838943619438,0.00011441760063000492,3,0.9995838943619438
2.3387507531354934e-05,5.599527023691042e-05,0.000271669545778301,0.9994413981638579,0.0002075495125954331,3,0.9994413981638579
1.0419126024323711e-05,1.811423268647477e-05,9.882512009562399e-05,0.00011703258027764763,0.9997556089409161,4,0.9997556089409161
5.975509732397502e-05,0.006017149247965037,0.9937556494831771,7.981054473652409e-05,8.763562679729265e-05,2,0.9937556494831771
1.1776284606807863e-05,2.6779922046015032e-05,0.00012848994220424802,0.00012618259812909976,0.9997067712530138,4,0.9997067712530138
0.00044477998965433105,0.9987921483623009,0.0005051412565853026,0.0001492159647804093,0.00010871442667887487,1,0.9987921483623009
1.621402539288414e-05,0.00027980074161060016,0.9996365782694678,3.474340419006638e-05,3.266355933872215e-05,2,0.9996365782694678
2.8312535906254976e-05,5.1057471192908804e-05,0.0023008054173296387,0.9974358902614896,0.00018393431408161317,3,0.9974358902614896
0.0006354371711751733,0.9991845907030563,8.094908555685893e-05,5.124642464989951e-05,4.7776615561718e-05,1,0.9991845907030563
8.042880371150196e-06,1.6788460634245783e-05,8.748865061148426e-05,8.854473575031515e-05,0.9997991352726329,4,0.9997991352726329
6.481441458307454e-05,0.00010259103407575305,0.00100993967395123,0.9985138798839787,0.00030877499341129013,3,0.9985138798839787
1.0927697758608393e-05,2.021984726967553e-05,9.303624807761584e-05,0.00020664930593707173,0.999669166900957,4,0.999669166900957
0.003906074626837564,0.9958265763560068,0.0001285493211202474,8.914756851468369e-05,4.965212752072272e-05,1,0.9958265763560068
3.6302837754334016e-05,9.071033667136981e-05,0.0004412653398581066,0.9992605336776346,0.00017118780808178578,3,0.9992605336776346
1.589480742383229e-05,0.00013179336458177547,0.9997584232420902,4.8561110846062816e-05,4.532747505814037e-05,2,0.9997584232420902
1.790146818813461e-05,4.274286525954342e-05,0.00024441563130551426,0.9995974941304314,9.744590481537697e-05,3,0.9995974941304314
1.1195585075265736e-05,5.763543327021289e-05,0.999876975823417,2.6302296699518852e-05,2.7890861538096922e-05,2,0.999876975823417
1.6600219690053693e-05,0.0003804649876590512,0.9995122976436513,4.52993924269059e-05,4.533775657269911e-05,2,0.9995122976436513
6.983082054994319e-05,0.0024417719012204014,0.9972095396662435,0.00016086639961554144,0.00011799121237054086,2,0.9972095396662435
1.1113522868811604e-05,2.4981316938173226e-05,8.861101360000987e-05,0.00018202214452192603,0.9996932720020711,4,0.9996932720020711
3.338883232337463e-05,7.361840625177842e-05,0.9990390158509737,0.0006261729413729709,0.00022780396907829924,2,0.9990390158509737
0.0002568640063266936,0.9988552935433379,0.0005606327682931081,0.00015703067443049624,0.00017017900761183535,1,0.9988552935433379
1.4041227406621464e-05,3.929756705713131e-05,0.0001403765864936462,0.99970584950984,0.00010043510920241586,3,0.99970584950984
9.709645708615018e-06,7.157461535322888e-05,0.9996868588810811,2.6018497421679263e-05,0.00020583836043542837,2,0.9996868588810811
0.9983204678993691,0.0014203115128114082,0.00010524299827714754,8.795435220077209e-05,6.602323734163148e-05,0,0.9983204678993691
0.9985271166857675,0.0012684461729876658,0.0001247878699537443,4.12201076729925e-05,3.842916361793537e-05,0,0.9985271166857675
2.8139928170881448e-05,5.963199756420588e-05,0.9989362396381872,0.0008239283745433119,0.00015206006153451658,2,0.9989362396381872
0.9991284091361077,0.0006275454658293303,0.00014316195612507803,5.406485655846068e-05,4.68185853796663e-05,0,0.9991284091361077
5.593611945368078e-06,8.144782435088646e-05,0.9998832188712291,1.1921275116480458e-05,1.781841735798103e-05,2,0.9998832188712291
1.4740390834418807e-05,3.523745046142433e-05,0.00016437881539302083,0.0032975843566220827,0.996488058986689,4,0.996488058986689
2.914521489668733e-05,6.804428411464998e-05,0.0003378572739566706,0.008506221087621245,0.9910587321394106,4,0.9910587321394106
6.287400501269334e-05,0.9996292587042348,0.00019011634067878094,6.596876019092208e-05,5.178218988265668e-05,1,0.9996292587042348
2.4494452158271192e-05,4.9878737291151545e-05,0.0003076059556505804,0.9994396074511356,0.00017841340376427038,3,0.9994396074511356
4.463218621184742e-06,0.00013008099504606638,0.9998493080220698,8.356794366308913e-06,7.790969896828783e-06,2,0.9998493080220698
1.4849080053661025e-05,2.7106030737773954e-05,0.9996994543787968,0.0001991228357940516,5.946767461760624e-05,2,0.9996994543787968
9.698973423058296e-06,0.00038487761574661385,0.999547256524094,2.4955599236148126e-05,3.321128750016763e-05,2,0.999547256524094
0.9987104208647096,0.0009792387694472315,0.00018598412097295682,5.3251225314936266e-05,7.110501955547236e-05,0,0.9987104208647096
0.00011225824302670744,0.000953800329124753,0.9986676471302349,0.00012258222579793895,0.0001437120718159157,2,0.9986676471302349
5.453160164940316e-06,0.0003533017947279179,0.9996172255519975,1.4500080498328078e-05,9.519412611260407e-06,2,0.9996172255519975
0.9998468535858053,0.00012509907777643445,1.1010178251913507e-05,9.32449865655772e-06,7.712659509884982e-06,0,0.9998468535858053
0.004474019548806214,0.9951762959801601,0.00014813935971259918,0.00010430366850776226,9.724144281316221e-05,1,0.9951762959801601
1.161757167831089e-05,2.4949818418714944e-05,8.600285512739856e-05,0.00013344720772838256,0.9997439825470471,4,0.9997439825470471
3.386938000300863e-05,7.585478146408418e-05,0.00029573148702475985,0.999394043199765,0.0002005011517433352,3,0.999394043199765
7.725835308048077e-06,1.5716776038741636e-05,8.53791243134649e-05,6.622272404330501e-05,0.9998249555402964,4,0.9998249555402964
0.9998159715576465,0.00015009427946141305,1.3486057816036578e-05,9.41764318822079e-06,1.1030461887944543e-05,0,0.9998159715576465
0.00013846518241085443,0.019333034053816874,0.9800178381627815,0.00028020723343158974,0.00023045536755919628,2,0.9800178381627815
1.7364339234098703e-05,3.706862801113117e-05,0.00030889076750989053,0.9995159481876777,0.00012072807756716246,3,0.9995159481876777
4.400013108102016e-06,0.00029116483023355964,0.99968427902294,1.1091345640029411e-05,9.064788078488532e-06,2,0.99968427902294
2.4875722490816914e-05,5.8117711900577e-05,0.0009352307074409503,0.9988217268110797,0.00016004904708784618,3,0.9988217268110797
2.7308078953713413e-05,6.344036880454421e-05,0.0002832783181064393,0.9994016933300424,0.00022427990409285247,3,0.9994016933300424
6.027176519780897e-05,0.9996954909427599,0.00014543581171820946,4.8549183698911455e-05,5.025229662495555e-05,1,0.9996954909427599
8.672290214036533e-06,9.714606415201464e-05,0.9996768253998446,2.2171186346680076e-05,0.00019518505944284115,2,0.9996768253998446
1.276363383746642e-05,2.8798130673764193e-05,0.00012390272165768273,0.9997504435507315,8.40919630995043e-05,3,0.9997504435507315
2.281766540583416e-05,4.906583819806801e-05,0.0002664800735196454,0.9995426867557792,0.00011894966709722826,3,0.9995426867557792
8.112943434199733e-06,0.00016398951152702364,0.9997925623719588,1.9947098634574135e-05,1.538807444557044e-05,2,0.9997925623719588
0.0018188593594059437,0.9977749653301216,0.0002107753305906724,0.00011586104303504251,7.953893684688027e-05,1,0.9977749653301216
1.941058429628502e-05,2.3353796768641317e-05,8.92631636981139e-05,0.00016322838486907803,0.9997047440703679,4,0.9997047440703679
7.911794377941952e-06,1.9920777706295344e-05,7.731558631000317e-05,6.388529013789344e-05,0.9998309665514679,4,0.9998309665514679
2.2385378955955967e-05,5.104164662991896e-05,0.0002814135743921916,0.9994805012141437,0.00016465818587825594,3,0.9994805012141437
0.9984231960344269,0.0012909424053081083,0.00018182013513599253,5.4448108563596716e-05,4.959331656535984e-05,0,0.9984231960344269
3.3331675854943635e-05,5.9042790256273615e-05,0.0004170554378456425,0.99925252434042,0.0002380457556230053,3,0.99925252434042
2.9316723098090315e-05,5.741074595049022e-05,0.9988597491977629,0.0008535023855426353,0.00020002094764598878,2,0.9988597491977629
0.00012516850701341605,0.0025959297988515017,0.9969081763106694,0.00018830410221616842,0.00018242128124959313,2,0.9969081763106694
0.0010633968154158096,0.9952921042933671,0.002205553720261402,0.0008202557513693521,0.0006186894195863366,1,0.9952921042933671
3.127586713158441e-05,8.501561988991828e-05,0.00046707449600120386,0.9991855453294518,0.00023108868752553155,3,0.9991855453294518
1.5769421056257803e-05,2.1914464233553387e-05,9.198399669531621e-05,0.0002845567092290564,0.9995857754087859,4,0.9995857754087859
0.00018542411579851797,0.9995290990995709,0.00011135845502592852,8.262403226556644e-05,9.149429733931388e-05,1,0.9995290990995709
0.9990819891670113,0.0007757809658646092,4.505583249095739e-05,4.3987842171932334e-05,5.318619246118441e-05,0,0.9990819891670113
7.513733723465006e-06,0.00015384533878529032,0.9998090293015895,1.751457346144772e-05,1.2097052440362583e-05,2,0.9998090293015895
2.7119824561683858e-05,6.55778713838487e-05,0.0003467660103745509,0.9993700540926739,0.00019048220100599745,3,0.9993700540926739
0.0003019907728045969,0.9987175416232231,0.0005124304360063117,0.00021318919575052093,0.0002548479722155692,1,0.9987175416232231
0.00112755530305054,0.9953495806828511,0.002360282157394074,0.0007139308993576635,0.00044865095734685086,1,0.9953495806828511
9.279207349387094e-06,8.36199107776962e-05,0.9996750345643878,2.322152638947024e-05,0.00020884479109579512,2,0.9996750345643878
2.1465010346261786e-05,5.1003517188686266e-05,0.000182776741997256,0.9995469696995027,0.00019778503096509308,3,0.9995469696995027
1.0431247576492558e-05,8.587907635979103e-05,0.9998359872114925,2.9194444246498883e-05,3.8508020324712356e-05,2,0.9998359872114925
0.9991284288237609,0.0008028949369847635,2.964881980414353e-05,2.0632429146081953e-05,1.839499030422832e-05,0,0.9991284288237609
7.907594751157722e-06,1.930945320224259e-05,7.462842185929464e-05,8.480690906737684e-05,0.9998133476211198,4,0.9998133476211198
1.9374976113872173e-05,4.460767670788542e-05,0.00016683983763893446,0.999642995162492,0.000126182347047231,3,0.999642995162492
1.3856244574950737e-05,3.45139879386066e-05,0.0001728336982276605,0.9997141170440091,6.467902524969313e-05,3,0.9997141170440091
0.0010287864905930645,0.9559968246036544,0.040838233332191935,0.000386780124376939,0.0017493754491835747,1,0.9559968246036544
0.0001819483885748768,0.9996834850343758,6.337468990414977e-05,4.298087878857001e-05,2.821100835662145e-05,1,0.9996834850343758
7.291045925202683e-06,1.81227908508592e-05,8.082147934634252e-05,6.919774197391927e-05,0.9998245669419036,4,0.9998245669419036
9.968179627813592e-06,9.864281706260729e-05,0.9996382690972245,2.8768588823643737e-05,0.00022435131726133878,2,0.9996382690972245
9.96543316379008e-06,0.00012827074668957328,0.9998061255405267,2.4058002536706816e-05,3.158027708331165e-05,2,0.9998061255405267
0.00034331382031628635,0.999453271365665,9.293866000430304e-05,5.7925902768054544e-05,5.255025124644856e-05,1,0.999453271365665
7.552957825306185e-05,0.9994980663548536,0.0002687432767519832,9.096474653929087e-05,6.669604360222521e-05,1,0.9994980663548536
0.005223825244183523,0.9920013149515802,0.0012542611458121913,0.0008286422421855378,0.0006919564162384533,1,0.9920013149515802
1.0199882451394792e-05,2.7303867335154736e-05,0.00012962623047723016,8.999663357734346e-05,0.999742873386159,4,0.999742873386159
7.860249262797461e-06,1.8922357202015047e-05,7.7004892538964e-05,7.674401555599041e-05,0.9998194684854401,4,0.9998194684854401
2.5251153046776305e-05,5.3599139718522694e-05,0.00020166547889066805,0.9995989416541059,0.00012054257423810554,3,0.9995989416541059
7.2912527566629965e-06,1.6883954014865798e-05,6.30050238744197e-05,5.988993173421856e-05,0.9998529298376198,4,0.9998529298376198
6.584164371668526e-06,5.1029975954496115e-05,0.9997761596906003,1.8038033927420517e-05,0.0001481881351462974,2,0.9997761596906003
2.0247293458410564e-05,0.0006357518263215264,0.9992772980690389,3.439923845861152e-05,3.230357272258786e-05,2,0.9992772980690389
1.3203489749849574e-05,0.00010122044019192772,0.9995611820942237,3.8024716050342006e-05,0.0002863692597840288,2,0.9995611820942237
7.291002055045833e-06,1.8530005318816914e-05,7.129500073957512e-05,8.433298528549069e-05,0.9998185510066011,4,0.9998185510066011
5.383718384670102e-06,4.465049256100202e-05,0.99992708425222,1.348334658553899e-05,9.398190248656285e-06,2,0.99992708425222
7.295693990400392e-06,1.8273644567401257e-05,0.0001045765061532908,8.40142023528643e-05,0.9997858399529361,4,0.9997858399529361
7.291249632375442e-06,1.594375857444795e-05,7.211371622199315e-05,5.2149872977554785e-05,0.9998525014025936,4,0.9998525014025936
2.3365714988026603e-05,5.228382888531919e-05,0.00018505789524513188,0.9995857848862161,0.00015350767466557982,3,0.9995857848862161
0.00023474498809787726,0.9990174856567599,0.00042023554198277537,0.0001731556502617134,0.0001543781628975776,1,0.9990174856567599
1.1379823964948995e-05,2.30175139001401e-05,0.00011828607201762809,0.00022187198972719384,0.9996254446003902,4,0.9996254446003902
2.6188775265520943e-05,5.862044645406751e-05,0.0007495006666147827,0.9990558640649129,0.00010982604675281163,3,0.9990558640649129
6.471569493159353e-05,0.9997164654290726,0.00010204657877222905,5.31893486989416e-05,6.35829485245336e-05,1,0.9997164654290726
1.168300958728193e-05,6.798003474150024e-05,0.99984878528497,2.5813431200376144e-05,4.573823950084614e-05,2,0.99984878528497
0.00012209083652101933,0.0009568315568111651,0.9987158110573124,9.761847156454733e-05,0.00010764807779065427,2,0.9987158110573124
1.4971712013921578e-05,3.0641997290434934e-05,0.0002023556820229224,0.9996375432229224,0.00011448738575032367,3,0.9996375432229224
7.962221300357487e-06,2.0540328155644995e-05,6.459042214175156e-05,7.678680437723354e-05,0.9998301202240251,4,0.9998301202240251
1.705599973684036e-05,4.8807652227133246e-05,0.000154073953263332,0.9996372064412699,0.00014285595350273995,3,0.9996372064412699
5.751197846693825e-06,3.314195553701246e-05,0.9999371377836684,1.3767601904846903e-05,1.020146104305737e-05,2,0.9999371377836684
4.692596524794744e-06,0.00019974447215378245,0.9997699816474932,1.3185297738060211e-05,1.2395986090188178e-05,2,0.9997699816474932
2.3429711704457885e-05,6.395206096267526e-05,0.00021535064051272885,0.9995743488408441,0.00012291874597609154,3,0.9995743488408441
0.0009794993351179995,0.9985992022462441,0.00019588049218783942,0.00011665833282717212,0.00010875959362299976,1,0.9985992022462441
8.40876275967226e-06,1.8354130345360106e-05,7.308882864516918e-05,0.00015449900536372566,0.999745649272886,4,0.999745649272886
7.725847068223755e-06,1.7965468414124527e-05,7.646637959828389e-05,7.136484282995812e-05,0.9998264774620894,4,0.9998264774620894
2.727520063691038e-05,6.03626665593615e-05,0.9991354080084676,0.0005940473259569314,0.00018290679837935372,2,0.9991354080084676
8.018655238232731e-06,1.9617769212861476e-05,8.126021931662522e-05,5.514207872446635e-05,0.9998359612775078,4,0.9998359612775078
4.960272183308777e-06,4.023113396377684e-05,0.9999229797802774,1.4311162403739534e-05,1.7517651171734954e-05,2,0.9999229797802774
6.0702632011489465e-06,6.544968471119542e-05,0.9999003591298027,1.2999497217281081e-05,1.512142506776889e-05,2,0.9999003591298027
0.0009941369982538915,0.9987234057572985,0.00011806216315767671,8.361302538281856e-05,8.078205590715736e-05,1,0.9987234057572985
0.00014840246871330998,0.9993486484263535,0.0002881496659088812,0.00010452585906134236,0.0001102735799631361,1,0.9993486484263535
1.1929889716609856e-05,3.312690958858752e-05,0.00014060228735642076,0.00010445056091231797,0.9997098903524261,4,0.9997098903524261
6.307529276758352e-05,0.000814153661832369,0.9989699145227539,6.821093939513625e-05,8.464558325100034e-05,2,0.9989699145227539
7.691073561766927e-06,1.4922297927274528e-05,7.433142727131656e-05,9.594224398080551e-05,0.9998071129572589,4,0.9998071129572589
2.047429475240889e-05,5.4649271670189035e-05,0.0001644200004711,0.00018477379639130596,0.9995756826367149,4,0.9995756826367149
2.4007464217142288e-05,6.476901005477333e-05,0.0002474665874478265,0.002472002443192979,0.9971917544950872,4,0.9971917544950872
7.291018295845199e-06,1.6240283900229118e-05,7.56650195656643e-05,8.002556315916038e-05,0.9998207781150791,4,0.9998207781150791
7.725769536124791e-06,1.5617760511575698e-05,8.090707885216585e-05,7.930560489267358e-05,0.9998164437862074,4,0.9998164437862074
9.66349751181225e-06,2.565602941520911e-05,8.286500458773518e-05,9.377682349745169e-05,0.9997880386449879,4,0.9997880386449879
2.3729842593151958e-05,0.020264597196714865,0.9796309630829774,4.1862230219892676e-05,3.8847647494671414e-05,2,0.9796309630829774
1.1458583204436002e-05,2.269889565625722e-05,9.687930020782636e-05,0.0002865048007771651,0.9995824584201544,4,0.9995824584201544
7.725569784438135e-06,1.6311241174574266e-05,0.00010054608649159993,8.482381836109139e-05,0.9997905932841883,4,0.9997905932841883
1.2061480667179966e-05,0.0020442494203312504,0.9978853437989942,3.3496563543562915e-05,2.4848736463863706e-05,2,0.9978853437989942
1.8912236506018103e-05,0.00020035356121927275,0.9993053483592419,6.52001064058037e-05,0.00041018573662698486,2,0.9993053483592419
0.0027284209941633203,0.9968101853595973,0.0002141768137321406,0.00012793970728627936,0.00011927712522101355,1,0.9968101853595973
0.0003437008921050435,0.014105545743386827,0.9844450097545727,0.0002967203892812432,0.0008090232206542878,2,0.9844450097545727
0.0027016812227313746,0.9844555034974948,0.0007305042362330414,0.0003443185664009283,0.011767992477139895,1,0.9844555034974948
1.9767889877592182e-05,3.697887666161214e-05,0.00024664869158975706,0.9995653524950922,0.00013125204677876939,3,0.9995653524950922
7.291055075953969e-06,1.8989351936899193e-05,8.016491182731905e-05,6.773289241589492e-05,0.999825821788744,4,0.999825821788744
0.9942055296893928,0.0057193360896584805,2.0227866472068785e-05,2.139597650659967e-05,3.3510377969936256e-05,0,0.9942055296893928
0.9982335066101019,0.0014959769096413833,0.00015036833389436906,5.91288263979729e-05,6.101931996436846e-05,0,0.9982335066101019
2.0338142425040183e-05,4.5250515916880196e-05,0.00018865173701362046,0.9995781179434172,0.00016764166122742717,3,0.9995781179434172
0.9998470232798802,0.00011959254633820082,9.406604500105584e-06,7.729769185970058e-06,1.6247800095298224e-05,0,0.9998470232798802
4.73808278340347e-05,0.00011879474614275999,0.9982788507436546,0.001216064662536916,0.00033890901983170407,2,0.9982788507436546
0.9990393053343023,0.0007560282675135204,9.763395830558679e-05,6.197001582302929e-05,4.506242405564935e-05,0,0.9990393053343023
1.668234830822697e-05,3.4308639029371164e-05,0.0011193362421457302,0.9987078082366592,0.00012186453385746054,3,0.9987078082366592
1.5448545363927868e-05,3.488842230332767e-05,0.00017369328716144492,0.00011637725406411838,0.999659592491107,4,0.999659592491107
0.00022865248460888907,0.9986714967624092,0.0008016985020656047,0.00015964804173834488,0.0001385042091780418,1,0.9986714967624092
1.1262771840967958e-05,0.0001329018320722707,0.9998102775615388,2.2853771432036106e-05,2.2704063115898604e-05,2,0.9998102775615388
0.00017261343611032207,0.999632351146298,0.000113122855356153,3.857952192383558e-05,4.333304031164068e-05,1,0.999632351146298
7.291160064737517e-06,1.4802071960032627e-05,7.480273609808839e-05,6.288508172157825e-05,0.9998402189501556,4,0.9998402189501556
1.8061376260594678e-05,0.0001790120458679428,0.998549396591987,4.022130966800437e-05,0.0012133086762165929,2,0.998549396591987
7.753568370189286e-06,1.5961608548040598e-05,7.27788080678706e-05,9.117678005143361e-05,0.9998123292349625,4,0.9998123292349625
0.00020964996551149135,0.9990422896824068,0.00035839542633948673,0.00019396335768257425,0.00019570156805953333,1,0.9990422896824068
5.7545451405089274e-06,0.00011231727624786932,0.9998560152370648,1.2090902723292198e-05,1.3822038823400472e-05,2,0.9998560152370648
0.00028839428382299124,0.9994825656682712,8.961543028910189e-05,7.288151447570349e-05,6.654310314111586e-05,1,0.9994825656682712
9.776078410399861e-05,0.0013710459055727524,0.9983072556423125,0.00012595737430051498,9.798029371030902e-05,2,0.9983072556423125
0.0002498477360323297,0.9987625969033158,0.0005889625539203944,0.00018826700513126078,0.00021032580160007137,1,0.9987625969033158
1.5546732179200515e-05,3.5017932162681436e-05,0.00018071134029974318,0.0010936238509283891,0.9986751001444301,4,0.9986751001444301
0.9995842787205772,0.0002891994267268165,5.360742149066435e-05,2.9788085404442107e-05,4.312634580062883e-05,0,0.9995842787205772
1.1933398578876458e-05,1.6567621911707536e-05,6.940006584002067e-05,7.094172656644572e-05,0.9998311571871029,4,0.9998311571871029
4.861877422545937e-06,2.2524857838328648e-05,0.9999473679956977,1.2410789184553654e-05,1.2834479857071363e-05,2,0.9999473679956977
7.624598280832674e-06,1.699409851910169e-05,8.440277691675426e-05,6.865897844076085e-05,0.9998223195478425,4,0.9998223195478425
1.207969897124917e-05,2.661717183923736e-05,0.00013276477445762304,0.00016458813786583658,0.999663950216866,4,0.999663950216866
2.2078303297919065e-05,0.0020854937733242843,0.9977228861109702,5.171540017510702e-05,0.0001178264122324099,2,0.9977228861109702
2.616447078180051e-05,4.392098107620489e-05,0.001117078800530211,0.9986475827637681,0.00016525298384355798,3,0.9986475827637681
1.3523363271517904e-05,3.2101089422570677e-05,0.0001392764613406778,0.0009481559175866166,0.9988669431683785,4,0.9988669431683785
2.9194868889688866e-05,6.603555557541459e-05,0.9990971431916295,0.0006434805971412882,0.00016414578676390826,2,0.9990971431916295
1.6799268092649947e-05,3.924312770253273e-05,0.00020449851966729447,0.9996462912002172,9.316788432036896e-05,3,0.9996462912002172
0.9974357323566634,0.0014527885448472751,5.907036712757269e-05,3.434710206295768e-05,0.0010180616292988023,0,0.9974357323566634
1.9756333280856646e-05,4.143541685588864e-05,0.00021278125221465763,0.9995724138863296,0.00015361311131897342,3,0.9995724138863296
2.5103531702698044e-05,6.41987665323784e-05,0.00021824201934205484,0.00021767416574380757,0.999474781516679,4,0.999474781516679
0.0002125269432366699,0.0004253550889031338,0.9233716044872059,0.0751532421380883,0.0008372713425659473,2,0.9233716044872059
7.341326715596248e-06,1.455972116551875e-05,9.151861445430426e-05,5.703081474006792e-05,0.9998295495229245,4,0.9998295495229245
0.9996032426850966,0.0003191493466175277,2.9320116017150406e-05,2.524153814657056e-05,2.304631412245968e-05,0,0.9996032426850966
0.999270194681534,0.0006312580838553722,4.2748433840311594e-05,2.398623782880028e-05,3.181256294157316e-05,0,0.999270194681534
8.113936869683935e-06,6.523888368148924e-05,0.9998682710784905,2.789884029608838e-05,3.0477260662140255e-05,2,0.9998682710784905
1.675942294573374e-05,3.381340414573301e-05,0.00015714476916372117,0.9996481413390589,0.0001441410646859655,3,0.9996481413390589
0.9994522878971083,9.32974481939095e-05,1.667887451184445e-05,1.3450554966669414e-05,0.0004242852252194441,0,0.9994522878971083
0.999325912519531,0.0005780345058060589,3.748082913177462e-05,3.071110175055499e-05,2.786104378051998e-05,0,0.999325912519531
8.741440857157222e-06,9.122761655242927e-05,0.999675489443772,2.339293893038688e-05,0.00020114855988796312,2,0.999675489443772
4.950424430577268e-06,6.592233396372578e-05,0.9999068193167027,1.164003968281739e-05,1.0667885220282838e-05,2,0.9999068193167027
1.4930094613275977e-05,3.404028841867665e-05,0.00016517593398444796,0.0008759514896636103,0.9989099021933199,4,0.9989099021933199
1.543780412857959e-05,3.616838281032365e-05,0.0001414589532267996,0.9996773892586038,0.0001295456012305447,3,0.9996773892586038
0.0016154735416082707,0.9981206201974921,0.0001230265507419665,7.533506888240348e-05,6.554464127528771e-05,1,0.9981206201974921
7.291207019026643e-06,1.5728996099638587e-05,6.353231009130248e-05,6.678967281799817e-05,0.999846657813972,4,0.999846657813972
0.9995048284655768,0.00037585152650141914,3.781620391837704e-05,2.7235851069416583e-05,5.426795293367657e-05,0,0.9995048284655768
1.1001075343237297e-05,9.201261244389823e-05,0.9998200993991272,3.627531511493997e-05,4.061159797086489e-05,2,0.9998200993991272
7.725746042101023e-06,1.7241220612979192e-05,7.986194297980957e-05,8.17677406068381e-05,0.9998134033497582,4,0.9998134033497582
7.911479691936268e-06,1.9994846658485866e-05,7.00441989481672e-05,0.00011085049026003107,0.9997911989844414,4,0.9997911989844414
1.1335746356053174e-05,0.00011030827976056866,0.9998155987117144,3.229374013630975e-05,3.0463522032616827e-05,2,0.9998155987117144
1.3794640374959894e-05,2.3789089343598355e-05,0.00011492600900835815,0.0002871022188074331,0.9995603880424656,4,0.9995603880424656
5.422749793347164e-06,2.9707299995010596e-05,0.9999341004253635,1.5027966609185948e-05,1.574155823900899e-05,2,0.9999341004253635
0.0002615014358562103,0.9994900143151649,0.00012132517382975556,6.015959281145932e-05,6.699948233777209e-05,1,0.9994900143151649
1.1715998219922786e-05,2.7553739124175057e-05,0.00011276562846626003,0.00019215223096096247,0.9996558124032286,4,0.9996558124032286
1.58209328629248e-05,4.136272690161936e-05,0.0001560978726896517,0.9996818875522201,0.00010483091532563481,3,0.9996818875522201
0.0002258649353936111,0.9983766983865475,0.001057090741784393,0.0001681411516130148,0.00017220478466131487,1,0.9983766983865475
8.252847492901378e-06,0.00011324057001314476,0.999824889818202,1.734601238705157e-05,3.627075190490428e-05,2,0.999824889818202
8.889935135804457e-06,1.901993739113177e-05,0.00010462511603343633,0.00011232918515950459,0.9997551358262802,4,0.9997551358262802
9.072291841208178e-05,0.9994956685966377,0.0002571468926614834,8.377862900362337e-05,7.268296328485669e-05,1,0.9994956685966377
9.32771044233316e-06,1.6605473473280013e-05,8.835271984156369e-05,9.216046197537558e-05,0.9997935536342674,4,0.9997935536342674
0.0005530448961748148,0.007575260960635647,0.990283851967047,0.0006060848768910511,0.0009817572992515625,2,0.990283851967047
0.9982594630325756,0.0016720244697973465,3.118806298345006e-05,1.9316149286792048e-05,1.8008285356735157e-05,0,0.9982594630325756
8.422021939769876e-05,0.01017229058853336,0.9892669007763827,0.00017221560808881135,0.0003043728075973281,2,0.9892669007763827
1.8372293255455326e-05,4.188988637421293e-05,0.00022191750587608055,0.9995933297590666,0.00012449055542753908,3,0.9995933297590666
0.9936668312523215,0.006221617292126511,3.9354982371527396e-05,3.115577296721238e-05,4.104070021307766e-05,0,0.9936668312523215
6.146948517468752e-06,5.0093265371405903e-05,0.9997883391480071,1.707281046420289e-05,0.00013834782763984287,2,0.9997883391480071
7.731029262986392e-06,1.7061848578643552e-05,7.270636980181079e-05,8.152108544811844e-05,0.9998209796669085,4,0.9998209796669085
6.377173903882608e-06,0.00020151484348286417,0.9997610046164772,1.7974163622662048e-05,1.3129202513403037e-05,2,0.9997610046164772
7.953198753734589e-06,5.871181780750024e-05,0.999889196942465,2.0070640784915732e-05,2.4067400188727658e-05,2,0.999889196942465
2.037876142181232e-05,4.2955552538959266e-05,0.0002658725446091171,0.9995242891233479,0.00014650401808215634,3,0.9995242891233479
0.0003842406632988639,0.9981422562606435,0.0009625047962628067,0.0002804602372564125,0.00023053804253851903,1,0.9981422562606435
9.597310495682665e-06,9.853416409387449e-05,0.9998248174282102,3.159488481545331e-05,3.54562123847482e-05,2,0.9998248174282102
1.4814439871940376e-05,3.5111717645279604e-05,0.00015575519825971002,0.00020634689792772246,0.9995879717462954,4,0.9995879717462954
9.614742859460538e-05,0.9994183429814156,0.00029344091448768367,9.289565490022324e-05,9.917302060199424e-05,1,0.9994183429814156
9.017084189085279e-06,1.928207788149174e-05,6.966838201480318e-05,8.738208347038834e-05,0.9998146503724442,4,0.9998146503724442
0.0006477351652927659,0.9982374137578237,0.00058331005332389,0.00019786900698300007,0.0003336720165766476,1,0.9982374137578237
2.2341662567929526e-05,5.320480153796201e-05,0.0003051178406410165,0.9995098493800465,0.00010948631520678795,3,0.9995098493800465
2.185112845374521e-05,3.2853204138948115e-05,0.00022954554147506671,0.999555332578901,0.0001604175470311593,3,0.999555332578901
7.776959238049769e-05,0.9995517480488071,0.0002196670823234938,6.836806853578517e-05,8.244720795313281e-05,1,0.9995517480488071
3.7802454057814285e-05,6.032547927761321e-05,0.0006072680236097838,0.9990392581308069,0.00025534591224787335,3,0.9990392581308069
7.296001081902004e-06,1.953751770843567e-05,7.994423173794397e-05,6.529915334390978e-05,0.9998279230961279,4,0.9998279230961279
7.730866353311436e-06,1.3409901878272042e-05,0.00010292865097641663,7.601932602767349e-05,0.9997999112547644,4,0.9997999112547644
2.0128836344252385e-05,4.689040018040573e-05,0.00019404126318355668,0.9996005980741219,0.00013834142616990391,3,0.9996005980741219
1.175188061714355e-05,2.3362118092060373e-05,0.00011647863492696097,0.00018241821236740713,0.9996659891539965,4,0.9996659891539965
8.042694495667223e-06,2.062490246920164e-05,7.716443700269852e-05,0.00011813861299185693,0.9997760293530407,4,0.9997760293530407
0.9995213693415511,0.000371428545833338,5.111419418428685e-05,2.908565154117602e-05,2.7002266890375987e-05,0,0.9995213693415511
2.079025558086035e-05,4.661107557394478e-05,0.00024698816627075944,0.9995649215632734,0.00012068893930091298,3,0.9995649215632734
2.1329590902787945e-05,4.6083791070195493e-05,0.00018139212196335362,0.9995979742161082,0.0001532202799554734,3,0.9995979742161082
0.9995456342666735,0.000355527188180815,3.996380534697876e-05,2.9797203027800578e-05,2.907753677091234e-05,0,0.9995456342666735
9.831245722578288e-06,2.3875473531816996e-05,8.3894078091964e-05,9.811131418901982e-05,0.9997842878884646,4,0.9997842878884646
0.00017000552904119945,0.0003908147428428462,0.956698543907588,0.04205967201602515,0.0006809638045025758,2,0.956698543907588
0.9983898281992885,0.001529964260028312,3.292688065083115e-05,2.6474713164450472e-05,2.080594686785462e-05,0,0.9983898281992885
9.83920676850119e-05,0.9996635319799145,0.00016241129308386257,4.4275252423322884e-05,3.138940689354092e-05,1,0.9996635319799145
1.1422651988335828e-05,1.9530807805589772e-05,9.899216218258688e-05,0.00011608205527834423,0.9997539723227451,4,0.9997539723227451
7.543163669314051e-05,0.0005462186178405463,0.9991953312556526,7.892234110162068e-05,0.00010409614871218279,2,0.9991953312556526
0.9999029687991501,7.344904394995436e-05,9.44586879346536e-06,7.569390157887065e-06,6.566897948528924e-06,0,0.9999029687991501
2.72548021855335e-05,7.148649316297882e-05,0.0002646994172964409,0.9994809573826984,0.0001556019046565522,3,0.9994809573826984
8.432896372410898e-06,2.344537591120296e-05,6.631594470710346e-05,0.00017133306332252316,0.9997304727196867,4,0.9997304727196867
1.2938697931941507e-05,2.6093004641636226e-05,8.18330848603764e-05,0.00012359641321024352,0.9997555387993559,4,0.9997555387993559
2.9050012790167828e-05,5.437598928521834e-05,0.0003418103702622234,0.9994070515135614,0.00016771211410126314,3,0.9994070515135614
8.453227642237743e-06,2.2337349730553924e-05,7.91583555459326e-05,0.00013889832762940718,0.9997511527394519,4,0.9997511527394519
7.72576051253241e-06,1.8224930463974627e-05,8.239045382019466e-05,7.638284082788064e-05,0.9998152760143754,4,0.9998152760143754
2.890004222527323e-05,6.896166442210595e-05,0.00029373009727390515,0.9993249842888969,0.00028342390718166414,3,0.9993249842888969
7.753067945674979e-06,1.7165656898642696e-05,7.91897365887594e-05,0.0001480913791689721,0.9997478001593979,4,0.9997478001593979
1.9637762261024302e-05,4.801325150379851e-05,0.00022738344500901838,0.9995969024775289,0.00010806306369725591,3,0.9995969024775289
2.7936336122224344e-05,6.12568729335151e-05,0.0011745741755767379,0.9985642151639468,0.00017201745142080243,3,0.9985642151639468
1.0230113953295447e-05,1.9941991487505495e-05,0.00010292781643720239,0.0002500909512968337,0.9996168091268253,4,0.9996168091268253
8.506759009687566e-06,1.70285374325818e-05,0.0001221939515711988,0.0001306513364841126,0.9997216194155024,4,0.9997216194155024
2.053512324610106e-05,4.3339373764093826e-05,0.0006850879093294284,0.9991393169055154,0.00011172068814505886,3,0.9991393169055154
2.0708767807785225e-05,4.9976942864788954e-05,0.00016125267467079324,0.00016470645315037278,0.9996033551615062,4,0.9996033551615062
1.2043806797314894e-05,2.635362306103572e-05,0.00011345822438150196,0.00024484320801518837,0.999603301137745,4,0.999603301137745
0.00014534010632634217,0.9994360955937888,0.00027803883986678786,7.27247656991318e-05,6.780069431888159e-05,1,0.9994360955937888
1.6882761238088646e-05,0.00012321041828868194,0.9997538881272904,4.643598399392198e-05,5.9582709188904704e-05,2,0.9997538881272904
1.6585769565548088e-05,1.9570087875180854e-05,8.964694815265559e-05,0.00014595274021722595,0.9997282444541894,4,0.9997282444541894
1.4557946976496774e-05,0.0003159342353597971,0.9995914415272573,3.568948256142831e-05,4.2376807845049436e-05,2,0.9995914415272573
8.066010886419538e-06,1.5701519601041986e-05,7.257198279229018e-05,6.927384750938546e-05,0.9998343866392108,4,0.9998343866392108
1.8634237527881283e-05,4.2980679926788386e-05,0.00018917052422337736,0.9996151893390179,0.00013402521930404226,3,0.9996151893390179
0.9993140657502636,0.0005439312171973401,4.391592919274194e-05,3.872264877666059e-05,5.936445456965726e-05,0,0.9993140657502636
7.2910428968874855e-06,1.4961361074410237e-05,8.640311062833244e-05,6.719281778809462e-05,0.9998241516676122,4,0.9998241516676122
0.0002140639208543354,0.9985331865723278,0.0010085189438981393,0.00014490021284750533,9.93303500722124e-05,1,0.9985331865723278
6.157608337473199e-06,0.00017454460817426431,0.9997894247663747,1.3607048604304167e-05,1.62659685095094e-05,2,0.9997894247663747
5.667720202270947e-06,0.00014162306339827202,0.9998220117738625,1.5139929349616398e-05,1.5557513187486633e-05,2,0.9998220117738625
6.050890960863798e-05,0.0007293145524456757,0.9989872046573505,7.737428584029041e-05,0.00014559759475498606,2,0.9989872046573505
7.725855670130896e-06,1.7002449073342986e-05,8.047617277603623e-05,6.720486018914793e-05,0.9998275906622913,4,0.9998275906622913
0.9993691336389757,0.0005009939188715572,6.220659122603264e-05,3.784623387261565e-05,2.981961705395826e-05,0,0.9993691336389757
0.002236895454017782,0.9961971942684537,0.0009006761523472572,0.0003161281949836502,0.0003491059301975898,1,0.9961971942684537
4.885091377912e-05,0.0017648552850037832,0.9979994397218607,9.800711714449983e-05,8.884696221202979e-05,2,0.9979994397218607
0.9998982644034541,7.071071918128163e-05,1.1625609120334822e-05,7.694070248128418e-06,1.1705197996224582e-05,0,0.9998982644034541
0.00017412787126339644,0.9990448662807669,0.0004099218174594452,0.00011120088401824101,0.0002598831464919885,1,0.9990448662807669
7.279900043372006e-06,1.6360732330634254e-05,8.941084901212486e-05,7.176823976647867e-05,0.9998151802788474,4,0.9998151802788474
0.9995591752567228,0.0003446937782028907,4.295118563005651e-05,2.7521610671221804e-05,2.565816877296664e-05,0,0.9995591752567228
7.280073364759836e-06,1.591724562120664e-05,7.788192069690665e-05,5.993667185869674e-05,0.9998389840884584,4,0.9998389840884584
0.009846968255900796,0.9895629372688632,0.0002388416686614381,0.0001757404134206151,0.00017551239315404397,1,0.9895629372688632
0.9999225354834942,4.5881385432565946e-05,1.050394277678446e-05,7.043961200730126e-06,1.4035227095844696e-05,0,0.9999225354834942
3.0908399753586234e-05,8.51721407035171e-05,0.9989938769496914,0.0007182455608782676,0.0001717969489732524,2,0.9989938769496914
1.0803156028774483e-05,0.00018124134404556836,0.9997217112964188,2.2651177293647073e-05,6.359302621309643e-05,2,0.9997217112964188
4.648710499562804e-05,0.00010933033408995398,0.0006731534685554953,0.9988456527359351,0.00032537635642384963,3,0.9988456527359351
1.2305838618385697e-05,2.4672662454924985e-05,8.3068482651281e-05,0.000111546823220098,0.9997684061930552,4,0.9997684061930552
0.999904156242539,5.8913323976817883e-05,1.8880736070893018e-05,1.108672791421438e-05,6.962969499167361e-06,0,0.999904156242539
1.8685211430044105e-05,0.0007925854515996734,0.9990932626109665,4.1262571777076694e-05,5.420415422652639e-05,2,0.9990932626109665
0.0001025666461841718,0.9981059940836894,0.0014740937783529362,0.000148761806361118,0.00016858368541220164,1,0.9981059940836894
0.00023795875380744092,0.9993886721471988,0.00021628334370626555,7.828911911200801e-05,7.879663617553545e-05,1,0.9993886721471988
1.2728725093801293e-05,0.00014215268484013964,0.9995213649905644,3.065590037934317e-05,0.0002930976991219959,2,0.9995213649905644
0.9966525005982756,0.0032883777059270728,2.1651106956183537e-05,1.809544102087512e-05,1.9375147820343968e-05,0,0.9966525005982756
2.6556057453922646e-05,0.0006742838482547708,0.9992387950982754,2.804622868424718e-05,3.231876733179299e-05,2,0.9992387950982754
9.654765074941733e-06,2.0607592191875928e-05,8.567934600908001e-05,0.0001556106721681821,0.9997284476245559,4,0.9997284476245559
8.006619326009038e-06,1.6530138182526808e-05,5.534594846946753e-05,6.578580735980153e-05,0.9998543314866621,4,0.9998543314866621
1.7861500105680508e-05,3.189639963740233e-05,0.00014968527881418532,0.9997004824335911,0.000100074387851788,3,0.9997004824335911
8.739318375168625e-06,2.137824996559548e-05,8.353352782259736e-05,0.00018484330699946493,0.9997015055968371,4,0.9997015055968371
7.67968931171837e-06,1.9034005962326415e-05,6.287103201393529e-05,6.410612439342518e-05,0.9998463091483187,4,0.9998463091483187
0.0008946575257010558,0.9974313423596853,0.0008308797265067925,0.0004488596558040896,0.00039426073230290523,1,0.9974313423596853
6.124512308916623e-06,3.9815335691815604e-05,0.9999239733369814,1.3908273140490418e-05,1.6178541877481678e-05,2,0.9999239733369814
0.0014790261321048007,0.998121935728215,0.00015900541216305443,0.00010389822808030117,0.00013613449943669897,1,0.998121935728215
0.9995399879516828,0.00035295184824569694,5.062583159141508e-05,3.13676818024063e-05,2.5066686677787047e-05,0,0.9995399879516828
0.001103896260503306,0.9963822285785243,0.0015627075544670385,0.00039385484004052695,0.0005573127664646141,1,0.9963822285785243
0.9995957887039223,0.00030810335146690837,4.740727916069472e-05,2.7875118487881826e-05,2.082554696244189e-05,0,0.9995957887039223
7.279758452323674e-06,1.4292512403203104e-05,9.091197815629482e-05,9.178146434803751e-05,0.99979573428664,4,0.99979573428664
7.285031074901738e-06,1.7519387468888567e-05,6.902520442988286e-05,6.245616267190974e-05,0.9998437142143545,4,0.9998437142143545
8.006592017755959e-06,6.910124439254365e-05,0.9998750815864557,2.1145957112535564e-05,2.6664620021547492e-05,2,0.9998750815864557
7.279811129071785e-06,1.4878119663475044e-05,7.54973463531176e-05,9.93758571547817e-05,0.9998029688656996,4,0.9998029688656996
0.00011167726092251143,0.0005263745037057908,0.9991994186961765,8.343599584760348e-05,7.909354334744867e-05,2,0.9991994186961765
0.00043827576391896483,0.9957529535842212,0.0033401372770172962,0.00026598482550195616,0.00020264854934059508,1,0.9957529535842212
2.355412450976345e-05,4.42673278765997e-05,0.0002801593850051471,0.9994542141792658,0.0001978049833425769,3,0.9994542141792658
5.230858616879621e-05,0.000588018061184665,0.9992367704715395,5.43889043948675e-05,6.851397671233113e-05,2,0.9992367704715395
1.4604858733560192e-05,2.828470592920702e-05,0.00010815222016015872,0.00025261249357753853,0.9995963457215994,4,0.9995963457215994
0.00011932420216580817,0.0019396564705826253,0.9976440051937435,0.00011928241176405665,0.00017773172174400675,2,0.9976440051937435
6.179846346855826e-06,0.0002363972384579975,0.9997306423462602,1.4692483470702872e-05,1.2088085464358057e-05,2,0.9997306423462602
2.0647550941566624e-05,0.0029634174150563364,0.9955691081444744,4.793092902010262e-05,0.0013988959605076567,2,0.9955691081444744
1.5088374288157012e-05,0.00012900866257979174,0.9994918682172401,4.417073454542852e-05,0.0003198640113464371,2,0.9994918682172401
8.194844627201077e-06,1.674336306120779e-05,8.947094321995294e-05,0.00010670787080104358,0.9997788829782907,4,0.9997788829782907
1.2793972599561345e-05,2.7466582373862257e-05,0.0001616070743074575,0.0008076875218057168,0.9989904448489134,4,0.9989904448489134
0.005021688813400832,0.9934207059829546,0.000926708603526413,0.0002534582400010284,0.0003774383601171588,1,0.9934207059829546
9.360683829407374e-06,9.145249600423907e-05,0.9996651213712539,2.3386887128110856e-05,0.00021067856178421282,2,0.9996651213712539
5.6677823859881594e-05,0.00010455404030212129,0.000492346799598575,0.9989870004558221,0.000359420880417139,3,0.9989870004558221
7.280036280637407e-06,1.7547306126327195e-05,7.207746193874039e-05,6.92042085201632e-05,0.999833890987134,4,0.999833890987134
1.144556919471742e-05,1.7732862094273815e-05,0.0001700433830863159,0.000151161563206174,0.9996496166224186,4,0.9996496166224186
7.279988846821809e-06,1.6218225290715553e-05,7.386818413648186e-05,7.525713383127911e-05,0.9998273764678948,4,0.9998273764678948
0.9992515897795581,0.0006871671708551118,2.113188790787214e-05,1.6653331852508666e-05,2.3457829826370873e-05,0,0.9992515897795581
0.009746477629806304,0.9888497874543091,0.0006641632533966844,0.0003827432827137203,0.00035682837977418227,1,0.9888497874543091
4.389913411858945e-05,9.571888182342706e-05,0.0006970777553737978,0.9989129135776814,0.0002503906510028508,3,0.9989129135776814
0.9987966951029345,0.001144790499615395,1.8613492463220725e-05,1.9403345636652315e-05,2.0497559350292254e-05,0,0.9987966951029345
0.0005895374198010727,0.999133098568853,0.00012227535046660293,8.026151647960821e-05,7.4827144399707e-05,1,0.999133098568853
2.5772569548711148e-05,7.467568995344362e-05,0.0002665089653516452,0.002011874526561062,0.9976211682485852,4,0.9976211682485852
0.9996016565918655,0.000293690667634406,4.30457561977616e-05,2.726311939424461e-05,3.434386490821712e-05,0,0.9996016565918655
0.999528058591194,0.0003805347132057783,3.316541154552914e-05,2.6664643496731294e-05,3.1576640557932764e-05,0,0.999528058591194
0.9998931276235458,6.909536789535216e-05,1.6166301368327565e-05,9.653938182111179e-06,1.1956769008351373e-05,0,0.9998931276235458
0.0027361770485568146,0.996872500098099,0.00019883071130299027,0.00010674788187680113,8.574426016438172e-05,1,0.996872500098099
7.28505665556654e-06,1.7105014351099905e-05,5.308417349774057e-05,7.530068900528886e-05,0.9998472250664902,4,0.9998472250664902
7.679475856773355e-06,1.865017573151286e-05,7.415561452836126e-05,8.099605081395677e-05,0.9998185186830695,4,0.9998185186830695
0.0008914407802849552,0.9928143794192024,0.00483886936703533,0.0007036075468291354,0.0007517028866481078,1,0.9928143794192024
8.420529132308465e-06,1.9345457706867133e-05,8.053948176897487e-05,0.00015847132569099182,0.9997332232057008,4,0.9997332232057008
7.279811526141607e-06,1.6239484963882354e-05,7.836403255245419e-05,9.509327203173281e-05,0.9998030233989257,4,0.9998030233989257
6.418090076732916e-06,0.00015688975696567702,0.9998023294589534,1.3331172196695818e-05,2.103152180754088e-05,2,0.9998023294589534
1.3639268753408758e-05,0.00012208682321471776,0.9997916672403899,3.7574246335091576e-05,3.5032421306915407e-05,2,0.9997916672403899
1.2551377684422581e-05,0.00011474732960502328,0.9989695262446584,3.0091898731835562e-05,0.0008730831493202723,2,0.9989695262446584
9.357901401421575e-06,0.0007254402735741495,0.9992237245694405,1.7673363242226698e-05,2.380389234167797e-05,2,0.9992237245694405
8.400189193718678e-06,1.6563183609302564e-05,9.636400269021451e-05,0.00014597428707593862,0.9997326983374308,4,0.9997326983374308
2.4912591501903042e-05,6.800537336855329e-05,0.00024099946175438976,0.9994643389893477,0.00020174358402744505,3,0.9994643389893477
7.706275071549765e-06,1.8493554700110752e-05,6.771325289811968e-05,7.912214385136676e-05,0.9998269647734788,4,0.9998269647734788
3.454308761518103e-06,2.6453859948591387e-05,0.9999538737174841,9.106449617548358e-06,7.111664188141681e-06,2,0.9999538737174841
0.00011405980543437046,0.9994852265864661,0.0002347614345211233,8.701361444568224e-05,7.893855913289169e-05,1,0.9994852265864661
0.0016952164143155927,0.9953178173140503,0.0018361680701444887,0.000619257847470716,0.000531540354018754,1,0.9953178173140503
4.7985838247769925e-06,4.4320373509758003e-05,0.9999256751323296,1.1831906028021487e-05,1.3374004307790886e-05,2,0.9999256751323296
4.829657456460124e-05,0.0006009926778326056,0.9991680621844077,8.858634890573458e-05,9.406221428944031e-05,2,0.9991680621844077
0.9989176672351519,0.0009822550269191236,3.6616885335215245e-05,2.3271875781386472e-05,4.0188976812410454e-05,0,0.9989176672351519
0.999394173181344,0.00011018170931357715,2.7711444410095454e-05,1.4205339071256665e-05,0.0004537283258611561,0,0.999394173181344
5.3000353250757444e-06,8.289727723676617e-05,0.999889187003531,1.1704073504372655e-05,1.0911610402962977e-05,2,0.999889187003531
0.00016770350673790387,0.9992918388481593,0.0003239279118333606,9.956373522846944e-05,0.00011696599804067775,1,0.9992918388481593
0.997523495651902,0.00240912457154018,2.9071411036906124e-05,1.9825353401883574e-05,1.8483012118950756e-05,0,0.997523495651902
5.415327960922823e-06,1.4948105245620968e-05,0.9999507252454565,1.4606164325697e-05,1.430515701120131e-05,2,0.9999507252454565
0.0003034585709207527,0.038642330078649915,0.9598955465046066,0.0005467838201682154,0.0006118810256546252,2,0.9598955465046066
3.2116165847744184e-05,7.778325678510664e-05,0.00031673854860665343,0.9994120396512629,0.0001613223774975812,3,0.9994120396512629
8.504119652439734e-06,1.9881118340657113e-05,6.441247342751428e-05,6.918331679720624e-05,0.9998380189717821,4,0.9998380189717821
7.387789201987299e-05,0.01578213689897028,0.9838950495777558,0.00011575318348317428,0.00013318244777092169,2,0.9838950495777558
1.0227325207089218e-05,8.358482681786125e-05,0.9998361159160286,3.3953205236233084e-05,3.611872671030975e-05,2,0.9998361159160286
2.171491697164278e-05,0.0005909068670516486,0.9993130299489741,3.386536013074315e-05,4.0482906871929375e-05,2,0.9993130299489741
1.1076326364652873e-05,0.00010342506801546866,0.9996023899234942,2.8059904790981094e-05,0.0002550487773347412,2,0.9996023899234942
1.1384577193957787e-05,2.8217585069510032e-05,9.642460118404364e-05,0.00017936206179165756,0.9996846111747607,4,0.9996846111747607
1.4311702726498054e-05,3.816365440981815e-05,0.00011452556935911643,0.0014621144266974294,0.998370884646807,4,0.998370884646807
6.84489526961582e-06,5.767294707143898e-05,0.9997640424052369,1.748752461366585e-05,0.00015395222780839718,2,0.9997640424052369
0.0006027519907750488,0.009768237849120065,0.9884982118884872,0.0005395486886041156,0.0005912495830136694,2,0.9884982118884872
7.616023740368568e-06,7.352628742663315e-05,0.9997257143934885,2.1731360343001547e-05,0.00017141193500142543,2,0.9997257143934885
9.222055295471761e-05,0.0002035572177792034,0.004002906061225694,0.9951382285922934,0.0005630875757468566,3,0.9951382285922934
0.0005677064422658769,0.008477805423048384,0.9899842398196055,0.0005667050784097532,0.00040354323667050364,2,0.9899842398196055
1.7432683100086392e-05,4.495898744374178e-05,0.00017017275631752454,0.9996573600687,0.00011007550443852207,3,0.9996573600687
7.895696362716898e-06,1.8103519476855936e-05,7.66509385122634e-05,6.932707063232667e-05,0.9998280227750158,4,0.9998280227750158
0.000108323269392116,0.9994166917405427,0.0002964475530678463,9.559931915997119e-05,8.29381178374376e-05,1,0.9994166917405427
8.459805141763713e-06,1.537904137932194e-05,9.467194539193993e-05,0.0001071838310328731,0.999774305377054,4,0.999774305377054
7.279931992504967e-06,1.539262019310312e-05,8.36303392196894e-05,7.412896343862992e-05,0.9998195681451562,4,0.9998195681451562
2.1781937574921302e-05,4.371558997352569e-05,0.00026823352484395816,0.999449656175966,0.00021661277164149436,3,0.999449656175966
7.279771776494831e-06,1.7454378995290662e-05,6.954288397330778e-05,0.00010815874846350969,0.9997975642167913,4,0.9997975642167913
8.78007582565175e-06,1.686273695048448e-05,0.0001146404621682411,0.00011775569301595655,0.9997419610320397,4,0.9997419610320397
2.562839579112255e-05,5.8106814092159945e-05,0.00035154934765122827,0.9993869556404017,0.0001777598020637563,3,0.9993869556404017
8.19433969665946e-06,1.8784553518000388e-05,0.00015675034833934274,9.898978920448933e-05,0.9997172809692416,4,0.9997172809692416
0.9988458769844719,0.0009101157184614476,9.88932440863306e-05,7.062345488610078e-05,7.449059809414246e-05,0,0.9988458769844719
2.1099217535603035e-05,6.0564199366310426e-05,0.00022034440226154417,0.9995866797363553,0.00011131244448110552,3,0.9995866797363553
1.0180725768959068e-05,1.5268379785328264e-05,9.455242852436752e-05,7.892596890889438e-05,0.9998010724970126,4,0.9998010724970126
7.279980455550294e-06,1.7752632905334446e-05,7.687116816481599e-05,7.187220055734529e-05,0.9998262240179171,4,0.9998262240179171
5.4482236454320045e-06,6.59173995893668e-05,0.9999034564419899,1.2168510196514704e-05,1.3009424578785243e-05,2,0.9999034564419899
7.279968253873761e-06,1.4729382322729394e-05,6.785252400795435e-05,8.558987520819999e-05,0.9998245482502073,4,0.9998245482502073
2.1239628762565764e-05,5.403476430759477e-05,0.00022027542324089378,0.9995060086031672,0.00019844158052173628,3,0.9995060086031672
7.5895794146335444e-06,1.7741323445546288e-05,7.002280818791111e-05,0.0001518883510741472,0.9997527579378779,4,0.9997527579378779
7.590106236677949e-06,1.5940777896110387e-05,6.484191595911828e-05,8.947255859499319e-05,0.9998221546413132,4,0.9998221546413132
0.9990154136570071,0.0007539154428950754,0.00010395088603177711,5.96011447208681e-05,6.711886934532461e-05,0,0.9990154136570071
8.631041318793331e-06,1.9033884541070207e-05,0.00013066664244373445,6.718538624772268e-05,0.9997744830454487,4,0.9997744830454487
0.016351227306395686,0.9828204894546002,0.0005020738917160616,0.0001436613916630815,0.00018254795562490551,1,0.9828204894546002
3.180322698997469e-05,9.065477619291863e-05,0.0003000255711607638,0.9993801243416217,0.00019739208403448245,3,0.9993801243416217
7.279931329599755e-06,1.3082583828734733e-05,6.154908210235549e-05,9.861130041200847e-05,0.9998194771023273,4,0.9998194771023273
1.0499387823470269e-05,1.7598423648604987e-05,7.59239565692483e-05,0.0001839965238326375,0.999711981708126,4,0.999711981708126
7.27994046761432e-06,1.4334292607871434e-05,7.984107103815977e-05,7.781258653639437e-05,0.9998207321093501,4,0.9998207321093501
8.73476100465869e-06,1.6123152326540065e-05,7.586760533553029e-05,8.072935073097325e-05,0.9998185451306023,4,0.9998185451306023
4.820185980450593e-06,0.00010204412012924442,0.9998702326214901,1.144637853885618e-05,1.145669386114092e-05,2,0.9998702326214901
0.00016198937857555336,0.994122498577848,0.00124051694615532,0.0001473977288462776,0.004327597368574915,1,0.994122498577848
1.795666013038499e-05,5.0945792827405894e-05,0.0001714898940786836,0.9996232280757315,0.00013637957723201856,3,0.9996232280757315
9.184649579032491e-06,2.1869368752118857e-05,9.240738032786404e-05,0.00018932866618205155,0.9996872099351588,4,0.9996872099351588
0.002066741082817289,0.9975806773221436,0.00013133710335949697,0.00011541651170493317,0.00010582797997490488,1,0.9975806773221436
8.504073776336999e-06,1.9347156537699676e-05,6.836960957578642e-05,7.115388850533678e-05,0.9998326252716048,4,0.9998326252716048
1.2054674389339967e-05,1.5538043102697053e-05,6.553537866796668e-05,0.0001143996719951482,0.999792472231845,4,0.999792472231845
1.0679341459244705e-05,2.1262887104743095e-05,0.00011811932947243336,0.00022749422382283986,0.9996224442181407,4,0.9996224442181407
0.0006079940864841121,0.9942853666777023,0.003184610316653735,0.0010792167156737844,0.0008428122034861055,1,0.9942853666777023
7.2847121984609565e-06,1.6883913649476016e-05,8.267614484069642e-05,9.320563334333188e-05,0.9997999495959681,4,0.9997999495959681
0.00011235272898525555,0.9995873197128561,0.00018271407582163052,6.297709334563345e-05,5.463638899163295e-05,1,0.9995873197128561
0.0002059022738647161,0.9989128392243868,0.000556341223652042,0.00018404246887220146,0.00014087480922424467,1,0.9989128392243868
0.9985539250165286,0.0013772435922567946,3.0459086953485635e-05,1.985844299218947e-05,1.851386126883662e-05,0,0.9985539250165286
2.4383801401076573e-05,7.025252987875116e-05,0.0002626981825585152,0.9995192381304631,0.00012342735569854978,3,0.9995192381304631
0.0009227325818852505,0.9987457310604156,0.00013432512233440064,9.12141276181701e-05,0.00010599710774664098,1,0.9987457310604156
0.00025408836776773854,0.9988732628420232,0.0004917396960467468,0.00017991447204804547,0.00020099462211435343,1,0.9988732628420232
0.00041756084963493926,0.9973631881966964,0.001585683407433645,0.00029418543787501265,0.0003393821083601853,1,0.9973631881966964
1.2624369101032971e-05,0.0002586011696917799,0.9996571261043414,3.4755922613551226e-05,3.689243425230529e-05,2,0.9996571261043414
0.999905180427537,6.874366809487371e-05,9.721084088781649e-06,7.548991612957244e-06,8.80582866648132e-06,0,0.999905180427537
0.9995889729814087,0.0003162931120910725,4.402924660012139e-05,2.650487745753216e-05,2.4199782442599657e-05,0,0.9995889729814087
3.0028092471088754e-05,8.844084311331594e-05,0.9990394302026133,0.0006854242702740947,0.00015667659152814015,2,0.9990394302026133
1.070181655801372e-05,0.0003301182245751864,0.999606231799682,3.090056596885838e-05,2.2047593216171065e-05,2,0.999606231799682
0.00028558815697817214,0.0023351876399345392,0.9968125701717135,0.0002682382957224438,0.00029841573565131375,2,0.9968125701717135
4.751925846933299e-06,0.00023352022491442587,0.9997389696904787,1.151453794658562e-05,1.1243620813451706e-05,2,0.9997389696904787
1.5546654123915207e-05,0.0001437395032317094,0.9994858641838437,3.690659958653967e-05,0.0003179430592143613,2,0.9994858641838437
0.00011218519028080855,0.0004941793417192857,0.9991705970823892,0.00011542687235032242,0.00010761151326063611,2,0.9991705970823892
1.6630132315950465e-05,3.7028558877424704e-05,0.00023269711202566495,0.9995707969253639,0.0001428472714172163,3,0.9995707969253639
0.9998868487065496,7.164365210344866e-05,2.057459775361345e-05,8.987937304348137e-06,1.1945106288911646e-05,0,0.9998868487065496
0.9991395505358595,0.0005568421990295812,0.00018854166314463366,5.7238474186679346e-05,5.782712777940426e-05,0,0.9991395505358595
7.70025541615047e-05,0.999678288665559,0.00014001173800205828,5.47765962055328e-05,4.992044607195263e-05,1,0.999678288665559
0.00010987163533693912,0.9995133726062726,0.00020581576782018092,8.846489996354616e-05,8.247509060658873e-05,1,0.9995133726062726
8.332848144280486e-06,2.085363674540974e-05,8.892868221863481e-05,0.00011053661527138878,0.9997713482176203,4,0.9997713482176203
0.0003223122908254942,0.9986259568723217,0.0005833557325407337,0.00019310515238143245,0.00027526995193068605,1,0.9986259568723217
0.9993251352574547,0.0004268841990646648,0.00014745215386387686,4.7954162423939846e-05,5.257422719287223e-05,0,0.9993251352574547
0.9888851796454258,0.011037015210939933,3.45426514756712e-05,2.0892489269229057e-05,2.2370002889638745e-05,0,0.9888851796454258
1.3112319673598086e-05,1.8699591398738617e-05,0.00010834438270633822,0.00014069430536679082,0.9997191494008545,4,0.9997191494008545
0.0008830807791992395,0.9988535139937745,0.00011424356004071961,8.026562146432125e-05,6.88960455211643e-05,1,0.9988535139937745
1.0523369475960493e-05,0.001527806446402056,0.9984101770015632,2.6216741433113047e-05,2.5276441125779324e-05,2,0.9984101770015632
1.4556757551629475e-05,0.0034285495515871465,0.9964915704926744,2.833256034853551e-05,3.6990637838321246e-05,2,0.9964915704926744
7.285018978915863e-06,1.608404764798274e-05,6.497996125559411e-05,6.959688732452025e-05,0.9998420540847931,4,0.9998420540847931
9.415264956451238e-06,8.014789024676119e-05,0.9996713516521618,2.7178187122246476e-05,0.00021190700551286835,2,0.9996713516521618
8.566751434262698e-06,1.7261228138442195e-05,8.505920650003723e-05,0.00019150263207473952,0.9996976101818524,4,0.9996976101818524
7.746479963589789e-06,6.567784126521889e-05,0.9998812538150073,2.3231103682528747e-05,2.209076008127829e-05,2,0.9998812538150073
2.266988191028731e-05,0.01074760489883078,0.9891390837491958,5.07809524950823e-05,3.9860517567895356e-05,2,0.9891390837491958
0.00018378488623545033,0.9992644002178586,0.0003746486014374059,0.00010687089513801072,7.029539933083278e-05,1,0.9992644002178586
0.0011249240796309097,0.9985845725067672,0.00012917168446763491,7.348600482448594e-05,8.784572430987268e-05,1,0.9985845725067672
0.9995313040554503,0.0003824412754365599,3.5411465774111795e-05,2.7798547794835237e-05,2.304465554415024e-05,0,0.9995313040554503
6.01704486662412e-06,0.00016248421135225887,0.9998075732642864,1.2381919192959145e-05,1.1543560301809789e-05,2,0.9998075732642864
0.9995296501911545,0.00035380546573392794,5.06995303726923e-05,3.281949264495155e-05,3.3025320094136957e-05,0,0.9995296501911545
0.9986221102967233,0.000761736232781636,7.732960724961137e-05,5.499652403157211e-05,0.00048382733921378194,0,0.9986221102967233
9.824623145931197e-06,2.2219312358112014e-05,7.690903710295007e-05,0.00014558391298001667,0.999745463114413,4,0.999745463114413
0.9993670141920887,0.0005531410091858483,3.1503759364733935e-05,1.9424587707967798e-05,2.8916451652918867e-05,0,0.9993670141920887
7.438191538035026e-06,1.3617899824617912e-05,8.507334813265614e-05,0.00011698799995862118,0.9997768825605461,4,0.9997768825605461
1.7746448675165325e-05,3.546206146891075e-05,0.00014082846091406192,0.9996761178246182,0.00012984520432353974,3,0.9996761178246182
0.998368090858269,0.0015562675211859601,3.332002567272562e-05,2.1946814849702476e-05,2.037478002259571e-05,0,0.998368090858269
7.753222217190582e-06,1.6664764548707545e-05,9.133409028765916e-05,9.3639234335005e-05,0.9997906086886116,4,0.9997906086886116
0.9975014154418679,0.0021762854444896174,0.0001749688752981936,7.600448574582171e-05,7.132575259835558e-05,0,0.9975014154418679
0.9990528937191396,0.0008795464979167274,2.553350513860003e-05,1.8695604207625545e-05,2.3330673597232485e-05,0,0.9990528937191396
7.284859096115853e-06,1.564068315914936e-05,7.792422137640753e-05,7.903947768583338e-05,0.9998201107586826,4,0.9998201107586826
1.325223253253504e-05,3.0021769398390827e-05,0.00012319819936078527,0.0010718271962989084,0.9987617006024093,4,0.9987617006024093
0.9996388318002368,0.00026222171207245567,4.0450397311373946e-05,2.664475241720934e-05,3.1851337962069744e-05,0,0.9996388318002368
3.861977717750744e-05,6.716805672617194e-05,0.0003888808867152824,0.9992415980435979,0.0002637332357833171,3,0.9992415980435979
1.5094753023321165e-05,6.310706154777276e-05,0.9986851553699173,3.837776965680142e-05,0.0011982650458549223,2,0.9986851553699173
2.248288877488154e-05,4.0935117961967004e-05,0.0001611733639103538,0.9996660096195279,0.00010939900982496715,3,0.9996660096195279
7.280054646899738e-06,1.5263282364330698e-05,7.503056489800942e-05,6.601270436121851e-05,0.9998364133937295,4,0.9998364133937295
7.279744166796246e-06,1.365803388872299e-05,7.989557947357711e-05,0.00010539431782154141,0.9997937723246494,4,0.9997937723246494
1.0949827921924075e-05,2.3954122384215048e-05,9.00380287114075e-05,0.00021888318202308794,0.9996561748389594,4,0.9996561748389594
0.00023440259667501727,0.9995227777833839,0.000100953414331005,6.46195309864641e-05,7.724667462366594e-05,1,0.9995227777833839
0.9994953892753705,0.00040094914544143217,4.7320723059125683e-05,2.9785436456832844e-05,2.6555419672176326e-05,0,0.9994953892753705
7.589716636377225e-06,1.3132120101649843e-05,8.454778547784714e-05,0.0001238966271111372,0.9997708337506731,4,0.9997708337506731
0.9985225287660783,0.0011465049873450122,0.00011403557358667573,4.803847636492696e-05,0.00016889219662510896,0,0.9985225287660783
3.668800172690613e-05,0.000613109132454391,0.9992343372480471,5.564006705524552e-05,6.0225550716522387e-05,2,0.9992343372480471
7.284927737905685e-06,1.546993736370324e-05,7.083775835476324e-05,7.687578473203654e-05,0.9998295315918116,4,0.9998295315918116
3.304225565234771e-05,0.00042547512915915893,0.9993133501373821,5.8448605388672704e-05,0.00016968387241766752,2,0.9993133501373821
8.07144630966865e-06,1.8700108353288046e-05,7.132778075602265e-05,0.00011104394628282238,0.9997908567182981,4,0.9997908567182981
1.3765995048905695e-05,2.3823756247427137e-05,0.00012132331223739527,0.00017280985926619607,0.9996682770772001,4,0.9996682770772001
7.895743724227992e-06,2.1009518284694863e-05,6.979369375401496e-05,6.728090511086232e-05,0.9998340201391263,4,0.9998340201391263
0.9981574876281782,0.0015686064269637963,0.00010845826021131259,8.674909603369859e-05,7.869858861288594e-05,0,0.9981574876281782
0.9998941668787226,7.254993578588735e-05,1.761917601025287e-05,8.274186587661563e-06,7.389822893889397e-06,0,0.9998941668787226
9.55415888583168e-06,2.0640640722911476e-05,7.807824142688801e-05,0.0002279202285391959,0.9996638067304252,4,0.9996638067304252
0.00020265255594313037,0.9990453431792734,0.0004232555197003409,0.0001528656770336539,0.00017588306804935998,1,0.9990453431792734
7.280046450793469e-06,1.4700696533203131e-05,7.565391344794115e-05,6.707759599009295e-05,0.999835287747578,4,0.999835287747578
0.00022205701040399112,0.9994714490819424,0.00013760416677085672,7.310396794712068e-05,9.578577293566593e-05,1,0.9994714490819424
1.742037094954657e-05,4.66929673759833e-05,0.00021467457991244466,0.9996177165333201,0.00010349554844203225,3,0.9996177165333201
7.869789171430253e-06,1.2878134136442335e-05,9.374415465760148e-05,0.00010516901779631117,0.9997803389042382,4,0.9997803389042382
7.284854342853802e-06,1.2842238624950816e-05,9.331675324498078e-05,6.709776283436596e-05,0.9998194583909528,4,0.9998194583909528
7.589619025710514e-06,1.8019411833627972e-05,8.109805878011599e-05,0.0001353171229443683,0.9997579757874162,4,0.9997579757874162
9.53839999298444e-06,1.9230334487509383e-05,9.152881666186762e-05,0.00019210348660322495,0.9996875989622543,4,0.9996875989622543
7.017345257069636e-06,5.0013650275356013e-05,0.9998964234954771,2.0622740462648157e-05,2.5922768527558802e-05,2,0.9998964234954771
0.005028961838432945,0.9945189637394921,0.0002024775350295634,0.0001333254754419374,0.00011627141160334692,1,0.9945189637394921
0.0010731641681180815,0.9986098610605901,0.00014606823709803176,7.974448890669116e-05,9.116204528692032e-05,1,0.9986098610605901
8.91396383411717e-06,7.452236411515025e-05,0.999693700002536,2.2239322555287335e-05,0.00020062434695940245,2,0.999693700002536
2.512944619427924e-05,0.002059017788102484,0.9977971289316552,5.722526804059228e-05,6.14985660073856e-05,2,0.9977971289316552
2.940186259820413e-05,7.840308650611126e-05,0.00041695718167152464,0.9992110573878055,0.0002641804814186464,3,0.9992110573878055
8.14397526803911e-06,0.00019166081474737294,0.9997654207010761,1.7996511182770848e-05,1.6777997725800126e-05,2,0.9997654207010761
7.2849235767937074e-06,1.9389603614346982e-05,6.651361186575467e-05,7.785136644208192e-05,0.9998289604945009,4,0.9998289604945009
8.414866574255443e-06,1.7938914223702374e-05,5.875337964296249e-05,0.0001282298914427146,0.9997866629481164,4,0.9997866629481164
1.201048043620957e-05,1.9189733936665612e-05,8.679689332832355e-05,0.00015215373737086942,0.999729849154928,4,0.999729849154928
0.999837541668509,0.0001387303014087405,9.71136571554009e-06,7.450196113111901e-06,6.566468253545119e-06,0,0.999837541668509
8.405856204277567e-06,6.687729172521349e-05,0.9997112639371332,2.4264418887757065e-05,0.00018918849604967567,2,0.9997112639371332
7.848731200453028e-05,0.9995459831327558,0.0002438818869669846,7.084891299611846e-05,6.079875527649249e-05,1,0.9995459831327558
0.9997290275133162,0.00017647625308648543,4.520585089579883e-05,2.6241168552017553e-05,2.3049214149729704e-05,0,0.9997290275133162
7.741777909978572e-06,1.9269951202815896e-05,7.266410130112033e-05,8.931206059957718e-05,0.9998110121089865,4,0.9998110121089865
1.1110018947176898e-05,0.00039127874139100296,0.9995481211208643,2.7680352567063522e-05,2.1809766230547704e-05,2,0.9995481211208643
1.2991806505255788e-05,0.004501239398821119,0.9954332934613194,2.51809153063814e-05,2.7294418048053436e-05,2,0.9954332934613194
7.279951741650196e-06,1.746328755395033e-05,8.006473960979924e-05,7.291154540104977e-05,0.9998222804756935,4,0.9998222804756935
6.865676024900719e-06,6.612358041102492e-05,0.9997554939998105,1.6992696476261598e-05,0.00015452404727721796,2,0.9997554939998105
5.502987773878315e-05,0.9968441077734319,0.0029124582887022875,9.500333808163776e-05,9.340072204545266e-05,1,0.9968441077734319
0.9993659087710167,0.0004586889361480012,8.152125682732034e-05,4.963187035998565e-05,4.424916564777116e-05,0,0.9993659087710167
8.399273154092703e-05,0.001304822882582115,0.9983264256123492,9.11174149488248e-05,0.00019364135857870827,2,0.9983264256123492
0.9998892741878221,7.989558467101013e-05,1.2034949750768754e-05,8.111529227127807e-06,1.0683748529192257e-05,0,0.9998892741878221
1.1101607195740791e-05,0.00010043997804494562,0.9996116455932768,2.6951734395868262e-05,0.0002498610870868407,2,0.9996116455932768
8.562305432849907e-06,2.390109070858171e-05,8.125152549748628e-05,9.984691549744115e-05,0.9997864381628636,4,0.9997864381628636
0.006165323606694726,0.9935083407689664,0.00014913640040248744,7.670072983228192e-05,0.00010049849410402875,1,0.9935083407689664
0.00012889302332510898,0.9992836125210014,0.00038166787366029366,0.00010258079585992868,0.00010324578615333913,1,0.9992836125210014
6.969445447550349e-06,8.548436627604608e-05,0.9997335060080371,1.718062060850716e-05,0.0001568595596307408,2,0.9997335060080371
0.9993607003282844,0.0004978138446956103,6.03217731440377e-05,3.842255269572718e-05,4.274150118033288e-05,0,0.9993607003282844
1.882813379373966e-05,5.18768080359921e-05,0.00019240936561824992,0.9996179262837748,0.00011895940877731515,3,0.9996179262837748
1.5676053072736073e-05,3.8155308546157756e-05,0.000180133902183489,0.9996929567593443,7.307797685337887e-05,3,0.9996929567593443
1.4986657712029223e-05,2.6661291025188517e-05,0.00018333006342601438,0.9996349071455809,0.00014011484225591204,3,0.9996349071455809
0.0001778477128742048,0.9993520244609888,0.0002869085993243523,8.54895552647278e-05,9.772967154784638e-05,1,0.9993520244609888
0.001731307265980302,0.9975106174159528,0.00036038597006776945,0.00011155509068329834,0.0002861342573156813,1,0.9975106174159528
0.0005773992341444802,0.9969573101723891,0.0004893398085916563,0.00022279446526357613,0.0017531563196113154,1,0.9969573101723891
0.00018822479206081387,0.999227556098492,0.0003552810234225862,0.00012123031086881333,0.00010770777515583305,1,0.999227556098492
3.0944825917426166e-05,6.344841494807924e-05,0.00042866860332494946,0.999334708138885,0.00014223001692452512,3,0.999334708138885
1.6155515113861092e-05,3.278502398678957e-05,0.00013037153854107556,0.9997131252665699,0.00010756265578830751,3,0.9997131252665699
1.0634038927198474e-05,2.9566066252256673e-05,0.00016340235049465193,0.00017515575742150122,0.9996212417869044,4,0.9996212417869044
0.00016423721310105969,0.9822765432309483,0.01703908404990677,0.00023596019539602744,0.00028417531064792027,1,0.9822765432309483
6.836246790464605e-05,0.9995787001926597,0.00022099216325214858,6.010053884384463e-05,7.184463733959852e-05,1,0.9995787001926597
0.000292382685790651,0.9986605998029398,0.0006308422671836793,0.00021773932481879542,0.00019843591926696152,1,0.9986605998029398
7.741120593600036e-06,1.963873501011114e-05,7.996983223682705e-05,0.0001665272507978857,0.9997261230613617,4,0.9997261230613617
8.543720064386219e-06,2.188352865260227e-05,9.046906925864114e-05,0.0001304292390860563,0.9997486744429382,4,0.9997486744429382
0.0003275523691680651,0.9754833043451243,0.023392223638751392,0.0002994591285043567,0.000497460518451716,1,0.9754833043451243
8.474819974789657e-06,2.0746832164830416e-05,8.009933674769129e-05,0.00011156083826551661,0.9997791181728471,4,0.9997791181728471
7.279737007990279e-06,1.7565356596709588e-05,8.469040394452272e-05,9.767536202577289e-05,0.9997927891404249,4,0.9997927891404249
1.5863198285010034e-05,4.2674156033083235e-05,0.00016435149348786743,0.9996306481543858,0.00014646299780834778,3,0.9996306481543858
0.9995489318946679,0.00030500100042280616,7.383032066847242e-05,3.581981061337816e-05,3.641697362750783e-05,0,0.9995489318946679
8.51512597492601e-06,0.002998238802860222,0.9969620563969313,1.8845207806727802e-05,1.2344466426735347e-05,2,0.9969620563969313
0.0003023108150313343,0.001000670602190135,0.9982503648045745,0.00019075742436563516,0.00025589635383815493,2,0.9982503648045745
0.0003185030183813935,0.008236852512430429,0.9908231074022337,0.00029066892209489935,0.0003308681448597261,2,0.9908231074022337
9.762059337257041e-06,1.4010456661120395e-05,7.353704581116573e-05,0.00015576621143383905,0.9997469242267566,4,0.9997469242267566
1.5572585771157297e-05,1.8258263086309604e-05,8.08823332502543e-05,0.0001511785432741424,0.9997341082746181,4,0.9997341082746181
0.0005621596538470987,0.0027779456530665396,0.9950579584790635,0.0002955977863999436,0.0013063384276230275,2,0.9950579584790635
8.68969660105967e-06,1.5604895134446416e-05,8.051196151688424e-05,0.00010736135562013285,0.9997878320911275,4,0.9997878320911275
4.859942456409075e-06,0.0001839009815753165,0.9997873806255632,1.1029078509814105e-05,1.2829371895321337e-05,2,0.9997873806255632
0.0010925748530724376,0.997195344639541,0.000721798442019938,0.0004991240710679109,0.0004911579942987769,1,0.997195344639541
1.203002722299656e-05,2.1772320834905468e-05,0.00019319827947404138,0.00022868402383982768,0.9995443153486283,4,0.9995443153486283
2.551473231544666e-05,0.0008981166064882414,0.9989708080553528,5.8856972293027185e-05,4.670363355039785e-05,2,0.9989708080553528
4.910874335033124e-05,0.001703194248607645,0.9958538054426411,8.446729028522148e-05,0.0023094242751158104,2,0.9958538054426411
1.6176317719458485e-05,3.491921453955487e-05,0.00014663279197425468,0.0038857311878078694,0.9959165404879587,4,0.9959165404879587
2.1773400958196027e-05,5.872765011132722e-05,0.00018147239745719662,0.9995795842167285,0.00015844233474468695,3,0.9995795842167285
9.944654448012864e-06,1.734737276118656e-05,9.44055439388589e-05,7.499352790533528e-05,0.9998033089009466,4,0.9998033089009466
7.329930229584511e-06,1.7497009832945312e-05,7.441437075269227e-05,0.00010429380445039051,0.9997964648847345,4,0.9997964648847345
0.9995760116427256,0.00031228203169419386,5.7255119253157276e-05,3.0569200969652586e-05,2.388200535743948e-05,0,0.9995760116427256
7.409887071959684e-06,0.0001749902384802038,0.9997729051131092,2.089900539147375e-05,2.3795755947075362e-05,2,0.9997729051131092
7.679358341970858e-06,1.6150035898728515e-05,7.195913817798165e-05,0.00010099245833703972,0.9998032190092442,4,0.9998032190092442
7.612657890707372e-06,1.730359638740355e-05,0.00012429548978172566,7.523259640136039e-05,0.9997755556595387,4,0.9997755556595387
0.00014551879270367248,0.00603369929101827,0.9924315247335671,0.0002716036918843763,0.001117653490826686,2,0.9924315247335671
1.741990504538191e-05,4.3723393065008826e-05,0.0001486655067422481,0.9996892032208265,0.00010098797432083973,3,0.9996892032208265
0.9995530978839349,0.0003605259691026725,3.286306369407704e-05,2.1259566648823703e-05,3.2253516619666e-05,0,0.9995530978839349
7.292224271308295e-06,0.00016796285037971629,0.9997969090092224,1.6103426420189545e-05,1.1732489706531726e-05,2,0.9997969090092224
4.521310214141301e-06,0.00013442746244919824,0.9998373018370171,1.1813946492539721e-05,1.1935443827084527e-05,2,0.9998373018370171
0.9996212780181973,0.0002373860760448098,8.110467131054744e-05,3.107648141005744e-05,2.915475303729906e-05,0,0.9996212780181973
1.0261568450020324e-05,3.193787736490441e-05,0.00011085849429617782,0.00015028105385966393,0.9996966610060293,4,0.9996966610060293
7.547523192668279e-06,1.7867286689289306e-05,7.417818603188145e-05,7.980218759267216e-05,0.9998206048164934,4,0.9998206048164934
7.27995295524512e-06,1.9159312857638214e-05,6.767329999255544e-05,8.34402844228686e-05,0.9998224471497716,4,0.9998224471497716
1.479501586991182e-05,2.1813130481104307e-05,0.00010874380069591292,0.00021582791208007965,0.999638820140873,4,0.999638820140873
0.00046454753975722546,0.9979394499212423,0.0008631905834060686,0.0003351426590663244,0.00039766929652815296,1,0.9979394499212423
6.316148133548158e-05,0.00014151407650646084,0.000738786228587134,0.998510046942617,0.000546491270953796,3,0.998510046942617
7.280011950206217e-06,1.8528551438755515e-05,6.801723814240737e-05,7.562473172640399e-05,0.9998305494667422,4,0.9998305494667422
7.279785768594304e-06,1.4820391221361051e-05,7.653323979679158e-05,0.0001018807035730033,0.9997994858796402,4,0.9997994858796402
0.9994333825610421,0.0004346168710571082,5.7509847776717827e-05,3.625280876710531e-05,3.823791135692121e-05,0,0.9994333825610421
0.999264570205854,0.0005025282726198646,0.00010122073434009188,5.99801106351816e-05,7.170067655083865e-05,0,0.999264570205854
7.284860285894248e-06,1.7503215057704777e-05,7.62955803444667e-05,7.864229292161665e-05,0.9998202740513903,4,0.9998202740513903
2.2421794662691195e-05,5.35536449001712e-05,0.00022390671884386405,0.9995483208507222,0.00015179699087121705,3,0.9995483208507222
2.4981880434875257e-05,0.0004970653253147699,0.9977669614758137,5.688922839729012e-05,0.0016541020900393993,2,0.9977669614758137
1.933604997739719e-05,4.453201583872189e-05,0.00022755040058480353,0.9996034785284406,0.00010510300515862819,3,0.9996034785284406
7.956106091468616e-05,0.00015216021567462622,0.005087412039804616,0.9943149079656602,0.00036595871794564255,3,0.9943149079656602
0.9994145756986165,0.00039079252985694727,8.673124489454077e-05,5.181513422665087e-05,5.608539240529868e-05,0,0.9994145756986165
7.280027684358535e-06,1.6612650948700842e-05,6.812681703374738e-05,7.527012270998612e-05,0.9998327103816232,4,0.9998327103816232
0.9993369727873443,0.0005300040713083626,5.900437381182847e-05,3.2426909850144334e-05,4.159185768537603e-05,0,0.9993369727873443
0.0006952319396850063,0.9990347574932386,0.0001067824739005541,7.305434250252876e-05,9.01737506731901e-05,1,0.9990347574932386
0.0004474441866844595,0.007327298053517982,0.9915664386178356,0.0003074030844144364,0.0003514160575474763,2,0.9915664386178356
7.280017460975708e-06,1.4643463172277736e-05,7.120523001377568e-05,7.556497829162852e-05,0.9998313063110614,4,0.9998313063110614
2.195102392871844e-05,4.76144105465605e-05,0.00019606378461611338,0.9995438318373422,0.00019053894356644982,3,0.9995438318373422
4.248197727220062e-06,8.809165105064985e-05,0.9998888327694226,1.0081274335913374e-05,8.746107463635739e-06,2,0.9998888327694226
1.452742530786742e-05,1.9698330749140912e-05,9.150897112901765e-05,0.0001641279033481513,0.9997101373694658,4,0.9997101373694658
1.2549505844528457e-05,3.4704352210949024e-05,0.9999027827651944,2.3087610485085174e-05,2.687576626491541e-05,2,0.9999027827651944
7.753102038625144e-06,1.6446399134298395e-05,7.238862923851866e-05,0.00012830040235475688,0.9997751114672339,4,0.9997751114672339
5.751442677695576e-06,6.752542308218802e-05,0.9998983455743057,1.3184520631855837e-05,1.5193039302339652e-05,2,0.9998983455743057
7.590145814301847e-06,1.7253881060314135e-05,7.878041626916229e-05,6.900747267836976e-05,0.9998273680841778,4,0.9998273680841778
7.036653281349281e-06,0.0012282627854102504,0.9987367019074801,1.4489869232871423e-05,1.3508784595372179e-05,2,0.9987367019074801
2.513947757862885e-05,7.003493408780887e-05,0.0002994995929115702,0.9994300680962006,0.00017525789922147778,3,0.9994300680962006
4.991592401060812e-06,5.6427056733924606e-05,0.9999137382128418,1.456654395754887e-05,1.02765940659061e-05,2,0.9999137382128418
6.735425455453947e-05,0.006118354025888921,0.9936379883710613,9.668407466311502e-05,7.961927383231827e-05,2,0.9936379883710613
8.556653940015434e-06,2.3629134138232535e-05,7.933322291226676e-05,8.627272569355233e-05,0.9998022082633159,4,0.9998022082633159
0.007260033028534502,0.9902635859262203,0.0009700418119932804,0.0005065200183184585,0.0009998192149333984,1,0.9902635859262203
7.54755199150745e-06,1.8589503365711903e-05,6.748159932607277e-05,8.19615458065963e-05,0.9998244197995101,4,0.9998244197995101
7.2850277794144445e-06,1.8013165542145687e-05,5.469765841827132e-05,7.674222741284655e-05,0.9998432619208473,4,0.9998432619208473
7.086136339317651e-06,0.00013096373464572872,0.9998218648858851,1.7649585920774213e-05,2.243565720902081e-05,2,0.9998218648858851
0.9996727237357365,0.0002168368045927265,4.932570288127658e-05,2.934756307490997e-05,3.176619371467304e-05,0,0.9996727237357365
5.752350695819198e-05,0.999706182824446,0.0001479351038407399,4.7312310373685876e-05,4.1046254381456024e-05,1,0.999706182824446
1.043500523211134e-05,1.7473398416994332e-05,0.00011073662913506518,0.0001258043773484659,0.9997355505898673,4,0.9997355505898673
5.396105046803753e-05,0.00010660443322855665,0.0006683264256317442,0.9989474093284,0.00022369876227162767,3,0.9989474093284
7.641267895864394e-06,5.7802104084050806e-05,0.9998881421902761,2.257026370466523e-05,2.3844174039436377e-05,2,0.9998881421902761
6.707213665539632e-06,0.00014773114031828137,0.999814731200867,1.6789769847121935e-05,1.4040675302185791e-05,2,0.999814731200867
9.137897979505247e-05,0.9995763430538583,0.00018912058934507776,6.0310254084476275e-05,8.284712291698804e-05,1,0.9995763430538583
8.474958737124564e-06,2.1379995417394738e-05,8.413919736033413e-05,9.05178075771131e-05,0.9997954880409081,4,0.9997954880409081
9.12594864147186e-06,1.9440333839422805e-05,0.00013032165705443744,0.00012042012356788249,0.9997206919368967,4,0.9997206919368967
8.006187883255545e-06,1.9333578985905755e-05,7.913803266761826e-05,9.306862260415238e-05,0.9998004535778591,4,0.9998004535778591
6.750654777340109e-06,0.00040779837504431636,0.9995527229806834,1.490747794506519e-05,1.782051154972235e-05,2,0.9995527229806834
8.497329846582084e-06,1.8059793020760724e-05,9.086619049221564e-05,0.00013765077370453798,0.999744925912936,4,0.999744925912936
7.741795516299735e-06,1.71055892771907e-05,9.108889952213726e-05,7.077784038940805e-05,0.999813285875295,4,0.999813285875295
0.9995353121224612,0.00033009299943339735,4.8449967465783535e-05,3.312793981376983e-05,5.3016970825569656e-05,0,0.9995353121224612
7.342855788301382e-06,5.022412899824874e-05,0.9998995656412774,2.1442528986087476e-05,2.1424844950101433e-05,2,0.9998995656412774
1.0907388632083001e-05,1.7394333502885416e-05,7.548028670042486e-05,0.00013318746691534073,0.9997630305242492,4,0.9997630305242492
0.9987529685885842,0.0011309348445612522,5.0855675555903474e-05,3.0209925669983646e-05,3.503096562869074e-05,0,0.9987529685885842
0.9999087603943273,6.244891081619916e-05,9.857028592925388e-06,8.778868660097638e-06,1.0154797603564743e-05,0,0.9999087603943273
7.284965127524283e-06,1.6949589036320787e-05,5.705815789411434e-05,8.40441085301057e-05,0.9998346631794118,4,0.9998346631794118
9.743545122010179e-06,2.298832381743439e-05,0.00013291840184913387,8.890539065281365e-05,0.9997454443385586,4,0.9997454443385586
7.280063072671795e-06,1.889025729124711e-05,5.574080405626532e-05,8.05182935980661e-05,0.9998375705819819,4,0.9998375705819819
0.9995611539189545,0.00032408675187571757,5.3405098665692235e-05,3.009700346210268e-05,3.1257227041977133e-05,0,0.9995611539189545
6.403655819812884e-06,5.242035321129547e-05,0.9999120135680893,1.7174848624266628e-05,1.1987574255247648e-05,2,0.9999120135680893
0.9996683606426944,0.000220631069113199,4.707947852616343e-05,3.736879434766454e-05,2.6560015318439273e-05,0,0.9996683606426944
0.0001465005326133669,0.9992367613275768,0.00037994391586619434,0.00011209689650810605,0.00012469732743565672,1,0.9992367613275768
0.9996905580026797,0.0001919859401047507,4.6530282924836225e-05,2.9791252577435305e-05,4.113452171316665e-05,0,0.9996905580026797
9.01900734552974e-06,0.00034604569500154233,0.9995949683797564,2.6142263675409707e-05,2.3824654221125872e-05,2,0.9995949683797564
6.656756961680142e-06,6.705576377278879e-05,0.9998830827859578,1.86305922235248e-05,2.4574101084008702e-05,2,0.9998830827859578
0.0001388190319053721,0.0006699496036501342,0.9988944175415693,0.00013349988739339323,0.00016331393548204532,2,0.9988944175415693
9.823744492093705e-06,8.434549694045163e-05,0.9996606553467412,2.407485991705299e-05,0.00022110055190924165,2,0.9996606553467412
1.0204039481473001e-05,2.608419936840654e-05,0.00012680023130333905,0.00011268247669031331,0.9997242290531565,4,0.9997242290531565
8.753643035939215e-06,2.0819009806849494e-05,8.06485634212917e-05,0.0001495064969732892,0.9997402722867627,4,0.9997402722867627
4.707327650788055e-06,8.805549147467565e-05,0.9998830107382779,1.1791542691426183e-05,1.2434899905160559e-05,2,0.9998830107382779
2.548610014674142e-05,7.238817910540283e-05,0.0003007359815301537,0.9994229392145393,0.00017845052467828926,3,0.9994229392145393
1.6707696529561473e-05,2.9964591880718502e-05,0.0001232399855445243,0.00026147311027824446,0.9995686146157671,4,0.9995686146157671
0.002138821053272263,0.9972939129281139,0.0002479630617440094,0.0001329817005669691,0.00018632125630297904,1,0.9972939129281139
2.254426524025866e-05,3.722560929764657e-05,0.00029993457446879254,0.9993934715329593,0.0002468240180339156,3,0.9993934715329593
5.180599657520472e-05,0.00011381968447877085,0.0011694100567771811,0.9983488382874154,0.00031612597475345054,3,0.9983488382874154
0.00016243757471311553,0.9992134106059788,0.0003715694076021463,0.00011505035261693838,0.00013753205908907442,1,0.9992134106059788
5.5649715389732645e-06,8.877896258484913e-05,0.9998763474638191,1.3682461499554057e-05,1.562614055745784e-05,2,0.9998763474638191
0.0007981661832470832,0.9972583570646929,0.000935707505594157,0.00044209002651386485,0.0005656792199520167,1,0.9972583570646929
3.1934120394477004e-05,5.4954520671567394e-05,0.0002538287114025564,0.9995027095804128,0.00015657306711861283,3,0.9995027095804128
1.0204815962854054e-05,2.0774451010040137e-05,7.455094711560188e-05,9.416622800051981e-05,0.999800303557911,4,0.999800303557911
6.742986373191322e-06,3.841521204938775e-05,0.9999221288818393,1.4900613726891547e-05,1.7812306011555967e-05,2,0.9999221288818393
8.006120263253958e-06,1.6896488458274136e-05,7.223588818206337e-05,0.00011085220724074223,0.9997920092958558,4,0.9997920092958558
0.9996555797036556,0.00022541094652991746,3.704807051334511e-05,3.15613273077525e-05,5.03999519934443e-05,0,0.9996555797036556
7.301791901552293e-06,7.007452754297806e-05,0.9997402119899983,1.807209269209544e-05,0.00016433959786504634,2,0.9997402119899983
0.0003328949450969552,0.9987811547608368,0.0005158533004190513,0.00016944173802122139,0.00020065525562580277,1,0.9987811547608368
0.9957296933547899,0.003869894535838535,0.00014408225530883985,5.179873734112541e-05,0.0002045311167215786,0,0.9957296933547899
2.5807683614729324e-05,5.537718163123046e-05,0.00033821901568251443,0.999367000466027,0.00021359565304453925,3,0.999367000466027
4.978056265329809e-05,0.0001358918316191622,0.0017940260519389625,0.9976802428538902,0.00034005869989831445,3,0.9976802428538902
0.00014776035762540648,0.9990213433723242,0.0005211454076394049,0.0001054129955294406,0.00020433786688140254,1,0.9990213433723242
2.179495776055747e-05,5.435539993385189e-05,0.0002793211158250994,0.9994591855915435,0.00018534293493697491,3,0.9994591855915435
1.489959191542088e-05,1.9806640970817363e-05,8.295177982887174e-05,0.00015580078075165825,0.9997265412065333,4,0.9997265412065333
1.1912071079269033e-05,2.756330584451709e-05,0.0001255089050743075,9.937244118864808e-05,0.9997356432768133,4,0.9997356432768133
0.0015539737622261099,0.9858599110863592,0.0007619457511501136,0.0004016772118513143,0.011422492188413328,1,0.9858599110863592
0.00029501004185875605,0.9986866246705907,0.0006157727511411853,0.00018570648883110076,0.00021688604757824235,1,0.9986866246705907
9.643892516536355e-06,2.0470589372075617e-05,9.112164983359702e-05,0.00016936568640770635,0.9997093981818701,4,0.9997093981818701
2.242473815556855e-05,5.935565665603236e-05,0.0006567514773915972,0.9991342394258843,0.00012722870191255527,3,0.9991342394258843
0.9993357536259715,0.0006007183530390747,2.639257961688227e-05,2.0431203936745256e-05,1.6704237435838634e-05,0,0.9993357536259715
0.9999225439416923,5.359418202239786e-05,9.656850766692437e-06,7.668027591859407e-06,6.53699792670329e-06,0,0.9999225439416923
0.9977719369039175,0.0021714712607934696,2.1988371155970057e-05,1.9191113237266623e-05,1.5412350895810188e-05,0,0.9977719369039175
0.0007863202788060381,0.9990260180907266,7.510375272492852e-05,6.0913832161617614e-05,5.164404558106497e-05,1,0.9990260180907266
0.9996803906156542,0.0002366332608014056,3.652765888435427e-05,2.544685294197555e-05,2.1001611717952355e-05,0,0.9996803906156542
5.9496697654302636e-05,0.999725923104599,0.00012379477356005533,5.016789787667807e-05,4.061752630993219e-05,1,0.999725923104599
0.9997127821645923,0.0002045733780050136,3.7709964987523456e-05,2.492071108489698e-05,2.001378133018844e-05,0,0.9997127821645923
0.004059052209057225,0.9955318110814718,0.00021392758042057213,0.00011200234462455839,8.320678442581703e-05,1,0.9955318110814718
0.9996615903642933,0.0002612991644098978,2.9961850199407797e-05,2.614740434135528e-05,2.1001216756139568e-05,0,0.9996615903642933
0.999832406327072,0.00014092498163510703,1.2116056206514427e-05,7.85567102496438e-06,6.696964061210793e-06,0,0.999832406327072
0.997907433918875,0.002033957814797555,2.3920093182314934e-05,1.9694230482832372e-05,1.4993942661907365e-05,0,0.997907433918875
1.5128891933507729e-05,0.00011321748394103545,0.999794197567763,4.060640847965153e-05,3.68496478828526e-05,2,0.999794197567763
2.8676340527049366e-05,5.78318825637502e-05,0.0009296060421325765,0.9988412224162513,0.00014266331852529993,3,0.9988412224162513
0.00011269607723380906,0.01999366317886513,0.9794759439632866,0.00022774412907823483,0.0001899526515359627,2,0.9794759439632866
0.0008356255434681044,0.9989694889170826,8.873997732849514e-05,5.672372402784386e-05,4.9421838092871077e-05,1,0.9989694889170826
0.0004533138987793672,0.0047310408054241915,0.9945214462606259,0.00017225575507335067,0.00012194328009711779,2,0.9945214462606259
0.9982179320633243,0.0017262371461327954,2.3306137494831266e-05,1.755716219331782e-05,1.4967490854930652e-05,0,0.9982179320633243
0.9995331421061739,0.000375269831078522,3.876505020256406e-05,2.6321167728348996e-05,2.650184481664673e-05,0,0.9995331421061739
0.9997944672106331,0.00017123950281754824,1.6684348071119702e-05,1.0478404121639292e-05,7.130534356748918e-06,0,0.9997944672106331
0.008146379664976972,0.9899292116331047,0.0007249878601650752,0.0004504219496097613,0.0007489988921434478,1,0.9899292116331047
0.0009929470939606631,0.9987255926860441,0.00012470400213222273,8.345796335069365e-05,7.329825451245416e-05,1,0.9987255926860441
0.00015139940092003375,0.9983552209971336,0.0010873883847798667,0.00021710277709007303,0.00018888844007629717,1,0.9983552209971336
0.0005424379623329765,0.998446300805364,0.0005844984935014238,0.00023668300995216657,0.0001900797288494814,1,0.998446300805364
0.9996598755784707,0.00029767207357671066,1.7354150398071598e-05,1.3539365897356505e-05,1.1558831657039339e-05,0,0.9996598755784707
0.9996674706733203,0.0002538212785648029,3.201023019328774e-05,2.569647762981531e-05,2.1001340291589626e-05,0,0.9996674706733203
0.9996560999674652,0.00027653258563711033,3.040439634545599e-05,2.024062422238552e-05,1.6722426329776122e-05,0,0.9996560999674652
0.9990218415559609,0.000924271044836952,2.3784681388526414e-05,1.629092460942742e-05,1.3811793204123742e-05,0,0.9990218415559609
0.9998326682702167,0.0001402381994054737,1.2044004360237388e-05,8.021786947982615e-06,7.027739069545488e-06,0,0.9998326682702167
0.9997815571280363,0.0001770723303855573,1.907083288325363e-05,1.192471285401775e-05,1.0374995840880814e-05,0,0.9997815571280363
0.00015159507009737994,0.9995559959318878,0.00011883867550928364,9.591937567047247e-05,7.765094683524744e-05,1,0.9995559959318878
0.00012809316279480137,0.9972641989254228,0.0022223665316434926,0.0002293018804535129,0.000156039499685293,1,0.9972641989254228
0.9994554092466645,0.0004838773761948734,3.215838024311783e-05,1.6579007208646086e-05,1.1975989688816591e-05,0,0.9994554092466645
0.9985392199546048,0.0013974243015556303,2.596909056018874e-05,2.013531852122077e-05,1.7251334758078145e-05,0,0.9985392199546048
0.9983937273505572,0.001556859822894928,2.538462663973195e-05,1.3205514011444177e-05,1.0822685896743957e-05,0,0.9983937273505572
0.9990018076470364,0.0009554063814326967,2.1909323486765677e-05,1.2281456740229056e-05,8.595191303884765e-06,0,0.9990018076470364
0.9995814307467457,0.0003219690637940066,4.3813814661050386e-05,2.8586774951938e-05,2.4199599847110002e-05,0,0.9995814307467457
0.9997310220645941,0.0002345816123248216,1.4831681271507599e-05,1.085056845678862e-05,8.714073352987768e-06,0,0.9997310220645941
3.828879260707013e-05,9.726635597312852e-05,0.998522873495923,0.0011680284661086096,0.00017354288938824523,2,0.998522873495923
3.80455967738516e-05,8.169062467577556e-05,0.9980388027212129,0.0016553039126650626,0.0001861571446723539,2,0.9980388027212129
3.228776728828307e-05,6.443195551555289e-05,0.0010665547328953461,0.9986929338197413,0.0001437917245593936,3,0.9986929338197413
0.9995294779499112,0.0004364338942513444,1.336664393225179e-05,1.1185697964978847e-05,9.535813940396224e-06,0,0.9995294779499112
0.005525048851917653,0.9928607732049087,0.0008967267559013422,0.0003978990925359898,0.0003195520947362502,1,0.9928607732049087
0.9998918991314595,7.813478658237513e-05,1.4685704109039178e-05,8.710313723228263e-06,6.570064126007638e-06,0,0.9998918991314595
4.462444775040084e-05,8.700299633826495e-05,0.9977298137329178,0.0019158785070683441,0.0002226803159252628,2,0.9977298137329178
0.00013004799483344248,0.9993516116822954,0.0003255373108763073,0.00010254735298124728,9.025565901359883e-05,1,0.9993516116822954
8.08854516690645e-06,0.00045613838500767757,0.9995033586593486,1.8520981194250353e-05,1.3893429282801424e-05,2,0.9995033586593486
0.00011884447594580234,0.9859372384963566,0.013542387303882466,0.0002150023483297041,0.00018652737548533968,1,0.9859372384963566
0.0001876469432008437,0.9983703424881196,0.0011799231569027712,0.0001551330982023878,0.00010695431357423077,1,0.9983703424881196
5.1844491623180676e-05,0.0006144769675359041,0.9992387263965209,5.061195090809195e-05,4.4340193411913945e-05,2,0.9992387263965209
0.9987669320422696,0.0009589559345415744,0.0001269567212149112,8.109265242773364e-05,6.606264954626685e-05,0,0.9987669320422696
0.9997596495806321,0.00020045480246756836,1.7595102051716287e-05,1.19257463478026e-05,1.0374768500506729e-05,0,0.9997596495806321
0.9994795357911987,0.000478012310149925,2.0413473842513718e-05,1.2562620894857475e-05,9.475803913908473e-06,0,0.9994795357911987
0.9996504365277566,0.0003004538418072069,2.6801775683016065e-05,1.2799258149691011e-05,9.508596603416154e-06,0,0.9996504365277566
4.1890993242641e-05,0.00010491837456082456,0.9977970135834711,0.0017996400964103644,0.00025653695231519206,2,0.9977970135834711
0.9994478778216936,0.0005052595161973581,2.680710458780575e-05,1.1372900013422686e-05,8.682657507797663e-06,0,0.9994478778216936
0.0004866402126392201,0.99922323585359,0.00012685886848489718,8.66995658255863e-05,7.656549946001569e-05,1,0.99922323585359
7.26776271256836e-05,0.0002520218821283844,0.9995498118320304,7.153262811328395e-05,5.395603060229938e-05,2,0.9995498118320304
3.0087543613207853e-05,6.841161319402593e-05,0.0011604072315482964,0.9985892560708118,0.00015183754083257167,3,0.9985892560708118
2.875677434860247e-05,6.27493026001629e-05,0.0009409355276308898,0.9988409855971512,0.00012657279826925973,3,0.9988409855971512
0.9999179431828614,5.832808767310237e-05,1.0327753797128755e-05,7.143066936600403e-06,6.257908731838092e-06,0,0.9999179431828614
3.131752818338992e-05,7.68569227256707e-05,0.0008774619272647328,0.9988706582022155,0.00014370541961063497,3,0.9988706582022155
0.9995814395261409,0.0003245580064993576,3.691680657447742e-05,3.052795485912921e-05,2.6557705926366814e-05,0,0.9995814395261409
0.00017779102063180215,0.9960031941517213,0.003578308657986331,0.00013776015054542902,0.00010294601911512261,1,0.9960031941517213
0.999235927617196,0.0007066832370389217,2.948847310078907e-05,1.5651921131766616e-05,1.2248751532420299e-05,0,0.999235927617196
0.9996291774698656,0.00033200907816471106,1.950489336930411e-05,1.1098419779466028e-05,8.2101388206346e-06,0,0.9996291774698656
0.002215226402158597,0.996976898321206,0.0005254017583555993,0.00015397746391845586,0.00012849605436137093,1,0.996976898321206
6.983782253147779e-05,0.0011918965915451655,0.9986176250605491,6.424138931349543e-05,5.6399136060819505e-05,2,0.9986176250605491
3.44299279632903e-05,8.322083497620402e-05,0.9987645998537124,0.0009475732837663888,0.00017017609958170217,2,0.9987645998537124
0.9996054194530621,0.00030502206982718625,3.8682547566410765e-05,2.6675748937015674e-05,2.4200180607292063e-05,0,0.9996054194530621
0.9999125688757282,5.9587675425646196e-05,1.2883209923431347e-05,8.267408602031817e-06,6.69283032061334e-06,0,0.9999125688757282
7.193640199295173e-06,0.0001763981360157903,0.9997874243962546,1.6627547218788534e-05,1.2356280311537137e-05,2,0.9997874243962546
9.114664026168088e-06,0.0002489717989084772,0.9997032879283899,2.0917927908344298e-05,1.7707680767197183e-05,2,0.9997032879283899
0.9995480879449813,0.00036032256365098206,3.70441311899154e-05,2.9882747885608088e-05,2.4662612291981147e-05,0,0.9995480879449813
0.9996621940191212,0.00026024241362278,3.1852873617525115e-05,2.4709464200469737e-05,2.100122943791709e-05,0,0.9996621940191212
6.7273502403803806e-06,5.6373788234158605e-05,0.9998963575749491,1.9007984485649736e-05,2.1533302090786663e-05,2,0.9998963575749491
0.9999359484895608,4.106176195618775e-05,9.645405634948656e-06,7.086321431680527e-06,6.2580214166506626e-06,0,0.9999359484895608
0.9977423688028371,0.0022144571658013618,1.6699956369890234e-05,1.4238405616164803e-05,1.223566937560714e-05,0,0.9977423688028371
0.00021678583407227654,0.9703195110155178,0.028615908060195826,0.00043340439408717053,0.0004143906961267909,1,0.9703195110155178
0.9994302616947032,0.0004845316112011633,3.2583011768668007e-05,2.7233819173813477e-05,2.538986315306159e-05,0,0.9994302616947032
8.654758192355518e-05,0.0007568957966970523,0.9989808440982947,9.35673694035729e-05,8.21451536811095e-05,2,0.9989808440982947
5.2877743255246936e-05,0.9994106511817646,0.0004659601736900651,3.9379081319357617e-05,3.113181997041656e-05,1,0.9994106511817646
0.00028173686418734326,0.002751428069982786,0.9966421756229619,0.00018271683168522823,0.00014194261118297407,2,0.9966421756229619
0.00015898963695834913,0.9986483554554212,0.0009920294221685325,0.00011389952616525866,8.672595928658067e-05,1,0.9986483554554212
0.9990631459894499,0.0008849017576917292,2.1031734308605494e-05,1.6757310633509874e-05,1.416320791627141e-05,0,0.9990631459894499
1.2836507204448748e-05,0.00010040405377515525,0.9998209768453926,3.563525367706474e-05,3.0147339950597398e-05,2,0.9998209768453926
1.881342225652449e-05,4.0815483357739e-05,0.00019250633257388095,0.9996407928859267,0.00010707187588513727,3,0.9996407928859267
3.806077604882416e-05,8.801897332548764e-05,0.0009262032509534031,0.9988137190673055,0.00013399793236663554,3,0.9988137190673055
0.9998899315410671,8.674845598041296e-05,9.461187639201716e-06,7.481139549810425e-06,6.37767576350492e-06,0,0.9998899315410671
0.9999117337639668,6.063910999588684e-05,1.3004908507715392e-05,8.36097734804917e-06,6.261240181452563e-06,0,0.9999117337639668
0.9998902502436693,8.459913753375936e-05,1.1106778345926384e-05,7.477026032262794e-06,6.566814418968055e-06,0,0.9998902502436693
0.9994068448651316,0.0005113626541176898,3.0427546834573044e-05,2.670442490203949e-05,2.4660509013984738e-05,0,0.9994068448651316
0.00014944994256439715,0.9983790047420997,0.0012249775963834027,0.00013735100454914353,0.00010921671440342564,1,0.9983790047420997
0.00015981395615051347,0.9993708004335462,0.00030887589549643835,8.654560415645913e-05,7.396411065041751e-05,1,0.9993708004335462
0.9996679882155716,0.0002937623248278011,1.6512360325619e-05,1.1624446074566464e-05,1.0112653200314993e-05,0,0.9996679882155716
0.0004571119632101444,0.015653099997062807,0.9834614180080588,0.0002367281768011108,0.00019164185486714774,2,0.9834614180080588
9.374678642017969e-05,0.9994705112154787,0.00029441711617662745,7.777980119281397e-05,6.354508073177374e-05,1,0.9994705112154787
0.9995576843486298,0.00039648522287206,2.076656113773578e-05,1.3420651127747293e-05,1.164321623280249e-05,0,0.9995576843486298
0.9991507134490495,0.0006992471864509734,6.009618511465215e-05,5.06515822883602e-05,3.929159709619382e-05,0,0.9991507134490495
0.9996810627154672,0.00023816211357029018,3.599218335478452e-05,2.3781361769945362e-05,2.100162583764445e-05,0,0.9996810627154672
0.9996109149094957,0.00031246655909427084,3.2470007127351415e-05,2.3148372132997905e-05,2.100015214965606e-05,0,0.9996109149094957
0.9999249612105826,4.939427016358774e-05,1.0477000617901617e-05,7.6201377407778145e-06,7.547380894989527e-06,0,0.9999249612105826
0.9994091489214021,0.0005512352632010851,1.5406348095988586e-05,1.2586405786272037e-05,1.1623061514510528e-05,0,0.9994091489214021
0.0002771461813722597,0.0009351625296751884,0.9985753977546455,0.00011856215419374566,9.373138011348282e-05,2,0.9985753977546455
7.800388779452814e-06,5.84300919019186e-05,0.9998943842628275,1.9496460301439984e-05,1.988879618956011e-05,2,0.9998943842628275
0.0009161920133136392,0.9988190721395521,0.0001193213389537517,7.820748224801954e-05,6.720702593266787e-05,1,0.9988190721395521
5.17077176192268e-06,6.024071469512551e-05,0.9999118454325295,1.2408976873914727e-05,1.0334104139571566e-05,2,0.9999118454325295
6.961558822253577e-06,0.000579150190055058,0.9993910545809913,1.3060114043319605e-05,9.773556088019451e-06,2,0.9993910545809913
2.553185865145053e-05,6.870453781404189e-05,0.0009457194001482338,0.9988524960849541,0.00010754811843203853,3,0.9988524960849541
0.9984908175424874,0.0014565942951479734,1.8816156064876782e-05,1.5125384736820446e-05,1.864662156287542e-05,0,0.9984908175424874
8.104721215100922e-06,6.207626886895971e-05,0.9998898145722848,2.026365791804825e-05,1.9740779713264095e-05,2,0.9998898145722848
0.9997870679596588,0.00017656133320498953,1.4339592692103261e-05,1.1699306606725051e-05,1.033180783721309e-05,0,0.9997870679596588
0.9981095859089125,0.0017341661247776378,9.232804332589096e-05,3.479515510621513e-05,2.9124767877975758e-05,0,0.9981095859089125
8.41021438451469e-05,0.013828222568624165,0.985757131151581,0.00018266709823507206,0.00014787703771477887,2,0.985757131151581
0.9994336496591089,0.0004434873137467989,5.183737807643981e-05,3.724084060184425e-05,3.378480846629341e-05,0,0.9994336496591089
0.9984291078696966,0.0014602650140262104,6.080730218788363e-05,2.8768200377944922e-05,2.105161371156697e-05,0,0.9984291078696966
0.9995822105774512,0.00037364896244560626,1.9262330110416016e-05,1.3472899134246294e-05,1.140523085858385e-05,0,0.9995822105774512
0.9998553710557014,0.00011557272407449354,1.4023199435340414e-05,8.00512214326288e-06,7.027898645500147e-06,0,0.9998553710557014
2.9911526784337897e-05,6.87735496339402e-05,0.0012309090194406983,0.9985310172317206,0.00013938867242041292,3,0.9985310172317206
0.00244627943777585,0.9970155071314786,0.0002754404490735426,0.00014291979922673173,0.00011985318244506907,1,0.9970155071314786
7.995219900689947e-05,0.0005694554487386747,0.9991769841090733,9.436899634045082e-05,7.923924684080752e-05,2,0.9991769841090733
6.975751228947034e-05,0.004799164433086012,0.9948971645550941,0.00013165014970626271,0.00010226334982399863,2,0.9948971645550941
0.99963312847885,0.00032475942262618577,1.8692944181408652e-05,1.243646911588968e-05,1.0982685226186997e-05,0,0.99963312847885
5.956841864772042e-05,0.0007825077494121468,0.9990017715475988,8.361300755379156e-05,7.253927678747095e-05,2,0.9990017715475988
4.0343780152863714e-05,0.9987856826262015,0.0011210289930400226,2.9568615554845027e-05,2.3375985050605807e-05,1,0.9987856826262015
1.840008503711728e-05,3.2205117624209236e-05,0.0005543998836816656,0.9993321340602439,6.286085341303621e-05,3,0.9993321340602439
6.258402493641048e-05,0.000567954093621757,0.9992415927784107,6.846854865270153e-05,5.940055437856949e-05,2,0.9992415927784107
0.9996369739039219,0.0003257655624496059,1.6126043576083034e-05,1.1223167113522057e-05,9.911322939018048e-06,0,0.9996369739039219
0.0002057893287168819,0.9990607477083812,0.0004513999303441882,0.0001466358047813236,0.0001354272277764587,1,0.9990607477083812
0.00016093471199959942,0.9991545700398746,0.00047869951612117127,0.0001180087696108154,8.778696239385241e-05,1,0.9991545700398746
0.0018562284021780757,0.9976943110707552,0.00018114496700139942,0.00014786025485620573,0.00012045530520896562,1,0.9976943110707552
6.804215410654477e-05,0.9995716355496024,0.00025612391236633805,5.6182967490449346e-05,4.8015416434322356e-05,1,0.9995716355496024
0.9995727079548832,0.0003877972858488639,1.7031229548338142e-05,1.2361039864949174e-05,1.010248985489335e-05,0,0.9995727079548832
9.162457026121184e-05,0.99952798296097,0.0002476647931714361,7.021919219635714e-05,6.250848340079574e-05,1,0.99952798296097
0.9990626667814523,0.0008614829862242349,3.907121402128835e-05,2.1598733412418235e-05,1.5180284889911609e-05,0,0.9990626667814523
2.7031501417280776e-05,4.344158007523211e-05,0.0006989545455209836,0.9991045195236863,0.00012605284930010394,3,0.9991045195236863
0.99987839349642,9.284224163904759e-05,1.4282830927644648e-05,7.75419972759482e-06,6.727231285676026e-06,0,0.99987839349642
0.9992974679844762,0.0006531839444257824,2.123756395384237e-05,1.4614540889359781e-05,1.3495966255007468e-05,0,0.9992974679844762
0.9995234410959101,0.00037033056802964517,5.1125502926035665e-05,2.995059033513354e-05,2.5152242798963822e-05,0,0.9995234410959101
2.4866122418357998e-05,5.295331823322651e-05,0.00019425422923424401,0.9995610234369545,0.00016690289315951311,3,0.9995610234369545
0.9998336339329111,0.00013930123463003755,1.20618908550504e-05,7.967137377258593e-06,7.03580422649251e-06,0,0.9998336339329111
0.9990505817350595,0.0008656469790287404,4.4569596536596514e-05,2.2456211729800725e-05,1.674547764544582e-05,0,0.9990505817350595
8.28017726097979e-05,0.9995006157455308,0.00029569042585963904,6.338726708702285e-05,5.750478891260038e-05,1,0.9995006157455308
0.006107307485405743,0.9935126266063838,0.00017887215932282206,0.00011071118304191584,9.048256584591096e-05,1,0.9935126266063838
8.180735315039255e-06,0.0002145545422385233,0.9997458441740047,1.795444142591766e-05,1.3466107015849481e-05,2,0.9997458441740047
0.9996967510984575,0.00025170978594433573,2.2437128875718632e-05,1.573389404467949e-05,1.3368092677930156e-05,0,0.9996967510984575
0.0008103519888896674,0.9976150021125287,0.0010582479187947076,0.000270762676648159,0.0002456353031388335,1,0.9976150021125287
2.209353261811037e-05,5.669417119592482e-05,0.0010622405466776627,0.9987700428405497,8.892890895863862e-05,3,0.9987700428405497
2.781588053673661e-05,6.329487035046289e-05,0.0009406980778105998,0.9987904404361442,0.00017775073515790388,3,0.9987904404361442
0.9993495120443647,0.0006100545582123175,1.6545051807631686e-05,1.2812810893673716e-05,1.107553472166957e-05,0,0.9993495120443647
1.6853185347010695e-05,4.266484554642638e-05,0.00015771059931975502,0.9996843021450745,9.846922471225348e-05,3,0.9996843021450745
0.03622513922023925,0.958325117681564,0.0028625813980924916,0.0014696948105412692,0.0011174668895628488,1,0.958325117681564
6.7775096329750265e-06,5.3697966808177195e-05,0.9999050190158854,1.6987987382803772e-05,1.7517520290862716e-05,2,0.9999050190158854
0.00021823493953978518,0.9988819821344975,0.000569183333173703,0.0001790381740408263,0.00015156141874799028,1,0.9988819821344975
0.9994453421231261,0.00048547656653215,3.334536369361897e-05,1.8931204942206813e-05,1.6904741706059343e-05,0,0.9994453421231261
0.9994191209747033,0.0004591941713640676,5.288596305742021e-05,3.660323415914827e-05,3.219565671607124e-05,0,0.9994191209747033
0.977663367996773,0.021335105138826027,0.0005427928203877489,0.00025040934334988346,0.0002083247006632897,0,0.977663367996773
0.999238253522824,0.0007244552631904852,1.5272062327731537e-05,1.1783096852760353e-05,1.0236054804944933e-05,0,0.999238253522824
2.8516200673068514e-05,7.771997300984775e-05,0.9989666520543379,0.0008146420871477505,0.00011246968483134782,2,0.9989666520543379
6.398468199885017e-06,0.0001287643098060014,0.9998376707022801,1.6171652046786507e-05,1.099486766736772e-05,2,0.9998376707022801
0.999695201110166,0.0002226411574058639,3.438695573456249e-05,2.472234242722865e-05,2.3048434266392656e-05,0,0.999695201110166
0.9954242055240509,0.004402932006399975,9.369909782011784e-05,4.580799418160569e-05,3.335537754752284e-05,0,0.9954242055240509
0.0002722214413879936,0.9990884161041476,0.0004012979737336328,0.00012620577930847762,0.000111858701422304,1,0.9990884161041476
0.000226337509486704,0.9984310227466372,0.0010486852993459646,0.0001704914439958807,0.00012346300053450843,1,0.9984310227466372
2.502372027232468e-05,5.511599773309907e-05,0.0009040653405050164,0.998899104743941,0.00011669019754850914,3,0.998899104743941
0.0006730366217834523,0.9991183961763404,0.00011995567556579356,4.644945981486146e-05,4.216206649539368e-05,1,0.9991183961763404
0.00102969519576795,0.9987133772845995,0.00010608977193432761,7.806158299368634e-05,7.277616470431774e-05,1,0.9987133772845995
7.680492403339182e-06,5.6350463825405995e-05,0.9998932403732158,2.039010396238056e-05,2.2338566593143973e-05,2,0.9998932403732158
4.720809058369778e-06,6.420393034786114e-05,0.9999109499922717,1.0953829909440327e-05,9.1714384127057e-06,2,0.9999109499922717
2.1200417166839193e-05,5.259351408327381e-05,0.0002464531404974756,0.9995925220250289,8.723090322365519e-05,3,0.9995925220250289
0.0003118094074856422,0.997971382413744,0.0013074804768011287,0.0002325882847914395,0.00017673941717762928,1,0.997971382413744
0.0001244597563996955,0.998963825790806,0.0007254415258705492,9.989560638979595e-05,8.637732053395581e-05,1,0.998963825790806
9.421867331654366e-05,0.9985581729373194,0.001065402956731086,0.00015749880998653363,0.0001247066226463594,1,0.9985581729373194
7.856189244162285e-05,0.9969914733321801,0.002818183469844067,6.0115705654304185e-05,5.166559987997671e-05,1,0.9969914733321801
0.9987662118246818,0.0010151128225692782,0.0001360424541877511,4.553638796722359e-05,3.7096510594006845e-05,0,0.9987662118246818
0.9995483288655644,0.00035865151284280764,4.1046745547744275e-05,2.7774077585635835e-05,2.419879845939497e-05,0,0.9995483288655644
0.9999002598173204,7.453571630427326e-05,1.0193586245257772e-05,7.804096892191397e-06,7.2067832376797755e-06,0,0.9999002598173204
0.00010687947746203258,0.014429810976435609,0.9851118346478515,0.00018372668559223698,0.00016774821265844146,2,0.9851118346478515
0.9998857794626681,8.73697862794835e-05,1.1814075082042096e-05,8.33935441100944e-06,6.697321559096098e-06,0,0.9998857794626681
0.9991839689909576,0.0007587483956272824,2.4578125141547384e-05,1.6925233667296797e-05,1.5779254606326395e-05,0,0.9991839689909576
0.00013968447766064183,0.9993550300949202,0.0002964579472763628,0.00011181836851291644,9.700911162971366e-05,1,0.9993550300949202
9.835485974551923e-06,0.00017703635477100084,0.9997715895472948,2.2430541126887155e-05,1.910807083262631e-05,2,0.9997715895472948
0.0002115961546767105,0.998869694561201,0.0006350618729530344,0.0001631241197096433,0.00012052329145969337,1,0.998869694561201
0.999156179948281,0.0007790866824833952,2.5874253612725815e-05,2.0997405537107617e-05,1.7861710085458763e-05,0,0.999156179948281
0.9928145841845515,0.007109097579740297,3.676925829150214e-05,2.1661429868950977e-05,1.7887547547569554e-05,0,0.9928145841845515
0.9997860376719291,0.0001863220846263931,1.2178842681703758e-05,8.21055460248421e-06,7.250846160493812e-06,0,0.9997860376719291
1.2599569889781435e-05,8.799273786223582e-05,0.9998250097405512,3.6392486708232825e-05,3.800546498858217e-05,2,0.9998250097405512
0.9997463410572885,0.0001650661028404219,3.755328633501267e-05,2.7515120943533956e-05,2.352443259260147e-05,0,0.9997463410572885
0.9995740549116293,0.00039184526413777235,1.4658483990569782e-05,1.0061286501463212e-05,9.380053740737465e-06,0,0.9995740549116293
4.426457594468657e-06,5.804108802770881e-05,0.9999195914688311,9.649101222445646e-06,8.291884324153186e-06,2,0.9999195914688311
0.00010787396154341186,0.9994831116264594,0.0002469177510506327,8.717955238477543e-05,7.491710856182612e-05,1,0.9994831116264594
0.0001627147804384343,0.9982977329773752,0.0012633578833975824,0.0001572838165735554,0.00011891054221518432,1,0.9982977329773752
0.9988654998753123,0.0008403998605295954,0.00019512584505185644,5.5333915756873375e-05,4.364050334930877e-05,0,0.9988654998753123
0.0002305828820403643,0.9987324134283264,0.0005990800089920206,0.00016726620948833966,0.00027065747115288764,1,0.9987324134283264
8.871820534948877e-06,8.069537794328746e-05,0.9998549468445925,2.5799513297603415e-05,2.968644363165645e-05,2,0.9998549468445925
0.00019191748605498486,0.9989649914534211,0.0006319933183353154,0.00011474005304917237,9.635768913954881e-05,1,0.9989649914534211
1.5964572087292406e-05,3.479488949199352e-05,0.0002243139409003392,0.9996443609854736,8.056561204666412e-05,3,0.9996443609854736
0.9991166896265665,0.00082239652992721,2.631231654143996e-05,1.9121684028751446e-05,1.547984293619688e-05,0,0.9991166896265665
2.0814255076584875e-05,5.056541520595524e-05,0.000731445163218124,0.9990566350468096,0.00014054011968962587,3,0.9990566350468096
0.007931151045344005,0.9885617043290839,0.0018070041054211825,0.0009684910856238784,0.0007316494345271058,1,0.9885617043290839
2.504529465986497e-05,4.907030038898313e-05,0.0007870989492046956,0.9989856785579261,0.00015310689782034156,3,0.9989856785579261
0.002951380721798554,0.9964009734442046,0.00031165948784280185,0.00018567460203812542,0.00015031174411570458,1,0.9964009734442046
8.311268418435139e-06,6.497900745128005e-05,0.9998798764022367,2.217340517794526e-05,2.46599167156628e-05,2,0.9998798764022367
0.9998422531830898,0.0001300312505468088,1.1084353869072067e-05,8.557702385846853e-06,8.073510108265672e-06,0,0.9998422531830898
0.9996008328410768,0.0003617576672112956,1.6222351021828346e-05,1.1075166834089913e-05,1.011197385575179e-05,0,0.9996008328410768
5.041468969616326e-06,0.00011248862976923943,0.9998618930807407,1.0789033301955345e-05,9.787787218341434e-06,2,0.9998618930807407
0.9995595595876371,0.00039454365525369296,1.9006922537225625e-05,1.3916032857603559e-05,1.2973801714443406e-05,0,0.9995595595876371
0.9992259592116536,0.0007249562944900085,2.2001896096997794e-05,1.4015791702866296e-05,1.3066806056337686e-05,0,0.9992259592116536
0.9991743049849812,0.0007787353299075841,1.8256116423427057e-05,1.5629185370196456e-05,1.3074383317803872e-05,0,0.9991743049849812
4.885285348759235e-05,0.0049125212104128395,0.9948362033576436,0.00010376817785177421,9.865440060424557e-05,2,0.9948362033576436
0.9989036497188126,0.0010422404179704309,2.2723721055763684e-05,1.7270899066183128e-05,1.411524309502089e-05,0,0.9989036497188126
0.00019938877143662413,0.9991474338418236,0.0003437609285259,0.00017094346601100616,0.0001384729922031772,1,0.9991474338418236
4.15531799933366e-06,7.775370164180004e-05,0.9999007247000492,9.298915688794304e-06,8.067364620736191e-06,2,0.9999007247000492
0.00012853176927895142,0.999425503539287,0.0002881996612060081,8.363641029699745e-05,7.412861993093159e-05,1,0.999425503539287
6.811615308695633e-05,0.9934513513864547,0.006236486581175468,0.00013067634606838736,0.0001133695332144555,1,0.9934513513864547
2.3193193220997477e-05,5.3738996694671064e-05,0.00021836211474797297,0.9996015937019493,0.00010311199338706558,3,0.9996015937019493
0.0023493157588193934,0.9970735971655129,0.0002610384513888487,0.0001663435974964664,0.0001497050267824514,1,0.9970735971655129
0.9987267987339936,0.0012356857198044017,1.592373664149517e-05,1.1372458197713163e-05,1.0219351362780171e-05,0,0.9987267987339936
3.993921467506236e-06,6.864335864439223e-05,0.9999109696075799,8.633848098999073e-06,7.759264209060371e-06,2,0.9999109696075799
0.996158418477162,0.003771744024653277,3.5804421722914705e-05,1.9572241523125266e-05,1.4460834938511483e-05,0,0.996158418477162
3.0547487645829394e-05,6.747334366682599e-05,0.9991106760644067,0.00064820993154953,0.00014309317273117534,2,0.9991106760644067
1.713156964503405e-05,3.122953367752333e-05,0.00019785921008792662,0.9996488673814634,0.00010491230512622282,3,0.9996488673814634
2.6609936327440284e-05,6.901716655891135e-05,0.0006710444997247611,0.9990961121459249,0.00013721625146402875,3,0.9990961121459249
7.991891345932748e-06,6.879156147948648e-05,0.9998795587277469,2.30015420637264e-05,2.065627736382782e-05,2,0.9998795587277469
0.00026271274148651933,0.994885644178136,0.0045185166577022175,0.00018822961634804486,0.00014489680632734006,1,0.994885644178136
6.138024068256511e-06,0.00010831160521375735,0.9998593589203543,1.3554604914912714e-05,1.2636845448924949e-05,2,0.9998593589203543
0.9997426595644715,0.0002047295279689665,2.562984732499174e-05,1.4846908091308887e-05,1.2134152143161826e-05,0,0.9997426595644715
1.4414754334558487e-05,2.811338239572362e-05,0.00015178820290309749,0.9997186600287968,8.702363156994886e-05,3,0.9997186600287968
0.99925983329242,0.0006911716514834179,2.4089259554706882e-05,1.4279287712521107e-05,1.062650882934985e-05,0,0.99925983329242
0.9995199572083725,0.0004313389691332383,2.071730014162022e-05,1.5128450634250223e-05,1.2858071718287279e-05,0,0.9995199572083725
8.06393085561355e-06,4.491281978039689e-05,0.9999130256620509,1.8331237691216598e-05,1.5666349621883767e-05,2,0.9999130256620509
0.9989286377603366,0.0007675014688783355,0.0002087006900404551,5.2788079380150683e-05,4.23720013645178e-05,0,0.9989286377603366
2.7950031507569718e-05,6.492522812691048e-05,0.9991661475323175,0.000572308594836231,0.0001686686132117913,2,0.9991661475323175
8.704451966907475e-06,7.428587187337951e-05,0.999867643690963,2.5846774140360285e-05,2.3519211056530464e-05,2,0.999867643690963
6.222427791755487e-05,0.0013572910988073927,0.9983375038274566,0.00013175631397035562,0.00011122448184823863,2,0.9983375038274566
7.306111581193881e-06,0.0007147648401268151,0.9992463921273552,1.49372235606914e-05,1.6599697376009324e-05,2,0.9992463921273552
2.644749803996094e-05,5.693869020031539e-05,0.998848379628636,0.0008848576582963734,0.00018337652482733555,2,0.998848379628636
0.0006496213305338253,0.9986337439818724,0.0004066613475651398,0.00017476590324850793,0.00013520743678001757,1,0.9986337439818724
1.8781004051182016e-05,4.324924365707033e-05,0.00018670702568606256,0.9996553056446638,9.595708194191102e-05,3,0.9996553056446638
0.9998381307247027,0.00013491884271063317,1.0946889471465794e-05,8.628987405540711e-06,7.374555709503807e-06,0,0.9998381307247027
0.9991760473971167,0.000658002875532884,7.015680666055378e-05,5.729284865445377e-05,3.850007203519563e-05,0,0.9991760473971167
0.9996330195821916,0.00028204745391532336,3.477366324724971e-05,2.595845184643511e-05,2.4200848799057257e-05,0,0.9996330195821916
0.000124999948579693,0.9993155916925424,0.00038082637952029596,9.562316972814148e-05,8.295880962950032e-05,1,0.9993155916925424
0.9992147058497164,0.0006212577952759232,7.061106814289101e-05,4.7539230032866975e-05,4.588605683214048e-05,0,0.9992147058497164
2.7890202834436884e-05,4.3771898124352515e-05,0.9991367893040148,0.0006338120103117071,0.00015773658471472413,2,0.9991367893040148
0.9986700444962449,0.0012419188738421183,4.9521521194750006e-05,2.2300916456058828e-05,1.6214192262409892e-05,0,0.9986700444962449
7.3309352294259595e-06,0.0005209770266252952,0.9994442216492989,1.5411271968446115e-05,1.2059116877706324e-05,2,0.9994442216492989
4.1964451544419685e-06,1.8303231792035958e-05,0.9999604248490871,9.273281126746752e-06,7.802192839714897e-06,2,0.9999604248490871
1.8828432647856248e-05,4.205859395317496e-05,0.00021072635426904723,0.9996495003689146,7.888625021514455e-05,3,0.9996495003689146
0.9995129014941677,0.00042400870572798047,2.1523245246781708e-05,1.3835446237135097e-05,2.7731108620505927e-05,0,0.9995129014941677
0.00017366447217587416,0.9992422306833062,0.0003581180125828999,0.00011695275291374864,0.0001090340790214663,1,0.9992422306833062
1.122100058069311e-05,7.570984510675235e-05,0.9998504345149358,3.229527350684816e-05,3.0339365869772313e-05,2,0.9998504345149358
0.9988841548691066,0.0010451899634156304,3.204755115254394e-05,1.998022174137551e-05,1.8627394584052203e-05,0,0.9988841548691066
5.402647131240597e-06,9.952267081191094e-05,0.9998713544496775,1.2712653713688055e-05,1.1007578665648515e-05,2,0.9998713544496775
0.9998677959057869,0.00010094032516047047,1.2264675452880271e-05,8.364101423816723e-06,1.0634992175931048e-05,0,0.9998677959057869
4.3389296903347517e-05,0.0003286270033716964,0.9995451615710417,4.501467827141919e-05,3.780745041182068e-05,2,0.9995451615710417
0.9996766600609467,0.0002857133012626879,1.9723584288517072e-05,1.0078613417270323e-05,7.824440084823896e-06,0,0.9996766600609467
0.00011346101940003497,0.9979421641891822,0.001620645100453256,0.00018551465813435332,0.0001382150328298655,1,0.9979421641891822
0.00013479683051383909,0.0010218372386272278,0.9986453964886757,0.0001140956058658433,8.387383631735164e-05,2,0.9986453964886757
1.6312879268603814e-05,3.502795138775238e-05,0.00016957486857955667,0.9996984718381952,8.061246256895591e-05,3,0.9996984718381952
0.9998163742441255,0.00014929064864990977,1.679696214652523e-05,9.968926750469748e-06,7.5692183274905705e-06,0,0.9998163742441255
0.9980717732056469,0.0018960483072682406,1.3485893260858575e-05,9.80107772565771e-06,8.891516098275241e-06,0,0.9980717732056469
0.9996256448042347,0.00028424143758070156,3.835801632450166e-05,2.7555071602448362e-05,2.4200670257649792e-05,0,0.9996256448042347
1.1243817384986861e-05,8.446592645029625e-05,0.9998384467071931,2.8397889507889024e-05,3.744565946378444e-05,2,0.9998384467071931
0.999461639568653,0.0003958774872902814,7.04901366161371e-05,3.975795192472816e-05,3.2234855516114355e-05,0,0.999461639568653
0.00010927390883481982,0.9990735431771655,0.0006632584089100007,8.430776733803848e-05,6.961673775186343e-05,1,0.9990735431771655
0.00010271222219769201,0.9995492566743566,0.0002002857671269855,7.646119760468436e-05,7.128413871414776e-05,1,0.9995492566743566
2.1474265567367638e-05,4.99321988074231e-05,0.00021693822998464097,0.9996211733146886,9.048199095199844e-05,3,0.9996211733146886
9.83215954156155e-05,0.9997049577678018,0.00010125003722479782,5.161498298422301e-05,4.385561657336996e-05,1,0.9997049577678018
0.0001270681482369438,0.9990208730921162,0.0006900031089358208,9.823564113585186e-05,6.382000957520332e-05,1,0.9990208730921162
8.108857203121632e-06,0.00025792093145107656,0.9997021249229122,1.7352241205200513e-05,1.4493047228616075e-05,2,0.9997021249229122
6.578133477996231e-05,0.9996243836988404,0.00020970528011825896,5.265840311596673e-05,4.747128314533315e-05,1,0.9996243836988404
0.9990117010441774,0.0009378134026559792,2.6581393282539715e-05,1.3515056552339397e-05,1.0389103331803272e-05,0,0.9990117010441774
0.0010229602103976824,0.9987611544025558,8.946812997920728e-05,6.628429280880339e-05,6.0132964258552e-05,1,0.9987611544025558
1.6540080259917196e-05,3.394319189569721e-05,0.00023370595969393572,0.999646627618806,6.918314934453094e-05,3,0.999646627618806
0.9954361520990782,0.004418485418290625,7.821278553390831e-05,3.886666775467976e-05,2.8283029342757706e-05,0,0.9954361520990782
0.9975725408899353,0.002251943325603364,9.237615868539275e-05,4.8281090471674525e-05,3.4858535304228e-05,0,0.9975725408899353
0.9999106182464167,6.431045971497807e-05,1.113863953449616e-05,7.365706147379604e-06,6.566948186543141e-06,0,0.9999106182464167
8.719101760175436e-06,5.615485053541967e-05,0.9998852418344671,2.4189694566703365e-05,2.5694518670586513e-05,2,0.9998852418344671
0.00011924170390124584,0.9995182511727264,0.00021391807164847094,7.729193787690703e-05,7.129711384710609e-05,1,0.9995182511727264
6.318492499995502e-06,0.0001061728907116452,0.9998596722258275,1.4600507728693848e-05,1.3235883232185356e-05,2,0.9998596722258275
1.5184623094386018e-05,4.245245857446051e-05,0.00015944613034833544,0.9997164548375815,6.64619504011712e-05,3,0.9997164548375815
8.349679960816613e-05,0.9995204067514138,0.00031269759084188927,4.777180738825824e-05,3.562705074793597e-05,1,0.9995204067514138
9.88869460213853e-05,0.01307213038368777,0.9864842807329703,0.0001807373824994494,0.00016396455482105087,2,0.9864842807329703
0.9988535275390212,0.0009848183138194404,8.314438180190462e-05,3.807815444926192e-05,4.04316109082792e-05,0,0.9988535275390212
0.0003173249149494962,0.0005259143476550422,0.909028936121641,0.0886413204010268,0.001486504214727617,2,0.909028936121641
1.4741773919427562e-05,3.4857601635549535e-05,0.00016379335020707975,0.9997219904585194,6.461681571851054e-05,3,0.9997219904585194
8.318630304868573e-05,0.00943273636925868,0.99024682231344,0.00013673703525829498,0.00010051797899438243,2,0.99024682231344
4.672218482948481e-05,0.0005265030592681842,0.9993344188316586,4.7980374209650176e-05,4.437555003402911e-05,2,0.9993344188316586
1.3720264475486696e-05,0.00010937941770887824,0.9998189390330221,3.0279044125148538e-05,2.7682240668431222e-05,2,0.9998189390330221
0.999910233270772,6.281661614867191e-05,1.1242061698540843e-05,8.363062048331799e-06,7.344989332488613e-06,0,0.999910233270772
1.7341994330849322e-05,4.0384504324716156e-05,0.00012977113535086522,0.9997227932384448,8.970912754864284e-05,3,0.9997227932384448
3.7537463702592577e-06,9.199388273754804e-05,0.9998869935289425,9.525475136701811e-06,7.733366812962409e-06,2,0.9998869935289425
0.9993079539354018,0.0006512598780413453,1.6884600375434134e-05,1.2200504015640149e-05,1.1701082165841043e-05,0,0.9993079539354018
0.9988881114305806,0.001065086237349854,1.781530144780709e-05,1.55213407256087e-05,1.3465689896195086e-05,0,0.9988881114305806
0.9979544439623106,0.0019730984905052622,3.130498062503184e-05,2.2035475645450115e-05,1.9117090913881343e-05,0,0.9979544439623106
9.310247851002653e-06,7.188601625394048e-05,0.9998622452731284,2.677780820277745e-05,2.978065456384163e-05,2,0.9998622452731284
5.991091526569092e-06,9.70899373679668e-05,0.9998684763982488,1.6803269872580922e-05,1.1639302984176624e-05,2,0.9998684763982488
1.9401175714299586e-05,4.7255491631146696e-05,0.00020756054143502016,0.9996370795050759,8.870328614354452e-05,3,0.9996370795050759
0.9990005162034993,0.0009558971718514588,2.327507898418311e-05,1.148838149352667e-05,8.8231641717651e-06,0,0.9990005162034993
1.131712430558595e-05,8.678733484102278e-05,0.9998353606616589,3.03103557545448e-05,3.622452343991351e-05,2,0.9998353606616589
0.00011761294940555702,0.9972546072954461,0.002470422806984293,9.21382752733041e-05,6.521867289064693e-05,1,0.9972546072954461
6.025032023587914e-06,0.00012988430517130474,0.9998398495705985,1.3546677401310613e-05,1.0694414805337783e-05,2,0.9998398495705985
5.001516358745535e-05,0.9995711432799966,0.00025917619988786013,6.869905989219453e-05,5.096629663576161e-05,1,0.9995711432799966
8.270343572877306e-05,0.9793722702827617,0.020280566028146946,0.00014971670364564754,0.00011474354971691177,1,0.9793722702827617
7.177791875785608e-05,0.9997241038319115,0.0001207586808308301,4.447388442144454e-05,3.888568407826418e-05,1,0.9997241038319115
2.0427682722661963e-05,4.062795965743411e-05,0.0008790711795359576,0.9989548855050441,0.00010498767303992475,3,0.9989548855050441
1.869143764272428e-05,3.6116069150486746e-05,0.00026700925008713776,0.9995637184363417,0.00011446480677791719,3,0.9995637184363417
0.00011499453398946257,0.9994966318025554,0.00021286316172429453,9.564824522650415e-05,7.986225650420933e-05,1,0.9994966318025554
1.69441365819905e-05,4.1975328914768384e-05,0.00018768766256431157,0.9996376670347037,0.00011572583723516117,3,0.9996376670347037
0.9996636540402497,0.0003031338306797436,1.1424116559715496e-05,1.1424096950824757e-05,1.0363915560081834e-05,0,0.9996636540402497
2.7064511667339683e-05,5.8334427227388646e-05,0.00024373553072827868,0.9995147116650535,0.00015615386532355206,3,0.9995147116650535
0.004180761700908685,0.9930585582663927,0.0013391111029315728,0.0007645545704486535,0.0006570143593183316,1,0.9930585582663927
1.87540646815129e-05,3.8073770669539686e-05,0.00022848044673554605,0.9996000443678261,0.00011464735008727394,3,0.9996000443678261
0.998849975927933,0.0008915347939520373,0.0001151146251358615,7.73065105605911e-05,6.60681424184671e-05,0,0.998849975927933
0.00010941684874534828,0.9994799534033524,0.00025596725673875825,8.270537618428645e-05,7.195711497919628e-05,1,0.9994799534033524
0.9997644316311123,0.00019666913687611004,1.554471054333977e-05,1.2266577001488793e-05,1.1087944466791553e-05,0,0.9997644316311123
0.002181954438226166,0.9974873392411069,0.0001446401804387853,9.755995982503532e-05,8.850618040305097e-05,1,0.9974873392411069
5.165708885588032e-06,2.2642207201153893e-05,0.9999500255234398,1.1524306649800125e-05,1.064225382347086e-05,2,0.9999500255234398
0.00013935939038373825,0.9991470979118885,0.0005155310403732998,0.0001038233464331037,9.418831092116459e-05,1,0.9991470979118885
1.9419408003347746e-05,4.0567326252491026e-05,0.00020109099783792903,0.9996064802438245,0.0001324420240817121,3,0.9996064802438245
0.9999356553690812,4.267943592029377e-05,8.694662920337367e-06,6.712512496023185e-06,6.258019582178923e-06,0,0.9999356553690812
0.9993500819148591,0.00043261943317192967,0.0001435829419214602,3.9471675019280694e-05,3.4244035028242045e-05,0,0.9993500819148591
0.9996798886024593,0.00023631142589702704,3.363831921762328e-05,2.595966894029043e-05,2.4201983485537832e-05,0,0.9996798886024593
5.516801182127003e-05,0.9997720572697905,9.272150824030132e-05,4.1096033020066405e-05,3.8957177127935786e-05,1,0.9997720572697905
0.00010417493406240297,0.9935208686505984,0.006027213696030235,0.00018434980621430093,0.00016339291309459033,1,0.9935208686505984
0.9999001869213006,7.53727918695882e-05,1.0634765570751862e-05,7.23864158059592e-06,6.566879678448213e-06,0,0.9999001869213006
2.3885278241762742e-05,5.18608162712335e-05,0.9989968370936331,0.0008182210628943473,0.00010919574895957803,2,0.9989968370936331
0.0010159953142077373,0.996239084776594,0.0018504694030084985,0.0005150366309970964,0.0003794138751928584,1,0.996239084776594
0.9994962649147392,0.0004495971926623815,2.7486267482780504e-05,1.5992068979269168e-05,1.065955613662142e-05,0,0.9994962649147392
0.0014375134750363098,0.9981310525396674,0.00018823818025855512,0.00012585874430234454,0.00011733706073532822,1,0.9981310525396674
7.457145533782005e-05,0.0005449961125316216,0.9992365199604195,7.556516158336336e-05,6.834731012777166e-05,2,0.9992365199604195
3.171150697941038e-05,6.770638026253774e-05,0.0017954966957842962,0.9979717134743664,0.0001333719426073796,3,0.9979717134743664
6.401298839424131e-05,0.9997431085375484,9.935074168323947e-05,4.16868580216055e-05,5.184087435250093e-05,1,0.9997431085375484
0.9993727472428163,0.0005756480568708863,2.373466451028856e-05,1.518615806051811e-05,1.2683877741761393e-05,0,0.9993727472428163
0.0003396909642201989,0.9973375996165539,0.0018139523199811381,0.00025749817687162883,0.0002512589223732324,1,0.9973375996165539
7.118653191536339e-06,0.00017718243396403185,0.9997858035243663,1.654668464962186e-05,1.3348703828450255e-05,2,0.9997858035243663
0.00225153239560826,0.9971485917085857,0.00031759835786681007,0.00015264405003706172,0.00012963348790226195,1,0.9971485917085857
0.000526364457834254,0.999247722524509,0.00014137891591999257,4.6577358064604454e-05,3.795674367219412e-05,1,0.999247722524509
0.9983776972079332,0.001245092715696284,0.00019408022682722195,9.805836371701626e-05,8.507148582616168e-05,0,0.9983776972079332
0.00012096690484725472,0.9991695397663991,0.0005440129038300055,8.860783611015645e-05,7.687258881339014e-05,1,0.9991695397663991
5.217967657551402e-06,0.00010221263332155399,0.9998703039045583,1.1522843389076453e-05,1.0742651073490427e-05,2,0.9998703039045583
6.571796946860025e-06,5.293595809288908e-05,0.9999085513155923,1.649621561229044e-05,1.544471375542155e-05,2,0.9999085513155923
0.999536992002785,0.00042129342459176495,1.945318945300926e-05,1.3211464066328855e-05,9.04991910365374e-06,0,0.999536992002785
0.9993712571606412,0.0005866617792877094,1.6962119853662935e-05,1.2993593494298853e-05,1.2125346723138161e-05,0,0.9993712571606412
1.779548536010686e-05,3.195142975352264e-05,0.00020887564178999717,0.9996386097885218,0.00010276765457456218,3,0.9996386097885218
9.854392365464156e-06,6.141619381994906e-05,0.9998731258833127,3.158482097462253e-05,2.401870952726255e-05,2,0.9998731258833127
2.0107505448668345e-05,4.256790313027374e-05,0.00023196355022532568,0.9996111815558334,9.417948536220909e-05,3,0.9996111815558334
4.147294975469548e-06,5.6949249894183654e-05,0.999920643228794,9.721855509981168e-06,8.538370826394987e-06,2,0.999920643228794
1.5056713318641282e-05,3.588674819770483e-05,0.00019363822998452566,0.9996517076416876,0.00010371066681135683,3,0.9996517076416876
1.7836443464651025e-05,3.2701310331254276e-05,0.00017494339800698373,0.9996652899545287,0.00010922889366839271,3,0.9996652899545287
1.9995295241526798e-05,3.494184475364967e-05,0.00023207639767173352,0.9996198077463663,9.317871596678238e-05,3,0.9996198077463663
3.0174770532119947e-05,6.996951983098495e-05,0.00107594101017928,0.9986636653948138,0.00016024930464398514,3,0.9986636653948138
4.7478357840343945e-06,9.389254083377553e-05,0.9998808790463422,1.0705824391157619e-05,9.774752648821107e-06,2,0.9998808790463422
0.9998914622110558,8.369796762899682e-05,1.1034420517187959e-05,7.238578419241234e-06,6.566822378606533e-06,0,0.9998914622110558
5.572164631911876e-05,0.0069947474172979765,0.9927553833082488,9.910216412802271e-05,9.504546400608806e-05,2,0.9927553833082488
0.0002374211186629052,0.9992441524626096,0.00032965566862305063,0.00010050269494037512,8.826805516415622e-05,1,0.9992441524626096
2.8968853771171546e-05,5.350614419757837e-05,0.0011112024416037342,0.9986565294794338,0.00014979308099356906,3,0.9986565294794338
0.9998333184157007,0.000137188996170863,1.3579374362709069e-05,8.343766865808556e-06,7.569446900046274e-06,0,0.9998333184157007
0.00014205353717316695,0.00016488179290474406,0.00980974025990783,0.9895861011194708,0.0002972232905434146,3,0.9895861011194708
6.744434411505266e-05,0.9996741207974719,0.0001780598628541225,4.260941792030608e-05,3.776557763869e-05,1,0.9996741207974719
0.9996093021567656,0.0002930009880369726,4.5845582351662626e-05,2.7187150168741732e-05,2.46641226769143e-05,0,0.9996093021567656
1.7710671355722135e-05,5.146492300782677e-05,0.00017162939458563095,0.99964573659239,0.00011345841866087483,3,0.99964573659239
0.9984494417425985,0.0015233793069882404,1.246304529678257e-05,7.998245696072803e-06,6.7176594201680054e-06,0,0.9984494417425985
0.9998596276851962,0.00011234118165938856,1.2541778889261067e-05,7.951598852126288e-06,7.537755402846766e-06,0,0.9998596276851962
6.384667481034114e-06,5.1745341005668574e-05,0.9999064893772928,1.6108817220549965e-05,1.9271797000010296e-05,2,0.9999064893772928
0.0002904147051615214,0.996984422152459,0.0022796139236875702,0.0002093999324959275,0.00023614928619603438,1,0.996984422152459
0.9994386740305192,0.000453063061624824,4.549491635801041e-05,3.5539489945492996e-05,2.722850155257654e-05,0,0.9994386740305192
0.9985517326894241,0.001222833393237516,0.00013785975973280956,4.6892293201384515e-05,4.068186440424515e-05,0,0.9985517326894241
0.9992191294288563,0.0007233530752859608,2.47300102802932e-05,1.808397975708035e-05,1.4703505820514549e-05,0,0.9992191294288563
7.94152329079962e-05,0.9997065526935575,0.00010152959968384888,6.024036238466373e-05,5.226211146617854e-05,1,0.9997065526935575
0.9990967303519721,0.0006800285430506455,9.791515755444466e-05,6.485871073592668e-05,6.0467236686825455e-05,0,0.9990967303519721
0.9956759803157136,0.0042598641173530755,2.6371791178618614e-05,2.0231629277273942e-05,1.755214647746665e-05,0,0.9956759803157136
0.00044661772639310746,0.9994055481949161,6.94599262239762e-05,4.109387745998084e-05,3.728027500684371e-05,1,0.9994055481949161
1.4912669316649876e-05,2.792878499110827e-05,0.00013279791525319166,0.9997602443040428,6.411632639613537e-05,3,0.9997602443040428
1.8432895129594964e-05,4.664343176780621e-05,0.00020181431314807984,0.9996410508152418,9.205854471263343e-05,3,0.9996410508152418
5.399623679587623e-05,0.9997236612742385,0.00015076897566657243,3.899983098758527e-05,3.2573682311522855e-05,1,0.9997236612742385
1.621654406160002e-05,3.633445561147545e-05,0.00015663377107364606,0.9997150396890971,7.577554015621072e-05,3,0.9997150396890971
0.9998459347826618,0.00012937154119072549,9.919096250833243e-06,7.74674757797384e-06,7.027832318736864e-06,0,0.9998459347826618
7.710953557564612e-06,4.8641690976459844e-05,0.9998978581272653,2.112423024018512e-05,2.4664997960384848e-05,2,0.9998978581272653
7.77325959770441e-06,6.508431890498749e-05,0.9997334704763664,1.872114214848166e-05,0.00017495080298245413,2,0.9997334704763664
0.9999178825499734,5.313452826383005e-05,1.3690778138627697e-05,8.785522827103891e-06,6.5066207972033765e-06,0,0.9999178825499734
2.2065457662226983e-05,4.183585050724624e-05,0.00025558558314647595,0.9995437608109105,0.00013675229777374714,3,0.9995437608109105
0.9998242661709229,0.0001493446086504583,1.0885940507459849e-05,8.128826471154144e-06,7.374453448026579e-06,0,0.9998242661709229
7.4877791562817756e-06,0.00020608950033047368,0.9997523913025315,1.9656573624003623e-05,1.4374844357903682e-05,2,0.9997523913025315
0.00012718742587278253,0.9993723540244224,0.0003103140891631149,0.00010181439408753462,8.833006645422852e-05,1,0.9993723540244224
0.9995935228875681,0.00033148081430908646,3.157620631505212e-05,2.2766433522933604e-05,2.065365828489984e-05,0,0.9995935228875681
0.00014517856344062487,0.9994568390187876,0.00020883627115056107,9.788695368191079e-05,9.125919293918034e-05,1,0.9994568390187876
5.1845782869577666e-05,0.9997785550883993,9.956453158664793e-05,4.02264543705907e-05,2.9808142773803573e-05,1,0.9997785550883993
0.0008126991572205134,0.9989495447902588,0.00010206137882458671,7.101323646575744e-05,6.468143723052449e-05,1,0.9989495447902588
6.321711212709435e-05,0.00020433035855633747,0.9996217517399466,5.9275635811869175e-05,5.142515355812628e-05,2,0.9996217517399466
0.9998308535419737,0.00013522764687030068,1.5503517359918412e-05,9.598294568591269e-06,8.816999227704929e-06,0,0.9998308535419737
8.286313456143052e-06,1.536709734043445e-05,0.00010342723544965966,8.16067247224268e-05,0.9997913126290314,4,0.9997913126290314
3.107615853542661e-05,6.714255611848078e-05,0.0009330163416143555,0.9987894952518603,0.00017926969187143896,3,0.9987894952518603
0.0004088467324846133,0.9979169563287645,0.001064319455866014,0.0003261304606933755,0.0002837470221914264,1,0.9979169563287645
0.0008843729100923132,0.9988977292206142,0.00010474136541725298,6.059056806822621e-05,5.2565935808295806e-05,1,0.9988977292206142
0.9997376133875102,0.00021749353903817458,1.8183630934093008e-05,1.4483353016423261e-05,1.2226089501001216e-05,0,0.9997376133875102
1.959654003300838e-05,3.7829647303274376e-05,0.00022114593903422317,0.9996301073697004,9.132050392910012e-05,3,0.9996301073697004
6.847540595012623e-05,0.9994983676871083,0.0003364329512359019,5.2711812360866344e-05,4.401214334456765e-05,1,0.9994983676871083
0.9997101402421166,0.00025189120905953045,1.939432195616645e-05,1.0547895932545737e-05,8.026330935205315e-06,0,0.9997101402421166
0.9930832507415924,0.006868425937626553,1.8556389509769785e-05,1.5607679158473968e-05,1.4159252112754118e-05,0,0.9930832507415924
0.9995844999585959,0.0003236879830963712,4.175305112331155e-05,2.6537919448181667e-05,2.3521087736145416e-05,0,0.9995844999585959
8.416477695260964e-06,7.253008976633919e-05,0.9997488329308051,2.785443778949718e-05,0.00014236606394391746,2,0.9997488329308051
8.341899565797708e-06,6.859009741567089e-05,0.9998667626063131,2.548716248999978e-05,3.081823421574357e-05,2,0.9998667626063131
7.668250882918183e-06,0.00019075850781018352,0.9997701813882118,1.7413978845982426e-05,1.397787424903174e-05,2,0.9997701813882118
1.3923333389122641e-05,3.0004620866962046e-05,0.00013633650033753825,0.9997380264376756,8.170910773072216e-05,3,0.9997380264376756
6.43981554309079e-06,3.720413993969101e-05,0.9999297441394335,1.5282138763597696e-05,1.1329766320207926e-05,2,0.9999297441394335
6.202776233890845e-06,3.1672305182013386e-05,0.9999344773145701,1.4868812070250467e-05,1.2778791943817562e-05,2,0.9999344773145701
0.0026292152519461673,0.9969192309528347,0.00019550028723035038,0.00013425639894395849,0.00012179710904461408,1,0.9969192309528347
5.231329288704047e-06,0.00013527952842332648,0.9998357803357769,1.4576637182126198e-05,9.132169329028e-06,2,0.9998357803357769
1.666290906973093e-05,3.093630372154295e-05,0.0001260130295565038,0.999753828637184,7.255912046814502e-05,3,0.999753828637184
1.3987038695613064e-05,3.0103467177119062e-05,0.00011706306520519232,0.999769755047336,6.909138158612346e-05,3,0.999769755047336
1.6830097976380033e-05,3.597112890415215e-05,0.0001950137690664216,0.9996673427869386,8.484221711460104e-05,3,0.9996673427869386
6.673433021872094e-05,0.9810177194693565,0.018648030117890273,0.00015652145618585468,0.00011099462634860386,1,0.9810177194693565
7.540529183717971e-06,6.439098967835523e-05,0.9997389678966097,1.9502479522941202e-05,0.00016959810500545065,2,0.9997389678966097
0.999710525999906,0.00023608031187905668,2.7523877200224643e-05,1.2358347322088437e-05,1.3511463692849181e-05,0,0.999710525999906
6.641459516275619e-06,4.92500792988132e-05,0.9999020531956998,1.8600348743132474e-05,2.3454916742030266e-05,2,0.9999020531956998
1.3968989259238234e-05,2.7968494052192878e-05,0.00015436499837747218,0.9997164898937109,8.720762460030825e-05,3,0.9997164898937109
2.6244213341071407e-05,6.067236608281374e-05,0.00030576167378161285,0.9994871228523639,0.00012019889443066883,3,0.9994871228523639
0.00014038921726696477,0.0009272699001735156,0.9986357508188436,0.00015359702031933655,0.00014299304339647156,2,0.9986357508188436
7.511039952650704e-05,0.00972652070463567,0.9899488258825727,0.0001440217983730584,0.0001055212148922256,2,0.9899488258825727
4.3499852863096245e-06,0.00011697074663230203,0.9998594007789275,1.0322823428741601e-05,8.955665725143755e-06,2,0.9998594007789275
0.00023902632247873985,0.998628818972103,0.000701787169914802,0.00016372942657965622,0.00026663810892361327,1,0.998628818972103
4.120467482602031e-06,0.00011954087590691713,0.9998582383770497,9.611403824187614e-06,8.4888757366003e-06,2,0.9998582383770497
0.9983586424020864,0.0016052584269247807,1.444253982939385e-05,1.1677089015675895e-05,9.979542143686884e-06,0,0.9983586424020864
2.734975920851296e-05,0.0009356300061001487,0.9989234139206228,6.375250766665494e-05,4.98538064018596e-05,2,0.9989234139206228
6.320322181280605e-06,0.00021623121032003962,0.9997517060234312,1.3471820359420896e-05,1.2270623708003516e-05,2,0.9997517060234312
4.2376402956466225e-06,7.230593956897502e-05,0.9999045108334661,1.0215314670311517e-05,8.730271999000921e-06,2,0.9999045108334661
0.9998045947606284,0.00016178083051638403,1.700610249833533e-05,9.369558429205571e-06,7.248747927518354e-06,0,0.9998045947606284
0.9994893703394302,0.00046822743677886247,1.883483714671976e-05,1.2196598905478245e-05,1.1370787738821252e-05,0,0.9994893703394302
0.9994895509054861,0.00042618389438957717,3.360039797867294e-05,2.648404258956859e-05,2.4180759556236662e-05,0,0.9994895509054861
0.9997035660598131,0.00026425791937991416,1.3980778840714103e-05,9.540301492049813e-06,8.654940474239319e-06,0,0.9997035660598131
0.9998760732232195,9.554285474198353e-05,1.3426411696965834e-05,7.929466182409624e-06,7.028044159280711e-06,0,0.9998760732232195
1.7533818715161675e-05,3.826137309646366e-05,0.00019380689370945823,0.9996736837741579,7.671414032115561e-05,3,0.9996736837741579
1.669582482788253e-05,3.2427305808340923e-05,0.00018359731685156611,0.9996709659953195,9.631355719279005e-05,3,0.9996709659953195
2.0312799811529467e-05,4.1540883676524484e-05,0.0001756391894801623,0.9996658934113763,9.661371565554327e-05,3,0.9996658934113763
6.509317929351756e-06,0.0002772958996368351,0.9996920356810717,1.3373288135802202e-05,1.0785813226219901e-05,2,0.9996920356810717
7.300053739255156e-05,0.9843120792364081,0.015373528587008715,0.00012689413007894708,0.00011449750911188062,1,0.9843120792364081
8.286341026082373e-06,1.4766274939510226e-05,9.004164167955698e-05,9.22666417906649e-05,0.9997946391005642,4,0.9997946391005642
7.792029343312115e-06,1.655903196121963e-05,7.941000800601225e-05,9.036712895383306e-05,0.9998058718017355,4,0.9998058718017355
5.865917552849641e-06,0.00046502235517092153,0.9995022464835783,1.4433384409899468e-05,1.2431859287860147e-05,2,0.9995022464835783
0.9995762960448126,0.0003224994902980886,4.510553524842413e-05,2.9032329896564882e-05,2.7066599744375962e-05,0,0.9995762960448126
0.00020640282611470288,0.7365084971482527,0.26255122402822395,0.0004135779094615725,0.0003202980879472387,1,0.7365084971482527
0.9999110417251161,6.565098834376787e-05,9.37462630547659e-06,7.36570926687809e-06,6.566950967754409e-06,0,0.9999110417251161
0.9996887156714319,0.00022994881202712924,3.7806674326140374e-05,2.252705560126113e-05,2.1001786613439568e-05,0,0.9996887156714319
1.9899599583226368e-05,4.03916334643184e-05,0.00021634176456324222,0.999633987963521,8.937903886830777e-05,3,0.999633987963521
6.321013185699332e-06,0.00023696682369098328,0.9997309851259509,1.4692640452581989e-05,1.1034396719676785e-05,2,0.9997309851259509
6.983305083254461e-06,0.00024202010360445904,0.9997239555510167,1.4551263744189488e-05,1.2489776551520351e-05,2,0.9997239555510167
2.7982771052355e-05,5.9437027670319886e-05,0.0002842883243664501,0.9994028872208419,0.00022540465606901299,3,0.9994028872208419
1.6209218999333035e-05,4.091546038745224e-05,0.0002070185569383591,0.9996338314338358,0.0001020253298390125,3,0.9996338314338358
2.6259701729117177e-05,6.505344223860727e-05,0.9990958141741259,0.0006686584310233445,0.00014421425088307645,2,0.9990958141741259
0.00797641339165905,0.991185637246684,0.0003533145491852056,0.00023300996994457985,0.0002516248425272895,1,0.991185637246684
0.9999394231800034,3.599313565242976e-05,1.0598864614602615e-05,7.307350918592492e-06,6.677468810797459e-06,0,0.9999394231800034
5.920591615405883e-06,0.00010666577382697642,0.999858332674466,1.3026422494993305e-05,1.605453759652602e-05,2,0.999858332674466
0.9994978125964863,0.0004632201578071279,1.7490291753159663e-05,1.1114757738688144e-05,1.0362196215067559e-05,0,0.9994978125964863
0.00010497545081977691,0.0002357887831217512,0.9534194756065281,0.04556798740370137,0.0006717727558290021,2,0.9534194756065281
0.9996231601672843,0.0002746386849365072,4.839325286132356e-05,2.7555003112459705e-05,2.6252891805271756e-05,0,0.9996231601672843
0.9993992097208695,0.00045332429276519887,6.56251122763242e-05,3.874295512829125e-05,4.3097918960745964e-05,0,0.9993992097208695
0.999847446432559,0.00012438092834898094,1.1572678479668705e-05,8.378111022123473e-06,8.221849590231688e-06,0,0.999847446432559
5.238901031275092e-06,6.196756001191053e-05,0.9999104387200777,1.1569070579977898e-05,1.0785748299165876e-05,2,0.9999104387200777
7.643050991486564e-06,1.8368012143964952e-05,7.783971844474427e-05,6.950382828607099e-05,0.9998266453901337,4,0.9998266453901337
0.0018551759111689933,0.9943364969406278,0.002360321994877075,0.0007592317678637007,0.0006887733854624698,1,0.9943364969406278
2.2002056197805175e-05,4.549084875861756e-05,0.00025157668327647776,0.999589670161957,9.126024981017319e-05,3,0.999589670161957
0.9996204111795063,0.0003430031575886204,1.5274818273739782e-05,1.1173903771641262e-05,1.013694085968077e-05,0,0.9996204111795063
0.00026812101803312167,0.0027531912259505164,0.9964944635312437,0.00025059582290583684,0.00023362840186682193,2,0.9964944635312437
0.9993633436725391,0.00044414482084692195,8.333242669953718e-05,5.812760587346901e-05,5.105147404100588e-05,0,0.9993633436725391
0.0008778994878327584,0.9981490193371463,0.0006044892647513364,0.0001947671727216532,0.0001738247375477872,1,0.9981490193371463
2.0044597222010286e-05,5.026019048068842e-05,0.0002096419454567463,0.9996039429248972,0.00011611034194326881,3,0.9996039429248972
0.9993945032846886,0.0005127828933351311,3.933873799531458e-05,2.7986129246616826e-05,2.538895473436382e-05,0,0.9993945032846886
2.5262776557356362e-05,4.7650013632384094e-05,0.00027826785053476573,0.9994820931309563,0.00016672622831910195,3,0.9994820931309563
0.9998181699554477,0.0001514220169216963,1.4643643424085584e-05,8.381185179773398e-06,7.3831990266634576e-06,0,0.9998181699554477
8.13329696369783e-06,1.3468205938560808e-05,0.00010874582983878932,6.793572034542009e-05,0.9998017169469134,4,0.9998017169469134
3.130093694016504e-05,6.139976567362449e-05,0.9988551901370667,0.0008399891782160805,0.00021211998210343385,2,0.9988551901370667
1.764282812924895e-05,2.807592537571511e-05,0.00011634103178096054,0.9997102676843478,0.00012767253036624458,3,0.9997102676843478
2.693897351106374e-05,5.789504849631642e-05,0.00018861720017417918,0.0033727448596302125,0.9963538039181882,4,0.9963538039181882
0.0001301649091251931,0.9991984644119956,0.000507530476874931,8.747736669550696e-05,7.636283530879056e-05,1,0.9991984644119956
0.998302196190448,0.0015899487213613137,5.110056371497019e-05,2.9758069474463348e-05,2.6996455001383847e-05,0,0.998302196190448
0.0001306661015686822,0.9992777321604376,0.0004288008745656449,8.958467293358042e-05,7.321619049475953e-05,1,0.9992777321604376
0.9997485032906056,0.00021955313579627913,1.3573841471941617e-05,8.830138447643215e-06,9.539593678619753e-06,0,0.9997485032906056
6.0796226778387746e-06,0.00013601235726219785,0.9998326542868152,1.417164913315372e-05,1.1082084111475036e-05,2,0.9998326542868152
0.00019414290148221186,0.9985888403148457,0.0006114054517617547,0.0003283926884936266,0.0002772186434167521,1,0.9985888403148457
0.00020252296513382874,0.004556245432180589,0.9947824987245764,0.0002627471892939463,0.00019598568881534688,2,0.9947824987245764
3.953310009387062e-05,9.952390886283916e-05,0.00040143595846046687,0.0005435968422056212,0.9989159101903773,4,0.9989159101903773
2.587981675549748e-05,5.895778138289721e-05,0.9992363023455771,0.0005582338063410561,0.00012062624994367517,2,0.9992363023455771
8.835462428758798e-05,0.9996405974484582,0.00013933655918423578,6.763814338230957e-05,6.407322468755965e-05,1,0.9996405974484582
0.9998129587095802,0.00016051681523077726,1.2890850095922663e-05,7.598483919568581e-06,6.035141173388004e-06,0,0.9998129587095802
6.179000097672658e-06,0.00016520840895555418,0.9997970552102949,1.6176532244299512e-05,1.5380848407665636e-05,2,0.9997970552102949
0.006816360919938257,0.9920516929731463,0.0004992929556614797,0.00022381222188929263,0.0004088409293646226,1,0.9920516929731463
4.175913810428948e-06,9.316994185631003e-05,0.9998848231284937,9.227911077112921e-06,8.603104762544785e-06,2,0.9998848231284937
0.9998179732815986,0.0001542560871000985,1.2252010794390264e-05,8.69381427674349e-06,6.824806230085077e-06,0,0.9998179732815986
1.9558029035015404e-05,3.7381083980764305e-05,0.00027322671356258787,0.9995442683116028,0.00012556586181874217,3,0.9995442683116028
1.647076463635959e-05,3.4290890451642345e-05,0.00012424887357259396,0.9996895233059669,0.00013546616537255622,3,0.9996895233059669
5.875994450675441e-06,3.615122720384258e-05,0.9999273510694872,1.4830645721555406e-05,1.5791063136844076e-05,2,0.9999273510694872
6.719085433923807e-06,4.479187909118816e-05,0.9999153512016169,1.7357641512320038e-05,1.5780192345734502e-05,2,0.9999153512016169
6.54924488226626e-06,0.00032225840189833575,0.9996411751683063,1.704599021752722e-05,1.2971194695855961e-05,2,0.9996411751683063
5.91340115974152e-05,0.9952247484363534,0.004502458473467792,0.00011530554000189496,9.835353857957559e-05,1,0.9952247484363534
0.00012062437805337982,0.9995291335434695,0.0001893371781314046,8.530095829639795e-05,7.56039420492074e-05,1,0.9995291335434695
2.0070184673770104e-05,5.107324714231069e-05,0.0001469251466292885,0.9996131352643844,0.00016879615717009644,3,0.9996131352643844
7.684108557414334e-06,6.499089747854724e-05,0.9998823574320276,1.9394213636107934e-05,2.557334830054298e-05,2,0.9998823574320276
0.9991650994334588,0.000610637841268222,0.0001435384410816317,4.235484781704799e-05,3.836943637424704e-05,0,0.9991650994334588
0.00021846849303560308,0.0016510869300130962,0.9977351903296628,0.00017148139668687632,0.0002237728506016527,2,0.9977351903296628
1.6194382757945047e-05,0.003278807631910908,0.9966475124848349,3.0651723188515564e-05,2.683377730767962e-05,2,0.9966475124848349
0.0003324879931752233,0.9994451968622498,9.287422131227163e-05,6.69882939003781e-05,6.245262936250556e-05,1,0.9994451968622498
0.9992166579375548,0.0006075026434270737,8.325513055121688e-05,3.9911321629974354e-05,5.2672966837009555e-05,0,0.9992166579375548
8.788705448686772e-06,0.00029784068882345797,0.9996572411501348,1.9345810124775862e-05,1.6783645468274277e-05,2,0.9996572411501348
7.569206763422777e-06,0.00015975166521773522,0.9998094298926274,1.3293708048630172e-05,9.955527342853643e-06,2,0.9998094298926274
2.9089372968058787e-05,8.092366463424689e-05,0.0004566434787031332,0.9992280953713515,0.00020524811234309899,3,0.9992280953713515
6.748739705997141e-06,0.0002130081555005092,0.9997555545099951,1.3498502010528836e-05,1.119009278795672e-05,2,0.9997555545099951
6.059577355326015e-06,4.388139436087773e-05,0.9999180359226395,1.5727671889911824e-05,1.6295433754106823e-05,2,0.9999180359226395
0.00037812145726882386,0.9983160877750131,0.0008308198255751057,0.00021019028363512663,0.00026478065850779153,1,0.9983160877750131
0.9992932897586668,0.0005406946017412678,6.867794784569591e-05,3.2527007889575666e-05,6.481068385657869e-05,0,0.9992932897586668
0.9993040664182831,0.0004829355271105069,0.00013210379386617636,4.331548822898853e-05,3.757877251103087e-05,0,0.9993040664182831
0.9994459225023001,0.00047027969708750674,3.098193143706132e-05,2.7550117486951126e-05,2.5265751688252644e-05,0,0.9994459225023001
0.0011222146371880914,0.998576601390559,0.0001464355629040214,8.113915073736669e-05,7.360925861173739e-05,1,0.998576601390559
0.9935727538495503,0.00637856649809436,1.9633893746282643e-05,1.522954708214097e-05,1.3816211527004327e-05,0,0.9935727538495503
0.9962089036843672,0.003752238482288192,1.6933710182700183e-05,1.1435593897056408e-05,1.0488529264617801e-05,0,0.9962089036843672
1.6712373352843127e-05,3.9874093646100373e-05,0.000187754333424303,0.9996820209798758,7.363821970082859e-05,3,0.9996820209798758
7.648138009827179e-06,1.627927045131565e-05,9.901204953998658e-05,6.109496358813141e-05,0.9998159655784107,4,0.9998159655784107
0.9995656540505578,0.0003908611199152174,1.9249535914786308e-05,1.270727854220298e-05,1.1528015069963466e-05,0,0.9995656540505578
1.4770230544612907e-05,3.129119004941605e-05,0.00021196645894227712,0.9996470806082962,9.489151216740557e-05,3,0.9996470806082962
9.497048850251276e-06,8.201378801905156e-05,0.999854808446494,2.6597831427315463e-05,2.708288520943375e-05,2,0.999854808446494
7.05612008025843e-06,0.0004883375134333446,0.9994744769637668,1.5592574848513763e-05,1.4536827871292596e-05,2,0.9994744769637668
0.9999114330401603,5.961185020837209e-05,1.1235194013631053e-05,7.841646212848746e-06,9.878269404819578e-06,0,0.9999114330401603
7.792064212344032e-06,1.799105302944664e-05,8.304121669827494e-05,8.082977146399208e-05,0.9998103458945959,4,0.9998103458945959
1.8175595716847482e-05,4.8596282749273485e-05,0.00014456485139094363,0.9996955618751107,9.310139503227614e-05,3,0.9996955618751107
7.254714355722372e-05,0.9993678454594963,0.0003591981998033045,0.00010288185780542869,9.752733933759898e-05,1,0.9993678454594963
2.7412263852838024e-05,4.875109396105044e-05,0.0002611146055275919,0.0031104511113032676,0.9965522709253551,4,0.9965522709253551
0.9983090901641871,0.001445950286392403,0.00015539319556155798,4.6352398334739115e-05,4.321395552434487e-05,0,0.9983090901641871
1.552559889724982e-05,0.004061110000652062,0.9958751482678576,2.658446528029166e-05,2.1631667312708607e-05,2,0.9958751482678576
8.532395477280809e-05,0.9987056755524932,0.001081527882576689,6.825624332646273e-05,5.9216366830793704e-05,1,0.9987056755524932
0.9988513518328893,0.0008281143475016735,0.00021079632028757304,6.026587701511066e-05,4.94716223063739e-05,0,0.9988513518328893
0.9900640879406205,0.00987794728987704,2.3177553680235017e-05,1.839078206428491e-05,1.6396433757967804e-05,0,0.9900640879406205
0.9988252621532044,0.000874314437431306,0.0001961653651199471,5.395564504071843e-05,5.03023992035701e-05,0,0.9988252621532044
1.915750629364537e-05,4.301038512724684e-05,0.00022335949238719874,0.9995774512914947,0.0001370213246972171,3,0.9995774512914947
4.984810573548579e-06,3.582495065234184e-05,0.999937838228752,1.1674222553663494e-05,9.677787468628439e-06,2,0.999937838228752
4.9339272381497406e-05,0.000290447871423723,0.999545512903533,5.461336691895953e-05,6.0086585742774224e-05,2,0.999545512903533
0.9998975638952731,6.798623724838647e-05,1.674465972826887e-05,7.706646778560983e-06,9.998560971717573e-06,0,0.9998975638952731
1.3830456537509345e-05,3.3515492428520974e-05,0.0001172636845896669,0.9997444761266878,9.09142397564517e-05,3,0.9997444761266878
0.9970588406578278,0.002740997452877679,0.00012547670662085275,3.999078700254235e-05,3.46943956711514e-05,0,0.9970588406578278
1.634689242969632e-05,4.083964965717916e-05,0.0001669617389907715,0.9997012539566491,7.459776227342642e-05,3,0.9997012539566491
0.9989922210728313,0.000902444096055346,4.060170335831096e-05,2.1281739992639164e-05,4.345138776241979e-05,0,0.9989922210728313
0.0024553034953150098,0.9960596034496262,0.0006318410354472389,0.00048123133981273317,0.00037202067979878083,1,0.9960596034496262
0.0020998422103819508,0.9937899743594966,0.0028318706707488274,0.0007436655958028175,0.0005346471635696418,1,0.9937899743594966
0.00043460160157387774,0.9979010457485933,0.0011048187443512703,0.000292821467919431,0.0002667124375624484,1,0.9979010457485933
0.005849009283537976,0.9939785466843184,6.716201391166563e-05,4.983984535332633e-05,5.544217287868267e-05,1,0.9939785466843184
0.9997355353524029,0.00018585488049140003,3.643235282765432e-05,2.2114861078297568e-05,2.006255320004699e-05,0,0.9997355353524029
2.2987960812289592e-05,4.505752845869546e-05,0.0011212722839239251,0.9986600651524554,0.00015061707434972454,3,0.9986600651524554
1.2998972854882815e-05,0.0018736792537548262,0.9980695641806866,2.5139207872446803e-05,1.861838483123562e-05,2,0.9980695641806866
0.9966268689658496,0.00331846906872954,2.6595209588126197e-05,1.4940826251928216e-05,1.3125929580553008e-05,0,0.9966268689658496
8.455117726670739e-06,1.431029500025595e-05,0.00011769627043671335,8.428104026312613e-05,0.9997752572765732,4,0.9997752572765732
0.9994297685746975,0.0005292363507414242,1.7271519382827532e-05,1.2576633692170392e-05,1.1146921486310078e-05,0,0.9994297685746975
1.2846103713599537e-05,2.1397069800881748e-05,0.0001570265616488219,0.9997301463548384,7.858390999822818e-05,3,0.9997301463548384
0.9993391166682395,0.0006154126978428612,1.8806220659333175e-05,1.3511249267638873e-05,1.3153163990762287e-05,0,0.9993391166682395
7.882513166453375e-06,6.779426131987382e-05,0.9997253936814535,2.151979842406375e-05,0.00017740974563592928,2,0.9997253936814535
1.2523107935680694e-05,0.00012261048938526966,0.9995514732468669,3.153870831234164e-05,0.0002818544474997726,2,0.9995514732468669
2.1699056877892323e-05,5.39871302452928e-05,0.00027377381163846417,0.9994888120698259,0.0001617279314125134,3,0.9994888120698259
1.6085297794448642e-05,3.8032743697810425e-05,0.00019973633133352038,0.9996447890487761,0.00010135657839817373,3,0.9996447890487761
7.792323920787705e-06,1.8146122277981782e-05,5.1419891674870066e-05,7.897222426576709e-05,0.9998436694378606,4,0.9998436694378606
0.00012872391837884508,0.9993229701498405,0.0003429949243576071,0.00011591386626196326,8.939714116098985e-05,1,0.9993229701498405
9.294188398697435e-06,2.1968052916463895e-05,9.503391702683343e-05,8.005634100798412e-05,0.9997936475006499,4,0.9997936475006499
0.0020057249136982416,0.9975236263880101,0.00019948912827256782,0.00012686793904617338,0.0001442916309731276,1,0.9975236263880101
0.9999049529559632,6.305459096877593e-05,9.267753918783346e-06,7.209432622773377e-06,1.551526652641745e-05,0,0.9999049529559632
2.395537247808863e-05,5.803585532360142e-05,0.00023584889519466366,0.9995032497059484,0.00017891017105533757,3,0.9995032497059484
7.792342987678023e-06,1.920440551780878e-05,4.936452217596568e-05,7.752279285582205e-05,0.9998461159364628,4,0.9998461159364628
6.896304236337129e-06,0.0015603504410297802,0.9984016561707711,1.8526332839592925e-05,1.2570751123090734e-05,2,0.9984016561707711
1.4393058072519047e-05,3.148781558760004e-05,0.00018682045688981486,0.9996773116541042,8.99870153458748e-05,3,0.9996773116541042
1.8184708954101507e-05,3.2642937596344195e-05,0.00021574249049101434,0.9996558122825038,7.761758045472545e-05,3,0.9996558122825038
0.00022470053325799938,0.9957377797863463,0.0037143015166087,0.00016727193227549414,0.00015594623151154178,1,0.9957377797863463
0.0001132488843470536,0.9994578945657597,0.00028729282810366417,7.383539450947794e-05,6.772832727992418e-05,1,0.9994578945657597
4.9790383317687446e-06,0.00013108088120617506,0.999842153065506,1.123475209681811e-05,1.0552262859429518e-05,2,0.999842153065506
3.80286544214342e-05,7.266823414331212e-05,0.0003695092501423206,0.9992467503087814,0.0002730435525116706,3,0.9992467503087814
0.001884129740416948,0.9958703543806321,0.0012206447666531755,0.000572563624878155,0.00045230748741968425,1,0.9958703543806321
0.0021581748784316934,0.996973382666354,0.0005081212909286565,0.00019101805191776912,0.000169303112367887,1,0.996973382666354
7.138141377046339e-06,0.0004665543946143682,0.9995025495007585,1.220049983792346e-05,1.1557463412283156e-05,2,0.9995025495007585
0.9999135244714331,6.118328537911437e-05,9.655359801394658e-06,8.74587605974725e-06,6.891007326669569e-06,0,0.9999135244714331
1.0847527736428221e-05,0.0004341772058812443,0.999514655362459,2.3113412960734805e-05,1.720649096253587e-05,2,0.999514655362459
0.9984602385517967,0.0012549045745432223,0.00011946057528855307,7.208225066088794e-05,9.331404771068445e-05,0,0.9984602385517967
0.9955172655324226,0.004435678596845439,2.2850307265436513e-05,1.3264164691238225e-05,1.0941398775191376e-05,0,0.9955172655324226
6.542773704029059e-06,8.79349880986566e-05,0.9998748912061172,1.715178653808041e-05,1.3479245542092065e-05,2,0.9998748912061172
0.9994940691091803,0.00045075934472522516,2.177719942048613e-05,1.7282249332159477e-05,1.611209734191593e-05,0,0.9994940691091803
7.725722475610983e-06,1.6787581421521036e-05,8.969081799652887e-05,7.544234288782608e-05,0.9998103535352184,4,0.9998103535352184
5.9944015528e-05,0.995157219175193,0.004587838751343721,0.00010091543605925922,9.40826218762525e-05,1,0.995157219175193
1.4375095991541593e-05,3.6783329104370787e-05,0.00018852394438075915,0.9996874725255852,7.284510493821817e-05,3,0.9996874725255852
0.9997785955171411,0.00019091566087280627,1.4571801556482963e-05,8.654263387162622e-06,7.2627570422949606e-06,0,0.9997785955171411
2.8693328040440445e-05,5.808960999878278e-05,0.00023937605453117574,0.9994719661939016,0.0002018748135279243,3,0.9994719661939016
7.466389959146633e-05,0.9993414238270762,0.000340633898748129,0.00012755802007625278,0.00011572035450785159,1,0.9993414238270762
1.7912563024170184e-05,3.7907628268278996e-05,0.00019128044302912695,0.9996326524380269,0.00012024692765161855,3,0.9996326524380269
0.998844572671273,0.001001596647134073,7.00688046462329e-05,4.4115315533423324e-05,3.964656141327989e-05,0,0.998844572671273
0.00028935431775862884,0.0009343504164740054,0.998430418316759,0.00018285302344334204,0.0001630239255651507,2,0.998430418316759
4.389601882236541e-06,7.441780846367265e-05,0.9999032763730453,9.394000275554633e-06,8.522216333274796e-06,2,0.9999032763730453
8.409346088450662e-06,7.295198214460593e-05,0.999872166503242,2.2507309128048646e-05,2.396485939684412e-05,2,0.999872166503242
2.3310898927474977e-05,4.299700950455036e-05,0.000225331549582115,0.9995255284842931,0.00018283205769284945,3,0.9995255284842931
1.3258834068714178e-05,3.1823485260836095e-05,0.00014186336994511233,0.9997721383247238,4.0915986001673514e-05,3,0.9997721383247238
0.004441606396624945,0.9953786687699198,8.796749980574874e-05,5.1261969366854415e-05,4.0495364282774516e-05,1,0.9953786687699198
1.7017592230960568e-05,0.00562350453483925,0.9942837391871577,3.3294741857990616e-05,4.24439439139219e-05,2,0.9942837391871577
5.46688312938521e-06,0.00013255259043147173,0.9998377357270324,1.2982074546588375e-05,1.1262724860180588e-05,2,0.9998377357270324
8.697797199250278e-06,1.977928447700568e-05,0.0001050166229534393,7.147829384382496e-05,0.9997950280015264,4,0.9997950280015264
0.999085508996724,0.0006353842305915359,0.00017145726748017236,4.968842200896852e-05,5.796108319524165e-05,0,0.999085508996724
0.9996477730707131,0.0002407675674682049,5.175927124159463e-05,2.8668703510151156e-05,3.1031387067042956e-05,0,0.9996477730707131
0.9992939772277686,0.0004568279706809938,0.00015268358409713728,4.396050193871912e-05,5.25507155145491e-05,0,0.9992939772277686
4.898675457865039e-06,9.242469393327218e-05,0.9998822036436653,1.0962426961488293e-05,9.510559982072692e-06,2,0.9998822036436653
0.0002230892116722495,0.949382610842055,0.04976538401049933,0.0003584059928094388,0.00027050994296412296,1,0.949382610842055
1.743465712356654e-05,3.6006583225109857e-05,0.00020287439654330578,0.9996666567278021,7.702763530587162e-05,3,0.9996666567278021
0.00022066609919202946,0.9991536359058938,0.0003198517127760129,0.00015828163242161055,0.00014756464971655878,1,0.9991536359058938
0.01623995429327073,0.9800753620082616,0.0018576258398714759,0.0009989448317701554,0.000828113026826147,1,0.9800753620082616
7.348006369543203e-05,0.9996468228803944,0.0001730694932512799,5.590797292019463e-05,5.0719589738636425e-05,1,0.9996468228803944
8.765916401489377e-06,8.805209865380423e-05,0.9998509965874245,2.4126931819549702e-05,2.8058465700632145e-05,2,0.9998509965874245
2.0765370977551865e-05,5.282425175689527e-05,0.00024091943685372483,0.9995062339913878,0.00017925694902405856,3,0.9995062339913878
4.210558769361567e-05,0.9984911797629807,0.001336971153376689,7.400859436165942e-05,5.573490158724208e-05,1,0.9984911797629807
8.409608742298914e-06,0.002401050930347672,0.9975546549730838,1.857094770617868e-05,1.7313540119849262e-05,2,0.9975546549730838
5.192946409706825e-06,0.0001373378204698105,0.9998337048888183,1.3065976467577656e-05,1.069836783446438e-05,2,0.9998337048888183
0.998787927348247,0.0010528028328481574,6.338405123754349e-05,4.962282270127084e-05,4.626294496606522e-05,0,0.998787927348247
5.90421910632361e-05,0.9997455839232835,0.00013003572687511646,3.5038923367311085e-05,3.0299235410941265e-05,1,0.9997455839232835
2.0973075341952845e-05,3.537729257829093e-05,0.00016387897575427608,0.9996518390013954,0.0001279316549299928,3,0.9996518390013954
6.584867400481448e-06,0.00013262320345433547,0.999826300390243,1.533900542168083e-05,1.9152533480720858e-05,2,0.999826300390243
0.9947224207276213,0.005215278728507123,2.815697828593174e-05,1.766998526129465e-05,1.6473580324432507e-05,0,0.9947224207276213
0.9984601375656708,0.0012498617746233818,0.00017977101053190278,5.779665301685173e-05,5.24329961571934e-05,0,0.9984601375656708
0.00011770304666242835,0.9990725911759195,0.0005164985089614975,0.00015700021076028682,0.0001362070576961955,1,0.9990725911759195
0.9989262390899174,0.0010334694953039382,1.592858686836537e-05,1.2511117844531589e-05,1.1851710065638368e-05,0,0.9989262390899174
0.0010117670265034156,0.9975689790613979,0.0009119154426568041,0.0002625579116807604,0.0002447805577609948,1,0.9975689790613979
0.0007108981711349676,0.9970754699198133,0.001376091227517986,0.0004936182573083581,0.0003439224242255818,1,0.9970754699198133
0.9993494227349056,0.0004175251060726487,0.0001476508022522144,4.4693181961919654e-05,4.070817480761157e-05,0,0.9993494227349056
6.145391013094286e-06,0.0002245571611688642,0.999743550992719,1.3955686992545184e-05,1.179076810626424e-05,2,0.999743550992719
2.355675868371155e-05,4.890097275505085e-05,0.00034655607068639324,0.9993851486785472,0.00019583751932751548,3,0.9993851486785472
1.2121601245975663e-05,9.351213879768505e-05,0.9998281108333867,3.218103124706733e-05,3.4074395322577705e-05,2,0.9998281108333867
6.2015934455521595e-06,0.0005110737817163816,0.9994558649514622,1.4083318180524983e-05,1.277635519525146e-05,2,0.9994558649514622
1.404679014878666e-05,3.490860292600491e-05,0.0001363027450388819,0.9997484838172238,6.625804466249286e-05,3,0.9997484838172238
9.692187144724519e-05,0.9995893676057304,0.00017429425680055846,7.215073538843319e-05,6.72655306335634e-05,1,0.9995893676057304
0.9996944547676732,0.00017741187894085422,6.379102151634915e-05,3.722284555870991e-05,2.711948631117748e-05,0,0.9996944547676732
0.9987669763223077,0.0009770649650045543,0.00014979678255420742,4.835636580491088e-05,5.7805564328490106e-05,0,0.9987669763223077
2.9280716550508738e-05,3.7414097235513855e-05,0.0001435926490779662,0.9997157250238718,7.398751326425709e-05,3,0.9997157250238718
0.9997463369011869,0.00022071545832379083,1.3023879065461872e-05,9.210184451375053e-06,1.0713576972550583e-05,0,0.9997463369011869
1.0784783422157564e-05,0.0002839216132384962,0.9996586815480651,2.439353596700685e-05,2.2218519307190165e-05,2,0.9996586815480651
5.536488862598637e-06,0.0002892633069761554,0.999683728101898,1.2564422497181079e-05,8.907679766013567e-06,2,0.999683728101898
5.676568509232126e-06,0.0016713397986761259,0.9983029619250152,1.0720785882377887e-05,9.300921916972182e-06,2,0.9983029619250152
1.642855403529858e-05,3.822653943864999e-05,0.00018210653055346658,0.9996618431980708,0.00010139517790181093,3,0.9996618431980708
7.994295496707429e-05,0.9994492931011019,0.00035773991765247266,6.305202957535114e-05,4.9971996703322726e-05,1,0.9994492931011019
0.9998934007397549,7.964687971720504e-05,1.1750192636573598e-05,7.733545360098757e-06,7.468642531366966e-06,0,0.9998934007397549
3.9663939769948885e-06,0.0003328103496893019,0.9996462983290579,8.758991932452004e-06,8.165935343272172e-06,2,0.9996462983290579
4.841522475146016e-06,2.9383094439653363e-05,0.9999448204735973,1.0987276488221922e-05,9.967632999734268e-06,2,0.9999448204735973
0.9996251734314339,0.0003363754704391514,1.686438974286746e-05,1.117155787459142e-05,1.041515050944894e-05,0,0.9996251734314339
5.1298889773433205e-05,0.9997987900835038,8.167185744842342e-05,3.5283984753938686e-05,3.295518452059688e-05,1,0.9997987900835038
4.486664050741099e-06,9.450282181208869e-05,0.9998790252380241,1.0141291911046147e-05,1.1843984201997592e-05,2,0.9998790252380241
4.355583917787822e-06,0.0001319520465001576,0.9998434355290671,1.128358425352704e-05,8.973256261468377e-06,2,0.9998434355290671
1.5519188851007923e-05,3.875183702329013e-05,0.00015407429795672535,0.9996895705980152,0.00010208407815387657,3,0.9996895705980152
3.758325149932911e-06,5.881354660402394e-05,0.9999196416953428,8.541259594039158e-06,9.245173309245551e-06,2,0.9999196416953428
0.9986323622733208,0.0013194698661118578,2.2126382330965025e-05,1.3767217052433668e-05,1.2274261183822615e-05,0,0.9986323622733208
7.291126915379045e-06,1.3490434102329578e-05,6.486094547232414e-05,7.868433051821697e-05,0.9998356731629917,4,0.9998356731629917
0.015185010246835853,0.983477216411676,0.0005831071491991408,0.0004040921354602041,0.0003505740568287778,1,0.983477216411676
0.00018944915468222163,0.002049344011553051,0.9974192327945076,0.00017896563404747683,0.00016300840520970617,2,0.9974192327945076
0.9995215602322584,0.0003614393998645004,4.446547032251951e-05,3.130181712297985e-05,4.1233080431698204e-05,0,0.9995215602322584
0.0009623146397299668,0.9958607590651284,0.0019830412615512243,0.0006049590564555328,0.0005889259771348274,1,0.9958607590651284
0.9995180472444996,0.00038585383854010266,4.1393189989845154e-05,2.831131935670933e-05,2.6394407613628108e-05,0,0.9995180472444996
1.2037864935802443e-05,2.617843702373993e-05,0.00016054312377321645,0.9997541887509879,4.705182327925611e-05,3,0.9997541887509879
0.00011308309133683005,0.999503858308566,0.0002373172261254258,6.620283831124934e-05,7.95385356605878e-05,1,0.999503858308566
1.4178319110282763e-05,3.354803710991896e-05,0.00015760892341221608,0.9997340177113909,6.064700897664541e-05,3,0.9997340177113909
0.00012221985390183484,0.9994175242654847,0.0002848929497581999,9.302382532212933e-05,8.233910553325695e-05,1,0.9994175242654847
0.0001563656590382489,0.0014432044107508776,0.9980108702371631,0.00015917446982787018,0.00023038522321991241,2,0.9980108702371631
4.478875213696431e-06,5.770787951777477e-05,0.9999185950398927,9.990947718993133e-06,9.227257656890545e-06,2,0.9999185950398927
9.479997263560376e-05,0.999570430924539,0.0002129850846887156,6.371035039092325e-05,5.807366774590725e-05,1,0.999570430924539
0.002309708706596416,0.9972586920456096,0.0001966836407143961,0.00012890125930894972,0.00010601434777071788,1,0.9972586920456096
2.302268157047775e-05,0.0001864535711261755,0.9997296412624783,2.6841206350635766e-05,3.4041278474138715e-05,2,0.9997296412624783
0.0040998811339672285,0.9907247228778858,0.0023635602331902143,0.0012807807674480411,0.0015310549875088401,1,0.9907247228778858
0.00010619072114006662,0.0012875934907395864,0.9983532695782565,0.00011661351154863164,0.00013633269831506207,2,0.9983532695782565
0.9996377417541779,0.0002688456751354015,3.613156086686437e-05,2.472092146424632e-05,3.25600883555514e-05,0,0.9996377417541779
0.00011727343098170903,0.9993533548806698,0.00038686862116681596,7.592142176653077e-05,6.65816454152109e-05,1,0.9993533548806698
1.4785099598780051e-05,3.682578996717975e-05,0.00021200031107936068,0.999639831267311,9.655753204355028e-05,3,0.999639831267311
0.9999332308576934,4.014409256114822e-05,1.0867157425432719e-05,7.560570830511249e-06,8.197321489546813e-06,0,0.9999332308576934
0.9997033481146885,0.00025118314558722157,1.750423398060094e-05,1.273772874692616e-05,1.5226776996639443e-05,0,0.9997033481146885
7.296030482449179e-06,1.6035607528515076e-05,8.256494000063719e-05,6.215133961316674e-05,0.9998319520823753,4,0.9998319520823753
0.9996532650641642,0.00031397719141697207,1.5260681941490913e-05,1.0122269979990879e-05,7.374792497457845e-06,0,0.9996532650641642
8.794308855957274e-05,0.9996940119776359,0.00011197343542033247,5.512322403385591e-05,5.094827435023349e-05,1,0.9996940119776359
0.00014037580081668086,0.999492400856395,0.00022400077769354048,7.412057208714068e-05,6.910199300760135e-05,1,0.999492400856395
7.907748791929363e-06,1.6534481124066495e-05,7.086497185764586e-05,7.186870867192804e-05,0.9998328240895545,4,0.9998328240895545
7.291034154881287e-06,1.9724731181328157e-05,7.01004147819997e-05,7.993094770327209e-05,0.9998229528721786,4,0.9998229528721786
0.00014203727037724479,0.9995975779033699,0.00013595339775499115,6.48399550652373e-05,5.9591473432561254e-05,1,0.9995975779033699
0.00012134244630078926,0.0009390462804448557,0.9986868123709163,0.0001179552283255114,0.00013484367401265062,2,0.9986868123709163
1.6964905792402478e-05,2.0485928138718213e-05,7.563480711623405e-05,0.00012718811801553447,0.9997597262409371,4,0.9997597262409371
5.0269399942751486e-05,0.0004860546443407439,0.9964023810068171,9.130765824448808e-05,0.0029699872906548655,2,0.9964023810068171
2.721276139238173e-05,6.401770312487371e-05,0.001041473103433828,0.998723053773329,0.0001442426587197801,3,0.998723053773329
2.6632417218011765e-05,0.0021651802689427934,0.9976985026608092,6.39205898467682e-05,4.576406318303302e-05,2,0.9976985026608092
0.9981664518307455,0.0017800544450512238,2.779482719611152e-05,1.3425962139789934e-05,1.22729348672942e-05,0,0.9981664518307455
9.863781461084046e-05,0.9995524537702384,0.0002135096842662654,7.342738533615009e-05,6.197134554863534e-05,1,0.9995524537702384
2.566664040307998e-05,5.014804321991343e-05,0.00021708751425762873,0.9995646284179177,0.00014246938420153899,3,0.9995646284179177
6.1916599493146006e-06,6.924269702501034e-05,0.9999037706252631,1.0761841977152242e-05,1.0033175785256855e-05,2,0.9999037706252631
9.282969187890123e-06,0.00013462150970532368,0.9998153425664563,2.2743052324997514e-05,1.8009902325489555e-05,2,0.9998153425664563
1.0213866423671654e-05,2.3550976990080437e-05,0.00011756898953508793,9.299801983483665e-05,0.9997556681472162,4,0.9997556681472162
0.0012349657763130743,0.9984542823213438,0.00013402007471554605,8.246303552312223e-05,9.426879210451378e-05,1,0.9984542823213438
2.3345462411344158e-05,5.7216147154017666e-05,0.00019845501567518283,0.9995777625216933,0.00014322085306597143,3,0.9995777625216933
7.725624778790452e-06,1.5785763992262092e-05,0.00010664397986846216,7.213435287074937e-05,0.9997977102784897,4,0.9997977102784897
8.596042335152526e-05,0.9987083678056593,0.0010163100353350796,9.724351371483521e-05,9.211822193936855e-05,1,0.9987083678056593
0.0002798830164955378,0.998788178331052,0.000620640234337658,0.00017081350453777058,0.00014048491357713993,1,0.998788178331052
1.8045227707737032e-05,4.1764854818703136e-05,0.00016383691187354466,0.9996573130861149,0.00011903991948492521,3,0.9996573130861149
2.004590187884135e-05,4.6407520931243046e-05,0.00018768536497108714,0.9996075274186995,0.00013833379351934304,3,0.9996075274186995
1.6957657080009503e-05,5.3369706939769016e-05,0.00019607858262277932,0.999595454212658,0.00013813984069950346,3,0.999595454212658
0.0008142311072590284,0.9976688862688187,0.0007755349024677455,0.0002816328510414353,0.00045971487041301945,1,0.9976688862688187
2.531892345411921e-05,5.100932825802024e-05,0.00028793331821837215,0.0033897093856583497,0.9962460290444112,4,0.9962460290444112
0.00021039417411610077,0.9991236093282438,0.00034491294235600677,0.00018222212844686375,0.00013886142683731424,1,0.9991236093282438
7.642839562039057e-06,1.1675798678476056e-05,0.00010060522218644549,8.108891833992047e-05,0.9997989872212332,4,0.9997989872212332
5.325723034025484e-05,0.9997258472084102,0.00014945706962646885,3.8181888770306645e-05,3.325660285277497e-05,1,0.9997258472084102
0.0013627502450239536,0.9971821543297557,0.0008530208223715746,0.00024600826886242904,0.0003560663339862516,1,0.9971821543297557
4.8984988917823485e-06,4.2196001301142524e-05,0.9999283498607782,1.1624485095363212e-05,1.2931153933441835e-05,2,0.9999283498607782
8.248880798087853e-05,0.9996824357915747,0.00011710504580635193,6.280813398066101e-05,5.516222065738367e-05,1,0.9996824357915747
7.088226081786789e-06,0.0004814753429899771,0.9994826123067193,1.5903533277177686e-05,1.2920590931711674e-05,2,0.9994826123067193
0.00011017116102479773,0.9997427613295601,8.846564396382573e-05,3.032764976493883e-05,2.8274215686435225e-05,1,0.9997427613295601
0.0003506458762059542,0.9991437763804356,0.0003125834743780666,0.00010334034713722974,8.965392184317989e-05,1,0.9991437763804356
1.8939271836622313e-05,3.293084903887312e-05,0.00022571733890637262,0.9996229299592718,9.948258094623206e-05,3,0.9996229299592718
0.0011473297476780702,0.9984286626986187,0.00019080849136091552,0.00010219879502110816,0.00013100026732102273,1,0.9984286626986187
2.5963842066074948e-05,6.192009080598676e-05,0.00028375200923873973,0.9995258288922473,0.00010253516564201994,3,0.9995258288922473
2.1774783034821728e-05,4.7764768676082535e-05,0.0002241799850325277,0.9995764703201414,0.0001298101431152717,3,0.9995764703201414
1.2992718082310822e-05,2.728978229333205e-05,0.00012960063637837847,0.0001490378797823127,0.9996810789834637,4,0.9996810789834637
0.0001245297985601696,0.9995417912699768,0.00019313688125419492,7.450136280087684e-05,6.604068740796396e-05,1,0.9995417912699768
6.075267538947869e-06,5.1814451013579486e-05,0.999915373684407,1.3787118521705615e-05,1.2949478518771055e-05,2,0.999915373684407
1.378383156126238e-05,3.3427012843469246e-05,0.0001782368547390111,0.9996697189428632,0.00010483335799320999,3,0.9996697189428632
8.263333647293933e-06,0.00014425615192253623,0.9997890585891045,2.0419476317380292e-05,3.800244900824789e-05,2,0.9997890585891045
0.9993645404166404,0.0005697615153982149,2.9043599173144937e-05,1.7239962566476533e-05,1.9414506221933042e-05,0,0.9993645404166404
0.000694551097821063,0.9962653110952846,0.0017170336947968518,0.0007044286727624922,0.0006186754393352477,1,0.9962653110952846
4.751863001094127e-05,0.0007161460672998728,0.9990505823274087,9.989106385186932e-05,8.586191142848342e-05,2,0.9990505823274087
0.9988124078893498,0.0009307482918108088,0.00010552117654279797,7.060711471542242e-05,8.071552758134145e-05,0,0.9988124078893498
0.9993879788624219,0.0005026581344847827,4.3302772476524254e-05,3.106880329015097e-05,3.499142732672103e-05,0,0.9993879788624219
7.233428380095695e-05,0.9995598168546302,0.00026677927820416346,4.8629715478917776e-05,5.2439867885902844e-05,1,0.9995598168546302
1.384165568680053e-05,3.5920496671570836e-05,0.00013444364689730806,0.9997231050131739,9.268918757047558e-05,3,0.9997231050131739
9.424794102778712e-06,7.484447991359113e-05,0.999694292421285,2.140515486937033e-05,0.00020003314982915433,2,0.999694292421285
7.291191107104611e-06,1.7094011195790205e-05,7.022216026192525e-05,6.0916832837223445e-05,0.999844475804598,4,0.999844475804598
4.647231114356339e-06,6.15167399902668e-05,0.999915454076208,1.0269425429943814e-05,8.112527257473208e-06,2,0.999915454076208
8.372622639931694e-06,6.898758728256325e-05,0.9997098270526117,2.0151022534568206e-05,0.00019266171493097624,2,0.9997098270526117
1.1805249459354982e-05,0.0005429617507314596,0.9993948590355156,2.606954462285049e-05,2.4304419670717902e-05,2,0.9993948590355156
0.999617749083264,0.00030253513147641053,3.6190033100127244e-05,2.2525456435188302e-05,2.1000295724207728e-05,0,0.999617749083264
7.432605434117214e-05,0.9997259793635136,0.00011429411407784453,4.417453869050101e-05,4.12259293771435e-05,1,0.9997259793635136
7.329377050023735e-06,0.0002495806811044915,0.9996983786498216,1.663317531797896e-05,2.8078116705803087e-05,2,0.9996983786498216
7.091584685563785e-06,0.0001651335866358302,0.9997946861211479,1.8488689892744376e-05,1.460001763806824e-05,2,0.9997946861211479
0.9997036119564492,0.0002463831475390717,1.9737874155995746e-05,1.2695177022309862e-05,1.7571844833313406e-05,0,0.9997036119564492
6.60063539713859e-06,0.00022530564033081243,0.9997348355747121,1.4723920631519738e-05,1.853422892855418e-05,2,0.9997348355747121
8.211237267867237e-06,6.119299725591289e-05,0.9997213267541518,2.0193142970014823e-05,0.00018907586835453715,2,0.9997213267541518
5.7571530174076395e-06,0.00013904306583023324,0.9998247223629596,1.5279572172668614e-05,1.5197846020005827e-05,2,0.9998247223629596
0.9998028267361396,0.00016703386107354658,1.3275060659235677e-05,8.791150379271677e-06,8.073191748227404e-06,0,0.9998028267361396
0.0002528859304545613,0.0647784521512161,0.9340303105829106,0.0004766207377749985,0.00046173059764375186,2,0.9340303105829106
7.326603280892923e-06,0.0005090773533321633,0.9994529395140899,1.788040725932162e-05,1.2776122037606796e-05,2,0.9994529395140899
1.1110996952740148e-05,2.5814031690603846e-05,0.000109785007876676,0.00013300249920760593,0.9997202874642723,4,0.9997202874642723
0.0015026757098600563,0.9961474299168064,0.0014250596909409013,0.0005000088495781414,0.00042482583281448506,1,0.9961474299168064
0.0003052095130793302,0.9991704181652308,0.000321930061691981,0.00010755989357881334,9.488236641887216e-05,1,0.9991704181652308
5.003024412460888e-06,0.00012499583632838687,0.9998478134830688,1.1880560521196435e-05,1.0307095669091123e-05,2,0.9998478134830688
0.999418655494923,0.0004688893267818544,3.8608800407392844e-05,2.9216811788519655e-05,4.4629566099229704e-05,0,0.999418655494923
7.907477132039703e-06,1.8565315513319938e-05,8.006620773537085e-05,9.498479867595123e-05,0.9997984762009432,4,0.9997984762009432
0.9999064792636115,6.675758790801833e-05,1.2833884164226806e-05,7.236474756117186e-06,6.692789560309005e-06,0,0.9999064792636115
2.367351005118768e-05,4.0830902026676064e-05,0.0002633075053073321,0.9994903052246338,0.00018188285798101045,3,0.9994903052246338
8.501289720935367e-06,1.6372821323733215e-05,9.247642304115396e-05,0.0001281452982095188,0.9997545041677046,4,0.9997545041677046
2.335769600660745e-05,6.24596201439479e-05,0.0002358189145566659,0.9995472691602318,0.00013109460906087848,3,0.9995472691602318
8.657982779083127e-06,0.0001302718385872915,0.9998248806898339,2.1085730839899848e-05,1.5103757959794781e-05,2,0.9998248806898339
0.00012442458645885163,0.9877106563837601,0.011717355774900405,0.00023482987478768927,0.00021273338009284413,1,0.9877106563837601
7.296008678262856e-06,1.7741547718347492e-05,8.050102139580197e-05,6.549733751497325e-05,0.9998289640846926,4,0.9998289640846926
1.711680164737272e-05,3.419272570111353e-05,0.00016099915631395282,0.999681105944825,0.00010658537151272707,3,0.999681105944825
8.546850301952976e-06,1.4916933157442947e-05,8.973278891046384e-05,7.117935038770665e-05,0.9998156240772424,4,0.9998156240772424
1.0788037748586431e-05,2.4522324776250923e-05,0.00011039439120987714,0.9997826645292673,7.163071699797101e-05,3,0.9997826645292673
7.582980574624863e-05,0.9991904853659376,0.0005685658432468426,9.153289570857876e-05,7.358608936061061e-05,1,0.9991904853659376
2.636475298478531e-05,6.120215479776577e-05,0.0003602112382294948,0.9993644464610443,0.00018777539294379742,3,0.9993644464610443
0.9995895858691797,0.00034855761841791805,2.8395649953030535e-05,1.4931628831541182e-05,1.852923361767068e-05,0,0.9995895858691797
4.760573299212722e-06,7.186057260397414e-05,0.9999016463301585,1.192491949948139e-05,9.807604438726068e-06,2,0.9999016463301585
7.290950579122688e-06,1.6519132120018545e-05,0.00010671618330241959,5.7981645019495334e-05,0.9998114920889789,4,0.9998114920889789
0.0009497869210038401,0.9973167669296656,0.00106426302159488,0.00035087243158512014,0.00031831069615058226,1,0.9973167669296656
9.93261212335943e-05,0.0011026569508458279,0.9986198591772842,7.688245958105584e-05,0.00010127529105539263,2,0.9986198591772842
0.9996207221961391,0.000336584696250582,1.7066795212781043e-05,1.1672690341767806e-05,1.3953622055879963e-05,0,0.9996207221961391
0.9762356590535637,0.020164272107468607,0.0017114743228399839,0.0009872261507231086,0.0009013683654045734,0,0.9762356590535637
8.125999578818998e-06,0.0015300342123504755,0.9984316151166855,1.5315284276409916e-05,1.4909387108655228e-05,2,0.9984316151166855
0.0002192274834316855,0.9988074489520664,0.0006923644444643366,0.00014586649021385188,0.00013509262982381773,1,0.9988074489520664
7.366025811566165e-06,0.00027932963269218747,0.9996789309227777,1.4800566977117673e-05,1.9572851741258894e-05,2,0.9996789309227777
1.0098588612703064e-05,7.59825957503114e-05,0.9996740571230693,2.6136190336886682e-05,0.00021372550223076157,2,0.9996740571230693
7.730856580819188e-06,1.504523424151221e-05,9.276002918660634e-05,8.581645989122064e-05,0.9997986474200999,4,0.9997986474200999
6.310507803239502e-06,0.0002360539178630598,0.9997312621301293,1.4121874673662172e-05,1.2251569530634655e-05,2,0.9997312621301293
0.9985651464212226,0.001206140931850503,0.00013771626868172885,4.307711322031608e-05,4.7919265024684835e-05,0,0.9985651464212226
0.00019502800971342272,0.9992190820856376,0.00031417217441367387,0.0001054501681416295,0.00016626756209371207,1,0.9992190820856376
0.9991475451234659,0.00066595535733671,0.00011210259377890628,3.8501912529675436e-05,3.5895012888958754e-05,0,0.9991475451234659
1.724940740265842e-05,0.00017676128003715454,0.9997475668335754,3.093664060908972e-05,2.7485838375902747e-05,2,0.9997475668335754
1.8123541269240402e-05,3.748916663505072e-05,0.0001704845550351036,0.9996665241487904,0.00010737858827016332,3,0.9996665241487904
0.9971968357723282,0.002762822143510392,1.658524706789686e-05,1.2432690571014398e-05,1.1324146522505973e-05,0,0.9971968357723282
0.00010244134240503177,0.9994627807538682,0.00026604190313619296,7.202949724154983e-05,9.670650334884448e-05,1,0.9994627807538682
0.9998810774884136,6.911754285638035e-05,1.943527226741401e-05,1.5964663177016464e-05,1.4405033285947209e-05,0,0.9998810774884136
4.957060380114185e-06,0.00018277716550021186,0.9997882333468372,1.0946681577757358e-05,1.3085745704700745e-05,2,0.9997882333468372
6.797325716300723e-05,0.9996589011057166,0.00019305449459616604,4.198365934938429e-05,3.808748317466319e-05,1,0.9996589011057166
5.512236531861938e-06,4.747636221736174e-05,0.999915826545143,1.4753300709068271e-05,1.643155539883221e-05,2,0.999915826545143
7.725566237906083e-06,1.7093622082408647e-05,7.331421198461387e-05,0.00011173228351614144,0.999790134316179,4,0.999790134316179
1.2089259534897929e-05,2.677858729472155e-05,0.00014638488856816376,0.9997504810472634,6.426621733882356e-05,3,0.9997504810472634
0.9998861677042767,8.713091014059996e-05,1.1572254468577808e-05,8.101016001507495e-06,7.028115112532354e-06,0,0.9998861677042767
0.00029139839260261405,0.9992150486933928,0.0003125203019718855,8.245968398534379e-05,9.857292804741096e-05,1,0.9992150486933928
0.0007060987700302707,0.9988566019024706,0.0001694627777080139,0.00011682630366175618,0.000151010246129365,1,0.9988566019024706
0.998800065903025,0.0009731693264972144,0.00014566914344652066,4.504634484954584e-05,3.6049282181705316e-05,0,0.998800065903025
6.286399070332123e-06,0.00010860341806940211,0.9998579927579281,1.4175107893585202e-05,1.294231703861945e-05,2,0.9998579927579281
0.001065162564832075,0.9987342968970286,7.747420167379788e-05,5.6890043726397434e-05,6.617629273901582e-05,1,0.9987342968970286
6.838123774333943e-06,0.00039855659172145986,0.999564014877049,1.6512210247961196e-05,1.4078197207431674e-05,2,0.999564014877049
0.9983458395402544,0.0014125514965502373,0.00014140937127802758,5.1855313936745636e-05,4.834427798062887e-05,0,0.9983458395402544
1.4248725239680996e-05,3.37342059135296e-05,0.00014719595869173277,0.9996887185725453,0.00011610253760979909,3,0.9996887185725453
0.001822882471187505,0.9978420724141341,0.00014953102660581247,8.782120266755528e-05,9.769288540506013e-05,1,0.9978420724141341
0.9999005843168153,6.837712513991473e-05,1.2119897139641327e-05,7.730183263767191e-06,1.1188477641418898e-05,0,0.9999005843168153
2.09919244350004e-05,4.13169264428106e-05,0.0003016928438940038,0.9994898345898628,0.00014616371536540061,3,0.9994898345898628
1.8579835643151453e-05,4.2279827094966e-05,0.00022934158168437627,0.9995995314569811,0.00011026729859629128,3,0.9995995314569811
6.207185890736642e-05,0.00019244526139068383,0.9996490858517074,4.4511640184182265e-05,5.188538781012153e-05,2,0.9996490858517074
6.267441253183155e-05,0.99908412785862,0.0006758264954590071,8.079193958012114e-05,9.657929380929402e-05,1,0.99908412785862
0.9984866230059373,0.0014659738511609013,2.0870252750364463e-05,1.386955367506337e-05,1.2663336476475906e-05,0,0.9984866230059373
1.508798933722744e-05,2.8762596970661025e-05,0.0001344093638728315,0.9997540595723369,6.768047748246591e-05,3,0.9997540595723369
0.998545031091092,0.001266151151314479,0.00010333177127778004,4.961155302178664e-05,3.5874433293997615e-05,0,0.998545031091092
7.730912007452837e-06,1.7823286222736185e-05,9.723232845598782e-05,7.139796352371614e-05,0.9998058155097901,4,0.9998058155097901
7.29586897266499e-06,2.032075662921083e-05,8.282470753379428e-05,7.973952968362649e-05,0.9998098191371807,4,0.9998098191371807
5.3981041120543555e-06,0.0003639894160029784,0.9996083773868865,1.1754914552709635e-05,1.0480178445938728e-05,2,0.9996083773868865
7.881595325422658e-06,1.45608757675325e-05,0.00010251137330661119,0.00011612918257327292,0.9997589169730272,4,0.9997589169730272
5.136524369263628e-06,3.7073436664606216e-05,0.9999291957384748,1.2331376031790943e-05,1.6262924459293897e-05,2,0.9999291957384748
2.5494730185214773e-05,6.428352460008709e-05,0.00024774426652163836,0.9994866118530518,0.00017586562564136005,3,0.9994866118530518
0.00014157843392576357,0.982811863981834,0.016601034406720616,0.00020832370909148738,0.00023719946842827634,1,0.982811863981834
9.664382361186219e-05,0.0013975469780232474,0.9983210915810937,9.685288950412987e-05,8.786472776723703e-05,2,0.9983210915810937
3.823331256760323e-05,9.860971197871598e-05,0.0010955514649887532,0.9985544472174027,0.0002131582930621453,3,0.9985544472174027
4.662352282155441e-06,0.00011890864650742655,0.9998586500493951,8.0982466739899e-06,9.680705141281818e-06,2,0.9998586500493951
2.0838905490735604e-05,4.45163064280964e-05,0.0002909779109143363,0.9994654014883444,0.00017826538882228653,3,0.9994654014883444
1.086495701761484e-05,0.0033786171120210313,0.9965618179656826,2.106254359092033e-05,2.7637421687834146e-05,2,0.9965618179656826
1.5387904472274167e-05,3.68045387505533e-05,0.0001503044669396568,0.9996711116186072,0.00012639147123015977,3,0.9996711116186072
7.911954958675038e-06,6.562715573410523e-05,0.9998760770362267,2.117605984925105e-05,2.9207793231124814e-05,2,0.9998760770362267
1.613244502522154e-05,4.0141749443826714e-05,0.00015540467114502626,0.9996722552396952,0.00011606589469088417,3,0.9996722552396952
1.8027074905038117e-05,3.4346655751897355e-05,0.00019696444162854566,0.9996209005466681,0.0001297612810464632,3,0.9996209005466681
0.00029337242809839297,0.998921435268483,0.00047906186144789585,0.0001394412819864213,0.00016668915998428098,1,0.998921435268483
5.90084928389999e-06,0.00020433734216290694,0.9997645653744732,1.3039663877948004e-05,1.215677020215232e-05,2,0.9997645653744732
1.3395688082656324e-05,2.7877407096909745e-05,0.00015342545647989113,0.9997120292213898,9.327222695087939e-05,3,0.9997120292213898
7.296076280721865e-06,1.675005148977687e-05,7.479382457599013e-05,6.293187083327876e-05,0.9998382281768202,4,0.9998382281768202
2.3368702737164108e-05,5.666110296655228e-05,0.9992748006299373,0.00048402571559991164,0.0001611438487588751,2,0.9992748006299373
1.1773919346632346e-05,2.6617865174704685e-05,0.00013650366889996236,0.9997291025302371,9.600201634165534e-05,3,0.9997291025302371
1.3816811912210396e-05,0.0007056800591362699,0.9981447275335775,4.1532381725035046e-05,0.0010942432136490246,2,0.9981447275335775
0.9998612447364328,9.779700972071882e-05,1.7099415629811648e-05,8.150625353634493e-06,1.570821286297237e-05,0,0.9998612447364328
9.793463795565343e-05,0.0004928989350003971,0.9991880052859243,0.00010214139686023269,0.0001190197442592579,2,0.9991880052859243
1.1892107738100273e-05,2.551308345907217e-05,0.00010955775996677463,0.9997938397797699,5.9197269066218845e-05,3,0.9997938397797699
8.779027590673481e-05,0.9993743444336898,0.00042232204995351955,6.419298238025699e-05,5.135025806985505e-05,1,0.9993743444336898
8.93295096816085e-06,7.117511454703968e-05,0.9996900693294921,2.4267222057676815e-05,0.0002055553829348547,2,0.9996900693294921
0.0001206527058026182,0.0005707240702360034,0.999045032365391,0.00012478225482662067,0.00013880860374354304,2,0.999045032365391
4.5434480823811314e-05,0.00010353232774519364,0.00041589217350465347,0.011534212899559684,0.9879009281183666,4,0.9879009281183666
8.113424138795135e-05,0.9994446074975186,0.00036180128111786285,5.9128075218708825e-05,5.3328904756934366e-05,1,0.9994446074975186
5.9224939907588255e-06,0.0003175105090501438,0.9996414337866439,1.1805918136059001e-05,2.3327292179003508e-05,2,0.9996414337866439
6.623076470725241e-06,0.00014894666826610137,0.9998137354933364,1.705007879515587e-05,1.36446831315567e-05,2,0.9998137354933364
1.0196677647164895e-05,2.3687389509575996e-05,0.00011332786579617346,0.00013208294774671092,0.9997207051193003,4,0.9997207051193003
1.536898118443563e-05,0.00013279918340560457,0.9997636830264989,4.4963709182835425e-05,4.318509972829975e-05,2,0.9997636830264989
6.144810763864254e-06,5.7738774023728475e-05,0.9998968949788366,1.5475490207693858e-05,2.3745946168046348e-05,2,0.9998968949788366
8.74799516202545e-06,7.122396835190293e-05,0.9998701311098975,2.1805606919618897e-05,2.8091319668803678e-05,2,0.9998701311098975
2.032046839495408e-05,3.752880739135231e-05,0.00022003855527453722,0.9995819751456709,0.0001401370232682401,3,0.9995819751456709
0.002874808182916143,0.997006739549209,4.889458478899875e-05,3.5997506817199876e-05,3.356017626859074e-05,1,0.997006739549209
0.0027847259014969063,0.9935385600140753,0.0023346850389276996,0.0006029391374342297,0.0007390899080657966,1,0.9935385600140753
0.0054730487979457385,0.9943475367227752,7.330693019359525e-05,5.427823483537493e-05,5.1829314250133715e-05,1,0.9943475367227752
7.29607358832978e-06,1.2237607821670282e-05,8.120480049941571e-05,6.140230075315646e-05,0.9998378592173375,4,0.9998378592173375
0.9995196136539493,0.00034815205065185934,5.504922560135854e-05,3.4053237269660226e-05,4.313183252787934e-05,0,0.9995196136539493
4.927452901849833e-05,0.9993927093773358,0.00043784139025339634,5.537736797851308e-05,6.479733541375524e-05,1,0.9993927093773358
5.31922818874272e-06,0.0001745912463814531,0.9997956329666887,1.3498028598776323e-05,1.0958530142396385e-05,2,0.9997956329666887
8.025872049297777e-05,0.9997198627716124,0.00010416763958333547,5.073946641022125e-05,4.497140190098032e-05,1,0.9997198627716124
1.871576641291436e-05,4.0259169331597127e-05,0.00019586953923606538,0.9996346822440153,0.00011047328100430332,3,0.9996346822440153
8.058532741844259e-06,0.00010038977802515455,0.9998582488531699,1.783227376449765e-05,1.5470562298822565e-05,2,0.9998582488531699
0.999927064937264,4.743699159323042e-05,9.804169285029874e-06,7.043993108498461e-06,8.64990874926705e-06,0,0.999927064937264
9.561500353331055e-05,0.0037388364984973117,0.9958331582092633,0.00019808906750473336,0.0001343012212010882,2,0.9958331582092633
5.0224498596243345e-05,0.008271896649180552,0.9914603486885223,0.00010429704579046144,0.0001132331179105237,2,0.9914603486885223
2.2268750925470037e-05,4.8507925310493586e-05,0.0003069987290918572,0.9995333965478628,8.882804680944229e-05,3,0.9995333965478628
2.394937302244148e-05,6.231690747580952e-05,0.0003022283757267906,0.9994644233259549,0.00014708201782020374,3,0.9994644233259549
9.060897339301551e-06,1.5511042820794065e-05,0.00010572150439812379,0.00013852854298580097,0.999731178012456,4,0.999731178012456
0.00010782494718954525,0.9994791095123101,0.0002656799807169323,8.532830932190656e-05,6.205725046157877e-05,1,0.9994791095123101
0.9995107170592572,0.00038308378320052537,3.5014767442538555e-05,2.6673221682529342e-05,4.451116841750886e-05,0,0.9995107170592572
2.415079970408917e-05,5.296167489059412e-05,0.00034508962706761694,0.9994013763362263,0.00017642156211139097,3,0.9994013763362263
3.804087695347583e-05,9.037106826056336e-05,0.00037488136727425157,0.01859533583208831,0.9809013708554234,4,0.9809013708554234
1.9224028480197697e-05,0.003628284369089416,0.9962690349243452,4.895746833335275e-05,3.449920975198014e-05,2,0.9962690349243452
1.949976293607962e-05,4.1089495042076504e-05,0.00020895129594291451,0.999599114305626,0.00013134514045297686,3,0.999599114305626
3.1701372501227374e-05,0.004523874711011278,0.9953356596291066,5.2229922555639695e-05,5.653436482510776e-05,2,0.9953356596291066
0.9986903516961984,0.0012572923716917513,2.365936156985884e-05,1.5046457488687834e-05,1.3650113051593426e-05,0,0.9986903516961984
0.00016031523783026358,0.9992314114342574,0.0003860137260544961,0.0001226772697159562,9.958233214195093e-05,1,0.9992314114342574
2.791596833607953e-05,5.118722891615363e-05,0.00041395775344534784,0.9993143714401871,0.00019256760911539987,3,0.9993143714401871
4.962846516861389e-05,0.00011038663377753494,0.0035692572481242353,0.9959254053999865,0.0003453222529430044,3,0.9959254053999865
0.003864119668412085,0.9957644588817858,0.0001598375967574466,0.00011060135514151576,0.00010098249790325883,1,0.9957644588817858
0.999820743293809,0.0001486054087948908,9.539508723450794e-06,9.021411821173367e-06,1.2090376851344431e-05,0,0.999820743293809
0.9993125713132277,0.0005188352390627039,9.658771272488335e-05,3.7264423152013234e-05,3.47413118325009e-05,0,0.9993125713132277
1.1666321230557297e-05,2.5730686684117973e-05,0.0001393496303322053,0.9997601164346536,6.313692709931903e-05,3,0.9997601164346536
8.570586930403353e-06,0.00024264534040535223,0.9997068738669099,1.9270101110088963e-05,2.2640104644128896e-05,2,0.9997068738669099
8.507320740556246e-06,1.3868306181304835e-05,0.00011258995803495749,7.739990576970766e-05,0.9997876345092734,4,0.9997876345092734
3.979415449740696e-06,5.891299091993879e-05,0.9999172753441669,9.327310117284948e-06,1.0504939346222888e-05,2,0.9999172753441669
8.102589963205812e-06,0.00010637892176210498,0.9998496090121634,1.9228020326621872e-05,1.668145578486242e-05,2,0.9998496090121634
7.730834800103561e-06,2.292001348033445e-05,8.10729361473791e-05,9.244560235450835e-05,0.9997958306132176,4,0.9997958306132176
6.633349094782212e-06,5.397860865780324e-05,0.9997734994050179,1.6694408428793065e-05,0.00014919422880079416,2,0.9997734994050179
1.765441410123228e-05,4.460902791812471e-05,0.00024695253590033067,0.999608647201961,8.213682011933417e-05,3,0.999608647201961
0.0012883042069763346,0.9983396591274196,0.00014443454798378577,0.00010367192122247842,0.00012393019639775178,1,0.9983396591274196
1.6348606680433446e-05,3.441757355523083e-05,0.00012531039197551257,0.999749895088328,7.402833946078422e-05,3,0.999749895088328
9.061563819241083e-06,0.005555415402458111,0.994404771233511,1.5914678129762956e-05,1.4837122081953024e-05,2,0.994404771233511
0.9972528133725241,0.0026834232353216397,2.763927326993279e-05,1.9150578707137408e-05,1.6973540177031504e-05,0,0.9972528133725241
1.1828316183204965e-05,8.67274642887215e-05,0.9996125903537612,3.231061742512157e-05,0.00025654324834193515,2,0.9996125903537612
8.07902241575705e-06,1.69162986838471e-05,7.282334606052654e-05,0.00011116436163447582,0.9997910169712053,4,0.9997910169712053
7.276568265831954e-06,6.846488584925967e-05,0.9998779187583525,1.947547046200863e-05,2.686431707032502e-05,2,0.9998779187583525
1.7023460677389437e-05,3.343218143463766e-05,0.00023239145148049796,0.9996223938590094,9.47590473979592e-05,3,0.9996223938590094
5.07063347193448e-06,0.0001935793781097075,0.9997816762713247,1.0181546218528708e-05,9.49217087493856e-06,2,0.9997816762713247
0.00016990111248475523,0.9990451228651702,0.0005054887644783425,0.00012032857237248799,0.00015915868549421902,1,0.9990451228651702
9.190598407535855e-06,1.3677744267236965e-05,0.00011063702959204946,9.781817209281831e-05,0.9997686764556403,4,0.9997686764556403
0.00010125771111369982,0.9996606919174514,0.00011145402251206736,5.6148091766536446e-05,7.044825715629936e-05,1,0.9996606919174514
5.1481786381257506e-05,0.999562322999414,0.0002469234664146917,6.343776506288718e-05,7.583398272717087e-05,1,0.999562322999414
6.243254212905554e-06,0.00029841298651440913,0.99966830364927,1.4177926420719039e-05,1.2862183582114752e-05,2,0.99966830364927
0.00016479089646299764,0.0009153998834011788,0.9986628289819454,0.00011705354628501013,0.0001399266919055543,2,0.9986628289819454
4.247782368167846e-05,0.9907600205603939,0.009074033977531972,5.623905179255245e-05,6.722858659981293e-05,1,0.9907600205603939
1.8619008803138515e-05,4.636548887005355e-05,0.0001873003146901415,0.999636015089431,0.00011170009820571109,3,0.999636015089431
0.9996858515063102,0.00023349441142483932,3.650224835427899e-05,2.3150107468420485e-05,2.1001726442124466e-05,0,0.9996858515063102
2.7308899931089162e-05,6.465376658636415e-05,0.00024355072782336252,0.999464995125277,0.00019949148038235124,3,0.999464995125277
1.9929789656134733e-05,0.0003402782147692859,0.9995205390351802,4.413949682753187e-05,7.511346356660715e-05,2,0.9995205390351802
0.00010906596079467649,0.020273880281760713,0.9791398739866501,0.00021160390332034502,0.0002655758674743873,2,0.9791398739866501
0.9995269033178161,0.00035686937653431095,4.839252155608427e-05,3.711344062331286e-05,3.072134347026969e-05,0,0.9995269033178161
8.682954270468723e-05,0.9996440646919932,0.00014761750829441557,6.490084070682401e-05,5.6587416300929254e-05,1,0.9996440646919932
0.0007671964363002373,0.9963259294417531,0.0018146958924068286,0.0005726612271587449,0.0005195170023813216,1,0.9963259294417531
5.708104712626445e-06,0.00011217212174998235,0.9998571451749104,1.3273919749685352e-05,1.1700678877352652e-05,2,0.9998571451749104
7.62963844726911e-06,1.5843013711691603e-05,0.00010531662980357475,6.410110920558152e-05,0.9998071096088318,4,0.9998071096088318
9.080708050715374e-06,1.9637508180868637e-05,8.319769771110628e-05,8.59645557047334e-05,0.9998021195303526,4,0.9998021195303526
9.478951003758476e-06,8.466773402877673e-05,0.9996610022208868,2.6584244194419993e-05,0.0002182668498862243,2,0.9996610022208868
8.192525546466775e-06,2.0182961298843798e-05,8.642815910403932e-05,8.397075608451083e-05,0.9998012255979661,4,0.9998012255979661
1.1652893115098688e-05,2.534050482193951e-05,9.864058653360182e-05,0.00011689868130931545,0.99974746733422,4,0.99974746733422
0.9993299202028959,0.0005297138792386202,7.285334211562057e-05,3.075172809390644e-05,3.676084765584307e-05,0,0.9993299202028959
7.573742529133595e-06,5.770566928864969e-05,0.9997460196411598,1.8240624631368806e-05,0.00017046032239108452,2,0.9997460196411598
0.0010931360368260671,0.997156895532459,0.0008696270588135303,0.0004651986697721914,0.0004151427021290348,1,0.997156895532459
7.088398700884745e-05,0.9996749009872167,0.00015457352228081237,5.0414478159448046e-05,4.9227025334022594e-05,1,0.9996749009872167
0.0001384656487394595,0.9996305319020818,0.00012969143696395713,5.312034886846303e-05,4.819066334648831e-05,1,0.9996305319020818
4.8570856864788586e-05,0.9986595863883763,0.0011305128882772237,8.425138566597762e-05,7.707848081574527e-05,1,0.9986595863883763
1.8004148562920835e-05,3.447821870007003e-05,0.00013672907601729306,0.9997503112691579,6.04772875617387e-05,3,0.9997503112691579
7.725812874347738e-06,1.573011073206038e-05,6.120806903849634e-05,9.328368367527638e-05,0.9998220523236797,4,0.9998220523236797
0.0010911704889601762,0.9965800345483717,0.0013815635826778287,0.0003748490144824905,0.000572382365507607,1,0.9965800345483717
7.419496675858085e-05,0.9996383409812388,0.0001812594018933304,5.551642082030843e-05,5.0688229288963474e-05,1,0.9996383409812388
1.6488053071517825e-05,2.5803458464044577e-05,0.00020242063411265174,0.9996654594740579,8.982838029388974e-05,3,0.9996654594740579
7.094393130168454e-06,0.00016334172033932942,0.9998049234956399,1.4254775013167675e-05,1.038561587745294e-05,2,0.9998049234956399
1.3208732572073017e-05,2.2679326595804194e-05,0.00010271139172105628,0.00015694848062720873,0.9997044520684838,4,0.9997044520684838
0.9990403710858057,0.0007456977717114773,8.184043345958344e-05,6.016682851308834e-05,7.192388051008906e-05,0,0.9990403710858057
0.00010619789970005175,0.999127469265837,0.0005830144806338042,7.91094739261995e-05,0.0001042088799028096,1,0.999127469265837
2.2225779421379995e-05,0.00020564478644749396,0.9996743498290275,4.713629850547434e-05,5.064330659811146e-05,2,0.9996743498290275
0.00043480060532615015,0.9988038186513907,0.0004380035594524238,0.00014430435225265382,0.0001790728315780189,1,0.9988038186513907
2.2027116239477744e-05,4.894012916766113e-05,0.000292465591289635,0.9994602269995526,0.00017634016375067172,3,0.9994602269995526
7.727190207689972e-06,7.103840034188983e-05,0.9998694399519064,2.1953760010637606e-05,2.984069753348291e-05,2,0.9998694399519064
7.966334362398415e-05,0.9995998908665263,0.0001747470864254568,6.992479382626684e-05,7.577390959784189e-05,1,0.9995998908665263
0.00011818291316618735,0.00034054877612421864,0.008924555702919054,0.9896742437021074,0.0009424689056831049,3,0.9896742437021074
0.0002958361321718559,0.9974137372184748,0.0014487606195385805,0.0004581817033115946,0.0003834843265030453,1,0.9974137372184748
0.9999222094117763,4.885423224507026e-05,1.1163660725473525e-05,8.095396833105799e-06,9.677298419998887e-06,0,0.9999222094117763
0.004593686463370463,0.9931300542231608,0.0013523543241726471,0.000513879031189243,0.0004100259581068056,1,0.9931300542231608
2.2824193308843376e-05,4.6000919692669345e-05,0.000241278322584863,0.9994996358705376,0.00019026069387621106,3,0.9994996358705376
7.280126553365098e-06,1.5932395957385263e-05,8.098627901741373e-05,4.9512232935109545e-05,0.9998462889655367,4,0.9998462889655367
8.979430616211434e-05,0.999227335062948,0.0005112461172513183,8.813486361514093e-05,8.34896500233819e-05,1,0.999227335062948
7.706328738544345e-06,1.6761060704510277e-05,7.197767724210325e-05,6.962730063339826e-05,0.9998339276326814,4,0.9998339276326814
0.9994354934961004,0.0005209931734541846,2.007314760423514e-05,1.2290378536857275e-05,1.114980430450871e-05,0,0.9994354934961004
8.072727950875223e-06,2.1144110969701425e-05,0.00010837861671582496,8.376897703722868e-05,0.9997786355673264,4,0.9997786355673264
4.675793829238639e-06,4.9716474743287525e-05,0.9999242163065601,9.743714763712776e-06,1.1647710103869264e-05,2,0.9999242163065601
1.2001413936696879e-05,2.9208069098640667e-05,0.0001694570083125841,0.00012507952202030526,0.9996642539866317,4,0.9996642539866317
5.612241640862397e-06,0.00014947121721475346,0.9998206258317213,1.273633468468152e-05,1.1554374738342116e-05,2,0.9998206258317213
0.9954358988347102,0.004524325113480347,1.753697271479255e-05,1.1712774679791279e-05,1.0526304414856367e-05,0,0.9954358988347102
0.00018782505468255525,0.9990442980002529,0.0005461813889617407,0.00012889786592194124,9.279769018077288e-05,1,0.9990442980002529
8.006494465150092e-06,1.6770134029369553e-05,7.255162131507741e-05,6.393269593536917e-05,0.9998387390542551,4,0.9998387390542551
7.279993539546933e-06,1.555107066676542e-05,7.890164932311446e-05,7.024632376316552e-05,0.9998280209627075,4,0.9998280209627075
6.00604823483015e-05,0.9997315941406877,0.00012730118406450525,4.064724738094081e-05,4.0396945518788235e-05,1,0.9997315941406877
7.547528934410358e-06,2.0541332176208505e-05,8.5117759939309e-05,6.542795372557683e-05,0.9998213654252245,4,0.9998213654252245
4.333376055128803e-06,4.8449507657387776e-05,0.9999248466786608,1.0923370097957047e-05,1.1447067528415037e-05,2,0.9999248466786608
9.256056614412833e-06,2.9585552911503517e-05,7.084497270528846e-05,8.138892306343111e-05,0.9998089244947055,4,0.9998089244947055
0.0005499788901062176,0.9977101102872441,0.0010193381324383826,0.0003100240578852504,0.00041054863232615205,1,0.9977101102872441
3.3216428546512e-05,5.725894336602703e-05,0.000357266214218935,0.9993094764116208,0.0002427820022478198,3,0.9993094764116208
0.0002941441010195426,0.9994399129649496,0.00011941321666093231,6.674374331285282e-05,7.978597405687449e-05,1,0.9994399129649496
7.280014509444861e-06,1.821844223659056e-05,6.1654575808297e-05,8.19460170801138e-05,0.9998309009503656,4,0.9998309009503656
6.707836101578945e-06,5.952868810016684e-05,0.9997663031000952,1.6590819495802478e-05,0.00015086955620719582,2,0.9997663031000952
8.717934402414113e-06,1.8785696907830087e-05,0.00013400162416361402,8.152275360686216e-05,0.9997569719909193,4,0.9997569719909193
2.4077908415815003e-05,4.937734942226225e-05,0.0002775328962870197,0.9995019623828452,0.0001470494630297647,3,0.9995019623828452
7.208781820318094e-06,0.0005663993556429834,0.9993973422509027,1.555485023627691e-05,1.3494761397633549e-05,2,0.9993973422509027
1.641352506663974e-05,0.00016001741561115629,0.9994353211359278,3.9503669007141024e-05,0.0003487442543871556,2,0.9994353211359278
0.00014644739982327195,0.9991562175576479,0.0005114590595590908,9.718708990176625e-05,8.868889306809054e-05,1,0.9991562175576479
1.4671312918656162e-05,2.8578904999931423e-05,0.00018664689156740763,0.9996656545464357,0.00010444834407832044,3,0.9996656545464357
0.9988565780978444,0.0009144661452683522,9.7484388425734e-05,7.419662708325421e-05,5.7274741378280884e-05,0,0.9988565780978444
0.9999055659175317,6.788185041167486e-05,1.0096931801220477e-05,8.035038820616503e-06,8.42026143472292e-06,0,0.9999055659175317
7.729055128444282e-06,1.4002811602012874e-05,6.287206458755192e-05,7.454443620799038e-05,0.999840851632474,4,0.999840851632474
5.55226924901674e-06,8.33496874599745e-05,0.9998832651249865,1.317592849493419e-05,1.4656989809551043e-05,2,0.9998832651249865
3.418296768716263e-06,4.091613381585333e-05,0.9999400376729103,7.118448950771803e-06,8.50944755449599e-06,2,0.9999400376729103
6.832417626580786e-05,0.999610060876483,0.00021456917355385403,5.611603923065248e-05,5.0929734466487865e-05,1,0.999610060876483
2.3419693286151853e-05,4.580895983729622e-05,0.00027753612017126985,0.9995283498630112,0.0001248853636940432,3,0.9995283498630112
8.171744489507124e-06,1.948217811207053e-05,8.115179153171843e-05,9.276242014483474e-05,0.9997984318657219,4,0.9997984318657219
8.028553592443035e-06,0.00014974368798105776,0.9998093007792873,1.751397003429645e-05,1.5413009104793914e-05,2,0.9998093007792873
0.9995799243573755,0.0003245079881154174,3.386735416628842e-05,3.069232670866331e-05,3.100797363396771e-05,0,0.9995799243573755
0.0001569366606398071,0.9991761095438526,0.00040507324547134056,0.00012219269857515982,0.0001396878514611064,1,0.9991761095438526
7.547542589341841e-06,1.8989245171228226e-05,9.232933188843622e-05,5.795958597754773e-05,0.9998231742943734,4,0.9998231742943734
2.2529480048739604e-05,4.99785988101619e-05,0.0002492597124956757,0.999501719132764,0.0001765130758813722,3,0.999501719132764
0.00017199852943168055,0.9996572848350402,6.469026505130304e-05,5.091514183755229e-05,5.511122863909891e-05,1,0.9996572848350402
0.0002238829084862215,0.9990920972953871,0.0004228245940363177,0.00013517379606037708,0.00012602140603007648,1,0.9990920972953871
5.738771396532627e-05,0.9997192996371459,0.00014603930175938543,4.0647989700052176e-05,3.6625357429021435e-05,1,0.9997192996371459
7.27986832692318e-06,1.9942179971866504e-05,8.451445030846975e-05,7.74391322160624e-05,0.9998108243691768,4,0.9998108243691768
0.0008846128849617122,0.014404318383997352,0.9835670487069487,0.0005210968819390873,0.0006229231421532188,2,0.9835670487069487
2.0728089055451797e-05,4.2913200524171636e-05,0.00024684053851567933,0.9995791537078362,0.00011036446406845463,3,0.9995791537078362
9.500348441302731e-06,1.97322697701986e-05,0.00010528283358102116,0.00011252538043824072,0.9997529591677692,4,0.9997529591677692
8.006495680771886e-06,1.3461229099785697e-05,6.963440169653279e-05,7.000701428437065e-05,0.9998388908592386,4,0.9998388908592386
0.0005399084617545964,0.998029259746539,0.0008676281253918265,0.00032004180961258104,0.00024316185670206347,1,0.998029259746539
0.00013765669085147927,0.9995146407258803,0.0001910978454787534,7.133287778218745e-05,8.527186000722576e-05,1,0.9995146407258803
1.492124810727882e-05,3.343737579341307e-05,0.00016723571467363603,0.9996841396518228,0.00010026600960288459,3,0.9996841396518228
1.2181779448646701e-05,2.509011777722739e-05,0.00012591396677790677,0.0001675681681537596,0.9996692459678423,4,0.9996692459678423
7.285123530425663e-06,2.1412083904480753e-05,5.45722139016942e-05,6.032718378364108e-05,0.9998564033948797,4,0.9998564033948797
8.006518390172313e-06,1.4033231061245554e-05,7.2022448971655e-05,6.42110272710529e-05,0.9998417267743058,4,0.9998417267743058
7.778468483132427e-06,1.588214584149088e-05,0.00010136015252696024,0.00010125139416453366,0.9997737278389838,4,0.9997737278389838
0.0006755333680570925,0.9974729422775471,0.0011241401954522883,0.00039325786915098485,0.000334126289792413,1,0.9974729422775471
0.9990131337839105,0.0007580202359651167,0.00012730706397892755,5.966917633806729e-05,4.186973980756476e-05,0,0.9990131337839105
0.00016543942157640733,0.9992518294634165,0.00035403539073612807,0.00011937901324752082,0.00010931671102329193,1,0.9992518294634165
2.5283779188852175e-05,5.852247646829382e-05,0.000245033270589791,0.002703253848805571,0.9969679066249475,4,0.9969679066249475
1.4555432042296044e-05,3.6288306175881885e-05,0.00017175898848426847,0.9996506874696461,0.00012670980365126278,3,0.9996506874696461
1.0692918849985241e-05,1.896788733968158e-05,0.00011850353685779121,0.00011669390644103875,0.9997351417505116,4,0.9997351417505116
8.77828222641776e-06,5.8611435865290006e-05,0.9997222399462982,2.3854917537242465e-05,0.00018651541807276288,2,0.9997222399462982
7.142781718017314e-06,6.237611383254714e-05,0.9998958286178331,1.5784079252900358e-05,1.88684073633767e-05,2,0.9998958286178331
0.9991951374789727,0.0006056095570322773,3.815571020325582e-05,2.7769905552788003e-05,0.00013332734823905237,0,0.9991951374789727
0.00012854093019012952,0.9995385017916276,0.0001880707977160774,7.120663029449538e-05,7.367985017199245e-05,1,0.9995385017916276
6.652827420887836e-06,4.209969299747041e-05,0.9999123200421834,1.818166940365041e-05,2.0745767994523308e-05,2,0.9999123200421834
1.5568968537424308e-05,3.935827570783713e-05,0.00014292399703957657,0.0011894431601223374,0.9986127055985928,4,0.9986127055985928
0.0002609777544461548,0.9991111977047118,0.00036651164463174515,0.00012370388177070516,0.00013760901443964527,1,0.9991111977047118
0.0004220387839447265,0.9981715290818752,0.0008831837539220458,0.00023833769837064748,0.0002849106818872971,1,0.9981715290818752
5.627939534013581e-06,8.882874866547849e-05,0.9998782583813721,1.242818470899876e-05,1.48567457194938e-05,2,0.9998782583813721
0.9993294767639131,0.0005345319691733204,7.411461947164163e-05,3.0858056629643366e-05,3.101859081192454e-05,0,0.9993294767639131
7.659325973807385e-05,0.010648740439433733,0.9890029194328155,0.00012377969145296237,0.00014796717655978683,2,0.9890029194328155
7.284832448150313e-06,1.623288607432529e-05,6.800593797943303e-05,9.202292005093353e-05,0.9998164534234472,4,0.9998164534234472
8.006349748449626e-06,1.726428462661322e-05,9.09440837274232e-05,6.311822706040315e-05,0.9998206670548372,4,0.9998206670548372
1.888584364740132e-05,3.517271186221764e-05,0.0002505973415110803,0.9995332306574416,0.00016211344553781852,3,0.9995332306574416
0.000724701778077488,0.9989607707111008,0.0001261457230656778,8.684795788749592e-05,0.00010153382986856904,1,0.9989607707111008
0.0003504051692628686,0.9993661352978717,0.00012423670356772403,7.360415513407839e-05,8.561867416355286e-05,1,0.9993661352978717
5.42493213262981e-06,7.562658378513323e-05,0.9998976493250517,1.2570963347402644e-05,8.728195683056454e-06,2,0.9998976493250517
0.0002816605404361215,0.9985610607668868,0.0007591435670732674,0.0001857686849533601,0.00021236644065053211,1,0.9985610607668868
0.00038495776682910136,0.005396267842418819,0.993115630104148,0.0004009715185004674,0.0007021727681036532,2,0.993115630104148
1.05686852391215e-05,2.1219582528382846e-05,9.996258207998998e-05,9.275362735870672e-05,0.9997754955227937,4,0.9997754955227937
0.001131746548875655,0.9974971236974902,0.0005271548713965938,0.0003909060315071626,0.0004530688507304868,1,0.9974971236974902
7.279866867677051e-06,1.4589826865877609e-05,8.488231496268993e-05,8.262403372920012e-05,0.9998106239575745,4,0.9998106239575745
1.844812311356408e-05,4.229149594287838e-05,0.00021258997125126044,0.999598799802995,0.00012787060669731203,3,0.999598799802995
1.4209824998965995e-05,2.747680206789579e-05,0.00019993307171370996,0.9996484181165478,0.0001099621846714556,3,0.9996484181165478
3.278514526632437e-05,0.00042687303077280307,0.9994228757485476,5.350536209363192e-05,6.39607133195376e-05,2,0.9994228757485476
2.8172328967060055e-05,7.76526910076483e-05,0.0002594705578348758,0.0036697700410320846,0.9959649343811583,4,0.9959649343811583
1.234449683200212e-05,9.269492583896961e-05,0.9995992834261757,3.3981609981876105e-05,0.0002616955411715124,2,0.9995992834261757
2.2654131042584495e-05,0.0029663471516750543,0.9969362583594991,4.0152474132867995e-05,3.4587883650597816e-05,2,0.9969362583594991
0.00011869202016100673,0.9846050496313755,0.014881114829639552,0.00017998640866527253,0.00021515711015854936,1,0.9846050496313755
7.782341269819095e-06,1.847140379603397e-05,5.4294047101451997e-05,7.557908301126801e-05,0.9998438731248214,4,0.9998438731248214
9.531802404253767e-06,4.8494972193123565e-05,0.999701200583321,2.624275747737176e-05,0.00021452988460423424,2,0.999701200583321
3.147773501024432e-05,0.0004659449867400873,0.9993714739860967,6.206347404756206e-05,6.903981810543323e-05,2,0.9993714739860967
8.20929672183513e-06,1.3239069879385201e-05,6.366996666508408e-05,9.179998214502234e-05,0.9998230816845887,4,0.9998230816845887
1.9358636258275406e-05,4.933461214997734e-05,0.0001401841146206834,0.9996753530255993,0.000115769611371734,3,0.9996753530255993
5.414812065480942e-05,0.9985195893661257,0.0012213227131744498,9.725850916378983e-05,0.00010768129088120191,1,0.9985195893661257
5.95880275687791e-06,0.0002807423105108315,0.9996870168329391,1.3808078925183054e-05,1.2473974868125968e-05,2,0.9996870168329391
7.66628743931664e-06,0.00024851507057105403,0.9997009795988706,2.1057566181268998e-05,2.178147693785825e-05,2,0.9997009795988706
0.9988561525542549,0.0008913115589137407,0.00014538397437053848,4.9677262057182e-05,5.7474650403722896e-05,0,0.9988561525542549
0.9992011009745414,0.0005367116283039446,0.00017232849972515884,4.144980053702226e-05,4.8409096892449064e-05,0,0.9992011009745414
0.0001284586508956598,0.00031455443889751673,0.0012973843335086308,0.9206256056681791,0.07763399690851892,3,0.9206256056681791
7.009993535372011e-06,5.188582219749469e-05,0.9997856596772355,1.8142587279014576e-05,0.00013730191975260187,2,0.9997856596772355
0.9965577310240961,0.003383749288636778,2.4883264591150854e-05,1.5549155128951442e-05,1.8087267547316026e-05,0,0.9965577310240961
1.4554670616341096e-05,3.0098913605129587e-05,0.00015324102095868455,0.9997115452625103,9.056013230961011e-05,3,0.9997115452625103
1.7843175815556326e-05,3.618630465973487e-05,0.00020324814251719323,0.9996203442636796,0.00012237811332792094,3,0.9996203442636796
0.00018470675551246428,0.25516280259337526,0.7440143378757992,0.0003346023034898381,0.0003035504718232632,2,0.7440143378757992
2.283678497718585e-05,5.543800998753272e-05,0.00022327790040540613,0.9995670677970663,0.00013137950756359664,3,0.9995670677970663
4.192582941525411e-06,0.00014088144688527126,0.999833633319358,1.0224987722185885e-05,1.1067663092980924e-05,2,0.999833633319358
2.4676634295406593e-05,5.9973822474447235e-05,0.0002913429741303662,0.002777481599393075,0.9968465249697066,4,0.9968465249697066
2.0538054822133228e-05,4.5896420509393246e-05,0.00019659191272505824,0.999593660986512,0.00014331262543135095,3,0.999593660986512
5.526178608649403e-06,5.723324736472672e-05,0.9999137865429941,1.2717946149481306e-05,1.0736084882946289e-05,2,0.9999137865429941
1.5398384261808883e-05,0.0026590475391257856,0.9972264352006559,3.691581540626789e-05,6.220306055016777e-05,2,0.9972264352006559
1.5304797429843042e-05,3.249973626398428e-05,0.00016639078692847693,0.9997212225978037,6.45820815739887e-05,3,0.9997212225978037
0.9993234867970342,0.0004268767707882511,0.00015335944346559914,5.313705663954545e-05,4.31399320724119e-05,0,0.9993234867970342
8.863122851174603e-06,1.6725839620849826e-05,8.649050898125163e-05,8.12771598461734e-05,0.9998066433687005,4,0.9998066433687005
7.748877190858554e-05,0.9996439018134644,0.0001696902406377467,5.872801480840995e-05,5.0191159180874e-05,1,0.9996439018134644
7.178227015788957e-06,0.00039219727902501316,0.9995673722434233,1.821540834677553e-05,1.5036842189045636e-05,2,0.9995673722434233
6.2997368018487465e-06,0.0003618859051544256,0.9996007156567063,1.2777720106471197e-05,1.8320981231119226e-05,2,0.9996007156567063
7.54764937331647e-06,1.4810431921722543e-05,6.744136057973374e-05,7.288058769718827e-05,0.999837319970428,4,0.999837319970428
8.219918613870356e-05,0.9996106515926114,0.00017707295394287748,5.31492894549776e-05,7.692697785207754e-05,1,0.9996106515926114
9.179921752390098e-06,4.89372385377182e-05,0.9998822324302403,2.0763583530214055e-05,3.8886825939531625e-05,2,0.9998822324302403
8.437840225656518e-06,9.22261258722721e-05,0.9998433660327035,2.4797324723861803e-05,3.117267647473031e-05,2,0.9998433660327035
8.448444168106235e-06,7.626954365750554e-05,0.9997449376585896,1.988161152436329e-05,0.00015046274206039276,2,0.9997449376585896
0.0007436950899850617,0.8870877690947755,0.11115884253059223,0.000476469724756346,0.0005332235598910966,1,0.8870877690947755
6.123601292156045e-06,0.00012158763421920314,0.9998423155434881,1.3808017601565324e-05,1.6165203399092964e-05,2,0.9998423155434881
7.636939280233683e-06,0.0006132755863537627,0.9993385023587111,2.042497280410678e-05,2.0160142850847484e-05,2,0.9993385023587111
7.949350005372071e-06,1.7014614314642565e-05,9.500625452151545e-05,0.0001472525141787317,0.9997327772669797,4,0.9997327772669797
0.9997040522704999,0.00018798959721840215,4.785539840008535e-05,2.8131906481507484e-05,3.197082740022245e-05,0,0.9997040522704999
1.5044279887325268e-05,3.463298263068698e-05,0.00015988284621055982,0.9996697859021991,0.00012065398907236326,3,0.9996697859021991
0.9994748918309213,0.0003260507311658411,0.00012099440829459137,4.3561574163870215e-05,3.450145545438011e-05,0,0.9994748918309213
6.677058590884521e-06,0.00014142588829358494,0.9998211975099014,1.694364757770757e-05,1.3755895636440024e-05,2,0.9998211975099014
1.5276515168578404e-05,0.0002524622870238112,0.9996540404108673,3.37579581244584e-05,4.4462828815870856e-05,2,0.9996540404108673
8.868023590960725e-06,2.5161744055855315e-05,8.116943775133203e-05,9.459002453208742e-05,0.9997902107700697,4,0.9997902107700697
0.9996050619114459,0.0002938143016380228,4.1016145955717356e-05,2.659961058892146e-05,3.350803037124035e-05,0,0.9996050619114459
6.298993609638152e-06,0.0004775262920858549,0.9994882551630585,1.2878633761796123e-05,1.5040917484278497e-05,2,0.9994882551630585
2.389149629175734e-05,4.431527636412746e-05,0.0002984333551878265,0.999393317286647,0.00024004258550930474,3,0.999393317286647
0.0008637996441371488,0.9976770538291978,0.0009400882728565054,0.0002727030920689567,0.0002463551617397285,1,0.9976770538291978
7.280021017995515e-06,1.4912894334639535e-05,7.930122107215146e-05,6.6711034487874e-05,0.9998317948290875,4,0.9998317948290875
0.0002736818700761064,0.9992816806242105,0.0002441411891585564,8.869301475613758e-05,0.00011180330179854461,1,0.9992816806242105
0.999761254327277,0.00020187939484137847,1.6170003697812858e-05,1.096248150076828e-05,9.733792683187947e-06,0,0.999761254327277
0.9990893492512536,0.0007540869850576106,8.000747669271877e-05,4.0013244732605944e-05,3.6543042263553286e-05,0,0.9990893492512536
0.0021885324720658417,0.9933942218362587,0.0026360385473378116,0.0007882987847412642,0.0009929083595963972,1,0.9933942218362587
0.00011714094321859624,0.999388814682275,0.00033114576930951635,9.781142839666636e-05,6.508717680024062e-05,1,0.999388814682275
8.006460871498373e-06,1.27903632906756e-05,7.06306987854641e-05,7.402854645871689e-05,0.9998345439305938,4,0.9998345439305938
0.9836113001039288,0.014952624216934081,0.0006183203268336113,0.0003926959827425319,0.00042505936956100906,0,0.9836113001039288
7.618089510874058e-06,1.7276598856706722e-05,8.0047499267074e-05,8.230033517503319e-05,0.9998127574771905,4,0.9998127574771905
8.379271572874405e-06,7.938370098295465e-05,0.9997196048297602,2.4720871380085628e-05,0.00016791132630385546,2,0.9997196048297602
1.1698982272860282e-05,2.184509338633023e-05,8.273516893619855e-05,0.0001632554427963247,0.9997204653126083,4,0.9997204653126083
0.00013177484555527651,0.9993477014120243,0.0003051527117960212,9.955986097841415e-05,0.00011581116964594869,1,0.9993477014120243
8.875366728155187e-06,1.9363313966301295e-05,8.202371138646786e-05,0.00011047427225258379,0.9997792633356665,4,0.9997792633356665
1.0890842373973165e-05,8.419385280365793e-05,0.999630182049909,2.9615798776212373e-05,0.0002451174561370151,2,0.999630182049909
5.039238920293639e-06,3.5847277587068976e-05,0.9998319932421634,1.3703355601337973e-05,0.00011341688572785684,2,0.9998319932421634
8.325655085552248e-06,1.5962374164295014e-05,0.0001095038082919031,8.90292854799616e-05,0.9997771788769781,4,0.9997771788769781
5.7454969748699525e-06,0.0001408395989071394,0.9998250852926557,1.3152278357901027e-05,1.5177333104473846e-05,2,0.9998250852926557
0.9995174153360578,0.0003791950090375602,4.2953053754593143e-05,2.793811029767575e-05,3.249849085238136e-05,0,0.9995174153360578
0.9986751692419963,0.0010198976164446285,0.0001595967107282158,5.6186641942644014e-05,8.914978888817868e-05,0,0.9986751692419963
6.2255055426788375e-06,0.00010042252327052696,0.999863361526712,1.4309630102265008e-05,1.5680814372717e-05,2,0.999863361526712
0.0004476824691749046,0.009455666319237832,0.9891381111598925,0.0003759729662338818,0.0005825670854609393,2,0.9891381111598925
5.91340018085766e-06,0.00040647658058697153,0.999556342673762,1.3067398780132561e-05,1.819994668977668e-05,2,0.999556342673762
7.284801246369061e-06,1.539791834730939e-05,8.194934591592154e-05,8.319684073229335e-05,0.9998121710937582,4,0.9998121710937582
6.834553797144251e-06,0.00019166668533290724,0.9997734514694904,1.446299728724599e-05,1.3584294092589409e-05,2,0.9997734514694904
7.055902400974301e-06,0.0001155206892103545,0.999842052941597,1.6744156548052083e-05,1.862631024361464e-05,2,0.999842052941597
8.436423621501694e-06,7.258924752062241e-05,0.9997060658478842,2.3032011735466876e-05,0.00018987646923791706,2,0.9997060658478842
5.769495532905772e-06,5.994781277642048e-05,0.9997906319786811,1.3885880147301502e-05,0.00012976483286227,2,0.9997906319786811
6.523184424585427e-05,0.9996982540583323,0.0001292658488763559,5.669610749597066e-05,5.0552141049545504e-05,1,0.9996982540583323
0.9975537923321961,0.0023666039796096474,3.757431881659558e-05,2.044929861970131e-05,2.158007075796654e-05,0,0.9975537923321961
8.868295702022161e-06,2.338749593386267e-05,7.226006418515295e-05,7.459528979035914e-05,0.9998208888543886,4,0.9998208888543886
9.984693986296825e-05,0.0022643813365533804,0.9972707696203339,0.00017554833638993466,0.0001894537668595898,2,0.9972707696203339
7.430803520224976e-06,5.751468100751899e-05,0.9998916681926131,2.1235666044211526e-05,2.215065681500626e-05,2,0.9998916681926131
0.00015488483690656503,0.9988223752169012,0.0006911626102129304,0.00011135228545656758,0.00022022505052285296,1,0.9988223752169012
8.10293494509136e-06,0.000701570767988444,0.9992532786079471,2.0354241557820904e-05,1.6693447561731505e-05,2,0.9992532786079471
8.5041804137997e-06,1.778172979301799e-05,6.660975381402373e-05,6.194158914889844e-05,0.9998451627468302,4,0.9998451627468302
7.280002382423144e-06,1.6630796636230383e-05,8.983595703512691e-05,5.7017808262378806e-05,0.9998292354356839,4,0.9998292354356839
7.750279950269906e-06,0.00012209167734585064,0.9998128267519762,1.5191059597319175e-05,4.214023113030086e-05,2,0.9998128267519762
6.455873285153713e-05,0.9942194968159266,0.005473555133556521,0.000128973147985597,0.00011341616967980391,1,0.9942194968159266
7.297580100893646e-06,4.911567377028923e-05,0.999760455051191,1.8886891013236444e-05,0.0001642448039246188,2,0.999760455051191
0.9999019312633021,6.118370566356319e-05,1.3746728024040386e-05,7.675224891678771e-06,1.5463078118588286e-05,0,0.9999019312633021
0.9977781506188506,0.0021725496976152353,2.049867876747637e-05,1.3313879876658442e-05,1.5487124890379027e-05,0,0.9977781506188506
1.6535522333143284e-05,2.4901917584322442e-05,0.0001939273139490956,0.9996243597246229,0.00014027552151052686,3,0.9996243597246229
5.105119516403875e-06,5.359943537732199e-05,0.9999154348632746,1.1273640721959586e-05,1.4586941109596402e-05,2,0.9999154348632746
0.9995108030964535,0.0003578979937962378,5.291681852524809e-05,3.615581917750184e-05,4.2226272047467214e-05,0,0.9995108030964535
0.0002557137967191923,0.007621561268068043,0.9916185715470527,0.0002359796796298178,0.00026817370853037556,2,0.9916185715470527
7.769760861709504e-06,1.5220794210005355e-05,0.00010089378761159016,8.495120759705406e-05,0.9997911644497195,4,0.9997911644497195
0.0011160281982811806,0.005966297550060044,0.9917747702675885,0.00048001701789690467,0.000662886966173344,2,0.9917747702675885
7.547663202623289e-06,1.8241986855768114e-05,7.043083371023247e-05,6.46275771489757e-05,0.9998391519390825,4,0.9998391519390825
6.680111983703402e-06,5.426442320148398e-05,0.9997705424292341,1.8165431609286122e-05,0.0001503476039712814,2,0.9997705424292341
4.813789708526968e-06,2.888893955117789e-05,0.9999409619928236,1.1827550287138423e-05,1.3507727629509462e-05,2,0.9999409619928236
1.6091992976077274e-05,3.068869561192859e-05,0.00015850846625084584,0.9996758377696092,0.0001188730755520226,3,0.9996758377696092
0.9985115014404835,0.001260392222827901,0.0001286062259852376,4.846446181199364e-05,5.103564889142248e-05,0,0.9985115014404835
5.010072194734709e-06,0.00010011631043823736,0.9998726608676314,1.1891134416057456e-05,1.0321615319638954e-05,2,0.9998726608676314
7.284681741369179e-06,1.8521599866779e-05,9.469523736026914e-05,8.372900886175926e-05,0.9997957694721699,4,0.9997957694721699
1.2609344831728219e-05,3.32011925520884e-05,0.0001438925566781253,9.474104791089344e-05,0.9997155558580271,4,0.9997155558580271
0.9985889744506192,0.0013012355466148276,4.779283507335991e-05,2.466155997403205e-05,3.733560771850543e-05,0,0.9985889744506192
1.5653084692831897e-05,2.6161423833089226e-05,0.00020078841124028648,0.9996479275614277,0.00010946951880609759,3,0.9996479275614277
7.489617765454423e-06,5.4178187857603166e-05,0.9997577664313321,1.8044236853678555e-05,0.0001625215261912918,2,0.9997577664313321
9.319377986332292e-06,1.721665926128894e-05,0.00010507446896879663,0.000109258418374402,0.9997591310754093,4,0.9997591310754093
2.458435073993294e-05,5.589637665676563e-05,0.00024245487892564022,0.9994869952573691,0.0001900691363085512,3,0.9994869952573691
7.659438140999754e-06,0.0028165807212386105,0.9971458731611659,1.3613271749790625e-05,1.6273407704551355e-05,2,0.9971458731611659
0.00012313807087559932,0.9995307571870846,0.00018314634639800462,9.389709531880473e-05,6.90613003228531e-05,1,0.9995307571870846
9.626414493794806e-06,2.0686969878531523e-05,7.665766916019409e-05,8.793643529390228e-05,0.9998050925111737,4,0.9998050925111737
6.454881728170866e-06,0.0011454258999443225,0.9988164094555377,1.4658515427302965e-05,1.705124736240045e-05,2,0.9988164094555377
0.00010553735966558834,0.9994618994109573,0.00024073390526973908,8.805097332201566e-05,0.00010377835078549446,1,0.9994618994109573
1.4864823701349621e-05,3.8604790262022696e-05,0.00018260971560131047,0.00013171231502338545,0.999632208355412,4,0.999632208355412
0.9993275069746341,0.0006137330220276924,2.3846522445667608e-05,1.5251202257896306e-05,1.9662278634742573e-05,0,0.9993275069746341
0.9996507025132194,0.0002599223646049346,2.9905189787288704e-05,2.512170559838905e-05,3.434822678991819e-05,0,0.9996507025132194
7.90319990096246e-06,0.00012461223006496197,0.9998290969670278,2.210564418393052e-05,1.6281958822404315e-05,2,0.9998290969670278
3.1874869202799885e-05,0.0027054627193734953,0.9970809523105076,8.014183409398253e-05,0.00010156826682195358,2,0.9970809523105076
1.2447171159138755e-05,9.61053706284789e-05,0.9996018386289726,2.9751643611115395e-05,0.00025985718562871347,2,0.9996018386289726
0.9993749064481307,0.00044400541946369016,0.000108570748391489,3.59052463820437e-05,3.661213763204231e-05,0,0.9993749064481307
8.789287355588738e-06,1.8653554284599673e-05,8.782638930150617e-05,9.950323092712646e-05,0.9997852275381313,4,0.9997852275381313
3.806682795619243e-06,0.00010812065553619308,0.9998669972577184,9.359399311803978e-06,1.1716004637980026e-05,2,0.9998669972577184
0.01716723891822006,0.9812465856184037,0.0007006429630687795,0.0004033567726509786,0.00048217572765653154,1,0.9812465856184037
0.9952678646946151,0.004680276641785707,2.0852370291081177e-05,1.4333321627583847e-05,1.6672971680444174e-05,0,0.9952678646946151
1.3989251796896833e-05,3.328408216001588e-05,0.00017144848277341574,0.9996552105617208,0.00012606762154871882,3,0.9996552105617208
9.341241314065234e-06,7.642818233140535e-05,0.9996767977884619,2.2482270169780803e-05,0.00021495051772291263,2,0.9996767977884619
8.364957162096876e-06,1.915951255975957e-05,8.630330623358759e-05,0.00010660872391623344,0.9997795635001283,4,0.9997795635001283
1.5381527543630518e-05,3.635019659989486e-05,0.0001754028646470275,0.9996674996928543,0.00010536571835531351,3,0.9996674996928543
7.279988115403721e-06,1.4915180099842433e-05,6.442416382668238e-05,8.610465239125906e-05,0.9998272760155668,4,0.9998272760155668
0.9993957459503068,0.0005628302960981246,1.8340445436746496e-05,1.2189491052909316e-05,1.0893817105459043e-05,0,0.9993957459503068
4.585971394020475e-06,4.65959942828639e-05,0.9999207126748103,1.0593441886605095e-05,1.7511917626361875e-05,2,0.9999207126748103
0.00015309909264908398,0.9993170022426417,0.00027568417455967547,0.0001052869513434895,0.00014892753880588547,1,0.9993170022426417
8.377618066143575e-06,1.921630225651198e-05,0.00010069495749362506,6.379920374172498e-05,0.9998079119184421,4,0.9998079119184421
0.998909213740198,0.0008432442403065375,8.638091506803248e-05,7.088450863543098e-05,9.027659579195708e-05,0,0.998909213740198
7.547487137536712e-06,1.1461643142577683e-05,8.159029698925236e-05,8.357198050706393e-05,0.9998158285922235,4,0.9998158285922235
7.5475187665607755e-06,1.607777096332233e-05,8.119420306112977e-05,7.516201729816072e-05,0.9998200184899108,4,0.9998200184899108
1.6062518097890907e-05,3.5568897200300676e-05,0.00020389681337863074,0.999611755987604,0.00013271578371930887,3,0.999611755987604
9.105072326726475e-06,1.1318655844163656e-05,9.159113596946206e-05,7.783939437188724e-05,0.9998101457414879,4,0.9998101457414879
2.127707912703854e-05,4.560438119741892e-05,0.0002968608380636745,0.9994971744105323,0.0001390832910793482,3,0.9994971744105323
0.0007853645168276103,0.9970175897270638,0.0013542166627395406,0.0004651730166364384,0.0003776560767327159,1,0.9970175897270638
7.552558140227383e-06,1.7109333548781397e-05,9.369550636842311e-05,7.019382423025565e-05,0.9998114487777122,4,0.9998114487777122
0.996094515398062,0.003851639324834596,2.5359586958850846e-05,1.504230081624461e-05,1.3443389328248861e-05,0,0.996094515398062
0.00013427144972898673,0.99796873453326,0.001504067823079754,0.0001848078310415031,0.00020811836288983955,1,0.99796873453326
1.9323507153425115e-05,5.3153954699072704e-05,0.00019628646048319584,0.9996050426460003,0.0001261934316640553,3,0.9996050426460003
5.2277502003828814e-05,0.0006265538046989708,0.9990760873810187,0.00010903277622153066,0.0001360485360567939,2,0.9990760873810187
0.00023425232193213596,0.998935704476019,0.0005582139838917332,0.00013727720344814675,0.00013455201470918257,1,0.998935704476019
0.9961660265757663,0.00377480470586439,2.554575237129442e-05,1.550948513677612e-05,1.8113480861448097e-05,0,0.9961660265757663
0.9995427309991274,0.00034496259062765847,4.3872766378006327e-05,3.119830766991121e-05,3.723533619724261e-05,0,0.9995427309991274
7.599623429497686e-06,2.156342492909637e-05,6.728136976542318e-05,7.129556229280135e-05,0.9998322600195831,4,0.9998322600195831
0.0001545192393163344,0.9958586731801474,0.003733075034848719,0.00010193762684036665,0.0001517949188473892,1,0.9958586731801474
8.870277736717083e-06,1.6801199248804448e-05,9.310343193035735e-05,9.602390987399325e-05,0.9997852011812102,4,0.9997852011812102
0.0001328175153002823,0.9987090603773203,0.0009343622470056171,9.300307019287025e-05,0.00013075679018102588,1,0.9987090603773203
8.795333558647298e-06,2.02771675073219e-05,9.313944823409453e-05,0.0001067938073145916,0.9997709942433852,4,0.9997709942433852
1.971369926249893e-05,4.736476240588606e-05,0.0002292353129106333,0.9995325676733453,0.00017111855207578675,3,0.9995325676733453
1.3350482648381029e-05,2.9374122956207963e-05,0.00010612896694279145,0.00021420077190089864,0.9996369456555518,4,0.9996369456555518
7.892710843925794e-06,1.9095635306474816e-05,8.806376937439763e-05,7.901497815770337e-05,0.9998059329063174,4,0.9998059329063174
1.0539931026382395e-05,2.2268973951395205e-05,0.0001153225781414713,0.0001306189121428772,0.9997212496047378,4,0.9997212496047378
0.00021425249985697936,0.998863569890071,0.0006537227843146199,0.0001398118299536682,0.00012864299580367058,1,0.998863569890071
7.393021327407645e-06,0.0003335760648280027,0.9996250625141274,1.874779014036619e-05,1.5220609576657e-05,2,0.9996250625141274
0.9992633037584414,0.0006096066587670769,5.6368802589986624e-05,3.326070751024445e-05,3.746007269127705e-05,0,0.9992633037584414
0.9997561403450933,0.00021133079246751316,1.3295307612303126e-05,1.0220727555749686e-05,9.012827271060525e-06,0,0.9997561403450933
7.782212155905964e-06,2.128653613813988e-05,7.541617981413018e-05,6.822998279153793e-05,0.9998272850891003,4,0.9998272850891003
1.29746205325426e-05,2.4888278396376762e-05,0.00011768334297003073,0.0001984077160460007,0.9996460460420551,4,0.9996460460420551
1.4424856419174223e-05,2.8012512672742223e-05,0.0001837238040168136,0.9996795469134127,9.429191347868313e-05,3,0.9996795469134127
9.595599576220836e-06,1.8689599955532686e-05,0.00012003549829406374,0.00011312750800160578,0.9997385517941726,4,0.9997385517941726
1.0745054678529563e-05,1.5463538738013748e-05,0.00010405531204173617,0.00012128061964368302,0.999748455474898,4,0.999748455474898
0.00015574837176206367,0.999207054112471,0.00036858863741507297,0.00011225830899790571,0.00015635056935376078,1,0.999207054112471
8.377657426969478e-06,1.2911584209621958e-05,9.192489657598005e-05,7.417651445238796e-05,0.9998126093473351,4,0.9998126093473351
3.8866209193296385e-06,0.0001319823211457684,0.9998443922803746,9.47879904469518e-06,1.0259978515683589e-05,2,0.9998443922803746
8.41126366507125e-06,0.00016050843344585236,0.9997870968064551,1.886003023333839e-05,2.512346620074608e-05,2,0.9997870968064551
0.004269726071198937,0.9952335571782461,0.0002070114982288444,0.0001562068446761347,0.00013349840764981133,1,0.9952335571782461
7.882876868114069e-06,6.838661298622503e-05,0.9997209166339069,2.142166004633401e-05,0.00018139221619248443,2,0.9997209166339069
8.013189995871405e-06,1.8286778638883195e-05,5.76656879672182e-05,6.976901799811244e-05,0.9998462653254,4,0.9998462653254
1.650080830554727e-05,3.39438355471074e-05,0.00018844495421448045,0.0018784852061452999,0.9978826251957875,4,0.9978826251957875
0.9996225408995595,0.0003050920263897329,3.2050996697227084e-05,1.789425127283601e-05,2.242182608066959e-05,0,0.9996225408995595
0.9992590301642917,0.0004985529420686636,0.00014698996347617445,5.657416414141586e-05,3.885276602200672e-05,0,0.9992590301642917
7.2799505869410035e-06,1.6047917401472694e-05,8.542075152932454e-05,6.912949155114868e-05,0.9998221218889312,4,0.9998221218889312
1.0578837364517258e-05,2.287806619480341e-05,0.00011479400557998074,0.00015255000189722166,0.9996991990889635,4,0.9996991990889635
8.784270829793555e-06,2.4534460105836083e-05,8.84225990441665e-05,8.452710628600735e-05,0.9997937315637342,4,0.9997937315637342
8.33157824434267e-06,1.4862852842543208e-05,7.990539447866324e-05,8.458152536075777e-05,0.9998123186490736,4,0.9998123186490736
1.022313013638852e-05,2.4280291832892102e-05,9.93871075941988e-05,9.607555795539882e-05,0.9997700339124811,4,0.9997700339124811
1.0113087799135122e-05,9.42688814614342e-05,0.999671300699391,2.500219692297555e-05,0.00019931513442537777,2,0.999671300699391
8.154285814269272e-06,1.8483236257857576e-05,8.289899147465383e-05,8.206728838888887e-05,0.9998083961980644,4,0.9998083961980644
0.0020621196014417842,0.9859214678855588,0.005411135182095975,0.00019173401071758336,0.00641354332018592,1,0.9859214678855588
0.00014453121231364566,0.9948240415653821,0.0012383502102333312,0.0001198290557329465,0.003673247956337895,1,0.9948240415653821
0.0002919134855442205,0.9793139017389918,0.019381686490594508,0.00018387838506416835,0.000828619899805129,1,0.9793139017389918
0.9990778461952439,0.0006868447920505796,0.0001425743430964701,4.340573023131425e-05,4.9328939377719816e-05,0,0.9990778461952439
9.765112132671775e-06,0.0001995078656851784,0.9997402366013082,2.4694852572742996e-05,2.57955683012875e-05,2,0.9997402366013082
7.706285567387364e-06,1.517661570751708e-05,7.57148378384123e-05,7.307573723002417e-05,0.9998283265236566,4,0.9998283265236566
8.003580272250104e-06,1.8942442273658817e-05,8.801468771076704e-05,7.091998871514078e-05,0.9998141193010281,4,0.9998141193010281
1.5897761926798415e-05,3.8981209150608045e-05,0.0001872395135785967,0.9996295066683336,0.00012837484701039295,3,0.9996295066683336
8.174321541811626e-06,5.982431494002272e-05,0.9998836469663349,2.3561235467439018e-05,2.4793161715561126e-05,2,0.9998836469663349
0.0002491431510842118,0.9984171855174575,0.0007690123168677586,0.000265008084457761,0.0002996509301325089,1,0.9984171855174575
1.4643166274189269e-05,2.210948406940524e-05,0.00014238674243646475,0.9997554703481747,6.539025904511684e-05,3,0.9997554703481747
0.9998651600042697,0.00010295400091115821,1.1921057441723763e-05,9.587403716510639e-06,1.0377533661042742e-05,0,0.9998651600042697
1.0249302676730396e-05,2.197008358186889e-05,0.0001161053827078566,0.00019955027045205786,0.9996521249605814,4,0.9996521249605814
0.000134217489916708,0.002946909006047763,0.996368784209094,0.0002547269316387043,0.00029536236330269746,2,0.996368784209094
0.9995207273378375,0.0003432981968936737,6.607919274205048e-05,3.681211685090321e-05,3.308315567586553e-05,0,0.9995207273378375
0.0001629853417050183,0.9993234391813733,0.0003219602373349859,8.728003162340124e-05,0.00010433520796318389,1,0.9993234391813733
0.00016506063856435924,0.9990175331111869,0.00048578780902552897,0.00014666082133033576,0.00018495761989298896,1,0.9990175331111869
0.0001477804785261522,0.9987651248146945,0.0005989072553259216,0.00023131160826900585,0.00025687584318439784,1,0.9987651248146945
0.006870936360247485,0.9922084876478497,0.0003734655997372371,0.0002492067563765743,0.0002979036357888889,1,0.9922084876478497
9.97630122810351e-06,1.697310670805602e-05,0.00010143189157625561,8.899094366407075e-05,0.9997826277568236,4,0.9997826277568236
7.972140507404074e-06,8.415099256480513e-05,0.9997009485936891,2.3482018954811055e-05,0.00018344625428379577,2,0.9997009485936891
8.889212360364701e-06,1.3873975099497221e-05,7.776573839777547e-05,5.3994271064080936e-05,0.9998454768030783,4,0.9998454768030783
1.0357082379040295e-05,6.42039998741699e-05,0.9996597358631166,2.7215932585884615e-05,0.00023848712204429522,2,0.9996597358631166
0.00013596907477017914,0.9991599160099187,0.00039833581966487925,0.0001397500402983654,0.00016602905534785306,1,0.9991599160099187
8.25033941609066e-06,6.642283818026896e-05,0.9997197683610373,1.9870142639706495e-05,0.0001856883187265632,2,0.9997197683610373
7.547369405432768e-06,1.1492426589577296e-05,0.0001008523052651589,7.987528156219054e-05,0.9998002326171777,4,0.9998002326171777
4.461938638726682e-06,1.6833701271160533e-05,0.9999594570478,1.0061159164552664e-05,9.186153125690104e-06,2,0.9999594570478
7.656506150800838e-06,1.284644643877269e-05,8.324956342130877e-05,5.977692715137319e-05,0.9998364705568377,4,0.9998364705568377
7.280035132140156e-06,1.3671678922270333e-05,8.342694878779525e-05,6.188808364359452e-05,0.9998337332535142,4,0.9998337332535142
2.861711585617471e-05,7.03835801830517e-05,0.00037997665282063487,0.00016794277685038938,0.9993530798742897,4,0.9993530798742897
8.205007086879173e-06,6.903512521226135e-05,0.9997107634671851,2.3063991282079797e-05,0.0001889324092335915,2,0.9997107634671851
0.9980163998821405,0.0016444955447570799,0.00013750136612465,9.435485026847469e-05,0.00010724835670933312,0,0.9980163998821405
8.134125816566364e-06,1.5118017896636172e-05,7.52046230957925e-05,7.240754290051057e-05,0.9998291356902905,4,0.9998291356902905
0.003692078618498784,0.9914359261528475,0.002820544582785896,0.0009539090158428314,0.0010975416300249411,1,0.9914359261528475
1.1568124322704714e-05,8.695256541865671e-05,0.9996478730313807,2.5624438445439413e-05,0.0002279818404327628,2,0.9996478730313807
7.547729240471598e-06,2.1501793460486127e-05,6.09960177999208e-05,6.20544848356895e-05,0.9998478999746635,4,0.9998478999746635
5.086447349037124e-06,0.00014468529681291187,0.9998268419685872,1.290732590280191e-05,1.0478961348208374e-05,2,0.9998268419685872
9.377965335749205e-06,8.011017448712788e-05,0.9996746612052404,2.478314262643915e-05,0.00021106751231046857,2,0.9996746612052404
7.942155939289494e-06,0.00016621993962494749,0.9997887782633268,2.0697426109229107e-05,1.636221499963292e-05,2,0.9997887782633268
8.365345823089119e-06,2.1626928314284607e-05,7.262102344863642e-05,7.137044590649496e-05,0.9998260162565076,4,0.9998260162565076
1.8233035924383998e-05,0.0007505285284207636,0.9990549115284824,3.800468788288987e-05,0.000138322219289447,2,0.9990549115284824
4.4153260812086775e-06,4.9133380958884324e-05,0.9998890310545308,1.0575642632898079e-05,4.68445957962561e-05,2,0.9998890310545308
0.00013503563423666347,0.9991400115651077,0.00044093917459930496,0.00013868239871267718,0.00014533122734379324,1,0.9991400115651077
0.0009746313049804772,0.998848148038796,6.845303048815823e-05,5.14527658491502e-05,5.7314859886105476e-05,1,0.998848148038796
0.0001586731979612116,0.9914781024458014,0.003967988181464384,0.00013663455997471724,0.0042586016147983154,1,0.9914781024458014
9.611575092761776e-06,2.3711886500509808e-05,9.84040423308774e-05,9.045375277405684e-05,0.9997778187433018,4,0.9997778187433018
4.157983188451116e-05,0.0039313942180014445,0.9958872431418792,6.499794733237714e-05,7.478486090250595e-05,2,0.9958872431418792
8.006448956877896e-06,1.3311379259652014e-05,9.053471843221156e-05,5.5091402273926116e-05,0.9998330560510772,4,0.9998330560510772
1.131365604152266e-05,7.4434209067754e-05,0.9996418367086342,3.257305919159225e-05,0.00023984236706506819,2,0.9996418367086342
1.0166612766350748e-05,1.2771626109136866e-05,6.762924066969377e-05,8.300427055433411e-05,0.9998264282499005,4,0.9998264282499005
7.238038346192982e-06,1.803644131286727e-05,5.865810272696706e-05,5.515285951129188e-05,0.9998609145581027,4,0.9998609145581027
2.125577782184373e-05,4.9138449822135225e-05,0.00020913593757685927,0.00020646872884505757,0.999514001105934,4,0.999514001105934
0.00023424079720799938,0.9985570168401529,0.0008283192229718205,0.00017892717870627005,0.00020149596096111303,1,0.9985570168401529
0.0002968389457652241,0.9988025170901755,0.0005030458975561128,0.0001845884985806213,0.000213009567922488,1,0.9988025170901755
0.0005592848263781075,0.997850142001905,0.0008784975572631334,0.00031492094975124016,0.0003971546647024055,1,0.997850142001905
8.377658065202924e-06,1.9955515028624618e-05,9.614052770090589e-05,6.284078334071985e-05,0.9998126855158646,4,0.9998126855158646
0.0001135869264889037,0.9995857806031592,0.00014649121687126775,7.95968615098648e-05,7.454439197071002e-05,1,0.9995857806031592
8.981547469205011e-06,1.8237555244554533e-05,7.917963630635016e-05,9.088153626237892e-05,0.9998027197247175,4,0.9998027197247175
7.233012913313794e-06,1.5411666093544212e-05,6.709801633469625e-05,6.785520023317559e-05,0.9998424021044253,4,0.9998424021044253
9.429858566665854e-06,2.1364171165474847e-05,0.00010452906434739367,0.00011529232854323092,0.9997493845773772,4,0.9997493845773772
9.267222067877289e-05,0.0004635470734490992,0.9992596100860237,9.118767274772063e-05,9.298294710086744e-05,2,0.9992596100860237
5.895569047391501e-06,2.383548254960779e-05,0.9999384414350804,1.527307275542401e-05,1.6554440567315866e-05,2,0.9999384414350804
0.0001771710627699435,0.0029082127537130194,0.9964919588659586,0.00020008331620448113,0.00022257400135389103,2,0.9964919588659586
1.0407244121915676e-05,2.4280779498748164e-05,0.00011444647278806717,0.00010268846295712308,0.9997481770406342,4,0.9997481770406342
1.1131135707344702e-05,9.776158091094797e-05,0.9998211151427715,3.070809148791178e-05,3.928404912205202e-05,2,0.9998211151427715
7.280117123070974e-06,1.5724048615683948e-05,6.163014970486854e-05,7.037186746460786e-05,0.9998449938170918,4,0.9998449938170918
0.4843569603587445,0.5104160250192469,0.003095990294889745,0.00109093890568701,0.001040085421431828,1,0.5104160250192469
7.547489195529699e-06,1.3927234732321887e-05,8.042734981458853e-05,8.199671164644089e-05,0.9998161012146111,4,0.9998161012146111
0.0028597228274269606,0.9922226289866749,0.0030595673594319642,0.0008463489315500294,0.0010117318949162148,1,0.9922226289866749
8.414753666392071e-06,2.116311501952431e-05,8.42801386471718e-05,0.00011289384738134258,0.9997732481452856,4,0.9997732481452856
1.3790201558285667e-05,0.00016301259792633432,0.9997551057726429,3.496827101686722e-05,3.3123156855501625e-05,2,0.9997551057726429
0.9992449062984409,0.0005799573678116044,7.545057457077098e-05,4.521141822470831e-05,5.447434095180253e-05,0,0.9992449062984409
7.656385844687744e-06,1.4271499670644122e-05,8.203599391189134e-05,7.52759200167876e-05,0.999820760200556,4,0.999820760200556
3.836274781505607e-05,0.9995941443677844,0.00026843568823584107,5.334845389491068e-05,4.57087422698438e-05,1,0.9995941443677844
0.00022577960502439558,0.9986549884120767,0.0007463340967358987,0.0001798427367821501,0.0001930551493809421,1,0.9986549884120767
7.645045527915844e-06,5.8822384869966226e-05,0.9997362661452567,2.1227957224633066e-05,0.00017603846712081552,2,0.9997362661452567
3.1457640112064835e-05,7.763861217998401e-05,0.00041692222747118064,0.0003836937849905762,0.9990902877352462,4,0.9990902877352462
7.656561099509114e-06,1.641373340591551e-05,6.953185544079404e-05,6.275173278902633e-05,0.9998436461172646,4,0.9998436461172646
9.293209857128034e-06,6.157850560657352e-05,0.9998520578491238,1.993225851628357e-05,5.7138176896219706e-05,2,0.9998520578491238
4.271430993900706e-06,0.00012678603526664138,0.9998470438872902,9.904698120009022e-06,1.1993948329246777e-05,2,0.9998470438872902
2.0414159537155135e-05,1.267561561255704e-05,8.767036690768995e-05,8.204336840391949e-05,0.9997971964895387,4,0.9997971964895387
0.9837029611143615,0.015486381411175261,0.0003539265651502341,0.00019910689603759192,0.0002576240132752829,0,0.9837029611143615
7.547430262755406e-06,1.5255127769023366e-05,8.134715033395482e-05,8.755590325376501e-05,0.9998082943883805,4,0.9998082943883805
0.00019953799483847463,0.9914930078701567,0.002902984859240706,0.0001496145079698217,0.005254854767794312,1,0.9914930078701567
0.00014716620867142859,0.013082444858552285,0.9862178761845132,0.0002433245735812509,0.00030918817468182733,2,0.9862178761845132
7.280192856719718e-06,1.245853111566156e-05,7.13698424158472e-05,5.34964226546463e-05,0.9998553950109572,4,0.9998553950109572
0.00022152034852264586,0.9987316619351227,0.0006821913395506507,0.00013533046688690438,0.0002292959099169529,1,0.9987316619351227
0.99477821491366,0.0037713076366032976,5.889008382424651e-05,4.285303265478785e-05,0.0013487343332577147,0,0.99477821491366
0.9996231143069443,0.0002683851057323797,5.9114373391801504e-05,2.2495237450879787e-05,2.6890976480689857e-05,0,0.9996231143069443
7.547536290541374e-06,2.0492638603138377e-05,7.298459237333518e-05,7.663534063062227e-05,0.9998223398921023,4,0.9998223398921023
0.0011799263155827875,0.9958514298029804,0.0014764925399958309,0.0005427720934207079,0.0009493792480205003,1,0.9958514298029804
0.0017420242814942949,0.9961306112518195,0.001037569162119834,0.0005295236449939658,0.000560271659572446,1,0.9961306112518195
8.680535006113836e-06,1.2032125844107517e-05,8.665928119605491e-05,5.5518679235307674e-05,0.9998371093787185,4,0.9998371093787185
4.253261303246168e-06,0.00013129168800753927,0.9998451067287973,1.0591789635744288e-05,8.756532256199158e-06,2,0.9998451067287973
9.028056869741677e-06,7.248346953624652e-05,0.9996919307196958,2.3365543618936247e-05,0.00020319221027932918,2,0.9996919307196958
0.9921960244687583,0.007603108389441696,7.030176710597331e-05,5.4106837647642736e-05,7.645853704644284e-05,0,0.9921960244687583
6.591940778759689e-06,0.00012827584822150168,0.9998296524712859,1.6969924805737076e-05,1.850981490811751e-05,2,0.9998296524712859
0.9973828742898949,0.0025530850865624574,2.6311971443848855e-05,1.7440875622683155e-05,2.0287776476007522e-05,0,0.9973828742898949
1.636683368419728e-05,4.0636587084014e-05,0.00020828716521609618,0.0012822310651367046,0.998452478348879,4,0.998452478348879
5.1391174469167036e-06,0.0003363258515960808,0.9996305141881731,1.3002701995489508e-05,1.501814078849579e-05,2,0.9996305141881731
1.187373773727348e-05,2.4600711643416506e-05,0.00013146273826967724,0.00012172820146095566,0.9997103346108887,4,0.9997103346108887
7.2802364964377835e-06,1.796669482412574e-05,5.9530629946054976e-05,5.3833986612745865e-05,0.9998613884521206,4,0.9998613884521206
2.1297297920363438e-05,5.978900441590321e-05,0.00024074538840348773,0.9995274649533287,0.0001507033559315036,3,0.9995274649533287
7.988536581484769e-06,5.8396173140729464e-05,0.9997320958318501,2.172347039739162e-05,0.00017979598803032477,2,0.9997320958318501
1.114716931912221e-05,1.8315944191685168e-05,0.00010720791760981712,9.458169326000624e-05,0.9997687472756194,4,0.9997687472756194
0.0003671203047566885,0.9992867375014481,0.00019962576329310118,6.965199646910944e-05,7.686443403273056e-05,1,0.9992867375014481
8.464910194460999e-06,1.5627755339685155e-05,8.865567334517015e-05,7.787346577895138e-05,0.9998093781953418,4,0.9998093781953418
0.0004483259534558182,0.9983741763283688,0.0007261820373706908,0.00020557262030808162,0.0002457430604966656,1,0.9983741763283688
8.036197731515591e-06,1.6159554451299894e-05,9.406610155425974e-05,6.937232772264672e-05,0.9998123658185403,4,0.9998123658185403
0.9992125462055284,0.0005668558927884249,9.493838872899849e-05,5.808879496960058e-05,6.757071798454715e-05,0,0.9992125462055284
9.649973191908548e-06,1.82180687129538e-05,9.252337213909276e-05,0.00011512448725461567,0.9997644840987014,4,0.9997644840987014
0.0014226425186828488,0.05335429004710499,0.9394987178386066,0.0010705073925166677,0.004653842203088927,2,0.9394987178386066
7.280335134905661e-06,1.5639584501696413e-05,4.810305403162465e-05,5.404165228143797e-05,0.9998749353740504,4,0.9998749353740504
4.711663559365178e-06,2.6654738114370446e-05,0.9999468140287395,1.2119287615667494e-05,9.700281971025522e-06,2,0.9999468140287395
7.547512123078394e-06,1.8369529370888934e-05,8.687984218780538e-05,6.80646887012182e-05,0.999819138427617,4,0.999819138427617
8.377666105789041e-06,1.777452014408052e-05,7.316073458104077e-05,8.704197770956699e-05,0.9998136451014594,4,0.9998136451014594
8.894398145574317e-06,1.3409617910505427e-05,8.815803781238408e-05,6.741890236492109e-05,0.9998221190437665,4,0.9998221190437665
6.46574733453797e-06,4.963356164813664e-05,0.9998037689532822,1.586559398771669e-05,0.00012426614374758604,2,0.9998037689532822
0.9959579553984408,0.004002967901616972,1.4296398685674755e-05,1.1730838781122166e-05,1.3049462475339014e-05,0,0.9959579553984408
1.1902646380168002e-05,3.0022377596597132e-05,8.677621076959179e-05,0.0001462350413208243,0.9997250637239329,4,0.9997250637239329
0.9995984576883554,0.00026942275521601295,6.512560875473699e-05,3.0515494926984966e-05,3.6478452746719955e-05,0,0.9995984576883554
0.998188824721251,0.0015509016711797016,0.00014127972335772524,5.3458071034268815e-05,6.553581317715787e-05,0,0.998188824721251
0.00019204002401281104,0.9993570539584097,0.0002668981336109078,8.710817511575923e-05,9.689970885096608e-05,1,0.9993570539584097
7.237680757179786e-06,1.6018777107167164e-05,0.00010169745860646255,6.352878759465961e-05,0.9998115172959345,4,0.9998115172959345
7.61588766575663e-06,0.0002910717799169235,0.9996629359710077,1.8258195044608974e-05,2.0118166364896305e-05,2,0.9996629359710077
7.67900658053337e-06,1.3522965318290462e-05,7.273386072382652e-05,7.295964933170707e-05,0.9998331045180456,4,0.9998331045180456
3.746800807767978e-05,0.007233179538651932,0.9916670687766035,9.079932012943604e-05,0.0009714843565374644,2,0.9916670687766035
0.007908923843299406,0.9898743809835268,0.0007078881224768396,0.0003959705383165517,0.001112836512380468,1,0.9898743809835268
7.2328635365103455e-06,1.592648447131795e-05,8.476997171089157e-05,7.031740695420766e-05,0.999821753273327,4,0.999821753273327
0.17500146739465428,0.822431792545714,0.001470508432175772,0.0005461629265863142,0.0005500687008696725,1,0.822431792545714
8.816012464994225e-06,1.6835954859063292e-05,7.692209172296376e-05,7.873304192571418e-05,0.9998186928990274,4,0.9998186928990274
0.0002768610713505569,0.9993378417004679,0.00023398807365818418,6.892075922670406e-05,8.238839529671646e-05,1,0.9993378417004679
5.152515636716786e-06,2.2576256651616767e-05,0.9999333102516891,1.235120916869061e-05,2.6609766853784292e-05,2,0.9999333102516891
9.197782983120694e-05,0.9995002477072944,0.00023484865603657203,7.475708317902465e-05,9.816872365876255e-05,1,0.9995002477072944
1.5411533691520978e-05,4.3219796581515316e-05,0.00014833927527618942,0.0001391532160265309,0.9996538761784244,4,0.9996538761784244
7.547690880421228e-06,1.5150191196458716e-05,6.574766051137176e-05,6.873603967530582e-05,0.9998428184177365,4,0.9998428184177365
1.0761250874576615e-05,9.302891912085467e-05,0.9996182485490954,3.0167582186857304e-05,0.00024779369872234675,2,0.9996182485490954
6.885146198868491e-06,0.000250699230249518,0.9997136405474302,1.555715089605138e-05,1.321792522514699e-05,2,0.9997136405474302
8.424341748321505e-06,0.00012776817515088338,0.9998396306936292,1.2602691764091751e-05,1.1574097707561041e-05,2,0.9998396306936292
1.835239377277722e-05,0.001417032299513228,0.9984837132823806,3.6850572310619605e-05,4.405145202261801e-05,2,0.9984837132823806
0.00032291622356724796,0.9988968595374227,0.0004338085795407267,0.00015320500558435067,0.00019321065388519263,1,0.9988968595374227
7.520945776401138e-05,0.9996554190746915,0.00015870460962328498,6.577680281066018e-05,4.489005511066959e-05,1,0.9996554190746915
0.9976037771842673,0.0016403297245980873,0.00014474857307782154,6.355714902820495e-05,0.0005475873690286634,0,0.9976037771842673
5.51485567121815e-05,0.0003732257840654245,0.9994548997038478,6.442322080299267e-05,5.2302734571465844e-05,2,0.9994548997038478
0.9994332819707608,0.0004477547805659435,4.989817571014786e-05,3.192680576750922e-05,3.7138267195812224e-05,0,0.9994332819707608
7.284948210174017e-06,2.0256053099621607e-05,7.741162956466029e-05,6.270603380070763e-05,0.999832341335325,4,0.999832341335325
0.00023315145855691243,0.9990063568527195,0.0004383148510503929,0.00015251648890943746,0.00016966034876354986,1,0.9990063568527195
6.07628697625638e-06,2.7559733351154317e-05,0.9999343082335844,1.4993859303532527e-05,1.706188678477061e-05,2,0.9999343082335844
0.9992034239466683,0.0006553134458010856,5.692176600362088e-05,3.9796361596241756e-05,4.45444799307389e-05,0,0.9992034239466683
1.0322578425511394e-05,1.7693532408422757e-05,9.679797271373682e-05,0.00010863324403146809,0.999766552672421,4,0.999766552672421
7.728894938243534e-06,1.350821242431333e-05,8.956821134195151e-05,6.9065466254908e-05,0.9998201292150405,4,0.9998201292150405
6.760143740064814e-06,5.5029872659569624e-05,0.9999023818632898,1.684600054039607e-05,1.898211977025872e-05,2,0.9999023818632898
8.378432531816597e-06,1.3900387382791417e-05,7.611870645198589e-05,6.594446371032168e-05,0.9998356580099231,4,0.9998356580099231
0.99955600296246,0.0002545825252026084,7.262638138333386e-05,3.11555115502649e-05,8.563261940369089e-05,0,0.99955600296246
1.0352956496524539e-05,2.141822974768922e-05,9.227506611320209e-05,0.0001086370529933382,0.9997673166946491,4,0.9997673166946491
0.9998339200658746,0.00013393656014634193,1.515663985105117e-05,7.737394452992914e-06,9.249339675190453e-06,0,0.9998339200658746
7.232754657091364e-06,1.9689780147184386e-05,9.019891188498787e-05,7.617602869922279e-05,0.9998067025246116,4,0.9998067025246116
0.00026796302747898076,0.9992339398417972,0.0002713922686022697,0.00010541604417772757,0.00012128881794389824,1,0.9992339398417972
8.792568429756777e-06,1.9930784838541485e-05,9.629329292745167e-05,6.134804356843663e-05,0.9998136353102358,4,0.9998136353102358
6.861262977866998e-05,0.0006394674280134655,0.9990951145457299,9.525555377055724e-05,0.00010154984270738034,2,0.9990951145457299
1.0841306127977678e-05,7.044658745755103e-05,0.9996565677062185,3.163937145136159e-05,0.00023050502874454254,2,0.9996565677062185
0.0038650811000357625,0.9941372775105419,0.0011518134704165334,0.00039550357474404745,0.00045032434426161313,1,0.9941372775105419
1.6644422501845588e-05,3.829879484122263e-05,0.00020631562613789998,0.999608581592013,0.00013015956450603716,3,0.999608581592013
0.00024142447194234963,0.9986073030815632,0.0008644948308019938,0.00013365370991869026,0.0001531239057736975,1,0.9986073030815632
7.232838837893858e-06,1.2351249061582535e-05,8.841734755985956e-05,7.365945960135297e-05,0.9998183391049392,4,0.9998183391049392
7.237875348861056e-06,1.611483957084916e-05,8.436288172985912e-05,5.388625833854058e-05,0.9998383981450119,4,0.9998383981450119
0.0002209211608724563,0.006339829216428671,0.9926886126545659,0.00033396415655067213,0.0004166728115822416,2,0.9926886126545659
1.0138075450510985e-05,2.0321979805274872e-05,0.00014872559242997506,9.338819745941154e-05,0.9997274261548548,4,0.9997274261548548
0.00058471578391293,0.9660036847097971,0.017231253310050734,0.00044967008163274423,0.015730676114606615,1,0.9660036847097971
8.719328126536771e-06,1.2374981596526264e-05,8.64300919331281e-05,9.408092587004314e-05,0.9997983946724738,4,0.9997983946724738
0.00011129871224949374,0.9995270180289293,0.00022936236748402237,6.933220357155276e-05,6.298868776562008e-05,1,0.9995270180289293
5.695757995800896e-06,0.00035704450546642094,0.9996095450646244,1.2678897681654536e-05,1.5035774231753383e-05,2,0.9996095450646244
8.324026162348577e-06,1.5220128443147145e-05,8.592559577787449e-05,8.097927141798982e-05,0.9998095509781987,4,0.9998095509781987
8.564830389453027e-06,0.00015178028513051776,0.9998004410562076,1.865557196775371e-05,2.0558256304553816e-05,2,0.9998004410562076
8.36486059980729e-06,1.5313801202213305e-05,0.00011435188389782965,9.394707767799182e-05,0.9997680223766221,4,0.9997680223766221
4.944601078984145e-06,9.970499862875564e-05,0.9998698016643677,1.249588052847772e-05,1.305285539598067e-05,2,0.9998698016643677
1.0113902952465783e-05,2.1876011077434582e-05,6.913241684267244e-05,8.069476556214011e-05,0.9998181829035654,4,0.9998181829035654
7.2378461586265345e-06,1.6067026896111773e-05,8.14579869321869e-05,6.0871327131703894e-05,0.9998343658128813,4,0.9998343658128813
0.9994645610330781,0.00035593658779749406,0.00010208096015955572,3.5666380859841834e-05,4.1755038105071665e-05,0,0.9994645610330781
9.02563714828059e-06,2.085949374821174e-05,9.955893394800723e-05,6.359570226395467e-05,0.9998069602328915,4,0.9998069602328915
1.0752196775923187e-05,1.658801055500503e-05,8.464832417065707e-05,0.0001226926878044665,0.9997653187806941,4,0.9997653187806941
6.661845358037277e-06,2.6079826562622067e-05,0.999930131344557,1.5819722318740992e-05,2.130726120373147e-05,2,0.999930131344557
1.2106407805361963e-05,2.9620819408727287e-05,0.0001196553124999823,0.00011726055728892194,0.999721356902997,4,0.999721356902997
0.9742789232663325,0.02348599938909366,0.0008567444400510716,0.0003535921736528385,0.0010247407308701154,0,0.9742789232663325
0.9997728068179031,0.00014236541352696206,3.470712375641822e-05,2.2353999744931935e-05,2.776664506845906e-05,0,0.9997728068179031
7.552595599338727e-06,1.5507231965548057e-05,0.00010301976110773106,5.751277759744695e-05,0.9998164076337299,4,0.9998164076337299
1.0612495619573925e-05,2.382781443638469e-05,9.965531152014931e-05,8.683967512186034e-05,0.9997790647033019,4,0.9997790647033019
9.958329397660647e-06,2.4858673554466316e-05,9.42600282417298e-05,7.275668120631818e-05,0.9997981662875998,4,0.9997981662875998
0.9998004222316609,0.0001465526654591971,1.2543810506801617e-05,9.414867480702788e-06,3.106642489230319e-05,0,0.9998004222316609
0.0013014104062985198,0.9947111607733427,0.002281030257024819,0.0008388800610302658,0.0008675185023037626,1,0.9947111607733427
0.9991504579101783,0.0007406719263283037,4.824895210197454e-05,2.0627263367783468e-05,3.9993948023703886e-05,0,0.9991504579101783
8.500269336586357e-06,1.5837872230642138e-05,8.190333405612648e-05,5.400366401093509e-05,0.9998397548603657,4,0.9998397548603657
7.284992693057925e-06,1.0185533441246367e-05,9.073409772994897e-05,5.334892864207872e-05,0.9998384464474938,4,0.9998384464474938
8.499784905019816e-06,7.470842007897786e-05,0.9997279786891918,2.2331242602199997e-05,0.00016648186322207163,2,0.9997279786891918
1.4536392687101692e-05,2.120253332506051e-05,6.834976300384625e-05,0.00010107301695125477,0.9997948382940327,4,0.9997948382940327
1.1023533938787717e-05,1.7470124575972538e-05,0.00011716994975973499,0.00016958627617290266,0.9996847501155526,4,0.9996847501155526
8.311079903219033e-06,1.2590730817806274e-05,0.000112896361118254,5.961948396542876e-05,0.9998065823441953,4,0.9998065823441953
7.679109690974674e-06,1.6599709993568418e-05,6.1028913449311124e-05,6.816241423388861e-05,0.9998465298526323,4,0.9998465298526323
1.5829508493862645e-05,2.7431423168094497e-05,0.00010049104129644941,0.9997771032173693,7.914480967217074e-05,3,0.9997771032173693
1.0559365212122675e-05,0.0002489938402207646,0.9996093925040579,2.553188417173984e-05,0.00010552240633726361,2,0.9996093925040579
2.0839507666084306e-05,0.0002286258209602073,0.9996177288707808,5.378252017908026e-05,7.902328041382595e-05,2,0.9996177288707808
7.232947965987008e-06,1.7666370134017982e-05,7.990878871773257e-05,6.176766450552513e-05,0.9998334242286766,4,0.9998334242286766
0.004922020169509911,0.9933858468061234,0.0010083920067756333,0.000319624618392808,0.00036411639919825106,1,0.9933858468061234
2.035543041144783e-05,4.57706513056194e-05,0.00019913957232525788,0.00024013467513435177,0.9994945996708232,4,0.9994945996708232
1.076392553758016e-05,1.6802331998749557e-05,8.815334858259174e-05,9.85488877516134e-05,0.9997857315061295,4,0.9997857315061295
6.218012814968965e-06,4.226175503359601e-05,0.9999200387408983,1.5067058455157073e-05,1.6414432798048758e-05,2,0.9999200387408983
9.716678905364057e-06,0.0008934489138274756,0.9990530798226122,2.0415761206077148e-05,2.3338823449142392e-05,2,0.9990530798226122
7.656365040226024e-06,1.911539514673066e-05,9.28176213579591e-05,6.236720009307775e-05,0.9998180434183619,4,0.9998180434183619
0.00039326803074205046,0.9852886119734637,0.0027980127812827077,0.0003547542488116803,0.011165352965699723,1,0.9852886119734637
0.013443871420051517,0.9859249514846127,0.0003533550614404325,0.00011580261375423817,0.00016201942014117918,1,0.9859249514846127
8.076568934588001e-06,2.147881667992704e-05,7.672042765571523e-05,7.669452737220791e-05,0.9998170296593575,4,0.9998170296593575
0.00022671046877218562,0.998166411486907,0.00123151019309168,0.0002040950671717856,0.0001712727840572125,1,0.998166411486907
0.9990618348008078,0.0007591473614958585,9.16224371870761e-05,4.004454483121312e-05,4.735085567794192e-05,0,0.9990618348008078
0.9989297756631593,0.0008437356609790492,0.00010475848474384285,7.253031410984976e-05,4.919987700796807e-05,0,0.9989297756631593
1.3261350142140082e-05,2.2308348771296132e-05,8.163774063686463e-05,0.00011998962318367242,0.9997628029372659,4,0.9997628029372659
7.978886691214868e-06,1.2883198470188824e-05,7.979018167713467e-05,7.942659341700485e-05,0.9998199211397445,4,0.9998199211397445
1.0218574274791301e-05,8.370851658941704e-05,0.9996471492747131,2.8936747681092988e-05,0.00022998688674163704,2,0.9996471492747131
1.438520564508611e-05,3.567872830943106e-05,0.00012771176770834302,0.0010791380849419557,0.9987430862133951,4,0.9987430862133951
0.0004576702951339565,0.9983230255409913,0.0006945756966070084,0.00024155997431122057,0.00028316849295653544,1,0.9983230255409913
0.995490084213911,0.0044520760695697425,2.0484164217767872e-05,1.642002196699161e-05,2.0935530334602353e-05,0,0.995490084213911
0.999276732682432,0.000519584551871593,0.00011670164553669844,3.9546472577035796e-05,4.7434647582589956e-05,0,0.999276732682432
7.232856327259682e-06,1.97745625924838e-05,8.729672673316934e-05,6.493913869070673e-05,0.9998207567156564,4,0.9998207567156564
9.40365754027985e-06,1.933323435634521e-05,0.00010191128570892056,8.94223848598444e-05,0.9997799294375347,4,0.9997799294375347
2.5725364778757115e-05,0.00041903863888414133,0.9994502091994741,4.83714698439516e-05,5.665532701907021e-05,2,0.9994502091994741
1.09533009935803e-05,9.02459846084076e-05,0.9996375662057196,2.834827425540583e-05,0.00023288623442310494,2,0.9996375662057196
0.9991741197975853,0.0005952594821656424,0.00013644960590175785,4.3382604907086436e-05,5.078850944005471e-05,0,0.9991741197975853
7.009937946198201e-06,5.478559165150301e-05,0.9997718112467304,1.7349747847867193e-05,0.00014904347582400478,2,0.9997718112467304
8.868276452834033e-06,8.06701621204759e-05,0.9996952706663198,2.6763336329171796e-05,0.00018842755877765486,2,0.9996952706663198
0.00024764760821979417,0.9989105490476672,0.0004985982218343672,0.0001624711466030747,0.0001807339756756345,1,0.9989105490476672
3.663298288353717e-05,0.9995737695761268,0.0002951631074712023,5.101229562311764e-05,4.342203789548485e-05,1,0.9995737695761268
8.2033199134918e-06,1.940322021838387e-05,7.852373640999106e-05,9.093893203440787e-05,0.9998029307914237,4,0.9998029307914237
2.6179333929486328e-05,0.001996166049986142,0.9978604173143283,5.1727462493365594e-05,6.550983926258994e-05,2,0.9978604173143283
4.909043304048359e-06,8.585866605939102e-05,0.9998843009902024,1.1972311153207786e-05,1.2958989280792468e-05,2,0.9998843009902024
0.00028211442357912894,0.20904074960136337,0.7898931085013756,0.00036698067771710237,0.0004170467959646743,2,0.7898931085013756
9.06627609619815e-06,7.458514921082305e-05,0.9997216871223906,2.353670154975132e-05,0.00017112475075240885,2,0.9997216871223906
0.0004872320154566176,0.9987587068480489,0.0004178113874964568,0.00015393421481449103,0.00018231553418339221,1,0.9987587068480489
8.380185341574056e-06,5.296472107906934e-05,0.9998920979785709,2.076502893239107e-05,2.57920860760983e-05,2,0.9998920979785709
9.594243248015941e-06,2.2138076782545373e-05,9.173705768505681e-05,9.128109725846357e-05,0.999785249525026,4,0.999785249525026
7.233146476546549e-06,1.5427014237379708e-05,5.73993516947231e-05,5.9075512289108743e-05,0.9998608649753024,4,0.9998608649753024
0.0012018277136181007,0.9985617971179311,0.00012944297483629162,5.221444237022027e-05,5.4717751244392186e-05,1,0.9985617971179311
5.851804543714674e-06,0.00011527128810053247,0.9998463061062848,1.4572601657277282e-05,1.7998199413592023e-05,2,0.9998463061062848
1.0243781470722875e-05,9.094958885998143e-05,0.999652521025761,2.410918140678405e-05,0.00022217642250176213,2,0.999652521025761
7.232794421395041e-06,1.9345284772570978e-05,9.451654283609377e-05,6.670610706697128e-05,0.9998121992709029,4,0.9998121992709029
0.9998088521597782,0.00016174545450148935,1.2137003379399156e-05,8.070952451638482e-06,9.194429889562684e-06,0,0.9998088521597782
7.23299490471078e-06,1.7850691918387755e-05,7.47630688683704e-05,6.0240526410078484e-05,0.9998399127178984,4,0.9998399127178984
1.2731835586959199e-05,2.927296897510676e-05,0.00011248494547875729,0.00013088970489125837,0.999714620545068,4,0.999714620545068
5.0274266524039255e-05,0.9997144025247816,0.0001681327547532033,3.614866738228067e-05,3.104178655901449e-05,1,0.9997144025247816
7.656296588804513e-06,1.3693687983768593e-05,9.654866836443918e-05,7.299676141924365e-05,0.9998091045856438,4,0.9998091045856438
7.520246413605457e-06,0.00011402591167796222,0.9998390655544533,1.7613997417141375e-05,2.177429003807513e-05,2,0.9998390655544533
7.679035528702803e-06,1.3680715911394014e-05,7.172409930283536e-05,7.004247984927002e-05,0.9998368736694079,4,0.9998368736694079
0.002124189953133529,0.9960732519009771,0.0010596916658790311,0.00034735948270303444,0.0003955069973072384,1,0.9960732519009771
0.24418376873527672,0.7503933218774346,0.0030853369313177553,0.0011242523936212223,0.0012133200623498678,1,0.7503933218774346
0.9999158351979155,4.888714694974115e-05,1.1260068202134921e-05,8.025875954496961e-06,1.5991710978301247e-05,0,0.9999158351979155
1.0489912530716878e-05,0.00011319777128538016,0.999827697629809,2.358350023962072e-05,2.503118613529926e-05,2,0.999827697629809
1.3011746906386096e-05,2.839142770305492e-05,0.00010578679118215506,0.00013681045225274262,0.9997159995819557,4,0.9997159995819557
7.28251853477011e-06,1.945993099315891e-05,9.229750663291382e-05,8.505236881109387e-05,0.9997959076750281,4,0.9997959076750281
0.9956093722648416,0.004323171841339429,3.137193958728529e-05,1.6188233914875776e-05,1.989572031678274e-05,0,0.9956093722648416
7.446357480714845e-06,0.00021325482258904827,0.9997406336538549,1.90081248156155e-05,1.965704125974072e-05,2,0.9997406336538549
0.0009799766000065096,0.9957121303681022,0.0007443579507922926,0.00027150366824072846,0.002292031412858208,1,0.9957121303681022
0.9990263048997773,0.0007417593842599909,0.0001314330872121888,4.4448065143875895e-05,5.605456360661562e-05,0,0.9990263048997773
0.9993728120429481,0.0005015029208524793,6.67046993876723e-05,2.5825587682675165e-05,3.3154749128986066e-05,0,0.9993728120429481
8.150198487957071e-06,7.399274591413484e-05,0.9997101536265415,2.4268957067664417e-05,0.00018343447198850322,2,0.9997101536265415
8.773018466509298e-06,1.6818194147096664e-05,8.261335972197447e-05,8.100973770427158e-05,0.9998107856899602,4,0.9998107856899602
7.237818717064686e-06,1.4963737931073581e-05,8.494486062970764e-05,6.227854073961646e-05,0.9998305750419826,4,0.9998305750419826
7.656418263519183e-06,2.1598388500747003e-05,7.124651972887315e-05,7.450501066854441e-05,0.9998249936628383,4,0.9998249936628383
0.00036250639120060914,0.003598729068457871,0.9954456965450162,0.00027672379173373964,0.00031634420359151374,2,0.9954456965450162
1.104417944608186e-05,2.3870527558971623e-05,0.00010847253072427315,0.00010133628812286687,0.9997552764741479,4,0.9997552764741479
8.504707452600884e-06,7.320312810497385e-05,0.9997058295134879,2.1049334666725205e-05,0.00019141331628790492,2,0.9997058295134879
8.627268860526623e-06,2.201276988744809e-05,6.429912263369908e-05,9.053858298515084e-05,0.999814522255633,4,0.999814522255633
1.3775289313310404e-05,0.0005452778137758807,0.9992939792577624,3.3718528548639295e-05,0.00011324911059981449,2,0.9992939792577624
1.137343435886659e-05,2.210389239110225e-05,7.738216308913368e-05,7.325187049191799e-05,0.999815888639669,4,0.999815888639669
8.371881292448654e-06,1.839688387911643e-05,0.0001258069849167037,8.22235454203474e-05,0.9997652007044914,4,0.9997652007044914
7.2376913831388515e-06,1.9892269577428463e-05,9.15675468615e-05,6.831732875761658e-05,0.9998129851634203,4,0.9998129851634203
1.346983153943576e-05,3.544913077866291e-05,0.00013132466831604234,0.00015039181262352995,0.9996693645567424,4,0.9996693645567424
1.1533944718695692e-05,0.001038978138151803,0.9988962539419997,2.4146707246538524e-05,2.9087267883476064e-05,2,0.9988962539419997
0.9987735333448973,0.00104091857488038,0.00010719448222791835,3.762634274315679e-05,4.072725525124268e-05,0,0.9987735333448973
2.8231117100921273e-05,5.7675765880394456e-05,0.0002626665801567781,0.00029601859432506,0.9993554079425367,4,0.9993554079425367
7.678845075432261e-06,1.6003454312939972e-05,6.592640988718668e-05,9.831529309259846e-05,0.9998120759976318,4,0.9998120759976318
7.678818421705076e-06,1.2071897880233363e-05,8.746392059842568e-05,8.4179772547149e-05,0.9998086055905524,4,0.9998086055905524
7.23297928131774e-06,1.2898720278491908e-05,5.67872065509699e-05,8.53280473497584e-05,0.9998377530465395,4,0.9998377530465395
0.07555337702751637,0.9212880706463457,0.0012994905739598878,0.0007054082861957853,0.001153653465982352,1,0.9212880706463457
0.9996916385247052,0.00017914343293228547,6.830311523188602e-05,2.744055642661137e-05,3.3474370704118184e-05,0,0.9996916385247052
7.954700523341157e-06,1.1431842392871744e-05,8.888825843220759e-05,5.430658136947495e-05,0.999837418617282,4,0.999837418617282
7.974375991210914e-06,1.7309574714115822e-05,6.389940261241974e-05,7.799507914286937e-05,0.9998328215675394,4,0.9998328215675394
0.00023570476282596886,0.9993691044528895,0.0002338173040456269,7.639319072998551e-05,8.49802895089313e-05,1,0.9993691044528895
1.2674718747643961e-05,2.1065408827975402e-05,9.679437220501894e-05,8.679170253617174e-05,0.9997826737976832,4,0.9997826737976832
7.2330366785941905e-06,1.637551614328917e-05,6.905398327368988e-05,6.165020911061067e-05,0.9998456872547938,4,0.9998456872547938
0.00043672131792121864,0.9988481974497678,0.0003636755320827799,0.00014420621192060652,0.0002071994883075624,1,0.9988481974497678
8.305470748374202e-06,7.508390801555378e-05,0.9998681043301901,2.0269310861774166e-05,2.8236980184215564e-05,2,0.9998681043301901
1.1662077926761392e-05,2.8061371203417804e-05,0.0001109169117736057,0.00014189910114301222,0.9997074605379531,4,0.9997074605379531
7.232922414842755e-06,1.5937269544087994e-05,9.304769517378722e-05,5.388990020554133e-05,0.9998298922126616,4,0.9998298922126616
7.656100885084279e-06,1.3746318887361463e-05,0.00010829049224382899,8.675876952757262e-05,0.9997835483184562,4,0.9997835483184562
7.965068789887138e-06,0.00025331775814350395,0.9996957235437531,1.8479166750054625e-05,2.4514462563452764e-05,2,0.9996957235437531
7.592014042473196e-06,2.925399203191233e-05,0.9999168331165071,1.7719280433720283e-05,2.8601596984783188e-05,2,0.9999168331165071
0.00029397139498849804,0.9993951541187871,0.00017858453143539195,6.352723177719935e-05,6.876272301180287e-05,1,0.9993951541187871
1.2383004132324553e-05,0.0008548197204921627,0.9990739250341006,2.9149180665851584e-05,2.9723060609135417e-05,2,0.9990739250341006
7.232972247522044e-06,1.8032586810079227e-05,7.137765654549125e-05,6.65760418291724e-05,0.9998367807425677,4,0.9998367807425677
7.23278980588876e-06,1.3572478400645802e-05,0.00010375689451664168,6.3876582501237e-05,0.9998115612547757,4,0.9998115612547757
0.00015873814212091598,0.9993026765851141,0.000297831766610966,0.00010859248110120258,0.00013216102505286982,1,0.9993026765851141
1.0183035243362642e-05,2.2484069726820285e-05,0.00010261168515969506,0.00010199434506745498,0.9997627268648026,4,0.9997627268648026
0.0014436579231969665,0.6591937528441689,0.33678660144996014,0.0010114207035822665,0.0015645670790918164,1,0.6591937528441689
1.098097800713205e-05,7.474985007622604e-05,0.999635134609922,3.1988445782686155e-05,0.0002471461162120158,2,0.999635134609922
1.0522320320392496e-05,0.00010120760372337118,0.999638051002109,2.715252459039877e-05,0.0002230665492567112,2,0.999638051002109
8.70191171427278e-06,1.912252768824344e-05,9.26027517053747e-05,0.00011681846692497317,0.9997627543419672,4,0.9997627543419672
0.00883354111659428,0.9900949304722682,0.0005977718862617051,0.00019670864520152223,0.00027704787967427775,1,0.9900949304722682
8.009351552844655e-06,5.544205678818334e-05,0.9997324361557468,1.9809921393337553e-05,0.00018430251451876227,2,0.9997324361557468
0.0002807411668421919,0.9976059242472122,0.0016743389455747667,0.00021114627392358266,0.0002278493664471553,1,0.9976059242472122
7.661525295415486e-06,1.5985077665110817e-05,0.00010356602193129064,5.702280372766036e-05,0.9998157645713804,4,0.9998157645713804
0.012423148347293782,0.9868718502517962,0.0002597431851345589,0.00021078243929208867,0.00023447577648317268,1,0.9868718502517962
0.9992570241016185,0.0006142843990251203,5.529632246614366e-05,3.0749484909708436e-05,4.264569198072369e-05,0,0.9992570241016185
8.100419485229085e-06,1.418747164755831e-05,9.206324232311936e-05,5.770832633308719e-05,0.999827940540211,4,0.999827940540211
0.9994694501261174,0.0004017145129817792,6.022021015327193e-05,3.2015628620832225e-05,3.659952212668374e-05,0,0.9994694501261174
1.1797245679170493e-05,3.117240427239071e-05,9.971786928439091e-05,0.00012126114989007305,0.9997360513308741,4,0.9997360513308741
0.999362052179586,0.0005715316602742739,2.733999505910491e-05,1.7872241592190793e-05,2.1203923488206516e-05,0,0.999362052179586
1.6852044476618806e-05,8.677304949668448e-05,0.9997736729425133,2.3489863856649728e-05,9.921209965654883e-05,2,0.9997736729425133
9.827337873027636e-06,2.175448065230594e-05,9.145989613368219e-05,0.00011968976327588332,0.999757268522065,4,0.999757268522065
1.3079783132170553e-05,0.00011892448267691362,0.9995671328732816,3.286937620943138e-05,0.0002679934846998304,2,0.9995671328732816
9.641776091072477e-06,1.949746859574401e-05,9.153959301690843e-05,0.00010010437701820019,0.9997792167852779,4,0.9997792167852779
0.00025093183290350346,0.9988879714755943,0.0004751886798235518,0.00017803172415614435,0.00020787628752240266,1,0.9988879714755943
7.656237535237813e-06,1.1658826773122894e-05,0.00010167832225371877,7.761362738559084e-05,0.9998013929860524,4,0.9998013929860524
0.00012409684254748154,0.9979957808801339,0.0016799633809252957,8.750746931954869e-05,0.00011265142707375786,1,0.9979957808801339
7.1133845222787635e-06,4.755722317776162e-05,0.9997676244516792,1.760578035835416e-05,0.0001600991602625947,2,0.9997676244516792
7.678978562725397e-06,1.4029831382241285e-05,7.913075427170245e-05,6.970393283388339e-05,0.9998294565029495,4,0.9998294565029495
0.0001561054197280651,0.0038589053684910317,0.9956167126518949,0.00017192665286547715,0.0001963499070205144,2,0.9956167126518949
1.57564353389601e-05,0.00040430792526174425,0.9994910822971647,3.776081706798562e-05,5.109252516666017e-05,2,0.9994910822971647
6.057374994058536e-06,0.00012188519204573434,0.9997919780976521,1.585678086986011e-05,6.422255443812812e-05,2,0.9997919780976521
7.732006560231833e-06,1.7403451353781484e-05,6.492487191135361e-05,6.619897277709364e-05,0.9998437406973975,4,0.9998437406973975
0.0005776696612483242,0.9662529918571726,0.03242274926518277,0.0003551820740405653,0.00039140714235566613,1,0.9662529918571726
8.311039577860173e-06,1.6645619161781745e-05,0.00010071652149210718,7.259553701057107e-05,0.9998017312827577,4,0.9998017312827577
7.232953935431463e-06,1.2858656375973869e-05,8.95398358659263e-05,5.611914983454896e-05,0.9998342494039881,4,0.9998342494039881
0.00033212771983076784,0.9988304650561238,0.0003175073370453417,9.519361094438099e-05,0.00042470627605583803,1,0.9988304650561238
7.656492107921572e-06,1.6525888243077444e-05,6.909725508362185e-05,7.208361841964132e-05,0.9998346367461458,4,0.9998346367461458
1.3354781486618335e-05,2.459129686485698e-05,0.9996312510009291,0.00024831392665525866,8.248899406405916e-05,2,0.9996312510009291
8.318647829120623e-06,2.0489427907636204e-05,6.892227573762359e-05,6.301970028604968e-05,0.9998392499482396,4,0.9998392499482396
7.2380176835947025e-06,2.151136411411351e-05,5.645886554164157e-05,5.673152102391548e-05,0.9998580602316367,4,0.9998580602316367
1.4090604199506574e-05,0.00021219293933050738,0.9997251889342376,2.5894648711098724e-05,2.2632873521483905e-05,2,0.9997251889342376
0.0014075438641488465,0.9959376411127698,0.0016290870183104248,0.0004833943945197332,0.0005423336102510765,1,0.9959376411127698
7.282661540258931e-06,1.4030633099096742e-05,9.287765136676823e-05,7.026856899555858e-05,0.9998155404849983,4,0.9998155404849983
8.420302715863556e-06,1.467118201903589e-05,7.020883509103921e-05,9.253505647273616e-05,0.9998141646237013,4,0.9998141646237013
0.00035717534240708933,0.9982881352573187,0.0008263180923814934,0.00024948698505588326,0.0002788843228370108,1,0.9982881352573187
8.342187929746012e-06,1.8246890561817254e-05,8.035694213799078e-05,8.706773110153357e-05,0.9998059862482689,4,0.9998059862482689
8.420327807742438e-06,2.0716379626172792e-05,5.7504888054308276e-05,9.621440859907554e-05,0.9998171439959126,4,0.9998171439959126
7.2329604072308504e-06,2.021878785041082e-05,7.715728130403911e-05,6.024694901705738e-05,0.9998351440214212,4,0.9998351440214212
0.9991019341740208,0.0006152106630348221,0.00017866500186959175,4.7458232304817755e-05,5.673192876984091e-05,0,0.9991019341740208
1.1797068019416035e-05,2.8294361656828983e-05,0.00012959905165672864,0.00010931363939858924,0.9997209958792684,4,0.9997209958792684
1.2794167845520756e-05,2.5418729798583835e-05,0.00013699843652737663,0.00015324563117758496,0.999671543034651,4,0.999671543034651
1.3930024847111107e-05,0.00032507522636702536,0.9995363647033408,3.641805614259713e-05,8.821198930254041e-05,2,0.9995363647033408
0.0004972603705478847,0.9982471546397075,0.000730358554139258,0.0002530947877020196,0.00027213164790338817,1,0.9982471546397075
8.311129114685618e-06,1.992436667669539e-05,7.150894751001704e-05,8.775316976616967e-05,0.9998125023869325,4,0.9998125023869325
8.231134596573736e-06,1.8560975787045697e-05,7.151142907861274e-05,9.564849652267042e-05,0.9998060479640151,4,0.9998060479640151
7.656397810116565e-06,1.825008843363279e-05,7.817706830682517e-05,7.359372121949832e-05,0.9998223227242299,4,0.9998223227242299
4.975933456857564e-06,0.00011495000703310049,0.9998148818533658,1.2399821797634377e-05,5.2792384346786675e-05,2,0.9998148818533658
7.56372591670276e-06,1.6760458486345646e-05,9.163322451575616e-05,6.826894764085436e-05,0.9998157736434403,4,0.9998157736434403
8.310829565888554e-06,1.4333897094305264e-05,0.00010211759366075265,9.877042446549404e-05,0.9997764672552136,4,0.9997764672552136
0.005386820156986132,0.9933409116487326,0.0006993804844427117,0.0002788370542238934,0.0002940506556148143,1,0.9933409116487326
2.150444012734944e-05,0.0005002165216083346,0.999266332229438,5.596971068353183e-05,0.00015597709814276723,2,0.999266332229438
0.00854586637028928,0.9899960286883288,0.0006365064530217591,0.00037451235013059213,0.00044708613822969665,1,0.9899960286883288
9.1952425428085e-06,9.113723356808319e-05,0.9996683736304038,2.4478738695624213e-05,0.00020681515478955948,2,0.9996683736304038
8.14211168142246e-06,2.09829787225811e-05,8.60776222088952e-05,7.292182484257222e-05,0.9998118754625445,4,0.9998118754625445
6.957460019715298e-06,0.00016597138963356773,0.9997946536880657,1.7020545281403007e-05,1.5396916999595672e-05,2,0.9997946536880657
0.00014823107072617912,0.9991268673006358,0.00039490978550561903,0.00011896189998747169,0.000211029943144816,1,0.9991268673006358
7.66167422473142e-06,3.99343057453525e-05,0.999774656299129,1.7332924034248985e-05,0.00016041479686651388,2,0.999774656299129
7.954651912882655e-06,1.6141587833715396e-05,8.521835914701021e-05,9.935032384868398e-05,0.9997913350772577,4,0.9997913350772577
0.0005134358363562162,0.9989277518201668,0.0002592716470656165,0.0001259393987128389,0.00017360129769855933,1,0.9989277518201668
7.68409742237727e-06,1.4134617231623845e-05,8.792783303737994e-05,7.044512611284743e-05,0.9998198083261958,4,0.9998198083261958
1.058463714625081e-05,0.00030441449386626193,0.9996188118810548,2.636300153884549e-05,3.982598639377035e-05,2,0.9996188118810548
0.00019423158688046768,0.9991233155567768,0.0004191727263543392,0.00012268803567017808,0.00014059209431804866,1,0.9991233155567768
1.8337253223293585e-05,3.3876486421645705e-05,0.9995224413553894,0.0003330701011363659,9.227480382928352e-05,2,0.9995224413553894
7.683891293820979e-06,1.9856452869979958e-05,0.00011115587754872604,6.831596233671424e-05,0.9997929878159506,4,0.9997929878159506
7.232900611933112e-06,1.7792058845174073e-05,6.161954127544761e-05,8.647717221762369e-05,0.9998268783270499,4,0.9998268783270499
1.3592552038344803e-05,0.0002376722807618751,0.9986340601789192,3.638819637815228e-05,0.0010782867919024697,2,0.9986340601789192
0.0036297401203083343,0.9770635678992712,0.0014242312431534186,0.0005494844880709751,0.017332976249195893,1,0.9770635678992712
2.3940253860111553e-05,0.0005535982610780083,0.9993252800795129,4.36815772893229e-05,5.349982825960084e-05,2,0.9993252800795129
7.67903422886842e-06,1.74890455211648e-05,6.624046863137995e-05,7.188702512426458e-05,0.9998367044264943,4,0.9998367044264943
1.5572081437930434e-05,0.00011961789754029388,0.9997776801625925,3.394165877720118e-05,5.318819965216597e-05,2,0.9997776801625925
8.178652339858547e-06,2.3502588748580622e-05,8.95151385945998e-05,7.403268863071285e-05,0.9998047709316863,4,0.9998047709316863
1.4209427388109194e-05,0.0013315082705354262,0.9984662575883209,3.726917039395369e-05,0.00015075554336181954,2,0.9984662575883209
4.572213287158747e-06,0.00017314600441131894,0.9997989252471138,1.0961343660286743e-05,1.239519152738458e-05,2,0.9997989252471138
8.030223334760719e-06,1.5528011574322593e-05,8.784505261977301e-05,6.821189194705303e-05,0.9998203848205242,4,0.9998203848205242
5.889761192618825e-06,0.00011201417643583982,0.9998508808869662,1.4677042981442472e-05,1.653813242371093e-05,2,0.9998508808869662
7.65647533305209e-06,1.6407461365873095e-05,7.548577447389144e-05,6.8004114460214e-05,0.999832446174367,4,0.999832446174367
7.691744782632356e-06,1.837619286934422e-05,5.5522871496887434e-05,0.0001024306757680985,0.999815978515083,4,0.999815978515083
9.334853052742566e-06,1.4810719397787637e-05,8.561738933892635e-05,8.317949294022325e-05,0.9998070575452703,4,0.9998070575452703
1.2182604352866362e-05,2.64725085448845e-05,0.00010891648573285349,0.00013733194202940918,0.99971509645934,4,0.99971509645934
0.00012063427244352569,0.9994636107619609,0.00021548372198155162,8.442176550248587e-05,0.00011584947811140443,1,0.9994636107619609
0.00044694473466871254,0.9989429208576903,0.00032261187231467383,0.00013679364944704694,0.00015072888587908798,1,0.9989429208576903
7.684260102886357e-06,1.1697132455771662e-05,6.102567218932495e-05,7.86173611059784e-05,0.9998409755741461,4,0.9998409755741461
1.6012629142746294e-05,0.00011066285099947086,0.9984828387163304,4.096568773231861e-05,0.0013495201157950893,2,0.9984828387163304
1.6511465618973748e-05,0.0014190744823583757,0.9973359499232305,3.665764014438049e-05,0.0011918064886478094,2,0.9973359499232305
0.9991034065993735,0.0006520830929490218,0.00014958873457647257,4.323642482660843e-05,5.168514827461714e-05,0,0.9991034065993735
8.445384708103538e-06,1.7473884133232928e-05,5.940398814787952e-05,6.398436679400426e-05,0.9998506923762168,4,0.9998506923762168
7.232827032294174e-06,1.7162405875106466e-05,7.259459458438252e-05,8.630299319773457e-05,0.9998167071793104,4,0.9998167071793104
0.0006716190754019676,0.008075477461309943,0.9883404984199337,0.0005446472261769648,0.002367757817177535,2,0.9883404984199337
1.3068694535525887e-05,0.00065472150653423,0.998259500490338,3.222639603608506e-05,0.0010404829125563071,2,0.998259500490338
6.543200294903808e-06,5.50739020059975e-05,0.9997749221686699,1.619456207829055e-05,0.0001472661669509294,2,0.9997749221686699
9.587371754450047e-06,1.8404315851453938e-05,0.00010801478568039718,0.0001191665384674554,0.9997448269882463,4,0.9997448269882463
7.767106591966641e-06,1.3218283074374194e-05,9.224719867282115e-05,6.078964786910414e-05,0.9998259777637918,4,0.9998259777637918
5.825605498791257e-06,4.853810247081835e-05,0.9999147611357144,1.4517169627495366e-05,1.6357986688500977e-05,2,0.9999147611357144
6.257264169231326e-06,6.090365359871964e-05,0.9997737938733213,1.5059829721402002e-05,0.0001439853791893925,2,0.9997737938733213
7.978756218443348e-06,2.0300666300956628e-05,7.802357208706851e-05,9.01251736639419e-05,0.9998035718317296,4,0.9998035718317296
0.0004468438938555581,0.0036589385966599866,0.9949632936014257,0.0004052177721501397,0.0005257061359089043,2,0.9949632936014257
7.678947572318474e-06,1.2951672653366089e-05,9.464639878349763e-05,5.930153575848728e-05,0.9998254214452322,4,0.9998254214452322
7.6562847704233e-06,1.4050823999319858e-05,0.00010287036015204902,6.786126667354885e-05,0.9998075612644047,4,0.9998075612644047
0.0023094343442194316,0.9961076046482514,0.000926571286537036,0.0003076953134767881,0.00034869440751519106,1,0.9961076046482514
7.678903769140797e-06,1.349941016643046e-05,8.585465781496084e-05,7.324890761587035e-05,0.9998197181206336,4,0.9998197181206336
1.18843412578486e-05,0.0002425692951548524,0.9996781468433579,3.0822530558352024e-05,3.6576989671040164e-05,2,0.9996781468433579
7.233021646655627e-06,2.14422233095054e-05,6.908260480177698e-05,5.863280817148774e-05,0.9998436093420705,4,0.9998436093420705
0.9994117306921012,0.00010985300441821451,1.960382076062521e-05,1.36094187023756e-05,0.0004452030640178703,0,0.9994117306921012
6.921467265454353e-06,4.17735340894319e-05,0.999873414122508,1.4998458971548172e-05,6.289241716580355e-05,2,0.999873414122508
3.7621253037842173e-06,4.613009239190712e-05,0.9999298032762217,9.265141791201388e-06,1.1039364291468016e-05,2,0.9999298032762217
7.65536653168485e-06,8.284640672102317e-05,0.9997160750029209,2.1242250149000984e-05,0.00017218097367746488,2,0.9997160750029209
0.9986263588306301,0.0011742161570879176,0.00010433916015090384,4.270060948898389e-05,5.238524264219398e-05,0,0.9986263588306301
7.679017916527217e-06,1.337471885473186e-05,6.188628853426821e-05,8.247947120707459e-05,0.9998345805034874,4,0.9998345805034874
7.954591100105593e-06,1.7575848589822685e-05,8.827091422838789e-05,6.253358810204645e-05,0.9998236650579796,4,0.9998236650579796
1.0139347428941243e-05,2.3637236119880437e-05,7.965891475103699e-05,0.00012036927078075844,0.9997661952309194,4,0.9997661952309194
7.851419064000498e-06,1.338124269272891e-05,9.075606243064066e-05,7.575722279945208e-05,0.9998122540530131,4,0.9998122540530131
7.679007257150864e-06,1.9815114066835834e-05,7.323293952343058e-05,6.608032317892744e-05,0.9998331926159736,4,0.9998331926159736
1.2591613940169548e-05,0.00013003484516956517,0.9995377432743066,3.623397163343923e-05,0.0002833962949504848,2,0.9995377432743066
0.9984860377416922,0.0012286133706447568,0.00014292033759263193,6.396455315648035e-05,7.846399691382377e-05,0,0.9984860377416922
7.656301729298821e-06,1.1026962371848467e-05,8.881122279781728e-05,8.272964821019511e-05,0.999809775864891,4,0.999809775864891
0.002706998536128525,0.9917913480990087,0.0019719289966355098,0.0006600917652957595,0.002869632602931368,1,0.9917913480990087
0.9992217513131573,0.0005872175160309559,7.69131260894699e-05,5.1824341230995016e-05,6.229370349099944e-05,0,0.9992217513131573
1.0629754420045353e-05,2.128177530876075e-05,0.00010577110641065688,9.70783143997142e-05,0.9997652390494608,4,0.9997652390494608
7.679058299977576e-06,1.2518343807757447e-05,6.695293036586145e-05,7.301109971510212e-05,0.9998398385678112,4,0.9998398385678112
0.00015008535665539445,0.999267934772375,0.0003878115723823596,9.859041001384308e-05,9.557788857353329e-05,1,0.999267934772375
1.5021597116847603e-05,0.00014999493470944532,0.9986022847057875,4.024104345430107e-05,0.0011924577189321387,2,0.9986022847057875
7.65638817226915e-06,1.6731181620174893e-05,7.967582813653215e-05,7.487245076639991e-05,0.9998210641513047,4,0.9998210641513047
6.639452549858958e-06,0.00015902800750768316,0.9998011881120416,1.5584156955079195e-05,1.7560270945644204e-05,2,0.9998011881120416
7.232951847070676e-06,1.4191884010100722e-05,9.275402004333728e-05,5.18604208714485e-05,0.9998339607232279,4,0.9998339607232279
7.678997666576155e-06,1.3804128505945125e-05,6.736357953288682e-05,7.920940417958343e-05,0.999831943890115,4,0.999831943890115
5.5894516904120005e-06,0.000402107403257273,0.9995637493627691,1.3411115380959274e-05,1.514266690229334e-05,2,0.9995637493627691
0.9992034191193386,0.00047886203048418444,0.00010733725304388393,4.023682357219662e-05,0.00017014477356106528,0,0.9992034191193386
0.004557509368513508,0.994962776774664,8.82852289700665e-05,7.227749856525966e-05,0.00031915112928722556,1,0.994962776774664
6.391929898076693e-06,6.325570403359324e-05,0.9997883602850388,1.6880533119222112e-05,0.00012511154791030243,2,0.9997883602850388
6.810346069189883e-06,5.8365939415487065e-05,0.9997616026442536,1.9942320412067602e-05,0.0001532787498496815,2,0.9997616026442536
7.679050263508225e-06,1.858581296657603e-05,6.295039971876744e-05,7.199254522843506e-05,0.9998387921918228,4,0.9998387921918228
0.00047671754826599975,0.9968916316107558,0.0014934504701459624,0.0005558233819256867,0.0005823769889066095,1,0.9968916316107558
5.9257945743762525e-05,0.9995777473201592,0.0002460522465618712,4.705425409529427e-05,6.988823343978602e-05,1,0.9995777473201592
0.00014824126822388683,0.0034297385539203947,0.9957552429238754,0.000275338293564657,0.00039143896041574674,2,0.9957552429238754
1.066788928023365e-05,7.948337454881695e-05,0.9996407397137121,2.900951565007852e-05,0.00024009950680869608,2,0.9996407397137121
0.9981732190720282,0.001594536431901764,0.00012600625882214247,4.443476181749512e-05,6.180347543042913e-05,0,0.9981732190720282
9.997965131704898e-06,8.725816257886905e-05,0.9998496115718882,2.3123826349228935e-05,3.0008474051924104e-05,2,0.9998496115718882
7.2329114644700015e-06,1.7470316870007084e-05,7.013861740878339e-05,7.677964648250494e-05,0.9998283785077742,4,0.9998283785077742
9.19588829717818e-06,2.0821302376090888e-05,9.487698008942355e-05,9.913584403487925e-05,0.9997759699852025,4,0.9997759699852025
1.161866353497568e-05,3.497116769227749e-05,0.0001256345082438987,0.0001605182810787748,0.9996672573794501,4,0.9996672573794501
0.00011609376581529379,0.9793804514704919,0.020294740548446363,9.989073440800211e-05,0.00010882348083853579,1,0.9793804514704919
9.168974006246651e-06,2.022454010960663e-05,6.855349164883408e-05,0.00011936004613155249,0.9997826929481038,4,0.9997826929481038
9.61139375252398e-06,0.00011113609655518972,0.9996397831725277,2.314811005915308e-05,0.0002163212271054473,2,0.9996397831725277
1.1489618094837002e-05,7.869323016887502e-05,0.9996295697458072,3.105014888908805e-05,0.00024919725704010496,2,0.9996295697458072
0.037636162782964784,0.9606025362440691,0.0007879130421703173,0.00044197407494156346,0.0005314138558540694,1,0.9606025362440691
8.338441885148791e-06,2.042287021710967e-05,6.99987468767453e-05,5.917915597394676e-05,0.9998420607850471,4,0.9998420607850471
5.993120021919878e-06,4.690732077748866e-05,0.9999088254505589,1.4224345075727609e-05,2.404976356572554e-05,2,0.9999088254505589
1.371142954999841e-05,3.2921611811482124e-05,0.00012091988005692563,0.00018336924805592634,0.9996490778305256,4,0.9996490778305256
7.232865654849498e-06,1.3238794789455935e-05,0.00010141247866879337,5.606976279497553e-05,0.999822046098092,4,0.999822046098092
8.87774360263805e-06,9.845245820684497e-05,0.9996650624322764,2.318420458788225e-05,0.00020442316132629736,2,0.9996650624322764
0.0005476271761798414,0.9977352118415812,0.0009299452963979855,0.00028152231294852184,0.0005056933728925171,1,0.9977352118415812
1.029307003424181e-05,9.778813229546658e-05,0.9996433413474054,2.5332012698536345e-05,0.00022324543756657795,2,0.9996433413474054
7.877148929908656e-06,1.7599773080794092e-05,7.868518727600105e-05,6.56072113279829e-05,0.9998302306793854,4,0.9998302306793854
9.163782852561519e-06,1.631214985796986e-05,0.00010484927189217562,8.120129445558726e-05,0.9997884735009417,4,0.9997884735009417
0.0006242647101420558,0.018257341633634263,0.9797027342758386,0.0005175497690507933,0.0008981096113345171,2,0.9797027342758386
8.332236406873812e-06,2.110748465449038e-05,6.029235613155642e-05,0.00013663759162847584,0.9997736303311786,4,0.9997736303311786
7.954718821046305e-06,1.675017680135127e-05,7.268884721631054e-05,6.288777576362221e-05,0.9998397184813975,4,0.9998397184813975
7.84431752926687e-06,1.6544988630115703e-05,9.016378528248979e-05,9.719018437927867e-05,0.9997882567241789,4,0.9997882567241789
1.0113824721847322e-05,1.4875332321665528e-05,8.92900899240522e-05,7.527140150558799e-05,0.9998104493515269,4,0.9998104493515269
1.2992391968306202e-05,0.00010315777023390922,0.9995544325856084,3.7000746739231564e-05,0.0002924165054502009,2,0.9995544325856084
1.4150776520307612e-05,2.6425318423898948e-05,0.9995017128073087,0.0003830202867669971,7.469081097994366e-05,2,0.9995017128073087
0.9998537090902704,0.00010119467985333546,1.4516003008965797e-05,9.904948907758247e-06,2.067527795962758e-05,0,0.9998537090902704
7.132536277607458e-06,5.228298034628518e-05,0.9997660367101157,1.9395722746522034e-05,0.00015515205051415396,2,0.9997660367101157
9.04278218203932e-06,1.65661448977267e-05,9.274573228267781e-05,7.014664831771488e-05,0.9998114986923199,4,0.9998114986923199
0.9986495040231885,0.0010966695234061554,0.00014146948138548044,5.413579312189826e-05,5.822117889806616e-05,0,0.9986495040231885
0.00028235253152598017,0.0033681161317495522,0.9958327367635266,0.0002109635786853125,0.0003058309945126668,2,0.9958327367635266
8.100403315207815e-06,1.5092465634634424e-05,8.353325513031562e-05,6.732918778722248e-05,0.9998259446881327,4,0.9998259446881327
0.00017549383204377877,0.9989715659481891,0.0004129318201287701,0.0001617918791651362,0.00027821652047322395,1,0.9989715659481891
0.9999114582280925,5.2169812783322025e-05,1.0566608091904425e-05,7.559890833754489e-06,1.8245460198542853e-05,0,0.9999114582280925
7.851542581766935e-06,1.443341519256866e-05,7.789599095832282e-05,7.1836048433693e-05,0.9998279830028337,4,0.9998279830028337
0.0012286973855020632,0.03891779944970718,0.9569221164766868,0.0010985884099058896,0.0018327982781978702,2,0.9569221164766868
1.209166685833647e-05,0.00065505242432811,0.9992556060001438,2.233214958371729e-05,5.491775908593562e-05,2,0.9992556060001438
9.399552765527338e-06,8.016981277822492e-05,0.9998182248681637,1.7286279882397162e-05,7.491948641001091e-05,2,0.9998182248681637
7.844562903363283e-06,1.785615969561393e-05,7.322047789858402e-05,8.154820870816367e-05,0.9998195305907943,4,0.9998195305907943
0.9980859187327314,0.0007905065878350178,4.233066305682955e-05,3.1854985232472277e-05,0.0010493890311442768,0,0.9980859187327314
1.1466328599740276e-05,2.35765675354429e-05,0.00010618188430948023,9.537004979477388e-05,0.9997634051697605,4,0.9997634051697605
1.2428284439704903e-05,2.3292557166168034e-05,9.538313028432183e-05,0.00010805173746296067,0.9997608442906469,4,0.9997608442906469
1.122210378725755e-05,0.00010370672591225912,0.9995947064704119,3.1959182044891846e-05,0.00025840551784366873,2,0.9995947064704119
7.678959192658321e-06,1.5282605061582804e-05,8.038425704255173e-05,6.971972520035407e-05,0.9998269344535029,4,0.9998269344535029
7.23288365179937e-06,1.296899757604675e-05,6.861328669311368e-05,8.665095831092822e-05,0.9998245338737682,4,0.9998245338737682
9.437541627860092e-06,2.3188029209826275e-05,0.00010825639340507558,0.00010579412362945748,0.9997533239121278,4,0.9997533239121278
1.2881635467356074e-05,6.0982014938030515e-05,0.9998283233864733,2.7635463412930268e-05,7.017749970835726e-05,2,0.9998283233864733
8.420306857704991e-06,1.648156786656759e-05,7.98432154032999e-05,8.059849010717174e-05,0.9998146564197652,4,0.9998146564197652
8.047921649630724e-05,0.000200814255068865,0.9994667970999923,7.94080329046881e-05,0.00017250139553785118,2,0.9994667970999923
0.00013503344830667627,0.9985487818331636,0.0009856428579126306,0.00011802590019735298,0.0002125159604195952,1,0.9985487818331636
0.9988798550060393,0.0008672406690947832,0.00011200642345815912,5.3521025361851926e-05,8.737687604603817e-05,0,0.9988798550060393
8.178575205378601e-06,2.5316805736454617e-05,7.736582707922495e-05,9.379721586949621e-05,0.9997953415761094,4,0.9997953415761094
1.1492512611922363e-05,0.00011399786912470402,0.9995827138542178,3.3136666858662226e-05,0.000258659097186922,2,0.9995827138542178
0.9993248715420142,0.00048273916510871526,0.00010508927238959151,3.4129210032650477e-05,5.3170810454919844e-05,0,0.9993248715420142
2.616739264659413e-05,6.489559963577735e-05,0.999133987350037,0.0006092277319007192,0.00016572192577973536,2,0.999133987350037
9.707553926329763e-06,1.727137310819699e-05,8.754969653989894e-05,7.464105593392945e-05,0.9998108303204917,4,0.9998108303204917
0.00016052012065552993,0.9989464336294261,0.0006038755277847358,9.818574520393954e-05,0.0001909849769296543,1,0.9989464336294261
5.713438383006489e-05,0.0013950567608624852,0.9982810873162388,0.0001072135287045765,0.0001595080103638852,2,0.9982810873162388
1.2413273085314009e-05,3.030517396081873e-05,0.00010228585312309101,0.00013349476224654413,0.9997215009375842,4,0.9997215009375842
8.311039106940622e-06,1.922382225338991e-05,8.248568241012577e-05,8.830482416833411e-05,0.9998016746320612,4,0.9998016746320612
0.9993930860961394,0.00029956398035722875,0.00010804706651941251,3.736431142776865e-05,0.00016193854555616104,0,0.9993930860961394
0.996902777361238,0.0030060966548112428,3.2010715972915985e-05,2.126013500039943e-05,3.7855132977301834e-05,0,0.996902777361238
9.861135913707827e-06,2.2241988958729493e-05,9.294518693404665e-05,0.00011470309950567806,0.9997602485886878,4,0.9997602485886878
1.2435104109166602e-05,2.4240216061557468e-05,0.0001399536753639271,0.0001391573890809445,0.9996842136153844,4,0.9996842136153844
7.282733474753415e-06,1.3732999941165388e-05,8.724729330534431e-05,6.632080957634143e-05,0.9998254161637025,4,0.9998254161637025
7.563801756779574e-06,1.470362385650523e-05,7.367990522310724e-05,7.825405841107861e-05,0.9998257986107525,4,0.9998257986107525
1.0162989562685189e-05,0.00020458409944114773,0.9996482382369952,2.6358133746218623e-05,0.00011065654025492996,2,0.9996482382369952
0.00030727571734006975,0.9985053740167036,0.0004739211189656958,0.0001366663529145703,0.0005767627940762783,1,0.9985053740167036
1.008777490841072e-05,0.00020989569153811918,0.999697978909825,2.4147807706442614e-05,5.788981602180575e-05,2,0.999697978909825
0.00010549076006314396,0.999332169165659,0.0004130415093650268,8.206580361272321e-05,6.723276130017421e-05,1,0.999332169165659
8.128478170071053e-06,1.7591913131350957e-05,8.38511860063962e-05,7.98110311079106e-05,0.9998106173915844,4,0.9998106173915844
0.0002859043334616703,0.9987681386425035,0.00046492935187439897,0.0001531653726027945,0.0003278622995577558,1,0.9987681386425035
2.0029113542355718e-05,4.868640813362976e-05,0.9994539601368104,0.00035507111765389454,0.00012225322385963272,2,0.9994539601368104
0.9976895661388838,0.000966097887747182,7.027192726917676e-05,3.6624123468497e-05,0.0012374399226313456,0,0.9976895661388838
0.0011882817476112464,0.9967639195420168,0.0007989969260605112,0.00029746122688887705,0.0009513405574226748,1,0.9967639195420168
7.237720294342016e-06,1.540459793741985e-05,9.277268362371796e-05,6.76060479197273e-05,0.9998169789502248,4,0.9998169789502248
9.801325306702367e-06,2.616170574178354e-05,9.070234302706107e-05,0.00010981731453234454,0.9997635173113922,4,0.9997635173113922
0.0016305762423112296,0.9970992463187685,0.0005749712011222085,0.0002534988202725283,0.00044170741752543475,1,0.9970992463187685
8.16607767534492e-06,1.5328539917849605e-05,7.644375058793245e-05,8.683849798884032e-05,0.9998132231338299,4,0.9998132231338299
7.237916781527548e-06,1.6400309777779622e-05,7.560389499700633e-05,5.663623462879319e-05,0.999844121643815,4,0.999844121643815
2.3425510481868192e-05,3.975272892049498e-05,0.9992898981553316,0.0005329015552950184,0.00011402204997101502,2,0.9992898981553316
6.361735895476827e-06,5.6529171183578096e-05,0.9997946653926045,1.792315050253021e-05,0.00012452054981377842,2,0.9997946653926045
0.0008132041840205704,0.9977838639304251,0.0005931309103633231,0.0002186483445881163,0.0005911526306031339,1,0.9977838639304251
7.28255903685172e-06,1.744249565410911e-05,8.23538071839833e-05,9.145304944994896e-05,0.9998014680886752,4,0.9998014680886752
7.232870507088827e-06,1.5184427788563491e-05,6.894276799107742e-05,8.592309513101777e-05,0.9998227168385823,4,0.9998227168385823
3.917664354372875e-05,0.00011213852741112804,0.9984263952105565,0.0012040756254888603,0.00021821399299969824,2,0.9984263952105565
6.872037838935374e-06,4.714643870278966e-05,0.9998931997286591,1.796595932736632e-05,3.4815835471821355e-05,2,0.9998931997286591
4.129468642724171e-06,8.83530765875881e-05,0.9998523018981512,1.0283511887161703e-05,4.4932044731190244e-05,2,0.9998523018981512
1.0131563809592026e-05,2.468717842794015e-05,9.119276854682301e-05,0.00011278517437776356,0.9997612033148378,4,0.9997612033148378
7.390479609395744e-06,1.3654462893714768e-05,7.989653889544062e-05,6.861519551823704e-05,0.9998304433230832,4,0.9998304433230832
1.3156201399465968e-05,0.0003010905733219908,0.9988299061942492,2.9434568355423936e-05,0.0008264124626739948,2,0.9988299061942492
2.2812458875196722e-05,0.00035231209156317173,0.9983616237644188,3.750702264912898e-05,0.001225744662493739,2,0.9983616237644188
1.0605783628596235e-05,1.95517587919907e-05,0.00011026174558061684,0.00014684955468387747,0.9997127311573148,4,0.9997127311573148
0.00013458897246928063,0.016771607368582585,0.982559351240966,0.0002047445513719415,0.0003297078666100357,2,0.982559351240966
9.73463242934552e-06,2.1328611764928676e-05,8.56199779284232e-05,7.995493985873343e-05,0.9998033618380185,4,0.9998033618380185
7.678960697312662e-06,1.2689159485803248e-05,8.219695634288676e-05,7.030455879376547e-05,0.9998271303646803,4,0.9998271303646803
1.2831731309206168e-05,0.00012993286872791768,0.9998042336650301,2.4851273163802328e-05,2.815046176903046e-05,2,0.9998042336650301
0.9990776337996964,0.0006053077536009211,6.667089945266512e-05,4.663293238786629e-05,0.00020375461486207304,0,0.9990776337996964
1.3169398532384896e-05,0.0004988258581768149,0.9993904118540854,3.40936134521411e-05,6.349927575339948e-05,2,0.9993904118540854
7.232868361968741e-06,1.6145911259305422e-05,8.165577075316686e-05,7.254513782221775e-05,0.9998224203118034,4,0.9998224203118034
3.073132767630893e-05,6.888568851384735e-05,0.9989285944241467,0.0008000703649982508,0.0001717181946647791,2,0.9989285944241467
0.0001180337165894507,0.9947350082296874,0.004889986207443375,9.462542972221477e-05,0.00016234641655754189,1,0.9947350082296874
1.0557324831951523e-05,2.210520300934258e-05,9.492003817716147e-05,0.000126877368783928,0.9997455400651977,4,0.9997455400651977
3.107653572583682e-05,8.054999754296451e-05,0.998927814775537,0.0007738147171333769,0.00018674397406094403,2,0.998927814775537
0.0012921874979848391,0.017483534504039264,0.9795770177334496,0.0009513274072211445,0.0006959328573051416,2,0.9795770177334496
4.129211970149941e-05,0.0006378393402156895,0.9991621529616617,8.134592504068513e-05,7.736965338031475e-05,2,0.9991621529616617
7.282685270275367e-06,1.1980348521252487e-05,8.279296555795854e-05,7.914569032582439e-05,0.9998187983103247,4,0.9998187983103247
3.660303459134698e-05,8.413719719402845e-05,0.9986896908854354,0.0009674005370668091,0.0002221683457124214,2,0.9986896908854354
1.610210041895522e-05,3.2229545130893184e-05,0.999581369114381,0.00031300994859767003,5.728929147132553e-05,2,0.999581369114381
2.768318534458422e-05,0.00013598878308926046,0.999457555968358,5.2319571564823565e-05,0.00032645249164352865,2,0.999457555968358
3.9086459752446845e-05,8.886534867247544e-05,0.9985620072825154,0.0010967330750037924,0.00021330783405574256,2,0.9985620072825154
3.0293646549014166e-05,7.092706053167588e-05,0.9989622243448881,0.0007318420279908299,0.00020471292004043375,2,0.9989622243448881
8.178517576733727e-06,1.9628390578011244e-05,7.334196824877215e-05,0.00011055439933946563,0.999788296724257,4,0.999788296724257
7.237901815143205e-06,3.272265122719579e-05,0.9999250977075144,1.961254896860462e-05,1.5329190474672427e-05,2,0.9999250977075144
8.35338366295415e-06,0.00013118677394797639,0.9997912164095,2.0383242966222534e-05,4.886018992297427e-05,2,0.9997912164095
0.000835486357743432,0.9976150228352354,0.0007424806688038385,0.00023733531680489783,0.0005696748214124706,1,0.9976150228352354
8.264925792355447e-06,0.00015003429442967019,0.9998024634216297,2.081975572015302e-05,1.8417602427985118e-05,2,0.9998024634216297
1.67165992854714e-05,3.1363677675757e-05,0.9995643949499787,0.0003126768007357478,7.484797232446585e-05,2,0.9995643949499787
0.00011495042874627365,0.0031237584627901195,0.9962626583575199,0.00017741686045362291,0.0003212158904902784,2,0.9962626583575199
0.0003346558067051046,0.9844611143017675,0.014557517749853708,0.00019832489595975666,0.0004483872457139407,1,0.9844611143017675
0.0001950116415058642,0.9976575865085558,0.001719629107924453,0.0001492703675085554,0.0002785023745054818,1,0.9976575865085558
8.134116897785877e-06,1.175801805798243e-05,8.062611531554765e-05,7.144233662718142e-05,0.9998280394131015,4,0.9998280394131015
1.2988010463916395e-05,0.0002615574579965027,0.9986622145224857,3.221426586599257e-05,0.0010310257431879986,2,0.9986622145224857
0.00011286287088394936,0.006185574374684417,0.993295610576914,0.00021903020774181466,0.00018692196977581938,2,0.993295610576914
2.334952454359092e-05,3.3715758736890914e-05,0.9991347959745714,0.000680857241068164,0.00012728150107983263,2,0.9991347959745714
3.477942413014025e-05,6.654511878055863e-05,0.9987985309545763,0.0009444754170626651,0.00015566908545047226,2,0.9987985309545763
0.001382853909447748,0.998267419202277,0.00018084419802859937,9.215635713080737e-05,7.672633311606145e-05,1,0.998267419202277
9.675417971230995e-06,0.00014121442884198684,0.9997694869643335,2.317549083003692e-05,5.6447698023318315e-05,2,0.9997694869643335
0.00047878647593286173,0.9989449062567204,0.00027222679384923795,0.00010832374638604849,0.00019575672711127717,1,0.9989449062567204
2.246085111455375e-05,4.46677080573431e-05,0.9992816772948727,0.000573518320357286,7.767582559804627e-05,2,0.9992816772948727
2.4683298442277334e-05,5.6767759153325123e-05,0.9992680176690887,0.0005354197704870564,0.00011511150282863942,2,0.9992680176690887
8.128477458345019e-06,1.7737962596537733e-05,8.753449180873067e-05,7.60692195372423e-05,0.9998105298485992,4,0.9998105298485992
0.002648227709764849,0.9867954181765308,0.0008136853896220316,0.00040683116035903846,0.009335837563723335,1,0.9867954181765308
2.1272392693444818e-05,4.7568985483410035e-05,0.9994085245574086,0.00043500675084777625,8.762731356687312e-05,2,0.9994085245574086
1.7527089679115062e-05,0.0005589427686488798,0.9993173094063337,3.448906868011238e-05,7.173166665833138e-05,2,0.9993173094063337
0.00036972312228825013,0.9974329780189828,0.0008090030319782602,0.0002731062433438002,0.0011151895834069355,1,0.9974329780189828
8.303705462424233e-06,1.899405471076788e-05,9.951576323455299e-05,7.848562467573114e-05,0.9997947008519167,4,0.9997947008519167
8.670159885161407e-06,0.00043966035573260947,0.999446186786723,1.9645415924458475e-05,8.583728173471653e-05,2,0.999446186786723
1.4776647010101619e-05,7.327206546776378e-05,0.9997141043461681,3.69560317826322e-05,0.00016089090957151144,2,0.9997141043461681
0.000789816438779275,0.9977656396149946,0.00047435583168143437,0.00018435802170919965,0.0007858300928354418,1,0.9977656396149946
0.00031214571051063053,0.006684921247351952,0.9916377072655296,0.0004958311473841494,0.0008693946292236171,2,0.9916377072655296
0.9993106666124485,0.0004107167383452746,0.00010347345738921234,5.2141063502201504e-05,0.00012300212831473572,0,0.9993106666124485
7.588938031041471e-06,6.28585844066505e-05,0.9997423696908788,2.210275751666792e-05,0.0001650800291668331,2,0.9997423696908788
1.7457249895103954e-05,0.00015243559627403506,0.9994099121215851,5.0112353231801526e-05,0.0003700826790138685,2,0.9994099121215851
0.00016779602086326457,0.9991809817289942,0.0004343647020094377,0.0001155333065606964,0.00010132424157244222,1,0.9991809817289942
7.954510965528607e-06,1.1182714715970633e-05,0.00010382816860787047,6.344177463152969e-05,0.9998135928310791,4,0.9998135928310791
1.101616649838881e-05,2.8985563265518565e-05,9.739737648375653e-05,0.00017037935086347097,0.9996922215428888,4,0.9996922215428888
8.391092917285841e-06,1.9146735524932528e-05,8.663517638249189e-05,7.146901803035588e-05,0.999814357977145,4,0.999814357977145
1.06542497019653e-05,0.001225901182089556,0.9986200633351338,2.7375760102508697e-05,0.0001160054729722757,2,0.9986200633351338
6.406181750084822e-06,3.4754653528224416e-05,0.9999291522707245,1.6489051506567184e-05,1.3197842490484961e-05,2,0.9999291522707245
0.00015795796612658907,0.9977289682632264,0.0017151829693929303,0.00014066065558529322,0.0002572301456687915,1,0.9977289682632264
7.826306653906714e-06,0.00031582707533573854,0.9996171176059608,1.9659362591291572e-05,3.9569649458274425e-05,2,0.9996171176059608
1.3087747634129493e-05,0.00025458249400979406,0.9996696492361629,3.064446817716898e-05,3.203605401600225e-05,2,0.9996696492361629
7.89843598185333e-06,7.170024044036428e-05,0.9998724741082251,2.397082954175658e-05,2.3956385810912984e-05,2,0.9998724741082251
8.920629338814405e-06,5.064590690922288e-05,0.9998873373853705,2.767416975900278e-05,2.5421908622556995e-05,2,0.9998873373853705
2.4896595894277363e-05,7.767039714937324e-05,0.9990402657628715,0.0007411570466241522,0.00011601019746077024,2,0.9990402657628715
1.78906264827787e-05,4.4539630307140156e-05,0.9994503837605343,0.0003809647438355715,0.00010622123884009413,2,0.9994503837605343
1.5672043513131085e-05,0.00010808338442958578,0.999696090087226,3.9770367561982147e-05,0.0001403841172693193,2,0.999696090087226
2.9614053733951524e-05,6.900655962556454e-05,0.9990130303502448,0.000680925809106437,0.00020742322728925264,2,0.9990130303502448
1.0980859432013945e-05,7.381855322835738e-05,0.9996515974195359,3.0815878803798675e-05,0.00023278728899986503,2,0.9996515974195359
0.002982765424035793,0.9949566689490252,0.001147305642010868,0.0004294277671741591,0.00048383221775373953,1,0.9949566689490252
5.126861114587516e-05,0.0003051486098391314,0.999430898676193,0.00012142951679062503,9.125458603142204e-05,2,0.999430898676193
1.8215380294398177e-05,2.0790685125066745e-05,8.168499744295962e-05,0.00010946996175172614,0.9997698389753858,4,0.9997698389753858
9.102874068470643e-06,7.409679091607732e-05,0.9998565825314768,2.659088498628271e-05,3.362691855224764e-05,2,0.9998565825314768
1.183473477102975e-05,3.418314474484835e-05,0.0001137804719804466,0.00012929666646371133,0.9997109049820398,4,0.9997109049820398
7.232955927918396e-06,1.8012248031165478e-05,6.930151303128967e-05,7.092845120953182e-05,0.9998345248318002,4,0.9998345248318002
0.9997946602714989,0.00012315882051399478,3.633149718204501e-05,2.577518938907278e-05,2.007422141586681e-05,0,0.9997946602714989
0.9998481246292386,0.0001222062950124872,1.366537266998338e-05,8.629073656778507e-06,7.374629422041357e-06,0,0.9998481246292386
2.603243844235089e-05,3.4241247972052946e-05,0.9989945754842825,0.0007949282706374635,0.0001502225586656899,2,0.9989945754842825
0.0001607766569144406,0.9986676681727547,0.0006343568947625868,9.881990117957887e-05,0.00043837837438864266,1,0.9986676681727547
7.40618894494556e-06,6.32081671766084e-05,0.9998974292172726,1.7584710334726047e-05,1.4371716271342892e-05,2,0.9998974292172726
1.1144752764937927e-05,2.6478320675607307e-05,0.00011516531342122963,0.0001024437378774597,0.9997447678752607,4,0.9997447678752607
2.9364398590549196e-05,6.141817203710036e-05,0.9988788624837035,0.0008821593575112724,0.00014819558815760785,2,0.9988788624837035
7.232818376871435e-06,1.3229706468534697e-05,8.090161280677648e-05,8.312514967789486e-05,0.9998155107126698,4,0.9998155107126698
3.6774874588648374e-05,8.03076414020339e-05,0.9985376410315793,0.0011242902303213757,0.00022098622210864514,2,0.9985376410315793
1.842780376906711e-05,3.084881883425892e-05,0.9993408163928379,0.0004849325227828105,0.0001249744617759904,2,0.9993408163928379
8.203358711058774e-06,1.944136316148796e-05,8.442818097728117e-05,8.026774197695466e-05,0.9998076593551731,4,0.9998076593551731
2.3448343720217646e-05,4.692652309479087e-05,0.9992281156002709,0.0005433021525710916,0.00015820738034291908,2,0.9992281156002709
1.022028990994033e-05,0.00023356076535151728,0.9996916983915015,2.6694579980617103e-05,3.782597325635748e-05,2,0.9996916983915015
2.117568150725951e-05,0.002099817330776378,0.9977675335316236,4.809111823106991e-05,6.338233786183685e-05,2,0.9977675335316236
0.008285945275815176,0.9896906004129031,0.0012341962598410303,0.00042430461549109117,0.0003649534359495573,1,0.9896906004129031
6.428087676232272e-06,4.6780031080390414e-05,0.9998994473823438,1.7782207872136005e-05,2.956229102724922e-05,2,0.9998994473823438
1.8657978446660175e-05,3.1075675519440315e-05,0.9994462402465009,0.0003911751689328476,0.00011285093060016043,2,0.9994462402465009
1.692856935163629e-05,2.506199853313212e-05,0.9995277271188681,0.0003729942963939196,5.728801685341044e-05,2,0.9995277271188681
0.9993636918633849,0.0004487401491306317,9.485678089698401e-05,3.412031879796324e-05,5.859088778958077e-05,0,0.9993636918633849
0.9993984180294343,0.00047131206374518826,5.2166115623274906e-05,3.060875038520357e-05,4.749504081214336e-05,0,0.9993984180294343
1.514018290684777e-05,0.00011103277636233496,0.9997769733833234,4.184044613713333e-05,5.501321127040116e-05,2,0.9997769733833234
0.00031867930608150643,0.019042060694744452,0.9794045007440612,0.0006821503302219617,0.0005526089248907017,2,0.9794045007440612
2.664330576868952e-05,4.343160023347083e-05,0.9991125262484679,0.0006776006211329427,0.00013979822439682716,2,0.9991125262484679
1.2000510446659715e-05,1.8979329922579767e-05,0.99965893217163,0.0002694770284777783,4.061095952277377e-05,2,0.99965893217163
3.5870431173808396e-05,9.199201353565228e-05,0.9987177545452939,0.0010194652352881065,0.00013491777470869072,2,0.9987177545452939
1.9335478029843222e-05,3.0341608067142977e-05,0.9992661396063354,0.0005547705548002742,0.00012941275276742595,2,0.9992661396063354
0.0007846555413314439,0.998618383707244,0.0003356052845484687,0.0001350342193887052,0.00012632124748730678,1,0.998618383707244
0.00010103741884338565,0.0027148831529590625,0.9968009743048722,0.00021339946541995886,0.00016970565790520815,2,0.9968009743048722
3.040497809871665e-05,6.180226871827817e-05,0.999092002708498,0.0006631111400222881,0.00015267890466280057,2,0.999092002708498
3.209400521087218e-05,7.585429172970854e-05,0.9988227316666115,0.0008622004837895552,0.00020711955265832022,2,0.9988227316666115
0.0004418732366181499,0.9989383513760492,0.00038803233591863667,0.00012983166399157888,0.00010191138742241172,1,0.9989383513760492
0.9688284627485299,0.030088404589819432,0.0006170983019007075,0.000259593195660735,0.00020644116408925233,0,0.9688284627485299
0.0001536572718643365,0.00711258777513096,0.9922101072620471,0.00028480714562447807,0.0002388405453329616,2,0.9922101072620471
1.1362184537582534e-05,9.662483360886273e-05,0.9998354676452278,2.879479272806424e-05,2.775054389766064e-05,2,0.9998354676452278
3.0260310269381156e-05,8.250784457954178e-05,0.9988675056594708,0.0008137521069111369,0.0002059740787690124,2,0.9988675056594708
4.0075372007533534e-05,7.167852790849052e-05,0.9986707307009062,0.0009789213269540816,0.00023859407222375604,2,0.9986707307009062
6.753886646671477e-06,7.689130517375051e-05,0.9998864209522785,1.6827932822898064e-05,1.3105923078159791e-05,2,0.9998864209522785
1.0396427613835166e-05,0.00018248633298974083,0.9997359706346887,2.6111560577938826e-05,4.503504412973152e-05,2,0.9997359706346887
7.553525424673788e-06,0.00010976520775196464,0.9998265640792043,2.0795474452499393e-05,3.532171316648997e-05,2,0.9998265640792043
9.852768270906518e-06,2.2870300103384657e-05,7.717920394838089e-05,0.00010126834286165573,0.9997888293848157,4,0.9997888293848157
2.9852182694713644e-05,6.120938989536844e-05,0.999004791144095,0.0007709624308083257,0.00013318485250652106,2,0.999004791144095
0.9708219769810027,0.028166823602041847,0.00048816754265899425,0.0001919582603554867,0.00033107361394093475,0,0.9708219769810027
1.4437274545656577e-05,3.931584042597556e-05,0.9996219151337841,0.0002447124411004678,7.961931014412116e-05,2,0.9996219151337841
1.5556266078836557e-05,0.000827210353709467,0.9990838593320555,4.115509442241542e-05,3.2218953733702496e-05,2,0.9990838593320555
0.9992561932224847,0.0006109144612453165,7.554902471695848e-05,3.337215369197192e-05,2.3971137861042675e-05,0,0.9992561932224847
2.721208022775261e-05,7.643381119158239e-05,0.9990250036203057,0.0007428167947636488,0.00012853369351139096,2,0.9990250036203057
8.675917207789719e-06,6.532050715169406e-05,0.9998767532765324,2.5946226849595012e-05,2.3304072258425852e-05,2,0.9998767532765324
2.7960715419943156e-05,6.216926914496365e-05,0.9988297105393061,0.0008905266846587433,0.00018963279147006472,2,0.9988297105393061
2.6978951006067835e-05,5.697393868491309e-05,0.9988754929109032,0.0008656429308776969,0.00017491126852826696,2,0.9988754929109032
1.726158532337782e-05,3.918201584379164e-05,0.9994503128131172,0.0003860411472190212,0.00010720243849654418,2,0.9994503128131172
0.9767774581081794,0.02224058449719348,0.0004412680091562856,0.0002935473217280032,0.00024714206374299883,0,0.9767774581081794
2.9837070932164177e-05,7.33340183023553e-05,0.9988177665766746,0.0009150746496459398,0.00016398768444495586,2,0.9988177665766746
1.0736871490475297e-05,6.63022191223515e-05,0.9998630874963498,2.9079443535036665e-05,3.0793969502505974e-05,2,0.9998630874963498
0.0049742334896485186,0.9937973136308397,0.0006700720160878911,0.00030759222142970756,0.00025078864199391473,1,0.9937973136308397
2.23784208303182e-05,3.6881167080173564e-05,0.9994085174241707,0.0004179525897131829,0.00011427039820551315,2,0.9994085174241707
1.7934239488361455e-05,3.4917985390702315e-05,0.999453222450826,0.00037742508909083223,0.00011650023520411668,2,0.999453222450826
0.9997597928848502,0.00014282097805674748,4.5128434454453545e-05,2.5507890368904888e-05,2.674981226983613e-05,0,0.9997597928848502
0.0003364748490167931,0.014686249197884105,0.9837588573084503,0.0006873317576842847,0.0005310868869646306,2,0.9837588573084503
2.9001724777082625e-05,5.5752568511901866e-05,0.9988998571645066,0.0008941477641738657,0.00012124077803047246,2,0.9988998571645066
2.64684335195377e-05,6.126959042644256e-05,0.9989694830550505,0.0008122217715362343,0.0001305571494672934,2,0.9989694830550505
3.066710422469551e-05,8.853843968600787e-05,0.9987639984570408,0.0009376210840986222,0.00017917491494982772,2,0.9987639984570408
2.1792639392766432e-05,3.246533874291965e-05,0.9995709901600357,0.00028010720033015425,9.464466149844713e-05,2,0.9995709901600357
2.2888127876685598e-05,2.4672990058051703e-05,0.999278705070978,0.0005895030129804956,8.423079810692605e-05,2,0.999278705070978
2.2480520127664668e-05,4.8296079317548826e-05,0.9991771055341756,0.0006018947932386667,0.00015022307314066342,2,0.9991771055341756
2.518835867193075e-05,4.4136797253318836e-05,0.9992322634331013,0.0005621935119628616,0.0001362178990105915,2,0.9992322634331013
3.5253657769660696e-05,8.5685200854497e-05,0.9986613910778648,0.0010594481400788098,0.0001582219234321462,2,0.9986613910778648
0.0003192673418689745,0.9987172404961628,0.00044745907498850064,0.00018689405141123015,0.00032913903556873827,1,0.9987172404961628
0.00013718685286968045,0.0008806588062224194,0.9987562230115649,0.0001158250100158046,0.00011010631932705264,2,0.9987562230115649
2.081224516552608e-05,2.5486816534199202e-05,0.999609106055931,0.00027676440804599156,6.783047432344674e-05,2,0.999609106055931
3.084236021300056e-05,6.981424738934843e-05,0.9987028098294982,0.0010096202903985931,0.00018691327250077846,2,0.9987028098294982
1.930364846537e-05,3.6535676818806846e-05,0.9993734227779139,0.00044471122228886476,0.00012602667451312044,2,0.9993734227779139
0.9991245794244512,0.0005400914481131505,0.0001377336828043596,9.112754004573729e-05,0.00010646790458543107,0,0.9991245794244512
2.4681960209024898e-05,6.401951811761824e-05,0.9990337705045442,0.0007133903004275315,0.00016413771670163024,2,0.9990337705045442
2.7411383009987803e-05,4.2656340490390805e-05,0.9990497129880335,0.000774810228893612,0.000105409059572467,2,0.9990497129880335
0.0007100521171483639,0.9966717698873068,0.0017214788863350945,0.0004869696460866752,0.0004097294631230883,1,0.9966717698873068
3.3402185510648025e-05,9.25927685700821e-05,0.9985480321737212,0.0010890019773543206,0.00023697089484391,2,0.9985480321737212
0.9996775054812467,0.00029747774178743056,9.961366117820219e-06,7.91286231295315e-06,7.142548534925056e-06,0,0.9996775054812467
3.157640016444629e-05,5.8735253397635976e-05,0.9989299008770951,0.0008729296890297217,0.00010685778031301749,2,0.9989299008770951
0.00026051030409363155,0.0026100196619784554,0.9966328319029648,0.00028367832563389663,0.00021295980532912728,2,0.9966328319029648
1.4242018886935823e-05,0.0031272794520939336,0.9967798250960777,3.682178453587351e-05,4.1831648405415765e-05,2,0.9967798250960777
3.4439045028033934e-05,9.388901058456016e-05,0.9985491553670931,0.0010622246659405645,0.00026029191135394853,2,0.9985491553670931
0.00013689876181892187,0.9995719057399702,0.00017290367966445207,6.601459084166063e-05,5.227722770454633e-05,1,0.9995719057399702
0.00032081162434826,0.032140551930419294,0.9657899972895477,0.0006350160492261612,0.0011136231064586195,2,0.9657899972895477
1.7151138561432397e-05,3.471895791067059e-05,0.9996015066892002,0.00028228542178608025,6.433779254160376e-05,2,0.9996015066892002
1.5152259911495644e-05,3.013755619905776e-05,0.9995810222700985,0.00028356609539140925,9.012181839969529e-05,2,0.9995810222700985
0.0010457652672510008,0.9974522644762541,0.0007963921280131982,0.00033383935230657226,0.00037173877617534235,1,0.9974522644762541
1.246342305469156e-05,7.38533786312561e-05,0.9998451494850886,3.455431706826099e-05,3.397939615698572e-05,2,0.9998451494850886
8.921511320017824e-06,4.035904797576663e-05,0.9999079915878614,2.3246227520401462e-05,1.9481625322524744e-05,2,0.9999079915878614
3.865606848216789e-05,7.459268647457092e-05,0.9988358291627605,0.0008608519139129486,0.00019007016836970677,2,0.9988358291627605
1.573248218179023e-05,3.109529411108067e-05,0.9995869298769389,0.0002809075392129297,8.533480755563573e-05,2,0.9995869298769389
0.0002179247755580899,0.9940684890422746,0.005217197693070853,0.00017836531668737523,0.00031802317240917777,1,0.9940684890422746
0.00017744775232001145,0.0027827423369571227,0.9961591972438865,0.00031816710210262535,0.0005624455647338502,2,0.9961591972438865
1.0668057269654686e-05,0.00010551364544646876,0.9998197771302602,3.221648857843867e-05,3.182467844514035e-05,2,0.9998197771302602
0.9993835537996025,0.00043340218011387216,0.00010498538140609434,4.388226948165515e-05,3.4176369395715655e-05,0,0.9993835537996025
0.9991523499936786,0.0007978524748932896,2.1347783668932516e-05,1.4778789827178913e-05,1.367095793210687e-05,0,0.9991523499936786
3.1529237561550966e-05,6.602962847070061e-05,0.9988900564199567,0.0009081528009166893,0.00010423191309443968,2,0.9988900564199567
2.8681686714261714e-05,5.221519323661665e-05,0.9990455823982227,0.0007427396940285124,0.00013078102779809188,2,0.9990455823982227
1.8903071460099535e-05,4.1893810423221546e-05,0.9993593288640232,0.000453880009687789,0.00012599424440565935,2,0.9993593288640232
1.2321607653721064e-05,0.00034900104066788815,0.9995883144275083,2.7997820738107827e-05,2.2365103431858964e-05,2,0.9995883144275083
1.315465216963507e-05,0.00012048047666347933,0.9997840922716429,4.05345649926475e-05,4.173803453158234e-05,2,0.9997840922716429
0.9879647961165674,0.011757288206602998,9.138472689908472e-05,6.817795087517258e-05,0.00011835299905528061,0,0.9879647961165674
6.149820424936717e-06,0.0005023963537343369,0.999462803577071,1.5980554952094e-05,1.2669693817539193e-05,2,0.999462803577071
2.4677650143871798e-05,4.499370791293501e-05,0.999196776689885,0.0005942016321144641,0.00013935031994366875,2,0.999196776689885
2.0905379570798248e-05,3.568821290367865e-05,0.9993580228965023,0.00048281419083624056,0.0001025693201870874,2,0.9993580228965023
1.9866311554375698e-05,4.133525280785488e-05,0.9993665348500318,0.00047165858524345934,0.00010060500036273926,2,0.9993665348500318
2.709962214722223e-05,5.507794416341262e-05,0.9990809343438611,0.0007116511645654133,0.000125236925263021,2,0.9990809343438611
0.9994557303180793,0.0004263823931052067,6.903149229188691e-05,2.7465290961181854e-05,2.1390505562675308e-05,0,0.9994557303180793
1.468916472804632e-05,3.0415440513182358e-05,0.9995544684838771,0.0003232648407473963,7.716207013427864e-05,2,0.9995544684838771
1.414073491116118e-05,2.137468819619227e-05,0.9995570086230114,0.00031836785623218667,8.910809764895912e-05,2,0.9995570086230114
2.616174886315242e-05,4.1005511566290324e-05,0.9994693121777235,0.00039144834156017893,7.207222028678236e-05,2,0.9994693121777235
2.8921153097686387e-05,5.661299771306632e-05,0.9990141331779298,0.0007104486077713532,0.00018988406348811863,2,0.9990141331779298
1.6593356981749074e-05,3.0366837393254646e-05,0.9996333068679721,0.00024475879214098944,7.497414551174381e-05,2,0.9996333068679721
0.00037108010711908365,0.9800165447435933,0.019058930241201342,0.0002817919633606296,0.00027165294472572034,1,0.9800165447435933
0.9769425172484433,0.02225650816738816,0.00044580881790389014,0.00020250110841257187,0.00015266465785223723,0,0.9769425172484433
2.645459509818428e-05,5.00234932887438e-05,0.9991974759860943,0.0005739934120779777,0.00015205251344088756,2,0.9991974759860943
0.0029375071318757935,0.995814820783197,0.0007392802850544033,0.00028951093263070334,0.00021888086724200333,1,0.995814820783197
1.7573151125332198e-05,4.797023030602051e-05,0.9995310927164621,0.00033789148517351404,6.54724169329385e-05,2,0.9995310927164621
1.8067294026810926e-05,2.712162272244574e-05,0.9996025244916837,0.00024477610362388073,0.00010751048794315042,2,0.9996025244916837
2.888456819621229e-05,6.829038822550187e-05,0.9988990786009927,0.0008506562400577956,0.00015309020252786773,2,0.9988990786009927
0.9996929876184791,0.00025451657692723357,2.367214335187276e-05,1.1947125991638029e-05,1.687653525018334e-05,0,0.9996929876184791
3.0423579479881838e-05,7.352459604514253e-05,0.9988634176173768,0.0008921718905517148,0.00014046231654644972,2,0.9988634176173768
9.679856497023533e-06,6.768113790856917e-05,0.9998602671094758,2.8124828897980907e-05,3.424706722070308e-05,2,0.9998602671094758
3.5777919995188084e-05,6.657415517130836e-05,0.9986151088818258,0.001020598067771966,0.00026194097523584846,2,0.9986151088818258
3.331971836955926e-05,9.926277263791758e-05,0.9986324857412072,0.0009784971522382032,0.00025643461554707636,2,0.9986324857412072
1.568604808263163e-05,0.0001179487786203397,0.9997715854710787,4.1854518691268555e-05,5.292518352709392e-05,2,0.9997715854710787
1.6205294920906904e-05,4.0168126357650504e-05,0.99958171885359,0.00029514708299903803,6.67606421325663e-05,2,0.99958171885359
2.3727402795537265e-05,7.546111525201819e-05,0.999043802491248,0.0007093481772721999,0.00014766081343208526,2,0.999043802491248
6.8680126495193995e-06,4.604284136829227e-05,0.99990682586676,2.0677658347846916e-05,1.958562087410464e-05,2,0.99990682586676
1.0970610083215143e-05,6.854792617110984e-05,0.9998782018585458,2.3212197059581585e-05,1.906740814018156e-05,2,0.9998782018585458
0.9998760680519031,9.133290235062473e-05,1.544416679326943e-05,9.183630086495359e-06,7.971248866502354e-06,0,0.9998760680519031
3.6798742986515284e-05,8.630537692482132e-05,0.9987838793361496,0.0008794716133124327,0.00021354493062667566,2,0.9987838793361496
0.9987883465603038,0.0010429689909685247,9.730036858547449e-05,3.9448658625635515e-05,3.193542151676059e-05,0,0.9987883465603038
1.798814711023547e-05,0.00013156922853046343,0.9997518335328699,5.0324423246854835e-05,4.8284668242775595e-05,2,0.9997518335328699
2.6443311386816645e-05,6.228082070235698e-05,0.9991103723698502,0.0006464448426361552,0.00015445865542445693,2,0.9991103723698502
3.331310962524451e-05,5.6448815439407505e-05,0.9990538926594302,0.0007046647575936455,0.0001516806579112737,2,0.9990538926594302
0.0003055772899707964,0.9883437227331527,0.010656164723049484,0.00025026187163006304,0.00044427338219692604,1,0.9883437227331527
3.377142947068911e-05,7.859179481116997e-05,0.9987885794856222,0.0009280353736800802,0.00017102191641611304,2,0.9987885794856222
0.0005247706121067263,0.004695104042532712,0.9938372243554819,0.0004919625457255231,0.0004509384441531315,2,0.9938372243554819
1.2527248580705738e-05,0.0005182712215743302,0.9993834906823593,3.144555428960792e-05,5.426529319604275e-05,2,0.9993834906823593
3.166823169914924e-05,6.878111354465091e-05,0.9989921822301355,0.000727304500955684,0.0001800639236649661,2,0.9989921822301355
8.454439816760806e-06,5.800716259053575e-05,0.9998817980129185,2.2320714888424892e-05,2.9419669785673888e-05,2,0.9998817980129185
9.372589294565684e-06,5.420661852852087e-05,0.9998792174768856,2.5903795337024297e-05,3.129951995420565e-05,2,0.9998792174768856
8.32462833137753e-06,7.644821366414196e-05,0.9998631325509366,2.6165223086047778e-05,2.5929383981846477e-05,2,0.9998631325509366
2.372429278574896e-05,3.8677623217572833e-05,0.9992257928064747,0.0005971058190456363,0.00011469945847645685,2,0.9992257928064747
2.401634997023049e-05,0.00033644141488671557,0.9995372302183887,5.6752723417596946e-05,4.555929333669124e-05,2,0.9995372302183887
2.2354469423271687e-05,5.407454998771479e-05,0.9994141680397852,0.000396335433579155,0.000113067507224702,2,0.9994141680397852
0.9994547199552355,0.0003856353871012737,9.057950182478747e-05,3.769687280516488e-05,3.136828303323036e-05,0,0.9994547199552355
2.5675991995317088e-05,4.263958329072311e-05,0.9991794097634775,0.0006072868816641786,0.0001449877795721581,2,0.9991794097634775
1.022456842520044e-05,0.0003612524943041092,0.9995708039479013,2.802968636338151e-05,2.9689303005885214e-05,2,0.9995708039479013
3.365794408969803e-05,5.0502651609580365e-05,0.9988839049385,0.0008489905159253435,0.00018294394987544433,2,0.9988839049385
0.0017067741050759966,0.9947697945288727,0.0022001205138409362,0.0007371183814904164,0.0005861924707200015,1,0.9947697945288727
3.8966836916004705e-05,6.20012447846971e-05,0.9988529603839619,0.0008875358962304512,0.00015853563810679626,2,0.9988529603839619
2.0915132860986365e-05,2.5936357496366308e-05,0.9994635264614894,0.0004023131718290433,8.730887632413862e-05,2,0.9994635264614894
3.297852497529341e-05,8.199128337448982e-05,0.9988790190758444,0.0008124068385131637,0.0001936042772925628,2,0.9988790190758444
1.8497379285220923e-05,3.481769901093817e-05,0.9995801198305825,0.00029583617500707747,7.072891611438549e-05,2,0.9995801198305825
4.1091796618672486e-05,4.272078733534988e-05,0.999157644497139,0.0006210263966949717,0.00013751652221186995,2,0.999157644497139
2.3567785393743422e-05,3.8871765972400146e-05,0.9991553906177971,0.00063585773336565,0.00014631209747112243,2,0.9991553906177971
0.9991421845731888,0.0006064378231758943,0.0001200319497556279,5.430200905864273e-05,7.704364482106652e-05,0,0.9991421845731888
2.6045136523738893e-05,5.090502366121013e-05,0.9989726819905301,0.0008295170109784214,0.00012085083830635822,2,0.9989726819905301
1.4138712550136402e-05,2.0135655349645976e-05,0.9995858282176039,0.0002995054279295257,8.03919865666844e-05,2,0.9995858282176039
2.5971005875867287e-05,7.05225041563789e-05,0.9990479458130925,0.0007289654314552942,0.00012659524541987777,2,0.9990479458130925
3.3339624959892716e-05,6.741020387700628e-05,0.9987705122130598,0.000940706786865195,0.00018803117123817565,2,0.9987705122130598
0.0002747173975691396,0.01853777873446223,0.9799966669127758,0.0005883794960139632,0.0006024574591790747,2,0.9799966669127758
2.3145202765022518e-05,4.445774195497151e-05,0.9992892755246378,0.0004926963835405342,0.00015042514710177687,2,0.9992892755246378
0.0008502210078877029,0.9976730816943764,0.0008047110461108032,0.000326213549412136,0.0003457727022131771,1,0.9976730816943764
1.5266227942592592e-05,3.29328004345452e-05,0.9995185106331238,0.0003404643511956875,9.282598730342977e-05,2,0.9995185106331238
1.7369807553332306e-05,3.083919210162636e-05,0.9995066858371834,0.00034982890465136993,9.527625851023976e-05,2,0.9995066858371834
0.0004209098084532288,0.998637377725845,0.0005343571305197287,0.00022944796085799796,0.00017790737432384104,1,0.998637377725845
2.277831346675798e-05,5.7921688269892614e-05,0.9992281781000735,0.0005389088608356312,0.00015221303735436353,2,0.9992281781000735
1.1024516657225793e-05,6.276575925749035e-05,0.999858560630361,3.2247471309528946e-05,3.54016224147609e-05,2,0.999858560630361
2.771477076447407e-05,6.099969041738644e-05,0.9989042549737418,0.0008435756925246028,0.0001634548725519231,2,0.9989042549737418
2.6183251952658586e-05,3.9950230357557514e-05,0.9992212883809839,0.0006071791095222298,0.00010539902718375958,2,0.9992212883809839
1.5591425235069742e-05,3.459506794739676e-05,0.9995316317595146,0.00032184309117471994,9.633865612830693e-05,2,0.9995316317595146
2.8951444900148028e-05,6.482910394890249e-05,0.9988861573115385,0.000866617485943667,0.00015344465366871093,2,0.9988861573115385
0.9997607409303062,0.00011867509137246873,6.39431076274345e-05,3.015594389154774e-05,2.6484926802465308e-05,0,0.9997607409303062
2.9645798031186375e-05,7.547313439577161e-05,0.9989092355586617,0.0008546791125058462,0.0001309663964054949,2,0.9989092355586617
5.074554251442751e-05,0.0002997545921501347,0.9994976990685877,8.099849180053068e-05,7.080230494717983e-05,2,0.9994976990685877
2.7553373607655394e-05,6.352310912368155e-05,0.9989698227476137,0.0007404504213869792,0.00019865034826812815,2,0.9989698227476137
2.7268115666391748e-05,5.339842502846549e-05,0.9990301207306851,0.0007547524797270258,0.00013446024889315558,2,0.9990301207306851
3.139936636644402e-05,9.434687253401915e-05,0.998774167598557,0.0009358170513917818,0.00016426911115094344,2,0.998774167598557
8.936637790786203e-06,6.98016507867173e-05,0.9998638247401046,2.636037011040859e-05,3.107660120741115e-05,2,0.9998638247401046
1.571751141915345e-05,3.167935858448433e-05,0.999547981782901,0.0003037613598022354,0.00010085998729295726,2,0.999547981782901
3.2194244878855085e-05,5.2458417863957566e-05,0.9988585853416467,0.0008878378272308831,0.00016892416837964886,2,0.9988585853416467
0.9995230030458417,0.00030411250146774465,9.73527266801884e-05,4.215165553653552e-05,3.338007047400244e-05,0,0.9995230030458417
1.646947091845219e-05,3.1655583807773054e-05,0.999503076086899,0.00033592344257758516,0.00011287541579707305,2,0.999503076086899
2.467345715071751e-05,4.675275492413031e-05,0.9989969672203541,0.0008134678759085966,0.00011813869166239359,2,0.9989969672203541
1.3069822197228063e-05,0.000747036871424501,0.9991657313596871,3.581405912793858e-05,3.83478875632354e-05,2,0.9991657313596871
2.628736644447707e-05,5.614084750428324e-05,0.9989875837904291,0.0007580631237980006,0.00017192487182406444,2,0.9989875837904291
3.7286417949933257e-05,7.424880711082117e-05,0.9987894245916333,0.0009273368897942894,0.00017170329351158496,2,0.9987894245916333
1.7823296679113966e-05,2.8681411873276328e-05,0.9993813701514173,0.00047096686360562404,0.0001011582764248434,2,0.9993813701514173
3.149780907803236e-05,7.464361149952368e-05,0.9986272868531407,0.001137224000353173,0.00012934772592869956,2,0.9986272868531407
0.00015217210623100783,0.9991444812056096,0.0004701049060467892,0.00012935610824873993,0.00010388567386359425,1,0.9991444812056096
0.9998327644705877,0.00014107520153218582,1.0381804417351399e-05,8.7507837171682e-06,7.027739745729741e-06,0,0.9998327644705877
1.5402591450529495e-05,4.6132042657487045e-05,0.00012514637354553264,0.9997099358821053,0.0001033831102411628,3,0.9997099358821053
8.931351510870456e-06,8.721996014197873e-05,0.9998669049910521,2.159223252686223e-05,1.535146476806849e-05,2,0.9998669049910521
0.0001654889586666901,0.9991222629448737,0.0004921616144061891,0.00012241009651216874,9.767638554124036e-05,1,0.9991222629448737
0.0012484038497316775,0.993385193568841,0.003337669877528179,0.0011570987121761883,0.0008716339917230595,1,0.993385193568841
0.00013973998877521245,0.9994044290572326,0.00027145573436145997,0.00010846551031963496,7.59097093113534e-05,1,0.9994044290572326
6.456216011281599e-05,0.00014873901769809055,0.02571349707311848,0.9736992611366508,0.0003739406124198155,3,0.9736992611366508
3.744444485399818e-05,0.00010508972080601066,0.9981617831882792,0.0015067183192429524,0.00018896432681782979,2,0.9981617831882792
0.000108689814109824,0.9996266231984852,0.00013968491778941196,6.640361616461677e-05,5.859845345106427e-05,1,0.9996266231984852
1.0953780644254094e-05,0.00018430097124986705,0.9997514210637477,2.9733720851396777e-05,2.359046350679465e-05,2,0.9997514210637477
0.00010403536480252592,0.9994519290063676,0.0002819658861045047,9.109431708013123e-05,7.097542564526959e-05,1,0.9994519290063676
6.287976746601006e-05,0.9997705533593196,7.518100427630743e-05,4.988484227601222e-05,4.1501026662032894e-05,1,0.9997705533593196
0.9998106054635064,0.00015949198818807032,1.4301152175533343e-05,9.016949227622502e-06,6.5844469024268285e-06,0,0.9998106054635064
9.417908068855818e-05,0.999635632910362,0.00012809445934463618,7.784231781045614e-05,6.425123179448219e-05,1,0.999635632910362
1.4343893274630876e-05,3.140836645972094e-05,0.0001246462244713597,0.9997470031630606,8.259835273379379e-05,3,0.9997470031630606
9.203214143326364e-05,0.9989494543767001,0.0008263570486103534,7.171222208801215e-05,6.044421116828176e-05,1,0.9989494543767001
1.6994842460358345e-05,0.00046415638100749126,0.9994546561671699,3.5476892574865544e-05,2.8715716787401578e-05,2,0.9994546561671699
2.028902467552749e-05,5.4983823068087595e-05,0.0005711216112888468,0.9992471540396377,0.00010645150132965577,3,0.9992471540396377
0.00010116420296423562,0.9995218762567276,0.0002446187461310244,7.712024048013612e-05,5.522055369707514e-05,1,0.9995218762567276
0.003060793231893176,0.9964156552750583,0.0002430364109354377,0.00014715649124046358,0.00013335859087288727,1,0.9964156552750583
1.4658589518034384e-05,4.954334539760811e-05,0.00010893091673031278,0.9997437003660571,8.316678229687102e-05,3,0.9997437003660571
0.00018961073910167688,0.9987321240795355,0.0008332067587986896,0.00014155926284840627,0.00010349915971569346,1,0.9987321240795355
0.9990806391222516,0.0008849372372339797,1.3617829437482685e-05,1.1107461098331086e-05,9.698349978778758e-06,0,0.9990806391222516
0.00012697778356780113,0.9997204111248271,6.975405401322683e-05,4.4383980517495226e-05,3.847305707445062e-05,1,0.9997204111248271
8.849392291029647e-05,0.9995454470574507,0.0002326000093161252,7.204262830785835e-05,6.141638201493823e-05,1,0.9995454470574507
1.9197507677687245e-05,4.2203419373619255e-05,0.00021343662550041064,0.999621043411863,0.00010411903558531239,3,0.999621043411863
6.918417331343833e-05,0.0004812124877840335,0.9993002796173712,8.477465087769946e-05,6.454907065361082e-05,2,0.9993002796173712
4.87968239573628e-05,0.00011255253435539507,0.9971164853747966,0.002516712053908689,0.00020545321298189975,2,0.9971164853747966
0.00017269241247257357,0.9987163675378194,0.0008618387366792374,0.00013575827606378865,0.00011334303696490475,1,0.9987163675378194
7.311717085905108e-05,0.9984887069360298,0.0013236479102667926,6.378334468552182e-05,5.074463815874638e-05,1,0.9984887069360298
0.9997772197218303,0.00018666322319819975,1.8004171445799248e-05,1.0535587569200436e-05,7.577295956574566e-06,0,0.9997772197218303
1.3791440911837105e-05,3.405621490301512e-05,0.00012802836401679205,0.99974510984945,7.901413071833417e-05,3,0.99974510984945
4.246246865440419e-06,7.664881947613291e-05,0.9998987488006843,1.160812995264332e-05,8.748003021465355e-06,2,0.9998987488006843
0.9998490380245036,0.0001234749714845674,1.2280975506972253e-05,8.178174373540584e-06,7.027854131160708e-06,0,0.9998490380245036
0.9990506363889242,0.0008920728427086875,2.575052223884452e-05,1.9436148027269673e-05,1.2104098101092118e-05,0,0.9990506363889242
1.4479531704717794e-05,3.132084387962354e-05,0.0001335161940286667,0.9997507365340762,6.994689631092003e-05,3,0.9997507365340762
0.9997574968123792,0.00020137362393519965,1.6469709642298088e-05,1.4285107882381706e-05,1.0374746160665077e-05,0,0.9997574968123792
2.877834154586074e-05,7.46860390258676e-05,0.0008009709508112001,0.9989150129762877,0.00018055169232939573,3,0.9989150129762877
6.175849625452811e-06,0.00017999089732674382,0.9997829389407992,1.8170993775796128e-05,1.2723318472905879e-05,2,0.9997829389407992
7.249217001460486e-05,0.00018869311391131203,0.9943389502361674,0.005092530054134821,0.0003073344257718504,2,0.9943389502361674
0.00010962464769602532,0.9994590919202653,0.0002825473182343233,7.901161829753495e-05,6.972449550674375e-05,1,0.9994590919202653
0.00010382175131825627,0.9995654129842375,0.0002037745459362121,7.603195341284455e-05,5.0958765095121375e-05,1,0.9995654129842375
6.03486009410574e-06,8.795752409121946e-05,0.9998760384071655,1.754475519848236e-05,1.2424453450662449e-05,2,0.9998760384071655
3.791099473388985e-05,9.09324847703928e-05,0.9982181672643541,0.0014144896771959117,0.00023849957894574509,2,0.9982181672643541
0.00020455127057417784,0.9984861010753392,0.0009164287949925971,0.00022407834371727326,0.00016884051537689574,1,0.9984861010753392
4.0481216712892465e-05,0.00010591448844248153,0.9982342195333662,0.001366390835423087,0.00025299392605550693,2,0.9982342195333662
5.481288270219183e-05,0.000124857144799763,0.002638195233700315,0.9969733190965387,0.00020881564225887973,3,0.9969733190965387
8.266431629267494e-06,0.00029611711856276273,0.9996645918563629,1.6819893350461985e-05,1.4204700094746508e-05,2,0.9996645918563629
2.4975484740844633e-05,5.703739739324564e-05,0.9988909930821671,0.0008740462480705284,0.00015294778762822505,2,0.9988909930821671
0.00011604468155020733,0.9994431890743614,0.00026168685760967676,9.854227999177099e-05,8.053710648711835e-05,1,0.9994431890743614
2.000193240189063e-05,4.866923392864815e-05,0.0006094370263075964,0.999220283250513,0.00010160855684869497,3,0.999220283250513
6.0011096296078816e-05,0.9989437416962536,0.0007931668094052586,0.00010889249235546368,9.418790568953625e-05,1,0.9989437416962536
0.00011502169237504434,0.999599055584084,0.0001554327496673705,7.541770360305566e-05,5.507227027030935e-05,1,0.999599055584084
0.999442005817072,0.0004968370650352314,2.8200038569426727e-05,1.888606779425069e-05,1.4071011529082965e-05,0,0.999442005817072
5.669038951395327e-05,0.00013909716679993432,0.9973411808494329,0.0021292854563659852,0.00033374613788707773,2,0.9973411808494329
3.6289731146394734e-05,9.056112834352857e-05,0.9980537787591739,0.0015927250956532405,0.0002266452856828142,2,0.9980537787591739
7.888032178580841e-06,0.0003359554210677246,0.999631573550867,1.3800042164883684e-05,1.0782953721880698e-05,2,0.999631573550867
9.24122042210878e-06,0.00029399825912367956,0.9996580776422667,2.2803140654736442e-05,1.5879737532787645e-05,2,0.9996580776422667
1.5227885324885468e-05,3.6865276593932505e-05,0.0001540920772288988,0.9996947927277338,9.90220331186017e-05,3,0.9996947927277338
2.672185233003255e-05,0.004973369407171566,0.9948912733013436,6.271769431066403e-05,4.5917744844137846e-05,2,0.9948912733013436
0.9998063291725524,0.0001633726645865127,1.206717580169831e-05,1.0518640148539969e-05,7.712346911010328e-06,0,0.9998063291725524
0.9998083969175654,0.00016449107858090568,1.1391437998967556e-05,8.692997386410367e-06,7.027568468265183e-06,0,0.9998083969175654
2.5110042788723355e-05,5.482771671389615e-05,0.0008877220435405668,0.9989024474067557,0.0001298927902010877,3,0.9989024474067557
1.6383838646588853e-05,0.001157911202587099,0.9987614115226912,3.7448907782382364e-05,2.6844528292816742e-05,2,0.9987614115226912
1.6341523583650975e-05,3.720243015310486e-05,0.00020248000380894605,0.9996320385415519,0.00011193750090246818,3,0.9996320385415519
9.022875920403829e-05,0.999637407707676,0.0001410148445510839,6.975083279915272e-05,6.159785576968957e-05,1,0.999637407707676
0.9996366341134884,0.00027893219628825027,3.9971501472006885e-05,2.380763970012293e-05,2.0654549051504476e-05,0,0.9996366341134884
1.540169772238288e-05,3.871912597323121e-05,0.00014914338997804014,0.9997311766166799,6.55591696462928e-05,3,0.9997311766166799
7.128921540655311e-06,0.0001352182532245664,0.9998305634244843,1.5537454493588137e-05,1.1551946257096459e-05,2,0.9998305634244843
9.363363104139588e-05,0.9981336579948376,0.0014931437552089279,0.00016038088662367805,0.0001191837322883137,1,0.9981336579948376
1.021558051924974e-05,0.0002138848476665975,0.9997338581264088,2.448740708769082e-05,1.7554038317563093e-05,2,0.9997338581264088
0.9999087149547047,6.042004380706945e-05,1.5064960749738238e-05,8.928701004124648e-06,6.871339734496682e-06,0,0.9999087149547047
5.046800471034e-05,0.0001146909837138639,0.9963529456325975,0.0032556633006952653,0.0002262320782831355,2,0.9963529456325975
4.266131267931538e-05,9.023345660133107e-05,0.9976992383079946,0.0018889575040151193,0.00027890941870975565,2,0.9976992383079946
9.241395503043434e-06,7.165877956213605e-05,0.9998701505785587,2.2052645811723714e-05,2.6896600564692477e-05,2,0.9998701505785587
5.452256910111672e-06,6.979573447403619e-05,0.9998991361392867,1.4383277010464456e-05,1.1232592318561586e-05,2,0.9998991361392867
0.00031278544528653843,0.9992858037742025,0.00023455602653870705,9.220370265942687e-05,7.465105131270495e-05,1,0.9992858037742025
2.2262638387389875e-05,4.8746385102857566e-05,0.0006032848538806657,0.9992145382731344,0.0001111678494946999,3,0.9992145382731344
5.210936458384801e-05,0.00015802427960311444,0.9974515758029997,0.002066381470034612,0.0002719090827787878,2,0.9974515758029997
2.561369888621294e-05,5.108883225040834e-05,0.0009403757831470035,0.9988751511397596,0.00010777054595670418,3,0.9988751511397596
7.402107730257221e-06,0.00018567856224830463,0.9997756095704567,1.807094635818176e-05,1.3238813206498083e-05,2,0.9997756095704567
0.00010438982759110192,0.9995676640992501,0.00016556903030991106,9.367948186796804e-05,6.86975609807978e-05,1,0.9995676640992501
0.9999189518263696,5.704761212759905e-05,9.675454575769362e-06,7.569511151396139e-06,6.7555957755616275e-06,0,0.9999189518263696
7.397961307522238e-06,0.00042651908889899194,0.9995415876633853,1.4102027021896407e-05,1.0393259386404007e-05,2,0.9995415876633853
0.0002365221817603451,0.9988178420881978,0.0005884191869605351,0.0001929548647793295,0.0001642616783021252,1,0.9988178420881978
2.074366799951073e-05,5.008853159736765e-05,0.0008521772355715899,0.9989499580703379,0.00012703249449372964,3,0.9989499580703379
1.3104442243999802e-05,2.5509007955495054e-05,0.00013708933891930117,0.9997344726297187,8.982458116253842e-05,3,0.9997344726297187
1.2912139007205648e-05,2.987573912763803e-05,0.00017201632478399534,0.9996944722509472,9.072354613411976e-05,3,0.9996944722509472
6.104473703777196e-06,0.00014650357823181898,0.9998239310125774,1.3419302384798492e-05,1.0041633102315404e-05,2,0.9998239310125774
6.912229030794656e-06,6.190417693549017e-05,0.9998916649286326,1.7393592300609385e-05,2.2125073100459072e-05,2,0.9998916649286326
7.794509076803914e-06,0.00016564963027382548,0.9997929610143267,1.8102554250697344e-05,1.54922920719278e-05,2,0.9997929610143267
0.00011147318973326104,0.9995356181258774,0.0001896494196543434,8.71581465997354e-05,7.610111813517364e-05,1,0.9995356181258774
9.1834876781797e-05,0.9996129709304244,0.00015960604563646514,7.519367534168845e-05,6.039447181546643e-05,1,0.9996129709304244
7.4781797564097e-05,0.00021129822731970403,0.994884453860785,0.004421295242477684,0.00040817087185368757,2,0.994884453860785
0.00023134480186815876,0.9986158614167775,0.0007165938248262241,0.0002335668057244097,0.00020263315080382027,1,0.9986158614167775
8.700075434021595e-06,0.000172654020098373,0.9997817130722988,2.1383094271087737e-05,1.5549737897623436e-05,2,0.9997817130722988
3.0486654777128854e-05,7.999773599763723e-05,0.9988839113593547,0.0008780965960060002,0.00012750765386433912,2,0.9988839113593547
0.0001362521827031309,0.9995251030882114,0.00018240671811746946,8.412985361838596e-05,7.210815734963973e-05,1,0.9995251030882114
0.00012874390852534367,0.9992090499667177,0.0004972746102796438,9.46565584597712e-05,7.027495601787531e-05,1,0.9992090499667177
0.00024762888228066694,0.9990951547260414,0.00036955618846150573,0.00015826509822340545,0.0001293951049930754,1,0.9990951547260414
0.00013080089703849536,0.9992604326060902,0.00043879256387731883,9.857616830154463e-05,7.139776469245082e-05,1,0.9992604326060902
8.747198845156566e-05,0.9995715068873352,0.00021247330031609745,6.883197524704533e-05,5.971584865024215e-05,1,0.9995715068873352
8.032382184318967e-06,6.25153165448839e-05,0.9998776477375213,2.609403792517492e-05,2.5710525824178446e-05,2,0.9998776477375213
0.0001417991752841519,0.9994568999984801,0.00018757256345158937,0.00011525052027089494,9.84777425131005e-05,1,0.9994568999984801
0.9996706167391012,0.00027508641413567694,2.457281822204829e-05,1.6356285335590026e-05,1.3367743205415048e-05,0,0.9996706167391012
0.9997729744347023,0.00018731985277505958,1.774716701058823e-05,1.1986579986624152e-05,9.971965525376986e-06,0,0.9997729744347023
0.9993121007855469,0.0006333997761324043,2.4833186288400037e-05,1.5885035340618508e-05,1.378121669179969e-05,0,0.9993121007855469
1.4643483554520976e-05,3.5337326696558624e-05,0.00014881331605551268,0.9997173102074504,8.389566624293878e-05,3,0.9997173102074504
0.9997277217834025,0.00023990222636206877,1.5818747199827036e-05,9.112049345187794e-06,7.4451936901816836e-06,0,0.9997277217834025
3.394340238928458e-05,7.764461580685395e-05,0.9986347591430548,0.0010460097013541894,0.00020764313739498556,2,0.9986347591430548
6.325737373896707e-06,8.972057042802133e-05,0.9998757563675944,1.51652114425068e-05,1.3032113160972595e-05,2,0.9998757563675944
0.9998822869259164,8.928203099511587e-05,1.325784697920408e-05,8.145108274363404e-06,7.0280878348702326e-06,0,0.9998822869259164
0.9995893566182249,0.00031601807295161577,4.328455812445174e-05,2.7142055919248583e-05,2.4198694779776433e-05,0,0.9995893566182249
0.00014956418235130442,0.999196455172735,0.00046340634500589546,0.00010893458229323617,8.163971761443274e-05,1,0.999196455172735
1.5992213772048754e-05,4.114270817378018e-05,0.0001252212694915598,0.9997432821926516,7.436161591091242e-05,3,0.9997432821926516
0.00010324192619064073,0.9986442360726422,0.0009329981836888981,0.00018346772328401104,0.00013605609419410354,1,0.9986442360726422
0.00011143205555535104,0.9994752492156407,0.0002520287347054599,8.526836829284892e-05,7.602162580561589e-05,1,0.9994752492156407
2.8295899107442597e-05,6.262392338030065e-05,0.0012985702153020368,0.9984629702307795,0.00014753973143070037,3,0.9984629702307795
0.00016282080201509763,0.9992941920628284,0.0002819585173323919,0.00015387840756424774,0.00010715021025983555,1,0.9992941920628284
5.662691672484887e-06,0.00010607906081167442,0.9998633782643869,1.514678523658448e-05,9.733197892478244e-06,2,0.9998633782643869
0.0001539468231413994,0.9991742681893867,0.00042273022237818803,0.0001393865789627725,0.00010966818613097044,1,0.9991742681893867
2.6383355777593575e-05,7.080548282666129e-05,0.9987661826387975,0.0010061631681981625,0.00013046535440025555,2,0.9987661826387975
7.438409649515681e-06,0.0001285320658720255,0.999833955968177,1.7837647984103514e-05,1.2235908317361015e-05,2,0.999833955968177
8.353878710316744e-06,0.00014071313271321473,0.9998126490169299,2.153758139490331e-05,1.6746390251848996e-05,2,0.9998126490169299
1.702373618625695e-05,4.90592374636257e-05,0.0001763620751836109,0.999637413651891,0.00012014129927573226,3,0.999637413651891
6.557182169713661e-06,0.0002652746121803118,0.9997050561334012,1.2375546599732211e-05,1.0736525649034774e-05,2,0.9997050561334012
0.00014049600010621809,0.9994204256030063,0.00023362984925912183,0.00011305247746467876,9.23960701636466e-05,1,0.9994204256030063
3.4141951588653406e-05,7.309947934754217e-05,0.0013722977357437604,0.9983482790615005,0.0001721817718195226,3,0.9983482790615005
1.1602961696516882e-05,3.960682743453549e-05,0.9996280942294068,0.000251930971223055,6.876501023908323e-05,2,0.9996280942294068
3.142440937471748e-05,6.636258915540662e-05,0.9989380390080221,0.0007864449747789413,0.00017772901866874887,2,0.9989380390080221
0.00014831727497198197,0.0002891365040211884,0.13153136492916176,0.8671746596419253,0.0008565216499197237,3,0.8671746596419253
6.439491318710527e-05,0.9997187479208278,0.00014415614983600606,4.1094101290311726e-05,3.1606914858942544e-05,1,0.9997187479208278
0.0002358275274063427,0.9986025036482297,0.0007872585877958569,0.0002135230308729885,0.0001608872056949837,1,0.9986025036482297
8.5845485221332e-06,0.00018719899935636973,0.999770402202585,1.928872907628983e-05,1.452552046033377e-05,2,0.999770402202585
2.5293043504522748e-05,6.038647504165783e-05,0.0005238642521073323,0.9992682100589237,0.00012224617042262814,3,0.9992682100589237
0.00011072971327967494,0.9996104777048818,0.0001204451645147536,8.547766165940689e-05,7.286975566444105e-05,1,0.9996104777048818
0.9997952647884797,0.00017517700166942607,1.3420886318414017e-05,8.724591246878311e-06,7.4127322857348836e-06,0,0.9997952647884797
5.968596820087529e-05,0.9997656839319807,8.668545283185746e-05,4.6493493294304564e-05,4.145115369220221e-05,1,0.9997656839319807
3.5711124345826554e-05,0.0010567389283428251,0.9987434978195412,9.467368574107285e-05,6.937844202902916e-05,2,0.9987434978195412
0.9987671797828663,0.0011859131950536022,2.5228725282039613e-05,1.2989675906843994e-05,8.68862089143028e-06,0,0.9987671797828663
2.9493626546887276e-05,6.939812263046301e-05,0.0009604463224726056,0.998794816325068,0.0001458456032820629,3,0.998794816325068
1.5908670843849943e-05,3.272917242593496e-05,0.00011924024225651123,0.9997647235973877,6.739831708583308e-05,3,0.9997647235973877
0.9994827447449761,0.0004656962482167567,2.1284479506874496e-05,1.6005081766948264e-05,1.4269445533382726e-05,0,0.9994827447449761
6.413753978892987e-06,0.00016120564439585535,0.9998028450764902,1.632208254374215e-05,1.3213442591607717e-05,2,0.9998028450764902
0.9995226748803477,0.0004342752936736889,1.9280859757390307e-05,1.2727285806867177e-05,1.1041680414421637e-05,0,0.9995226748803477
7.401262324511578e-06,8.687131998140441e-05,0.9998777480927407,1.4981756549725098e-05,1.2997568403742149e-05,2,0.9998777480927407
4.597918433773467e-05,0.9998012868197768,8.135764237916066e-05,3.944438869010871e-05,3.19319648164405e-05,1,0.9998012868197768
0.00012127964237949494,0.9995271141532918,0.00017619516609289205,9.489827164452468e-05,8.051276659136079e-05,1,0.9995271141532918
5.376102812093923e-06,7.795131130274003e-05,0.9998921602502463,1.4067813263205185e-05,1.0444522375687913e-05,2,0.9998921602502463
1.6184986369504842e-05,3.6892990170877066e-05,0.0001622151645586227,0.9997104728649634,7.423399393781525e-05,3,0.9997104728649634
5.715504407907278e-06,0.00011105398779652187,0.9998571764278364,1.4763627384375717e-05,1.1290452574833397e-05,2,0.9998571764278364
6.334051510645937e-06,0.00047696757059686865,0.9994930469584516,1.3280240976378007e-05,1.0371178464503027e-05,2,0.9994930469584516
3.138135036467784e-05,7.033751613779071e-05,0.998440714283042,0.0012616548219423172,0.00019591202851299285,2,0.998440714283042
9.415169233633274e-06,0.00023717518010487844,0.9997075889375345,2.643694448128595e-05,1.9383768645712072e-05,2,0.9997075889375345
6.862519773399174e-06,0.00013363533612042306,0.9998271502419271,1.8213924427334133e-05,1.413797775187406e-05,2,0.9998271502419271
0.006432296186920414,0.9933493857909964,8.728238111928985e-05,6.98453886973468e-05,6.119025226659494e-05,1,0.9933493857909964
0.00018506744364681307,0.9983790402449665,0.001188747433880365,0.0001435234743824347,0.00010362140312357456,1,0.9983790402449665
2.5461591977912052e-05,6.603861403380093e-05,0.9990603464132601,0.0006946930614307171,0.00015346031929735224,2,0.9990603464132601
5.787730347929365e-06,7.632721583961425e-05,0.999892234691939,1.373469437307686e-05,1.191566750040634e-05,2,0.999892234691939
4.836974614845913e-05,0.00012218111971976458,0.9979781572327289,0.0015283872335651245,0.0003229046678376856,2,0.9979781572327289
3.441302980968236e-05,8.60160240665493e-05,0.9988760083053666,0.0008335735654527213,0.00016998907530449154,2,0.9988760083053666
1.6774437675453746e-05,4.701671391034669e-05,0.00014187255670827762,0.999706712312535,8.762397917074137e-05,3,0.999706712312535
0.0001717560820434011,0.9990081797393117,0.0005714594363102672,0.00013142861618431505,0.00011717612615030944,1,0.9990081797393117
0.0001222327357008857,0.9994708610425269,0.0002202054760081095,0.00010668298063534659,8.001776512876429e-05,1,0.9994708610425269
6.5818356409136715e-06,0.00013273366807709585,0.9998304474223619,1.6958899660685555e-05,1.3278174259375119e-05,2,0.9998304474223619
0.9997630670022306,0.00019703977834433864,1.798100429065029e-05,1.1992130214220431e-05,9.920084920117323e-06,0,0.9997630670022306
5.525215026264051e-05,0.9997642829284344,9.808074119842471e-05,4.466434429099543e-05,3.771983581362407e-05,1,0.9997642829284344
0.00010812199811637017,0.9993444645590179,0.0003501673517492546,0.00010448421731822946,9.276187379808135e-05,1,0.9993444645590179
3.204922319293013e-05,8.397632697981899e-05,0.9986979309286567,0.0009916513826314372,0.00019439213853925382,2,0.9986979309286567
0.0001000130799551448,0.9995650015522659,0.0001879468301422416,8.40234427720346e-05,6.301509486474546e-05,1,0.9995650015522659
1.7075047048826178e-05,5.232783728357998e-05,0.00020621421068161392,0.999604490924229,0.00011989198075689485,3,0.999604490924229
0.00012694084232687337,0.995725227978633,0.0037509664856515417,0.00021270959433595773,0.00018415509905230136,1,0.995725227978633
0.9998248448559309,0.0001436373819392339,1.553206300757545e-05,8.833674879387004e-06,7.152024242851266e-06,0,0.9998248448559309
6.683979468464683e-06,0.00016086139522743362,0.9998041856987976,1.528350276041161e-05,1.2985423745984408e-05,2,0.9998041856987976
0.00018173756659606977,0.9975682100543783,0.0020190819038969484,0.00012311324227740248,0.00010785723285120533,1,0.9975682100543783
1.5072620729864133e-05,3.546887504906281e-05,0.00012422958870772103,0.9997329254419947,9.23034735186517e-05,3,0.9997329254419947
0.00011977178607704496,0.9995065261932516,0.00018831182645883608,0.00010634009133123777,7.90501028813386e-05,1,0.9995065261932516
0.9992763067031776,0.0005904204514266484,5.7170735109477776e-05,4.4647461332957094e-05,3.145464895347822e-05,0,0.9992763067031776
0.0003216850637724224,0.9981086423778226,0.001032830540162703,0.0003046970975434995,0.00023214492069894668,1,0.9981086423778226
0.9997887211638543,0.00017833760289898452,1.1811933770762472e-05,1.0810722332263512e-05,1.0318577143623273e-05,0,0.9997887211638543
0.9996927002313677,0.00027884256905265917,1.1663529251712393e-05,8.878225053536994e-06,7.915445274149073e-06,0,0.9996927002313677
0.00010506522012001184,0.9968007948174807,0.002950849276064034,8.499057433133146e-05,5.830011200382445e-05,1,0.9968007948174807
5.4027885370125755e-06,5.481967862490585e-05,0.999914091276995,1.4555576929584972e-05,1.113067891337075e-05,2,0.999914091276995
0.0047832552086288435,0.9946806364135861,0.00027263144119481474,0.00015758650489253433,0.00010589043169784642,1,0.9946806364135861
1.248380938574606e-05,2.855108045399295e-05,0.00011276601228306538,0.9997623503610235,8.384873685382072e-05,3,0.9997623503610235
1.8510014490385485e-05,4.5812775687564305e-05,0.00021808847105498797,0.9995875332806725,0.00013005545809447854,3,0.9995875332806725
0.00011120199463041765,0.9938357199726909,0.005699001588621942,0.00020619800494082435,0.00014787843911606767,1,0.9938357199726909
1.693927799365899e-05,4.189193206044421e-05,0.00016152969259732494,0.9997086679152399,7.097118210866157e-05,3,0.9997086679152399
2.9622028324293264e-05,6.877436877589916e-05,0.9986751860762392,0.001085694912711699,0.00014072261394877886,2,0.9986751860762392
9.778276908024115e-05,0.01129855009614352,0.9882596623038451,0.0002005599810531652,0.00014344484987807932,2,0.9882596623038451
4.71436493466656e-06,7.071403980920932e-05,0.9999039654310786,1.089375696252411e-05,9.712407215042073e-06,2,0.9999039654310786
7.757661194833775e-05,0.010811262066811765,0.9888092423887372,0.00017489740673251852,0.00012702152576995077,2,0.9888092423887372
0.00013939438870834921,0.9994881691262283,0.0002091172970028785,9.610848039475935e-05,6.721070766577898e-05,1,0.9994881691262283
8.131131107233115e-06,0.0001761529720410548,0.99978414559478,1.8194892618450968e-05,1.3375409453420557e-05,2,0.99978414559478
0.0001052564915032746,0.9994963327482285,0.0002527768733471947,7.754311499760854e-05,6.809077192338285e-05,1,0.9994963327482285
4.975626341625684e-06,6.859608288052394e-05,0.9999035153855806,1.2662254293210295e-05,1.0250650904091866e-05,2,0.9999035153855806
5.983352856381751e-05,0.9991808921865023,0.0005729307643876856,0.00010900573323188244,7.733778731424073e-05,1,0.9991808921865023
1.9784614681339312e-05,4.0344514610736245e-05,0.000853474801403808,0.9989916190036879,9.477706561633768e-05,3,0.9989916190036879
1.4294739185625341e-05,3.1265217695509046e-05,0.00012191281764197605,0.9997410138994918,9.151332598509081e-05,3,0.9997410138994918
0.0001710731874877008,0.9993197065475076,0.00029640494466806627,0.00011301251643733451,9.980280389944196e-05,1,0.9993197065475076
8.708462264658483e-06,6.569692412572407e-05,0.9998709008079241,2.681924259744143e-05,2.7874563088082107e-05,2,0.9998709008079241
7.864560677007288e-05,0.9991731258419282,0.0005007907723794539,0.00013249256624955872,0.00011494521267251354,1,0.9991731258419282
0.000140369381760552,0.9992860410468838,0.0003636656193099122,0.00011409582575382003,9.582812629191064e-05,1,0.9992860410468838
2.7636038816704667e-05,7.290290699949759e-05,0.9989858629671965,0.0007436770220563912,0.0001699210649309686,2,0.9989858629671965
6.458580118301527e-06,0.00035667283971260293,0.9996108553016195,1.4657138835884313e-05,1.1356139713828573e-05,2,0.9996108553016195
0.0001199201844916579,0.9997161042491054,7.329967814560959e-05,5.098008867785051e-05,3.969579957936332e-05,1,0.9997161042491054
5.1242244562261694e-06,7.078537883069685e-05,0.9998975595842321,1.4398089581108195e-05,1.213272289999135e-05,2,0.9998975595842321
5.747011396989777e-06,0.0001092436040644284,0.9998620886971533,1.2642046064059682e-05,1.0278641321222582e-05,2,0.9998620886971533
1.5565738536719272e-05,3.992413265288976e-05,0.00016446775267313889,0.9996749603726504,0.00010508200348682989,3,0.9996749603726504
1.3827302857436156e-05,3.276250013404991e-05,0.000149009293788493,0.9997321717578376,7.222914538235016e-05,3,0.9997321717578376
8.348684662574688e-05,0.9996730997949856,0.00011796196235788149,6.747083183665193e-05,5.798056419415506e-05,1,0.9996730997949856
5.377916285825226e-06,0.00013209939881181606,0.9998362915974925,1.515164963607853e-05,1.1079437773740274e-05,2,0.9998362915974925
0.00016008916821539848,0.9989617674141609,0.0006388110440025567,0.00012815246121995923,0.00011117991240118613,1,0.9989617674141609
0.00023542725235635656,0.9992160723670017,0.0003997694381734329,8.063404906992572e-05,6.809689339866765e-05,1,0.9992160723670017
7.56183289042459e-06,0.00012817543599129673,0.999831275138545,1.999009593922971e-05,1.299749663397371e-05,2,0.999831275138545
5.891896881237737e-05,0.9997673257134244,8.590369723523104e-05,4.7628501258272674e-05,4.0223119269506995e-05,1,0.9997673257134244
6.132182779120043e-06,0.00013027415699355625,0.9998400102944291,1.3489330681939309e-05,1.0094035115959913e-05,2,0.9998400102944291
7.961061504109948e-05,0.9996889466715467,0.00011975715177987702,6.021999614578399e-05,5.146556548663312e-05,1,0.9996889466715467
1.4809035674263562e-05,3.270854609663728e-05,0.00013869008120786946,0.9997213034148096,9.248892221164605e-05,3,0.9997213034148096
0.00010649650181634806,0.9995174859068926,0.00021081807160081833,9.128902252038787e-05,7.391049716981616e-05,1,0.9995174859068926
0.0001083523483457794,0.9982651084113894,0.0014719768640718332,8.151701127915972e-05,7.30453649141293e-05,1,0.9982651084113894
0.9996157004040644,0.0003506102914286398,1.5180031625398076e-05,1.0697579397451953e-05,7.811693484004437e-06,0,0.9996157004040644
6.758909014097787e-05,0.9997422258058347,9.802289374548118e-05,4.779278690297499e-05,4.436942337571631e-05,1,0.9997422258058347
1.2389519844379495e-05,5.655928809922733e-05,0.9998761941078619,2.7399170407656024e-05,2.7457913786826278e-05,2,0.9998761941078619
2.058126815878684e-05,4.83450984333197e-05,0.0005289638338062537,0.9992761570054399,0.0001259527941616342,3,0.9992761570054399
7.198775760830832e-06,0.0005969194466066953,0.9993719380802486,1.2820847025543437e-05,1.1122850358389555e-05,2,0.9993719380802486
0.9998503801947172,0.00012159908972581079,1.1344682617950707e-05,8.59903874610726e-06,8.076994192966678e-06,0,0.9998503801947172
0.0009286586217646903,0.9971851344831338,0.001182558229504513,0.00038719779637660923,0.0003164508692204462,1,0.9971851344831338
4.09256400766972e-05,9.934189679189545e-05,0.005193710449225462,0.9944945541948003,0.00017146781910563658,3,0.9944945541948003
1.997111857724435e-05,6.417254885066547e-05,0.00024267845029322837,0.9995454123862382,0.000127765496040597,3,0.9995454123862382
4.168479489424508e-06,6.581694121080582e-05,0.9999117944427766,9.632347747866717e-06,8.587788775351791e-06,2,0.9999117944427766
1.645376591871631e-05,3.9254227271033184e-05,0.000149014827104598,0.9997260005588213,6.927662088430411e-05,3,0.9997260005588213
0.0001965277022163991,0.9988963100573264,0.0006225099657531662,0.00015048568344569758,0.00013416659125832742,1,0.9988963100573264
0.9998950869064288,7.529468750263478e-05,1.430444339666666e-05,9.317844058055289e-06,5.996118613949536e-06,0,0.9998950869064288
0.9479494916759996,0.051329695976303644,0.00034344091049821695,0.00019950305578540181,0.0001778683814132125,0,0.9479494916759996
4.208490430773323e-06,5.646867623942998e-05,0.999920269616488,1.0877094842503205e-05,8.176121999229452e-06,2,0.999920269616488
0.9997616050376671,0.00020036121973543756,1.6600669839010123e-05,1.1513002344646975e-05,9.920070413867692e-06,0,0.9997616050376671
2.2818896621715205e-05,6.357449636914153e-05,0.0007833587196080079,0.9990111778258108,0.0001190700615903841,3,0.9990111778258108
1.8312887130974475e-05,4.333398780932894e-05,0.0005953091377582855,0.9992692827456885,7.376124161290231e-05,3,0.9992692827456885
6.8936726185602455e-06,8.83774257618856e-05,0.999866837790385,1.6170365367541255e-05,2.1720745867163065e-05,2,0.999866837790385
4.025347351598371e-05,0.9998633349944178,3.623282372226107e-05,3.222317762801375e-05,2.7955530716037922e-05,1,0.9998633349944178
1.0950314949261639e-05,0.0001626610913788741,0.9997840477941977,2.431575560157814e-05,1.802504387263702e-05,2,0.9997840477941977
6.06543905786507e-05,0.9984412322606171,0.0012957478598441925,0.00010835824290643692,9.400724605363874e-05,1,0.9984412322606171
1.325118846088831e-05,3.390309177099053e-05,0.00011438943018241232,0.9997815082922721,5.694799731374739e-05,3,0.9997815082922721
0.00020359886335905388,0.9988064107383842,0.0005838006246274274,0.0001857486460354953,0.000220441127593986,1,0.9988064107383842
0.00010746858703138578,0.9995411803352874,0.00017936989131078196,9.734560530521488e-05,7.463558106537432e-05,1,0.9995411803352874
0.9992006263251975,0.0005882361984576916,0.00014101001540100963,3.827861871832411e-05,3.184884222558804e-05,0,0.9992006263251975
3.478230095245818e-05,9.088791319990883e-05,0.9983421778446487,0.0013444746372970487,0.0001876773039017466,2,0.9983421778446487
6.721545008376524e-06,0.00012488096186213823,0.9998381470264348,1.852480362579251e-05,1.172566306872892e-05,2,0.9998381470264348
0.00014952125795002,0.9986992833456545,0.0008846357881781861,0.000142707186955087,0.0001238524212622906,1,0.9986992833456545
0.9998627541506581,0.00011200349866651404,1.033161850924843e-05,7.88278162553706e-06,7.027950540648733e-06,0,0.9998627541506581
1.1697541613351814e-05,0.0015020472908719412,0.998444742948322,2.204334474280509e-05,1.946887444993293e-05,2,0.998444742948322
1.772876051708378e-05,3.463142729921197e-05,0.0004962083502708675,0.9993585291029063,9.290235900644679e-05,3,0.9993585291029063
8.569388010103618e-05,0.9983103786541119,0.0014495119612887956,8.099271094530057e-05,7.3422793552813e-05,1,0.9983103786541119
3.969503506677118e-06,6.901684749299443e-05,0.9999094095016303,9.42628353615847e-06,8.177863833766291e-06,2,0.9999094095016303
8.405345582145033e-06,0.00011022022286012658,0.999844961962628,2.1969064745222797e-05,1.4443404184745257e-05,2,0.999844961962628
0.9995650954475708,0.0003797441975619931,2.6028516644610108e-05,1.576550606358981e-05,1.336633215911213e-05,0,0.9995650954475708
0.00012547487339268905,0.9994088254242276,0.0002748066410235741,0.00010375234104473667,8.714072031143987e-05,1,0.9994088254242276
0.9998942374501112,8.120401075498378e-05,9.868614637832507e-06,8.123083890932846e-06,6.56684060508673e-06,0,0.9998942374501112
4.329306631463295e-06,9.26036690869522e-05,0.9998838672045001,1.028069927498457e-05,8.91912050642462e-06,2,0.9998838672045001
0.0001642216359418924,0.9702610692555543,0.029017026316629328,0.0003041149205141486,0.0002535678713604191,1,0.9702610692555543
6.771323122673896e-06,0.00011729736495653813,0.9998507741507281,1.3529458169497893e-05,1.1627703023196796e-05,2,0.9998507741507281
7.752202126635033e-06,0.0005842981372307312,0.9993827146620232,1.4644886518240932e-05,1.0590112101380179e-05,2,0.9993827146620232
2.0724176060674147e-05,4.458024803423293e-05,0.00018419609554246602,0.9996621564945705,8.834298579225315e-05,3,0.9996621564945705
2.666469410042126e-05,7.216030172561742e-05,0.9988759791046303,0.0008548695912903072,0.00017032630825329243,2,0.9988759791046303
0.00013284993953360303,0.9995354853958999,0.00015586335174616156,9.335200623082752e-05,8.244930658948902e-05,1,0.9995354853958999
0.9995532969345627,0.0004145224765349736,1.336212220236574e-05,1.0228030087214715e-05,8.590436612728223e-06,0,0.9995532969345627
6.347061753164168e-06,0.00011039393313074349,0.9998569140810466,1.4168234064519368e-05,1.217669000498382e-05,2,0.9998569140810466
3.1107637008727544e-05,0.9998643709005514,5.801572638017967e-05,2.4901873686055385e-05,2.1603862373654068e-05,1,0.9998643709005514
0.9999039773795064,6.81885909679361e-05,1.1108507856063463e-05,9.163099220281378e-06,7.562422449496076e-06,0,0.9999039773795064
7.92678019047273e-05,0.00011668645634703549,0.9977817812504767,0.0017059731755802313,0.00031629131569113763,2,0.9977817812504767
0.9992825840853244,0.0004989256437203367,0.00014418064753602005,3.978969075275712e-05,3.451993266652011e-05,0,0.9992825840853244
1.4500412969659998e-05,3.29341462078225e-05,0.00018951929424533762,0.9996656526928808,9.739345369635271e-05,3,0.9996656526928808
9.745993842880548e-06,0.00031923783666689375,0.9996203430311553,2.350105063784315e-05,2.7172087697059775e-05,2,0.9996203430311553
9.444470932151428e-05,0.035330774376878954,0.9642457617326305,0.00017606785848960877,0.00015295132267937903,2,0.9642457617326305
2.4424041382720332e-05,6.053238799618338e-05,0.0007888131929668306,0.9989943307881336,0.00013189958952065765,3,0.9989943307881336
2.3006967621990034e-05,6.237793046323842e-05,0.0008845183714854928,0.998876124285796,0.0001539724446333831,3,0.998876124285796
1.53693405257846e-05,3.622741251254389e-05,0.00015137621667999528,0.9997253392699147,7.168776036695013e-05,3,0.9997253392699147
5.875955934149248e-05,0.9997891646161629,7.537815210770682e-05,4.07294055105991e-05,3.59682668773817e-05,1,0.9997891646161629
3.0409747538243342e-05,6.158082655431954e-05,0.9990424911539385,0.000735111278214489,0.0001304069937543011,2,0.9990424911539385
9.872707045019209e-06,0.00023329452237800575,0.9997172029811148,2.266029563119958e-05,1.6969493831096868e-05,2,0.9997172029811148
5.412308346210428e-06,7.699480642819328e-05,0.9998943940471161,1.2683976768242027e-05,1.0514861341370061e-05,2,0.9998943940471161
2.454168397984502e-05,0.001347954434789962,0.9985489882111783,4.258939381977984e-05,3.59262762321723e-05,2,0.9985489882111783
2.387144421024132e-05,5.874261740146373e-05,0.0007156386522666974,0.9991056620866392,9.608519948247812e-05,3,0.9991056620866392
0.0018629758462050752,0.9960444706036912,0.001264212166903049,0.00047495225655417857,0.00035338912664649967,1,0.9960444706036912
0.0001616933432545596,0.9994244271588263,0.0002087985828949221,0.00011135530343212621,9.372561159202163e-05,1,0.9994244271588263
0.00011707156140167695,0.9994755479474128,0.0002328199617982029,9.46374847001118e-05,7.99230446873983e-05,1,0.9994755479474128
0.9995890668695903,0.00031784765612940234,3.588032426760401e-05,3.300536529706834e-05,2.4199784715607493e-05,0,0.9995890668695903
0.0030935769573196747,0.9676479011511375,0.028605110097780863,0.0003644929775569501,0.00028891881620503307,1,0.9676479011511375
0.9993564772538501,0.0003726587931860984,0.00017277920796512116,5.3973238319841515e-05,4.4111506678987725e-05,0,0.9993564772538501
0.003624984896504025,0.9940268651138155,0.0014167397498707998,0.00047830996117646573,0.00045310027863321216,1,0.9940268651138155
3.984827637717747e-05,0.999638030200006,0.00020976728110361911,5.93977511341675e-05,5.2956491379177405e-05,1,0.999638030200006
2.434223722524753e-05,4.75585318518078e-05,0.0010285049947824333,0.9987525393272161,0.0001470549089244851,3,0.9987525393272161
0.00015126409222778294,0.9991100988840093,0.0004952117952443242,0.0001384452144352188,0.00010498001408324327,1,0.9991100988840093
0.9998210940703428,0.00015055065007176034,1.3051057828827773e-05,8.090805784164332e-06,7.21341597246487e-06,0,0.9998210940703428
1.3659502842187598e-05,2.536466231534447e-05,0.00013654386713308434,0.9997455493162202,7.888265148940877e-05,3,0.9997455493162202
2.348577584830247e-05,4.0363572481438644e-05,0.000765313618763069,0.9990781079870458,9.272904586142865e-05,3,0.9990781079870458
3.7540852203011416e-05,9.298839183130511e-05,0.0010898556670441814,0.9985391202120992,0.00024049487682233743,3,0.9985391202120992
0.999789349714778,0.00015562438797776267,2.438901747954666e-05,1.5276402226979612e-05,1.5360477537773e-05,0,0.999789349714778
0.9997848705507917,0.0001897621613361482,1.0095130509621277e-05,8.110059615226157e-06,7.1620977472881614e-06,0,0.9997848705507917
6.729342750509399e-06,0.00016076544574870913,0.9998019783395082,1.7515412778671064e-05,1.301145921392725e-05,2,0.9998019783395082
0.9996347562546373,0.00032507405083614097,2.189524542989544e-05,1.0399764829641575e-05,7.874684266812089e-06,0,0.9996347562546373
6.195518362379311e-06,0.00010870687627956932,0.999853340257505,1.8993508379865663e-05,1.2763839473100622e-05,2,0.999853340257505
6.609544274798012e-06,0.00034561624613679577,0.9996210113271392,1.4941584350909959e-05,1.1821298098168704e-05,2,0.9996210113271392
1.2775431212165615e-05,2.642608983529536e-05,0.00013334633846578058,0.9997613655782243,6.608656226247015e-05,3,0.9997613655782243
0.0001299954597613425,0.9993494589958174,0.0003343643752542642,0.00011334598459490803,7.283518457206304e-05,1,0.9993494589958174
9.256871261513593e-06,0.00012866875222098073,0.9998282093353876,1.94016058565519e-05,1.4463435273372112e-05,2,0.9998282093353876
2.8772566988565898e-05,8.213155153121275e-05,0.9989129828888682,0.0008001015836233624,0.00017601140898884228,2,0.9989129828888682
0.999877516031695,9.539552136475405e-05,1.020610124716084e-05,9.736216292648039e-06,7.146129400429406e-06,0,0.999877516031695
9.423431143150445e-06,2.3773423671944066e-05,0.0001015318132710138,0.0001008884924851839,0.9997643828394288,4,0.9997643828394288
2.8333817908363912e-05,6.669944705765098e-05,0.9991442177829214,0.0006648630355563798,9.588591655634092e-05,2,0.9991442177829214
1.0841117044215572e-05,2.3875723756153084e-05,0.00013272309748899673,0.9997789508776026,5.3609184108013504e-05,3,0.9997789508776026
6.582453789633601e-06,8.835791597167487e-05,0.9998774719042364,1.49594418630945e-05,1.2628284139277702e-05,2,0.9998774719042364
6.035466372833182e-06,8.465419451044987e-05,0.999885045978371,1.4336242146489984e-05,9.928118599291013e-06,2,0.999885045978371
5.506835953751657e-06,0.00015289490652467208,0.9998205346072095,1.1998983211280529e-05,9.06466710096602e-06,2,0.9998205346072095
0.9987011178146277,0.00123469596876427,2.8933630786274368e-05,1.900792323819629e-05,1.6244662583705196e-05,0,0.9987011178146277
8.973035685201239e-05,0.9994634596799903,0.00026008142457839523,9.952609831151451e-05,8.720244026791025e-05,1,0.9994634596799903
0.00014850586685920635,0.9993332581522416,0.00028406711493967376,0.00013298680206746526,0.00010118206389214111,1,0.9993332581522416
0.997761547449663,0.0021299933858814155,5.900895745957464e-05,2.790976116152006e-05,2.154044583424151e-05,0,0.997761547449663
3.245362514383144e-05,6.260917280481035e-05,0.0008683267359175502,0.9988380807940809,0.0001985296720529485,3,0.9988380807940809
2.1658295494488126e-05,5.2647950891977116e-05,0.0006228484217978183,0.9992174236553386,8.54216764770425e-05,3,0.9992174236553386
2.7124395484587407e-05,6.35639974074517e-05,0.0015399566227101947,0.9982034259913708,0.00016592899302693675,3,0.9982034259913708
1.33400758905316e-05,2.757033196799712e-05,0.00011354938600454397,0.9997871117683736,5.8428437763125165e-05,3,0.9997871117683736
6.695490621825524e-06,0.00012219927318479458,0.9998450914373419,1.4992516562648257e-05,1.1021282288814211e-05,2,0.9998450914373419
0.00015935725404009023,0.999439456382377,0.00020787280558905673,0.00010506790584763493,8.824565214610099e-05,1,0.999439456382377
3.345840925783983e-05,9.372406869500835e-05,0.9988071847213118,0.0008891903494883481,0.00017644245124683484,2,0.9988071847213118
0.0003074940177323344,0.9985943004504263,0.0007381550784405852,0.00019054913150879076,0.00016950132189180094,1,0.9985943004504263
2.3902970143043383e-05,5.935158722446654e-05,0.00022432842670207793,0.9995318703597279,0.00016054665620232906,3,0.9995318703597279
9.08504432786735e-06,0.0005771650409480808,0.9993775466988876,2.0228956664366906e-05,1.5974259172110303e-05,2,0.9993775466988876
7.039695118529843e-06,0.00013922122640747542,0.9998260554257777,1.6095783858724925e-05,1.158786883751183e-05,2,0.9998260554257777
1.365719006118504e-05,3.2779536116526646e-05,0.0001461924650949707,0.9997298567839705,7.75140247567135e-05,3,0.9997298567839705
1.579383606070978e-05,4.276841483265693e-05,0.00015471621552288223,0.9996900013974696,9.672013611403281e-05,3,0.9996900013974696
5.950357089080062e-06,0.00014340213798968524,0.9998267091309796,1.4143637617942118e-05,9.794736323612032e-06,2,0.9998267091309796
1.0414364125250875e-05,8.916890654988347e-05,0.9998379149113961,2.9166902876231493e-05,3.333491505264616e-05,2,0.9998379149113961
6.03810855330284e-06,6.970354073014022e-05,0.9998993530202394,1.359441275296618e-05,1.1310917724193622e-05,2,0.9998993530202394
0.00010432135185159367,0.9996377501249402,0.0001092105134381131,8.52990189944605e-05,6.341899077572144e-05,1,0.9996377501249402
4.83085939719216e-05,0.9997906317019736,8.846886131698736e-05,3.904113224872279e-05,3.354971048882055e-05,1,0.9997906317019736
7.476192142138666e-05,0.9996850690777435,0.00012471887534466208,6.35289120364441e-05,5.192121345393198e-05,1,0.9996850690777435
2.1742197645566942e-05,4.541653891635061e-05,0.00022417721800402013,0.0014119838081056398,0.9982966802373284,4,0.9982966802373284
9.297552879599283e-06,0.0006726429164231551,0.9992786117765465,2.3350100292759156e-05,1.6097653857973646e-05,2,0.9992786117765465
0.0014126909328002963,0.9982908834632193,0.00014015756956486377,8.822533321336917e-05,6.804270120216888e-05,1,0.9982908834632193
0.00012502929588013596,0.9994996549934478,0.00018839764189356294,0.0001000867964413394,8.683127233712758e-05,1,0.9994996549934478
4.153090398429001e-05,0.9998567821928013,4.967469643482761e-05,2.7712641923394365e-05,2.4299564856036113e-05,1,0.9998567821928013
0.00011754939539349194,0.9995966021001301,0.00012912488043160278,8.391893603344584e-05,7.280468801129918e-05,1,0.9995966021001301
1.2324705856482633e-05,0.0005821736451561629,0.9993416557129101,3.845491019291082e-05,2.5391025884219082e-05,2,0.9993416557129101
0.999509800999875,0.00045723725923516154,1.0377236947041197e-05,8.831131279818172e-06,1.3753372663043374e-05,0,0.999509800999875
9.892851933599918e-06,0.000608915573052106,0.9993468015971241,1.818077628883445e-05,1.620920160144896e-05,2,0.9993468015971241
2.7366092252935544e-05,8.949081632590974e-05,0.9988708252069457,0.0008771383683879648,0.0001351795160873939,2,0.9988708252069457
5.41317125700009e-05,0.9997133619638043,0.00015157972876621685,4.333280179557933e-05,3.759379306388325e-05,1,0.9997133619638043
6.425013714423553e-05,0.007584338095711772,0.9921104814172615,0.00014165726724951524,9.927308263299186e-05,2,0.9921104814172615
1.7076852555402042e-05,5.05736635540943e-05,0.00017695468716922476,0.9996508882484249,0.00010450654829648306,3,0.9996508882484249
6.936446231278941e-06,0.00017175080201038746,0.9997934073267184,1.648751165397997e-05,1.1417913385899571e-05,2,0.9997934073267184
0.9997932829514882,0.00018014591176886106,1.1298850877317265e-05,8.110127854977694e-06,7.162158010688671e-06,0,0.9997932829514882
0.00021224725567424319,0.9987975585393742,0.0006463791433060352,0.0001964120139796106,0.00014740304766593652,1,0.9987975585393742
6.633053770247652e-05,0.9987822561815063,0.0009059371106067471,0.00013507853678341005,0.00011039763340119684,1,0.9987822561815063
8.834660988885136e-05,0.9925922919716527,0.007055031642211948,0.0001397418906098804,0.00012458788563688951,1,0.9925922919716527
5.717255178859434e-05,0.9997670910623093,9.565615165100402e-05,4.24905755390888e-05,3.7589658711648583e-05,1,0.9997670910623093
7.215607649375705e-05,0.9996823433008795,0.00014276706093706805,5.5453925307028555e-05,4.72796363827143e-05,1,0.9996823433008795
0.996325295705771,0.0036397580255560645,1.2997100117504655e-05,1.1655196920148966e-05,1.0293971635211567e-05,0,0.996325295705771
0.0019489418397878255,0.9977013585552195,0.00017606127041716873,9.107530676407442e-05,8.256302781140269e-05,1,0.9977013585552195
1.8403154783645536e-05,3.9027295837625845e-05,0.00018816270017756552,0.9996340914420846,0.00012031540711640865,3,0.9996340914420846
5.158596416636488e-06,5.596567718287932e-05,0.9999170347891913,1.2508277896407205e-05,9.33265931267759e-06,2,0.9999170347891913
9.782870749396553e-05,0.014397230985708867,0.9852047417212279,0.0001721270946038608,0.00012807149096536415,2,0.9852047417212279
3.440528782507909e-05,8.768574596118968e-05,0.998496760305026,0.0011984323272168375,0.0001827163339709992,2,0.998496760305026
2.343162032305456e-05,0.009720003118746103,0.9901769455179811,4.330345856978572e-05,3.6316284379916984e-05,2,0.9901769455179811
0.00334781022981331,0.9964659115341284,8.176833264490889e-05,6.075513067601897e-05,4.375477273738638e-05,1,0.9964659115341284
2.618562329654733e-05,7.04038911371053e-05,0.0003323668617349909,0.9993760735553554,0.00019497006847591676,3,0.9993760735553554
8.315971863720938e-06,0.00020640198531317346,0.9997531277808532,1.9529459359265007e-05,1.2624802610706505e-05,2,0.9997531277808532
0.9998917653653774,8.182254849251057e-05,1.188935468595974e-05,7.955907074554248e-06,6.566824369583213e-06,0,0.9998917653653774
0.996540782691537,0.003390881858222443,3.571693289679252e-05,1.7138846733984527e-05,1.5479670609592514e-05,0,0.996540782691537
0.00011808538418875516,0.9977708345802995,0.0017233427721418174,0.0002339290166787653,0.0001538082466910332,1,0.9977708345802995
0.9993877740888598,0.0005217946886790617,4.135962711342069e-05,2.6646329033202636e-05,2.2425266314443615e-05,0,0.9993877740888598
0.00016229327102406825,0.992712268526082,0.006603117621064082,0.00028511935318751826,0.00023720122864228645,1,0.992712268526082
6.122776958903187e-06,0.00040044290974892326,0.9995700146883233,1.3341072542072655e-05,1.0078552426845278e-05,2,0.9995700146883233
8.291975425095656e-05,0.9995137077629902,0.00025161640313840143,8.32662490135202e-05,6.848983060701244e-05,1,0.9995137077629902
2.0247219078834942e-05,5.0231028390099e-05,0.00018373490225024667,0.999646861458835,9.892539144601803e-05,3,0.999646861458835
7.1833320081571004e-06,7.9396267466145e-05,0.9998797370558138,1.7786571119654985e-05,1.589677359219085e-05,2,0.9998797370558138
8.973362100405443e-06,0.00015340207687121685,0.9998045122605237,1.7433784574710942e-05,1.56785159299826e-05,2,0.9998045122605237
0.9998022281789265,0.00017253712485584046,1.024949591527213e-05,7.957675193812035e-06,7.027525108724213e-06,0,0.9998022281789265
0.000332618407476919,0.9989955159581446,0.0004064703936712125,0.00014822970982646287,0.00011716553088082016,1,0.9989955159581446
5.1794245681948295e-06,9.990831732800858e-05,0.9998704246984084,1.3824260389991135e-05,1.066329930524926e-05,2,0.9998704246984084
0.00010003557778250724,0.9996122044163567,0.0001388197606246664,7.951374612644955e-05,6.942649911003872e-05,1,0.9996122044163567
4.6358170683932366e-05,0.9998055448582245,7.879177605400975e-05,3.711002897339969e-05,3.21951660638529e-05,1,0.9998055448582245
8.566870615430175e-05,0.9996987738413964,9.419608359049685e-05,6.49839295911804e-05,5.6377439267682456e-05,1,0.9996987738413964
0.9998617542767264,0.00011273295789772002,1.043576100860172e-05,8.049060854526969e-06,7.027943512619627e-06,0,0.9998617542767264
0.00016390693859161986,0.9993668866624292,0.00024051114531182047,0.0001209031671526252,0.0001077920865147074,1,0.9993668866624292
1.0700427416620938e-05,0.00035499123886291906,0.9995882177598219,2.7698370401766308e-05,1.8392203496816667e-05,2,0.9995882177598219
8.567616329211489e-06,6.886032543258432e-05,0.9998942636741176,1.5087921086052522e-05,1.3220463034568033e-05,2,0.9998942636741176
9.440855511422146e-06,2.130186210238462e-05,9.103239473395806e-05,0.00010444173586847604,0.9997737831517839,4,0.9997737831517839
1.5556446954953227e-05,4.669031630105875e-05,0.00015038638409108643,0.9997284237179581,5.894313469496388e-05,3,0.9997284237179581
2.8884871413253673e-05,6.668198859466699e-05,0.0009170970015893625,0.9988447507768522,0.0001425853615504777,3,0.9988447507768522
0.9998472216508727,0.00012365836689584786,8.702108602706932e-06,7.88265916942656e-06,1.2535214459272509e-05,0,0.9998472216508727
0.9998475828640804,0.00012442898067195878,1.2607048389104916e-05,8.167499777252731e-06,7.213607081343219e-06,0,0.9998475828640804
1.294483056827376e-05,0.00019094587809258268,0.99973955999939,3.430542128703113e-05,2.224387066223509e-05,2,0.99973955999939
1.5607457435107843e-05,3.855910046079844e-05,0.0006430523363127859,0.9992361189271278,6.666217866338322e-05,3,0.9992361189271278
1.5244858112637371e-05,2.901661081505749e-05,0.0001507197343434608,0.9997411467945255,6.387200220326432e-05,3,0.9997411467945255
6.666267844751481e-06,0.00012067087884221146,0.9998306478119474,1.4138923163693148e-05,2.787611820201895e-05,2,0.9998306478119474
7.949461466559734e-06,0.00032941143408032116,0.9996274585821644,1.8814324496488863e-05,1.636619779231881e-05,2,0.9996274585821644
8.96124576085355e-05,0.9996397105007114,0.00012482131372151703,8.366306264561885e-05,6.219266531287327e-05,1,0.9996397105007114
3.136190205101477e-05,7.099504747257332e-05,0.9989504686022552,0.0007662563816982957,0.0001809180665228733,2,0.9989504686022552
0.00012206267280217756,0.9964629280210178,0.0032178266137110893,0.00011059276123232262,8.658993123666406e-05,1,0.9964629280210178
0.9996541822231219,0.0003094378385720018,1.4932089540048516e-05,1.1338726111927921e-05,1.0109122654170004e-05,0,0.9996541822231219
1.5225598245443133e-05,3.763145875891978e-05,0.00013742145502790325,0.9997451717511775,6.454973679024108e-05,3,0.9997451717511775
0.0002414303313772723,0.9989998552828928,0.0004097881508151957,0.00019046850893856345,0.00015845772597617341,1,0.9989998552828928
1.8271376348508423e-05,5.264920738732375e-05,0.0005810677281308664,0.9992526707983775,9.534088975571404e-05,3,0.9992526707983775
1.6752196065235714e-05,4.786602908378506e-05,0.00015309511185634546,0.9996873085323351,9.497813065946351e-05,3,0.9996873085323351
4.107159006429843e-06,2.1501748836015186e-05,0.9999546757066857,1.101681172375711e-05,8.698573747934139e-06,2,0.9999546757066857
9.532207683146693e-06,2.4971877972701548e-05,9.309938768429745e-05,0.0001108927088831773,0.9997615038177767,4,0.9997615038177767
0.9997456410637252,0.00022847797068690535,9.727538269735349e-06,8.779553789080457e-06,7.373873528922299e-06,0,0.9997456410637252
0.9997945002285465,0.000179084999753373,1.0540565062649014e-05,8.499972735439872e-06,7.374233901888505e-06,0,0.9997945002285465
8.590317700635658e-06,0.00042702459009486053,0.9995325736310607,1.7567845841386403e-05,1.4243615302382912e-05,2,0.9995325736310607
6.622231989823391e-05,0.005061913487513202,0.9946528702098213,0.0001162876847494771,0.00010270629801767777,2,0.9946528702098213
7.662486371117015e-06,3.059304648011279e-05,0.9999271247638717,1.9743327638170084e-05,1.4876375638912683e-05,2,0.9999271247638717
0.00024320966050829108,0.9954122754780281,0.004005848015686434,0.00017904129450621784,0.0001596255512707666,1,0.9954122754780281
6.0704843696044945e-06,0.00018894830442701475,0.9997802610045352,1.4286082917783e-05,1.0434123750663058e-05,2,0.9997802610045352
4.705121680089851e-06,7.29973151611053e-05,0.9999025589966924,1.033509254218633e-05,9.403473924233795e-06,2,0.9999025589966924
4.053008730534261e-05,0.00010756568886109838,0.998475825947288,0.0011461636204517201,0.00022991465609382113,2,0.998475825947288
1.9440093211888346e-05,4.9853818708941914e-05,0.0001780710225778747,0.9996565040550324,9.613101046899301e-05,3,0.9996565040550324
9.186044997074502e-06,0.00020497188877392119,0.9997545857013587,1.5924122535336585e-05,1.533224233496143e-05,2,0.9997545857013587
9.10108300430477e-06,0.0009719608714448151,0.9989844348264035,1.8500759124980554e-05,1.6002460022314533e-05,2,0.9989844348264035
5.103895794159386e-06,7.447967086541264e-05,0.9998993239825977,1.1294123878696191e-05,9.798326864174358e-06,2,0.9998993239825977
9.996286926230898e-06,0.00034810525791464735,0.9995920192297332,2.929906289411002e-05,2.0580162531974227e-05,2,0.9995920192297332
0.00015017107872632342,0.9993352728772752,0.00026661332831632293,0.00013877403098962,0.00010916868469253692,1,0.9993352728772752
0.9994864583236127,0.0004179430635767349,4.5099085542035826e-05,2.679789691032817e-05,2.370163035831702e-05,0,0.9994864583236127
1.4645809742380742e-05,3.341610307465984e-05,0.00013404705706983607,0.999725753657264,9.213737284911657e-05,3,0.999725753657264
2.551749573067224e-05,7.322871946217324e-05,0.9990349022679835,0.0007065193371228163,0.00015983217970088644,2,0.9990349022679835
2.065185856323871e-05,4.239890960698912e-05,0.001004559890106599,0.9988133350412364,0.00011905430048676583,3,0.9988133350412364
0.9986040252106887,0.0010936785974041971,0.00019795415587679633,6.164896369044282e-05,4.269307233987779e-05,0,0.9986040252106887
1.5033563363005499e-05,4.530116305709242e-05,0.0001225562358940306,0.9997513082643396,6.58007733464481e-05,3,0.9997513082643396
4.977523362126383e-06,5.9617386728765875e-05,0.9999125963208949,1.3259506484780897e-05,9.549262529699244e-06,2,0.9999125963208949
0.999044803582786,0.0008271077413663945,5.3003384311852606e-05,4.12829674489383e-05,3.380232408675402e-05,0,0.999044803582786
0.0007088129090523634,0.9962124553147942,0.0018491314259271566,0.0007233905155877745,0.0005062098346387521,1,0.9962124553147942
7.333774999922194e-06,0.0003831901757066229,0.9995772578230157,1.94158826623945e-05,1.280234361558858e-05,2,0.9995772578230157
0.9988242046454642,0.0011027349087620447,2.6488622917816434e-05,2.075989725934417e-05,2.581192559658181e-05,0,0.9988242046454642
0.9989946135409857,0.0008486563932934902,7.050805502114512e-05,4.616827517027643e-05,4.005373552939418e-05,0,0.9989946135409857
0.00014561652388535588,0.9992694971934823,0.00034880041527062704,0.0001304873168799617,0.00010559855048173726,1,0.9992694971934823
0.00018410248702250165,0.9985834666790688,0.000891408374075711,0.00015774192081405397,0.0001832805390186998,1,0.9985834666790688
1.3351750762480478e-05,3.240168353850772e-05,0.00012046637768707199,0.9997858200630827,4.79601249293529e-05,3,0.9997858200630827
0.9991576905178069,0.0006307519421104393,0.0001412596573406545,3.732877919095751e-05,3.296910355109479e-05,0,0.9991576905178069
2.4600057756617866e-05,5.8044318929317846e-05,0.00021551029471440883,0.9995418230182441,0.00016002231035547017,3,0.9995418230182441
0.9955499871089092,0.004399817262769666,2.1113286068133187e-05,1.6585416893748663e-05,1.249692535934846e-05,0,0.9955499871089092
0.9998511504554288,0.00012069649274266762,1.2481460471968393e-05,8.255999500778005e-06,7.4155918559339804e-06,0,0.9998511504554288
5.213961591427174e-06,8.718421888066758e-05,0.9998846967476414,1.216340914253871e-05,1.0741662743830677e-05,2,0.9998846967476414
4.632736006046554e-06,5.224229165341714e-05,0.9999204028148618,1.3935101692390367e-05,8.78705578633817e-06,2,0.9999204028148618
7.382171751083908e-06,0.00010474405599442062,0.9998605122739507,1.4228166378097184e-05,1.3133331925706062e-05,2,0.9998605122739507
0.9993005805214175,0.000644757946998745,2.490488771299029e-05,1.5731294944312174e-05,1.4025348926426839e-05,0,0.9993005805214175
1.5501825342651356e-05,2.954478611643469e-05,0.00018702659467473195,0.9996729949070597,9.493188680659393e-05,3,0.9996729949070597
6.958377532570239e-06,0.00015424339850187812,0.9998106231440888,1.6721065915473578e-05,1.1454013961069448e-05,2,0.9998106231440888
0.000471292252440811,0.9975893605597081,0.001041750484519015,0.0004421953967525939,0.0004554013065794964,1,0.9975893605597081
1.579436743275807e-05,3.9000002107827035e-05,0.00011825984098217121,0.9997663206667308,6.062512274632271e-05,3,0.9997663206667308
1.3998059570928038e-05,3.2152573946343814e-05,0.0001248636049735899,0.9997668361833892,6.214957811988926e-05,3,0.9997668361833892
0.999817600030779,0.00014923700044676508,1.692194715772851e-05,9.078689407015862e-06,7.162332209462767e-06,0,0.999817600030779
5.010147427783323e-06,3.509387888991624e-05,0.9999367979853216,1.088292923738897e-05,1.2215059123252381e-05,2,0.9999367979853216
3.0185772242846025e-05,6.946664038864175e-05,0.9985362381386075,0.0011743556438944163,0.0001897538048664446,2,0.9985362381386075
8.918762539322145e-05,0.9995085617669447,0.0002730705472565948,6.829297147849032e-05,6.088708892681834e-05,1,0.9995085617669447
0.00035323010554644567,0.9991849086820742,0.0002703044504151738,0.00011456671320379425,7.699004876024539e-05,1,0.9991849086820742
1.8778350839936867e-05,0.003337955795316586,0.9965704259549709,4.2190612091132175e-05,3.0649286781290986e-05,2,0.9965704259549709
0.9991261102909174,0.0007330209322615393,5.721667787895458e-05,4.6816931570061414e-05,3.6835167372015656e-05,0,0.9991261102909174
0.00012650751799233185,0.9993369867694051,0.00035249375882304856,9.764711937655314e-05,8.636483440331183e-05,1,0.9993369867694051
0.0003079136919652987,0.0005994523111907566,0.8812719671409381,0.11603417886475151,0.001786487991154221,2,0.8812719671409381
9.749644965432812e-05,0.9989444764389546,0.0006273852938749879,0.00018804861602000097,0.00014259320149597103,1,0.9989444764389546
7.890496100461674e-06,0.00015147096309197543,0.9998027272391544,2.1655514856929963e-05,1.6255786795980323e-05,2,0.9998027272391544
0.9994104130586595,0.00045395160894510947,6.144839000877587e-05,4.0561749226043226e-05,3.362519316048709e-05,0,0.9994104130586595
2.0403614780011408e-05,4.634737939266571e-05,0.00023926410519995695,0.9995570346242474,0.00013695027638012348,3,0.9995570346242474
6.372863777500903e-05,0.9996840878497774,0.00015485987471854998,5.3817027722500554e-05,4.3506610006536636e-05,1,0.9996840878497774
0.9997437204361538,0.00021674636813988555,1.7705033006501558e-05,1.1469828863561087e-05,1.035833383615234e-05,0,0.9997437204361538
6.716216275171933e-06,9.451211335805079e-05,0.9998683403093016,1.6594793826086863e-05,1.3836567239225945e-05,2,0.9998683403093016
0.9998634874095006,0.00011139715441356289,1.0204692984916091e-05,7.882787406449796e-06,7.0279556946629785e-06,0,0.9998634874095006
6.715336326982904e-06,0.00015196820584778193,0.9998092713941251,1.798738466771298e-05,1.405767903243827e-05,2,0.9998092713941251
0.9956627798522897,0.004284586275830667,2.4500009990328236e-05,1.4940082904721526e-05,1.3193778984720882e-05,0,0.9956627798522897
1.3123262291201917e-05,0.0007803957145233938,0.999142377616996,3.584066748529551e-05,2.826273870411019e-05,2,0.999142377616996
0.005478321367432735,0.9943734703276859,6.323974423110324e-05,4.455151997707947e-05,4.041704067317254e-05,1,0.9943734703276859
0.999139785401824,0.0007228791607396267,6.438362441214876e-05,3.9650258486183766e-05,3.330155453797745e-05,0,0.999139785401824
6.647654928699863e-06,9.610755281757396e-05,0.9998729064188211,1.2915313419563512e-05,1.142306001312836e-05,2,0.9998729064188211
0.0011586863256228975,0.998645977788386,9.127797922308891e-05,5.540828970689982e-05,4.8649617061099626e-05,1,0.998645977788386
6.749751248894369e-06,0.0009797637229538702,0.9989912624538368,1.285940154290568e-05,9.364670417614184e-06,2,0.9989912624538368
1.4701995481736955e-05,3.1349864592181934e-05,0.0001703768937399597,0.9997215576128474,6.201363333863776e-05,3,0.9997215576128474
0.000162962948539283,0.037701166450442976,0.9615804871853427,0.0003435660319926849,0.0002118173836824244,2,0.9615804871853427
2.9550645377203166e-05,6.211380323768595e-05,0.00021722464889177846,0.9996068700981519,8.424080434132215e-05,3,0.9996068700981519
0.0001093726284574119,0.9994989033421638,0.00026744749639812527,6.482320664750911e-05,5.945332633315584e-05,1,0.9994989033421638
8.133946338929832e-06,0.00020403630056119035,0.9997507864241185,2.2495608232503704e-05,1.4547720748861459e-05,2,0.9997507864241185
9.48785444950594e-06,0.0002208674357584509,0.9997294783546378,2.38628117341396e-05,1.6303543420195266e-05,2,0.9997294783546378
1.629712260844521e-05,4.1684664413484465e-05,0.00014520864616391965,0.9996965172365314,0.00010029233028267222,3,0.9996965172365314
1.4480103473029563e-05,3.6615159945653504e-05,0.000152705398369749,0.9997205601835847,7.563915462677953e-05,3,0.9997205601835847
1.8999428646371306e-05,4.788631516360995e-05,0.0001980720532924298,0.9996392641716269,9.577803127058904e-05,3,0.9996392641716269
0.9993092383363859,0.0005563633068786345,5.492081122424565e-05,4.585575637749114e-05,3.3621789133938075e-05,0,0.9993092383363859
1.545345922773078e-05,3.715325718320473e-05,0.9995498234051534,0.0003456082075354211,5.1961670900126537e-05,2,0.9995498234051534
1.4849468917684218e-05,3.151252590574232e-05,0.00015414903749544318,0.9997070242681654,9.246469951573088e-05,3,0.9997070242681654
3.0185685010080248e-05,8.430629507550083e-05,0.9989068332999871,0.0007858573461183403,0.00019281737380900542,2,0.9989068332999871
9.819702114946023e-05,0.9978171792616742,0.0019355611836530291,8.202486173058083e-05,6.703767179264158e-05,1,0.9978171792616742
2.5605727242131058e-05,5.596655799578199e-05,0.0008428602145177053,0.9989799449647718,9.562253547244159e-05,3,0.9989799449647718
6.310906439340608e-05,0.9997746905410475,7.527501343581016e-05,4.612750907224906e-05,4.0797872050884435e-05,1,0.9997746905410475
1.7789572626006923e-05,3.4941824680173905e-05,0.0001852278055212028,0.999679084757006,8.295604016674265e-05,3,0.999679084757006
2.0249273357775552e-05,4.544437190691407e-05,0.00016289364768511973,0.9996354064656224,0.00013600624142786358,3,0.9996354064656224
2.0986036341755054e-05,4.3777823673656845e-05,0.00017521783960748204,0.9996527951293798,0.00010722317099734463,3,0.9996527951293798
0.9991686389656338,0.0007449137001082165,3.6549203497022515e-05,2.6922377934653547e-05,2.2975752826416026e-05,0,0.9991686389656338
0.9998712830533778,0.00010275809524823619,1.0909615093326884e-05,8.021225791062942e-06,7.028010489582956e-06,0,0.9998712830533778
0.0001796300303226301,0.9991057909929403,0.0004626787087824393,0.00013376801598560353,0.00011813225196902345,1,0.9991057909929403
1.0917537872962274e-05,0.0007955284978810327,0.9991548814561421,2.0784383065655882e-05,1.7888125038368347e-05,2,0.9991548814561421
3.581634205583487e-05,7.284629341538913e-05,0.9986753500269127,0.0010631263067839812,0.00015286103083233705,2,0.9986753500269127
5.209551404406715e-05,0.00010899801712144465,0.010182059228207328,0.9893881387766176,0.0002687084640096822,3,0.9893881387766176
0.0004146914093751993,0.9983604850784177,0.0005933363520433824,0.00034348919576807644,0.00028799796439584683,1,0.9983604850784177
0.0001778161943677679,0.9987782165665111,0.0007323584707588785,0.0001647366370896029,0.00014687213127252522,1,0.9987782165665111
0.9995197282420284,0.00030646506364691653,0.00011074682591568482,3.3814647284574835e-05,2.9245221124582287e-05,0,0.9995197282420284
1.577193822758614e-05,3.9616340628449114e-05,0.00014394430385314207,0.9996862370998661,0.00011443031742451111,3,0.9996862370998661
0.9993970499677679,0.0004329507773451128,9.777107266236194e-05,3.860343866590573e-05,3.3624743558895406e-05,0,0.9993970499677679
2.757797118496588e-05,7.500896373420223e-05,0.999163449889544,0.000597737047049079,0.00013622612848774158,2,0.999163449889544
0.9992492260246573,0.0006001849717104078,6.559636186869084e-05,4.5449600333507737e-05,3.9543041430214725e-05,0,0.9992492260246573
0.00015037345786139697,0.9994701405969026,0.00019679699883441292,9.956029396129221e-05,8.312865244043125e-05,1,0.9994701405969026
6.795282711905591e-06,4.814919997712316e-05,0.9999038150508814,2.0743109658206524e-05,2.0497356771225915e-05,2,0.9999038150508814
2.8397316418219323e-05,0.9994884625159249,0.00038674882963267237,5.7327395715173006e-05,3.906394230892134e-05,1,0.9994884625159249
1.672764594855966e-05,3.287457931565969e-05,0.00014931464415622324,0.9997100271151584,9.105601542103342e-05,3,0.9997100271151584
6.294782962795035e-06,0.00012231627263535255,0.9998459008170401,1.5126440086331057e-05,1.0361687275557223e-05,2,0.9998459008170401
0.00017071412083441068,0.9993133493967847,0.0002678283419724181,0.00013285151674620474,0.00011525662366215502,1,0.9993133493967847
6.505227570555618e-06,0.00017127487821133814,0.9997961480606282,1.5363738625965677e-05,1.0708094963849345e-05,2,0.9997961480606282
4.349167614418428e-06,1.6443692412304188e-05,0.9999586451385569,1.1608019098373266e-05,8.953982318040397e-06,2,0.9999586451385569
1.5547299183330442e-05,3.724056019579158e-05,0.00016452723795184278,0.9996875388816028,9.514602106631246e-05,3,0.9996875388816028
1.29519610053468e-05,2.9547314819574493e-05,0.00012661079295225318,0.9997655275362964,6.536239492638145e-05,3,0.9997655275362964
0.0001615828048424134,0.9977269535602887,0.0018884207243200603,0.00013634167921078305,8.670123133812445e-05,1,0.9977269535602887
0.00023113997481654335,0.99924207565015,0.0002653144461812196,0.00014314121894787554,0.00011832870990431465,1,0.99924207565015
1.6252198325109962e-05,3.909308774130556e-05,0.0001537770121076353,0.0002588855580339146,0.9995319921437922,4,0.9995319921437922
1.6911262936042423e-05,3.11148530232753e-05,0.0005540739940064341,0.9993105968171665,8.730307286764034e-05,3,0.9993105968171665
1.409466339933247e-05,3.530137183485179e-05,0.00012809688499960682,0.9997630551986143,5.9451881152017234e-05,3,0.9997630551986143
0.9994867894710291,0.000355286462376955,9.608983434314359e-05,4.0117738990418245e-05,2.171649326043681e-05,0,0.9994867894710291
0.00019278838066510555,0.9994893814485981,0.00013298008329586575,8.741936911823255e-05,9.743071832260281e-05,1,0.9994893814485981
1.5587880634487077e-05,0.00011978177602186562,0.9997689462945561,4.578943491089403e-05,4.989461387676384e-05,2,0.9997689462945561
4.234439525139726e-06,0.00017207613152994122,0.9998047338157894,1.0231935297272662e-05,8.723677858115418e-06,2,0.9998047338157894
9.772119965311794e-06,2.225496028430441e-05,0.0001251753054966475,0.9998036867511632,3.911086309064637e-05,3,0.9998036867511632
2.978987946111884e-05,8.139366648569172e-05,0.9988194299177796,0.0009421487542545806,0.00012723778201891557,2,0.9988194299177796
6.391597451696216e-06,0.00026128999797867566,0.9997021002001899,1.7059306944720916e-05,1.3158897435175728e-05,2,0.9997021002001899
0.9998209167443174,0.00015268910198219855,1.0347790152145378e-05,8.48315014485425e-06,7.563213403475569e-06,0,0.9998209167443174
9.19847955544471e-05,0.9953608319900272,0.004274918535643505,0.0001433950939326739,0.0001288695848419705,1,0.9953608319900272
1.4585789354020465e-05,3.28032535616861e-05,0.0001675631493999544,0.9997244003992096,6.064740847474946e-05,3,0.9997244003992096
9.945394683666685e-05,0.9996224384237108,0.00011697256878275781,9.519518237701556e-05,6.593987829285821e-05,1,0.9996224384237108
0.0005407365211541716,0.9973179456486568,0.0012487800445118281,0.0005135573551086537,0.0003789804305684289,1,0.9973179456486568
1.9900396067592822e-05,4.85901947728448e-05,0.00018593004955076877,0.9996486786100641,9.690074954470789e-05,3,0.9996486786100641
1.0075189581351309e-05,0.000156296873187395,0.9997961938988764,2.0132942212876906e-05,1.7301096142063616e-05,2,0.9997961938988764
5.489855256038537e-06,0.00025957350187454423,0.9997144568838285,1.0826930996002561e-05,9.65282804491474e-06,2,0.9997144568838285
1.5738573381903105e-05,5.00089188945763e-05,0.00017335457129390074,0.9996815662962927,7.933164013686915e-05,3,0.9996815662962927
3.950403587607384e-06,5.739761588691937e-05,0.9999181344204169,1.2379045411717538e-05,8.138514696745645e-06,2,0.9999181344204169
8.240725577794342e-06,0.0004826094099249542,0.999472023061399,1.9991642128701305e-05,1.713516096960105e-05,2,0.999472023061399
2.919094690957857e-05,7.341394794282273e-05,0.0007968596753840546,0.9989321409980016,0.00016839443176189359,3,0.9989321409980016
2.510821656025093e-05,6.28995856502654e-05,0.9989114941077971,0.0008783703786504597,0.0001221277113417581,2,0.9989114941077971
0.0002477606122070427,0.9987951833605009,0.0005427773460546408,0.00023852000021171645,0.00017575868102553044,1,0.9987951833605009
2.0893277545585474e-05,5.572627205072725e-05,0.9993466117007447,0.00047190123391701195,0.00010486751574197835,2,0.9993466117007447
8.293228576125142e-05,0.9996427656304882,0.00015800379572019374,6.175853395731525e-05,5.453975407296343e-05,1,0.9996427656304882
5.857311799000695e-06,0.00012285966619437298,0.9998469992914591,1.3344798761509363e-05,1.093893178606526e-05,2,0.9998469992914591
0.9997201563613277,0.0002310466213510685,2.3845539676235385e-05,1.3468406573991663e-05,1.1483071071114512e-05,0,0.9997201563613277
1.7478535578879468e-05,3.8375640432456495e-05,0.00020413334413748108,0.9996330904358249,0.0001069220440262679,3,0.9996330904358249
0.9998996179764325,6.700617482964233e-05,1.5995528374579812e-05,9.881407009724998e-06,7.498913353539817e-06,0,0.9998996179764325
2.9272378001327573e-05,7.508396521477783e-05,0.9989232075988314,0.0008211745122065696,0.00015126154574609778,2,0.9989232075988314
1.9921198083692696e-05,4.195443120313952e-05,0.00021454590221696998,0.9995960469021291,0.00012753156636705553,3,0.9995960469021291
7.986770621284833e-05,0.9946486290981902,0.0050021079826411945,0.00014005105601606928,0.00012934415693987916,1,0.9946486290981902
2.1313913138741162e-05,4.937119904986114e-05,0.000243737024995786,0.999536194611679,0.00014938325113654274,3,0.999536194611679
0.008384463071839056,0.9900623411849886,0.0007034932613248174,0.00047524768269055023,0.00037445479915684473,1,0.9900623411849886
0.0001171268974429329,0.9994849003931966,0.00022584181459399985,9.380536285731758e-05,7.83255319092441e-05,1,0.9994849003931966
0.00010364686390751285,0.9994520226866007,0.00030099161246234974,7.844837590183922e-05,6.489046112756645e-05,1,0.9994520226866007
6.602445951243606e-06,0.00017826222277119748,0.9997879809522083,1.629360006719246e-05,1.0860779002001917e-05,2,0.9997879809522083
2.7643076247976638e-05,7.179952916801452e-05,0.0002513582520867644,0.9994524472260367,0.00019675191646056694,3,0.9994524472260367
1.5105137948168103e-05,3.0414388239465926e-05,0.00015716396971596314,0.9997336023989322,6.371410516421746e-05,3,0.9997336023989322
9.494688783913827e-06,7.049641983547941e-05,0.999857372257101,3.0844494638073114e-05,3.179213964167121e-05,2,0.999857372257101
1.4491588940527176e-05,2.560073716498848e-05,0.00015347867678351708,0.9997279922911035,7.843670600730587e-05,3,0.9997279922911035
1.9110127581960504e-05,3.8578399143062496e-05,0.0007222121852625619,0.9991247759822172,9.532330579528491e-05,3,0.9991247759822172
5.6904127750308666e-05,0.9995725528185558,0.00019804878736116461,8.92692690839684e-05,8.322499724883107e-05,1,0.9995725528185558
0.00016884187123111135,0.9984809631015161,0.0011073276962384226,0.0001336429669780669,0.00010922436403608503,1,0.9984809631015161
0.0001497509503342647,0.9994782688930975,0.00017750575067082593,0.00010659282288545002,8.788158301183984e-05,1,0.9994782688930975
2.2559035737011825e-05,5.791886862387409e-05,0.0002812473799443927,0.9994919763713161,0.00014629834437863325,3,0.9994919763713161
0.999845415936521,0.0001297318120546788,9.941777819317229e-06,7.882644933420814e-06,7.027828671811322e-06,0,0.999845415936521
2.5467334859384547e-05,7.557918713491931e-05,0.9991623473018963,0.0006256579636402234,0.00011094821246909558,2,0.9991623473018963
7.471429258109862e-06,0.0004952906335205665,0.9994691457125723,1.5910739471535557e-05,1.2181485177436436e-05,2,0.9994691457125723
4.3204165025567954e-05,0.9991571060567676,0.0006415506440678718,7.753441958249293e-05,8.060471455657954e-05,1,0.9991571060567676
3.1926736680145793e-06,5.170196512931843e-05,0.9999322583286164,6.648599012885062e-06,6.198433573321494e-06,2,0.9999322583286164
1.297619783490239e-05,2.6427257226587645e-05,0.00014692551848381714,0.9997593041225072,5.436690394735943e-05,3,0.9997593041225072
1.951369727450159e-05,4.9477073338552375e-05,0.001277446784083603,0.9985455868962433,0.00010797554906012679,3,0.9985455868962433
0.00045833765910477826,0.998539998486995,0.0006530748629191827,0.0001894616997587734,0.00015912729122218524,1,0.998539998486995
2.5366723267147383e-05,0.012671862163656676,0.9872006318231515,6.057651973820406e-05,4.1562770186507316e-05,2,0.9872006318231515
7.727874445623191e-06,9.62505667798341e-05,0.9998670117004936,1.57305929590927e-05,1.3279265321844779e-05,2,0.9998670117004936
3.767521268775561e-05,0.9994596127866818,0.00037874141001089723,6.553890734207476e-05,5.843168327739641e-05,1,0.9994596127866818
3.265211244977258e-05,8.812518763525046e-05,0.0016034359081493353,0.9981144960704089,0.00016129072135675313,3,0.9981144960704089
7.123237746938905e-06,0.00013963018622736533,0.9998211205857211,1.746080595499266e-05,1.4665184349722456e-05,2,0.9998211205857211
2.7883404429227606e-05,7.482779015165361e-05,0.9988320033421705,0.0009190465493586195,0.00014623891389011035,2,0.9988320033421705
2.2200764148430775e-05,4.585380169391902e-05,0.0009200143763336165,0.9988701190353959,0.00014181202242798365,3,0.9988701190353959
7.580867803062576e-05,0.002162181198641835,0.9974277999827098,0.00019937091601727964,0.00013483922460042483,2,0.9974277999827098
9.784798373646035e-05,0.9996630146315495,0.00012484758324781176,6.663036777388996e-05,4.7659433692411796e-05,1,0.9996630146315495
1.725410457901341e-05,3.897872135808778e-05,0.00024150994095811884,0.9995965945342522,0.0001056626988524621,3,0.9995965945342522
8.47923407388783e-05,0.9996349434781399,0.00016268039910858668,6.29611900657977e-05,5.46225919467522e-05,1,0.9996349434781399
2.966836571036381e-05,7.087965798186849e-05,0.9989466438859647,0.000816816444358573,0.00013599164598457678,2,0.9989466438859647
1.2195492550796988e-05,0.0014582933737226674,0.998489359954735,2.1320620712499218e-05,1.8830558279127355e-05,2,0.998489359954735
7.062847085441403e-06,0.0001300371456322497,0.9998332128561047,1.5965675417552962e-05,1.37214757601005e-05,2,0.9998332128561047
9.233814243037414e-05,0.9996485948879468,0.00012102198475628516,7.391730714104229e-05,6.412767772572995e-05,1,0.9996485948879468
0.9987735961969715,0.0009528671925134803,0.0001796060888960567,5.3886147671158706e-05,4.004437394810951e-05,0,0.9987735961969715
7.845698097741886e-06,1.8130825825295498e-05,7.962534137636637e-05,9.207384244955391e-05,0.999802324292251,4,0.999802324292251
5.083146837918587e-05,0.9997917649470925,8.311367792209409e-05,3.9588005733107254e-05,3.4701900872892545e-05,1,0.9997917649470925
3.522684367769923e-06,7.906025801682814e-05,0.9999016286980088,8.535925040309264e-06,7.252434566209982e-06,2,0.9999016286980088
2.0706775325389805e-05,5.2265768942840305e-05,0.0006997728273362421,0.9991407101248208,8.654450357475025e-05,3,0.9991407101248208
4.501719593843622e-06,9.09338327038077e-05,0.999883931176375,1.1358950295837637e-05,9.274321031414912e-06,2,0.999883931176375
1.3304332108892841e-05,0.0025128944459494916,0.9974262544776629,2.6912633293039543e-05,2.0634110985570465e-05,2,0.9974262544776629
2.841675768199384e-05,7.097492630897514e-05,0.9989450318013585,0.0007781722737064442,0.0001774042409439425,2,0.9989450318013585
0.9964028831394063,0.003478054025141304,5.900248416239771e-05,3.459516782099529e-05,2.546518346910078e-05,0,0.9964028831394063
1.4504145974826697e-05,4.1073483040681955e-05,0.00014349091326765418,0.0014107670237165882,0.9983901644340003,4,0.9983901644340003
0.9994393966131117,0.0005136470610836078,1.9031697599058127e-05,1.460066711435378e-05,1.3323961091298944e-05,0,0.9994393966131117
2.52285831571502e-05,5.992157561228304e-05,0.00021844695034777252,0.9995619788342972,0.00013442405658559871,3,0.9995619788342972
0.9998403214700161,0.00013386868709702447,1.0604834852301233e-05,8.177215171164135e-06,7.027792863238117e-06,0,0.9998403214700161
6.190271354310786e-06,0.00022905864039481406,0.999732213044065,1.6185792890328963e-05,1.635225129564772e-05,2,0.999732213044065
0.9992701591383254,0.0004601762577020825,0.00017784748493393775,5.3721439991913945e-05,3.809567904691081e-05,0,0.9992701591383254
3.981287040045561e-06,4.9734977156096254e-05,0.9999281874328008,9.894163052388821e-06,8.202139950717878e-06,2,0.9999281874328008
1.6359684748340356e-05,4.0323686368963605e-05,0.00019246016369851775,0.9996756799488782,7.517651630585803e-05,3,0.9996756799488782
1.3693377443239386e-05,3.452710987599082e-05,0.00013378501165251856,0.9997328202042576,8.517429677054734e-05,3,0.9997328202042576
1.1177256135358762e-05,2.8642481929589414e-05,0.0001262864578941827,0.00018290096007711427,0.9996509928439637,4,0.9996509928439637
1.9611456968931332e-05,4.2275107001629065e-05,0.0002046643387156109,0.9996559646861533,7.748441116042426e-05,3,0.9996559646861533
0.00016906643635086792,0.9992167245335277,0.0003348839178280225,0.00015731784842072246,0.00012200726387250566,1,0.9992167245335277
1.2487751604689452e-05,3.0364036186419024e-05,0.00011809096674724716,0.9997856624829482,5.339476251341291e-05,3,0.9997856624829482
2.3599972502509436e-05,5.4206023052560636e-05,0.00019725228701817905,0.9995795518180022,0.00014538989942464143,3,0.9995795518180022
1.9374661933358682e-05,5.590710951603285e-05,0.00016133330888386623,0.9996440648853087,0.00011932003435814682,3,0.9996440648853087
1.6895903024760508e-05,0.0005446428858224974,0.9993468092373031,4.862245550781069e-05,4.302951834175304e-05,2,0.9993468092373031
4.340185018049613e-06,6.370833465730715e-05,0.9999141536294193,1.0810187022579342e-05,6.987663882771962e-06,2,0.9999141536294193
0.00019169112441822124,0.14380537354934614,0.8553268255119018,0.0003620284855362384,0.00031408132879764185,2,0.8553268255119018
1.2451131492068204e-05,0.0014549883568221434,0.9984921525159349,2.3387277322547344e-05,1.7020718428176836e-05,2,0.9984921525159349
1.567440959900888e-05,3.978288818324654e-05,0.00013452845122567553,0.9997074427727127,0.00010257147827923997,3,0.9997074427727127
6.929249387700249e-05,0.9997102275333672,0.00011485009941527332,5.750710847646138e-05,4.8122764864011866e-05,1,0.9997102275333672
1.7415307257502822e-05,3.766334937893489e-05,0.000158565118926777,0.9996808981402313,0.0001054580842056492,3,0.9996808981402313
0.9994698162279848,0.0003208603111040561,0.000125120164393155,4.6100005843361963e-05,3.8103290674594824e-05,0,0.9994698162279848
1.1961359911583243e-05,0.000639021282305925,0.9993016183312878,2.6845111832370324e-05,2.0553914662259105e-05,2,0.9993016183312878
1.8500778808748624e-05,3.6986845316882784e-05,0.0005905211259339128,0.9992355986251098,0.00011839262483066598,3,0.9992355986251098
7.913387578217923e-06,0.00010979050558539064,0.9998439890411585,2.2004118478175504e-05,1.6302947199725908e-05,2,0.9998439890411585
9.876790752795466e-06,2.6553281929814304e-05,9.427528814955965e-05,0.00011251429528886949,0.9997567803438789,4,0.9997567803438789
5.516486975809674e-06,0.0001854263165301278,0.9997849613073264,1.2738652285222098e-05,1.1357236882604034e-05,2,0.9997849613073264
0.0001311834533610566,0.9995426356620604,0.00014452268536766644,9.966985167102637e-05,8.19883475400212e-05,1,0.9995426356620604
2.5260659498651923e-05,6.58377273182977e-05,0.9991704274566807,0.0005962765548638443,0.00014219760163844538,2,0.9991704274566807
1.6943548185978632e-05,4.313815332093781e-05,0.00015210322529419904,0.9996525462481084,0.00013526882509058775,3,0.9996525462481084
8.666377038494218e-06,0.00014076707511025558,0.999816859842021,1.9450836648185836e-05,1.4255869182144644e-05,2,0.999816859842021
6.470179193152318e-05,0.9992552432010768,0.00046308062658709253,0.00011669413331640938,0.0001002802470883112,1,0.9992552432010768
1.3275114573414931e-05,2.9936543317094154e-05,0.0001450027567573709,0.9997130262772759,9.875930807640938e-05,3,0.9997130262772759
0.9998895831259218,7.466075991926032e-05,1.6176590068991975e-05,8.668393661123163e-06,1.0911130428621612e-05,0,0.9998895831259218
0.00015901252439393373,0.9993937507650037,0.00021794872372825634,0.00013195225157674496,9.733573529726055e-05,1,0.9993937507650037
1.9350997738638487e-05,0.001673550468723649,0.9982297280295426,3.79341720360824e-05,3.943633195906477e-05,2,0.9982297280295426
0.00028522628367988576,0.9990411527772093,0.00042651036810419476,0.00013408993956394013,0.0001130206314426816,1,0.9990411527772093
0.0002298877484961535,0.9994254991583734,0.00022094308795769498,6.62201076359736e-05,5.7449897536716354e-05,1,0.9994254991583734
4.971438983684256e-06,9.082661470979235e-05,0.9998824868143249,1.1480029382477915e-05,1.0235102599300047e-05,2,0.9998824868143249
0.00028037519168005076,0.9990018021302931,0.0003886110642035303,0.00017076807982295268,0.00015844353400034034,1,0.9990018021302931
5.480647716541706e-06,6.19586826882017e-05,0.9999125797187657,1.0563228572844332e-05,9.417722256698898e-06,2,0.9999125797187657
4.0302397906497934e-05,6.126369346954432e-05,0.00029798720815062227,0.9994577775217212,0.00014266917875225448,3,0.9994577775217212
6.022683037900631e-05,0.9996986531179287,0.00010076676359054892,7.661092999517893e-05,6.37423581066681e-05,1,0.9996986531179287
1.2832083998687051e-05,2.9083272217572454e-05,0.00015253828064294738,0.00013075425393650113,0.9996747921092043,4,0.9996747921092043
1.0400166420397962e-05,2.192629954308752e-05,0.00010679356033288199,0.9998077392623035,5.314071140018309e-05,3,0.9998077392623035
5.221353890474711e-06,3.516128282044414e-05,0.9999390914825145,1.1551267000493063e-05,8.974613774150734e-06,2,0.9999390914825145
1.672421595905646e-05,4.333191824258516e-05,0.00012383845146181555,0.9997015465159923,0.00011455889834426952,3,0.9997015465159923
0.0001203121488199086,0.9996095854564943,0.0001247195389039328,7.523856617899795e-05,7.014428960276572e-05,1,0.9996095854564943
1.7881842521931765e-05,4.3838227980085415e-05,0.0001869667724157571,0.99966244753296,8.886562412216623e-05,3,0.99966244753296
1.2472014325071974e-05,3.0429381161529642e-05,0.00014817972672735553,0.00016235532528292618,0.999646563552503,4,0.999646563552503
6.799932496036592e-05,0.9997064288878249,0.00011175222172591042,6.659489016126381e-05,4.7224675327572124e-05,1,0.9997064288878249
4.565471133730935e-06,7.498907186896832e-05,0.9999033148033778,8.865459473346674e-06,8.26519414631798e-06,2,0.9999033148033778
1.7628607538214586e-05,4.5499439950674754e-05,0.00015905791626936942,0.9996858271439688,9.198689227288955e-05,3,0.9996858271439688
1.6925049415932688e-05,4.154929410126505e-05,0.00014034365170418928,0.9997047344918031,9.64475129753676e-05,3,0.9997047344918031
1.582042908766745e-05,4.390726934281036e-05,0.00014557736502873275,0.9997049995452544,8.969539128636706e-05,3,0.9997049995452544
5.3007760465362835e-06,7.010749156884799e-05,0.9999012389351111,1.2248811189628431e-05,1.110398608401754e-05,2,0.9999012389351111
2.422230838598085e-05,6.0231560449203864e-05,0.00017457289032532435,0.9996390977188919,0.00010187552194771168,3,0.9996390977188919
2.9187301276276974e-06,6.257121081437771e-05,0.9999217611124956,6.739921325526937e-06,6.009025236753246e-06,2,0.9999217611124956
0.00012591216371591035,0.9994429443607732,0.00022052987584503356,0.00012322828220248368,8.738531746346658e-05,1,0.9994429443607732
7.899971239794977e-05,0.9946527872028785,0.005039702251580631,0.0001256385251149924,0.0001028723080280407,1,0.9946527872028785
8.529207618866416e-06,0.0001718344858040052,0.9997753397170424,2.6724946532238107e-05,1.7571643002628327e-05,2,0.9997753397170424
7.419727658447914e-06,0.0005310001683457281,0.9994275527879377,1.649187187949193e-05,1.7535444178749555e-05,2,0.9994275527879377
0.9998456315584214,0.00012833169103034018,1.0987900352776888e-05,8.021020008142268e-06,7.027830187399382e-06,0,0.9998456315584214
0.00013639748198486702,0.9992279792032951,0.00036040611651175615,0.0001144531297025357,0.00016076406850558928,1,0.9992279792032951
2.9259420792208084e-05,5.237912073854455e-05,0.9988772899307319,0.0009047761399768842,0.00013629538776050286,2,0.9988772899307319
6.8570019251216626e-06,0.00011522063252277087,0.999843968570497,1.9827185025108843e-05,1.4126610029993259e-05,2,0.999843968570497
6.780541810684842e-06,7.176662673172769e-05,0.9998904436963472,1.7457806910245546e-05,1.3551328200237837e-05,2,0.9998904436963472
1.0653276807030254e-05,2.883332901491398e-05,0.00012104070216735431,0.9997807196996562,5.875299235449873e-05,3,0.9997807196996562
1.4409039252410467e-05,3.394327557511196e-05,0.00015492469962144796,0.9997170092967795,7.971368877155674e-05,3,0.9997170092967795
0.00019071846348469953,0.9988487003718383,0.0007238409997929067,0.00010465002371315924,0.00013209014117095174,1,0.9988487003718383
0.00010722698334789937,0.999607882443899,0.00012968384841290594,8.366572852421766e-05,7.154099581606362e-05,1,0.999607882443899
8.623801626654e-05,0.9996347086350327,0.00015012801690290895,6.903411491534616e-05,5.989121688274066e-05,1,0.9996347086350327
7.751308677726574e-05,0.999710199276925,9.807617606593756e-05,6.03795970652502e-05,5.3831863166698714e-05,1,0.999710199276925
8.905027012787205e-06,9.117282324710148e-05,0.999862530212468,2.0807560884139178e-05,1.6584376388164636e-05,2,0.999862530212468
0.00010423479650223426,0.9996215644516849,0.00013883026914913242,7.156563081471544e-05,6.38048518490933e-05,1,0.9996215644516849
1.3863939321150395e-05,0.0009546861508247769,0.9989728870613787,3.0770855515891214e-05,2.7791992959296447e-05,2,0.9989728870613787
0.9995659800232974,0.0003946857791130371,1.3982200130050511e-05,1.4907599497918047e-05,1.0444397961321888e-05,0,0.9995659800232974
6.366576048994368e-05,0.9989775500289932,0.0007623788877583154,0.00010383261211749778,9.257271064114018e-05,1,0.9989775500289932
8.456630473344652e-06,2.300157918152374e-05,7.726066213147549e-05,9.983835589690147e-05,0.9997914427723167,4,0.9997914427723167
0.00022315235179685866,0.9990943141492163,0.00033077150687217476,0.0001994191415431914,0.00015234285057124806,1,0.9990943141492163
6.519114988722248e-06,0.00016844479864910506,0.9998006949499938,1.3138954163161915e-05,1.1202182205210103e-05,2,0.9998006949499938
0.9989118911692796,0.0008626417213450981,0.0001385779054770285,4.983028133043424e-05,3.7058922567734e-05,0,0.9989118911692796
3.236909584955037e-05,6.773264931362958e-05,0.003258825503072595,0.9964867150991565,0.00015435765260779526,3,0.9964867150991565
0.9998307276456754,0.00013679872077825738,1.471652159536147e-05,9.429178877553602e-06,8.327933073449285e-06,0,0.9998307276456754
1.8780711510795848e-05,4.818540384681332e-05,0.00012664320703470499,0.9997475395137836,5.885116382409644e-05,3,0.9997475395137836
9.544847995256948e-06,0.00024952177056343023,0.9997075851192786,1.788146673714482e-05,1.5466795425444892e-05,2,0.9997075851192786
8.176365652361675e-06,0.0001082940689011903,0.9998543176041874,1.597165496885953e-05,1.3240306290236016e-05,2,0.9998543176041874
6.611167534602904e-05,0.999646842351857,0.0001707317473986865,6.080100520993586e-05,5.5513220188598876e-05,1,0.999646842351857
5.9102031819487235e-05,0.0001150532359771949,0.007436555902590938,0.9921120993955118,0.0002771894341005501,3,0.9921120993955118
7.01376292882785e-06,0.00010451593056598397,0.9998599028562846,1.5102609930712953e-05,1.3464840289867805e-05,2,0.9998599028562846
0.9998132647351186,0.0001591347703605845,1.1954782490659591e-05,8.271339726016007e-06,7.374372304190662e-06,0,0.9998132647351186
0.00034518177226920433,0.9982741035384828,0.0008331118499183408,0.0002612830256747423,0.0002863198136546502,1,0.9982741035384828
1.2226088288530542e-05,3.420693891905584e-05,0.00010108403065452616,0.999809922537415,4.2560404722857894e-05,3,0.999809922537415
3.855591457611479e-05,0.00019545302293839917,0.999691414016432,3.574760070228776e-05,3.882944535116371e-05,2,0.999691414016432
0.9997111647573339,0.00026040550301124996,1.0750264882965375e-05,9.343182428862232e-06,8.336292343242385e-06,0,0.9997111647573339
1.7745549115493185e-05,0.0008035590666641608,0.999111789380537,2.9378736000986088e-05,3.7527267682327444e-05,2,0.999111789380537
0.0002155416398356265,0.9991390592474891,0.0003497843838442377,0.00016314032158967458,0.00013247440724117296,1,0.9991390592474891
0.9995653175133927,0.0002871485881620359,8.937875351136749e-05,3.300945974680116e-05,2.5145685187099086e-05,0,0.9995653175133927
7.757088760480544e-06,0.0002725675685228685,0.9996860059694005,1.769922873705655e-05,1.5970144579056532e-05,2,0.9996860059694005
5.271594525137978e-06,9.33051732304027e-05,0.9998774796974719,1.3291320746512926e-05,1.0652214025898211e-05,2,0.9998774796974719
0.00013021409201346382,0.9994306813470349,0.00021295935802006984,0.00013533593119853497,9.08092717329514e-05,1,0.9994306813470349
4.8130585690685724e-05,0.9995293420655721,0.00026426029926975437,8.367024339008817e-05,7.45968060772606e-05,1,0.9995293420655721
1.6375622390394985e-05,0.00037950418959650025,0.9995352898371465,3.969712400678072e-05,2.913322685990119e-05,2,0.9995352898371465
6.749596012324415e-05,0.9997186095643619,0.00012568195371782769,4.7440472895167727e-05,4.077204890205144e-05,1,0.9997186095643619
1.6230891226075787e-05,2.6561341677358002e-05,0.00016874859286182642,0.99968857443122,9.988474301495236e-05,3,0.99968857443122
8.26335470401171e-06,1.8403587868274107e-05,9.075331634755181e-05,9.135374292642938e-05,0.9997912259981538,4,0.9997912259981538
8.34327804591081e-06,2.1126871932773342e-05,9.488732766316386e-05,0.00010089323283839175,0.9997747492895197,4,0.9997747492895197
7.856638893821122e-06,0.00010562618533863526,0.9997952104104423,1.8479337970518058e-05,7.282742735469448e-05,2,0.9997952104104423
2.371885478513792e-05,6.053066472615154e-05,0.0007548353075326864,0.9990653810778662,9.553409508969485e-05,3,0.9990653810778662
0.002949066950222499,0.9962826199514065,0.00043604219469697223,0.00018525730677750133,0.00014701359689631358,1,0.9962826199514065
6.824419486807607e-06,0.000397654668328223,0.9995693976705584,1.5072194241876882e-05,1.1051047384639533e-05,2,0.9995693976705584
0.00019035138958609668,0.9996084688913638,0.00010448813341082225,5.308500044335709e-05,4.36065851960581e-05,1,0.9996084688913638
1.9821234142142997e-05,4.4997444834498924e-05,0.00024222451383273692,0.9995715732207834,0.00012138358640719144,3,0.9995715732207834
7.929139946788158e-06,0.00042952884264433906,0.9995236074419762,2.245844499500651e-05,1.6476130437785853e-05,2,0.9995236074419762
2.05001869686421e-05,4.473521522905768e-05,0.00016300073888009332,0.9996192541182896,0.00015250974063264232,3,0.9996192541182896
1.2830193820418366e-05,0.00046221718052205597,0.9994670773831459,3.2830353634815654e-05,2.504488887675034e-05,2,0.9994670773831459
8.950166373391349e-06,2.407772559661304e-05,8.6996039827117e-05,0.00011052523281468515,0.9997694508353883,4,0.9997694508353883
3.550328523218726e-05,8.841844249831847e-05,0.9986141795642296,0.0010387179524220553,0.0002231807556178326,2,0.9986141795642296
0.0001143788276828039,0.9986581521657587,0.001051210381044511,9.687765172087574e-05,7.938097379306634e-05,1,0.9986581521657587
0.00014060610884658638,0.9995074853903491,0.00015968917742964747,0.00010085465941989092,9.136466395471914e-05,1,0.9995074853903491
0.0001287819436432349,0.9994601814173145,0.00024330982047933263,8.867129184142702e-05,7.905552672144728e-05,1,0.9994601814173145
0.00010085744987941024,0.9994629668996834,0.00028298182467840637,8.050299394694113e-05,7.269083181169499e-05,1,0.9994629668996834
0.9991015311280309,0.0006204083887068105,0.00013061421033199946,4.812982308016514e-05,9.931644984994234e-05,0,0.9991015311280309
6.917891264546232e-05,0.9850318683888378,0.014658469843590767,0.00012713485890153173,0.00011334799602436604,1,0.9850318683888378
8.776348673977888e-06,0.0006565618991540923,0.9993045602904939,1.6070068758771138e-05,1.403139291921704e-05,2,0.9993045602904939
4.8260863362389056e-05,0.9994567992769384,0.0003346633665195553,8.542718825188879e-05,7.484930492778096e-05,1,0.9994567992769384
0.9982916765091515,0.001579562225655394,5.816302807333001e-05,4.1001468131283266e-05,2.9596768988277287e-05,0,0.9982916765091515
6.960938075822752e-06,0.0001025277961578,0.9998598445531395,1.6085044047307467e-05,1.4581668579669705e-05,2,0.9998598445531395
0.00019823370439150638,0.9993393529301188,0.00024398236645891194,0.00011456957527357317,0.00010386142375733284,1,0.9993393529301188
8.583227927342818e-05,0.9997072785481421,0.00010464859891745402,5.393000315418811e-05,4.8310570512632745e-05,1,0.9997072785481421
0.00010140022288294185,0.9996554659859227,0.0001803267146672763,3.390225037657125e-05,2.89048261504559e-05,1,0.9996554659859227
9.988805694653132e-06,0.00010622509725992052,0.9998263922279067,3.157625825900449e-05,2.5817610879700544e-05,2,0.9998263922279067
1.5160506537430653e-05,3.5781533544975015e-05,0.000151037273336314,0.0014496610244240753,0.9983483596621572,4,0.9983483596621572
0.00020576142436820393,0.9992232679335871,0.00031712725372697937,0.00013652318832565143,0.00011732019999205237,1,0.9992232679335871
6.004875328537963e-06,0.0001300359335400368,0.9998361908000376,1.6102309375479485e-05,1.1666081718348532e-05,2,0.9998361908000376
0.0031646512191804547,0.9946269676424191,0.0014086961053526958,0.00042463961724830215,0.0003750454157993965,1,0.9946269676424191
6.423282333443617e-06,9.633232868843003e-05,0.9998682163363577,1.868661837656885e-05,1.0341434243838077e-05,2,0.9998682163363577
1.720990098452889e-05,4.292283291067224e-05,0.00017487951234759509,0.9997008332577778,6.415449597937924e-05,3,0.9997008332577778
1.3090965890342169e-05,3.651999331935083e-05,0.00011481695649396947,0.9997538459108536,8.172617344274886e-05,3,0.9997538459108536
0.00011230300950118281,0.9996021579173907,0.00014070692787831766,7.61349860251167e-05,6.86971592044507e-05,1,0.9996021579173907
0.9992668213662874,0.0005990775279518327,6.091514575106619e-05,3.977732154667757e-05,3.340863846284351e-05,0,0.9992668213662874
8.806814361345267e-06,0.000448477111123993,0.9995145320137193,1.4585821085612921e-05,1.3598239709795932e-05,2,0.9995145320137193
7.790746056943151e-06,5.643548981187273e-05,0.9999073900179857,1.5005492023173277e-05,1.3378254122290998e-05,2,0.9999073900179857
6.790594759648982e-05,0.9996757583805681,0.00016112183992189665,5.052582845940525e-05,4.4688003454144566e-05,1,0.9996757583805681
6.88948704459734e-06,0.00020105288972657094,0.999761454662951,1.6409425282753585e-05,1.419353499510508e-05,2,0.999761454662951
1.8682374864941942e-05,3.926712214848555e-05,0.00022246898685822735,0.9995976065963278,0.00012197491980056585,3,0.9995976065963278
7.792102842592077e-06,1.740249746302737e-05,6.281504775341753e-05,9.668775773283049e-05,0.9998153025942083,4,0.9998153025942083
1.127072989907346e-05,0.00023187109648941924,0.9997156041927486,2.448382660060234e-05,1.6770154262327857e-05,2,0.9997156041927486
6.100905479797873e-06,0.00018980708346418154,0.9997755251016026,1.6714263396948485e-05,1.1852646056612031e-05,2,0.9997755251016026
9.28226681433116e-06,0.0007528584408431428,0.9992074302508901,1.660949448388332e-05,1.3819546968416178e-05,2,0.9992074302508901
1.593069294378341e-05,3.040749467440627e-05,0.00017400153403249465,0.9996776047891321,0.00010205548921721971,3,0.9996776047891321
6.943896956646964e-06,0.00017383384144174557,0.9997821779191052,2.2106431393934838e-05,1.4937911102436665e-05,2,0.9997821779191052
2.622630033053554e-05,6.966594993442014e-05,0.00033221914184186337,0.999436221482383,0.00013566712551022945,3,0.999436221482383
1.0881566880694898e-05,0.0003271593745209473,0.999622287825555,2.0972790833562785e-05,1.8698442209809182e-05,2,0.999622287825555
2.0437082876457956e-05,4.195523693783695e-05,0.0002988471985238019,0.9995250830226331,0.00011367745902868886,3,0.9995250830226331
8.873853566820702e-06,0.0017152309665160194,0.9982432746833618,1.8080899439023677e-05,1.4539597116358772e-05,2,0.9982432746833618
1.8252693162372983e-05,4.7676856315830584e-05,0.0001662507915323293,0.9996643343207502,0.00010348533823935783,3,0.9996643343207502
5.44432425688065e-06,0.00015191673059213227,0.9998170980559391,1.5089016608102372e-05,1.0451872603769656e-05,2,0.9998170980559391
2.3161436296815415e-05,4.8693068946745045e-05,0.0002683247448033537,0.999537995068772,0.00012182568118110209,3,0.999537995068772
5.8663603799455046e-05,0.006042711098269739,0.9936657088906037,0.00013103280211621503,0.0001018836052106907,2,0.9936657088906037
1.0822245612232115e-05,0.004412624928457884,0.9955377010490615,2.247392746373398e-05,1.6377849404692967e-05,2,0.9955377010490615
1.1790468883992258e-05,0.0003180464349689517,0.9996114896731991,3.438301763477538e-05,2.4290405313248214e-05,2,0.9996114896731991
4.904271017468136e-06,9.7142532745307e-05,0.9998757953222532,1.2636450472425447e-05,9.521423511550457e-06,2,0.9998757953222532
1.4543019042548994e-05,2.924738460900631e-05,0.00017492677544427078,0.9997204528948984,6.082992600581621e-05,3,0.9997204528948984
9.479690514138382e-06,0.00013235594277244487,0.9998258288837205,1.7533912650347524e-05,1.4801570342548918e-05,2,0.9998258288837205
1.7409840312176164e-05,4.154412983041938e-05,0.0001419488765791256,0.9996950030796679,0.00010409407361047788,3,0.9996950030796679
2.5962220642288436e-05,6.367860799645675e-05,0.00039225462210418135,0.9993520108982756,0.0001660936509814217,3,0.9993520108982756
7.262817209609531e-06,3.551721365941458e-05,0.9999222645495748,1.933143802130272e-05,1.5623981534827106e-05,2,0.9999222645495748
9.706677597210776e-05,0.9995796457653092,0.00016621140299395864,7.52062813009277e-05,8.186977442389055e-05,1,0.9995796457653092
4.440579442811827e-06,3.954822374555573e-05,0.999938208313032,1.061208111387681e-05,7.1908026657261635e-06,2,0.999938208313032
0.00012584520934478348,0.9995479033005134,0.00016102310452415186,9.471348764756645e-05,7.051489796990278e-05,1,0.9995479033005134
0.0003717244694030811,0.1778589936006859,0.8205916139630042,0.0006995195503699995,0.00047814841653697133,2,0.8205916139630042
3.125725688343408e-05,0.9993618958207627,0.0005245036186980808,4.3725001097054616e-05,3.8618302558625596e-05,1,0.9993618958207627
0.9998139846653968,0.00015754104230439672,1.2650911768662955e-05,8.410509450696187e-06,7.412871079586881e-06,0,0.9998139846653968
4.313066165075389e-06,0.00015212527835283015,0.9998252977467376,1.0460937963277797e-05,7.802970781329461e-06,2,0.9998252977467376
3.589662069847472e-05,7.038847196809726e-05,0.9989472717260667,0.0008067597121772085,0.0001396834690895015,2,0.9989472717260667
3.848512684450182e-06,0.000142901390350758,0.9998361825255825,9.138969570150982e-06,7.928601812044205e-06,2,0.9998361825255825
0.9998084334641772,0.00016707426679540572,9.582346933555978e-06,7.882353368651303e-06,7.027568725148219e-06,0,0.9998084334641772
8.229087212674838e-06,0.00019721210605072812,0.9997602032416109,1.8557576774233458e-05,1.5797988351536387e-05,2,0.9997602032416109
5.86206597822825e-06,0.00024857664775493484,0.9997196703600197,1.3822217986416355e-05,1.2068708260916463e-05,2,0.9997196703600197
0.00011236927656200543,0.99955122555822,0.00019839343445584277,7.959359507268984e-05,5.8418135689622274e-05,1,0.99955122555822
0.00012248255600967475,0.9995668396449157,0.00013966537954699577,9.040827394421783e-05,8.060414558320272e-05,1,0.9995668396449157
1.2824465127698304e-05,3.343904817994345e-05,0.00013397414183349994,0.9997368724696006,8.28898752581979e-05,3,0.9997368724696006
4.218434541041861e-06,5.517857570601096e-05,0.9999236169080845,8.790640566801542e-06,8.19544110190219e-06,2,0.9999236169080845
6.448754944792216e-06,0.00048335530405372017,0.9994816510778782,1.6084360663189564e-05,1.246050245999448e-05,2,0.9994816510778782
4.129363382508502e-06,0.0001093964721604497,0.9998684371994764,9.535511371597815e-06,8.501453609000265e-06,2,0.9998684371994764
2.677308741105173e-05,6.561382704499511e-05,0.0003543331275413767,0.9994129834620363,0.00014029649596629802,3,0.9994129834620363
0.9998242028103383,0.00015018345339313404,1.0703579010097508e-05,7.882477692026335e-06,7.027679566545619e-06,0,0.9998242028103383
0.00010997068989561541,0.9994722670811428,0.00020692178873734382,0.00011166269401949406,9.91777462047115e-05,1,0.9994722670811428
0.9978106576888315,0.0021022052013798826,4.0046972239292325e-05,2.4294280045722524e-05,2.279585750392558e-05,0,0.9978106576888315
0.9998658732431819,0.00010308650165053507,1.172777906689643e-05,9.382356664671953e-06,9.930119435943503e-06,0,0.9998658732431819
4.3586618306418156e-05,0.9986751894091351,0.001156247201026512,6.701302671092594e-05,5.7963744821039365e-05,1,0.9986751894091351
1.7502185903804045e-05,4.822460540361205e-05,0.00019201093605446365,0.9996911633124108,5.109896022718337e-05,3,0.9996911633124108
1.0755156808064286e-05,0.0002004903026619597,0.99974897077763,2.1302538620576834e-05,1.8481224279364376e-05,2,0.99974897077763
7.5681607695645e-06,0.00010763201893987719,0.9998509195871289,1.9177049970301564e-05,1.4703183191121402e-05,2,0.9998509195871289
8.656400182999582e-06,0.0002078287629086976,0.9997461494679877,2.114972301210971e-05,1.621564590852633e-05,2,0.9997461494679877
0.00023954631390278843,0.9992468716755492,0.0003024762956276715,0.0001111841754758253,9.992153944467415e-05,1,0.9992468716755492
3.216801415801389e-05,0.9997856947138626,7.426952784569068e-05,5.713916436012277e-05,5.0728579773519456e-05,1,0.9997856947138626
5.523980117408991e-06,0.0001023010336691377,0.9998676769703048,1.3117661376847494e-05,1.138035453164739e-05,2,0.9998676769703048
1.3970836826764525e-05,3.6590634276261904e-05,0.0001323249094180397,0.0011474265003627551,0.9986696871191161,4,0.9986696871191161
0.0022869435346980775,0.9972906418528827,0.00021647381851182964,0.00010936189800503284,9.657889590237739e-05,1,0.9972906418528827
1.9783991837960138e-05,5.21038969634407e-05,0.0001581526475739938,0.9996713478732593,9.861159036549447e-05,3,0.9996713478732593
0.00010389431422295975,0.00024023732133864647,0.013983521138467719,0.9850923838137707,0.0005799634121997422,3,0.9850923838137707
4.5439849055245605e-06,6.930482269331077e-05,0.999905884660907,1.1444587404524101e-05,8.82194408944551e-06,2,0.999905884660907
1.713379753277988e-05,4.654129847969452e-05,0.9993054082411583,0.0005300280525196307,0.0001008886103095757,2,0.9993054082411583
0.0002039912280831077,0.9990567125801263,0.00041707974566783786,0.0001791299358487188,0.00014308651027385448,1,0.9990567125801263
0.00013895378521421858,0.9995712740822091,0.00013467375595393772,8.845130881985749e-05,6.664706780298507e-05,1,0.9995712740822091
9.251883923941619e-05,0.9996449744761842,0.00013539012673283708,6.90891558242408e-05,5.802740201917673e-05,1,0.9996449744761842
9.467424807599368e-05,0.9995614062171785,0.00021406775476178348,6.864808608256889e-05,6.120369390108796e-05,1,0.9995614062171785
4.277080193926468e-06,6.447837669676188e-05,0.9999120079110126,1.043106196816011e-05,8.805570128476059e-06,2,0.9999120079110126
9.601305012939168e-05,0.008203512667887018,0.9913451831910753,0.00019609174605156115,0.00015919934485662468,2,0.9913451831910753
0.9998758079138007,9.501321823360125e-05,1.029918706207586e-05,1.053887996696293e-05,8.340800936554267e-06,0,0.9998758079138007
0.9998409994829575,0.0001341723308699812,9.634723460520081e-06,8.165665083085057e-06,7.0277976289336075e-06,0,0.9998409994829575
9.584245853655796e-06,2.4661505482307795e-05,0.00011854021178208383,0.00012776046261023152,0.9997194535742716,4,0.9997194535742716
0.0001337958613503306,0.9993906491666206,0.00023133767286170879,0.00011318129440790081,0.00013103600475957537,1,0.9993906491666206
1.5102117299646915e-05,4.363852885760687e-05,0.00011682586400970975,0.9997212883599487,0.00010314512988421271,3,0.9997212883599487
4.4240889821121164e-06,8.686828363440921e-05,0.9998867552336812,1.2844164719082545e-05,9.108228983390497e-06,2,0.9998867552336812
7.542283391383291e-06,0.00010907407632748363,0.9998539201831623,1.7048290097559537e-05,1.241516702117433e-05,2,0.9998539201831623
8.50390548244823e-06,0.00016175373454634567,0.9997873952066978,2.4208756645174842e-05,1.813839662839317e-05,2,0.9997873952066978
2.746225575774946e-05,7.152050149070733e-05,0.9990279319590589,0.0007006214711715393,0.00017246381252095894,2,0.9990279319590589
0.0001457875744544795,0.999444523346741,0.0002276538804973159,9.747222383139224e-05,8.456297447555524e-05,1,0.999444523346741
8.770927514723827e-05,0.9996924515508643,0.00010226677112863583,6.295509700625138e-05,5.4617305853764376e-05,1,0.9996924515508643
3.41070772081074e-05,8.623270643271926e-05,0.0002780581398295501,0.004169782679536438,0.9954318193969931,4,0.9954318193969931
5.737706949361253e-05,0.9997759100337981,7.621086099321828e-05,5.065438311470066e-05,3.984765260041508e-05,1,0.9997759100337981
9.672883098867578e-06,0.00022859118073500633,0.9997259797283857,1.914595155536587e-05,1.6610256225273358e-05,2,0.9997259797283857
1.099611014050583e-05,2.8840375581035597e-05,0.00011152407684117555,0.9997967610109515,5.187842648560884e-05,3,0.9997967610109515
6.338706157060329e-06,0.00020092242266624337,0.9997587333684718,1.98613506319501e-05,1.4144152073050249e-05,2,0.9997587333684718
0.00016881381535260463,0.9992973519710753,0.0002649840470626612,0.00012629334842357716,0.0001425568180857837,1,0.9992973519710753
9.745306714204156e-05,0.9996543360966124,0.00011650560767508196,7.062440759870721e-05,6.108082097189296e-05,1,0.9996543360966124
0.9993509575202199,0.0003816789798714748,0.00015402290724738412,5.396611969038927e-05,5.937447297093267e-05,0,0.9993509575202199
0.999328696234859,0.00048449490758696253,0.00012414993176867797,3.312557849948666e-05,2.953334728575691e-05,0,0.999328696234859
1.6007999285763482e-05,0.002723946277810356,0.9971985649720367,2.868673850673371e-05,3.279401236046381e-05,2,0.9971985649720367
5.443536145171472e-05,0.9996618077445011,0.00012863364593962578,8.860876988093814e-05,6.651447822667063e-05,1,0.9996618077445011
1.0726091020749689e-05,8.444952825272992e-05,0.9998460243533389,2.9801086605506734e-05,2.8998940782009762e-05,2,0.9998460243533389
1.3963228247571105e-05,3.0129476055865998e-05,0.00018749277156246947,0.0016426073097604542,0.9981258072143736,4,0.9981258072143736
2.1589498604223304e-05,5.949683251931048e-05,0.0007553747064288741,0.9990765800787141,8.695888373352264e-05,3,0.9990765800787141
9.406452679263019e-05,0.99964031222823,0.0001292616588083327,7.5510933174314e-05,6.085065299481937e-05,1,0.99964031222823
0.00014447874412179827,0.9988531847139345,0.000803829505049698,0.0001078906150139949,9.061642188015677e-05,1,0.9988531847139345
0.00015829240677844964,0.998848836243162,0.0006992426140217467,0.00013385699142738508,0.00015977174461074813,1,0.998848836243162
6.002267470371806e-06,0.00014707790700058132,0.9998201857645562,1.5033563568140261e-05,1.170049740458091e-05,2,0.9998201857645562
1.9220979651630958e-05,4.226470854259911e-05,0.0001750651731990762,0.9996553557895939,0.00010809334901275908,3,0.9996553557895939
1.720747454689263e-05,4.4480880834114226e-05,0.0001882197126822873,0.999640050007686,0.00011004192425089962,3,0.999640050007686
6.62082238321495e-05,0.9997125290175617,0.00010172062976731251,6.270122367772583e-05,5.68409051613e-05,1,0.9997125290175617
6.229580977306383e-05,0.9997465550186613,9.801729896101406e-05,4.986821678882722e-05,4.326365581593419e-05,1,0.9997465550186613
9.547173651959165e-05,0.9994194884481262,0.0003285102200311489,7.979075769292334e-05,7.673883763014318e-05,1,0.9994194884481262
0.00010130393995618864,0.9985246135833686,0.0010491699914016517,0.00015300818007438286,0.00017190430519924298,1,0.9985246135833686
1.196518368675875e-05,0.0006583494517929744,0.9992833893413364,2.57355379018866e-05,2.0560485282090462e-05,2,0.9992833893413364
6.113588171126565e-05,0.9940412872464128,0.005680764563198434,0.00011512919707996074,0.00010168311159779605,1,0.9940412872464128
1.265980293307707e-05,0.0017303368505843957,0.9982123813926506,2.389318720857855e-05,2.0728766623337967e-05,2,0.9982123813926506
0.00022255445142257418,0.9992738026430216,0.00032419059054601034,0.00010488123098481996,7.457108402488655e-05,1,0.9992738026430216
1.146760754570352e-05,2.523302662260652e-05,8.495309185433684e-05,0.9998205138158469,5.783245813067007e-05,3,0.9998205138158469
1.7064820553253513e-05,3.6248756634204634e-05,0.00019991587224755188,0.9996401211882245,0.00010664936234056773,3,0.9996401211882245
0.0030349688488594006,0.9966571412782321,0.00013508308475074462,9.253079674463248e-05,8.027599141324918e-05,1,0.9966571412782321
7.79203605274363e-06,2.2587237832433437e-05,7.306011704698514e-05,8.982791105895684e-05,0.9998067326980089,4,0.9998067326980089
3.425189130847216e-06,5.774032995975295e-05,0.9999246858979296,8.634055308322865e-06,5.514527671458495e-06,2,0.9999246858979296
1.570972308653848e-05,3.0240110229162822e-05,0.00019025712740955515,0.9996731680280172,9.062501125738713e-05,3,0.9996731680280172
5.9476201869926744e-05,0.9990634760549163,0.0006497345292839906,0.0001274696764203387,9.984353750947917e-05,1,0.9990634760549163
5.699996418867137e-06,0.00012066816446564587,0.9998479781500357,1.3910710521451625e-05,1.1742978558412095e-05,2,0.9998479781500357
0.9996472715723703,0.00024646041127264473,5.9653727717192935e-05,2.5629202753388855e-05,2.0985085886248678e-05,0,0.9996472715723703
0.9990230769240919,0.0008231211357454734,6.439557766372596e-05,4.766527062593189e-05,4.17410918731921e-05,0,0.9990230769240919
7.791789007841521e-06,2.0537161115413488e-05,7.669055505024509e-05,0.00011994646385854038,0.999775034030968,4,0.999775034030968
0.00010529909180295782,0.9995517139230162,0.0001883452346313011,8.280417997979511e-05,7.183757056998175e-05,1,0.9995517139230162
1.5648194649652743e-05,4.2781274387632565e-05,0.00014070704044505348,0.9997104429137738,9.042057674376476e-05,3,0.9997104429137738
1.018947496340395e-05,0.0006698811826858246,0.9992842277415638,1.8725900888209838e-05,1.6975699898896176e-05,2,0.9992842277415638
5.570133962451164e-06,5.759612809105324e-05,0.999912898565469,1.2810441760159045e-05,1.112473071728509e-05,2,0.999912898565469
0.9988904253523888,0.0009314024393698884,7.08892627870381e-05,5.499289464701918e-05,5.2290050807188246e-05,0,0.9988904253523888
4.2638729173814815e-06,8.321197810943421e-05,0.9998933069840676,1.0939045751621463e-05,8.278119153940713e-06,2,0.9998933069840676
8.569620766146537e-06,2.155971540485524e-05,7.306077176058877e-05,8.111762630407866e-05,0.9998156922657643,4,0.9998156922657643
0.0001374960018602393,0.9993048502453478,0.00030023165730765896,0.00014140826882998148,0.00011601382665439819,1,0.9993048502453478
2.820477147497776e-05,0.004475280979308907,0.995399011263852,5.874721812505092e-05,3.875576723901002e-05,2,0.995399011263852
0.9994603822768687,0.0004520148694758114,3.583073594693595e-05,2.8500020579222335e-05,2.3272097129187072e-05,0,0.9994603822768687
2.5302210935238297e-05,5.021820139137233e-05,0.0002487468483932558,0.9995610321930478,0.00011470054623241069,3,0.9995610321930478
0.001985033429726937,0.9967049556693659,0.0005968244832524591,0.00036908838524427794,0.0003440980324106515,1,0.9967049556693659
2.1045087339095062e-05,3.9789976748274894e-05,0.00026899148393546706,0.9995454072642879,0.00012476618768942211,3,0.9995454072642879
1.5880146056212362e-05,3.1346347678692485e-05,0.00018397632532292328,0.9996715484896068,9.724869133525474e-05,3,0.9996715484896068
0.00012125600414531268,0.9996274431298812,0.0001330862600172065,6.117844780074628e-05,5.7036158155564485e-05,1,0.9996274431298812
1.4996999189121435e-05,0.0004594225849601263,0.9994685822575815,3.164840691805148e-05,2.534975135115503e-05,2,0.9994685822575815
6.477734206618409e-06,0.0007804838412001757,0.9991843106536255,1.5382518040542547e-05,1.33452529274625e-05,2,0.9991843106536255
5.3059181315843e-05,0.999805499040897,6.217221798848623e-05,4.244552892842771e-05,3.682403087042409e-05,1,0.999805499040897
8.570631325318112e-05,0.9994973105621662,0.00028681500230652953,7.462209206795705e-05,5.55460302061013e-05,1,0.9994973105621662
5.269029059023399e-05,0.9998014876546585,7.519184988792096e-05,3.781951623505354e-05,3.2810688628535e-05,1,0.9998014876546585
6.854607121217803e-06,0.00018176271225103723,0.9997862663202987,1.3337682080633752e-05,1.177867824848151e-05,2,0.9997862663202987
1.0945352343896622e-05,2.6226202587179155e-05,9.479746168201359e-05,0.9998219126531166,4.611833027024863e-05,3,0.9998219126531166
1.3423942049659172e-05,3.418183728236512e-05,0.00011741743403623897,0.9997749331614744,6.004362515727132e-05,3,0.9997749331614744
5.393909566231733e-06,0.00015297985085355805,0.999818065765739,1.2455596962970144e-05,1.1104876878286574e-05,2,0.999818065765739
5.665275271020085e-06,4.4361213447671875e-05,0.9999159963329299,1.5855683783557326e-05,1.8121494567639634e-05,2,0.9999159963329299
1.1398401852015336e-05,2.2516374920639723e-05,0.00014949936208842856,0.00010770948594137208,0.9997088763751975,4,0.9997088763751975
0.9996074054946043,0.0003606285004716428,1.3137031761419107e-05,1.0082126444235905e-05,8.746846718486963e-06,0,0.9996074054946043
5.463849318605024e-06,4.2969971974569645e-05,0.9999327816496473,9.930722305574715e-06,8.853806754001158e-06,2,0.9999327816496473
7.3973682806963515e-06,0.00014019793284135158,0.9998246266249691,1.4873995045183575e-05,1.2904078863852759e-05,2,0.9998246266249691
6.528390282197752e-05,0.00016570550463550711,0.0005753637224245145,0.009023707666498118,0.9901699392036198,4,0.9901699392036198
5.3688695080275645e-06,0.00017603367559292278,0.9997949446689467,1.2406158707375393e-05,1.1246627244891717e-05,2,0.9997949446689467
0.9994712694348609,0.0004140264590436328,4.355609986818938e-05,3.1965020298206546e-05,3.918298592903214e-05,0,0.9994712694348609
6.4613941656400295e-06,9.236690134438502e-05,0.9998686093739418,1.4841125380697314e-05,1.7721205167522567e-05,2,0.9998686093739418
1.749328713626388e-05,4.2475793888754156e-05,0.0001473203049868146,0.9996857706493166,0.00010693996467152323,3,0.9996857706493166
7.791911308437492e-06,7.514723782511094e-05,0.9998902725234681,1.4162050034995435e-05,1.262627736352642e-05,2,0.9998902725234681
0.999832326604238,0.00013890651643206766,1.0469660143531144e-05,8.367432917072853e-06,9.92978626912553e-06,0,0.999832326604238
4.583550183778321e-06,0.00016301940945421078,0.999811945299493,1.0591475717215653e-05,9.860265151731115e-06,2,0.999811945299493
0.00011685153023997714,0.99954074645758,0.00019410041434357502,7.842122757800509e-05,6.988037025847571e-05,1,0.99954074645758
5.1098091546043394e-05,0.007554115734039918,0.9922662218948981,8.010865774481036e-05,4.845562177107817e-05,2,0.9922662218948981
1.7755965768776093e-05,4.185817069590012e-05,0.00020486570133549425,0.999626900984976,0.00010861917722398197,3,0.999626900984976
1.8482801046553715e-05,5.224118419249292e-05,0.00013371374284269893,0.9996800510106232,0.00011551126129519777,3,0.9996800510106232
1.820678292369426e-05,4.380555542263385e-05,0.00020782737611842148,0.0011796528463661991,0.998550507439169,4,0.998550507439169
1.9670291015042515e-05,4.9829410090613045e-05,0.0005991671872346024,0.9992277905112128,0.00010354260044686954,3,0.9992277905112128
2.190111224366248e-05,4.670221288847617e-05,0.0002181885943428844,0.9995731901133968,0.0001400179671281741,3,0.9995731901133968
0.00017800791986446698,0.9839352635599645,0.015237485518165853,0.0003572790973480015,0.00029196390465709566,1,0.9839352635599645
5.539919287005075e-05,0.9994724081012187,0.0002900244095444585,9.630599512834542e-05,8.58623012386007e-05,1,0.9994724081012187
0.00038495666830737124,0.6608098794951053,0.337539213840347,0.0007678305637057753,0.0004981194325346132,1,0.6608098794951053
0.9995260121079322,0.0003429396423806288,5.2323014823500744e-05,3.670275306716139e-05,4.202248179635984e-05,0,0.9995260121079322
1.1870707900400037e-05,3.1729260675308556e-05,0.00012009516697130331,0.9997602585238197,7.604634063346189e-05,3,0.9997602585238197
8.321619502834105e-06,0.0001879614652240882,0.9997650847973553,2.2193524989154958e-05,1.6438592928486377e-05,2,0.9997650847973553
0.000268624478874067,0.9992028727754784,0.0002666160280029933,0.00013553166933577443,0.00012635504830883602,1,0.9992028727754784
0.9997466677231214,0.00022443199330155852,1.2166451303986696e-05,8.846590770788405e-06,7.88724150229451e-06,0,0.9997466677231214
6.848576079218528e-05,0.013094525376005814,0.9866047331880643,0.00012611071671743808,0.00010614495842000478,2,0.9866047331880643
1.3466615451638e-05,3.232579383219826e-05,0.00013378447553838085,0.999735727548484,8.469556669356377e-05,3,0.999735727548484
7.2870843648403834e-06,0.00022776933680266527,0.9997396290069536,1.3382927132080747e-05,1.193164474690893e-05,2,0.9997396290069536
6.62303099703532e-05,0.9996377123704344,0.0001340564533459937,9.068708696347149e-05,7.131377928588925e-05,1,0.9996377123704344
1.790084092002945e-05,0.0006920641367121436,0.9992090175258524,4.250869202257409e-05,3.8508804492885494e-05,2,0.9992090175258524
5.139097610578782e-06,5.751114383351247e-05,0.9999117381776376,1.5186227085988143e-05,1.0425353832331716e-05,2,0.9999117381776376
3.847130587829921e-05,0.00011178474572676461,0.0004093998847375692,0.9991930912661853,0.00024725279747215314,3,0.9991930912661853
2.7183907560616605e-05,5.9635156920404785e-05,0.0001908234081778963,0.9995495823245294,0.00017277520281175118,3,0.9995495823245294
1.236103670753471e-05,3.004955683855302e-05,0.00014378624648122207,0.9997381865669754,7.561659299709311e-05,3,0.9997381865669754
6.847210348383771e-06,0.00012456971529637217,0.9998380558330585,1.838098721789962e-05,1.2146254078698732e-05,2,0.9998380558330585
1.0198286995317791e-05,2.347388243095533e-05,9.986626657295115e-05,9.390447865687755e-05,0.999772557085344,4,0.999772557085344
0.9842512219080376,0.015047727872034119,0.0002826997556001402,0.00021821351102913527,0.00020013695329923055,0,0.9842512219080376
4.268293498786729e-06,4.067213011124504e-05,0.999933715039746,1.2551113744267678e-05,8.793422899592619e-06,2,0.999933715039746
0.0005783526433993505,0.5639125222796166,0.4334879254877679,0.0012640549100994484,0.0007571446791166422,1,0.5639125222796166
0.0009231864802241168,0.997305080077269,0.0008598003336782977,0.0004665358998689479,0.00044539720895971676,1,0.997305080077269
7.794520530128812e-05,0.9997091429960532,0.00011207435828806226,5.8396980474985443e-05,4.244045988242922e-05,1,0.9997091429960532
1.4351135705732434e-05,3.2021324293047565e-05,0.0001489912830418982,0.9997245832300314,8.00530269277955e-05,3,0.9997245832300314
0.00012831691374059204,0.9995145388125054,0.00019049817158945997,8.809995494974711e-05,7.854614721462874e-05,1,0.9995145388125054
2.3613947455274686e-05,5.9737324750828836e-05,0.00021663547564309437,0.999601183280109,9.882997204154879e-05,3,0.999601183280109
1.506216302273381e-05,3.365958231831775e-05,0.00011731410174191387,0.9997525674415264,8.139671139053984e-05,3,0.9997525674415264
0.9997277817957165,0.00022768948431726882,1.6287338807337304e-05,1.4609814724810169e-05,1.363156643396027e-05,0,0.9997277817957165
4.633780998940538e-06,6.671750448604397e-05,0.9999058872350092,1.3215089136963294e-05,9.546390368741807e-06,2,0.9999058872350092
7.792034008682402e-06,1.7578308631192838e-05,7.706073291966517e-05,9.109850270488719e-05,0.9998064704217355,4,0.9998064704217355
2.3037908989634048e-05,5.511579547987826e-05,0.9991942742021711,0.0005830697587716103,0.00014450233458773644,2,0.9991942742021711
1.1940472439896541e-05,3.213603935875776e-05,0.0001065733542957944,0.9997983502890928,5.099984481284517e-05,3,0.9997983502890928
9.748146804441506e-05,0.9995890826883632,0.0001755043164308627,7.138235302030716e-05,6.654917414123918e-05,1,0.9995890826883632
1.3608458825459259e-05,3.505389064025932e-05,0.00015243574206164396,0.9997296131319261,6.928877654662169e-05,3,0.9997296131319261
3.1169381827843756e-05,6.0855361553957196e-05,0.999125807019833,0.0006672433225930844,0.00011492491419216431,2,0.999125807019833
5.059147080374373e-05,0.9995544785542965,0.00025805819308125815,6.0057357951942465e-05,7.681442386691039e-05,1,0.9995544785542965
4.256731480341885e-06,9.164265677627498e-05,0.9998837786532098,1.2149995762491922e-05,8.171962771093362e-06,2,0.9998837786532098
2.220937521556715e-05,4.4176387651647915e-05,0.0005760809460228175,0.9992179634080953,0.00013956988301472403,3,0.9992179634080953
9.864110373326496e-05,0.9995635634087656,0.00018090195860993215,9.097446393583234e-05,6.591906495532888e-05,1,0.9995635634087656
7.563741939130455e-06,0.0005488281069662939,0.9994184420355455,1.3435268080726704e-05,1.173084746839048e-05,2,0.9994184420355455
0.0004141211069017245,0.9973607583006817,0.0013202929552117073,0.00048368379998923306,0.0004211438372158446,1,0.9973607583006817
8.367029457778154e-06,0.000149025495978965,0.9998133234785432,1.6210897607520405e-05,1.307309841243104e-05,2,0.9998133234785432
1.208952675367797e-05,2.6228671621693055e-05,0.00012362564840950576,0.9997956881061574,4.236804705796243e-05,3,0.9997956881061574
4.2985042094931374e-06,5.4273314700112364e-05,0.9999196427651275,1.043813981884101e-05,1.1347276144075776e-05,2,0.9999196427651275
4.874984532337331e-06,0.00011565577503076633,0.999859151235588,1.0847039205505482e-05,9.470965643474788e-06,2,0.999859151235588
8.780059612934227e-06,0.00029435132092400963,0.9996618228257981,1.860961727818854e-05,1.6436176386916605e-05,2,0.9996618228257981
9.251156518245901e-06,0.00013266461632146687,0.9998002033380208,2.3886320673951146e-05,3.399456846549156e-05,2,0.9998002033380208
0.00016495807009198426,0.9846845917739077,0.014597303418839372,0.00029748092738647743,0.00025566580977451635,1,0.9846845917739077
7.792081072795237e-06,1.611480129161501e-05,7.687224373251818e-05,8.67115919052567e-05,0.9998125092819978,4,0.9998125092819978
1.270267717659999e-05,0.0001358371180188745,0.9997715954664508,3.733092857728644e-05,4.2533809776444996e-05,2,0.9997715954664508
1.9553976230176677e-05,5.4336817915248716e-05,0.00015910224405900784,0.9996493824366605,0.00011762452513504989,3,0.9996493824366605
0.9993568567661206,0.0001831714593494691,2.3101983847352157e-05,1.262507767098337e-05,0.0004242447130115135,0,0.9993568567661206
8.452608880763834e-05,0.9990945006536245,0.0005191127158369688,0.00013399514175765003,0.00016786539997315999,1,0.9990945006536245
1.3496925731152082e-05,3.0854764311112264e-05,0.00014333810722308882,0.999731198757895,8.111144483968302e-05,3,0.999731198757895
9.963372864464747e-06,0.00030721756790065617,0.9996351854275036,2.8506206734284058e-05,1.9127424997075105e-05,2,0.9996351854275036
7.432516516883284e-05,0.9997178939450507,0.00010505355870814497,5.70580490284497e-05,4.566928204402351e-05,1,0.9997178939450507
0.9992488848975307,0.0005481371868967932,0.00013168293401195045,3.783313764352175e-05,3.3461843917180004e-05,0,0.9992488848975307
2.291938884252349e-05,6.179857428390425e-05,0.0002322633835961345,0.9995429078431123,0.0001401108101650835,3,0.9995429078431123
3.502001715741655e-05,8.457359854086027e-05,0.9988126977773156,0.0009211415273770781,0.00014656707960908675,2,0.9988126977773156
0.00010284159634938224,0.9995687537842366,0.0001937581448223139,7.118287311609959e-05,6.346360147546755e-05,1,0.9995687537842366
1.632853803718756e-05,3.6476764787660225e-05,0.00013417806344327682,0.9997162512530662,9.676538066576894e-05,3,0.9997162512530662
6.2745896883871854e-06,9.962425217821832e-05,0.9998712411701963,1.2085274610365352e-05,1.077471332665757e-05,2,0.9998712411701963
1.33093868791552e-05,0.0001242660326635495,0.9997847874722937,4.3236942418340256e-05,3.440016574527565e-05,2,0.9997847874722937
1.3889635532467929e-05,3.3926804948468395e-05,0.00013527803114021035,0.00021744204544621844,0.9995994634829326,4,0.9995994634829326
4.9968189828756735e-06,8.735329680997927e-05,0.999885489748158,1.1865824638324581e-05,1.0294311410784626e-05,2,0.999885489748158
3.6237163546345404e-05,7.268605915656753e-05,0.0016864368844184648,0.9979905475638735,0.00021409232900505688,3,0.9979905475638735
0.9998628401789824,0.00011224260526339851,9.788437605503434e-06,8.100827003337714e-06,7.027951145334532e-06,0,0.9998628401789824
0.9993261273009729,0.0005549967053737475,3.9973755994675374e-05,3.10297802789789e-05,4.787245737973208e-05,0,0.9993261273009729
6.228458757227863e-06,8.157097977932914e-05,0.9998847014322607,1.4667426818547413e-05,1.2831702384230144e-05,2,0.9998847014322607
8.361068235127184e-06,0.0002789022343027385,0.9996820974744057,1.781420672068287e-05,1.2825016335672122e-05,2,0.9996820974744057
2.352613097815771e-05,4.7446858313871054e-05,0.00035033139591289324,0.999469502705457,0.00010919290933819778,3,0.999469502705457
1.0126487044001364e-05,0.0022852622261867656,0.99766851710477,2.0208327510274004e-05,1.5885854489086504e-05,2,0.99766851710477
0.9996648825295805,0.0001678100207503153,0.00010764600333338833,3.1540916145945835e-05,2.8120530189792492e-05,0,0.9996648825295805
0.9996916048808906,0.0002798240579547566,1.1212862777649195e-05,8.914008926320457e-06,8.444189450540482e-06,0,0.9996916048808906
5.937406168994794e-05,0.9997946485891147,6.638769247150651e-05,4.261692742382124e-05,3.697272929979595e-05,1,0.9997946485891147
2.2237205127664502e-05,5.7625502997402334e-05,0.00025428650174845013,0.9995298183739695,0.00013603241615701324,3,0.9995298183739695
1.003563324273257e-05,0.0004482851795864759,0.9995010058872136,2.1873998666735695e-05,1.8799301290573756e-05,2,0.9995010058872136
4.876753629754245e-06,7.992169162604448e-05,0.9998974222374949,9.399302044001451e-06,8.380015205274722e-06,2,0.9998974222374949
1.2025812449979635e-05,0.00046716581580066906,0.9994630897661291,3.1240500405493225e-05,2.6478105214712834e-05,2,0.9994630897661291
1.0049477136436714e-05,0.00019811663799769113,0.9997527087101452,2.1244276691109767e-05,1.788089802941477e-05,2,0.9997527087101452
0.00012395665745381835,0.9994188234765183,0.0002922489282412727,9.145395370889133e-05,7.351698407754389e-05,1,0.9994188234765183
0.9998129138757197,0.0001560411985809065,1.5022970461105803e-05,8.859656598918088e-06,7.162298639540295e-06,0,0.9998129138757197
1.0999856067787854e-05,0.0019381791362023566,0.9980087949265278,2.268500312448987e-05,1.9341078077491456e-05,2,0.9980087949265278
5.95325454477977e-06,0.00013136309424823208,0.999839417895056,1.2488159891087153e-05,1.0777596259784906e-05,2,0.999839417895056
6.4834504617630035e-06,7.605318136389488e-05,0.9998915977360151,1.5193383957972355e-05,1.0672248201155792e-05,2,0.9998915977360151
8.851359561277262e-06,0.0004670299852324026,0.9994774794638943,2.5316009323103134e-05,2.1323181988965858e-05,2,0.9994774794638943
5.617540155317674e-06,0.0006268765884395892,0.999346549787243,1.1078747397210254e-05,9.877336764943027e-06,2,0.999346549787243
6.91200370323768e-06,0.0004339307690859179,0.9995350242654221,1.28154624230411e-05,1.1317499365626925e-05,2,0.9995350242654221
0.0001753299460665335,0.9992263158699237,0.00030589859137964976,0.00017069115183579624,0.00012176444079435785,1,0.9992263158699237
1.004688461523899e-05,2.390854010204061e-05,9.617016536076391e-05,9.608607703499817e-05,0.9997737883328869,4,0.9997737883328869
9.376848244155616e-05,0.999629001655713,0.00013681294999297845,7.529588099154254e-05,6.512103086086001e-05,1,0.999629001655713
1.0737775681191192e-05,2.8604084705525054e-05,9.576892127479017e-05,0.999824908522961,3.998069537753648e-05,3,0.999824908522961
5.881564064606386e-05,0.9943382953496162,0.005395790686610563,0.00010911126603608369,9.798705709124751e-05,1,0.9943382953496162
7.738695690319586e-05,0.9992700114126597,0.0004156286710947994,0.0001307897736634174,0.000106183185679255,1,0.9992700114126597
1.7369239868545656e-05,3.7109769377940995e-05,0.00017209757673205866,0.9996958164694142,7.760694460727406e-05,3,0.9996958164694142
0.9992557592094712,0.0006272455063336741,4.446174681803569e-05,3.9151133572590046e-05,3.338240380436668e-05,0,0.9992557592094712
1.357458192844858e-05,0.000555888475711144,0.9993547386469889,4.167859505115528e-05,3.411970032025047e-05,2,0.9993547386469889
0.00013140214760599695,0.9991524413815234,0.0005244257008276061,0.0001020244435072726,8.970632653562414e-05,1,0.9991524413815234
0.0012918279682373759,0.9961234743510978,0.0018320149143576066,0.00038952854392688453,0.0003631542223804102,1,0.9961234743510978
9.361136505327394e-05,0.9787365653018862,0.020871509278966093,0.00014922176247839975,0.00014909229161618378,1,0.9787365653018862
6.945216116891787e-06,0.0002764061046770076,0.999680828769219,2.151156346340793e-05,1.4308346523559356e-05,2,0.999680828769219
8.412578050426707e-06,0.0001641398904801827,0.9997908570603969,2.2752091823566236e-05,1.383837924876418e-05,2,0.9997908570603969
0.00010054617671663378,0.9991372747440167,0.0005613256346843233,0.00011636887091174994,8.448457367050171e-05,1,0.9991372747440167
4.607605196617748e-06,9.756403234331572e-05,0.9998742225949279,1.4113303843767628e-05,9.492463688295446e-06,2,0.9998742225949279
0.00014377108475131098,0.9995544131975463,0.00013891173158635752,8.9909732874478e-05,7.299425324147674e-05,1,0.9995544131975463
9.539691364691086e-06,0.00033813314445010537,0.9996120457839238,1.955326217404095e-05,2.0728118087382028e-05,2,0.9996120457839238
2.6439822136676326e-05,5.3668407915871845e-05,0.0002577013845548417,0.9995206701733782,0.00014152021201454214,3,0.9995206701733782
1.4054747803200456e-05,2.89179009015882e-05,0.00014810772724996906,0.9997537650032414,5.5154620803786335e-05,3,0.9997537650032414
1.2858934787376779e-05,3.30010417959374e-05,0.00011762499603065665,0.00023400873499209332,0.999602506292394,4,0.999602506292394
1.0626402263768797e-05,0.0011326066172507078,0.9988228897366187,1.8056532382612758e-05,1.582071148425808e-05,2,0.9988228897366187
0.9993980867891294,0.00044012257221224453,0.00010572065872178254,2.9037324243854663e-05,2.7032655692710727e-05,0,0.9993980867891294
1.698070691123292e-05,3.840934694886622e-05,0.00018297124282161924,0.9996113417086654,0.00015029699465297146,3,0.9996113417086654
5.1869413112675024e-05,0.9992056162104377,0.0005620453238716042,0.00010197245703703695,7.849659554104175e-05,1,0.9992056162104377
0.9992394840989061,0.000577298512739638,0.00012065602716405795,3.6055950504720037e-05,2.6505410685625343e-05,0,0.9992394840989061
7.792060217746157e-06,1.8044532194427672e-05,8.538752681619034e-05,7.894253845633439e-05,0.9998098333423152,4,0.9998098333423152
1.4115651841422833e-05,2.9176350247415326e-05,0.0001234412219260199,0.9997496152928781,8.365148310705777e-05,3,0.9997496152928781
0.9998318164352161,0.00014249373333261072,9.47578632164078e-06,8.501501613941916e-06,7.712543515698395e-06,0,0.9998318164352161
9.425393417914223e-05,0.9993133775438207,0.00045585037997077977,7.217235810743861e-05,6.434578392199335e-05,1,0.9993133775438207
0.9996523406341569,0.0003094331854919797,1.610793400658137e-05,1.1358450979128357e-05,1.0759795365386515e-05,0,0.9996523406341569
1.2323459871754047e-05,2.711057251852118e-05,0.00012763198095989191,0.9997691468036483,6.378718300150614e-05,3,0.9997691468036483
1.5627142111088584e-05,4.207968765099729e-05,0.00012239156192855755,0.0013445725216157222,0.9984753290866937,4,0.9984753290866937
0.9995264214053149,0.0004361304234914698,1.8210862087621352e-05,1.1487243382199514e-05,7.750065723650049e-06,0,0.9995264214053149
0.00010713067103063214,0.9996200902831788,0.00011601234357000194,9.029527833256495e-05,6.647142388796423e-05,1,0.9996200902831788
2.7659535692106844e-05,6.036637583239917e-05,0.99900527975264,0.000794473894734511,0.00011222044110117767,2,0.99900527975264
4.968184248886635e-05,0.9996440790939756,0.000161758124320978,8.319912160557174e-05,6.128181760883167e-05,1,0.9996440790939756
0.9990613776590438,0.0007150290925758307,0.0001465359333241392,4.0594654829638936e-05,3.6462660226546595e-05,0,0.9990613776590438
8.023309043339233e-06,0.00013011803333335103,0.9998280733577123,1.8382359155606434e-05,1.5402940755351308e-05,2,0.9998280733577123
1.3558745782284142e-05,2.6395288417557924e-05,0.0001406636478195518,0.9997314871639273,8.78951540531241e-05,3,0.9997314871639273
3.767444669301404e-05,0.9941975325354898,0.005633915915115754,6.919013827625849e-05,6.168696442520844e-05,1,0.9941975325354898
4.749246537302031e-06,9.22773128097895e-05,0.9998819254848939,1.1270298678578491e-05,9.777657080412014e-06,2,0.9998819254848939
0.0006100573727035744,0.9986252623902794,0.0004583053987799752,0.00017570358222893646,0.00013067125600831718,1,0.9986252623902794
0.003255312556821789,0.9931386342898154,0.0018637651388083067,0.0009016692606638427,0.0008406187538907532,1,0.9931386342898154
5.913736612253448e-06,0.0007698276364074317,0.9992029843622369,1.080863874447798e-05,1.0465625998857942e-05,2,0.9992029843622369
0.9997523954140567,0.00021542412702044172,1.4819921612272822e-05,1.0230303009776843e-05,7.13023430068662e-06,0,0.9997523954140567
9.093803581221935e-05,0.9996461629934179,0.0001269472417258101,7.6952041298085e-05,5.8999687745961135e-05,1,0.9996461629934179
0.9993877943735265,0.000571819841528125,1.722111527105194e-05,1.2508124352728165e-05,1.0656545321499939e-05,0,0.9993877943735265
5.309092578176589e-06,0.000196163676809324,0.9997771494708672,1.1063422731006174e-05,1.031433701428165e-05,2,0.9997771494708672
2.6269039415581234e-05,0.0024208444633827026,0.997413615007376,8.065490797107566e-05,5.8616581854497176e-05,2,0.997413615007376
2.352786678996912e-05,6.952048619912671e-05,0.00019110217009989648,0.9995680053205211,0.0001478441563898004,3,0.9995680053205211
0.9998672096518674,9.577905916708396e-05,1.5075487677948004e-05,8.190609802296936e-06,1.3745191485198825e-05,0,0.9998672096518674
9.685931269254631e-06,0.00017112712547524988,0.9997762321534294,2.260838380365434e-05,2.034640602230223e-05,2,0.9997762321534294
1.7106841877219625e-05,3.883242889075054e-05,0.0002015012787123711,0.0002624941893452604,0.9994800652611744,4,0.9994800652611744
0.00015334691439936748,0.9993968265470631,0.0002792260022728399,0.000100285962192123,7.031457407252692e-05,1,0.9993968265470631
6.180951614683436e-06,0.00014046298418570957,0.9998232752867051,1.7355553641582668e-05,1.272522385273474e-05,2,0.9998232752867051
7.135383442438965e-06,0.00010825979355431739,0.9998420027672023,1.6756446802001742e-05,2.5845608998952566e-05,2,0.9998420027672023
3.378293781809318e-05,6.589724752154984e-05,0.99874254762181,0.0010134793606598825,0.0001442928321904555,2,0.99874254762181
0.99932034357646,0.0004146091007089921,0.00017834700837974103,4.583541827906422e-05,4.086489617213813e-05,0,0.99932034357646
9.947310635085538e-05,0.9995944694144496,0.00016240358402710897,7.279153556212481e-05,7.086235961031523e-05,1,0.9995944694144496
7.278792152105737e-05,0.9996834533861505,0.00013833209242266332,5.573534923146375e-05,4.969125067419643e-05,1,0.9996834533861505
0.0003374745576090473,0.997623324032344,0.001355033051257754,0.00031084406028646214,0.00037332429850289706,1,0.997623324032344
0.9994660528981206,0.0003939348502196978,7.17338055720431e-05,3.602100893218467e-05,3.225743715537965e-05,0,0.9994660528981206
8.384288440411211e-05,0.9996049847522619,0.0001910925622711635,6.284148872876762e-05,5.7238312334102324e-05,1,0.9996049847522619
1.4505557904688931e-05,3.33991746579014e-05,0.00011627141298769206,0.0012806166099106713,0.998555207244539,4,0.998555207244539
8.505377225909893e-06,0.00019887907947105499,0.9997504968632632,2.0818521709232994e-05,2.130015833056259e-05,2,0.9997504968632632
8.105402856576868e-06,2.386394166924957e-05,7.446631901942535e-05,7.688659226251793e-05,0.9998166777441924,4,0.9998166777441924
2.122046373011672e-05,4.4593593661281224e-05,0.00022659738364617306,0.9996123412718528,9.524728710948009e-05,3,0.9996123412718528
6.016073513720792e-06,0.0004235697225125412,0.999543409155594,1.5735407906014434e-05,1.1269640473617269e-05,2,0.999543409155594
0.0002138387513194765,0.9992273515235389,0.000310373723485119,0.0001456984078606902,0.00010273759379565207,1,0.9992273515235389
5.531850236573696e-06,0.0004325234388494907,0.9995394284012474,1.1903583951253334e-05,1.0612725715355434e-05,2,0.9995394284012474
5.298220408439605e-06,6.962621233625183e-05,0.99990214030143,1.2763879603326838e-05,1.0171386222214364e-05,2,0.99990214030143
1.1340669644414794e-05,0.00022986664498991088,0.9997166944347066,2.3174655842652256e-05,1.892359481659021e-05,2,0.9997166944347066
0.0003891842910609422,0.9987762576214765,0.0005122374499487698,0.00015594809640721825,0.0001663725411066324,1,0.9987762576214765
0.9998142509235065,0.00015425316987348418,1.1004198617420332e-05,7.956906901443525e-06,1.25348011009819e-05,0,0.9998142509235065
1.826553001354255e-05,3.87577049736807e-05,0.00022065811568251634,0.9996509912364587,7.132741287152876e-05,3,0.9996509912364587
0.996612218764538,0.00335899254371401,1.3465341751998588e-05,7.930143321046747e-06,7.393206675145463e-06,0,0.996612218764538
2.53819532420782e-05,6.245098268539203e-05,0.9992476753417935,0.0005272981575542551,0.00013719356472473155,2,0.9992476753417935
1.315368542264944e-05,0.0017587912796802737,0.9981701126896118,2.712684539438414e-05,3.0815499890973283e-05,2,0.9981701126896118
4.1628207043157755e-06,7.127653553243124e-05,0.9999033942379684,1.2139494967941693e-05,9.026910826864212e-06,2,0.9999033942379684
3.6553365760208943e-06,4.918072643178007e-05,0.9999318932769629,7.965245947673027e-06,7.305414081502377e-06,2,0.9999318932769629
9.858760324281243e-05,0.9996192503000487,0.00012261790217389613,9.361632798796469e-05,6.592786654673516e-05,1,0.9996192503000487
5.842086239435914e-05,0.9996257065461411,0.00021554716718530985,5.2945205899084677e-05,4.7380218380178595e-05,1,0.9996257065461411
7.408256298356192e-06,6.774637450285628e-05,0.9997335492759575,2.071004793411619e-05,0.00017058604530721205,2,0.9997335492759575
2.5733471764168887e-05,7.591579857490967e-05,0.0002799091485114555,0.9994480568538535,0.00017038472729581107,3,0.9994480568538535
8.178593258510075e-06,6.877152171498776e-05,0.9997171120002222,2.1864338840993488e-05,0.00018407354596336665,2,0.9997171120002222
3.126662777213507e-05,7.620220431436801e-05,0.001175298016905726,0.9985715878497412,0.00014564530126656868,3,0.9985715878497412
0.9999067982130245,7.121787569714936e-05,8.567246247040716e-06,7.04810668400667e-06,6.368558347334867e-06,0,0.9999067982130245
1.71510697470121e-05,4.60812025067908e-05,0.00015192263983421087,0.9996951272250929,8.971786281920785e-05,3,0.9996951272250929
8.90204524521766e-06,2.115625939169537e-05,0.00011389320422976944,0.0001038491356040021,0.9997521993555294,4,0.9997521993555294
9.469154468311477e-05,0.9782142749232275,0.021399134913503835,0.00016296413310028219,0.00012893448548510934,1,0.9782142749232275
7.441643148920812e-06,0.0005675346584662764,0.999394713468003,1.6023956735089697e-05,1.4286273646713254e-05,2,0.999394713468003
0.9997586059273684,0.00021459971865900212,1.1667152976921702e-05,8.099982503866171e-06,7.0272184916158655e-06,0,0.9997586059273684
8.783714111651526e-06,0.0006007684585608243,0.9993595477603063,1.8014580508875894e-05,1.2885486512290049e-05,2,0.9993595477603063
0.9991524902187205,0.0006565415766186939,0.00012391769527346524,3.560439606325097e-05,3.144611332394879e-05,0,0.9991524902187205
1.0915190721113398e-05,2.91225247873036e-05,0.00011562391112317136,0.00015246087868842867,0.99969187749468,4,0.99969187749468
0.9997515227419747,0.00021200920173201584,1.3030958974622487e-05,9.914700054726494e-06,1.3522397264133965e-05,0,0.9997515227419747
1.8710445661845774e-05,4.3796403879687634e-05,0.00020548334006221966,0.9996240744674628,0.0001079353429334778,3,0.9996240744674628
9.287949011325116e-05,0.9836897378013125,0.015932615682663794,0.00016550695946875065,0.00011926006644154735,1,0.9836897378013125
5.522285816334822e-06,0.00046680106322566324,0.9995048705770594,1.2211697300486189e-05,1.0594376598101574e-05,2,0.9995048705770594
8.78649927900061e-05,0.9996724057695012,0.00011026478793591358,6.844331817214755e-05,6.1021131600733096e-05,1,0.9996724057695012
1.558624107609562e-05,2.9612893936722257e-05,0.00015163942902997072,0.9997432907970252,5.987063893195176e-05,3,0.9997432907970252
0.00024875814730623526,0.9995253020585378,0.00012985157474980984,4.399212957424637e-05,5.209608983200049e-05,1,0.9995253020585378
6.5164384307070445e-06,0.00015422116484869542,0.9998099992515355,1.5612607789082347e-05,1.365053739616293e-05,2,0.9998099992515355
0.00013444933830081073,0.9994801137604304,0.0001939805855731106,0.00010678550445856347,8.46708112371429e-05,1,0.9994801137604304
0.9995448535546338,0.00033205596300193974,7.120855536650138e-05,2.7203223043887793e-05,2.4678703953801094e-05,0,0.9995448535546338
1.1474894803175027e-05,0.0027857960972284806,0.997159325592019,2.3240711213025594e-05,2.016270473627874e-05,2,0.997159325592019
4.0724150588739664e-06,9.56841433570342e-05,0.9998814754064209,1.0378155731147187e-05,8.389879432032363e-06,2,0.9998814754064209
0.0002177770891341174,0.9989999092712499,0.0004091563250755268,0.00017767773467910306,0.00019547957986103785,1,0.9989999092712499
0.9992224536655322,0.0005849899591210494,0.00012615321598972808,3.555611042351997e-05,3.084704893360384e-05,0,0.9992224536655322
2.8194595271845943e-05,7.062684684386249e-05,0.9987508170705077,0.0009778857245555952,0.00017247576282087909,2,0.9987508170705077
6.413261876546225e-06,0.00019064465348608852,0.9997680851258698,1.7454963996288027e-05,1.740199477142007e-05,2,0.9997680851258698
5.0948026846901635e-05,0.9998098219341544,6.530221440934723e-05,3.9069099088654445e-05,3.485872550064178e-05,1,0.9998098219341544
4.090644122419341e-06,5.903721516678378e-05,0.9999186090435448,1.0415291782005044e-05,7.847805384054696e-06,2,0.9999186090435448
2.071037295135624e-05,4.8890429731387466e-05,0.00023211885918897286,0.9995681306017239,0.00013014973640438273,3,0.9995681306017239
6.989457971096575e-05,0.9972055651899807,0.0024913460515537315,0.00012486571497809986,0.00010832846377681968,1,0.9972055651899807
5.754981528929258e-06,0.00020320488995548386,0.9997696810549694,1.2141364169699687e-05,9.21770937664184e-06,2,0.9997696810549694
7.887085400130105e-05,0.9990336106930755,0.0006847305982956757,0.00011192238001327293,9.086547461422523e-05,1,0.9990336106930755
0.9998549199241054,0.00011802583026869225,1.1453884427329272e-05,8.324107803687115e-06,7.276253394893531e-06,0,0.9998549199241054
8.105497837957474e-06,1.8779658006647394e-05,7.678378190262773e-05,6.793718623029087e-05,0.9998283938760225,4,0.9998283938760225
5.835265783955302e-05,0.9856957718442236,0.01403918164703232,0.00012566571635687964,8.102813454780688e-05,1,0.9856957718442236
0.0002785682961892666,0.9990575943635813,0.00030160325249909114,0.00016795311253637002,0.00019428097519408249,1,0.9990575943635813
0.9997832046234805,0.00018802894754554357,1.1098450715047613e-05,9.340441021204245e-06,8.327537237896983e-06,0,0.9997832046234805
8.255583774205127e-06,0.0002551184123719502,0.9997030623999621,1.8098789370755232e-05,1.546481452112092e-05,2,0.9997030623999621
5.306254246100817e-06,8.159466149464757e-05,0.9998882570140012,1.3910268681592751e-05,1.093180157643488e-05,2,0.9998882570140012
5.620889776771081e-06,0.000264509731175723,0.9997027727171208,1.61765751840366e-05,1.0920086742518076e-05,2,0.9997027727171208
2.120737172280777e-05,4.117422665122377e-05,0.0002018636953075458,0.001816544437267346,0.997919210269051,4,0.997919210269051
8.289311109668807e-06,2.3343630661186573e-05,8.297409656085595e-05,7.661569690998302e-05,0.9998087772647584,4,0.9998087772647584
7.643030265674698e-06,1.6491368586175838e-05,7.017834750020413e-05,8.175311311532674e-05,0.9998239341405326,4,0.9998239341405326
1.2593127049405069e-05,0.0005834933653703059,0.9993507285511279,3.1202463082282776e-05,2.1982493369955425e-05,2,0.9993507285511279
0.9997690359420225,0.00020066518092074994,1.198469235068063e-05,9.682067726794962e-06,8.632116979453982e-06,0,0.9997690359420225
0.00010851036674715255,0.00026535902163033804,0.0009931156941130825,0.9282900872805132,0.07034292763699601,3,0.9282900872805132
9.242858269318731e-06,0.0005471908546697509,0.999411005148181,1.715357189288593e-05,1.5407566987003338e-05,2,0.999411005148181
0.9997396970038016,0.00023285641624592914,1.2319665065157956e-05,8.0998293049348e-06,7.027085582395023e-06,0,0.9997396970038016
6.492422967584537e-06,6.62714098365362e-05,0.999895823740841,1.8036912039107494e-05,1.3375514315786198e-05,2,0.999895823740841
1.0396001746646691e-05,0.00022874234652851952,0.9997249162839149,1.9440359554062783e-05,1.650500825597155e-05,2,0.9997249162839149
0.9990691105779308,0.0006992956199752503,0.0001310030694511548,6.028646061277406e-05,4.030427202992248e-05,0,0.9990691105779308
1.1927629308840247e-05,0.00022682602008471822,0.9997108251995125,2.9925197728317568e-05,2.0495953365599586e-05,2,0.9997108251995125
0.001392999607774946,0.9969163229848252,0.0009724951677922187,0.0003624812313066664,0.00035570100830099177,1,0.9969163229848252
1.1891307008727363e-05,0.0014967855299679418,0.9984507845293182,2.360366012696174e-05,1.6934973578014693e-05,2,0.9984507845293182
2.810713267418362e-05,5.0145703880095006e-05,0.999141196393728,0.0006417107571070977,0.0001388400126105968,2,0.999141196393728
2.8445077049074084e-05,7.630749544282281e-05,0.0002427506564496862,0.9994977791820321,0.00015471758902646076,3,0.9994977791820321
0.00016527346158257751,0.9993457047140051,0.0002765700262914523,0.00011231582137436556,0.0001001359767463557,1,0.9993457047140051
1.82286609389802e-05,3.757735180418026e-05,0.0005981470442928456,0.9992484767172358,9.757022572824137e-05,3,0.9992484767172358
0.0001382957835544018,0.9994399142251459,0.0002486558479992036,9.152995495805549e-05,8.160418834248678e-05,1,0.9994399142251459
1.88866120900077e-05,4.427199138980205e-05,0.0001791397065526768,0.9996043627767933,0.00015333891317409958,3,0.9996043627767933
2.3707206620925886e-05,5.343187920261387e-05,0.00022951907560979183,0.9995423827290455,0.000150959109521065,3,0.9995423827290455
6.850862051356468e-06,7.369550236373669e-05,0.9998846816630977,2.0658011659278616e-05,1.411396082801525e-05,2,0.9998846816630977
0.9993228330458934,0.00044600435659892943,0.00013797512290850863,4.033104480220697e-05,5.2856429796822376e-05,0,0.9993228330458934
8.092897528307364e-05,0.9991425800506515,0.0006583332353656755,6.195358395914636e-05,5.6204154740710465e-05,1,0.9991425800506515
6.891646539092377e-06,0.00018590992674904,0.999780286156103,1.5568100893290088e-05,1.1344169715431177e-05,2,0.999780286156103
0.0001390046258255007,0.9988166246747638,0.0008236362672571895,0.0001282911341261995,9.244329802723982e-05,1,0.9988166246747638
7.549707335495931e-06,6.804448984143414e-05,0.9998970531280145,1.4695271225160423e-05,1.2657403583373009e-05,2,0.9998970531280145
0.00010618510175483321,0.9996437399535392,0.00011958072621064826,6.640166574995013e-05,6.40925527452691e-05,1,0.9996437399535392
0.0002510515400404428,0.9986739269443969,0.0006644121219475786,0.00023344785685890944,0.00017716153675601413,1,0.9986739269443969
8.65676705241725e-06,0.00018309636524528047,0.9997716212625538,2.1513755329490664e-05,1.5111849818998719e-05,2,0.9997716212625538
4.9146024403365796e-05,0.9947170369536147,0.005052832050687113,9.462977623610186e-05,8.635519505876724e-05,1,0.9947170369536147
5.648861219658419e-06,0.00011474990522050051,0.9998556400760102,1.374153713153182e-05,1.021962041799778e-05,2,0.9998556400760102
0.0005502956975683229,0.9126387983869647,0.08467522387344675,0.0012444891375948705,0.000891192904425332,1,0.9126387983869647
3.456532264363097e-05,9.204812244824482e-05,0.998961626309369,0.0008010099246960057,0.00011075032084328702,2,0.998961626309369
0.9969259503969787,0.003033477766411861,1.5729631984259075e-05,1.4167301817914992e-05,1.0674902807452379e-05,0,0.9969259503969787
8.243317216249554e-06,0.00010562656521848135,0.9998518686484776,1.8257436260566255e-05,1.600403282698011e-05,2,0.9998518686484776
2.7752944455736035e-05,7.771357976286889e-05,0.9991049065609865,0.0006656248721399464,0.00012400204265504235,2,0.9991049065609865
1.3766604072125783e-05,2.826859789685187e-05,0.0001513871891619132,0.999702161064432,0.00010441654443723515,3,0.999702161064432
0.0001349002966634393,0.9810602066858284,0.018287285042090592,0.00027642738826722234,0.00024118058715035169,1,0.9810602066858284
1.3195667857086926e-05,0.0005096126210400515,0.9994199406015032,3.102352573117919e-05,2.6227583868561773e-05,2,0.9994199406015032
1.5866488927368024e-05,4.6135322453358676e-05,0.00014735306528593326,0.9996837526253386,0.0001068924979946626,3,0.9996837526253386
9.994681197823223e-05,0.9995400162855428,0.00022058361444254984,7.372406695413706e-05,6.572922108239304e-05,1,0.9995400162855428
0.9993664664655836,0.0005114239825523849,6.460766137534922e-05,3.040985035770135e-05,2.7092040131137827e-05,0,0.9993664664655836
6.3583034930620295e-06,0.0001165696084792356,0.999849789527889,1.4183355139346802e-05,1.3099204999455727e-05,2,0.999849789527889
1.129244904978848e-05,0.00022160196089839436,0.9997023362397384,3.538313411506923e-05,2.9386216198335143e-05,2,0.9997023362397384
7.547070521079959e-06,0.00028444551154041065,0.9996830372052914,1.3370502951647317e-05,1.1599709695567091e-05,2,0.9996830372052914
4.187610676219178e-06,7.25422729350002e-05,0.9999054124488792,9.818401066725785e-06,8.039266442793752e-06,2,0.9999054124488792
8.12776721107931e-06,2.265007814334885e-05,7.831466109591755e-05,9.327698791179305e-05,0.9997976305056379,4,0.9997976305056379
6.708791140325202e-06,0.00035469295885517916,0.9996137590542636,1.331887251733554e-05,1.152032322355796e-05,2,0.9996137590542636
7.641513950167474e-06,1.8586427946399273e-05,6.344192929788512e-05,0.00028475298584203153,0.9996255771429635,4,0.9996255771429635
1.2980258872518216e-05,0.005728548258187185,0.9942148399576913,2.3589241580459834e-05,2.004228366825095e-05,2,0.9942148399576913
9.291844487465503e-06,0.0003292160264568912,0.9996271212180042,1.84041831823606e-05,1.5966727868910803e-05,2,0.9996271212180042
1.3953102353979254e-05,0.005038616378736529,0.9948982168191592,2.6351874814622712e-05,2.2861824935754503e-05,2,0.9948982168191592
0.9997486809523981,0.0001957893631365788,2.3393919650056067e-05,1.3627529211684537e-05,1.8508235603417197e-05,0,0.9997486809523981
1.185710617161557e-05,2.2228951924141937e-05,0.00012490771601268822,0.9997892974910554,5.1708734836154044e-05,3,0.9997892974910554
0.00017309399688232872,0.9993450053887925,0.00023408724267227554,0.0001339794897717371,0.00011383388188101032,1,0.9993450053887925
2.9193287825471983e-05,6.303991199879608e-05,0.9990567497718756,0.0006994723368937228,0.00015154469140628624,2,0.9990567497718756
0.9994540972159237,0.00042626343083497975,7.105865947267831e-05,2.5796765420278146e-05,2.2783928348518696e-05,0,0.9994540972159237
7.643195779853378e-06,1.9562146793177443e-05,6.468045679760576e-05,6.25283026742969e-05,0.999845585897955,4,0.999845585897955
0.0008225175487624568,0.9983107491674698,0.0004903972394496371,0.00022868172761834709,0.00014765431669983657,1,0.9983107491674698
8.402951318250827e-06,0.00038180140114348174,0.9995684552250533,2.402888930012569e-05,1.7311533184649187e-05,2,0.9995684552250533
1.2563428500345192e-05,2.54915288137857e-05,0.0001672869280253116,0.99973845255948,5.6205555180758186e-05,3,0.99973845255948
0.00010589714707525186,0.9903869351029329,0.009178570025453792,0.00017371810292823273,0.00015487962160968348,1,0.9903869351029329
7.66023495484006e-06,5.5823962190567196e-05,0.9997406876153795,2.342120176479126e-05,0.00017240698571025566,2,0.9997406876153795
7.871652060139358e-06,0.00015174489033721066,0.9998111365910545,1.5729680793302047e-05,1.3517185755136729e-05,2,0.9998111365910545
8.405399925968188e-06,1.9070996805842355e-05,9.15865179669877e-05,8.913112873666081e-05,0.9997918059565645,4,0.9997918059565645
5.13592335706956e-06,4.050120974634915e-05,0.9999246157364757,1.5860609634472343e-05,1.3886520786510623e-05,2,0.9999246157364757
3.17637798758672e-05,0.0042507258883664086,0.9955879565824766,6.67325100199944e-05,6.282123926110312e-05,2,0.9955879565824766
6.130475411826906e-05,0.9998028215492928,4.984202089922994e-05,4.754098313496366e-05,3.849069255465269e-05,1,0.9998028215492928
9.949949624351283e-05,0.9994943048349418,0.00022795597189136893,9.42290822602633e-05,8.401061466303562e-05,1,0.9994943048349418
4.698128250225599e-06,0.000248930505006202,0.9997223095661759,1.438284373098025e-05,9.678956836613991e-06,2,0.9997223095661759
7.89749281191963e-06,4.731752386903342e-05,0.9997445883935664,2.2449700995580764e-05,0.0001777468887571352,2,0.9997445883935664
6.916730513640551e-06,3.5312100530675124e-05,0.9999228499486691,1.6662298734380854e-05,1.8258921552083152e-05,2,0.9999228499486691
5.879612832712704e-05,0.9990347120137706,0.0007564526671599299,8.0451592513303e-05,6.958759822927122e-05,1,0.9990347120137706
4.2209252466941105e-06,0.00018379231078830203,0.9997937561671093,9.540637448520108e-06,8.689959407260786e-06,2,0.9997937561671093
0.9992135889885946,0.0006746454148318446,3.7738152421013606e-05,4.12818205314816e-05,3.2745623621174556e-05,0,0.9992135889885946
6.804168501873978e-06,0.00013569731384002046,0.9998349430121183,1.1924305435942253e-05,1.0631200103768117e-05,2,0.9998349430121183
0.999753941614041,0.0002097305435512478,1.5214502093949119e-05,1.165981990447109e-05,9.4535204096057e-06,0,0.999753941614041
0.998372020549222,0.0012684378290137935,0.00023733714284959525,6.024913016166922e-05,6.195534875290806e-05,0,0.998372020549222
1.5441746703102582e-05,3.284179147027148e-05,0.00016018297470436437,0.9996906875684235,0.00010084591869886633,3,0.9996906875684235
3.4477455407495726e-05,8.103283881631455e-05,0.9986518219819416,0.0010524985699461888,0.00018016915388841575,2,0.9986518219819416
7.60724191208812e-06,0.0001258906026730538,0.9998321014696822,1.872845155941654e-05,1.5672234173097775e-05,2,0.9998321014696822
1.1039956991061202e-05,0.004488403235265006,0.9954601037186107,2.3330869395839583e-05,1.7122219737525694e-05,2,0.9954601037186107
9.581507658128444e-06,2.468136464441664e-05,8.03052878461927e-05,0.00011991993017457166,0.9997655119096767,4,0.9997655119096767
9.272330890493743e-06,2.3870709426930033e-05,7.430286848185903e-05,0.0001060031105397145,0.999786550980661,4,0.999786550980661
2.1766531587559847e-05,5.001026073072954e-05,0.0008802699997650119,0.9989505753311528,9.73778767638704e-05,3,0.9989505753311528
6.310941282551934e-06,0.00017663629478051877,0.999788534573941,1.5516559342618763e-05,1.3001630653503842e-05,2,0.999788534573941
5.7860381466261075e-06,7.733764920139969e-05,0.9998881074668724,1.6848606379169044e-05,1.1920239400341386e-05,2,0.9998881074668724
8.498310529661093e-05,0.9996484944830881,0.00013713562166142729,6.775853173623528e-05,6.162825821762014e-05,1,0.9996484944830881
0.00022166359198139797,0.9888177855315002,0.010413307643396976,0.0002518666661477076,0.00029537656697343307,1,0.9888177855315002
8.426275255576531e-06,0.00017637882124614207,0.9997800866166968,1.8931741955765658e-05,1.6176544845630268e-05,2,0.9997800866166968
2.0084373782816723e-05,3.5771612275847116e-05,0.00019076085447889007,0.9996393736674183,0.00011400949204416,3,0.9996393736674183
1.4225612132736101e-05,3.571357618793018e-05,0.00010737885804395849,0.0013725516940852026,0.9984701302595502,4,0.9984701302595502
9.242381070567385e-06,0.0003467515424002667,0.9996081704573672,1.9702169558277363e-05,1.6133449603841437e-05,2,0.9996081704573672
5.516272948433148e-05,0.000105586308664386,0.0005577081903167106,0.06746935520181283,0.9318121875697218,4,0.9318121875697218
1.5448523572655332e-05,4.260811793777575e-05,0.00017680282160057581,0.9996844110460372,8.072949085173582e-05,3,0.9996844110460372
1.012844709692632e-05,2.352874975782102e-05,8.54807148043178e-05,0.00011239327402164041,0.9997684688143194,4,0.9997684688143194
4.343807930053797e-06,4.7236837166426886e-05,0.9999260668189505,1.3403540263366527e-05,8.948995689828884e-06,2,0.9999260668189505
6.967333285736598e-06,9.371417269206294e-05,0.9998669521308076,1.8012451497772816e-05,1.4353911717014139e-05,2,0.9998669521308076
5.338957939781893e-05,0.9975854744712017,0.0021821220711436126,9.621028482951345e-05,8.280359342737415e-05,1,0.9975854744712017
0.9998356080326457,0.00013561529327871006,1.386634673358795e-05,7.882567609243939e-06,7.027759732886398e-06,0,0.9998356080326457
1.5152301287595246e-05,0.0005065942709950769,0.9994160482514328,3.616807766827648e-05,2.6037098616226474e-05,2,0.9994160482514328
0.9995959737658279,0.0003319418721565248,2.99126613853232e-05,2.2294700430686108e-05,1.9877000199757135e-05,0,0.9995959737658279
0.0001412959245255334,0.999511144901639,0.000145531728856228,9.5638521981226e-05,0.00010638892299835236,1,0.999511144901639
8.953510609541542e-06,1.985449838430732e-05,8.854685914406769e-05,0.00010210352162034633,0.9997805416102418,4,0.9997805416102418
0.999874604446423,9.94380787871142e-05,1.0487476573478861e-05,8.543290187335354e-06,6.926708029185688e-06,0,0.999874604446423
1.638954674071806e-05,4.364807528791401e-05,0.000480144684068688,0.9993830994917248,7.671820217788753e-05,3,0.9993830994917248
1.4436320303551229e-05,2.767163709000971e-05,0.00015413850069821413,0.9997309785988717,7.277494303650269e-05,3,0.9997309785988717
0.0001902042694473905,0.9988777893272626,0.0006018314275885109,0.00013435047993472118,0.0001958244957665951,1,0.9988777893272626
2.092944751236695e-05,5.284082592647818e-05,0.00019538361333468882,0.9996333531660978,9.749294712870041e-05,3,0.9996333531660978
4.798215371360605e-06,0.0002633796332132916,0.9997105571730518,1.1386505192906005e-05,9.87847317056267e-06,2,0.9997105571730518
6.888803224412218e-06,0.00026034195006830537,0.9997022791731407,1.8464503381904903e-05,1.202557018452781e-05,2,0.9997022791731407
2.240551844964357e-05,4.6833379963788396e-05,0.9990020759718405,0.0008008790320606598,0.00012780609768551726,2,0.9990020759718405
5.373445445651252e-06,0.00010511178419117272,0.9998634129080641,1.5619838585703892e-05,1.0482023713346025e-05,2,0.9998634129080641
5.586296536478166e-06,9.106090337277913e-05,0.9998811863904385,1.3597606920254834e-05,8.568802732077107e-06,2,0.9998811863904385
1.2518104963312152e-05,2.5358665346511454e-05,0.00011957188073205433,0.999748228874912,9.432247404606405e-05,3,0.999748228874912
0.9994076882654283,0.0005519761157774803,1.5909374111695087e-05,1.218692263347945e-05,1.2239322049253543e-05,0,0.9994076882654283
1.1496944758199917e-05,0.000602009069415058,0.9993386136722381,2.8124431048135218e-05,1.975588254040501e-05,2,0.9993386136722381
6.486684234351902e-05,0.9997835961981127,6.589547562164656e-05,4.527565167962177e-05,4.0365832242415144e-05,1,0.9997835961981127
5.7028759766763805e-06,8.576451078900323e-05,0.9998849941321898,1.3583147283725072e-05,9.95533376075361e-06,2,0.9998849941321898
7.035814966309848e-06,0.00013111017623429366,0.9998290576301807,1.853993586014889e-05,1.4256442758710783e-05,2,0.9998290576301807
5.3503940348163354e-06,0.00014068496355064067,0.9998299846498182,1.2964704653974558e-05,1.1015287942334353e-05,2,0.9998299846498182
0.0003103289359205339,0.9805793101132434,0.018673943188074634,0.00022209406282714734,0.00021432369993411185,1,0.9805793101132434
0.9993183929147496,0.00051973177827795,9.424539002877505e-05,3.594720160411095e-05,3.168271533970737e-05,0,0.9993183929147496
5.865433055457909e-05,0.9895794402882566,0.010155026900708727,0.00011077476083080312,9.610371964914615e-05,1,0.9895794402882566
0.00017051687397051042,0.994198904829637,0.005378771360611801,0.0001459298357833901,0.00010587709999756056,1,0.994198904829637
7.519186707215601e-05,0.999692116653466,0.00014025587570260965,4.8466710698101755e-05,4.396889306106396e-05,1,0.999692116653466
3.192906614842307e-05,6.492394431277182e-05,0.9989738017914168,0.0007786460276520278,0.00015069917047029016,2,0.9989738017914168
0.00011564238898212239,0.9996196773396284,0.00012095089200087976,7.87170685469426e-05,6.501231084179061e-05,1,0.9996196773396284
0.999558992655139,0.0002847638471642062,9.765886682209355e-05,3.2692027906049214e-05,2.5892602968636625e-05,0,0.999558992655139
0.00014445725160512466,0.9992548548557355,0.0003721641788927649,0.00010662849634941737,0.00012189521741691398,1,0.9992548548557355
8.276239812100242e-06,1.8621918360159342e-05,9.067844473865465e-05,8.7556071047468e-05,0.9997948673260416,4,0.9997948673260416
6.425895468528155e-05,0.9997140252542313,0.00012523617800984445,5.185257782502706e-05,4.462703524881081e-05,1,0.9997140252542313
2.2462352565698773e-05,0.00774217891659009,0.9921550450124685,4.2891362704985166e-05,3.742235567073017e-05,2,0.9921550450124685
1.5058690640231396e-05,3.069628081048441e-05,0.00012506312999573362,0.0003146637587078472,0.9995145181398456,4,0.9995145181398456
5.285228723919717e-06,5.476639412897553e-05,0.9999193794991387,1.1493093424292924e-05,9.075784584201046e-06,2,0.9999193794991387
0.9992995587375475,0.0005274814062058375,0.00010831557459461079,3.417516657951373e-05,3.046911507242094e-05,0,0.9992995587375475
0.0003306942867052382,0.9984848566471061,0.0007112712079178427,0.00022722571431935573,0.0002459521439514196,1,0.9984848566471061
5.577980720342174e-05,0.9995478485523429,0.00023632293439214744,9.319513353468088e-05,6.685357252678105e-05,1,0.9995478485523429
0.9992996349096063,0.0005795068810220136,5.500013110850723e-05,3.7997801428146335e-05,2.786027683533081e-05,0,0.9992996349096063
0.9995362092668101,0.00027552371489368154,0.00011654715740964038,3.889008790613898e-05,3.282977298048864e-05,0,0.9995362092668101
1.0916095874617436e-05,2.610102314872158e-05,0.00011190546147476643,0.00021999753358091544,0.9996310798859209,4,0.9996310798859209
0.9997657844746641,0.00020847657243702918,9.914181323737145e-06,8.473502330300532e-06,7.351269244818313e-06,0,0.9997657844746641
0.0004838722379329487,0.9469617559609594,0.05126677007165181,0.0006908064508323309,0.0005967952786235046,1,0.9469617559609594
3.1419813743561695e-05,7.383669167708127e-05,0.001138853274745492,0.9985860610420177,0.0001698291778160018,3,0.9985860610420177
3.553844510679575e-06,0.00015833241449746588,0.999821253897479,8.117675896883293e-06,8.742167615787585e-06,2,0.999821253897479
7.566264293707338e-06,1.9030262241045e-05,7.674621780369024e-05,8.71009624384594e-05,0.9998095562932231,4,0.9998095562932231
0.9993015877162031,0.000523430348896627,0.00010697229267615594,3.602572906594098e-05,3.1983913158103734e-05,0,0.9993015877162031
8.251488837556625e-06,6.724325241055633e-05,0.9997264456371863,2.2618613882990708e-05,0.00017544100768244458,2,0.9997264456371863
0.0002018743217800517,0.9843386037299361,0.01487765762380237,0.0003336233959266225,0.0002482409285549385,1,0.9843386037299361
1.042699872678913e-05,2.1097820213036045e-05,0.0001269652430685914,0.9997909145436719,5.0595394319620324e-05,3,0.9997909145436719
8.148381958668603e-06,2.3201687828833936e-05,9.574604214523778e-05,8.386069359587499e-05,0.9997890431944714,4,0.9997890431944714
1.5063907801163242e-05,3.208037930769065e-05,0.00019847898131329547,0.00018401738668383168,0.9995703593448941,4,0.9995703593448941
7.743394043510039e-05,0.9988157784783296,0.0009876399074075853,6.30318866731005e-05,5.611578715472873e-05,1,0.9988157784783296
0.0012051648769294187,0.9978895896034514,0.000519342563732821,0.00021599156326254887,0.0001699113926235697,1,0.9978895896034514
1.0055860443777688e-05,0.00041296914343242296,0.99953280188081,2.345630342501521e-05,2.0716811889003756e-05,2,0.99953280188081
5.3168420262057505e-05,0.9839756754056717,0.015777423727330892,0.00010530106634688071,8.84313803883371e-05,1,0.9839756754056717
8.778233539001313e-05,0.999357529622132,0.00042547227577439126,7.455296562036368e-05,5.466280108352984e-05,1,0.999357529622132
0.9993643509302876,0.0005750847958277501,2.2919499871316234e-05,1.6245281533798215e-05,2.139949247952526e-05,0,0.9993643509302876
7.291068727302945e-06,1.789885320060964e-05,7.555295743673573e-05,7.156331596703864e-05,0.9998276938046684,4,0.9998276938046684
5.856950593643536e-06,0.00011059493328244834,0.9998500421767272,1.6456909731372282e-05,1.7049029665067954e-05,2,0.9998500421767272
0.020052994387605164,0.9790073561579034,0.0004391922260905596,0.00027229548172526084,0.00022816174667574497,1,0.9790073561579034
5.578787507626516e-05,0.9997987005058184,7.165069686888044e-05,3.9121341606610383e-05,3.473958062995022e-05,1,0.9997987005058184
2.957634149763242e-05,0.9997070152409966,0.0001574425938407745,5.674026000921538e-05,4.9225563655913506e-05,1,0.9997070152409966
0.0003220931925301705,0.15655744690791853,0.8420007850227746,0.000591932874043997,0.0005277420027326761,2,0.8420007850227746
4.535693391680538e-05,0.9998251111560896,6.0957629603795395e-05,3.7074460658917503e-05,3.149981973091269e-05,1,0.9998251111560896
1.3680290107536075e-05,2.7724164204328632e-05,0.00014912279466964504,0.0011541596089750415,0.9986553131420435,4,0.9986553131420435
7.962069154583618e-06,1.896928576390776e-05,9.090075210036495e-05,7.115288113757805e-05,0.9998110150118436,4,0.9998110150118436
1.3887571091120851e-05,3.107828214815877e-05,0.00010643112143076273,0.9997810123872785,6.759063805165946e-05,3,0.9997810123872785
1.1489679498151046e-05,0.004739333017648934,0.9952092363609932,2.1115376434253154e-05,1.8825565425580407e-05,2,0.9952092363609932
1.5322592646451652e-05,0.00039859047468157393,0.9995323473130254,2.7830485443116894e-05,2.5909134203507013e-05,2,0.9995323473130254
1.4974426531028627e-05,3.845309309695851e-05,0.00014623312932779745,0.005441592383147693,0.9943587469678965,4,0.9943587469678965
1.273281129487032e-05,2.3494708803335306e-05,0.00011990024824262856,0.9997817739136861,6.209831797329006e-05,3,0.9997817739136861
0.9996733044540178,0.00023627930034829232,3.759257392583869e-05,2.3149816911533497e-05,2.9673854796597758e-05,0,0.9996733044540178
1.613924702535754e-05,2.590383081320475e-05,0.00013572484228572906,0.9997324605306007,8.977154927489069e-05,3,0.9997324605306007
0.9994683109097965,0.0003705964941110986,9.986619294623792e-05,3.23682539756372e-05,2.8858149170463214e-05,0,0.9994683109097965
9.153752779067638e-06,0.0002759232269355132,0.9996707352269903,2.6614655954588278e-05,1.757313734065398e-05,2,0.9996707352269903
1.6440485409756713e-05,3.160192193870269e-05,0.0002147479596700119,0.9996411789999019,9.603063307955514e-05,3,0.9996411789999019
0.00026407606794066625,0.9984265687843912,0.0009000832701205428,0.00019653729163586535,0.00021273458591182368,1,0.9984265687843912
2.309793550328571e-05,0.005078030157207,0.9948072836535107,5.0320673046064335e-05,4.1267580732923274e-05,2,0.9948072836535107
4.466273863439184e-06,9.168447395947568e-05,0.9998837617010304,1.0892472744014447e-05,9.195078402630868e-06,2,0.9998837617010304
2.0652483276980542e-05,4.7987766280283326e-05,0.0002517895593600303,0.9995456895779082,0.00013388061317453002,3,0.9995456895779082
2.1919576403851334e-05,5.314038311269414e-05,0.00013114091141298043,0.9996891494024918,0.00010464972657877739,3,0.9996891494024918
1.3479691716797125e-05,2.9090225638046632e-05,0.00015560607421049935,0.9997218196402755,8.000436815907975e-05,3,0.9997218196402755
4.845584625425791e-06,6.377914427688029e-05,0.9999102038300585,1.1348161075569434e-05,9.823279963570466e-06,2,0.9999102038300585
8.896101412061148e-06,0.000612958934494653,0.9993371209934745,2.270884878288147e-05,1.831512183596109e-05,2,0.9993371209934745
1.0757831506035227e-05,0.00021997374214843476,0.9997098554713364,3.077418328788949e-05,2.863877172117662e-05,2,0.9997098554713364
7.001445793023514e-06,0.00011036144784825136,0.999850602868522,1.761004845415352e-05,1.442418938250845e-05,2,0.999850602868522
7.753615999215043e-06,1.8172180969783316e-05,7.861905426255154e-05,7.698421428029775e-05,0.9998184709344882,4,0.9998184709344882
5.6589521451430765e-06,9.66099829606203e-05,0.9998652626309174,1.599785690292698e-05,1.64705770740328e-05,2,0.9998652626309174
1.8545904328710823e-05,4.579998668813224e-05,0.00013794583093560024,0.9996797470373651,0.00011796124068245848,3,0.9996797470373651
6.28758007489513e-05,0.9997160040883557,9.8214310042351e-05,7.061619939888139e-05,5.2289601453882196e-05,1,0.9997160040883557
0.00012153905344867771,0.9992276720977886,0.0004018958067479862,0.00013327179867954057,0.0001156212433353728,1,0.9992276720977886
5.013561430122818e-06,0.00016346649734622383,0.999808697548314,1.2493589161515077e-05,1.032880374807589e-05,2,0.999808697548314
0.001869961817088168,0.9955479587943432,0.0015307204374367207,0.0006136037512902793,0.0004377551998416087,1,0.9955479587943432
8.158651709747278e-06,0.0002833866063631527,0.9996746661559024,1.9769090562465072e-05,1.4019495462121213e-05,2,0.9996746661559024
5.534467594559461e-06,0.00023950180290528464,0.999732369683521,1.1533073437324712e-05,1.1060972541939232e-05,2,0.999732369683521
7.1234380279029e-06,0.000100755729255428,0.999860304422727,1.6904423377948622e-05,1.4911986612100972e-05,2,0.999860304422727
1.9683911394530884e-05,0.0013127260716152838,0.9985875441738606,3.9682245959874664e-05,4.036359716965712e-05,2,0.9985875441738606
0.003348103663417451,0.9964909101735877,6.733370116772028e-05,4.306285687451436e-05,5.058960495256897e-05,1,0.9964909101735877
1.382137189449561e-05,3.20455469794175e-05,0.00016332355784357057,0.9997208929746205,6.991654866213768e-05,3,0.9997208929746205
1.4328977110131805e-05,0.00040997473587476847,0.9995232756164155,3.003230339544278e-05,2.2388367204334983e-05,2,0.9995232756164155
9.268879262930566e-05,0.9828256752940796,0.016810754384351513,0.0001296433924393381,0.0001412381365002224,1,0.9828256752940796
7.79208382098786e-06,1.8195472177307393e-05,8.116055602037577e-05,7.99899816542325e-05,0.999812861906327,4,0.999812861906327
1.631388090434851e-05,3.6402310914960154e-05,0.00019287554233027963,0.9996690697679833,8.533849786717937e-05,3,0.9996690697679833
6.2856968574262165e-06,0.00020080061438757868,0.9997689652062401,1.3730429040087478e-05,1.021805347456581e-05,2,0.9997689652062401
0.00023653926548407919,0.9915155990057779,0.00204151373960828,0.00019472351283657388,0.006011624476293328,1,0.9915155990057779
0.9994131008320112,0.000414909651701909,0.00010437369466215515,3.574611564050977e-05,3.1869705983983394e-05,0,0.9994131008320112
0.9998205292955255,0.0001517572718615369,1.1321551684692642e-05,9.364227182579962e-06,7.0276537457214034e-06,0,0.9998205292955255
0.9998494009122516,0.00012259222777235684,1.2131781654398173e-05,8.500439485671588e-06,7.374638835585302e-06,0,0.9998494009122516
0.001418710357415183,0.9972008188789867,0.0008596669003115574,0.00025629601266573585,0.0002645078506207486,1,0.9972008188789867
1.496443398829548e-05,0.0035244813816402523,0.9964072133257779,2.8838560932719006e-05,2.4502297660831666e-05,2,0.9964072133257779
2.0025173530469293e-05,5.138807824443212e-05,0.999252404470886,0.0005520554598064184,0.00012412681753283276,2,0.999252404470886
3.0030192676370073e-05,0.017572638612126292,0.9822934243154962,4.9457697250389415e-05,5.444918245075561e-05,2,0.9822934243154962
0.00012158239506039801,0.9996228131155593,0.0001215201694128253,7.080525925325914e-05,6.327906071398415e-05,1,0.9996228131155593
1.0994135401130446e-05,0.0005744706719913011,0.9993731978993793,2.2445417848585074e-05,1.889187537959858e-05,2,0.9993731978993793
9.035136338146046e-05,0.9996251321899966,0.00014204637118956232,8.27058981072258e-05,5.976417732516471e-05,1,0.9996251321899966
6.26966468816175e-05,0.9881606575446306,0.01160258422061176,9.142297664205375e-05,8.263861123383006e-05,1,0.9881606575446306
7.2910470634988654e-06,1.63056562268454e-05,7.247337303925596e-05,7.920688667433018e-05,0.9998247230369961,4,0.9998247230369961
5.961461655810483e-06,0.00018200141817078055,0.9997886042256636,1.31861621465377e-05,1.024673236340316e-05,2,0.9997886042256636
0.9996002554832025,0.0003079393235582352,3.318732343140602e-05,2.9799601074869887e-05,2.8818268733028564e-05,0,0.9996002554832025
7.975853151360807e-06,5.8723696348900925e-05,0.9998956340050235,2.2725637774884195e-05,1.4940807701435809e-05,2,0.9998956340050235
4.1412749073747755e-05,7.866787779552835e-05,0.0004424345274228618,0.04370518741828266,0.9557322974274252,4,0.9557322974274252
1.4200756431517426e-05,3.4411230226732785e-05,0.00013747141444479726,0.9997061210522603,0.0001077955466366471,3,0.9997061210522603
0.00013102146917432685,0.9980982016208823,0.0015501258887825433,0.00012821377362371908,9.24372475373166e-05,1,0.9980982016208823
8.794766516243958e-05,0.9995907120496349,0.00016666543809551077,6.984096437645929e-05,8.483388273077291e-05,1,0.9995907120496349
0.9994116202528416,0.0004325222849422883,9.075906239916781e-05,3.490601295187275e-05,3.0192386865170004e-05,0,0.9994116202528416
0.00011449238624491459,0.011903973995661413,0.9875911085169718,0.00020283206092163477,0.00018759304020023505,2,0.9875911085169718
0.0001696852485400355,0.9986217002987774,0.0009381752522410067,0.00014480886401859006,0.00012563033642302459,1,0.9986217002987774
8.791504565233253e-06,0.00021839628775355413,0.9997307811308037,2.515337426904625e-05,1.6877702608390364e-05,2,0.9997307811308037
1.4021215946702518e-05,3.330288536050409e-05,0.00015033719431347534,0.9997351167692056,6.722193517364615e-05,3,0.9997351167692056
8.248312077344484e-06,1.755404049921927e-05,7.403022577977818e-05,9.306820581114455e-05,0.9998070992158326,4,0.9998070992158326
0.00011165695006711809,0.9996700722016986,0.00010013808504009318,6.194048856568321e-05,5.619227462864003e-05,1,0.9996700722016986
0.9992718440398838,0.0005287115961190433,0.00012687630767631552,3.386004279809303e-05,3.8708013522898326e-05,0,0.9992718440398838
1.781440845332446e-05,3.270245162834947e-05,0.00017558773947333236,0.9996649187097862,0.00010897669065879424,3,0.9996649187097862
1.5144201592359414e-05,0.00047788712009684526,0.9994195072013691,3.560460394025452e-05,5.185687300148837e-05,2,0.9994195072013691
8.147702910369403e-05,0.9996528635854093,0.00014385170175444258,6.52229125113557e-05,5.65847712211817e-05,1,0.9996528635854093
0.9988953561297966,0.0010579398594638084,1.750449343971566e-05,1.5379659919344505e-05,1.3819857380291668e-05,0,0.9988953561297966
1.4256597389903708e-05,3.580591285995306e-05,0.00013677821060358134,0.9997486315423574,6.452773678915924e-05,3,0.9997486315423574
9.901651455709162e-06,2.3622141215916143e-05,0.0001033665503749594,0.00013245541727405802,0.9997306542396794,4,0.9997306542396794
1.7977904291758053e-05,4.1728152827644404e-05,0.0005554897761637354,0.9992831555421368,0.00010164862458001501,3,0.9992831555421368
4.300296452995018e-06,5.80144383460742e-05,0.9999211680766316,8.732058835765833e-06,7.785129733517888e-06,2,0.9999211680766316
5.9027858484986044e-05,0.0027060676057633387,0.9966825886131004,0.00011018023583984477,0.0004421356868112409,2,0.9966825886131004
7.791866306787354e-06,1.684017886978533e-05,9.318536822326255e-05,9.72302228690545e-05,0.9997849523637312,4,0.9997849523637312
3.746820646197391e-05,7.385140109917905e-05,0.9988559507219528,0.000898269530086285,0.0001344601403997278,2,0.9988559507219528
0.00013646614151687414,0.9995119082832435,0.00016803089878645198,9.67926620399382e-05,8.680201441310983e-05,1,0.9995119082832435
0.0001547297139191748,0.9993140762070559,0.0003273069432938256,0.0001091730210154307,9.471411471555893e-05,1,0.9993140762070559
2.4236264206122112e-05,6.718106773902838e-05,0.9989376101900674,0.0008562190884917649,0.00011475338949550116,2,0.9989376101900674
0.00016332726876539807,0.9991283102305796,0.0004308252212893284,0.00013613928752065121,0.0001413979918450525,1,0.9991283102305796
2.830810216146748e-05,6.746369028895503e-05,0.9987805926527231,0.000950465432424126,0.00017317012240235734,2,0.9987805926527231
0.9996220415125563,0.0003329195927384003,1.9540989919637045e-05,1.2980118441239095e-05,1.251778634459884e-05,0,0.9996220415125563
0.00011680226543913181,0.9995176607566796,0.0002040919821487264,8.554786851268054e-05,7.58971272196988e-05,1,0.9995176607566796
0.00015404419201711495,0.9994189010206097,0.00020083929456086633,0.00010010780529505409,0.00012610768751712372,1,0.9994189010206097
9.45326149630553e-06,0.0003637612213565231,0.9995837867572309,2.3523406091429955e-05,1.9475353824913666e-05,2,0.9995837867572309
1.448271346403741e-05,3.658094624066814e-05,0.00010486610874834211,0.0010952568567317825,0.9987488133748152,4,0.9987488133748152
1.42291078868792e-05,0.0005345128671751034,0.9993730045665564,4.041393419151417e-05,3.78395241900091e-05,2,0.9993730045665564
8.963463232845271e-06,0.0016866390333467188,0.9982727826569819,1.692842602491549e-05,1.4686420413804198e-05,2,0.9982727826569819
8.773312020742532e-05,0.9996673597667919,0.00013200597823904842,5.919739162681046e-05,5.370374313508146e-05,1,0.9996673597667919
1.2548164255549631e-05,0.002045091393944985,0.9978987399475064,2.3060626874527608e-05,2.055986741856408e-05,2,0.9978987399475064
3.7994461863042966e-06,1.865494241087382e-05,0.9999591622428997,1.0555852164376935e-05,7.827516338769817e-06,2,0.9999591622428997
2.0332306880171703e-05,4.420341300799382e-05,0.9990867631740686,0.0007301037547800353,0.00011859735126312438,2,0.9990867631740686
0.00017609530928848946,0.9974644842427548,0.0021352635804330216,0.00012648073072034333,9.767613680360073e-05,1,0.9974644842427548
5.732821139869174e-05,0.999445421377292,0.00035270947075729777,7.5501628477912e-05,6.903931207400408e-05,1,0.999445421377292
5.862433591355761e-06,0.00013305652881233983,0.9998313715236847,1.5028123494545264e-05,1.468139041709912e-05,2,0.9998313715236847
3.758174857453343e-06,8.147081136361845e-05,0.999898783115424,8.773051667095384e-06,7.214846687933714e-06,2,0.999898783115424
7.812957272806244e-06,0.0004442023785073749,0.9995130045805651,1.8894918060928808e-05,1.6085165593615994e-05,2,0.9995130045805651
4.766620522826091e-06,5.458200995968126e-05,0.9999197126861308,1.1118620621321066e-05,9.820062765365477e-06,2,0.9999197126861308
1.2800989181347933e-05,2.8432828870452876e-05,0.00013979485480347838,0.999776555054477,4.241627266768342e-05,3,0.999776555054477
5.987447251474583e-06,0.00023212142121707533,0.9997350934668678,1.3917295710400157e-05,1.2880368952975446e-05,2,0.9997350934668678
1.4624533715909617e-05,2.6534062831460514e-05,0.0001675568983705828,0.9997217621097501,6.95223953320161e-05,3,0.9997217621097501
1.0393636969448864e-05,0.00020332295223946382,0.9997414069523964,2.4923023520338355e-05,1.9953434874349645e-05,2,0.9997414069523964
8.961626793427827e-06,1.5757620745806345e-05,8.1935070114794e-05,0.00010090810308019586,0.9997924375792658,4,0.9997924375792658
1.0179245088790394e-05,0.0002124421254315545,0.9997310201277378,2.479257983656117e-05,2.1565921905203647e-05,2,0.9997310201277378
3.725087905798795e-05,8.195413465850588e-05,0.0004875771463231681,0.9991148495339152,0.0002783683060452348,3,0.9991148495339152
0.00014165580583955874,0.9995601668844702,0.00013236379400597634,8.620129371613168e-05,7.961222196808818e-05,1,0.9995601668844702
0.9998602719091436,0.00011391204320332802,1.0739065638465785e-05,8.049048921210357e-06,7.0279330931835475e-06,0,0.9998602719091436
0.9990051504478838,0.0008004043016431379,0.00011525404459146619,4.66335193145007e-05,3.255768656715529e-05,0,0.9990051504478838
0.0001513237934478763,0.9953286986141254,0.004015105428017355,0.0002703378965894679,0.0002345342678198741,1,0.9953286986141254
0.00017923968470447496,0.997492710109879,0.0020385618108735163,0.00016509281362591196,0.00012439558091696128,1,0.997492710109879
1.6235334084884363e-05,0.0011162314078119405,0.9987958573356949,4.335476500976608e-05,2.832115739850972e-05,2,0.9987958573356949
0.9998773271078828,9.8354804436945e-05,9.16476428122897e-06,8.125270426219743e-06,7.028052972729718e-06,0,0.9998773271078828
2.391781715748839e-05,4.833237865212965e-05,0.00018883327602561522,0.9995302356285459,0.00020868089961868409,3,0.9995302356285459
6.22099408795165e-06,0.00018456758645864435,0.9997803879210596,1.5449760927040782e-05,1.3373737466881887e-05,2,0.9997803879210596
9.509554269798786e-06,2.0117786009499126e-05,0.00011702476479552365,0.00011990205507313462,0.9997334458398519,4,0.9997334458398519
9.0148307514868e-06,2.396909617193567e-05,8.288300934295466e-05,0.00014578577607691427,0.9997383472876566,4,0.9997383472876566
5.783226393535774e-06,0.0002969853825416069,0.9996761750120857,1.1308575729582172e-05,9.74780324967085e-06,2,0.9996761750120857
4.593864773495418e-06,0.00013646474595215523,0.9998382660116223,1.1211221611870675e-05,9.464156039965184e-06,2,0.9998382660116223
8.286147216059276e-06,1.9135900184298226e-05,7.259280143963988e-05,0.00012873034307022676,0.9997712548080898,4,0.9997712548080898
0.00022714282743733285,0.9992202630967173,0.00030432468052230617,0.00013422603747927854,0.0001140433578438321,1,0.9992202630967173
5.514792987707565e-06,0.00012619408148347534,0.9998441110457217,1.2818652351829102e-05,1.1361427455353059e-05,2,0.9998441110457217
0.00012350952501918652,0.9995826007247323,0.00014283832196763116,7.817216701388773e-05,7.287926126679065e-05,1,0.9995826007247323
7.772422226866447e-05,0.999721194691841,8.528135159565241e-05,6.182124018660745e-05,5.397849410806827e-05,1,0.999721194691841
6.036450398287418e-06,4.8994773537252975e-05,0.999909613076779,1.7147291675138808e-05,1.82084076102859e-05,2,0.999909613076779
1.0917005489794856e-05,3.7952729660293766e-05,0.00011138890384843979,0.00012536433180419386,0.9997143770291973,4,0.9997143770291973
1.9023577207365364e-05,4.5017992710709974e-05,0.0004733692902511521,0.9993807775016094,8.181163822131357e-05,3,0.9993807775016094
6.093550198696846e-05,0.9989058711915515,0.0008236061491978596,0.00012092443924238127,8.866271802121545e-05,1,0.9989058711915515
1.7582807386796246e-05,3.612259683933086e-05,0.00019012881671718338,0.0002517063223283436,0.9995044594567284,4,0.9995044594567284
2.8134959904183292e-05,7.561263349655992e-05,0.9990443721938408,0.0007255408473329946,0.0001263393654253613,2,0.9990443721938408
1.435476041331788e-05,2.3685691831431066e-05,0.00020214343415517807,0.9996996904716399,6.012564196030712e-05,3,0.9996996904716399
6.053442338752198e-06,0.0001679589544013358,0.9997995284240491,1.3988040921504155e-05,1.2471138289360386e-05,2,0.9997995284240491
0.00011800596374172516,0.9994300557254334,0.00024556928570879273,0.00010680014139213917,9.956888372385923e-05,1,0.9994300557254334
0.002667736225366837,0.99683680967117,0.00021080926099914193,0.00015252755186701228,0.00013211729059701258,1,0.99683680967117
7.101968605867495e-06,0.00018966557468586234,0.9997752906522529,1.5207299733780539e-05,1.273450472148586e-05,2,0.9997752906522529
5.233981398243546e-06,5.410725294880522e-05,0.9999135450604114,1.6330798232799593e-05,1.0782907008723574e-05,2,0.9999135450604114
6.175838438321408e-06,0.00010421683816757133,0.9998590479285265,1.727375336817005e-05,1.3285641499381333e-05,2,0.9998590479285265
1.9023499656361513e-05,4.898800656120821e-05,0.00018555149090927517,0.999623116346245,0.00012332065662815062,3,0.999623116346245
6.683357534405203e-05,0.017963466648035598,0.981790403655188,0.0001000527564619459,7.924336497056192e-05,2,0.981790403655188
7.611507871509214e-05,0.9997259193237245,9.08957727569098e-05,5.6604064656413865e-05,5.04657601469274e-05,1,0.9997259193237245
0.00014501422718210213,0.9995369049917663,0.00014243642163488016,9.089950592093905e-05,8.474485349571269e-05,1,0.9995369049917663
7.845706191545439e-06,1.8217370604792604e-05,8.593146141790573e-05,8.464975034129578e-05,0.9998033557114445,4,0.9998033557114445
5.280108405487534e-06,0.0003897525885532652,0.9995858799530007,1.0436018534144615e-05,8.651331506475746e-06,2,0.9995858799530007
0.9994040647707686,0.0004424809481362251,8.708176801902956e-05,3.703790597098037e-05,2.933460710520309e-05,0,0.9994040647707686
2.3396109308559062e-05,4.8277834465708574e-05,0.00015910113978455628,0.9996201559219354,0.00014906899450596188,3,0.9996201559219354
0.9993578279439803,0.0005287860231470418,6.133004724589403e-05,2.752017556375846e-05,2.453581006297217e-05,0,0.9993578279439803
1.0280757168676358e-05,1.8835981473306915e-05,9.890248664995289e-05,0.00010583446177932012,0.9997661463129287,4,0.9997661463129287
0.9998500442694652,0.00011878444184710045,1.408676490891541e-05,9.148046868624558e-06,7.936476910497426e-06,0,0.9998500442694652
9.726630163671819e-06,0.00031486967384750797,0.9996194992072944,2.42115742607659e-05,3.1692914433390934e-05,2,0.9996194992072944
0.9994534928271085,0.0003927192718735544,9.800854040417094e-05,2.9889490515572955e-05,2.5889870098260266e-05,0,0.9994534928271085
2.5420812538428065e-05,0.999302783944837,0.0005807793576886572,4.873519402380776e-05,4.2280690911754934e-05,1,0.999302783944837
7.760652900625673e-06,0.00015611742300504044,0.9998022775365341,1.7149447550488583e-05,1.669494000993824e-05,2,0.9998022775365341
1.471151684233736e-05,3.567294625770622e-05,0.00015339653000151854,0.9997302119519645,6.60070549338035e-05,3,0.9997302119519645
7.819209672275663e-06,0.0007037538298199292,0.9992617614711611,1.3862559211574308e-05,1.2802930135039106e-05,2,0.9992617614711611
0.9996140405075717,0.0002756227365551776,6.477087226151717e-05,2.408908604081904e-05,2.1476797570524316e-05,0,0.9996140405075717
9.710933747970202e-06,2.1215787913505354e-05,0.0001236835524162869,0.00011397486210464425,0.9997314148638176,4,0.9997314148638176
7.791668665737279e-06,1.541051500374995e-05,9.287991993604085e-05,0.0001243251243264461,0.999759592772068,4,0.999759592772068
0.0013018439977404473,0.9973462211505771,0.0006522218285267859,0.00034166628485081884,0.0003580467383048274,1,0.9973462211505771
6.521554794657099e-05,0.9997397014128553,0.00010739359861403756,4.68141831344428e-05,4.08752574498493e-05,1,0.9997397014128553
7.777755043678916e-06,0.00015352899769928335,0.999809982475097,1.4905868034208366e-05,1.3804904125654793e-05,2,0.999809982475097
0.9993278612067684,0.0005293296549896124,8.565127776717555e-05,3.051448988619749e-05,2.664337058850596e-05,0,0.9993278612067684
0.00014178090873789135,0.9935092085366463,0.006150560974157037,0.00010673104241824186,9.171853804058609e-05,1,0.9935092085366463
9.740934744825027e-05,0.9996254840878296,0.00015379865304069711,6.582958131476704e-05,5.747833036687501e-05,1,0.9996254840878296
5.269355110138576e-05,4.284723699571484e-05,0.00019608063242102864,0.9995951891087993,0.00011318947068265406,3,0.9995951891087993
1.149250287569526e-05,7.728098231438566e-05,0.9998623820092551,2.6364600851130413e-05,2.247990470369312e-05,2,0.9998623820092551
1.7685732000954315e-05,3.8801718310003475e-05,0.0001824328890588361,0.0012587043417962385,0.998502375318834,4,0.998502375318834
8.359722691813996e-06,0.00016874842979644648,0.9997880281383079,2.0270400514547245e-05,1.4593308689286371e-05,2,0.9997880281383079
0.00012813528599337919,0.9980312255036891,0.0015087995058732952,0.0001411082809509236,0.00019073142349330797,1,0.9980312255036891
7.271311248034762e-06,0.00012551913199391495,0.9998336253092889,1.9457774132520897e-05,1.4126473336753492e-05,2,0.9998336253092889
1.4559039706740633e-05,2.5604237913761585e-05,0.0001362263368204831,0.9997543863153989,6.922407016002715e-05,3,0.9997543863153989
2.296379727819571e-05,6.358971495622655e-05,0.00023137027823910832,0.9995385039702107,0.0001435722393157055,3,0.9995385039702107
4.431910832370187e-06,0.00013612392589953557,0.9998413147960222,9.626849634626674e-06,8.502517611176254e-06,2,0.9998413147960222
7.642906967598527e-06,1.8960177872908048e-05,8.600272816990219e-05,7.958929929281762e-05,0.9998078048876967,4,0.9998078048876967
4.6125441105544225e-06,0.00019595025015110973,0.9997790816964177,1.0432871598427087e-05,9.922637721974614e-06,2,0.9997790816964177
8.231847320624755e-05,0.999730379676365,7.816714156790166e-05,5.6518299650377106e-05,5.261640921027515e-05,1,0.999730379676365
0.9998717045381519,0.00010273577304822904,1.0028696852213647e-05,8.502978495450338e-06,7.028013452163703e-06,0,0.9998717045381519
1.4420106368069976e-05,3.31404462264054e-05,0.00011695028788095713,0.9997628814945773,7.260766494742482e-05,3,0.9997628814945773
4.0945817521181175e-06,9.883528411736703e-05,0.9998802043226975,8.916363528030436e-06,7.949447904840675e-06,2,0.9998802043226975
9.653033538082683e-06,2.497456640426428e-05,9.128292321431607e-05,0.00016152026041872287,0.9997125692164246,4,0.9997125692164246
9.138568003939093e-06,0.0002838986598209626,0.999669554867864,1.9863918308157986e-05,1.754398600291728e-05,2,0.999669554867864
0.000180429447476756,0.9993568583806173,0.00027072453518041845,9.935748223985083e-05,9.26301544855751e-05,1,0.9993568583806173
1.1951489254298165e-05,2.543804139761957e-05,0.00010294042699568187,0.9998151883562078,4.4481686144599576e-05,3,0.9998151883562078
0.9998590519247078,0.00011385423372509917,1.144741302973128e-05,8.271718518150049e-06,7.374710019036727e-06,0,0.9998590519247078
5.612052122131017e-06,0.000278887479528556,0.9996942730639362,1.1366385916392526e-05,9.861018496816652e-06,2,0.9996942730639362
7.056703473876624e-06,0.00013108933537116894,0.999826321063087,1.6891875418310018e-05,1.864102264973301e-05,2,0.999826321063087
0.00023561750952103485,0.9973890393902363,0.0019516143796338029,0.00018887152473221277,0.00023485719587671406,1,0.9973890393902363
1.0318997458416656e-05,2.5981387330157687e-05,0.0001191283463190052,0.00012271321148140247,0.9997218580574111,4,0.9997218580574111
4.206750644850795e-06,5.4860496073199134e-05,0.9999235582345803,9.499527111116608e-06,7.874991590340247e-06,2,0.9999235582345803
0.9978319329374727,0.0007080815551821903,0.0001052193554185892,4.5392317865953e-05,0.00130937383406044,0,0.9978319329374727
0.00021402566939060679,0.9992095335751596,0.0002685856132704942,0.00017379574573413815,0.00013405939644535879,1,0.9992095335751596
8.2184462180117e-06,0.0008198813994749718,0.9991431551746781,1.677862357511342e-05,1.196635605389815e-05,2,0.9991431551746781
5.199882590166584e-05,0.00018291991356233326,0.0029226698600724544,0.9965932014502826,0.00024920995018082884,3,0.9965932014502826
7.491294188001072e-05,0.9993461781562307,0.0004569496246552779,7.146895083278588e-05,5.049032640128588e-05,1,0.9993461781562307
0.9996811970292204,0.00021540986076376794,4.3730690006740516e-05,3.1541430892711575e-05,2.8120989115966326e-05,0,0.9996811970292204
5.26158478099739e-06,0.0001104899489828161,0.9998614549605453,1.375221227807169e-05,9.041293412811207e-06,2,0.9998614549605453
9.50699637939536e-05,0.9994695914082157,0.0002780920523998911,8.357852000021658e-05,7.366805559035627e-05,1,0.9994695914082157
0.00010412224755309128,0.9995866597193762,0.00014513859845315843,9.021624574197803e-05,7.386318887544666e-05,1,0.9995866597193762
0.9989517010498744,0.0007545081427123314,0.00019158280521129435,5.4033789404930756e-05,4.817421279709883e-05,0,0.9989517010498744
9.875348162858542e-06,0.00012814076689513868,0.9998165679665305,2.4171785054802354e-05,2.124413335672895e-05,2,0.9998165679665305
4.928126832172789e-06,5.031969458005315e-05,0.9999236407111499,1.1262304055611192e-05,9.849163382480012e-06,2,0.9999236407111499
7.0510286528050405e-06,0.0002493893594917753,0.9997121691021476,1.8182134227780847e-05,1.3208375480295803e-05,2,0.9997121691021476
4.7842202179994664e-05,0.00013165914369757221,0.0012546827065672364,0.9983601298114789,0.00020568613607630198,3,0.9983601298114789
0.9990614237567867,0.000708989115090839,0.00012341825127500203,4.314804530688987e-05,6.302083154048591e-05,0,0.9990614237567867
6.098106739024549e-05,0.9996235465429105,0.0001988393215667918,6.16598163092082e-05,5.497325182302985e-05,1,0.9996235465429105
6.329747187274068e-06,0.00012050945581868794,0.9998458334623073,1.5789317534840884e-05,1.1538017151860463e-05,2,0.9998458334623073
5.555312507226723e-06,7.63882212947329e-05,0.9998922998387971,1.3805879154306625e-05,1.1950748246598208e-05,2,0.9998922998387971
0.9990883905807909,0.0007298827849262566,0.00012125401301849468,3.5757433092024534e-05,2.471518817245828e-05,0,0.9990883905807909
5.437323146420758e-06,7.261444478393926e-05,0.9998972097902047,1.598439418918317e-05,8.75404767566294e-06,2,0.9998972097902047
0.0001314906212862976,0.9846545424545923,0.014788676281591182,0.0002270471095733491,0.00019824353295671892,1,0.9846545424545923
8.098507741653498e-06,1.961232404827463e-05,7.376400600401629e-05,0.00011147380886374,0.9997870513533422,4,0.9997870513533422
0.9994547437397234,0.00037642809784696186,0.00010762337514941512,3.309016828547755e-05,2.8114618994663508e-05,0,0.9994547437397234
0.00010914030179411586,0.00022733953266353862,0.001069800220035914,0.28618402009705796,0.7124096998484485,4,0.7124096998484485
0.9998269868974846,0.0001395494279761871,1.46139728961396e-05,8.661514585390846e-06,1.0188187057649546e-05,0,0.9998269868974846
6.863394841304838e-06,0.00015679640320543994,0.9998113181312162,1.32282920275217e-05,1.1793778709472557e-05,2,0.9998113181312162
8.042970478952556e-06,1.7037698899758464e-05,8.474626338222833e-05,7.983662055855592e-05,0.9998103364466805,4,0.9998103364466805
0.00013416336316710774,0.9995550945976218,0.00013845283785993904,9.016428915575618e-05,8.212491219541968e-05,1,0.9995550945976218
6.856884257671382e-06,5.030678368331911e-05,0.9999141470983102,1.3581302841288763e-05,1.5107930907619142e-05,2,0.9999141470983102
1.691446917174647e-05,0.0017933781510561994,0.9981184090599098,4.048836524336559e-05,3.080995461866386e-05,2,0.9981184090599098
1.0522854213655563e-05,0.00042907146998232454,0.9995245513494648,1.9147923252228932e-05,1.670640308701293e-05,2,0.9995245513494648
0.9990729897387876,0.0006235725042466322,0.0001836009618167473,4.896543116276308e-05,7.087136398626944e-05,0,0.9990729897387876
0.00010282988364263595,0.9996196107885006,0.00012647714344276613,8.306391473507336e-05,6.801826967898956e-05,1,0.9996196107885006
5.1215348742829404e-06,9.578261308369952e-05,0.9998767099761239,1.1834628198861754e-05,1.0551247719348126e-05,2,0.9998767099761239
6.610758620696305e-06,7.273432211774831e-05,0.9998900528656244,1.6982747407274594e-05,1.3619306229863087e-05,2,0.9998900528656244
0.9996281953830632,0.00027272837060689844,5.225000150672735e-05,2.518303697764949e-05,2.1643207845415025e-05,0,0.9996281953830632
6.8124048318208e-06,0.000282979105425317,0.9996801907272832,1.5983030155937988e-05,1.4034732303778193e-05,2,0.9996801907272832
9.726520091510471e-05,0.9995774717733682,0.00020186183670234896,6.386260935864235e-05,5.953857965585922e-05,1,0.9995774717733682
5.838460392015456e-05,0.9998077901599572,5.556192632550155e-05,4.190672420099945e-05,3.635658559604897e-05,1,0.9998077901599572
0.9983321786652501,0.0016158335578525973,2.4511268628854996e-05,1.4525867147172565e-05,1.2950641121357697e-05,0,0.9983321786652501
1.9493745692599494e-05,4.7981099562977336e-05,0.00021442576081179924,0.9996313945426036,8.670485132909633e-05,3,0.9996313945426036
1.2238837353790778e-05,2.8224592164553157e-05,0.0001326951584394853,0.9997615899228052,6.525148923698562e-05,3,0.9997615899228052
9.808550436275064e-05,0.9996517010029345,0.00011744654937068753,7.018923079785857e-05,6.25777125343011e-05,1,0.9996517010029345
0.9994445064608776,0.0003806643041425326,0.00011156761463249,3.344420199617869e-05,2.9817418351303845e-05,0,0.9994445064608776
0.00010278405195777905,0.002074684289168777,0.9976495622657622,9.835565557395478e-05,7.461373753750989e-05,2,0.9976495622657622
5.2106575418297414e-05,0.9998183033411501,5.900110851447718e-05,3.816369867289554e-05,3.2425276243956064e-05,1,0.9998183033411501
0.9998088568847158,0.00016667472109531447,8.822751135346616e-06,8.271303260378443e-06,7.374339792989743e-06,0,0.9998088568847158
5.103440162739783e-06,5.393108553782521e-05,0.999922279380433,9.92247624919526e-06,8.763617617107648e-06,2,0.999922279380433
0.00014807672567886728,0.9863014566348701,0.01304295489386302,0.0002778548513499788,0.0002296568942378785,1,0.9863014566348701
6.813449901387495e-05,0.9964111982063081,0.0033042198546384947,0.00010940488919177346,0.00010704255084786311,1,0.9964111982063081
0.0014290797872842439,0.996090844188734,0.0015651214702448357,0.000566274811959953,0.000348679741776749,1,0.996090844188734
1.790710656198131e-05,4.451087081476752e-05,0.00019067679329806624,0.9996348949391723,0.00011201029015279774,3,0.9996348949391723
0.9994525971967797,0.00048530558746737244,2.403536899941437e-05,1.999248747034026e-05,1.8069359283155953e-05,0,0.9994525971967797
9.771345712947734e-06,0.0001917120237950082,0.9997560999257257,2.5359897389654633e-05,1.7056807376573205e-05,2,0.9997560999257257
8.789893812170577e-06,1.767056240688708e-05,8.842418923012581e-05,9.989926859363853e-05,0.9997852160859572,4,0.9997852160859572
1.152238217715755e-05,0.0003336558559561029,0.999611072833556,2.3949335143638638e-05,1.9799593167152178e-05,2,0.999611072833556
7.780421819837342e-06,0.00011132358271143654,0.9998404882381293,2.437874260130244e-05,1.6029014738207537e-05,2,0.9998404882381293
6.799444435698182e-06,0.00043507600991451876,0.9995300983131167,1.4816487103584104e-05,1.320974542955888e-05,2,0.9995300983131167
4.296145394031115e-06,6.307333953668086e-05,0.9999149224845164,9.361615265446046e-06,8.346415287338934e-06,2,0.9999149224845164
7.791894155234611e-06,2.014834573934274e-05,9.464583823267565e-05,8.888828603733289e-05,0.9997885256358354,4,0.9997885256358354
7.907354366979344e-06,1.6430719491744195e-05,8.591144819542162e-05,0.00010679633520490631,0.9997829541427409,4,0.9997829541427409
0.9998829872638344,8.539465375425944e-05,1.3065326392163828e-05,9.717205209373852e-06,8.835550809859872e-06,0,0.9998829872638344
0.9998840270733642,8.802208380259374e-05,1.4015624046193002e-05,7.882949338359179e-06,6.0522694485896025e-06,0,0.9998840270733642
0.0001941996756763027,0.999315890985486,0.00020798987985664965,0.00015205993461822547,0.00012985952436287418,1,0.999315890985486
0.00019245862269171493,0.9990723603795207,0.0004245951881979706,0.00017919711947825436,0.00013138869011142043,1,0.9990723603795207
4.6802869675971446e-05,0.9998242977116987,6.535266306902634e-05,3.378483541868859e-05,2.9761920137647027e-05,1,0.9998242977116987
0.0006215812395478558,0.985798745866703,0.012750103077830064,0.0004566696877025321,0.0003729001282166386,1,0.985798745866703
0.9987055342439217,0.0012323038390200723,2.5090620644680396e-05,1.7297358462929953e-05,1.977393795058111e-05,0,0.9987055342439217
0.0016084046673043662,0.9964642048594805,0.0009638635695715595,0.00055741239217925,0.0004061145114642816,1,0.9964642048594805
0.9995705478506607,0.0003391265699822928,4.259689263162257e-05,2.6274153233452236e-05,2.1454533491874746e-05,0,0.9995705478506607
7.663519015252874e-06,9.38723941242986e-05,0.999867250143617,1.6501718058968968e-05,1.4712225184376153e-05,2,0.999867250143617
1.4417974501386998e-05,3.194737429816191e-05,0.0001244168753446652,0.9997370159695184,9.220180633742663e-05,3,0.9997370159695184
6.44328002595218e-06,7.94061626765366e-05,0.9998901581172246,1.3182703372070139e-05,1.0809736700958974e-05,2,0.9998901581172246
7.730990669666114e-06,1.81441572409352e-05,8.8095996580948e-05,7.004029780112283e-05,0.9998159885577074,4,0.9998159885577074
5.10553235597424e-06,9.488957624115476e-05,0.9998775527616629,1.1933849976280647e-05,1.0518279763656477e-05,2,0.9998775527616629
5.948629593090251e-06,7.360004126846122e-05,0.9998932287717264,1.4967351508262783e-05,1.2255205903704401e-05,2,0.9998932287717264
9.122066404090342e-05,0.992486719153966,0.007151396765675248,0.00012629075828985174,0.00014437265802794494,1,0.992486719153966
3.919464082537019e-06,4.644368193309481e-05,0.9999301406351351,9.142543226156737e-06,1.0353675623166051e-05,2,0.9999301406351351
0.00015297732730558655,0.9992205165269752,0.00038131616819110447,0.00014075459100011065,0.00010443538652785081,1,0.9992205165269752
2.105355779824437e-05,3.6995933350793836e-05,0.00024346779902354872,0.9995770306064411,0.00012145210338614287,3,0.9995770306064411
6.677975276526148e-06,7.070201680085937e-05,0.9998903483865692,1.8513837185865127e-05,1.3757784167422019e-05,2,0.9998903483865692
0.9996358852294108,0.00019528127321721497,0.00010824166470476648,3.312861593615016e-05,2.7463216731230345e-05,0,0.9996358852294108
5.106542253925047e-06,0.00031112491828167257,0.9996614481952565,1.1799983879918753e-05,1.0520360328118474e-05,2,0.9996614481952565
0.0002003923575815443,0.9990103247320612,0.000458424044054648,0.00014582808431605468,0.00018503078198664423,1,0.9990103247320612
1.149866357659119e-05,2.7874757186496938e-05,0.00010384983765508396,0.0001701190279980085,0.9996866577135838,4,0.9996866577135838
7.753432282392174e-06,1.8315537272881048e-05,0.00010245134828145726,7.669878764419163e-05,0.9997947808945191,4,0.9997947808945191
0.9993035315246209,0.0004935540380170113,0.00012312111565556479,4.272598149132485e-05,3.706734021523708e-05,0,0.9993035315246209
1.2420827631199015e-05,3.127143644328396e-05,0.00012419979678236033,0.999755414973489,7.669296565428865e-05,3,0.999755414973489
6.926896848885587e-06,0.00011019801227803637,0.9998526185635797,1.5995565794044667e-05,1.426096149943512e-05,2,0.9998526185635797
8.446054846727268e-06,0.00012171378686574242,0.9998315678511103,2.038436301715607e-05,1.7887944160023246e-05,2,0.9998315678511103
0.9994609840503755,0.00040520964709642344,8.007979626710495e-05,2.8103614289339124e-05,2.5622891971411903e-05,0,0.9994609840503755
2.0035323258010783e-05,0.005395744469917241,0.9945048135415779,4.262147999694376e-05,3.6785185249890556e-05,2,0.9945048135415779
0.004862890229393005,0.9948677312990828,0.0001107898443686462,7.70464308538182e-05,8.154219630185678e-05,1,0.9948677312990828
1.3807763528587528e-05,3.121534656797042e-05,0.00015748314776275305,0.9997385183707127,5.897537142814501e-05,3,0.9997385183707127
6.4812784387692855e-06,4.497893330991113e-05,0.9997952655877202,1.5807602946886947e-05,0.0001374665975840126,2,0.9997952655877202
1.1736174051869306e-05,0.00021619802202742081,0.9997258672591539,2.604520929133496e-05,2.015333547541538e-05,2,0.9997258672591539
5.4459351718441535e-06,9.983531678450991e-05,0.9998709149407852,1.2584238814326806e-05,1.1219568444251463e-05,2,0.9998709149407852
0.0011323820673579976,0.997954259942642,0.0003710892471105349,0.0002903621979448044,0.00025190654494500973,1,0.997954259942642
7.556927599576497e-05,0.9993036373542936,0.00047628980047340806,7.035910181054565e-05,7.414446742660425e-05,1,0.9993036373542936
1.4653207036743462e-05,0.00034594203691652893,0.9995637421961932,2.924060342933751e-05,4.642195642425782e-05,2,0.9995637421961932
0.9991502772219422,0.0007173049393807516,5.9131256289869684e-05,3.3229203264305896e-05,4.0057379123071884e-05,0,0.9991502772219422
1.5287485507116062e-05,3.040021247436605e-05,0.00012953637812752276,0.9997329703454768,9.180557841430391e-05,3,0.9997329703454768
0.9998817196629489,8.986370107445994e-05,1.333933054963986e-05,8.049221579355177e-06,7.0280838476269205e-06,0,0.9998817196629489
3.962123883738047e-05,0.9997408670693367,9.54949776633241e-05,6.640575577752707e-05,5.7610958385012646e-05,1,0.9997408670693367
5.393415712222927e-06,6.078548131371554e-05,0.9999123888640652,1.1668158342348531e-05,9.764080566400409e-06,2,0.9999123888640652
4.382819583049951e-06,7.588235243794817e-05,0.9999007921917976,9.913269738581589e-06,9.029366442895636e-06,2,0.9999007921917976
1.0310449553179067e-05,2.311185598396622e-05,0.00010752223129525255,0.00011722500811303058,0.9997418304550546,4,0.9997418304550546
8.423088274645731e-05,0.003574248611614837,0.9959883505243857,0.00019115219380746524,0.00016201778744556798,2,0.9959883505243857
1.3353571560066622e-05,3.1419393325346406e-05,0.0001404107708197588,0.9997512805937295,6.353567056514572e-05,3,0.9997512805937295
0.9998690723901488,0.00010419417203675687,1.1604565366965267e-05,8.100877496327832e-06,7.0279949510185164e-06,0,0.9998690723901488
0.0006683198424263729,0.9979162791403027,0.0009050464500513426,0.0002620839484038353,0.000248270618815858,1,0.9979162791403027
1.805958876518959e-05,3.2796976058949955e-05,0.00021410209053335133,0.999597192058984,0.0001378492856586303,3,0.999597192058984
4.61428186261866e-06,7.639122793574432e-05,0.9998981327110235,1.189729842959703e-05,8.964480748663468e-06,2,0.9998981327110235
0.9998593492925992,0.00011618125945094539,9.558766559570086e-06,7.882754782100366e-06,7.0279266081900675e-06,0,0.9998593492925992
5.52917478015566e-06,0.00017559551497798855,0.9997922928778312,1.468791239512807e-05,1.1894520015412614e-05,2,0.9997922928778312
8.668562054017319e-06,2.0258385947109742e-05,8.48248752036815e-05,7.628861635674795e-05,0.9998099595604385,4,0.9998099595604385
0.9997412193082538,0.00023320020853252486,1.0716680996464408e-05,8.007952905814329e-06,6.8558493113675466e-06,0,0.9997412193082538
3.688953572126478e-06,7.631814269243416e-05,0.9999011772262466,1.1215795047431405e-05,7.599882441517129e-06,2,0.9999011772262466
8.300371322534002e-06,0.00013776116076032996,0.9998233607751756,1.632431109487226e-05,1.425338164671314e-05,2,0.9998233607751756
0.9992476312493852,0.0005819844650360392,0.00010165799771568654,3.757613353337484e-05,3.115015432995021e-05,0,0.9992476312493852
4.2412722760660476e-06,4.202167464267837e-05,0.9999344590288005,1.0540269773789908e-05,8.737754506893154e-06,2,0.9999344590288005
0.9994810495185685,0.00034358993893282834,0.0001073700206673505,3.629765133865789e-05,3.169287049250935e-05,0,0.9994810495185685
1.0962932593388568e-05,2.637110365341508e-05,8.731457603959178e-05,0.0001303306206245634,0.999745020767089,4,0.999745020767089
1.3558370602277056e-05,3.177065507882898e-05,0.00012917240786386523,0.0015710984441701975,0.9982544001222848,4,0.9982544001222848
0.0003823955521459801,0.9978029753513292,0.0011477237807540192,0.00035998476991680066,0.00030692054585402254,1,0.9978029753513292
5.837352316968154e-06,7.977730246876743e-05,0.9998902803018033,1.2764420097011912e-05,1.1340623314010095e-05,2,0.9998902803018033
1.6090492050508967e-05,4.093026965209505e-05,0.00014516640402567418,0.9997273859637499,7.042687052184663e-05,3,0.9997273859637499
0.0001872148237682364,0.9989200893059945,0.0006107828280221513,0.00014528194445471136,0.0001366310977603997,1,0.9989200893059945
0.9995895468186649,0.00027236065386299226,8.602447173976044e-05,2.752655660559797e-05,2.454149912662714e-05,0,0.9995895468186649
5.363350855097513e-06,8.122425932508283e-05,0.9998894752446192,1.3517396923315484e-05,1.0419748277267922e-05,2,0.9998894752446192
5.192667782344387e-06,0.00013028434750294302,0.9998422806361049,1.2161015638187493e-05,1.0081332971685767e-05,2,0.9998422806361049
4.3731353787130206e-05,0.999381380927644,0.0004279074821752704,6.777342120429279e-05,7.920681518945545e-05,1,0.999381380927644
0.9995380793295398,0.0004172783342822356,1.725045754371274e-05,1.3785309395594295e-05,1.3606569238732683e-05,0,0.9995380793295398
8.281693770221003e-06,1.6498979516415647e-05,0.0001126642860024209,8.494583023242324e-05,0.9997776092104785,4,0.9997776092104785
4.333122654147282e-06,4.9235058984295745e-05,0.9999236790453044,1.3825790883846532e-05,8.926982173215875e-06,2,0.9999236790453044
1.8049570014433582e-05,0.0004027378748103566,0.9994944837878053,3.9817444044419976e-05,4.491132332549361e-05,2,0.9994944837878053
1.5415192233069612e-05,3.4095359304947006e-05,0.00013622449339373955,0.9997446187338878,6.964622118049105e-05,3,0.9997446187338878
0.9997873440719599,0.000187238753313772,9.89442738551146e-06,8.487070159148822e-06,7.035677181415867e-06,0,0.9997873440719599
8.227707450111662e-06,0.0004151191229543456,0.9995486672704826,1.5130484924778752e-05,1.2855414188127495e-05,2,0.9995486672704826
1.4359043399072463e-05,0.0004147444582230746,0.999523329098218,2.5147217707059433e-05,2.2420182452802475e-05,2,0.999523329098218
0.9993222313299274,0.00046812495993312105,0.00013186376420253745,4.2233132613743256e-05,3.5546813323379234e-05,0,0.9993222313299274
8.16527804907285e-06,1.6532483230822738e-05,7.133248962252194e-05,0.00011026637857419177,0.9997937033705233,4,0.9997937033705233
8.834924602005618e-06,1.800930327338697e-05,6.267367574970672e-05,7.949663734033258e-05,0.9998309854590345,4,0.9998309854590345
3.881922226796263e-06,7.048764425128575e-05,0.999909999362959,8.089394933603919e-06,7.54167562927654e-06,2,0.999909999362959
4.719370800097416e-06,8.84283354165958e-05,0.9998833234942264,1.3806079393376899e-05,9.722720163700488e-06,2,0.9998833234942264
7.642839140650931e-06,2.0744780869532738e-05,8.718254662430736e-05,8.549773607124252e-05,0.9997989320972942,4,0.9997989320972942
0.9996815277772245,0.0002859419011754816,1.1860348853728374e-05,9.03819046026187e-06,1.163178228606351e-05,0,0.9996815277772245
0.9989306940766722,0.0010312314410063253,1.724431226588297e-05,1.2168548430147302e-05,8.661621625335161e-06,0,0.9989306940766722
0.9989082925742128,0.0009451789148101343,7.89767238415623e-05,3.571226284994368e-05,3.1839524285559755e-05,0,0.9989082925742128
6.271394193548173e-06,0.0002783005714660418,0.9996877105007127,1.4797376817861083e-05,1.2920156809646395e-05,2,0.9996877105007127
0.9994515590449621,0.00039527694394705254,9.08693503255684e-05,3.4180131355969255e-05,2.8114529409336718e-05,0,0.9994515590449621
1.2376999793881068e-05,0.007585138642165208,0.9923556370996723,2.508474457720757e-05,2.1762513791391027e-05,2,0.9923556370996723
4.395995126248992e-06,7.521685353052509e-05,0.9998982518232391,1.0522845729169183e-05,1.161248237507508e-05,2,0.9998982518232391
7.2910243320562564e-06,1.992515461224692e-05,8.272577683102643e-05,6.845218067605745e-05,0.9998216058635486,4,0.9998216058635486
2.2698481582376894e-05,4.692760163775986e-05,0.999268039941798,0.0005296600553057526,0.00013267391967608576,2,0.999268039941798
7.69560455583876e-06,2.0720855636728585e-05,5.894824474779107e-05,0.00010111069951433093,0.9998115245955452,4,0.9998115245955452
1.86863456230508e-05,5.3695524553166176e-05,0.00016670022179390747,0.9996260752368034,0.00013484267122644962,3,0.9996260752368034
4.291308364786949e-06,5.711620977497468e-05,0.9999161863040179,9.916175566612604e-06,1.2490002275655944e-05,2,0.9999161863040179
7.988470887387919e-06,6.177928843322632e-05,0.9997269037314128,2.353399979671367e-05,0.00017979450946977363,2,0.9997269037314128
0.006471145093749505,0.9931940879528371,0.00012558459313239995,0.00011515274701332229,9.402961326773425e-05,1,0.9931940879528371
1.6241159810276814e-05,4.2142241224160795e-05,0.9995920360220548,0.00025104153076768547,9.853904614312953e-05,2,0.9995920360220548
1.391866391072649e-05,2.8311298468317228e-05,0.00015656604831102377,0.9997306188806666,7.058510864325844e-05,3,0.9997306188806666
0.002191390095731211,0.9935981626090071,0.0027850427078483495,0.0008068142527380277,0.0006185903346753598,1,0.9935981626090071
1.6897797457406873e-05,0.0011626983628331006,0.9987572781611899,3.3255312990318876e-05,2.987036552921087e-05,2,0.9987572781611899
0.9992014757430052,0.0006077824487562172,0.00010966125913088628,4.8087362312109245e-05,3.2993186795814725e-05,0,0.9992014757430052
1.9477269279442484e-05,0.0014301122192784488,0.9984771305163145,3.833178186194104e-05,3.4948213265680206e-05,2,0.9984771305163145
9.452449626389525e-06,0.00106235374298615,0.9988975926232065,1.5996175467265752e-05,1.4605008713649892e-05,2,0.9988975926232065
4.653397990590464e-06,7.806226897133603e-05,0.9998955638053091,1.16994945771655e-05,1.0021033151970497e-05,2,0.9998955638053091
0.00011207421883526177,0.012310861491639303,0.9871874668373766,0.00020596652149106891,0.0001836309306576885,2,0.9871874668373766
0.9993338804770843,0.0004557835172991658,0.00013225410965319188,4.2339900835800604e-05,3.5741995127666335e-05,0,0.9993338804770843
4.835151889512727e-06,5.6860271939000426e-05,0.9999142968272772,1.4046499659568173e-05,9.961249234696593e-06,2,0.9999142968272772
5.3056184554262594e-05,0.9942697203093228,0.005476069891246166,0.00010786477531067758,9.328883956607602e-05,1,0.9942697203093228
8.404052361373547e-06,0.0003875921110105369,0.9995679288636804,2.225061814167457e-05,1.3824354806106098e-05,2,0.9995679288636804
1.2035873656211804e-05,0.0003184219321289257,0.9996250210075528,2.383923060997013e-05,2.0681956052166383e-05,2,0.9996250210075528
5.837496019534941e-06,0.00019870504101080608,0.9997718179030718,1.3244475438090104e-05,1.0395084459717552e-05,2,0.9997718179030718
2.6334033527067e-05,6.475073532507844e-05,0.0002344203866900688,0.00030968777685827975,0.9993648070675996,4,0.9993648070675996
9.580897802157108e-06,2.0025388193730767e-05,0.00011588271823663468,0.00015263343144942293,0.999701877564318,4,0.999701877564318
0.0009527146093927592,0.18752888333981538,0.8085927503313439,0.0016085651694311425,0.0013170865500167488,2,0.8085927503313439
6.835195839391864e-05,0.9997374305181116,0.00010644166543268547,4.593583222355021e-05,4.1840025838453047e-05,1,0.9997374305181116
2.3064084351211933e-05,6.124432516796937e-05,0.0006931402958835176,0.999071704732652,0.000150846561945374,3,0.999071704732652
1.9316023372169877e-05,5.504993756415846e-05,0.000239835295780496,0.9995677785572821,0.00011802018600117811,3,0.9995677785572821
8.6546512383837e-05,0.9994976319449804,0.0002137379812341281,0.00011477237599404459,8.731118540754696e-05,1,0.9994976319449804
5.475871462193034e-06,0.00023067367464781296,0.9997369501027379,1.2435262129772653e-05,1.4465089022323797e-05,2,0.9997369501027379
1.536629307523327e-05,0.00041803715309617106,0.9995020156328854,3.579593386239832e-05,2.878498708088608e-05,2,0.9995020156328854
5.2402662647666154e-05,0.00010399697184128339,0.004984008720405601,0.9946712943536142,0.0001882972914913126,3,0.9946712943536142
7.64307696827723e-06,2.0761635808535385e-05,7.527510528848678e-05,6.62766347693334e-05,0.9998300435471653,4,0.9998300435471653
7.64290499755391e-06,1.8544581438997075e-05,6.961329077426949e-05,9.665204671889254e-05,0.9998075471760703,4,0.9998075471760703
3.9172272486569834e-06,5.3422698078997566e-05,0.9999244128491472,1.018251369288289e-05,8.064711832199846e-06,2,0.9999244128491472
7.296042647512271e-06,5.9118162271420516e-05,0.9998995495628868,2.0368882995493186e-05,1.366734919879474e-05,2,0.9998995495628868
1.2725797460048057e-05,2.425572222486137e-05,0.00015623585264506277,0.9997393655397157,6.741708795451472e-05,3,0.9997393655397157
0.9994412939340118,0.00037703020860684104,0.00010873400392172412,4.289160803836462e-05,3.005024542122126e-05,0,0.9994412939340118
2.1993041084623867e-05,4.81168501052619e-05,0.00018493496020916567,0.9996092304147832,0.00013572473381783263,3,0.9996092304147832
7.725890655543082e-06,1.7022224440116717e-05,6.337933204534722e-05,7.975431694109512e-05,0.9998321182359178,4,0.9998321182359178
6.458437552727665e-06,8.221259692571843e-05,0.9998829305196926,1.600808394894141e-05,1.2390361879952687e-05,2,0.9998829305196926
5.921133645045029e-06,0.00014122090218731052,0.9998274402182024,1.39143549390832e-05,1.1503391026300728e-05,2,0.9998274402182024
8.073645986174089e-06,0.00012057715163441086,0.9998345007663488,1.8656242864885374e-05,1.8192193165691543e-05,2,0.9998345007663488
3.851344959186926e-05,8.48691464460499e-05,0.00032569893738492703,0.004967073829132298,0.9945838446374449,4,0.9945838446374449
0.9997796006240804,0.0001718170288044246,1.9786907896205816e-05,1.3030948621938118e-05,1.57644905968952e-05,0,0.9997796006240804
0.0002470029162660195,0.9992634326024147,0.00023010171665056856,0.00013578492183661134,0.0001236778428323218,1,0.9992634326024147
8.026363463349703e-05,0.9861894275829434,0.013460966479839038,0.0001448588838316993,0.00012448341875244108,1,0.9861894275829434
0.0001407404180743235,0.9990453363321791,0.0005831053041065504,0.00012826888906081275,0.0001025490565791124,1,0.9990453363321791
1.96416956138917e-05,4.378128571367293e-05,0.0006769326733556679,0.9991344457121006,0.00012519863321618733,3,0.9991344457121006
5.720589123986103e-06,0.00013412812457170832,0.9998292772030012,1.4233242577297402e-05,1.6640840725736946e-05,2,0.9998292772030012
6.706746528524067e-06,7.55505048302924e-05,0.9998829093266933,2.101636402465968e-05,1.3817057923137381e-05,2,0.9998829093266933
7.041707958349809e-06,0.00011915232591060947,0.9998373276565131,2.1971173210646306e-05,1.4507136407277967e-05,2,0.9998373276565131
4.820767346117342e-05,0.006470827720185014,0.9933372896100369,7.6702822421943e-05,6.697217389488709e-05,2,0.9933372896100369
0.9988369625701721,0.0009204200983871757,0.0001648335680539187,4.830394384097801e-05,2.947981954576225e-05,0,0.9988369625701721
9.571603628324822e-06,0.0003181784462646484,0.9996393431007379,1.7396698208396634e-05,1.551015116074259e-05,2,0.9996393431007379
0.9994470067928731,0.00037536672329513296,0.00011436470522132626,3.344428566426408e-05,2.9817492946185948e-05,0,0.9994470067928731
1.4280117847053258e-05,0.0024613393589641404,0.9974740134138321,2.6969477346110673e-05,2.339763201035861e-05,2,0.9974740134138321
6.557014067606271e-06,0.00014622821801574314,0.9998201957957171,1.6352656041411156e-05,1.0666316158246533e-05,2,0.9998201957957171
8.509132107564762e-06,2.1543999451055395e-05,8.1572858742663e-05,9.933340818343363e-05,0.9997890406015152,4,0.9997890406015152
7.290721285341621e-06,0.0008796974462259191,0.9990774177587451,1.9920663507884702e-05,1.5673410235705775e-05,2,0.9990774177587451
4.256862079877022e-06,3.488168558063024e-05,0.9999386485723395,9.829930914273895e-06,1.2382949085723424e-05,2,0.9999386485723395
1.685144507782526e-05,3.8187418797506086e-05,0.00020354260862619046,0.9996583519272372,8.306660026120028e-05,3,0.9996583519272372
0.0006282521252374365,0.9983020709448891,0.0006401871357155656,0.0002076479722154683,0.00022184182194239367,1,0.9983020709448891
7.63835928472387e-06,0.00011377227516115098,0.9998470995310996,1.6579548439956794e-05,1.4910286014710072e-05,2,0.9998470995310996
7.523115554463805e-06,0.00011994275748279614,0.9998416978723546,1.674353992512672e-05,1.4092714682910966e-05,2,0.9998416978723546
7.642943162323053e-06,1.4930265549253808e-05,8.023957286458254e-05,8.464751343447814e-05,0.9998125397049894,4,0.9998125397049894
2.096349697918305e-05,6.590116406857489e-05,0.00023572445901212687,0.999535711807485,0.00014169907245507814,3,0.999535711807485
0.00011127717026404939,0.9994209649053704,0.00023044579467487925,9.153581439441052e-05,0.00014577631529621003,1,0.9994209649053704
1.137634402105587e-05,0.00014121661554167107,0.9998037102456122,2.414814768913398e-05,1.954864713592029e-05,2,0.9998037102456122
6.271570799031283e-06,0.00045034161111384225,0.9995193806304973,1.2978866891553696e-05,1.1027320698112878e-05,2,0.9995193806304973
0.9993342734535524,0.0004772287282294724,0.00010580725555185153,3.871214133049195e-05,4.39784213357401e-05,0,0.9993342734535524
6.21420325381994e-06,0.00014647566721301644,0.9998186400207525,1.586777519921246e-05,1.28023335814175e-05,2,0.9998186400207525
5.858731783155366e-06,6.92255569152569e-05,0.999899922208829,1.3423054160394868e-05,1.1570448312330431e-05,2,0.999899922208829
0.9998810871221006,9.124863285315899e-05,1.2753239484736065e-05,7.882926160184269e-06,7.0280794015509185e-06,0,0.9998810871221006
0.9992625017660054,0.00060978049834335,6.011210288588105e-05,3.574072914755274e-05,3.186490361752345e-05,0,0.9992625017660054
0.0017056262344168419,0.996802784434226,0.0009399949435661684,0.00029160862500685785,0.00025998576278397825,1,0.996802784434226
6.9002139641212035e-06,9.357409732921188e-05,0.9998641240447632,2.1186009638663172e-05,1.4215634304773018e-05,2,0.9998641240447632
1.7964976460868173e-05,4.108699969115256e-05,0.00021708306855731973,0.9996049857423908,0.00011887921289970184,3,0.9996049857423908
1.056673252446935e-05,8.21742525192094e-05,0.99963780854098,3.178839899619012e-05,0.00023766207497997408,2,0.99963780854098
2.0782707836094068e-05,0.006780436691724906,0.9930988871654668,4.727244437450956e-05,5.262099059768665e-05,2,0.9930988871654668
1.0087436257538136e-05,0.00018577433479413853,0.9997665727714846,2.0231617036595185e-05,1.7333840427093503e-05,2,0.9997665727714846
5.093199407582937e-06,6.088201107731297e-05,0.9999106383159432,1.2429836333300093e-05,1.095663723878114e-05,2,0.9999106383159432
0.00016673247982589178,0.9852288332112151,0.014050708260484034,0.0002951353529429609,0.0002585906955319644,1,0.9852288332112151
1.0655237650782216e-05,0.00010148655627578383,0.9998575461820814,1.8122808510139966e-05,1.2189215481845027e-05,2,0.9998575461820814
0.00023328575534801055,0.9995100634395659,0.00011164332508336215,7.217520424083592e-05,7.283227576191532e-05,1,0.9995100634395659
7.753280033184045e-06,2.09996349626111e-05,9.382115397789862e-05,0.00010227736940681362,0.9997751485616194,4,0.9997751485616194
1.4283656423739257e-05,4.123981827675848e-05,0.00014296727050254796,0.9997236396635619,7.786959123496783e-05,3,0.9997236396635619
1.1232812510655928e-05,0.0004126597113896064,0.9995373226951376,2.059505162924484e-05,1.818972933272881e-05,2,0.9995373226951376
4.178453400217225e-06,5.07096166063361e-05,0.9999246911060734,1.1812487163298655e-05,8.608336756784675e-06,2,0.9999246911060734
1.94195487979277e-05,3.5054710171596565e-05,0.0007508910983091402,0.9990911212140413,0.00010351342868004445,3,0.9990911212140413
1.2518845860126241e-05,0.009923657536175006,0.9900186080005794,2.430788651939036e-05,2.090773086608032e-05,2,0.9900186080005794
7.045169140637782e-06,7.090994402007036e-05,0.999890447708625,1.708291117279494e-05,1.4514267041476268e-05,2,0.999890447708625
0.0001246961407811927,0.9994751327225411,0.0001515955290108959,9.994236706558215e-05,0.00014863324060123678,1,0.9994751327225411
0.998859253492599,0.0010871733878679915,2.165778977815789e-05,1.652819885951411e-05,1.538713089531513e-05,0,0.998859253492599
1.8621863551725438e-05,4.182748959777853e-05,0.0002266465952875151,0.9996152150177942,9.76890337687455e-05,3,0.9996152150177942
5.2871882846339764e-06,4.586464926765237e-05,0.9999215771399335,1.2903261738289172e-05,1.4367760775931525e-05,2,0.9999215771399335
1.3274129474473683e-05,3.17707004126702e-05,0.00012069201532911484,0.9997656550033688,6.860815141489629e-05,3,0.9997656550033688
8.58310352102687e-06,6.43096298698069e-05,0.9998953580172474,1.7000393160608114e-05,1.474885620134898e-05,2,0.9998953580172474
1.448155881599801e-05,3.4897611078624864e-05,0.00013853715287731011,0.9997496796383977,6.24040388304444e-05,3,0.9997496796383977
6.263190406142365e-06,0.0001446324779221841,0.9998241832657856,1.2897155272111975e-05,1.2023910613960977e-05,2,0.9998241832657856
9.90514370268709e-06,2.0177262943813516e-05,0.000103645470322641,0.00013121691921223375,0.9997350552038188,4,0.9997350552038188
9.426656844740734e-06,0.0012332395393792118,0.998722588895233,2.1800629890559045e-05,1.2944278652550666e-05,2,0.998722588895233
8.753008647897029e-06,0.00037262023734864263,0.9995783723832152,2.142464651682214e-05,1.8829724271179552e-05,2,0.9995783723832152
0.9991321651548357,0.0006389604437570951,0.00013777255231475533,5.042949484582455e-05,4.067235424648654e-05,0,0.9991321651548357
0.9993667234661116,0.0005484754967267798,3.3141497282173664e-05,2.9885691405537487e-05,2.177384847416374e-05,0,0.9993667234661116
9.993000010812668e-06,0.0001602498727281894,0.9997922441583127,2.034140392890748e-05,1.7171565019400135e-05,2,0.9997922441583127
8.962443005757556e-05,0.0053560764883788465,0.9942303546499196,0.00017305798227223234,0.00015088644937186356,2,0.9942303546499196
6.448618128927712e-06,0.00032479590121480874,0.9996423234487335,1.435212503675183e-05,1.2079906885931483e-05,2,0.9996423234487335
0.9996296910145712,0.00028549838487416837,3.8240395564379076e-05,2.5604964932282003e-05,2.096524005793646e-05,0,0.9996296910145712
0.997456656061965,0.002457782770706729,3.959236042806458e-05,2.0652602769178752e-05,2.5316204131228386e-05,0,0.997456656061965
0.9998764756285146,9.595226086595348e-05,1.2661173828135455e-05,7.8828898037976e-06,7.028046987753418e-06,0,0.9998764756285146
7.796771332358307e-06,0.00013057686945218872,0.9998280444428255,1.861387686097124e-05,1.496803952915603e-05,2,0.9998280444428255
6.514562011062109e-06,0.00010050673325652603,0.9998638001503605,1.7303652263156634e-05,1.187490210850957e-05,2,0.9998638001503605
0.9998649483205093,0.00010906976111833093,1.0786792226178459e-05,8.049086567134407e-06,7.146039578937312e-06,0,0.9998649483205093
7.29092332213444e-06,1.4812131063193864e-05,9.403522719959321e-05,7.610739309191351e-05,0.9998077543253231,4,0.9998077543253231
5.648319504047965e-06,5.4354157547360495e-05,0.9999139329375787,1.4428070194756686e-05,1.1636515175263684e-05,2,0.9999139329375787
2.0006525812736564e-05,4.686983731813111e-05,0.0007050426184352495,0.9991122494086655,0.000115831609768461,3,0.9991122494086655
7.725908850170081e-06,1.5906928866387628e-05,7.284851277548529e-05,6.904578895671184e-05,0.9998344728605513,4,0.9998344728605513
4.094092736296476e-06,5.690843705394809e-05,0.9999169808123598,1.0100658521402543e-05,1.1915999328477103e-05,2,0.9999169808123598
8.067638643240211e-06,0.00011363315417763003,0.9998481606542294,1.5877326548031488e-05,1.4261226401760498e-05,2,0.9998481606542294
0.9996860045316455,0.00026382806338102994,2.0108149439652298e-05,1.6047536442948853e-05,1.4011719090720853e-05,0,0.9996860045316455
0.9977877301458603,0.0021658108323273765,2.1167861060907447e-05,1.3088686844864567e-05,1.2202473906558403e-05,0,0.9977877301458603
6.667751232990032e-05,0.00018023513877285952,0.008041957318815147,0.991293898074002,0.00041723195608008425,3,0.991293898074002
0.9996427145543785,0.00026455143671250695,3.768645141639679e-05,2.8488223560703833e-05,2.6559333931966173e-05,0,0.9996427145543785
9.694617010331251e-06,1.970029389172153e-05,9.601680477361711e-05,9.261651344557936e-05,0.9997819717708789,4,0.9997819717708789
1.3900036093047444e-05,0.0002476904640031116,0.9996700140919998,3.2881536511224254e-05,3.5513871392707994e-05,2,0.9996700140919998
1.0269080247082453e-05,0.0003691506974357501,0.9995818554317561,2.208442463091545e-05,1.664036593018847e-05,2,0.9995818554317561
3.3848448422098734e-05,0.9895362098914274,0.010288949621079298,6.144649911510713e-05,7.954553995624374e-05,1,0.9895362098914274
0.9993769383636782,0.00046636719655397554,7.586075116199058e-05,4.273393876052304e-05,3.809974984504355e-05,0,0.9993769383636782
9.77788399138344e-05,0.999605219028667,0.00017625122752973525,6.118625397574509e-05,5.956464991368222e-05,1,0.999605219028667
0.00606845294855906,0.9936818108437744,0.00010365044037853012,8.060897785814293e-05,6.54767894297917e-05,1,0.9936818108437744
8.018557384270146e-06,1.2828671719775915e-05,7.85281042352453e-05,7.686467575758664e-05,0.9998237599909031,4,0.9998237599909031
1.887099685307125e-05,4.540829698716354e-05,0.00022576622973880705,0.9996252848302324,8.466964618846222e-05,3,0.9996252848302324
0.999544915141986,0.0003516965803576279,4.323872509548283e-05,3.558988602122396e-05,2.4559666539849065e-05,0,0.999544915141986
4.1062668289663585e-05,9.016767942692976e-05,0.9988664194214021,0.0008547744402268972,0.00014757579065466118,2,0.9988664194214021
1.500161260638877e-05,4.136063849371942e-05,0.00018086549948039142,0.9996890966719941,7.367557742551521e-05,3,0.9996890966719941
8.703157473068044e-06,2.1686059895374744e-05,6.993597060623484e-05,8.447502432590721e-05,0.9998151997876995,4,0.9998151997876995
7.2910860901211135e-06,1.6066522442963245e-05,7.494357692607216e-05,7.162403842676788e-05,0.999830074776114,4,0.999830074776114
7.07238733852486e-05,0.9997647557567757,6.60209578340508e-05,5.171979812124569e-05,4.677961388382416e-05,1,0.9997647557567757
2.0578033361470848e-05,4.4196899365758226e-05,0.00022782222494640282,0.00024544261144140967,0.9994619602308851,4,0.9994619602308851
3.5340083230766914e-06,0.00011030464138433809,0.9998686714858928,8.160719566304671e-06,9.329144833416825e-06,2,0.9998686714858928
2.0398229411732348e-05,4.891679124607942e-05,0.0002045765594228597,0.9996013256328617,0.00012478278705766596,3,0.9996013256328617
8.004827539011661e-05,0.9981047981677585,0.0014717033763092457,0.00015540689248091252,0.0001880432880610823,1,0.9981047981677585
0.9995559628152336,0.000396069330113403,1.9183281879598272e-05,1.5063860778268609e-05,1.372071199499225e-05,0,0.9995559628152336
8.090562007810856e-06,1.8188290918962337e-05,7.139144130604e-05,8.03762036196204e-05,0.9998219535021475,4,0.9998219535021475
6.1969585129217256e-06,8.330972063089128e-05,0.9998787865560487,1.6822078171049565e-05,1.48846866365933e-05,2,0.9998787865560487
0.9998370498958962,0.0001365809912506075,1.119367391431959e-05,7.945843791118419e-06,7.2295951478738065e-06,0,0.9998370498958962
7.016161459128565e-05,0.9946350526429872,0.005103181414230582,0.00010049867737995666,9.110565081075929e-05,1,0.9946350526429872
7.291132804142422e-06,1.8452893587936965e-05,6.909726778686991e-05,6.867801392980086e-05,0.9998364806918912,4,0.9998364806918912
6.231931409726839e-05,0.9997393997089687,0.00011458440389453147,4.461017806932291e-05,3.908639497004084e-05,1,0.9997393997089687
1.3982518511088326e-05,0.00021522660422168923,0.9997062342215874,3.8058025371146855e-05,2.6498630308748577e-05,2,0.9997062342215874
3.1363481315064185e-05,7.588312836654578e-05,0.998973847630782,0.0007740792331834453,0.00014482652635291899,2,0.998973847630782
1.592860770356363e-05,3.937587169214813e-05,0.0001548262309092311,0.9997232042877089,6.666500198603411e-05,3,0.9997232042877089
1.5283496673425314e-05,0.0019231562668005418,0.9979996449212429,3.5670524235135535e-05,2.6244791048227144e-05,2,0.9979996449212429
8.834565699955315e-06,1.9930949426637963e-05,0.00010440069154541272,7.646457119443525e-05,0.9997903692221336,4,0.9997903692221336
0.000335009062323578,0.9984399351080661,0.000684780869451973,0.00023398720302052114,0.0003062877571378666,1,0.9984399351080661
4.658517118713659e-06,7.445685996406095e-05,0.9999021391677125,9.701151930209225e-06,9.044303274654566e-06,2,0.9999021391677125
1.5034464728332193e-05,3.890041134092544e-05,0.00016862107234276718,0.9996835104136648,9.393363792344979e-05,3,0.9996835104136648
1.2947216457796587e-05,2.759067847218074e-05,0.0001551388877473304,0.9997439243019499,6.0398915372702835e-05,3,0.9997439243019499
4.778550970813576e-06,0.00012640602213339974,0.9998473839007512,1.1586884592765285e-05,9.844641551844302e-06,2,0.9998473839007512
0.0001059694987046653,0.9996587931491047,0.00012521132631101466,5.768988732374105e-05,5.2336138555855315e-05,1,0.9996587931491047
1.0761480676955213e-05,2.8042659972754225e-05,0.000126849558582297,0.00018629996368160447,0.9996480463370863,4,0.9996480463370863
5.88185699012521e-05,0.9868412928554661,0.012891161310137685,0.00010809494250812088,0.00010063232198689303,1,0.9868412928554661
8.954539846039802e-06,0.0007053813784012726,0.9992529282508218,1.7898332539621857e-05,1.4837498391440177e-05,2,0.9992529282508218
0.9995006798196385,0.0003049259253209175,0.00011648466111085389,3.7568606266025626e-05,4.0340987663544526e-05,0,0.9995006798196385
0.0002722053231410473,0.9987354231179593,0.0006045942867793517,0.00019844854879709088,0.0001893287233234006,1,0.9987354231179593
4.608269970052511e-06,0.00014604622427913413,0.9998287875726009,1.1064099913257532e-05,9.493833236557751e-06,2,0.9998287875726009
9.637644406513157e-06,0.0004782620385283091,0.9994716432506907,2.1967470261964655e-05,1.8489596112385794e-05,2,0.9994716432506907
4.677539418762381e-06,9.363494154469688e-05,0.9998751039968654,1.4227311006385514e-05,1.2356211164739242e-05,2,0.9998751039968654
0.9998621148630747,0.00011203396897729821,1.0774158143406416e-05,8.049063757309728e-06,7.0279460471505024e-06,0,0.9998621148630747
8.274796916301485e-06,0.00013733384880596877,0.9998021066315326,2.581859364323706e-05,2.646612910201398e-05,2,0.9998021066315326
6.0826294426224696e-05,0.9996673223258447,0.00016167425397793672,5.8819535257341603e-05,5.1357590493882316e-05,1,0.9996673223258447
5.8735157002285316e-06,0.000122594188478489,0.9998440769829168,1.2997172473184012e-05,1.4458140431293142e-05,2,0.9998440769829168
1.3676311681077719e-05,0.0026996937905570512,0.997207886115085,3.56099374964169e-05,4.31338451804347e-05,2,0.997207886115085
1.4065166721269763e-05,0.0012187662607565854,0.9987084745008745,3.1692129113492346e-05,2.700194253413566e-05,2,0.9987084745008745
1.5101207898351261e-05,3.120015468296134e-05,0.00018711326235801716,0.9996624154797258,0.00010416989533483955,3,0.9996624154797258
2.9575952395861852e-05,0.00200420963166482,0.9978602698124618,5.8074662561059626e-05,4.786994091663551e-05,2,0.9978602698124618
5.092273970446507e-06,9.281683017374428e-05,0.9998798329173314,1.176701332828735e-05,1.0490965196149735e-05,2,0.9998798329173314
0.00023813158538720734,0.9989048499341132,0.0005072803950388415,0.00016355901799139038,0.00018617906746914463,1,0.9989048499341132
8.615676151223097e-05,0.004765630978347723,0.9948692776613746,0.0001618218137297528,0.00011711278503584426,2,0.9948692776613746
0.0001234987493280456,0.9993378334254943,0.0003304346675331055,9.914959266160655e-05,0.00010908356498290837,1,0.9993378334254943
1.052669745582932e-05,2.3519343758181222e-05,0.0001138421719628074,0.9997992857628643,5.2826023959031176e-05,3,0.9997992857628643
8.159248467513409e-06,0.0002424397386695316,0.9997151816560935,1.8555443030685994e-05,1.5663913738638036e-05,2,0.9997151816560935
5.941643578753572e-06,0.0009655768450904085,0.9990042883682274,1.4464481152349824e-05,9.72866195106734e-06,2,0.9990042883682274
1.6101730979678433e-05,3.0021497228182977e-05,0.00015828277033181495,0.0002304990534942381,0.999565094947966,4,0.999565094947966
0.9997303502010325,0.00024678508904179614,9.660661895317788e-06,6.903866666937399e-06,6.300181363587024e-06,0,0.9997303502010325
0.00014069852534567614,0.9994554959122168,0.0002057976959561702,0.00011188261017227097,8.612525630895586e-05,1,0.9994554959122168
0.9996685966613832,0.00024686545315339423,3.563519265201351e-05,2.6770643871459763e-05,2.213204893992258e-05,0,0.9996685966613832
0.004102811892756175,0.9871110372327723,0.0010343256861620892,0.00055062929266677,0.0072011958956425415,1,0.9871110372327723
0.00021231565999821347,0.9983142603648413,0.0011192133399718742,0.0001652736462166825,0.0001889369889719796,1,0.9983142603648413
6.413831883746284e-06,0.00013044942430022257,0.9998384118775908,1.3536482828941449e-05,1.1188383396204834e-05,2,0.9998384118775908
1.5978767686664633e-05,2.8021264205966206e-05,0.0002062748414199199,0.9996921896423296,5.753548435781473e-05,3,0.9996921896423296
0.9999265351439937,4.812128678234764e-05,1.0886791551110675e-05,7.565680681936177e-06,6.891096991063285e-06,0,0.9999265351439937
0.00014273397072282222,0.9994604131375925,0.00020128234662842196,0.00010254339932702354,9.30271457292123e-05,1,0.9994604131375925
0.9994412100297426,0.00039149788224914384,0.00010335255925416543,3.3954167551742304e-05,2.998536120213174e-05,0,0.9994412100297426
9.812506256062835e-06,0.0012894178423705819,0.9986681435011324,1.741790758582567e-05,1.5208242655087425e-05,2,0.9986681435011324
9.145882434684216e-05,0.9995688279903345,0.00020586610806785233,7.448466115437353e-05,5.936241609621091e-05,1,0.9995688279903345
8.496203362521804e-06,2.023762547419049e-05,9.867699091807451e-05,0.00011049343286696019,0.9997620957473783,4,0.9997620957473783
1.3482269504749667e-05,4.099741065084888e-05,0.00014928003731400438,0.9997185061047558,7.773417777460752e-05,3,0.9997185061047558
1.9667904485214987e-05,0.00086476902525877,0.9990315651324895,4.624000448357324e-05,3.775793328304759e-05,2,0.9990315651324895
1.9203476923377386e-05,4.232388945647049e-05,0.00019705003293828322,0.9996097733694063,0.00013164923127567736,3,0.9996097733694063
6.738409038648846e-05,0.9995884397848124,0.00018398686302317142,8.66058010380806e-05,7.358346073996491e-05,1,0.9995884397848124
7.341108815066217e-06,1.8747980572474115e-05,6.424962171287659e-05,0.00010978806253846917,0.9997998732263611,4,0.9997998732263611
1.8879347266205853e-05,0.0010306889109815214,0.9989024095488928,2.5637291286841864e-05,2.238490157260569e-05,2,0.9989024095488928
4.7529303083424166e-06,8.023146526277446e-05,0.9998923449970566,1.3223728318230134e-05,9.446879054062473e-06,2,0.9998923449970566
0.9991226875395586,0.000696292922850312,0.00011169726430790683,3.764076620758409e-05,3.1681507075668507e-05,0,0.9991226875395586
1.6102827157045673e-05,3.087198659649111e-05,0.00015994734426929782,0.00015993427019878514,0.9996331435717783,4,0.9996331435717783
5.516297352005919e-06,7.960753780675591e-05,0.9998918761149551,1.2410005199904743e-05,1.059004468641106e-05,2,0.9998918761149551
6.443986105930723e-06,0.00016471187591699337,0.9998053669941377,1.2411543310901228e-05,1.1065600528568566e-05,2,0.9998053669941377
1.2735517158928579e-05,2.665156736334583e-05,0.00011472553025813423,0.9997704404235205,7.544696169915736e-05,3,0.9997704404235205
1.2266647911902929e-05,0.0003199696053414638,0.9996109798526605,3.1512477610304556e-05,2.5271416476029237e-05,2,0.9996109798526605
0.9993353274834714,0.0004899910450306617,0.00011066741986044624,3.504670572976026e-05,2.8967345907621545e-05,0,0.9993353274834714
5.62840430405361e-05,0.9996842534442235,0.00011917166742149454,7.260334784830769e-05,6.768749746620779e-05,1,0.9996842534442235
0.9987380514312102,0.0009610167027101144,0.00019492776796397893,6.162375643714392e-05,4.4380341678625746e-05,0,0.9987380514312102
5.963028050016134e-05,0.9984099475387345,0.0013530583316567362,9.376605221029434e-05,8.359779689836814e-05,1,0.9984099475387345
0.00014787705248678524,0.9994654721867322,0.00020096321416343104,0.00011390343123042482,7.17841153870223e-05,1,0.9994654721867322
1.5002279199101287e-05,0.0010778371028684626,0.9988521899035707,2.9191407604257898e-05,2.5779306757512094e-05,2,0.9988521899035707
2.2741672768606807e-05,4.686291170484388e-05,0.00021957979163431576,0.9996103298437735,0.00010048578011864588,3,0.9996103298437735
9.737250467538777e-06,0.0001726430702813227,0.9997821203125943,1.876727125686345e-05,1.6732095400040815e-05,2,0.9997821203125943
0.0002805261755749142,0.9981955137011861,0.0009574863980210275,0.00022445063406090814,0.00034202309115702025,1,0.9981955137011861
1.417392910515508e-05,2.384400634257443e-05,0.00013647776055957802,0.9997296997464646,9.580455752819271e-05,3,0.9997296997464646
6.961726685213613e-05,0.9992456568832093,0.00044164745359317515,0.00013675963561075028,0.00010631876073462969,1,0.9992456568832093
7.290937431964504e-06,1.5102559096038972e-05,8.723184954503869e-05,8.068544095153657e-05,0.9998096892129754,4,0.9998096892129754
7.687951127265771e-06,0.00014457792214497942,0.9998144519717062,1.6988791576689956e-05,1.6293363444851652e-05,2,0.9998144519717062
5.474504440517298e-06,2.239344804892175e-05,0.9999471403519047,1.3713269526491372e-05,1.1278426079380477e-05,2,0.9999471403519047
7.505142344351041e-06,0.00019761870909382507,0.9997572764950103,1.7204675353516353e-05,2.0394978197833307e-05,2,0.9997572764950103
8.900197155386666e-06,0.00026436120985106476,0.9996932634638845,1.7949493282819675e-05,1.552563582600706e-05,2,0.9996932634638845
7.570331828465357e-06,0.00028053154417335144,0.9996802594531066,1.7105344053256442e-05,1.4533326838382916e-05,2,0.9996802594531066
4.3621915962577055e-06,6.967658977173987e-05,0.9999072701944177,1.0316601845915745e-05,8.374422368340513e-06,2,0.9999072701944177
4.8359394885239466e-05,0.009471055249254148,0.990314337183954,8.827920639901667e-05,7.79689655075213e-05,2,0.990314337183954
6.390726482094665e-06,0.00012480642072306404,0.9998415331005776,1.4112647917437775e-05,1.3157104299775317e-05,2,0.9998415331005776
7.977541916489058e-06,5.485109548336814e-05,0.9998871926517865,2.3266605511507332e-05,2.6712105302071727e-05,2,0.9998871926517865
0.00010060990690881359,0.9996015299622815,0.00016022566558511033,7.221478502246759e-05,6.541968020209068e-05,1,0.9996015299622815
6.720803521309924e-06,0.00023879816721546722,0.9997199998530981,2.063515840557961e-05,1.384601775973196e-05,2,0.9997199998530981
1.375101832515569e-05,2.4884367637345738e-05,0.00013157460848585973,0.9997403395130413,8.94504925103633e-05,3,0.9997403395130413
2.2636771004467005e-05,6.226189605520113e-05,0.9992380029826324,0.0005309669222463776,0.00014613142806151898,2,0.9992380029826324
2.183261085156064e-05,5.1385280860729344e-05,0.00022828907846519895,0.9995102446221072,0.00018824840771520347,3,0.9995102446221072
1.7521187168722047e-05,0.0005257653212772073,0.9980309723912184,4.221429424172736e-05,0.0013835268060939081,2,0.9980309723912184
7.962191867399653e-06,1.867368394481086e-05,8.03070114441736e-05,6.66328369544856e-05,0.9998264242757892,4,0.9998264242757892
0.00014262169693338449,0.9995351134332908,0.0001890487784565338,7.047440626656508e-05,6.27416850525302e-05,1,0.9995351134332908
6.5303457170650594e-06,6.143639201362752e-05,0.999776941219011,1.6491071288833325e-05,0.00013860097196953313,2,0.999776941219011
5.894449160970295e-05,0.009730803321084433,0.9899757416379301,0.00012123042639828918,0.00011328012297722035,2,0.9899757416379301
1.0140025769416714e-05,0.0015582632008554343,0.9983946775502752,1.982790254269418e-05,1.7091320557215046e-05,2,0.9983946775502752
5.054912023243845e-06,5.528782662673584e-05,0.9999231264911781,9.742678945771885e-06,6.788091226107631e-06,2,0.9999231264911781
5.289505794867302e-06,6.831507752215375e-05,0.9999001316860289,1.536643378422908e-05,1.0897296869893173e-05,2,0.9999001316860289
0.9995895307428019,0.0002892021265782313,7.333600015375612e-05,2.6087498254343708e-05,2.1843632211679788e-05,0,0.9995895307428019
2.9185141410829307e-05,6.307821792001804e-05,0.9989649178358236,0.0007458362422559271,0.0001969825625897324,2,0.9989649178358236
5.6119953314259965e-06,6.598741009351013e-05,0.9999022954131636,1.4543500314871588e-05,1.1561681096624609e-05,2,0.9999022954131636
8.081669285284503e-06,0.00013553621755370222,0.9998206637492267,1.9068727310223492e-05,1.6649636624181475e-05,2,0.9998206637492267
7.05362553536288e-06,6.933572114801161e-05,0.9998944607146886,1.560857113922403e-05,1.3541367488744992e-05,2,0.9998944607146886
7.454661526013587e-06,0.0001730898827234382,0.9997838882043709,1.8075835814583955e-05,1.7491415565293273e-05,2,0.9997838882043709
1.751189508064821e-05,0.0005407327607072623,0.9993434979776558,5.1687913096344013e-05,4.656945346012295e-05,2,0.9993434979776558
0.00020950978911232263,0.999199850341901,0.0003048685755539161,0.00013016776526591538,0.0001556035281669272,1,0.999199850341901
1.0405411649051443e-05,2.289649710060512e-05,0.00012954117651662464,0.9997791972721845,5.795964254949914e-05,3,0.9997791972721845
0.00011649193688504855,0.00030131267797962007,0.02066794712116048,0.9780920395762298,0.000822208687745136,3,0.9780920395762298
5.68298171198027e-06,0.00017224248774819223,0.9997988592483936,1.2398069806285009e-05,1.0817212339756504e-05,2,0.9997988592483936
0.00010417243445179452,0.9996035127877367,0.00014196738390208124,7.153028431111705e-05,7.881710959837114e-05,1,0.9996035127877367
0.0003471063724039963,0.9844737956451225,0.014617544111164272,0.00031114765352545094,0.00025040621778364447,1,0.9844737956451225
9.199382228785011e-06,0.00019253082447590476,0.9997510441772268,2.2924482667277795e-05,2.4301133401050558e-05,2,0.9997510441772268
7.45669006780687e-06,0.00017212484049179897,0.9997925243103473,1.5080885982665008e-05,1.2813273110208642e-05,2,0.9997925243103473
9.148713629379886e-06,2.2790484609103467e-05,9.785657551683777e-05,0.00010451281477966739,0.9997656914114649,4,0.9997656914114649
7.291041441279345e-06,1.8546410309325556e-05,8.253501826493467e-05,6.767547060326021e-05,0.9998239520593812,4,0.9998239520593812
1.8306915072268326e-05,3.981596717407772e-05,0.0007547578714031924,0.9990771095565326,0.0001100096898178646,3,0.9990771095565326
8.884445629687646e-06,2.165140723026541e-05,8.814276302758045e-05,9.223226087365764e-05,0.9997890891232388,4,0.9997890891232388
0.9993954802700673,0.00042378939675457574,0.00011291225997183633,3.6364312308095434e-05,3.145376089803387e-05,0,0.9993954802700673
5.663671499570005e-05,0.9993877684345487,0.00046327737056255243,5.327771065737051e-05,3.903976923587343e-05,1,0.9993877684345487
6.587275806003394e-06,5.775527028872286e-05,0.9999088271096825,1.4184262857700828e-05,1.2646081365052478e-05,2,0.9999088271096825
0.00010978233863925633,0.9991247073833417,0.000522462945384496,0.0001241943899563275,0.00011885294267815954,1,0.9991247073833417
0.9993687803486968,0.00044255526894135684,0.0001101208570554333,4.2347878565461796e-05,3.61956467407003e-05,0,0.9993687803486968
6.881172127200575e-06,0.000103133561777222,0.99986152386956,1.5251100630189733e-05,1.3210295905357887e-05,2,0.99986152386956
4.073273217165133e-06,5.679451296447899e-05,0.999921129663845,9.61090258662129e-06,8.39164738654887e-06,2,0.999921129663845
1.8005968544457473e-05,4.961462416060821e-05,0.00016479502999442133,0.9996905648006175,7.701957668288993e-05,3,0.9996905648006175
2.4842801110383458e-05,0.11115159019417241,0.8887409657874257,4.409776693353434e-05,3.850345035809246e-05,2,0.8887409657874257
1.9172818901720874e-05,5.383791045595922e-05,0.0006238187552513845,0.9991824098532143,0.0001207606621767156,3,0.9991824098532143
0.00011779157529894004,0.00739021526416143,0.992079428636689,0.00020309469611413798,0.00020946982773646663,2,0.992079428636689
1.7641857438297104e-05,4.482077633136792e-05,0.0001330982031905056,0.9997172941761212,8.714498691847299e-05,3,0.9997172941761212
1.067697383301593e-05,0.0006093630046233993,0.9993344473572727,2.5015286629365178e-05,2.049737764157409e-05,2,0.9993344473572727
5.11283406986735e-06,5.643041069785241e-05,0.9999150590269276,1.2864405747504643e-05,1.0533322557262933e-05,2,0.9999150590269276
0.00011562059896431336,0.9992549710278917,0.0004305797703726022,8.74441518667058e-05,0.0001113844509046026,1,0.9992549710278917
4.912032113575798e-06,0.00011610912118533197,0.9998533851170929,1.5480932726141044e-05,1.0112796882050182e-05,2,0.9998533851170929
6.284750216046848e-06,0.00017142498383808884,0.9997960966268651,1.3983825289715153e-05,1.2209813791032086e-05,2,0.9997960966268651
6.623317882470155e-05,0.00016943212622829267,0.00796953927897851,0.9914604169813882,0.00033437843458035,3,0.9914604169813882
5.5669039551143385e-06,0.0001574502142120544,0.9998101074358348,1.5476558226614316e-05,1.1398887771351337e-05,2,0.9998101074358348
2.849242362059158e-05,0.0013528725627760525,0.998531003268822,4.697172730348919e-05,4.066001747789855e-05,2,0.998531003268822
8.612642760391115e-06,0.00025261666496430616,0.9997050259459224,1.895513279470189e-05,1.478961355829785e-05,2,0.9997050259459224
5.826467301804553e-06,0.00012938030603519907,0.9998372173681761,1.3789744996622188e-05,1.3786113490332212e-05,2,0.9998372173681761
6.283384025891077e-06,0.00010877291108251521,0.9998589818691778,1.3853429657640042e-05,1.2108406056335212e-05,2,0.9998589818691778
0.9994432555396434,0.0003764161189698292,0.00010800977732076311,3.487256860273543e-05,3.744599546327234e-05,0,0.9994432555396434
1.782058441041889e-05,3.779718355396715e-05,0.00018186676550934047,0.9996701324469206,9.238301960578436e-05,3,0.9996701324469206
3.7306951095973226e-06,7.445220246047273e-05,0.9999032902736898,8.38878712380987e-06,1.0138041616261949e-05,2,0.9999032902736898
5.852563688817019e-05,0.0001570644838174512,0.004162383999643727,0.9952450800441903,0.0003769458354602954,3,0.9952450800441903
0.0001615051673424713,0.8235811862268047,0.1756111465448175,0.0003014973274795051,0.0003446647335558496,1,0.8235811862268047
0.00010522488648445681,0.9968808552254254,0.0027224605845429595,0.0001535044295786514,0.00013795487396864683,1,0.9968808552254254
1.3559448751975741e-05,2.6887017277114545e-05,0.00014524517550016614,0.9997318082499163,8.25001085546732e-05,3,0.9997318082499163
0.999501229667663,0.0003769437658983091,6.779509858526718e-05,2.8263135605253484e-05,2.5768332248336053e-05,0,0.999501229667663
1.6871991673137926e-05,3.888584088346999e-05,0.0001283461365797275,0.9997407232814777,7.517274938585841e-05,3,0.9997407232814777
3.0465980195427782e-05,0.007588845492264326,0.9922481847917188,6.849791805017728e-05,6.400581777147952e-05,2,0.9922481847917188
7.555027970486471e-06,0.00010202824630393537,0.999850628240464,1.9831086167375112e-05,1.9957399094146347e-05,2,0.999850628240464
5.245471815423895e-06,0.0001791765387251825,0.9997929317826443,1.3084633187293844e-05,9.561573627717956e-06,2,0.9997929317826443
0.9991981722252343,0.000634063735005152,0.00010099924619678404,3.7535704742996733e-05,2.9229088821057986e-05,0,0.9991981722252343
7.879559079975927e-06,6.744523160899055e-05,0.9997162731243956,2.6963596817293078e-05,0.00018143848809818816,2,0.9997162731243956
9.453807976017862e-06,7.563751978252957e-05,0.9996793097176153,2.2968265352964388e-05,0.000212630689273122,2,0.9996793097176153
1.4713298610583437e-05,3.237721157671311e-05,0.00017603281769242583,0.9996813570140983,9.551965802184016e-05,3,0.9996813570140983
0.9992199065745586,0.0006345683938409433,8.794983896745912e-05,3.0687512074448836e-05,2.6887680558590736e-05,0,0.9992199065745586
1.0677126611360091e-05,0.00027705106009653913,0.999665509277781,2.8415395150098923e-05,1.834714036114834e-05,2,0.999665509277781
1.388168596222479e-05,4.0610600380201256e-05,0.0001235856731533086,0.9997518008280993,7.012121240478049e-05,3,0.9997518008280993
1.734910068584609e-05,0.0007548750999060707,0.9991537311122312,4.076084196936728e-05,3.3283845207821395e-05,2,0.9991537311122312
5.715561035214321e-06,0.00016516129725774277,0.9997973226164125,1.6702271115602957e-05,1.5098254178849794e-05,2,0.9997973226164125
0.999881002480919,9.399912430481024e-05,1.0511932622412225e-05,7.595678955974952e-06,6.890783198013014e-06,0,0.999881002480919
0.9998709334265847,9.880727270483758e-05,1.2308757397395576e-05,1.0046243531866558e-05,7.904299781000141e-06,0,0.9998709334265847
6.138378888579972e-06,0.0001630654955060195,0.9998081676925904,1.2080492248024546e-05,1.0547940767028192e-05,2,0.9998081676925904
6.898561386707314e-05,0.9996260298115087,0.00020121316528377294,5.3741186704193114e-05,5.003022263633817e-05,1,0.9996260298115087
5.518941924512147e-06,0.0005464137729166835,0.9994205388664856,1.2949554505576727e-05,1.4578864167701134e-05,2,0.9994205388664856
7.290979930139515e-06,1.6092757233314377e-05,7.984233540324078e-05,8.125691967209513e-05,0.9998155170077613,4,0.9998155170077613
0.9993023238276229,0.000494078922647231,0.0001276561075552792,4.029865246900393e-05,3.564248970561899e-05,0,0.9993023238276229
8.377929180294008e-06,1.6571255154288114e-05,8.901626470891871e-05,7.741047190056607e-05,0.9998086240790559,4,0.9998086240790559
0.9990855235080455,0.0008062743056738561,4.3811891998286416e-05,3.4526324034302606e-05,2.986397024813892e-05,0,0.9990855235080455
2.6056641104124116e-05,0.002744190740927511,0.9971421715115908,4.93557062909648e-05,3.8225400086490394e-05,2,0.9971421715115908
1.3661893881067078e-05,0.0005709202987843595,0.9993377697138303,3.963953062207336e-05,3.800856288241385e-05,2,0.9993377697138303
0.0001599980134606058,0.9993277890425855,0.0003087912023061289,0.00010907552211130582,9.434621953660444e-05,1,0.9993277890425855
0.0001732061033899086,0.9993893720457487,0.0002176737919278519,0.00011372406179448486,0.00010602399713914126,1,0.9993893720457487
4.4838301422987905e-06,7.553767561116556e-05,0.9999031541756149,8.706924925716276e-06,8.117393705855383e-06,2,0.9999031541756149
7.185878840679431e-06,0.00017621339899859373,0.9997904029624781,1.3849837577000713e-05,1.2347922105548336e-05,2,0.9997904029624781
4.550372155336117e-06,9.12133169088125e-05,0.9998834633775984,1.1398379614076842e-05,9.374553723584171e-06,2,0.9998834633775984
4.839057873196566e-06,8.436124871773676e-05,0.9998857759838372,1.4768112553275946e-05,1.0255597018435202e-05,2,0.9998857759838372
1.0845187461161676e-05,2.1666495476064866e-05,0.00010258347531592924,0.0001619080133303127,0.9997029968284165,4,0.9997029968284165
1.6037865479264163e-05,3.502094633057787e-05,0.00017825454649948264,0.9996844908651287,8.619577656186293e-05,3,0.9996844908651287
2.065171475912872e-05,6.008942664432315e-05,0.9992963259360097,0.000514798478917213,0.00010813444366993569,2,0.9992963259360097
9.397743794103318e-06,2.4921278634469702e-05,9.455373850065049e-05,0.0001428441102095609,0.9997282831288611,4,0.9997282831288611
8.427252864333617e-06,1.8357129912904924e-05,0.0001456409700895609,9.051844027047935e-05,0.9997370562068628,4,0.9997370562068628
4.425130694787029e-05,0.00011267393783952794,0.0007039574959917821,0.99885959621387,0.00027952104535094465,3,0.99885959621387
2.2664559821810672e-05,5.214428279917395e-05,0.0002225160442394107,0.9995581366068398,0.0001445385062998444,3,0.9995581366068398
6.307989409222561e-05,0.00015593290648533787,0.000639110237792452,0.356041691351045,0.643100185610585,4,0.643100185610585
0.9960560566158457,0.003864458973790275,3.340305448557353e-05,2.1578500195883945e-05,2.4502855682366753e-05,0,0.9960560566158457
6.590616818790551e-05,0.9992146460177983,0.000517429787213895,0.00010562711663268432,9.639091016713937e-05,1,0.9992146460177983
7.3414111144434954e-06,1.8329442359722624e-05,6.366547414858818e-05,6.961970645988251e-05,0.9998410439659173,4,0.9998410439659173
0.00013624603237740498,0.00013390400937002292,0.003608156742749715,0.9958672975093551,0.00025439570614769775,3,0.9958672975093551
4.9405511504827815e-06,5.939527185813147e-05,0.9999140839623599,1.1408703306893392e-05,1.0171511324635952e-05,2,0.9999140839623599
1.8031822295826927e-05,0.00043139324981442237,0.9994896191956655,3.278183985073496e-05,2.81738923734364e-05,2,0.9994896191956655
5.567138606864034e-06,4.9872520788302734e-05,0.999913680524563,1.6173635280654494e-05,1.4706180761162861e-05,2,0.999913680524563
7.805188285607895e-06,5.477578942120723e-05,0.9997509119018493,2.055523891834162e-05,0.0001659518815253883,2,0.9997509119018493
2.5458517771627767e-05,6.326540208930177e-05,0.0002786437150765899,0.9994827254647617,0.00014990690030083708,3,0.9994827254647617
7.72563305735922e-06,2.001383051904976e-05,6.876860366383401e-05,0.00010471029831703757,0.9997987816344427,4,0.9997987816344427
0.9988442637971239,0.0009534471461122578,0.0001236689447362122,4.15636983871407e-05,3.705641364019962e-05,0,0.9988442637971239
1.3764024571652307e-05,0.001031777433969711,0.9988885780350184,3.7260602234013905e-05,2.8619904206048338e-05,2,0.9988885780350184
3.0072719368372965e-05,6.607118080033118e-05,0.0002204672308485282,0.999510843812274,0.00017254505670889916,3,0.999510843812274
1.2867087515972455e-05,0.00042798151540190195,0.9995109871845502,2.4216344407917607e-05,2.394786812416127e-05,2,0.9995109871845502
5.443461740408157e-06,0.00010021310075505424,0.9998721719121941,1.1721308543270564e-05,1.0450216767000264e-05,2,0.9998721719121941
8.464485590615177e-06,1.4569478852870801e-05,7.397124089386731e-05,6.538163122154746e-05,0.999837613163441,4,0.999837613163441
9.514805864190609e-06,0.00012969706637445619,0.9998230097025983,2.159511466749782e-05,1.618331049564999e-05,2,0.9998230097025983
8.019057406732577e-06,0.0006333325557457445,0.9993258577685914,1.870021572707676e-05,1.4090402529048075e-05,2,0.9993258577685914
4.98021054788243e-06,6.494905860334253e-05,0.9999081155909596,1.2279744473369657e-05,9.675395415798506e-06,2,0.9999081155909596
0.9996102520391319,0.00033499049785944563,2.3874433681171407e-05,1.6143504550841182e-05,1.4739524776804896e-05,0,0.9996102520391319
7.134671914966942e-06,0.00010669234593522101,0.9998545317918559,1.6942532055915294e-05,1.46986582380017e-05,2,0.9998545317918559
2.034094976715598e-05,5.241818232702327e-05,0.00021151539062870357,0.9995582760860977,0.00015744939117946912,3,0.9995582760860977
1.577814518876171e-05,3.448314678162076e-05,0.00015992848357931566,0.9997233026470855,6.650757736482804e-05,3,0.9997233026470855
1.4639742070187205e-05,3.978329749773037e-05,0.00017700522120672732,0.9996753238535554,9.3247885669913e-05,3,0.9996753238535554
4.374956570290383e-06,0.00019944830896215156,0.9997767875762894,1.0382082055692275e-05,9.007076122499136e-06,2,0.9997767875762894
0.9998383993439369,0.0001297112788911436,1.3886462174195894e-05,8.006218903053706e-06,9.996696094649e-06,0,0.9998383993439369
1.1496584479825893e-05,3.356306936722394e-05,9.789514870746341e-05,0.9997719551125862,8.509008485908788e-05,3,0.9997719551125862
0.9991926506370823,0.000638982457993179,0.00010141176331746515,3.510655360104556e-05,3.184858800593912e-05,0,0.9991926506370823
0.00011422414358338656,0.1975853428857724,0.8020040910521259,0.0001609084114549654,0.00013543350706335847,2,0.8020040910521259
1.1302208877197742e-05,2.9798518066879145e-05,0.0001148820540017874,0.00017765795619606033,0.9996663592628581,4,0.9996663592628581
0.00040452445843479486,0.9974682011981664,0.001676281932612788,0.0002676661832175989,0.00018332622756856833,1,0.9974682011981664
9.437839480138273e-06,0.0002814981077363877,0.999668208946614,2.2736586542930837e-05,1.8118519626483614e-05,2,0.999668208946614
9.353775565724422e-06,0.00026837025026376656,0.9996854812970656,2.027111092917119e-05,1.6523566175832584e-05,2,0.9996854812970656
0.00017504438623181136,0.9994342961523619,0.00016868256605041286,9.579223819434877e-05,0.00012618465716165292,1,0.9994342961523619
0.9991286943390927,0.0007192805763609124,9.202959898867094e-05,3.411402904831381e-05,2.5881456509510822e-05,0,0.9991286943390927
0.9992693474208725,0.000635642674580005,4.2085058771193784e-05,2.8765197696005935e-05,2.4159648080134493e-05,0,0.9992693474208725
7.725933228629307e-06,1.8874817012817978e-05,7.544369478971906e-05,6.032780035875725e-05,0.9998376277546099,4,0.9998376277546099
0.9982422595738214,0.0017157721940531444,1.709525150587681e-05,1.4480181470675116e-05,1.0392799148989696e-05,0,0.9982422595738214
4.7756967342050844e-05,0.00010874402640317141,0.9969586055709994,0.0026138395264886055,0.00027105390876694613,2,0.9969586055709994
3.165998889232368e-05,6.346807634630743e-05,0.9982198461153852,0.0014824230410921573,0.00020260277828409225,2,0.9982198461153852
5.555786242970209e-05,0.00014397180362177853,0.9958447118026388,0.003675875032232749,0.00027988349907690803,2,0.9958447118026388
6.16322908051487e-05,0.00012980849851730258,0.9962085352905538,0.00322259290635493,0.00037743101376890866,2,0.9962085352905538
0.999736679861245,0.00023319549741402604,1.1352085048338415e-05,1.0680215555990406e-05,8.092340736600874e-06,0,0.999736679861245
0.00020237220366602754,0.999421261179069,0.00016399594154516733,0.00011371560133149384,9.8655074388182e-05,1,0.999421261179069
5.788468790905989e-05,0.00013120303103981087,0.9960749369204212,0.003407661640630164,0.00032831371999962524,2,0.9960749369204212
7.1217679176027475e-06,0.0001734071838772305,0.9997923991312135,1.4549692292093974e-05,1.252222469960277e-05,2,0.9997923991312135
0.0007921149859037472,0.008543997757348673,0.989774495041828,0.0005034179920618496,0.000385974222857776,2,0.989774495041828
0.9954785111410218,0.004437653021248775,3.5175343874050215e-05,2.7952504063759505e-05,2.0707989791304223e-05,0,0.9954785111410218
0.0023004114234556013,0.9973604711470768,0.00014558171088756676,0.00010408824720853593,8.944747137166873e-05,1,0.9973604711470768
7.779128879769666e-06,0.00013864275594153782,0.999818242145307,2.080791278856227e-05,1.4528057083341301e-05,2,0.999818242145307
0.9993939477305205,0.0005589855172215913,2.132934566226737e-05,1.4702052647303003e-05,1.1035353948270092e-05,0,0.9993939477305205
7.047006975479257e-05,0.0001883566236764443,0.9941236306717796,0.005200629198722141,0.00041691343606722783,2,0.9941236306717796
0.00012410243364339394,0.9976788880123011,0.0020253731642340725,9.686403688129397e-05,7.47723529401706e-05,1,0.9976788880123011
2.784706004816319e-05,0.9997903721638154,9.180826432185973e-05,4.9454325334458894e-05,4.0518186480159996e-05,1,0.9997903721638154
0.9998263360218648,0.00014475821381822513,1.2400822870992211e-05,9.477246885043832e-06,7.027694560708607e-06,0,0.9998263360218648
8.39943722240702e-05,0.9995485418992951,0.000245568206286925,7.149822250737937e-05,5.039729968656186e-05,1,0.9995485418992951
0.0017226351426979053,0.9979890588819271,0.00013202463203296598,8.36821132429675e-05,7.259923009929861e-05,1,0.9979890588819271
5.2247685296174e-05,0.9993223051737877,0.0005450492652781893,4.608301483063666e-05,3.43148608074704e-05,1,0.9993223051737877
7.661140869914685e-06,0.00014554345585076584,0.9998152430213929,1.8384191830846335e-05,1.3168190055509606e-05,2,0.9998152430213929
0.0030991237461653162,0.9928928772091236,0.002214316580856426,0.0010406091428994525,0.0007530733209551729,1,0.9928928772091236
5.3943333748798856e-05,0.00010737548608638532,0.9972900230027801,0.0022232216388727907,0.00032543653851181757,2,0.9972900230027801
6.542104479763989e-05,0.0001494343192527388,0.9955311018437519,0.003940983878472907,0.00031305891372484574,2,0.9955311018437519
5.052175551128499e-05,0.00012206124437078982,0.997240004607574,0.0023915754701984687,0.00019583692234538164,2,0.997240004607574
0.0001557677287582503,0.9993224386099548,0.00027101099051892667,0.0001426770515301439,0.00010810561923798356,1,0.9993224386099548
2.529700745290659e-05,5.906995179408127e-05,0.000876572902254146,0.9989232472455615,0.0001158128929373856,3,0.9989232472455615
2.896371672962617e-05,7.126678534756837e-05,0.9988787127967618,0.0008885467619618331,0.00013250993919929914,2,0.9988787127967618
1.5995673879465405e-05,4.1904093047036524e-05,0.00014829267742331035,0.9997201246771331,7.368287851711705e-05,3,0.9997201246771331
1.7599794109888844e-05,4.47697276436406e-05,0.0005447119535261339,0.9993142748870606,7.864363765981963e-05,3,0.9993142748870606
7.882677269783394e-06,0.0002289497858333142,0.999736609460073,1.5742736899170884e-05,1.0815339924766336e-05,2,0.999736609460073
1.5689927294625358e-05,4.51033737717236e-05,0.00017584772687550025,0.9996971782009126,6.618077114548446e-05,3,0.9996971782009126
1.2822961441155793e-05,0.0006755412863666508,0.9992681340943131,2.5499090342412612e-05,1.8002567536889207e-05,2,0.9992681340943131
9.58089142089368e-06,0.0002406240485642947,0.9997110274089233,2.300743962858793e-05,1.5760211462981066e-05,2,0.9997110274089233
1.4096661714118125e-05,3.448444415360096e-05,0.0001525807700011071,0.999721964102312,7.687402181937225e-05,3,0.999721964102312
2.242101490117414e-05,4.7538517570561616e-05,0.0010805549911079787,0.9987060467361463,0.0001434387402739761,3,0.9987060467361463
1.3366972926488506e-05,2.6861405995533348e-05,0.00012560584783816202,0.9997523075447566,8.185822848312244e-05,3,0.9997523075447566
2.539902984908882e-05,6.890206431985158e-05,0.9992528026351273,0.0005526531582891775,0.00010024311241436874,2,0.9992528026351273
1.8005003629778743e-05,4.176686025135049e-05,0.00017184401678224027,0.9996656720770127,0.00010271204232391778,3,0.9996656720770127
1.773906153385776e-05,3.973332370129187e-05,0.00015724864055076878,0.9997039799252372,8.129904897684311e-05,3,0.9997039799252372
7.758037582825795e-05,0.9993032422199755,0.0005080621665973985,5.9760494882769086e-05,5.135474271628318e-05,1,0.9993032422199755
1.2556005361404505e-05,8.524796346943878e-05,0.9998289535929414,4.0789503359141815e-05,3.24529348686497e-05,2,0.9998289535929414
5.049751517581826e-06,6.113977105380647e-05,0.9999126633785609,1.117431105499216e-05,9.97278781259122e-06,2,0.9999126633785609
2.039502140353427e-05,4.285443566499631e-05,0.0005647085285929017,0.9992519729923418,0.00012006902199672652,3,0.9992519729923418
4.3494718490928897e-05,0.00010049854392719224,0.998614486677828,0.0010782375719446823,0.00016328248780918245,2,0.998614486677828
5.264204376872462e-06,0.00013987004831633,0.9998324216088453,1.3260790470595418e-05,9.18334799085776e-06,2,0.9998324216088453
1.3329277426206816e-05,2.6765787214568894e-05,0.0001342885831637938,0.9997686234182248,5.6992933970631105e-05,3,0.9997686234182248
8.336846631899339e-06,0.00022501252310082383,0.9997316863603617,1.9394636642591277e-05,1.5569633262957517e-05,2,0.9997316863603617
4.066407025709354e-05,0.9996698637073296,0.0002274351907167079,3.334155177037878e-05,2.8695479926334116e-05,1,0.9996698637073296
0.00017792037750679118,0.9994839996077519,0.0001411961480414388,0.00010408560153107772,9.279826516876877e-05,1,0.9994839996077519
3.498090657803107e-05,8.241516175286383e-05,0.9986374670482824,0.001084989878018073,0.00016014700536876053,2,0.9986374670482824
1.301880022305305e-05,3.2750613932668093e-05,0.0001142713595691885,0.9997755814269047,6.43777993703598e-05,3,0.9997755814269047
1.3097713882322915e-05,2.7396156941007184e-05,0.00011539118152062967,0.9997666265484206,7.748839923538325e-05,3,0.9997666265484206
6.776605652167221e-06,0.0005026922319171705,0.9994595952361673,1.6974946461844984e-05,1.3960979801462686e-05,2,0.9994595952361673
0.00042729558214963645,0.9993427247694585,0.00010565527687205354,6.657049340550685e-05,5.775387811416662e-05,1,0.9993427247694585
1.778982549233152e-05,3.728664945745272e-05,0.00015005885697650195,0.9996959266154818,9.893805259196126e-05,3,0.9996959266154818
6.976030545580472e-05,0.9996605084956062,0.0001859480465458281,4.3657491497903655e-05,4.0125660894260406e-05,1,0.9996605084956062
3.163273873424882e-05,6.52348053444281e-05,0.9984265188974322,0.0012700286001970575,0.00020658495829202982,2,0.9984265188974322
0.9995495833305751,0.0004048521772281651,1.7937602421916016e-05,1.529678238968882e-05,1.233010738494964e-05,0,0.9995495833305751
5.473303121340874e-05,0.0001232962902543396,0.9972748287105031,0.0022798503357273083,0.00026729163230203426,2,0.9972748287105031
2.3087051078117624e-05,5.625091024400735e-05,0.9993146143945214,0.0005074388137187893,9.860883043756924e-05,2,0.9993146143945214
5.4172142320321695e-05,0.002236615886462459,0.9974626132341676,0.00013499475364614106,0.00011160398340341733,2,0.9974626132341676
5.12442062599185e-06,8.135235259643832e-05,0.9998930204037968,1.1694820899429441e-05,8.808002081312161e-06,2,0.9998930204037968
4.9819098607734545e-05,0.9998039774648776,7.340620247814115e-05,3.819849708980821e-05,3.459873694678371e-05,1,0.9998039774648776
4.033264139295634e-06,6.368652970524364e-05,0.9999143932900283,9.577694361340022e-06,8.309221765717209e-06,2,0.9999143932900283
0.00021036779317210966,0.9964893580790906,0.0030259825730821937,0.00015962089854934132,0.00011467065610582363,1,0.9964893580790906
7.14890113963532e-05,0.9996510360416133,0.0001869723077303412,5.150668197377584e-05,3.8995957286337116e-05,1,0.9996510360416133
7.88363737496117e-05,0.00136601159991198,0.9983452827103558,0.00011380161710391817,9.606769887872556e-05,2,0.9983452827103558
0.998929028317418,0.0010203918608455843,1.9013325369842044e-05,1.7930941379137934e-05,1.3635554987576413e-05,0,0.998929028317418
0.9995293882006817,0.000391015642822246,2.864652794820319e-05,2.9396148801329458e-05,2.155347974661937e-05,0,0.9995293882006817
2.1470851717236797e-05,4.012822518720059e-05,0.0009731521933050601,0.9988459670136297,0.0001192817161607853,3,0.9988459670136297
0.9978285971853206,0.002057901635260367,6.128555128441632e-05,3.097086305983004e-05,2.1244765074820434e-05,0,0.9978285971853206
6.517606531824086e-05,0.00013411582890214858,0.9973596821624775,0.002123643861890736,0.0003173820814115439,2,0.9973596821624775
0.9986526400472419,0.001291801415380043,2.7023799422475857e-05,1.54423686148101e-05,1.309236934079119e-05,0,0.9986526400472419
1.6763910058734845e-05,3.542806454016405e-05,0.00016807443563611452,0.9996725587311811,0.00010717485858385213,3,0.9996725587311811
7.914499801376537e-06,6.838539600852468e-05,0.9998807157712278,2.416368784191392e-05,1.8820645120399398e-05,2,0.9998807157712278
1.0299067813986142e-05,0.000310571959068081,0.9996369463790437,2.448025904713416e-05,1.7702335027114755e-05,2,0.9996369463790437
9.910469770542609e-06,0.00025447274296566257,0.9996957117288018,2.2179991107920935e-05,1.772506735406562e-05,2,0.9996957117288018
7.3301868744065065e-06,7.860420763092367e-05,0.9998842905442323,1.7179166097716614e-05,1.2595895164818306e-05,2,0.9998842905442323
2.0440036576106175e-05,4.8711202569706196e-05,0.0008121276745569173,0.9990325968275312,8.612425876618558e-05,3,0.9990325968275312
1.402590421377962e-05,2.6704121510046705e-05,0.00013755725366987055,0.999731859722918,8.985299768832228e-05,3,0.999731859722918
5.3456594143294274e-05,0.999792123987894,8.714112664872774e-05,3.5433817364886865e-05,3.184447394917946e-05,1,0.999792123987894
0.9992363467849859,0.0005236776813102988,0.0001596002472615356,4.653868592674939e-05,3.3836600515635536e-05,0,0.9992363467849859
3.2180290253602945e-05,6.947594781219302e-05,0.0014154579121177433,0.9982943146268484,0.00018857122296823077,3,0.9982943146268484
1.752926422972487e-05,3.53854296483843e-05,0.0001961864947773339,0.999650146432991,0.00010075237835367178,3,0.999650146432991
5.285254100486826e-06,0.00023764110183002724,0.9997328622870192,1.332281940613775e-05,1.0888537644048471e-05,2,0.9997328622870192
1.4689571546011585e-05,3.2460457572868577e-05,0.00014619583099979136,0.9997233702504023,8.328388947905929e-05,3,0.9997233702504023
6.030966020158212e-06,0.00014618565412588373,0.999819543955266,1.6522654699825012e-05,1.1716769888190049e-05,2,0.999819543955266
1.4588993719041329e-05,3.169401879048822e-05,0.00013364322704920398,0.9997391399401309,8.093382031045982e-05,3,0.9997391399401309
0.00011336379888061482,0.9980707948482782,0.001629860258621279,0.00010730456876194867,7.867652545784449e-05,1,0.9980707948482782
1.7201758213732817e-05,4.015217920636991e-05,0.0001808508372294123,0.9996882444514634,7.355077388715042e-05,3,0.9996882444514634
0.9997096896562478,0.00024994375730738545,2.028952646791816e-05,1.1570671002895968e-05,8.506388974107418e-06,0,0.9997096896562478
0.9998699350648419,0.00010267386986127722,1.226217979630125e-05,8.100884485664936e-06,7.028001014685806e-06,0,0.9998699350648419
1.802129416555976e-05,4.378767583422754e-05,0.00017659292992189922,0.9996547231271958,0.00010687497288241826,3,0.9996547231271958
1.7094600720557546e-05,3.608634385521537e-05,0.00021067135574639518,0.9996434536593463,9.269404033160674e-05,3,0.9996434536593463
0.0003946037674193484,0.004892196941714403,0.9941008398840219,0.0003237329613796661,0.0002886264454648051,2,0.9941008398840219
2.6391391197184745e-05,7.444551661267062e-05,0.999100359004601,0.0006624296998748056,0.00013637438771442036,2,0.999100359004601
5.73008343831084e-05,0.00012653090219434692,0.00460516611345623,0.9949442654445816,0.0002667367053848465,3,0.9949442654445816
1.9456235110423546e-05,0.00023437147268385127,0.9996832697959771,3.2204464210210085e-05,3.069803201822757e-05,2,0.9996832697959771
0.9914430386544894,0.008443279539568239,5.271363413881323e-05,3.308324058804138e-05,2.7884931215496772e-05,0,0.9914430386544894
7.969345958515215e-05,0.9995915187153848,0.00020964656733484042,6.379515305638431e-05,5.534610463902976e-05,1,0.9995915187153848
0.0006170754781272031,0.013263796379004893,0.9848925660773127,0.0006435591240629189,0.0005830029414923147,2,0.9848925660773127
4.7245637800345204e-05,0.009313754231719677,0.9904698433213796,9.057638584516897e-05,7.858042325537106e-05,2,0.9904698433213796
1.2365569851690386e-05,0.0013053099043770892,0.9986342522222169,2.964906297133496e-05,1.842324058310083e-05,2,0.9986342522222169
0.999779636927198,0.00018484016156804198,1.823084200542916e-05,9.84648891467167e-06,7.445580313751871e-06,0,0.999779636927198
0.9988260435974947,0.0010979936270016106,3.0245613987282924e-05,2.3970854855118766e-05,2.174630666133249e-05,0,0.9988260435974947
4.8880050759176386e-06,8.029741025559137e-05,0.9998924381283115,1.23131258762906e-05,1.0063330480793805e-05,2,0.9998924381283115
0.9991124132328514,0.0008332804881566198,2.287822602184219e-05,1.7578046039131254e-05,1.385000693088816e-05,0,0.9991124132328514
2.0798198449132906e-05,5.1238140476165754e-05,0.00017533068305036,0.9996698601059028,8.277287212144654e-05,3,0.9996698601059028
0.9989215110757795,0.0010213073177210204,2.072033536029526e-05,2.0407532079660005e-05,1.605373905947573e-05,0,0.9989215110757795
1.74159994503115e-05,4.190108518480661e-05,0.00018469591133496078,0.9996554108534297,0.00010057615060012218,3,0.9996554108534297
1.8052636793025333e-05,4.232238944661998e-05,0.00017077584367406414,0.9996741570994506,9.469203063566436e-05,3,0.9996741570994506
1.4903783711902367e-05,3.20033163984186e-05,0.00015707714109229587,0.9996809977194681,0.00011501803932948248,3,0.9996809977194681
0.9979710714604737,0.0018661088596850636,8.157290957224116e-05,4.758246212223281e-05,3.3664308146625575e-05,0,0.9979710714604737
0.00010611732635392719,0.9991826705378447,0.0005716689688634654,8.098252252773971e-05,5.8560644410122745e-05,1,0.9991826705378447
3.177509598531806e-05,9.263584691194111e-05,0.9988530304825479,0.0008895722598442501,0.00013298631471059076,2,0.9988530304825479
8.807434275183765e-05,0.9996801465448125,0.00010889118389353497,6.496654183819562e-05,5.792138670398829e-05,1,0.9996801465448125
8.53689344950604e-05,0.9994813763817538,0.0003056286241370781,6.833840908303976e-05,5.928765053093999e-05,1,0.9994813763817538
7.077476435514047e-05,0.9985524545382763,0.001239022742008842,7.5798771998417e-05,6.194918336108211e-05,1,0.9985524545382763
4.5995423909992655e-06,0.00027214111313832157,0.999704970257452,9.464972170283252e-06,8.824114848427173e-06,2,0.999704970257452
0.00016524726020104375,0.0011683821554757806,0.9983126483695095,0.00018395832259418093,0.00016976389221934227,2,0.9983126483695095
5.7579485753567665e-05,0.9994492491712657,0.0004101577586777523,4.72697817023057e-05,3.574380260090617e-05,1,0.9994492491712657
3.160696785435991e-05,7.444820891821228e-05,0.9990596717313032,0.0006727740649770376,0.00016149902694721817,2,0.9990596717313032
0.999703107727206,0.00024186994073489374,2.505115629301923e-05,1.427260407221405e-05,1.569857169407833e-05,0,0.999703107727206
2.1270935501675906e-05,4.4062934928049976e-05,0.0008457129377408854,0.9989340156908948,0.0001549375009345544,3,0.9989340156908948
1.743774876613332e-05,3.2375547235266854e-05,0.00019307986092285202,0.9996581209896597,9.898585341612389e-05,3,0.9996581209896597
8.735623156017134e-06,0.0004042065103853103,0.9995534724829847,1.972882329388294e-05,1.3856560180192742e-05,2,0.9995534724829847
2.0824487135656926e-05,4.055379005641018e-05,0.00019832150421636926,0.9996403387993984,9.996141919311939e-05,3,0.9996403387993984
3.12587445146944e-05,9.392239936455171e-05,0.9988929018077117,0.0007818819660884358,0.00020003508232074066,2,0.9988929018077117
2.8742140702927157e-05,5.596126139522351e-05,0.0015213825995313117,0.9982281086044489,0.00016580539392168993,3,0.9982281086044489
6.195126205234661e-05,0.9996947980024875,0.00010886390366406361,7.516399182028923e-05,5.9222839975886084e-05,1,0.9996947980024875
8.681850848344753e-06,0.0001781092662261546,0.9997780505701168,2.0636232483821508e-05,1.4522080324863552e-05,2,0.9997780505701168
0.00010839248443945321,0.9996204510946312,0.00013113490836568165,7.319352973129342e-05,6.682798283226504e-05,1,0.9996204510946312
3.023292752672989e-05,6.613260029173164e-05,0.9988750750490066,0.0009039644459828873,0.0001245949771919659,2,0.9988750750490066
2.3081562140058045e-05,5.7431233631907867e-05,0.0009426777506559309,0.9988500793423362,0.00012673011123587395,3,0.9988500793423362
0.0001736941488754765,0.01508914651516527,0.9840664307791727,0.00036552803876309126,0.0003052005180236122,2,0.9840664307791727
2.6272880032583164e-05,6.754876633433248e-05,0.9989691430404524,0.0008167051248687803,0.00012033018831179695,2,0.9989691430404524
0.0011331488845226145,0.9966631094503767,0.0014049549795982373,0.00042575239326588324,0.00037303429223641845,1,0.9966631094503767
8.326568168361292e-05,0.9995694215232007,0.000243578000967659,5.830050116208276e-05,4.543429298625125e-05,1,0.9995694215232007
1.2148573220987723e-05,2.77311124245279e-05,0.00012464682454623474,0.9997679034131232,6.757007668514733e-05,3,0.9997679034131232
2.6648646176813974e-05,0.00025716496573824853,0.9996519273698801,4.134602199663324e-05,2.2912996208119666e-05,2,0.9996519273698801
1.855323189707696e-05,4.989689677045027e-05,0.0002514205495048581,0.999566510875521,0.00011361844630669506,3,0.999566510875521
1.9010690843164832e-05,4.2877579600755055e-05,0.0008527919783403249,0.9989670711868713,0.00011824856434438542,3,0.9989670711868713
0.00011164747209706813,0.03707937101983941,0.9624747467875304,0.00019597552807276442,0.0001382591924604015,2,0.9624747467875304
5.800874722528383e-06,0.00025378006846030416,0.9997161519431957,1.3616611578790397e-05,1.0650502042401298e-05,2,0.9997161519431957
1.2027318977524468e-05,3.201435835578749e-05,0.00011341599964753903,0.9997815024893419,6.103983367705965e-05,3,0.9997815024893419
1.812539255113994e-05,5.328024399614779e-05,0.00019961361426257273,0.9996257415372843,0.00010323921190588136,3,0.9996257415372843
1.2282228247513865e-05,3.698004906973282e-05,0.00010810221243374439,0.9997837831280074,5.88523822415416e-05,3,0.9997837831280074
9.62419695012919e-06,0.00014724786412239255,0.9997978546654462,2.544576305449235e-05,1.9827510426710727e-05,2,0.9997978546654462
2.091720943800452e-05,4.919856470569205e-05,0.0001618953459859799,0.0018217082273527597,0.9979462806525177,4,0.9979462806525177
0.0001708308259325167,0.8620618473385997,0.13717159262063688,0.0003114058918463118,0.0002843233229845733,1,0.8620618473385997
1.9648037804880383e-05,3.777489597214115e-05,0.0006662374959440281,0.9991604780453073,0.0001158615249717104,3,0.9991604780453073
4.762693484622541e-06,0.0001615828298398276,0.9998100059406936,1.3836563594601352e-05,9.81197238740145e-06,2,0.9998100059406936
1.3759056352947999e-05,3.0271195866756247e-05,0.0001475548304265529,0.9997260987252746,8.231619207918169e-05,3,0.9997260987252746
2.8977811943650884e-05,6.597424378368081e-05,0.9988462188216413,0.0009526401055438594,0.00010618901708774471,2,0.9988462188216413
1.213831630391553e-05,0.00022232215633276886,0.9997158237978779,2.8852041066510504e-05,2.0863688418984856e-05,2,0.9997158237978779
7.450396491626353e-06,5.7096230939684555e-05,0.9998908674959399,2.075432156909586e-05,2.3831555059717043e-05,2,0.9998908674959399
5.178506341641701e-06,6.602226570705958e-05,0.9999058333359596,1.2297273194997574e-05,1.0668618796533496e-05,2,0.9999058333359596
9.202993435543612e-05,0.9938758456283604,0.005690682927389426,0.00019699977640413733,0.0001444417334907177,1,0.9938758456283604
0.00035830159265036693,0.9979484908243685,0.0010830430145870186,0.0003475049139830585,0.00026265965441104873,1,0.9979484908243685
9.483165461283855e-05,0.9993654773909801,0.0004007561458989271,7.533738701257703e-05,6.359742149556041e-05,1,0.9993654773909801
2.3421876568984077e-05,5.022623773225763e-05,0.0009015908183443326,0.9989031762332644,0.00012158483409004078,3,0.9989031762332644
0.00011224283376044664,0.9995696737866816,0.00019084446147461069,7.535512283176147e-05,5.188379525170613e-05,1,0.9995696737866816
1.5501154989218074e-05,3.191489533572512e-05,0.0001618551314341247,0.9996900971588988,0.00010063165934204839,3,0.9996900971588988
1.956553972498899e-05,4.298351954932372e-05,0.0001490627585017889,0.9997124023860379,7.598579618596168e-05,3,0.9997124023860379
2.7323843408201446e-05,7.006833706015731e-05,0.9991943846255831,0.0005933361530475818,0.00011488704090085494,2,0.9991943846255831
0.00011092208165795682,0.000517829968537531,0.9991815431602055,0.00010695735608037195,8.27474335187186e-05,2,0.9991815431602055
1.647712688275913e-05,3.534705463288486e-05,0.000182934343946865,0.9996754400226735,8.980145186396374e-05,3,0.9996754400226735
0.00015852109089559615,0.9992712603342645,0.0004037778098868273,9.299275223084397e-05,7.34480127222708e-05,1,0.9992712603342645
1.7867152979550347e-05,4.1705188209371714e-05,0.00014744397471329538,0.9997098116749695,8.317200912832117e-05,3,0.9997098116749695
9.440744127399765e-05,0.9980264991264257,0.0017339076016888494,7.966535996587567e-05,6.552047064535839e-05,1,0.9980264991264257
1.786638638263715e-05,3.794051496367166e-05,0.00020394432708942744,0.9996142233698865,0.00012602540167773316,3,0.9996142233698865
7.483136963180352e-06,0.00026716062276004005,0.9996937718819507,1.6654563073121878e-05,1.4929795252799475e-05,2,0.9996937718819507
7.3926186240329606e-06,0.0005301422732411942,0.9994356249146649,1.4727564427775073e-05,1.211262904204533e-05,2,0.9994356249146649
1.486439855768703e-05,3.13984090223693e-05,0.0001952590097715442,0.9996744994952221,8.397868742624867e-05,3,0.9996744994952221
1.604001305004432e-05,3.6116326684010726e-05,0.00019453922669526282,0.9996774071785334,7.589725503716365e-05,3,0.9996774071785334
6.818620937775766e-05,0.9997873123656866,7.514180800037303e-05,3.910560857120022e-05,3.0254008364070282e-05,1,0.9997873123656866
1.8249818439329845e-05,4.013668037581861e-05,0.0001805404850448695,0.9996457172923261,0.0001153557238136916,3,0.9996457172923261
8.560713125113739e-06,4.922763636608772e-05,0.9998901152007259,2.4606525001504633e-05,2.7489924781212776e-05,2,0.9998901152007259
8.090514224980828e-06,1.5989028377390558e-05,9.474255349643699e-05,6.512934660362858e-05,0.9998160485572974,4,0.9998160485572974
0.9997625981464786,0.00020769330738133466,1.1384681029240276e-05,1.0054543917084826e-05,8.269321193728468e-06,0,0.9997625981464786
1.4643124023702324e-05,3.1178527819794475e-05,0.0001387998359509368,0.9996799128518854,0.00013546566032004507,3,0.9996799128518854
1.8569017779764502e-05,4.033977864053332e-05,0.0001627163686584912,0.999664415959503,0.00011395887541847843,3,0.999664415959503
1.7940191631078404e-05,4.0786696024942955e-05,0.00012338897889865817,0.9996952309940829,0.00012265313936243809,3,0.9996952309940829
0.00024288292736635215,0.9987050889210993,0.0006841877284470506,0.0002127784017366411,0.00015506202135062705,1,0.9987050889210993
2.27987031649614e-05,5.7564835369062044e-05,0.9990522187980065,0.0007482120179453597,0.00011920564551417241,2,0.9990522187980065
9.564006044131665e-06,0.0005058357710440927,0.999442551227744,2.3844487491937433e-05,1.8204507675960296e-05,2,0.999442551227744
8.498341097269474e-06,0.0001230977724644132,0.9998328628328538,1.9030745495557873e-05,1.651030808915797e-05,2,0.9998328628328538
8.912879683450133e-05,0.9996720441137306,0.00011913147589863629,6.294816356812906e-05,5.674744996806261e-05,1,0.9996720441137306
2.0805760169027187e-05,3.971439710930467e-05,0.0002139724135175834,0.9996185766345744,0.00010693079462946925,3,0.9996185766345744
0.9993065564205974,0.0006388310766368045,2.2448201239132413e-05,1.866019594767696e-05,1.350410557881206e-05,0,0.9993065564205974
3.563409148482189e-05,8.534383380810797e-05,0.9987204531672957,0.0009317657972772545,0.0002268031101341387,2,0.9987204531672957
1.9364030684357527e-05,4.159008013214399e-05,0.0006430741157308113,0.9991570509827331,0.00013892079071961333,3,0.9991570509827331
2.545884854306269e-05,4.4002682141090016e-05,0.00022892145459619452,0.9995737458485476,0.0001278711661720646,3,0.9995737458485476
7.951799775033235e-06,0.00018253899497865428,0.9997797666928466,1.7120733284620587e-05,1.2621779115032998e-05,2,0.9997797666928466
1.3220818470028106e-05,2.6960079847729722e-05,0.000134942955816057,0.9997536598973457,7.121624852040208e-05,3,0.9997536598973457
6.53735232948195e-06,0.00015244599907929615,0.999812621154134,1.6479049601789164e-05,1.1916444855327802e-05,2,0.999812621154134
1.876805852713014e-05,3.727006252414461e-05,0.00022069882257217795,0.9995940852317065,0.0001291778246701306,3,0.9995940852317065
8.586969839852966e-05,0.9996426089732945,0.0001540514412543976,6.098723589349052e-05,5.64826511590033e-05,1,0.9996426089732945
1.8716399269704072e-05,4.24636317113324e-05,0.0008075930584621877,0.9990115193294182,0.00011970758113873167,3,0.9990115193294182
0.0019169817659542056,0.9952487647216562,0.0019292132667235733,0.0005334002260538239,0.00037164001961196956,1,0.9952487647216562
2.7411325281823618e-05,8.42480854146785e-05,0.9992093664294118,0.0005341196085216147,0.00014485455136987956,2,0.9992093664294118
3.0289108252885098e-05,7.692819877076701e-05,0.9990280100158402,0.0006981457682241417,0.0001666269089120487,2,0.9990280100158402
1.3560187159763637e-05,0.002233677554471935,0.9977091903685629,2.474229899732966e-05,1.8829590807944416e-05,2,0.9977091903685629
8.029430040923645e-05,0.9995985671609309,0.0002105994112032577,5.930493922897382e-05,5.123418822777591e-05,1,0.9995985671609309
7.574707905895495e-06,4.9224659384228705e-05,0.9997536421279699,1.907645485627138e-05,0.0001704820498835929,2,0.9997536421279699
1.6319320630702867e-05,3.945720003159409e-05,0.00020250360322933954,0.9996265743981412,0.00011514547796720958,3,0.9996265743981412
2.67419572701811e-05,5.631671919410621e-05,0.9992334738106953,0.0005156675416934539,0.00016779997114687174,2,0.9992334738106953
3.370713396802782e-05,0.00475803257827516,0.9951046401183277,6.150594351117781e-05,4.211422591812692e-05,2,0.9951046401183277
1.917335003892268e-05,4.397739509103715e-05,0.00017929958005860635,0.9996459919711593,0.00011155770365209254,3,0.9996459919711593
5.665974197022145e-06,4.870863154219255e-05,0.9999192404307974,1.451596577611235e-05,1.1868997687092874e-05,2,0.9999192404307974
0.0004390546512729917,0.9986711626125429,0.0005430209359364391,0.00018503468940375418,0.0001617271108438422,1,0.9986711626125429
2.1284439730100102e-05,4.2896262954006765e-05,0.0008082468198002994,0.9990031637131297,0.0001244087643859959,3,0.9990031637131297
0.003595600803191423,0.9925283749836858,0.002519531176198492,0.0007047197465393652,0.0006517732903849706,1,0.9925283749836858
2.0601270780099364e-05,4.708076141543906e-05,0.00020773396422154154,0.9996049046585322,0.0001196793450506922,3,0.9996049046585322
3.550873595697001e-05,8.274015614876057e-05,0.00032615464911330363,0.0225298159088192,0.9770257805499617,4,0.9770257805499617
6.536540734702565e-06,0.00021271088662372926,0.9997520925527678,1.5193615326720022e-05,1.3466404547154974e-05,2,0.9997520925527678
1.4328685946436319e-05,3.729240923526553e-05,0.00015221742453502867,0.9997230372881357,7.312419214748712e-05,3,0.9997230372881357
0.9994025465802242,0.0004442554223920778,6.410474396511869e-05,4.720950249484354e-05,4.188375092359805e-05,0,0.9994025465802242
5.456517624797929e-05,0.9967068787935635,0.00307224750200739,9.464917863809144e-05,7.165934954297991e-05,1,0.9967068787935635
0.0007241666647810387,0.9990074523038003,0.0001473137261371982,6.412478024770061e-05,5.694252503386598e-05,1,0.9990074523038003
2.504130194346757e-05,5.44672492303689e-05,0.0007819354158261929,0.9989617507186838,0.00017680531431606884,3,0.9989617507186838
1.948186655021111e-05,4.435690168162018e-05,0.0001854943461240273,0.9996090654796874,0.0001416014059568641,3,0.9996090654796874
9.713652397065316e-05,0.999424472644306,0.00035304049810268404,6.654657993819795e-05,5.880375368257963e-05,1,0.999424472644306
0.00034737923197191155,0.9983104655506072,0.0008812885797481496,0.00024454259714389633,0.00021632404052873648,1,0.9983104655506072
7.797259342968547e-06,1.4772819743589969e-05,7.59505272770119e-05,0.00010066771703245139,0.9998008116766041,4,0.9998008116766041
0.9997283525406025,0.0002259656888912258,2.425170629726795e-05,1.2408379139373192e-05,9.021685069629189e-06,0,0.9997283525406025
6.891461942985588e-06,0.00012872223108152117,0.9998377274199604,1.415863876542534e-05,1.2500248249499578e-05,2,0.9998377274199604
1.3711603875886026e-05,3.115279377898771e-05,0.00015662509977423122,0.9997270312040802,7.14792984907513e-05,3,0.9997270312040802
2.4397287517697297e-05,5.050115717576519e-05,0.00021468908881021624,0.9995510803053886,0.0001593321611076697,3,0.9995510803053886
5.233133752355281e-06,5.099384211889833e-05,0.9999209056206196,1.2086242797565023e-05,1.0781160711575354e-05,2,0.9999209056206196
1.2135504545422147e-05,0.0012782305286163874,0.9986658982070667,2.5351527712070753e-05,1.8384232059290382e-05,2,0.9986658982070667
2.322130433797005e-05,4.9146985748732376e-05,0.00024070676805242102,0.9995603672683926,0.000126557673468342,3,0.9995603672683926
2.8255876975967624e-05,6.858728709085392e-05,0.9990752410755597,0.000657409729050234,0.00017050603132339387,2,0.9990752410755597
1.7647941021989893e-05,4.318882261030221e-05,0.0007686983088685881,0.9991140826778473,5.63822496518608e-05,3,0.9991140826778473
1.313914648608138e-05,2.9520511571110392e-05,0.00018180592412034738,0.9996914981979591,8.403621986319896e-05,3,0.9996914981979591
0.000654912533647262,0.9983470866852601,0.0005957715799191142,0.00021473545001872543,0.00018749375115480416,1,0.9983470866852601
7.088165397302243e-06,0.00014358270879956785,0.999820348218936,1.661567846777497e-05,1.2365228399216457e-05,2,0.999820348218936
5.7016220674911185e-06,0.00011477387220461778,0.9998549129807571,1.2865197295087907e-05,1.1746327675767985e-05,2,0.9998549129807571
2.142425970702594e-05,4.94066794462415e-05,0.00014219208539502617,0.9996597914978392,0.00012718547761251424,3,0.9996597914978392
0.9993308784064948,0.0005415921758920941,5.77555848392628e-05,3.8285812608206686e-05,3.1488020165906557e-05,0,0.9993308784064948
0.0004351572136920703,0.9950354613226723,0.0038815903610918585,0.00036942985548585013,0.00027836124705805205,1,0.9950354613226723
2.044363137587233e-05,4.327165382837216e-05,0.0006091855560579133,0.9992020386326909,0.00012506052604711103,3,0.9992020386326909
0.9997437370649547,0.0002113128980817174,1.9385368903456104e-05,1.1188155578885809e-05,1.4376512481231715e-05,0,0.9997437370649547
2.125399370715884e-05,6.106198162200618e-05,0.0006819098939548452,0.9991408098418467,9.496428886919038e-05,3,0.9991408098418467
1.7495050550648585e-05,3.58465147760219e-05,0.00043402188593568515,0.9994073507037989,0.00010528584493872087,3,0.9994073507037989
2.828324388940467e-05,5.227063250178482e-05,0.000318438603438166,0.9993751736811406,0.00022583383903018056,3,0.9993751736811406
7.642907806720356e-06,1.5045375500863279e-05,0.00010542640976878786,6.397064940283707e-05,0.9998079146575207,4,0.9998079146575207
3.4479054567849805e-06,4.718666777897038e-05,0.9999340744878152,8.18765731957492e-06,7.103281629518122e-06,2,0.9999340744878152
4.210097683756218e-06,7.03492075423336e-05,0.9999048919310247,1.1881095919573735e-05,8.66766782972492e-06,2,0.9999048919310247
0.00010156508123067401,0.9996406610738351,0.0001152236330273462,6.969678908064233e-05,7.285342282636637e-05,1,0.9996406610738351
3.9127064463912405e-05,0.00011764042595193405,0.9985414930881547,0.0010381551519587193,0.0002635842694710538,2,0.9985414930881547
1.3567830475862357e-05,3.149107188093085e-05,0.00015561004961792832,0.0008484342221068724,0.9989508968259183,4,0.9989508968259183
7.291094083502563e-06,1.7237238367684296e-05,6.759766449555577e-05,7.670309077071455e-05,0.9998311709122827,4,0.9998311709122827
8.498887548239572e-05,0.9996397348306759,0.00017760266817445631,5.372671954166729e-05,4.394690612555122e-05,1,0.9996397348306759
0.9993201294138525,0.0006375727233787503,1.7965401482571233e-05,1.3737547239838133e-05,1.0594914046177166e-05,0,0.9993201294138525
0.0003632071801805329,0.0009286133731411884,0.6004392382969207,0.39594302574162293,0.0023259154081347495,2,0.6004392382969207
3.600789130210228e-06,6.934838194108084e-05,0.9999104875401287,9.150053656771868e-06,7.413235143204701e-06,2,0.9999104875401287
4.344127302225648e-05,0.99899812685662,0.000825368351071568,5.692666672615449e-05,7.613685255994632e-05,1,0.99899812685662
0.9988430757799576,0.0008717654346531163,0.00017624927955969854,4.859995224993796e-05,6.0309553579613886e-05,0,0.9988430757799576
8.405637517224244e-06,1.691227724987176e-05,8.460330143365315e-05,7.00122098857895e-05,0.9998200665739135,4,0.9998200665739135
8.815187040514429e-06,2.574014311584383e-05,8.98156362956953e-05,7.608513536234655e-05,0.9997995438981855,4,0.9997995438981855
2.2436724074259118e-05,5.125013042150701e-05,0.00019808011226498905,0.9995415090177726,0.00018672401546648598,3,0.9995415090177726
0.9990475603671403,0.00092126688250983,1.4249969766942807e-05,8.963357890282987e-06,7.959422692497131e-06,0,0.9990475603671403
0.9991115287516358,0.0006808780558775786,0.000126714815664279,4.685867056721854e-05,3.401970625495014e-05,0,0.9991115287516358
1.8165579615912557e-05,4.4402337531787215e-05,0.0002032046993139021,0.9995973518407247,0.00013687554281381154,3,0.9995973518407247
2.8341381668214986e-05,6.981397590760979e-05,0.998921468544416,0.0008687243701110744,0.00011165172789705328,2,0.998921468544416
6.4560340980335556e-06,0.0002279567158049055,0.9997375147709971,1.4557615398008094e-05,1.351486370205506e-05,2,0.9997375147709971
1.4185407609024159e-05,2.8762005654268564e-05,0.00016035635274574,0.999706425223368,9.027101062306024e-05,3,0.999706425223368
9.684483254192984e-05,0.9996290366898651,0.00012512884640324094,8.730891874396254e-05,6.168071244588299e-05,1,0.9996290366898651
1.282798235724148e-05,8.552135784387339e-05,0.9998303891959143,3.6032089728377414e-05,3.522937415608884e-05,2,0.9998303891959143
0.000254235731655934,0.9987431700863197,0.0006158101537225626,0.0002186162355819305,0.00016816779271972763,1,0.9987431700863197
7.29603780804226e-06,1.7747019664697867e-05,6.930821309417073e-05,7.269276391228273e-05,0.9998329559655208,4,0.9998329559655208
0.9994954499021903,0.0003553687538087653,8.512897818545623e-05,3.4539914953628326e-05,2.9512450861593097e-05,0,0.9994954499021903
0.9993289626396447,0.0005531083447071156,3.566487676496922e-05,2.795080750288058e-05,5.431333138042817e-05,0,0.9993289626396447
4.409235633171265e-05,0.0001359897906815452,0.005540258099242904,0.994108920444073,0.00017073930967064703,3,0.994108920444073
0.9997929634479251,0.00017816663028798175,1.1569257434072935e-05,9.06018006182114e-06,8.240484290916986e-06,0,0.9997929634479251
1.912108173360185e-05,3.4868515734491435e-05,0.00021606055369172936,0.9996068581439639,0.00012309170487617816,3,0.9996068581439639
1.4360434060133097e-05,3.222549988337403e-05,0.00014338658000233014,0.9996876523752484,0.00012237511080590818,3,0.9996876523752484
1.5561532891271666e-05,4.391412865872294e-05,0.00018187460690767622,0.9996574218262028,0.00010122790533949098,3,0.9996574218262028
1.3185630645226399e-05,3.23003749943847e-05,0.0001629870863892777,0.9997017571472936,8.97697606774114e-05,3,0.9997017571472936
6.260291818799526e-06,0.0005165040161195557,0.9994496076806809,1.4730727383403595e-05,1.2897283997272444e-05,2,0.9994496076806809
1.2685867184025722e-05,3.2122323498278446e-05,0.00014189544004523371,0.9997357285926918,7.756777658080353e-05,3,0.9997357285926918
1.9570254608269073e-05,4.684853703394421e-05,0.0002361677650714606,0.999570458330017,0.00012695511326943582,3,0.999570458330017
0.0001455963273494607,0.998340909355597,0.0012934841925560713,0.0001271555381452001,9.285458635212334e-05,1,0.998340909355597
1.3979925688655716e-05,3.637220340625032e-05,0.00015555267588698797,0.9997369860114741,5.710918354410765e-05,3,0.9997369860114741
2.230609827509877e-05,4.324098280213853e-05,0.0007353216392499604,0.9990416931918369,0.0001574380878359053,3,0.9990416931918369
0.9989030741854281,0.001039456016826851,2.358415947775437e-05,1.997105344026104e-05,1.391458482708137e-05,0,0.9989030741854281
7.616944127190831e-06,6.037947773388791e-05,0.9998802840265424,2.3579585840678505e-05,2.813996575581548e-05,2,0.9998802840265424
7.209435430620266e-06,5.279107048181987e-05,0.9997766562241513,1.5903831343839388e-05,0.00014743943859236986,2,0.9997766562241513
2.0736054206016648e-05,3.7439389225522274e-05,0.00017796145808807116,0.9996284452091487,0.00013541788933182529,3,0.9996284452091487
1.3428926869113138e-05,2.9405922848508536e-05,0.00012905631356404187,0.9997669494508246,6.115938589370061e-05,3,0.9997669494508246
7.291079738688238e-06,2.0789549143673842e-05,8.004374844725378e-05,6.267182154251784e-05,0.9998292038011279,4,0.9998292038011279
5.53750115156352e-06,0.00016539512556629563,0.999803068590291,1.459828252922808e-05,1.1400500461939156e-05,2,0.999803068590291
1.7615104816405345e-05,2.7924253430879017e-05,0.0002120517931935422,0.9996426831308051,9.972571775405743e-05,3,0.9996426831308051
2.648681168565017e-05,5.2547782989198716e-05,0.0003075631945094899,0.9994247613828764,0.00018864082793928436,3,0.9994247613828764
2.2925687073540885e-05,4.130803224891309e-05,0.00026986986085731474,0.9995077523535306,0.0001581440662896096,3,0.9995077523535306
1.4916995534088359e-05,3.2386291402487784e-05,0.00018755943537657543,0.0017316394373903144,0.9980334978402966,4,0.9980334978402966
0.00029573620807068595,0.9978729694821867,0.0013634553067674458,0.00021829231023205346,0.0002495466927431917,1,0.9978729694821867
1.4807123079329263e-05,3.890513325180551e-05,0.00012532541064286267,0.9996909812175796,0.0001299811154462645,3,0.9996909812175796
2.849820836811917e-05,6.226994169816977e-05,0.9989927077971407,0.000708947972981981,0.0002075760798113079,2,0.9989927077971407
5.147202535981307e-05,0.9984631088583596,0.001394914925948963,5.3285921456429635e-05,3.721826887508419e-05,1,0.9984631088583596
1.0618214155163257e-05,2.188273990786797e-05,0.0001250425038650391,0.00010838603791566605,0.9997340705041563,4,0.9997340705041563
1.4269174506663684e-05,3.689789004409968e-05,0.00014087612230958394,0.999722905187193,8.505162594668691e-05,3,0.999722905187193
3.43738694763641e-05,7.144232956050093e-05,0.00039879231533241505,0.999370902799248,0.00012448868638269506,3,0.999370902799248
7.850317140908767e-05,0.9994332331955023,0.0003754060916367021,6.21832610804401e-05,5.067428037154029e-05,1,0.9994332331955023
7.290920753431095e-06,1.6951930777367016e-05,9.127624379982775e-05,7.707882684773954e-05,0.9998074020778217,4,0.9998074020778217
2.408024681510277e-05,5.220046030883809e-05,0.0008882005630956771,0.9988830637919255,0.00015245493785510114,3,0.9988830637919255
8.01862441652809e-06,1.3528249667846986e-05,8.520614941247935e-05,6.112881829318202e-05,0.99983211815821,4,0.99983211815821
2.580528772390364e-05,6.020471504874637e-05,0.0002610214474611375,0.9995147746180153,0.00013819393175091484,3,0.9995147746180153
0.00012106858118891786,0.9994709650230174,0.00023482776101563937,9.360683724459602e-05,7.953179753341695e-05,1,0.9994709650230174
0.0022359946487841213,0.9973150161332845,0.000207758760417664,0.00010594961954604555,0.0001352808379674733,1,0.9973150161332845
1.4874572781336506e-05,2.693974193349395e-05,0.00014647228333370475,0.0008227988885089379,0.9989889145134426,4,0.9989889145134426
0.00018327680218903266,0.9991623407937776,0.00040366973139632333,0.00012974887520724831,0.00012096379742960625,1,0.9991623407937776
4.398692053498409e-06,6.752818605927725e-05,0.999906504344449,9.94917084698718e-06,1.1619606591379077e-05,2,0.999906504344449
1.0154540600254855e-05,9.400068607478857e-05,0.9998434361302166,2.6180401964931182e-05,2.6228241143474313e-05,2,0.9998434361302166
7.232359799538058e-05,0.9996971561982694,0.00013921367767061449,4.899027981146184e-05,4.231624625304139e-05,1,0.9996971561982694
2.8982586283238623e-05,7.34552414395093e-05,0.0003667081492390053,0.9993902580033253,0.0001405960197128905,3,0.9993902580033253
1.7003695621099523e-05,3.887510419084539e-05,0.0001710483718077434,0.999654425478998,0.00011864734938240666,3,0.999654425478998
1.554770546389422e-05,3.297829340855193e-05,0.000123865599284409,0.9997699270845279,5.76813173152998e-05,3,0.9997699270845279
5.738841243880896e-05,0.9997704938238405,0.00010104910152285989,3.890026402593364e-05,3.216839817177769e-05,1,0.9997704938238405
0.00020530659112124835,0.9459328676085383,0.05314505540758404,0.00040217577850890443,0.0003145946142474735,1,0.9459328676085383
1.1848042374184882e-05,2.556717235927247e-05,0.00012485296516691452,0.9997560047433209,8.172707677893312e-05,3,0.9997560047433209
5.557982710248985e-06,0.00011253057952034451,0.9998541219283524,1.6339103662758425e-05,1.1450405754369003e-05,2,0.9998541219283524
2.9301972292281026e-05,7.346077354136073e-05,0.9991045079107004,0.000639120770620649,0.00015360857284533932,2,0.9991045079107004
7.730878056049785e-06,2.3429340552022196e-05,8.82336691153029e-05,7.918139236782093e-05,0.9998014247199088,4,0.9998014247199088
0.00010116586243588703,0.9992936700799719,0.00046654818034792996,7.696768771278565e-05,6.16481895311972e-05,1,0.9992936700799719
7.2910471371501895e-06,1.6401914591468238e-05,8.389837796206682e-05,6.76755234723521e-05,0.999824733136837,4,0.999824733136837
7.2913314237262275e-06,1.4789908724961838e-05,5.434620774800841e-05,5.9855062995100105e-05,0.9998637174891083,4,0.9998637174891083
8.525194484055e-06,0.002477939903715081,0.9974742068768775,2.098838104195413e-05,1.8339643881364637e-05,2,0.9974742068768775
7.731484869039087e-06,1.9162711961528344e-05,8.196390588481939e-05,8.865146369035574e-05,0.9998024904335941,4,0.9998024904335941
3.419725289615644e-05,7.335405126908838e-05,0.0004146467869243288,0.01260204753690248,0.9868757543720079,4,0.9868757543720079
2.238048980350835e-05,5.292891141720989e-05,0.0008635960612334092,0.9989272057855626,0.00013388875198333926,3,0.9989272057855626
1.388069206221327e-05,3.62268734901071e-05,0.00012494309187583295,0.9997363705345765,8.857880799542127e-05,3,0.9997363705345765
7.899747925307418e-06,1.8829470790820315e-05,8.039402564179852e-05,6.517469104310772e-05,0.999827702064599,4,0.999827702064599
1.3358190372701891e-05,3.00369204650124e-05,0.00017430112810523518,0.9996973167270756,8.498703398145219e-05,3,0.9996973167270756
8.230021332599432e-06,0.00020121895826325414,0.999754618036253,2.09311010607221e-05,1.500188309046887e-05,2,0.999754618036253
1.6686597477868947e-05,4.3888182014356445e-05,0.00016733548456012158,0.0001136658314921592,0.9996584239044556,4,0.9996584239044556
7.706358842322768e-06,1.425536809553242e-05,7.478500599148015e-05,6.541991221759593e-05,0.999837833354853,4,0.999837833354853
0.00016339811567127365,0.9988208730131666,0.0007309253131587225,0.00011797669579503736,0.00016682686220838685,1,0.9988208730131666
4.05620846180007e-06,0.0001535747953038568,0.9998259791679014,9.448142680651196e-06,6.9416856521658414e-06,2,0.9998259791679014
0.9992526175717157,0.0006942056344524546,1.994383944518171e-05,1.7693426946957844e-05,1.5539527439772493e-05,0,0.9992526175717157
2.0282517712052068e-05,3.879299107218786e-05,0.00023327457004187306,0.9995677387457624,0.0001399111754114828,3,0.9995677387457624
7.280117285513326e-06,1.96703971751299e-05,5.1241940885230925e-05,7.67914178700511e-05,0.9998450161267841,4,0.9998450161267841
1.6790276784970577e-05,4.3704245811317034e-05,0.0001879099222760714,0.9996654118649307,8.61836901967968e-05,3,0.9996654118649307
0.0018038894542338078,0.9944999007588566,0.0023483910714986577,0.0007125445273900944,0.0006352741880206951,1,0.9944999007588566
0.9998909691925729,8.014732000244263e-05,1.2651173506440323e-05,8.42400738422969e-06,7.808306534138466e-06,0,0.9998909691925729
1.387425633708024e-05,3.4330756319784705e-05,9.605225718786207e-05,0.0023474566820057947,0.9975082860481495,4,0.9975082860481495
0.0026660447332892386,0.9941630390796589,0.0012773412636401147,0.0006848478568360909,0.0012087270665753955,1,0.9941630390796589
1.3566605287963548e-05,3.2520849689975186e-05,0.00016474228548068865,0.9996753755117004,0.00011379474784111658,3,0.9996753755117004
7.725873507698419e-06,1.7646044895033637e-05,6.436395807875473e-05,8.03650447977058e-05,0.9998298990787208,4,0.9998298990787208
8.018557076996217e-06,1.6383855473032354e-05,8.032795268655567e-05,7.15479574570722e-05,0.9998237216773064,4,0.9998237216773064
5.336840271357012e-06,4.721499277211728e-05,0.9999173212540912,1.4591875195325122e-05,1.5535037670087786e-05,2,0.9999173212540912
0.00013960298562495387,0.9995096509361703,0.0002079301591744549,7.649633760176141e-05,6.631958142858013e-05,1,0.9995096509361703
0.00022392002404252452,0.9983481164164795,0.0011578507769469993,0.0001197807726342461,0.00015033200989663696,1,0.9983481164164795
0.9929426751479825,0.006977974563836101,4.299060686349822e-05,1.8478739277215198e-05,1.7880942040584796e-05,0,0.9929426751479825
1.5307044506142255e-05,3.9072672589104015e-05,0.0001841190876038035,0.99965043653074,0.00011106466456090435,3,0.99965043653074
1.5137242704323835e-05,3.318680921803079e-05,0.00014577189708988545,0.999710781659215,9.512239177274158e-05,3,0.999710781659215
0.0001460903180061958,0.9992361623732168,0.00041783624986134894,0.00010445756815397582,9.545349076163911e-05,1,0.9992361623732168
7.592249968076142e-06,0.00011877098791610361,0.99983169739638,1.7672706978928294e-05,2.4266658756807456e-05,2,0.99983169739638
0.9997778668482166,0.00019568698612887543,9.484332238976859e-06,7.951185832178708e-06,9.010647583372733e-06,0,0.9997778668482166
1.973708905234683e-05,4.2305327872749325e-05,0.00021426217102631185,0.9995746596673324,0.0001490357447161791,3,0.9995746596673324
2.2333228632367542e-05,5.6381707660863225e-05,0.00023185050700396057,0.9995261800206107,0.00016325453609210123,3,0.9995261800206107
1.1189814142309097e-05,2.3588454924563052e-05,8.363912205825972e-05,8.631439801942242e-05,0.9997952682108554,4,0.9997952682108554
3.6727519514331676e-05,7.318765065207928e-05,0.0004569707620655404,0.014999159975454798,0.9844339540923133,4,0.9844339540923133
1.968732787064425e-05,5.827931905845415e-05,0.0001840950443669977,0.9996282770550579,0.00010966125364596725,3,0.9996282770550579
1.451787143938234e-05,3.507379492946175e-05,0.0001818514569012061,0.9996590290190531,0.00010952785767686881,3,0.9996590290190531
1.728044311178454e-05,3.0738651619671364e-05,0.00017750721561823475,0.003478928352350981,0.9962955453372992,4,0.9962955453372992
7.062432761002578e-06,3.984792345156754e-05,0.9999204451170844,1.7425382743442307e-05,1.5219143959653414e-05,2,0.9999204451170844
7.280023100874254e-06,1.1049688282866264e-05,8.108886411040887e-05,6.850053465255205e-05,0.9998320808898533,4,0.9998320808898533
2.3579123658682387e-05,6.970978958065442e-05,0.0010135039291620193,0.998776700058638,0.00011650709896067398,3,0.998776700058638
1.377746479545915e-05,3.124039075537812e-05,0.0001746598793657748,0.999688842266152,9.14799989314422e-05,3,0.999688842266152
7.279877345925506e-06,1.691266550125178e-05,7.984759986562897e-05,8.389682612563909e-05,0.9998120630311614,4,0.9998120630311614
0.9968038451315347,0.003147145399534412,2.175523279917654e-05,1.509597544210914e-05,1.2158260689365883e-05,0,0.9968038451315347
7.28502263180946e-06,1.945129350316981e-05,6.68809251840511e-05,6.382732768037705e-05,0.9998425554310005,4,0.9998425554310005
2.744538911557519e-05,5.465368143168311e-05,0.00029030394415395077,0.9994538548092813,0.00017374217601736405,3,0.9994538548092813
0.00028575517117248103,0.034283644048750526,0.9642000339840595,0.0006044492241357296,0.0006261175718818779,2,0.9642000339840595
0.0003461951996385896,0.9974125874686,0.0016982171563410125,0.00030681749179793335,0.00023618268362241953,1,0.9974125874686
5.365256308843813e-06,8.804913135823279e-05,0.999882092646079,1.3439610222497354e-05,1.105335603134643e-05,2,0.999882092646079
0.9995692626671449,0.00028038811403273005,4.773239826124278e-05,3.6985061341247856e-05,6.563175921996558e-05,0,0.9995692626671449
3.0571997749417e-05,6.759235620306875e-05,0.9990963249913062,0.0005796720840640315,0.00022583857067743604,2,0.9990963249913062
2.5340734605390008e-05,6.130694601353136e-05,0.0003554855835337867,0.999379563491568,0.00017830324427925702,3,0.999379563491568
1.1214110058774328e-05,2.275223280271571e-05,0.00013524512863990438,0.9997590035757234,7.178495277513593e-05,3,0.9997590035757234
7.037035215622863e-06,0.0001066779845058254,0.999854160165332,1.762730519771556e-05,1.4497509749010276e-05,2,0.999854160165332
1.7138769035831846e-05,3.0237507218834295e-05,0.00018244179018327033,0.9996838355041596,8.634642940239333e-05,3,0.9996838355041596
1.4420490442123995e-05,3.354133151367791e-05,0.00014797663747665807,0.9997206984582258,8.336308234170611e-05,3,0.9997206984582258
1.532209689774005e-05,3.871568412143032e-05,0.00015330247849567954,0.999671571762967,0.00012108797751837256,3,0.999671571762967
8.710534057731777e-05,0.9996087744622613,0.00017114655807647845,7.492611696699636e-05,5.804752211810854e-05,1,0.9996087744622613
1.6997596665700158e-05,3.134627644194905e-05,0.00019487941226826392,0.9996608854897674,9.589122485654909e-05,3,0.9996608854897674
0.0038876207783035558,0.9958412600615327,0.00012974990043796483,7.163387727391705e-05,6.973538245162038e-05,1,0.9958412600615327
7.726012395131878e-06,1.650252899146952e-05,6.397265331045127e-05,6.392586143427722e-05,0.9998478729438687,4,0.9998478729438687
6.061582873233389e-06,0.0003008758592754778,0.9996615998485245,1.5450402156554646e-05,1.60123071702634e-05,2,0.9996615998485245
1.470691103656178e-05,3.041041496180123e-05,0.00019792272225544106,0.9996673050269628,8.965492478338262e-05,3,0.9996673050269628
1.5296429326731498e-05,3.412571401308281e-05,0.00012451664986646912,0.99970517607581,0.00012088513098359487,3,0.99970517607581
8.501626007743243e-06,2.04962437878697e-05,9.113527243024693e-05,8.581524939849733e-05,0.9997940516083758,4,0.9997940516083758
8.49641822980863e-06,2.3172306480139394e-05,6.590304711831619e-05,0.00011504869698790393,0.9997873795311838,4,0.9997873795311838
1.0309913355784426e-05,0.0002709607495919248,0.999668012491127,2.67088817922815e-05,2.4007964132860953e-05,2,0.999668012491127
0.9992846570866804,0.0006565979973894479,2.3406648391533392e-05,1.7350412052081534e-05,1.7987855486802304e-05,0,0.9992846570866804
1.4203286566192995e-05,3.2484035738743036e-05,0.00016544789398649458,0.9996755951727471,0.00011226961096157993,3,0.9996755951727471
3.723512389388259e-05,8.503594082697931e-05,0.99849494959944,0.0011753743292940942,0.00020740500654507844,2,0.99849494959944
8.38350690156158e-06,1.706132683441361e-05,7.266177314175986e-05,8.176774307537222e-05,0.999820125650047,4,0.999820125650047
1.2990722964914483e-05,2.4429825900301978e-05,0.00015203578427513045,0.9997268661446821,8.36775221776705e-05,3,0.9997268661446821
1.8028306591920303e-05,4.54486119785541e-05,0.0006506854179614976,0.9991807882102542,0.00010504945321370417,3,0.9991807882102542
7.280038256852291e-06,1.4848069870144563e-05,7.398508348055049e-05,6.972440961403301e-05,0.9998341623987783,4,0.9998341623987783
1.995493838122181e-05,0.002764700060272279,0.9971345045216228,4.345978935874671e-05,3.73806903650136e-05,2,0.9971345045216228
0.00025887883611212326,0.998549683424313,0.000716794010079811,0.00024290037321786598,0.0002317433562772808,1,0.998549683424313
1.4013133834725054e-05,0.00010843094320226082,0.9997946332745923,4.1807010178172996e-05,4.1115638192581994e-05,2,0.9997946332745923
1.1213638245186778e-05,1.9745151950278872e-05,0.00012857403890583266,0.9997680115763077,7.2455594591156e-05,3,0.9997680115763077
2.2106504536006823e-05,4.214029001040358e-05,0.0002242663575616508,0.9995453523905431,0.00016613445734894487,3,0.9995453523905431
4.906688723352417e-06,3.933251160674821e-05,0.9999242778962089,1.4154487138730921e-05,1.732841632223445e-05,2,0.9999242778962089
1.9974369698024702e-05,5.828615844418416e-05,0.0002153265558159868,0.9995815309136566,0.00012488200238503858,3,0.9995815309136566
7.073596030893976e-05,0.9996695328684161,0.0001736283197437482,4.4715525701839354e-05,4.138732582924929e-05,1,0.9996695328684161
1.912714532902801e-05,4.729277252326061e-05,0.00022956888571370969,0.9995649240972646,0.0001390870991695091,3,0.9995649240972646
5.374259627729111e-05,0.00011240362992427945,0.99811081530976,0.0013603075049555288,0.0003627309590831069,2,0.99811081530976
7.725914111401294e-06,1.4837895508985276e-05,7.299777085613216e-05,6.928468628270415e-05,0.9998351537332407,4,0.9998351537332407
3.232127452687036e-05,8.574449264975934e-05,0.0003105993817873236,0.999363665856106,0.00020766899492998995,3,0.999363665856106
8.49668713525841e-06,2.4033844219478333e-05,6.590513290176609e-05,8.254226205491264e-05,0.9998190220736887,4,0.9998190220736887
7.725838567681658e-06,1.55734622949206e-05,7.096285258706555e-05,8.036046668972736e-05,0.9998253773798607,4,0.9998253773798607
7.2913367129732884e-06,1.7613824480953845e-05,4.672216013900648e-05,6.392987261429754e-05,0.9998644428060527,4,0.9998644428060527
3.234889778180603e-05,8.671422971149047e-05,0.9989035142475963,0.0008405982127619208,0.00013682441214852333,2,0.9989035142475963
1.1915529492410597e-05,2.899228431454051e-05,0.00012351769756222916,0.9997541635273821,8.141096124857279e-05,3,0.9997541635273821
2.0072074581951617e-05,0.011151148765042996,0.9887667473447714,3.6292916816334945e-05,2.5738898787200945e-05,2,0.9887667473447714
0.00018550466258807598,0.9995266150231303,0.00015403748091743705,7.485972768092224e-05,5.8983105682912096e-05,1,0.9995266150231303
2.504627573981926e-05,5.8146323448259e-05,0.0003320769920375741,0.9994422509737938,0.00014247943498050603,3,0.9994422509737938
6.5022884748735585e-06,5.275636223108966e-05,0.9997759123321288,1.8483642280446753e-05,0.00014634537488476972,2,0.9997759123321288
8.50153888714476e-06,2.1930212662199477e-05,8.722816620062841e-05,9.853388528803603e-05,0.9997838061969619,4,0.9997838061969619
6.154997850740863e-06,0.00023038832306764576,0.9997308313231168,1.636628332990759e-05,1.6259072634901025e-05,2,0.9997308313231168
7.280138140983065e-06,1.53671433851381e-05,7.717456106695713e-05,5.2297758433291435e-05,0.9998478803989737,4,0.9998478803989737
0.0005562962647371196,0.1266514241029065,0.8704649313691,0.001322307823580938,0.0010050404396755202,2,0.8704649313691
1.7584928402509956e-05,4.64516330833195e-05,0.0001903247018020657,0.999660212438344,8.54262983681546e-05,3,0.999660212438344
4.931393983406484e-06,0.00044357913201517894,0.9995299519675712,9.294327424248331e-06,1.2243179005771612e-05,2,0.9995299519675712
4.17345900676771e-06,6.964979385243774e-05,0.999908109833152,1.0786359579711274e-05,7.2805544087742305e-06,2,0.999908109833152
7.725644867314643e-06,1.59002888618867e-05,0.00010411417200942462,7.194989587034107e-05,0.999800309998391,4,0.999800309998391
6.755068689879125e-06,0.0001267130167886065,0.999824957084476,1.3493261571963787e-05,2.8081568473505652e-05,2,0.999824957084476
3.168034071034632e-05,8.266328243684673e-05,0.9988255467351791,0.0008678595391988655,0.00019225010247483999,2,0.9988255467351791
7.2801456929606515e-06,1.6403390698545326e-05,7.448133946858258e-05,5.291754309126226e-05,0.9998489175810485,4,0.9998489175810485
8.501358062947406e-06,2.212042714688018e-05,9.169327750864359e-05,0.00011514372618651535,0.999762541211095,4,0.999762541211095
1.9818903412499058e-05,3.483518633544241e-05,0.00017265975454765288,0.9996436972226842,0.000128988933020174,3,0.9996436972226842
8.496563010887988e-06,1.6216781003779246e-05,8.426881216292663e-05,8.660168708409614e-05,0.9998044161567382,4,0.9998044161567382
1.2317061264986935e-05,2.8332515465380557e-05,0.00013945331265139592,0.999745141401778,7.475570884031111e-05,3,0.999745141401778
0.0005144852028986782,0.006725328642163752,0.9918054584604725,0.0003851139419921105,0.0005696137524731343,2,0.9918054584604725
2.5928723494023985e-05,7.294798755619245e-05,0.0018337370801020708,0.9978649525135619,0.00020243369528563204,3,0.9978649525135619
0.9998529801815056,0.00011857964427762195,1.3596913497589396e-05,7.697306676356264e-06,7.145954042590479e-06,0,0.9998529801815056
5.687311504713822e-06,7.246288436239522e-05,0.9998966444836681,1.3496393340037766e-05,1.1708927124714867e-05,2,0.9998966444836681
3.245436801768443e-05,6.037029313391117e-05,0.00043749186679613067,0.9992324440257498,0.00023723944630247237,3,0.9992324440257498
5.6790687535497356e-05,0.9996100157475574,0.00018153010031708217,6.90821461492745e-05,8.258131844094252e-05,1,0.9996100157475574
0.00014634555988550648,0.9993912283479754,0.0002855999310966157,7.934781299525769e-05,9.747834804732019e-05,1,0.9993912283479754
2.783938301507152e-05,0.005700905703686893,0.9941806320642633,4.410813469425906e-05,4.651471434058063e-05,2,0.9941806320642633
6.3343924136493805e-06,0.00023308218802796932,0.9997318119006039,1.4384893918789461e-05,1.4386625035771574e-05,2,0.9997318119006039
0.9898243707547516,0.010120013187870591,2.0441193521114813e-05,1.6208830347844927e-05,1.8966033508878324e-05,0,0.9898243707547516
1.610170777657251e-05,3.819692613857505e-05,0.00015549666027524323,0.9996935955747214,9.660913108823836e-05,3,0.9996935955747214
9.427942171232018e-06,0.0004952928584014698,0.9994560440794023,2.4066464980939795e-05,1.5168655044383423e-05,2,0.9994560440794023
0.9998973898238097,6.95496041077179e-05,1.3958258519963077e-05,7.971965417203868e-06,1.1130348145506949e-05,0,0.9998973898238097
2.7369204100375616e-05,5.757615122271104e-05,0.00022436319944866683,0.002214984155763637,0.9974757072894646,4,0.9974757072894646
1.8116228374809116e-05,4.762121065357132e-05,0.0002177205534331538,0.9996413576893202,7.518431821809664e-05,3,0.9996413576893202
1.0743513966777285e-05,1.8313072434934765e-05,9.643872196187303e-05,0.00011769574303987528,0.9997568089485965,4,0.9997568089485965
1.3365730573534245e-05,0.0003031132396157444,0.9996263614470886,2.473836426576708e-05,3.242121845626434e-05,2,0.9996263614470886
7.725804170064237e-06,1.829407013064577e-05,6.92250878448826e-05,8.382916322736115e-05,0.999820925874627,4,0.999820925874627
7.72581163405157e-06,1.5939023413742358e-05,7.93615173217761e-05,7.508183462837643e-05,0.9998218918130021,4,0.9998218918130021
1.1623429760178049e-05,2.908401258895168e-05,0.00011107178882703738,0.9997750837245394,7.313704428461366e-05,3,0.9997750837245394
6.2763936368804475e-06,0.00025582502746820853,0.9997119781716832,1.387929234042288e-05,1.2041114871372738e-05,2,0.9997119781716832
1.5257710251840258e-05,3.229020867347529e-05,0.00017017048346017086,0.9996639795391472,0.00011830205846715899,3,0.9996639795391472
6.813392588379576e-05,0.9895978154420161,0.010138061564253918,0.00010358725067797014,9.240181716806462e-05,1,0.9895978154420161
2.2771547145161104e-05,4.5180035875161265e-05,0.0009141928246277571,0.9988706507739948,0.00014720481835699004,3,0.9988706507739948
6.855544586577299e-06,0.00013281132127100263,0.9998259437986291,1.6279695170731704e-05,1.810964034236764e-05,2,0.9998259437986291
1.2879097449240327e-05,2.935387946318473e-05,0.00011315248447841354,0.9997511609561214,9.345358248778148e-05,3,0.9997511609561214
2.2573470906414458e-05,4.667685832788611e-05,0.0003057765260814092,0.9994617476635295,0.00016322548115484602,3,0.9994617476635295
1.0940766975004759e-05,0.0004306022712030323,0.9995132781138896,2.7564298800759318e-05,1.7614549131691207e-05,2,0.9995132781138896
8.181534834119992e-06,1.5731324109117378e-05,8.611215394657306e-05,6.199936753605926e-05,0.999827975619574,4,0.999827975619574
2.407264699869445e-05,5.689706351753924e-05,0.00022165934695167832,0.9995284869331313,0.00016888400940060836,3,0.9995284869331313
5.333172147987393e-06,0.0003145693928160249,0.9996533447468972,1.2664554327640684e-05,1.4088133811146786e-05,2,0.9996533447468972
6.644268188626861e-06,0.00010808163770671679,0.9998552027707952,1.577798224158853e-05,1.4293341068007758e-05,2,0.9998552027707952
1.569624590543505e-05,3.857187671965968e-05,0.00017873836702799655,0.9996455287146137,0.00012146479573306637,3,0.9996455287146137
2.6002629475105852e-05,7.139381801598276e-05,0.0006767882197509921,0.99899604567697,0.00022976965578773992,3,0.99899604567697
2.9106534874700167e-05,8.283261789137025e-05,0.9989576671009319,0.0007473112073152248,0.00018308253898667953,2,0.9989576671009319
1.790699409364743e-05,4.057019621974803e-05,0.00017335519808277922,0.999642210639886,0.00012595697171768292,3,0.999642210639886
6.187794206659769e-06,0.000167902282646463,0.9997981333115563,1.4474246398127076e-05,1.3302365192603541e-05,2,0.9997981333115563
7.269365294697894e-06,0.0012241878320744639,0.998738464043786,1.3700763200574427e-05,1.637799564457315e-05,2,0.998738464043786
4.125315833485731e-05,0.00011770067599200281,0.002221995431322429,0.9973916872573187,0.0002273634770321559,3,0.9973916872573187
0.001217169605917798,0.9964652481073417,0.000985182224665769,0.00040532248657940823,0.0009270775754952402,1,0.9964652481073417
1.165177714502773e-05,0.0005170525296811276,0.9994173301715505,2.8899883082855497e-05,2.506563854050529e-05,2,0.9994173301715505
1.6275831065292433e-05,3.361147169616942e-05,0.00013216629958974783,0.9997475924670493,7.035393059952118e-05,3,0.9997475924670493
1.4697296296871897e-05,3.9982468393233444e-05,0.00012503061580592666,0.003004864555030084,0.9968154250644738,4,0.9968154250644738
5.240159663521454e-06,9.298732467290908e-05,0.9998785489057915,1.243527032498004e-05,1.0788339546935098e-05,2,0.9998785489057915
6.968985273765918e-06,0.0006093338929731364,0.9993532445084918,1.6095298163071264e-05,1.4357315098101008e-05,2,0.9993532445084918
5.907570930683151e-05,0.00015355324728420083,0.0034434496423669646,0.9958445554560766,0.0004993659449653046,3,0.9958445554560766
2.8995227255042895e-05,6.378276190221991e-05,0.0003627723893443543,0.999260867857603,0.00028358176389549204,3,0.999260867857603
8.284772558731244e-06,1.4500585551676316e-05,8.436808645715932e-05,8.015288146992335e-05,0.9998126936739625,4,0.9998126936739625
5.4878726392757575e-06,0.00043153849721006427,0.9995380358332616,1.3639470650110753e-05,1.1298326238986237e-05,2,0.9995380358332616
7.284845597993361e-06,1.878750909861204e-05,7.842409608425978e-05,7.724535819046638e-05,0.9998182581910287,4,0.9998182581910287
1.7781886429084894e-05,3.0839413012469e-05,0.0004864610598019338,0.9993381004039557,0.00012681723680080104,3,0.9993381004039557
0.0015898966898552965,0.9965127246506962,0.0012152719246402502,0.0003229050387538619,0.0003592016960541094,1,0.9965127246506962
3.018922084803561e-05,6.676573954149226e-05,0.00030840176703537584,0.0032484547213349636,0.9963461885512401,4,0.9963461885512401
1.4161121797085034e-05,3.196351093001077e-05,0.00017954152018638493,0.9996920483645786,8.228548250802047e-05,3,0.9996920483645786
8.372502517538425e-06,2.0323448700490458e-05,9.338558953319741e-05,7.424196470482763e-05,0.9998036764945438,4,0.9998036764945438
1.925282182130884e-05,5.042621036730966e-05,0.0001934641772400608,0.9995760998664024,0.00016075692416903578,3,0.9995760998664024
5.6974815465554444e-05,0.00014353262891805919,0.003867908468007106,0.9955405880980196,0.000390995989589668,3,0.9955405880980196
2.4718951493538754e-05,5.202277212129456e-05,0.00029596260748747833,0.9994127306026418,0.00021456506625584863,3,0.9994127306026418
1.343337187516073e-05,3.0378788761394015e-05,0.0001384933154853183,0.9997245200019518,9.317452192636103e-05,3,0.9997245200019518
2.8445291792804664e-05,4.8930593290779156e-05,0.00025746344551277976,0.003032967331839455,0.9966321933375641,4,0.9966321933375641
7.909428291375728e-06,0.0009884647488546912,0.9989683398992324,1.8481381444263082e-05,1.6804542177380855e-05,2,0.9989683398992324
1.3067542521863099e-05,0.0013026284086832948,0.9986228614854349,2.577142284688096e-05,3.567114051291154e-05,2,0.9986228614854349
5.372750274391494e-06,0.00020093792561946952,0.9997685917745408,1.1881022135416943e-05,1.3216527429760182e-05,2,0.9997685917745408
7.620234476912837e-06,0.00035022704106717244,0.9996103701308245,1.6743512326261614e-05,1.5039081305050088e-05,2,0.9996103701308245
1.0394093651342575e-05,2.1110607992068498e-05,0.00010454417947585065,9.778108278710354e-05,0.9997661700360936,4,0.9997661700360936
3.426121228520149e-05,0.004256276107854909,0.9955879255517506,6.536236255754131e-05,5.6174765551739305e-05,2,0.9955879255517506
1.5336636317844946e-05,3.2332119676363845e-05,0.00017748699789977315,0.9996553399611494,0.00011950428495649835,3,0.9996553399611494
1.4265157454915322e-05,2.8530925156015852e-05,0.0001301746281193827,0.9997319305209179,9.509876835176331e-05,3,0.9997319305209179
6.930529495436762e-06,0.0004737607138175974,0.9994847464456392,1.751377379943461e-05,1.7048537248379048e-05,2,0.9994847464456392
0.999747718792081,0.00021150152462653138,1.6631943733353455e-05,1.0643265026602446e-05,1.350447453245837e-05,0,0.999747718792081
8.919698016987334e-06,0.0005203692935104777,0.999426777385007,1.75792777469616e-05,2.6354345718677812e-05,2,0.999426777385007
7.547510761348529e-06,2.0082698145256133e-05,7.539931958076364e-05,7.801243228818234e-05,0.9998189580392244,4,0.9998189580392244
2.8048704923167557e-05,7.47195879221992e-05,0.0007746160079849193,0.9989473474150529,0.00017526828411703707,3,0.9989473474150529
0.9991971956018654,0.0005940482795732152,9.894857407715698e-05,4.350730692379278e-05,6.630023756032253e-05,0,0.9991971956018654
1.586004905490194e-05,3.90058004167033e-05,0.00021838420452190502,0.9996597017156799,6.704823032674826e-05,3,0.9996597017156799
6.174158941043533e-06,6.0082096242105816e-05,0.9997933473966253,1.80214285978564e-05,0.0001223749195937191,2,0.9997933473966253
8.01148043819664e-06,1.8044073517642988e-05,9.253147608366987e-05,9.615122600806867e-05,0.9997852617439525,4,0.9997852617439525
8.377663453777027e-06,2.132025322615501e-05,8.581471983940345e-05,7.115876040705035e-05,0.9998133286030737,4,0.9998133286030737
2.0574215647616443e-05,0.0019284455862485631,0.9979599716417985,5.509278600362637e-05,3.59157703017613e-05,2,0.9979599716417985
1.2383669972160606e-05,3.521418367901921e-05,0.00012192663873619458,0.9997577893402416,7.268616737098014e-05,3,0.9997577893402416
9.45659761750348e-06,2.2113661811830164e-05,9.594143862562375e-05,0.00012296617938581313,0.9997495221225593,4,0.9997495221225593
7.279923814337958e-06,1.860010841275418e-05,8.714342801296292e-05,6.853157699267133e-05,0.9998184449627672,4,0.9998184449627672
1.550532834531392e-05,3.311585801946379e-05,0.0001677051168987283,0.9996949486346948,8.872506204175719e-05,3,0.9996949486346948
1.4163781129594456e-05,2.7739570065348486e-05,0.00019018452083132035,0.9997005786329065,6.733349506737246e-05,3,0.9997005786329065
1.8757466181421137e-05,4.124237283427269e-05,0.0001860131897212644,0.0027360625487889475,0.997017924422474,4,0.997017924422474
8.696742701743595e-05,0.9992267573022547,0.0005354992135943175,7.864589141791267e-05,7.213016571556017e-05,1,0.9992267573022547
8.37746552378952e-06,2.392135861069957e-05,8.546824973712629e-05,9.252583049904041e-05,0.9997897070956293,4,0.9997897070956293
0.9990914648825814,0.0008183326617305029,3.244312772881534e-05,2.37661012109001e-05,3.399322674828424e-05,0,0.9990914648825814
7.28005794503044e-06,1.816089563201801e-05,8.13073644507807e-05,5.638532582237661e-05,0.9998368663561498,4,0.9998368663561498
7.554858934423492e-06,1.5802587150763297e-05,6.938166675711253e-05,8.575089668646827e-05,0.9998215099904713,4,0.9998215099904713
4.6470731673066156e-05,0.9996137726955996,0.00021426893599478907,6.041977574091519e-05,6.506786099186032e-05,1,0.9996137726955996
0.00048431904842245537,0.9984707106939396,0.0006067733294956887,0.0002316027906078353,0.00020659413753424378,1,0.9984707106939396
7.706454367632225e-06,1.8415870885477952e-05,5.892514492461076e-05,6.472553740394685e-05,0.9998502269924183,4,0.9998502269924183
8.378429754650024e-06,1.809331474184117e-05,7.385575921090792e-05,6.434589802159042e-05,0.9998353265982709,4,0.9998353265982709
0.0014691804678530125,0.9954674755306409,0.001862946649725887,0.0005645916062527043,0.0006358057455274707,1,0.9954674755306409
2.017292492771263e-05,4.717232307282601e-05,0.0007628655941852686,0.999051833419783,0.00011795573803115262,3,0.999051833419783
7.279917888383935e-06,1.7773919527674843e-05,7.088207258101023e-05,8.643299263989202e-05,0.9998176310973631,4,0.9998176310973631
9.008033507185646e-06,8.510711892540503e-05,0.9996768390686356,2.644124343804079e-05,0.00020260453549375578,2,0.9996768390686356
7.280125586086239e-06,1.832911345291534e-05,6.858535740376984e-05,5.964928326297099e-05,0.9998461561202941,4,0.9998461561202941
7.90487002168582e-06,1.6340478659258798e-05,9.458124837447011e-05,8.132357150724873e-05,0.9997998498314374,4,0.9997998498314374
8.724170181338509e-06,2.684119361961236e-05,8.02949226498347e-05,9.699142739307908e-05,0.9997871482861562,4,0.9997871482861562
0.000151008912494113,0.9992589960194257,0.00035106694425251535,9.376827610656556e-05,0.00014515984772120759,1,0.9992589960194257
2.9906388085662457e-05,0.0009831182694778533,0.998841972038309,6.864365230452998e-05,7.635965182299558e-05,2,0.998841972038309
8.377552907079641e-06,1.948806108748271e-05,7.903912790823907e-05,9.295960101481335e-05,0.9998001356570824,4,0.9998001356570824
1.4429200097535387e-05,0.0007361980814011294,0.9991901683438916,3.35925852368897e-05,2.5611789372759418e-05,2,0.9991901683438916
1.3341040886435071e-05,3.358574885430307e-05,0.00015411642480225068,0.9997161004658345,8.285631962236805e-05,3,0.9997161004658345
0.00014345228996639643,0.9944770283254762,0.0013994235363138901,0.00011817244883302166,0.0038619233994105027,1,0.9944770283254762
6.856844961186494e-06,6.296308468256082e-05,0.9997586098445146,1.7244937099342415e-05,0.0001543252887424523,2,0.9997586098445146
2.4344521108840015e-05,4.4366010565428864e-05,0.00025813052364003826,0.9994833461852968,0.00018981275938891992,3,0.9994833461852968
8.00638909176115e-06,1.80872261533976e-05,7.26751104682619e-05,7.565108709730007e-05,0.9998255801871891,4,0.9998255801871891
1.1628653005555002e-05,3.586733315398103e-05,0.00010863092918412413,0.00018130804121684597,0.9996625650434395,4,0.9996625650434395
1.491105825971709e-05,0.0001921753037335506,0.999725590969962,3.153149139126521e-05,3.579117665340882e-05,2,0.999725590969962
7.559936315234232e-06,2.0511068942611867e-05,7.794988108597849e-05,7.666048219708466e-05,0.9998173186314591,4,0.9998173186314591
7.94405951627349e-06,0.00022863493960981014,0.9997191195872857,1.8893115731665066e-05,2.5408297856541262e-05,2,0.9997191195872857
9.35526009240119e-05,0.0016962970619650972,0.997903596900586,0.00016238596009812126,0.0001441674764268355,2,0.997903596900586
7.280006167504665e-06,1.8596455769290302e-05,6.687658116198417e-05,7.749168139245801e-05,0.9998297552755088,4,0.9998297552755088
7.280060423322983e-06,1.8921132684647358e-05,6.845147827751088e-05,6.814060590882167e-05,0.9998372067227057,4,0.9998372067227057
8.287043600803705e-06,0.0004184436549971588,0.9995408925368029,1.4132291509473508e-05,1.8244473089634006e-05,2,0.9995408925368029
5.416886025851214e-06,0.00011743555609677125,0.9998458586359746,1.0400959580054204e-05,2.0887962322513117e-05,2,0.9998458586359746
0.000151791455069036,0.9862729799647737,0.013080307212195417,0.00022237103898036146,0.0002725503289813679,1,0.9862729799647737
7.741607214916016e-06,1.6537089674287704e-05,8.316308909521503e-05,0.00010359049912583448,0.9997889677148897,4,0.9997889677148897
9.25420950439874e-06,1.850746807168911e-05,0.00010711509469748115,0.0001122205810517858,0.9997529026466746,4,0.9997529026466746
7.547607538674763e-06,2.0389100402486646e-05,8.211631647400997e-05,5.816884129380089e-05,0.999831778134291,4,0.999831778134291
7.4129939055233734e-06,0.0002704621958432774,0.9996832169498582,1.738887468715815e-05,2.151898570580877e-05,2,0.9996832169498582
1.1816600526597974e-05,2.8848898435592462e-05,0.00011835827633571052,0.9997921248417299,4.885138297223471e-05,3,0.9997921248417299
1.1265313864758649e-05,0.0021618556463039737,0.9977753093594928,2.383918668312451e-05,2.773049365526288e-05,2,0.9977753093594928
8.300575701263456e-06,1.8374029052868832e-05,8.24214266273707e-05,7.720520679424998e-05,0.9998136987618242,4,0.9998136987618242
0.0001339468709359888,0.9992942113107481,0.00034658175652418167,0.00010475889422944507,0.00012050116756230187,1,0.9992942113107481
7.279899737131506e-06,1.795412479026988e-05,0.00010000993034261444,5.961782508826483e-05,0.9998151382200419,4,0.9998151382200419
1.3914435988166135e-05,0.0010015514830892054,0.9989233438464316,3.252408955807093e-05,2.8666144933106308e-05,2,0.9989233438464316
1.5732716578375638e-05,3.3328117418909106e-05,0.00015769738015418422,0.9996929739083763,0.00010026787747217961,3,0.9996929739083763
7.741586683416793e-06,1.5725086123284725e-05,7.993504321020344e-05,0.00011028210718412856,0.999786316176799,4,0.999786316176799
1.575272991330044e-05,3.4297305600236245e-05,0.000163322307421421,0.999671806843628,0.00011482081343704781,3,0.999671806843628
2.3376954803597546e-05,6.654476430912798e-05,0.00014742437443687802,0.00023903952515486027,0.9995236143812957,4,0.9995236143812957
1.1531310205605588e-05,2.580068963655755e-05,0.00010535830021181792,0.9997680750990678,8.923460087825933e-05,3,0.9997680750990678
1.983796154373846e-05,4.899599847635023e-05,0.0002506415093612938,0.999579496416519,0.00010102811409979348,3,0.999579496416519
7.279807403813227e-06,1.7303500712910262e-05,8.829469312221084e-05,8.466475685241325e-05,0.9998024572419087,4,0.9998024572419087
6.605615246773902e-05,0.9996179246300466,0.00022250014653028976,5.222154719329275e-05,4.129752376216056e-05,1,0.9996179246300466
1.6160971275338502e-05,4.00536038026476e-05,0.00019159089403670998,0.9996398695499285,0.00011232498095697548,3,0.9996398695499285
6.7631396042119494e-06,0.00015263565592201075,0.9998088402355176,1.4459511451021769e-05,1.7301457505294834e-05,2,0.9998088402355176
4.5267397585008275e-06,0.00017985213889025958,0.9997958350538859,1.0460200566800422e-05,9.325866898378104e-06,2,0.9997958350538859
0.0013010945484441018,0.9977777678881299,0.0004550871147691912,0.0001910152215597378,0.0002750352270968788,1,0.9977777678881299
8.888123544787871e-06,1.7594295596326053e-05,9.421315775817306e-05,7.759659205888798e-05,0.9998017078310418,4,0.9998017078310418
0.00010937773574036652,0.9992400292860177,0.0004580435780632174,7.066540474740936e-05,0.00012188399543127114,1,0.9992400292860177
0.00012518004546002956,0.9995021928565194,0.00019042287434388862,7.953891126841554e-05,0.00010266531240815578,1,0.9995021928565194
7.280086954402436e-06,1.8314016796548156e-05,7.299245546069254e-05,6.0562962560046955e-05,0.9998408504782282,4,0.9998408504782282
0.00010486090426565818,0.9995035729656054,0.00025823104753067264,7.205496959048216e-05,6.128011300776085e-05,1,0.9995035729656054
1.729798931016382e-05,4.6036574475517786e-05,0.00014111181264369005,0.9996802364612081,0.00011531716236274184,3,0.9996802364612081
7.280036604653252e-06,1.2975760185506447e-05,7.271298078689841e-05,7.309573523265926e-05,0.9998339354871902,4,0.9998339354871902
8.261157568082606e-06,2.062341428920114e-05,7.486557922523815e-05,6.955397872026834e-05,0.9998266958701972,4,0.9998266958701972
0.003326852640793689,0.9961332102623198,0.0002915915343852745,0.00011670120086855736,0.00013164436163244753,1,0.9961332102623198
8.673650773691979e-06,9.0811843608117e-05,0.9996844091773947,2.0889647005810693e-05,0.00019521568121755916,2,0.9996844091773947
1.7433671371016023e-05,3.485720541209264e-05,0.00012504296651683473,0.9997107266643541,0.00011193949234588924,3,0.9997107266643541
1.2828105917141743e-05,3.3420779586643194e-05,0.00013152055323506165,0.999738115187309,8.41153739520681e-05,3,0.999738115187309
8.37757329469979e-06,2.0914489625140145e-05,9.887040478191214e-05,6.926876072333586e-05,0.9998025687715748,4,0.9998025687715748
4.845316330436045e-06,6.221704093667586e-05,0.9999079205422882,1.2226338884955611e-05,1.279076155966842e-05,2,0.9999079205422882
7.719908482168358e-06,2.0368935390958062e-05,6.174249711518473e-05,8.561936098560403e-05,0.9998245492980261,4,0.9998245492980261
7.280047448392429e-06,1.9159006732851e-05,6.799143515666813e-05,7.014475370504641e-05,0.999835424756957,4,0.999835424756957
7.2801440504867325e-06,1.8380820438367685e-05,5.8535032466080843e-05,6.711199794504466e-05,0.9998486920051001,4,0.9998486920051001
1.7494153118437064e-05,3.901336938448081e-05,0.00016668272965796672,0.9996468204764215,0.00012998927141769667,3,0.9996468204764215
7.2799876966333935e-06,1.7319429591624455e-05,8.229927030563788e-05,6.588281039434626e-05,0.9998272185020117,4,0.9998272185020117
2.575373149065458e-05,0.004650754674568733,0.9952024499541475,4.97437265114081e-05,7.12979132819001e-05,2,0.9952024499541475
7.279996924613075e-06,1.5729572754603194e-05,6.403330185227465e-05,8.447126370259569e-05,0.9998284858647659,4,0.9998284858647659
4.3569843513129404e-05,0.9996206051354671,0.00022288091627888695,5.43803171161705e-05,5.8563787624456806e-05,1,0.9996206051354671
8.298324199075223e-06,0.0001978459585976381,0.9997509458744535,1.8659491903082868e-05,2.425035084673231e-05,2,0.9997509458744535
1.2803066205391068e-05,2.4783745791807674e-05,0.00010712702440209218,0.9997759018748139,7.938428878676623e-05,3,0.9997759018748139
1.4425319921676958e-05,0.0010626231884349846,0.9988609913964269,3.426673990225096e-05,2.769335531391982e-05,2,0.9988609913964269
1.7273505450682843e-05,4.198834743502282e-05,0.0001481532452189165,0.9996657542387666,0.00012683066312892412,3,0.9996657542387666
0.00014982731273147825,0.9984792132878793,0.0011275571787100142,0.00013159461540922403,0.00011180760526997167,1,0.9984792132878793
7.280099481783219e-06,1.7109792456193095e-05,8.186565613396428e-05,5.117347404980758e-05,0.9998425709778782,4,0.9998425709778782
0.000101024526473121,0.9987109445422274,0.0010482987646410573,7.547803102927328e-05,6.425413562901004e-05,1,0.9987109445422274
7.280038210814143e-06,1.6938978640606696e-05,6.693849514476915e-05,7.468641206504582e-05,0.9998341560759387,4,0.9998341560759387
0.9993274909963186,0.0006207362834877581,2.4139854280434204e-05,1.2893414401337603e-05,1.4739451511603395e-05,0,0.9993274909963186
8.377460753785204e-06,2.2705523259070686e-05,8.637004641292304e-05,9.340913933959833e-05,0.9997891378302346,4,0.9997891378302346
1.598118987778921e-05,3.765639842895985e-05,0.00015094463241733006,0.9997057643474255,8.965343185022106e-05,3,0.9997057643474255
7.777771016956366e-06,7.294346042786845e-05,0.9997240967534927,2.0129674699312312e-05,0.00017505234036336873,2,0.9997240967534927
1.5326630186784214e-05,3.497846470909291e-05,0.00015464333727216047,0.999668330383649,0.00012672118418299638,3,0.999668330383649
4.558224857716008e-06,0.00025465597464658664,0.9997192486753376,1.0195539611215853e-05,1.1341585546849247e-05,2,0.9997192486753376
1.0067011112419502e-05,0.0002281418926158241,0.9997127292970317,2.2437818775101696e-05,2.662398046485354e-05,2,0.9997127292970317
8.62626997907922e-06,1.4948081738258975e-05,7.019306328082051e-05,8.592740722606319e-05,0.9998203051777756,4,0.9998203051777756
1.1437114733016466e-05,0.0002245559252866498,0.9996928612004752,2.7955351229870687e-05,4.319040827504646e-05,2,0.9996928612004752
6.991786383466204e-06,0.000267993537797866,0.9996939839960622,1.621272438831587e-05,1.4817955367920673e-05,2,0.9996939839960622
7.71948934196884e-06,1.6431516997665872e-05,0.00013498231853385193,7.060126686964575e-05,0.9997702654082569,4,0.9997702654082569
8.36525078444665e-06,1.6390970086927987e-05,8.454270765634936e-05,7.6043832189006e-05,0.9998146572392833,4,0.9998146572392833
7.280067166493924e-06,1.5330914552740837e-05,7.691693265131752e-05,6.233926165440706e-05,0.9998381328239749,4,0.9998381328239749
0.9999030080801331,6.60767898473143e-05,1.3269931566901269e-05,7.476310540632621e-06,1.0168887911916118e-05,0,0.9999030080801331
1.5896873588777775e-05,2.5781417096325386e-05,0.00015886231409511644,0.0010493299831162203,0.9987501294121035,4,0.9987501294121035
7.719965568835357e-06,1.5092045856805756e-05,8.218603094679568e-05,6.305922336632036e-05,0.9998319427342611,4,0.9998319427342611
0.0003573677632576406,0.9992178807668264,0.00023572734981395168,7.927790431841333e-05,0.0001097462157836136,1,0.9992178807668264
7.280079314234058e-06,1.598173450927184e-05,6.539580802326705e-05,7.154119404695147e-05,0.9998398011841063,4,0.9998398011841063
4.2364266014163676e-06,0.00011431820213846444,0.9998626753645534,1.0048133409716076e-05,8.721873297088505e-06,2,0.9998626753645534
7.280094356698812e-06,1.432690434722884e-05,6.590209291927248e-05,7.062380516167506e-05,0.9998418671032151,4,0.9998418671032151
7.2849918699404825e-06,1.3824847076928636e-05,8.402865603997589e-05,5.652802736031299e-05,0.9998383334776529,4,0.9998383334776529
7.280117603032893e-06,1.635478423657263e-05,6.0643698431190665e-05,7.06616650822018e-05,0.999845059734647,4,0.999845059734647
7.719823006429124e-06,1.4931770307610187e-05,8.899316184863566e-05,7.487612240362061e-05,0.9998134791224337,4,0.9998134791224337
2.2631464990931177e-05,4.796950192829686e-05,0.0002776166096966833,0.9995464503436705,0.00010533207971343223,3,0.9995464503436705
7.233009462855856e-06,1.828622864549109e-05,5.692606676150528e-05,7.56295584903802e-05,0.9998419251366397,4,0.9998419251366397
0.0003045068714922056,0.9978692246756232,0.0009675704708242711,0.000409960351008305,0.00044873763105202254,1,0.9978692246756232
7.5475427627627795e-06,1.836347310039293e-05,6.516673285518121e-05,8.572498383190903e-05,0.9998231972674498,4,0.9998231972674498
1.4022119213116918e-05,2.8150899839599416e-05,0.00013775201504019,0.9997306213317938,8.945363411325836e-05,3,0.9997306213317938
0.00015649934413487502,0.9757214889252913,0.023340086582305252,0.00033600185782006747,0.00044592329044848686,1,0.9757214889252913
9.382148901203326e-06,2.2188096044288623e-05,0.00010208160287799881,8.787257989681771e-05,0.9997784755722796,4,0.9997784755722796
2.354807785942311e-05,5.558162908961096e-05,0.0002010906049622399,0.9995507710588999,0.00016900862918884155,3,0.9995507710588999
8.86797955708517e-06,2.201728851168213e-05,8.225060585358985e-05,0.00010161778097477817,0.9997852463451028,4,0.9997852463451028
0.9989431734603325,0.0008792452409145726,0.0001101320356140561,3.5716622254402114e-05,3.173264088438959e-05,0,0.9989431734603325
7.233029121129939e-06,1.9304646303098215e-05,6.572330726412446e-05,6.309645486125399e-05,0.9998446425624504,4,0.9998446425624504
0.00015990208044311526,0.9827352273061254,0.016816672361478463,0.00012229531956951565,0.0001659029323834887,1,0.9827352273061254
1.2455346423270568e-05,1.923782304052177e-05,0.000122421236756621,9.480419083064565e-05,0.9997510814029489,4,0.9997510814029489
7.719950245997857e-06,1.5248743109632455e-05,5.294228645756278e-05,9.413078472275826e-05,0.999829958235464,4,0.999829958235464
1.0133887823215157e-05,8.360803087913756e-05,0.9998466847868546,3.067432540863177e-05,2.889896903438093e-05,2,0.9998466847868546
7.2330506573437136e-06,1.680903405136984e-05,5.826772315964174e-05,7.007061028825568e-05,0.9998476195818433,4,0.9998476195818433
8.377605398022487e-06,1.992424398675731e-05,9.01616096921646e-05,7.51364707882403e-05,0.9998064000701348,4,0.9998064000701348
7.5476501054228875e-06,1.5127623241458575e-05,7.27574535324955e-05,6.715032053529997e-05,0.9998374169525853,4,0.9998374169525853
0.00034042625551597476,0.9957590726722804,0.003255967929164428,0.00030218937382900276,0.0003423437692102335,1,0.9957590726722804
9.613252659503538e-06,1.9458318637410046e-05,0.00010471222775187794,0.00010331597836770529,0.9997629002225836,4,0.9997629002225836
1.5594366600220602e-05,3.380314310812718e-05,0.00010656510806797514,0.9997477587133147,9.627866890910924e-05,3,0.9997477587133147
8.053710455746185e-06,1.4370168512161317e-05,9.646119707786273e-05,5.237250413687843e-05,0.9998287424198173,4,0.9998287424198173
4.6316540651996136e-05,0.00841513403937076,0.9913643513258623,9.073002350603759e-05,8.346807060893887e-05,2,0.9913643513258623
8.300712152096107e-06,1.8495938590576464e-05,8.616087700042992e-05,5.690805384666066e-05,0.9998301344184103,4,0.9998301344184103
7.280123547066777e-06,1.5467222706685443e-05,6.932659917621816e-05,6.204997144667019e-05,0.9998458760831234,4,0.9998458760831234
1.1451810093992732e-05,2.1308200789643067e-05,0.00011470093552548374,8.43269374992322e-05,0.9997682121160917,4,0.9997682121160917
1.8974405938545234e-05,4.787679981110387e-05,0.00024797460656813614,0.9995599205739106,0.00012525361377148663,3,0.9995599205739106
1.2094150747169967e-05,0.0003973457982925683,0.9995192501098797,3.610949461666994e-05,3.520044646378574e-05,2,0.9995192501098797
7.232979997910284e-06,1.884827042406499e-05,6.742800860754476e-05,6.863863756222986e-05,0.9998378521034083,4,0.9998378521034083
5.4422868773210764e-06,6.161593495396619e-05,0.9999033805847025,1.3762921538233928e-05,1.57982719279889e-05,2,0.9999033805847025
9.786529863809324e-05,0.9980826106657219,0.001547343891871271,0.00015501037884830147,0.00011716976492041057,1,0.9980826106657219
7.656466206784079e-06,1.71356634965425e-05,8.523599207740225e-05,5.8717471404943916e-05,0.9998312544068144,4,0.9998312544068144
1.6003469816955002e-05,2.8704224219662797e-05,0.00017040914741773294,0.9996799853704408,0.00010489778810482773,3,0.9996799853704408
6.920418667668612e-06,0.0001312378656798686,0.999811953071192,1.754932809187743e-05,3.233931636859923e-05,2,0.999811953071192
0.00025728673621635574,0.9987263009813225,0.0006603146960921302,0.00015578449041406974,0.00020031309595471954,1,0.9987263009813225
1.4096040251052835e-05,3.0052192565276702e-05,0.00012704200780486782,0.001631004883219109,0.9981978048761597,4,0.9981978048761597
0.00016547061998134998,0.9982638971433513,0.0012756384339600699,0.00012410609117992125,0.00017088771152731858,1,0.9982638971433513
1.6968060909396803e-05,5.048110475977024e-05,0.00016628270331302695,0.9996873482162273,7.89199147905727e-05,3,0.9996873482162273
1.4836878493385618e-05,2.868216078863859e-05,0.0001692114412264606,0.9997235458833043,6.372363618730863e-05,3,0.9997235458833043
8.481004207350187e-06,1.2822210194100315e-05,6.806725557002464e-05,7.810401488673427e-05,0.9998325255151418,4,0.9998325255151418
7.705590398113734e-06,2.2511626830127516e-05,8.677307040672229e-05,0.00014487578868748247,0.9997381339236775,4,0.9997381339236775
7.280074976122468e-06,1.6073063903338354e-05,8.391460701962147e-05,5.352686249124879e-05,0.9998392053916098,4,0.9998392053916098
8.71328738181294e-06,0.00020550439119658675,0.9997391320716167,2.1307062439396018e-05,2.534318736549103e-05,2,0.9997391320716167
7.370592758659007e-06,0.0001994546684390713,0.9997415797930251,1.7698144869906133e-05,3.38968009071287e-05,2,0.9997415797930251
7.232785207155582e-06,1.8446268139144266e-05,8.306669992292468e-05,8.032868948283359e-05,0.9998109255572479,4,0.9998109255572479
7.280175019196641e-06,1.3980621489214997e-05,6.138180506513897e-05,6.441217747238128e-05,0.999852945220954,4,0.999852945220954
0.00014355902813959327,0.9993879126664098,0.0003099423318896992,8.381837404401645e-05,7.476759951682723e-05,1,0.9993879126664098
7.232931174173346e-06,2.1831842362275278e-05,7.101546058711274e-05,6.881672306077007e-05,0.9998311030428155,4,0.9998311030428155
7.280267096972953e-06,1.2008066091659058e-05,6.570545093292179e-05,4.941511270429737e-05,0.9998655911031742,4,0.9998655911031742
1.8237364986147068e-05,4.3938772785523275e-05,0.00016313670238869623,0.9996491403930965,0.00012554676674310334,3,0.9996491403930965
0.00399943737603643,0.9958039988710348,7.26609710465464e-05,6.159509617762046e-05,6.230768570481262e-05,1,0.9958039988710348
7.70637307214988e-06,1.2765712726853307e-05,5.734709285650696e-05,8.250126132514196e-05,0.9998396795600194,4,0.9998396795600194
7.232907963014031e-06,2.0099167255088263e-05,7.970092901535271e-05,6.507250539841476e-05,0.9998278944903681,4,0.9998278944903681
7.547640172413461e-06,1.4390740259297819e-05,7.863628513506489e-05,6.33242078796846e-05,0.9998361011265535,4,0.9998361011265535
7.954778629866675e-06,2.0001072715115247e-05,5.442485536605592e-05,7.03833577279859e-05,0.999847235935561,4,0.999847235935561
7.232999412575617e-06,2.092079510003455e-05,6.876181260026876e-05,6.254853848117536e-05,0.999840535854406,4,0.999840535854406
0.998872754455288,0.0010516022618791087,2.9345168981033726e-05,2.0522755536401123e-05,2.5775358315387367e-05,0,0.998872754455288
7.2800678003273995e-06,1.5929227082662718e-05,6.645046441389528e-05,7.21203665864682e-05,0.9998382198741167,4,0.9998382198741167
9.198756507959423e-06,9.411717537504623e-05,0.99966534041634,2.4309547578897177e-05,0.0002070341041977863,2,0.99966534041634
8.006431009152994e-06,1.742954168363962e-05,7.755556115496922e-05,6.619369941149809e-05,0.9998308147667407,4,0.9998308147667407
7.279958118468025e-06,1.6966644029629146e-05,5.791380667957382e-05,9.468332882932784e-05,0.9998231562623431,4,0.9998231562623431
7.614875122528618e-06,1.8544330050619702e-05,6.345151322555206e-05,8.530332886759553e-05,0.9998250859527336,4,0.9998250859527336
9.739779443041798e-06,1.7664571300310267e-05,8.30158766769578e-05,9.383704314864047e-05,0.999795742729431,4,0.999795742729431
9.632731801449256e-06,1.8932172899928052e-05,0.00010689463603881696,9.913165380460693e-05,0.9997654088054551,4,0.9997654088054551
1.6213055017873536e-05,4.6950163593466996e-05,0.0001790887904718576,0.9996265889243424,0.00013115906657428108,3,0.9996265889243424
0.9998475181756116,0.00012338221683785486,1.3619408917067689e-05,8.885884951297963e-06,6.594313682343194e-06,0,0.9998475181756116
0.9988510275691923,0.0008665339688616109,0.00017704182209687255,5.817036133162712e-05,4.722627851777672e-05,0,0.9988510275691923
7.232940276124128e-06,2.1346853064388682e-05,6.352435323662849e-05,7.553461897356344e-05,0.9998323612344492,4,0.9998323612344492
7.547528515001897e-06,1.826111120796497e-05,8.971983819828873e-05,6.316165590465955e-05,0.999821309866174,4,0.999821309866174
1.3182949400742271e-05,0.00145605403037613,0.9984652250573468,3.342804718112332e-05,3.210991569529139e-05,2,0.9984652250573468
7.284951616011562e-06,1.5688232523072353e-05,8.401978067888129e-05,6.019826118364028e-05,0.9998328087739984,4,0.9998328087739984
0.999219000758688,0.0005344421280145418,0.00015116995322857717,4.464726466307188e-05,5.073989540571773e-05,0,0.999219000758688
4.579595121382954e-06,7.476745753149132e-05,0.99989769593803,1.0867703843032657e-05,1.2089305474129621e-05,2,0.99989769593803
7.232830120390296e-06,2.017370272209223e-05,6.758590906120374e-05,8.787350142753071e-05,0.9998171340566687,4,0.9998171340566687
1.3641344990146854e-05,3.409265849241205e-05,0.00010817926045109573,0.9997609327857241,8.315395034228049e-05,3,0.9997609327857241
4.910330828938696e-06,0.00011142844664185159,0.9998608659452534,1.2679146422055065e-05,1.0116130853709745e-05,2,0.9998608659452534
8.300786366827533e-06,1.429706822219243e-05,7.39965808879186e-05,6.433189806543875e-05,0.9998390736664576,4,0.9998390736664576
1.6967677139158403e-05,2.9206660391460566e-05,0.0001836118755285748,0.9996348995862456,0.00013531420069515617,3,0.9996348995862456
8.30628711566658e-06,1.3531808319438615e-05,9.405698683808031e-05,5.8605036326645304e-05,0.9998254998814001,4,0.9998254998814001
1.694895550990958e-05,4.1957126704039044e-05,0.00017029410024842478,0.9996324297580061,0.00013837005953148618,3,0.9996324297580061
7.232748227028432e-06,1.5782020528763696e-05,8.45181989095402e-05,8.665335579303793e-05,0.9998058136765416,4,0.9998058136765416
7.70600374370473e-06,2.2728136121120397e-05,8.998963659468092e-05,8.781404706761323e-05,0.9997917621764729,4,0.9997917621764729
1.8185984156782937e-05,0.000479315435807526,0.9994105139090931,4.332236534003679e-05,4.8662305602537114e-05,2,0.9994105139090931
4.412983637420414e-05,0.9996826566694728,0.0001066193734491096,3.526640144046609e-05,0.0001313277192634013,1,0.9996826566694728
1.1505038866570475e-05,2.4089591867089396e-05,0.00010587006903263059,0.0001192265623817789,0.999739308737852,4,0.999739308737852
1.044541325032118e-05,2.1851475519851913e-05,0.00011084935021257645,0.00012050113527315358,0.9997363526257441,4,0.9997363526257441
1.0722388790134252e-05,0.0008946621967075303,0.998964690974412,2.3917401324039293e-05,0.00010600703876625211,2,0.998964690974412
7.233052751061123e-06,1.967665369829011e-05,7.035800872087937e-05,5.482328176321115e-05,0.9998479090030665,4,0.9998479090030665
0.00011460507918448062,0.988798958173046,0.010791431589373584,0.00016340177743222076,0.00013160338096370887,1,0.988798958173046
1.7811098263220063e-05,4.584013002615718e-05,0.00016215714590415772,0.9996740746249199,0.00010011700088643675,3,0.9996740746249199
7.2330766978338945e-06,1.9539059955470642e-05,5.352695636242447e-05,6.848166528043135e-05,0.9998512192417038,4,0.9998512192417038
2.2742566820570772e-05,4.826328893164695e-05,0.00020677897680577233,0.9996065756214424,0.00011563954599977998,3,0.9996065756214424
1.2339250041615378e-05,0.00038031439302173026,0.999540328340579,3.110419987119959e-05,3.591381648643537e-05,2,0.999540328340579
7.232923529126661e-06,2.170360529364171e-05,7.454837069880603e-05,6.646885680511922e-05,0.9998300462436734,4,0.9998300462436734
9.697493489219347e-05,0.9870938697110637,0.01245740403800476,0.00015092436347029605,0.00020082695256899396,1,0.9870938697110637
7.6149898656943e-06,1.7345028728138935e-05,6.454373697924812e-05,7.034463485143637e-05,0.9998401516095756,4,0.9998401516095756
7.89332193323255e-06,0.00016915135246236383,0.9997823411755772,1.845012688156942e-05,2.216402314551873e-05,2,0.9997823411755772
1.389761001370836e-05,3.5864059571448923e-05,0.00016519852506621677,0.0013148208186575315,0.998470218986691,4,0.998470218986691
3.2854647125462185e-05,6.317847416401054e-05,0.00021641360794668916,0.0024865392230472207,0.9972010140477165,4,0.9972010140477165
7.706215882797528e-06,1.9930872511610122e-05,5.956442781555967e-05,9.351297298345912e-05,0.9998192855108066,4,0.9998192855108066
7.232848598107748e-06,1.3751637759610716e-05,8.853354637191845e-05,7.079367689243197e-05,0.9998196882903779,4,0.9998196882903779
2.0534799056053265e-05,3.936959735233783e-05,0.00019133547492450784,0.0020858976769276088,0.9976628624517395,4,0.9976628624517395
6.6252250749274365e-06,0.00027431336503055574,0.9996850503939398,1.6509788768397274e-05,1.7501227186106456e-05,2,0.9996850503939398
1.2273674788903952e-05,2.741294179824271e-05,8.403287549271767e-05,0.00011321947106716813,0.999763061036853,4,0.999763061036853
7.2329542489588465e-06,1.7115959311452003e-05,7.37805702612576e-05,6.75777723018483e-05,0.9998342927438765,4,0.9998342927438765
1.0664685954867047e-05,0.00017933018196602908,0.9997511655997732,2.7881294980465262e-05,3.095823732550619e-05,2,0.9997511655997732
2.0585499890002165e-05,0.00016688640479852336,0.9993412232956758,5.904558034759095e-05,0.00041225921928796875,2,0.9993412232956758
8.618102819450419e-05,0.999553472941934,0.00020628331297340455,7.373449823576979e-05,8.032821866265657e-05,1,0.999553472941934
7.237778788654806e-06,1.563844176994595e-05,9.241305635668299e-05,5.9651382250662786e-05,0.999825059340834,4,0.999825059340834
7.233069764737907e-06,1.4785934436024775e-05,4.92562774961655e-05,7.846386052983834e-05,0.9998502608577733,4,0.9998502608577733
0.9996384946123289,0.00022549804043876472,5.223896166911073e-05,2.5894823154837688e-05,5.7873562408387303e-05,0,0.9996384946123289
1.4728231302586607e-05,2.9665988729527754e-05,0.0001346817682731399,0.00011244825538481512,0.9997084757563099,4,0.9997084757563099
8.708897511264164e-05,0.004887489595988115,0.9946727922976147,0.00014892730392347347,0.0002037018273610595,2,0.9946727922976147
1.3766275929686074e-05,3.63252012600637e-05,0.00011466322655280623,0.0001852902836223115,0.9996499550126352,4,0.9996499550126352
7.848411988265142e-06,2.13329168416792e-05,7.628091042600338e-05,9.777872164501486e-05,0.999796759039099,4,0.999796759039099
1.2805317385387208e-05,3.4790571986887756e-05,0.0001281913604702144,0.00015740515773361027,0.9996668075924239,4,0.9996668075924239
8.19822425377623e-06,2.1856302226458553e-05,7.629570826599158e-05,8.134927394601904e-05,0.9998123004913078,4,0.9998123004913078
7.2329590368725635e-06,1.563634274045936e-05,8.424515956380603e-05,5.7930946226513284e-05,0.9998349545924323,4,0.9998349545924323
8.850321977370726e-06,2.160323485102205e-05,6.948235435012673e-05,7.687791997011214e-05,0.9998231861688514,4,0.9998231861688514
4.06261492118559e-06,2.8026470312497913e-05,0.9999478476389194,9.04959671886098e-06,1.101367912812273e-05,2,0.9999478476389194
7.232914202578486e-06,1.2686242013629567e-05,7.028380257199248e-05,8.104003598484368e-05,0.999828757005227,4,0.999828757005227
0.9996257931949645,0.0003149199986497584,2.343448583497008e-05,1.7158939681279244e-05,1.8693380869424265e-05,0,0.9996257931949645
8.007058305786956e-06,1.4484125261682827e-05,8.22404693268871e-05,6.334649835650346e-05,0.9998319218487491,4,0.9998319218487491
0.00037063101121547176,0.020734493334366024,0.9770334275555788,0.00036120510885838104,0.0015002429899813935,2,0.9770334275555788
8.128484616136e-06,1.7197935636321856e-05,6.88049585337059e-05,9.445835745325814e-05,0.9998114102637606,4,0.9998114102637606
7.282901695818807e-06,1.5372685401437247e-05,6.712974717091845e-05,6.170391847813956e-05,0.9998485107472536,4,0.9998485107472536
4.973415799577797e-06,7.980599447273124e-05,0.999891202737372,1.1643205972199061e-05,1.237464638355444e-05,2,0.999891202737372
0.00011787147443708132,0.9991487250583145,0.0005072408712676005,7.16844698134883e-05,0.0001544781261671891,1,0.9991487250583145
9.458261678074781e-06,1.985893724996022e-05,7.730578155451392e-05,9.228864207077443e-05,0.9998010883774466,4,0.9998010883774466
5.062944691827048e-06,0.00023349767628953427,0.9997367488923746,1.1748891795291478e-05,1.2941594848744223e-05,2,0.9997367488923746
7.233089520304553e-06,1.5895044714629625e-05,6.580211784641392e-05,5.8078015273929665e-05,0.9998529917326447,4,0.9998529917326447
7.2328411089144306e-06,1.7375007598905153e-05,9.960037724142021e-05,5.7138738707638544e-05,0.999818653035343,4,0.999818653035343
7.232850795890207e-06,1.9690681613903923e-05,8.614131496107797e-05,6.694305578488372e-05,0.9998199920968441,4,0.9998199920968441
7.982456966553692e-06,1.8378043670823745e-05,7.562602094136265e-05,9.252717267399739e-05,0.9998054863057472,4,0.9998054863057472
7.390575049895342e-06,1.535775686159921e-05,6.974760779518455e-05,6.414894770954713e-05,0.9998433551125838,4,0.9998433551125838
7.232948310887774e-06,1.4692191472009093e-05,9.630805366740571e-05,4.829490114197275e-05,0.9998334719054076,4,0.9998334719054076
0.00016835095992168633,0.9964428242431719,0.0031223745965673236,0.00012136707895384469,0.00014508312138533208,1,0.9964428242431719
7.65634917129754e-06,1.4844195558582081e-05,9.309870286158332e-05,6.842960214558172e-05,0.9998159711502629,4,0.9998159711502629
1.0036818047660283e-05,2.871364574245377e-05,9.597455053018455e-05,0.00012908187576706414,0.9997361931099126,4,0.9997361931099126
7.232959006314022e-06,1.7960182895663276e-05,8.094339542792534e-05,5.89130944423315e-05,0.9998349503682279,4,0.9998349503682279
0.0013873040333090036,0.9957575194756695,0.0015079790575443627,0.0006002904589114807,0.0007469069745657612,1,0.9957575194756695
7.237815254133318e-06,2.0505101604914892e-05,8.227035982095337e-05,5.98900498618879e-05,0.9998300966734581,4,0.9998300966734581
0.0001459391439822905,0.9896878053816087,0.004976203424173362,0.00014926783290500158,0.0050407842173303494,1,0.9896878053816087
0.00046434820013583364,0.003541601394116366,0.9950243340260791,0.0003248250084192092,0.0006448913712491341,2,0.9950243340260791
7.679066818750478e-06,1.240890020394446e-05,7.492374306964608e-05,6.404054852461697e-05,0.999840947741383,4,0.999840947741383
0.9995084932264666,0.00036291549700593495,7.333642766741604e-05,2.57142121793157e-05,2.9540636680907982e-05,0,0.9995084932264666
5.769715127817008e-06,0.00015694392502491243,0.9998012777545427,1.3943229500243523e-05,2.2065375804349113e-05,2,0.9998012777545427
6.612502453879555e-06,0.00010927533089711681,0.9998521383134581,1.5520899552071412e-05,1.6452953638843512e-05,2,0.9998521383134581
0.0004191980503110917,0.9981717733394182,0.0008765181500944045,0.00022498350806808955,0.0003075269521080509,1,0.9981717733394182
7.288268336126332e-06,0.0001806914334174029,0.99975579327045,1.7459007283247837e-05,3.876802051328987e-05,2,0.99975579327045
8.303840540286467e-06,1.5981177961443215e-05,8.047650380192064e-05,8.42737865244936e-05,0.9998109646911719,4,0.9998109646911719
1.0241879331938072e-05,8.805932619303922e-05,0.9996643729659644,2.303341286578617e-05,0.00021429241564486536,2,0.9996643729659644
8.883717601839131e-06,1.6815756993593132e-05,8.728215022019784e-05,6.107145949620946e-05,0.9998259469156882,4,0.9998259469156882
8.128662749107705e-06,2.2867097789136143e-05,5.683419078974132e-05,7.884925840319919e-05,0.9998333207902688,4,0.9998333207902688
8.311265705728511e-06,2.1130035545114282e-05,6.66576671138775e-05,7.496701062337721e-05,0.9998289340210118,4,0.9998289340210118
1.0263506937225428e-05,0.00013065609057068167,0.9998109668516236,2.188371821314478e-05,2.622983265543924e-05,2,0.9998109668516236
0.00028187427958000264,0.022523839859507306,0.9766937640258617,0.0002337115327092166,0.00026681030234190295,2,0.9766937640258617
0.9959187812412945,0.0040357201695337104,1.784347859460118e-05,1.332477476080638e-05,1.4330335816425569e-05,0,0.9959187812412945
0.00012402796899746842,0.9884972423381421,0.010890686981367312,9.44169686220999e-05,0.000393625742871123,1,0.9884972423381421
7.268331856246315e-06,0.00011344109505819909,0.9997401231855872,1.825775269417201e-05,0.00012090963480390148,2,0.9997401231855872
7.2330972273258955e-06,1.757905310892667e-05,6.647915669927726e-05,5.465159422342534e-05,0.9998540570987411,4,0.9998540570987411
2.717658001589153e-05,4.6044624309560546e-05,0.9991495819926982,0.0006098363442553702,0.00016736045872095426,2,0.9991495819926982
7.960076539949033e-06,2.019751066214571e-05,7.171787933710514e-05,6.313982973970939e-05,0.9998369847037212,4,0.9998369847037212
9.195071276174588e-06,1.9943288037130905e-05,7.137384927292996e-05,6.883615394849758e-05,0.9998306516374653,4,0.9998306516374653
7.2329917300606665e-06,1.7002902785401957e-05,6.692133291432189e-05,6.936889666405873e-05,0.9998394738759062,4,0.9998394738759062
6.446955915313228e-06,6.984894131187465e-05,0.999891693649034,1.454467867431358e-05,1.74657750646311e-05,2,0.999891693649034
7.233017385875056e-06,1.7093870984417446e-05,6.896648679851693e-05,6.368626402371088e-05,0.9998430203608074,4,0.9998430203608074
2.0492973972610303e-05,4.252750881450393e-05,0.00020971930747107345,0.9995965472601647,0.00013071294957705846,3,0.9995965472601647
7.232881084030108e-06,1.8636546053857732e-05,7.09930693103885e-05,7.895858070342165e-05,0.9998241789228484,4,0.9998241789228484
8.823636339531696e-06,1.8287858154647216e-05,9.094088138178953e-05,7.466284204211381e-05,0.9998072847820819,4,0.9998072847820819
1.2931632271494057e-05,0.0005630872989840039,0.9993531444881807,3.3297684194919473e-05,3.753889636894409e-05,2,0.9993531444881807
7.679059836674599e-06,2.0317677545923608e-05,6.283492631302432e-05,6.912968524801212e-05,0.9998400386510563,4,0.9998400386510563
0.9989406600059934,0.000870423297969394,0.00010907784128295647,3.8339580952386e-05,4.149927380219519e-05,0,0.9989406600059934
8.311223752812925e-06,1.7024195705155174e-05,7.811651903741528e-05,7.266089380664503e-05,0.9998238871676979,4,0.9998238871676979
0.00011691245037327735,0.008934655518132323,0.9904979320263851,0.00021667959481572288,0.00023382041029365602,2,0.9904979320263851
1.1003828461270461e-05,2.7618733112378135e-05,9.871590600736952e-05,0.0001395942271646128,0.9997230673052544,4,0.9997230673052544
1.3969665698034643e-05,2.695231890850025e-05,0.9995679749662296,0.0002980337235113894,9.306932565237197e-05,2,0.9995679749662296
7.232994656964592e-06,2.0079742420961485e-05,5.9018259922139574e-05,7.379053184590787e-05,0.9998398784711541,4,0.9998398784711541
8.128296844174052e-06,1.8148532013580135e-05,9.30234773951696e-05,9.238556154722948e-05,0.9997883141321999,4,0.9997883141321999
7.232914128714504e-06,1.3450206132616979e-05,9.031754375731073e-05,6.025254120762966e-05,0.9998287467947737,4,0.9998287467947737
6.184796408464161e-06,9.228474078601163e-05,0.9998613633029608,1.49865707570177e-05,2.5180589087731875e-05,2,0.9998613633029608
7.2330621780724985e-06,1.2874130838748946e-05,7.957585827849464e-05,5.1104819843912204e-05,0.9998492121288609,4,0.9998492121288609
7.90953510515875e-06,0.00044375574902653247,0.9995112765795245,1.572092374191409e-05,2.133721260186093e-05,2,0.9995112765795245
1.0854632679795349e-05,0.0009244700744529143,0.9990126503746449,2.966249736260901e-05,2.236242085983794e-05,2,0.9990126503746449
7.954830998144561e-06,1.9242012080424643e-05,5.885808765259489e-05,6.0126891720745536e-05,0.9998538181775481,4,0.9998538181775481
0.9983592304238402,0.0015857373457606717,2.2804796842906987e-05,1.4508633334342069e-05,1.771880022173185e-05,0,0.9983592304238402
9.719740814491345e-06,1.993078734532542e-05,0.00011268470164533449,0.00011239674036933542,0.9997452680298254,4,0.9997452680298254
1.1590866369912995e-05,0.00018145271405531756,0.9997417311976888,3.174401349073471e-05,3.348120839516162e-05,2,0.9997417311976888
1.0567295199317031e-05,0.00013272451681735714,0.9997984115474664,2.6394541727982566e-05,3.190209878905951e-05,2,0.9997984115474664
9.542332029646277e-05,0.9995239265876655,0.00026073170840833844,6.796967968741387e-05,5.194870394223587e-05,1,0.9995239265876655
7.65653009943471e-06,1.7632618443325505e-05,7.249724599305663e-05,6.261567994277841e-05,0.9998395979255215,4,0.9998395979255215
0.000917171866650952,0.9975525602783668,0.0009352214671683106,0.00025243252383084266,0.00034261386398323806,1,0.9975525602783668
8.96996442691772e-06,1.4829865526775729e-05,8.873436948491418e-05,7.357152722775764e-05,0.9998138942733337,4,0.9998138942733337
1.239470450219069e-05,3.668179769509978e-05,0.9998863159882954,2.7664161554660188e-05,3.694334795266536e-05,2,0.9998863159882954
1.3637859516928085e-05,3.7083695926755e-05,0.00013512053075755595,0.000174104794995273,0.9996400531188036,4,0.9996400531188036
7.232622679656937e-06,1.7355560413656794e-05,8.165085839239818e-05,0.00010530209482836737,0.999788458863686,4,0.999788458863686
7.232937189809355e-06,2.2925453662878763e-05,6.982079165459497e-05,6.808621416010694e-05,0.9998319346033326,4,0.9998319346033326
7.656281497549995e-06,2.371747766211768e-05,8.793437875915074e-05,7.355799080195616e-05,0.9998071338712792,4,0.9998071338712792
8.060633276725417e-06,1.7946141630133583e-05,7.40370568857991e-05,9.235350926806962e-05,0.9998076026589392,4,0.9998076026589392
7.5639608138019115e-06,1.3446975960207896e-05,7.674325838768483e-05,5.542214352296347e-05,0.9998468236613153,4,0.9998468236613153
8.0849772953173e-06,1.7548680627537927e-05,6.518815443738493e-05,7.651190537110288e-05,0.9998326662822686,4,0.9998326662822686
7.232997774462339e-06,2.0916500502305678e-05,6.72123864667823e-05,6.432870246402641e-05,0.9998403094127924,4,0.9998403094127924
8.11368085685706e-06,0.00028915216516847995,0.9996563307545898,2.0452584250393365e-05,2.5950815134457488e-05,2,0.9996563307545898
7.656325398664066e-06,1.653412295844557e-05,7.983379979165633e-05,8.310898699340066e-05,0.9998128667648578,4,0.9998128667648578
1.4083400819890352e-05,3.129920272171927e-05,0.00011663955868661381,0.00014715211379733538,0.9996908257239745,4,0.9996908257239745
7.656497934741156e-06,1.4889235642652844e-05,8.132012749361033e-05,6.073648870862606e-05,0.9998353976502203,4,0.9998353976502203
1.05721623303438e-05,2.7282012174104184e-05,0.00010368218909736079,0.00011335220998943903,0.9997451114264088,4,0.9997451114264088
7.28268397983614e-06,1.9317879978458924e-05,8.032411120370885e-05,7.445417518275185e-05,0.9998186211496554,4,0.9998186211496554
6.498652142072004e-05,0.9994535335209541,0.0003760689729325498,6.1771540903556e-05,4.3639443789066524e-05,1,0.9994535335209541
0.9960530132636213,0.0038883756047262802,2.4343994638908068e-05,1.5908799618950532e-05,1.835833739456768e-05,0,0.9960530132636213
7.232822588779784e-06,2.0849200601173625e-05,7.687517728051278e-05,7.894986135964792e-05,0.9998160929381699,4,0.9998160929381699
0.9997857459677183,0.00018450048167039287,1.0598877491569908e-05,8.451172359128205e-06,1.070350076033505e-05,0,0.9997857459677183
9.196021160671949e-06,1.575906031025062e-05,0.00010747241613418035,7.715761268011161e-05,0.9997904148897148,4,0.9997904148897148
7.5646540869848734e-06,7.12984009884171e-05,0.9997313030677466,1.957810607330241e-05,0.0001702557711044855,2,0.9997313030677466
1.0097759610280728e-05,0.0010022436123940462,0.9989111784559438,2.5075944462321474e-05,5.140422758947181e-05,2,0.9989111784559438
0.00017143690764634712,0.007490258905004463,0.9912982993655897,0.0003025085878874501,0.0007374962338721945,2,0.9912982993655897
7.2328281235162e-06,1.7657175845295038e-05,7.684924088803957e-05,8.140273273809292e-05,0.999816858022405,4,0.999816858022405
1.1367557588781878e-05,2.907026677127691e-05,0.00010196145591149719,0.00015669284055366242,0.9997009078791749,4,0.9997009078791749
1.3834518436553695e-05,0.001099914411701158,0.9987712165799009,3.7238178377286166e-05,7.779631158425244e-05,2,0.9987712165799009
8.128615601156443e-06,1.329447572583938e-05,6.911812002057796e-05,8.193724164568267e-05,0.9998275215470067,4,0.9998275215470067
8.001742238779912e-06,1.361631792314227e-05,6.431723049559123e-05,7.025325991625222e-05,0.9998438114494262,4,0.9998438114494262
7.679156880200342e-06,1.9469009534269678e-05,6.622743237959574e-05,5.395034886430291e-05,0.9998526740523417,4,0.9998526740523417
6.371310361732752e-06,0.00027869223378089366,0.9996794501339805,1.5877043732172472e-05,1.960927814473394e-05,2,0.9996794501339805
7.233036759376219e-06,1.090014326308597e-05,6.703832185792308e-05,6.913007656876119e-05,0.9998456984215509,4,0.9998456984215509
7.237848290666816e-06,1.8512220666634777e-05,7.090782771901178e-05,6.868177089934752e-05,0.9998346603324243,4,0.9998346603324243
7.232977378289079e-06,2.0633806278120234e-05,7.674020051289051e-05,5.790303100160404e-05,0.9998374899848291,4,0.9998374899848291
8.829476315881937e-06,2.4091929611482878e-05,7.251324223504209e-05,0.00010167528357627225,0.9997928900682613,4,0.9997928900682613
8.276673484025191e-06,2.1007335225219664e-05,8.769157473318435e-05,0.00011016030750388157,0.9997728641090536,4,0.9997728641090536
2.615006316634894e-05,7.153514803891768e-05,0.9991097158548664,0.0006584847833326377,0.00013411415059568055,2,0.9991097158548664
1.093638225598273e-05,2.5076824230376366e-05,8.25418902576185e-05,0.00010266958334810511,0.999778775319908,4,0.999778775319908
1.5052941112931755e-05,3.2042058493862304e-05,0.0001395205860172902,0.0002087410028251175,0.9996046434115506,4,0.9996046434115506
7.2378541411193725e-06,2.0076813156203005e-05,6.957957827020233e-05,6.763724186827114e-05,0.9998354685125643,4,0.9998354685125643
7.954859873189308e-06,1.577050532445614e-05,5.791954620395266e-05,6.09075663481038e-05,0.9998574475222504,4,0.9998574475222504
7.23297145486325e-06,2.028014391970038e-05,6.402413624322269e-05,7.179157756299326e-05,0.9998366711708191,4,0.9998366711708191
5.4734823756971804e-06,0.00022675103437555356,0.9997342756983206,1.3739872353005486e-05,1.9759912574980886e-05,2,0.9997342756983206
7.678876567553328e-06,1.4416484200794548e-05,7.630603562911358e-05,8.542222334404772e-05,0.9998161763802585,4,0.9998161763802585
8.31111954659617e-06,1.684147386697684e-05,8.954423917800231e-05,7.395180283680043e-05,0.9998113513645716,4,0.9998113513645716
0.9994233450959181,0.0003603585175512836,0.0001317659151677054,3.400902740623142e-05,5.052144395671288e-05,0,0.9994233450959181
1.5524632105213647e-05,2.007707502553541e-05,0.0001156008259328429,0.00010462867090713679,0.9997441687960293,4,0.9997441687960293
1.0047659208871266e-05,2.527199150942894e-05,8.298906636928688e-05,9.127107439449102e-05,0.9997904202085179,4,0.9997904202085179
1.2206862394564445e-05,0.0005723332847902402,0.9993446864716606,2.814606415078325e-05,4.262731700375942e-05,2,0.9993446864716606
2.742306457812942e-05,6.377335185539602e-05,0.9990155806047875,0.0007403314196997041,0.00015289155907916642,2,0.9990155806047875
7.656116628824204e-06,1.5997067367188152e-05,9.03311520853209e-05,0.00010041142530138253,0.9997856042386172,4,0.9997856042386172
1.3688825689180297e-05,3.2929225252844225e-05,0.00013746705390513757,0.0001411562223557906,0.999674758672797,4,0.999674758672797
1.3595578749206531e-05,3.2138559376335694e-05,0.00012707782848924232,0.00012006373946932965,0.9997071242939157,4,0.9997071242939157
7.679093660184853e-06,1.5251993042039924e-05,5.875327228870669e-05,7.387305242418902e-05,0.999844442588585,4,0.999844442588585
4.524693593268949e-06,0.00015695895304767435,0.9998091826403026,1.0350682045075439e-05,1.8983031011384908e-05,2,0.9998091826403026
7.656360467601717e-06,2.0238821845232766e-05,8.079082065251975e-05,7.386770175456332e-05,0.9998174462952801,4,0.9998174462952801
8.311071349985003e-06,2.3570723267587355e-05,8.581860780380312e-05,7.674619063124599e-05,0.9998055534069473,4,0.9998055534069473
1.1958794801443266e-05,3.459455780097387e-05,0.00010156157893424811,0.0001367426530212719,0.999715142415442,4,0.999715142415442
5.382661465679367e-06,0.0001531172366027869,0.9998089807185209,1.2392227544775208e-05,2.012715586590472e-05,2,0.9998089807185209
7.232750194786169e-06,1.4530514832704068e-05,8.80477133827347e-05,8.410333563163478e-05,0.9998060856859582,4,0.9998060856859582
7.679208059069675e-06,1.4209562772757204e-05,5.614593611465256e-05,6.262757565668867e-05,0.9998593377173969,4,0.9998593377173969
1.112020013313392e-05,2.19870240804694e-05,0.0001312110230785261,0.0001008581493890622,0.9997348236033189,4,0.9997348236033189
7.678952998908861e-06,1.4614570497537875e-05,7.406134975628065e-05,7.751712075652557e-05,0.9998261280059908,4,0.9998261280059908
7.23786760087863e-06,1.539491205622432e-05,7.779002351294991e-05,6.224935628796417e-05,0.999837327840542,4,0.999837327840542
0.0007568233594382708,0.030896622763892465,0.9664273518069436,0.0005983873379692919,0.0013208147317561108,2,0.9664273518069436
3.640146687289832e-05,7.782374662939697e-05,0.9986987942721166,0.0010723913966540885,0.00011458911772701763,2,0.9986987942721166
7.353712377393894e-06,0.0002498156337863279,0.9996834136092088,1.8646832118925696e-05,4.077021250846484e-05,2,0.9996834136092088
7.23288747573142e-06,1.8655457539807575e-05,7.059918788016223e-05,7.844999903498119e-05,0.9998250624680693,4,0.9998250624680693
3.866593221198456e-05,9.266156582867089e-05,0.9983649495682232,0.0012837226341548171,0.00022000029958144045,2,0.9983649495682232
1.0854576446716618e-05,0.0003361869574252079,0.9995776199802033,2.526092699057506e-05,5.007755893442973e-05,2,0.9995776199802033
2.8966748965952436e-05,7.761961930095897e-05,0.9990006488698558,0.0006866991927462758,0.00020606556913112345,2,0.9990006488698558
3.011000526399111e-05,5.81760010009791e-05,0.9989538029932543,0.0007841584708354952,0.00017375252964530445,2,0.9989538029932543
1.0113604494659535e-05,1.6725239702141775e-05,8.069496137887937e-05,0.00010378758241868002,0.9997886786120057,4,0.9997886786120057
4.299258602513108e-05,0.0001005141373174771,0.9986201452807616,0.0009800670390009562,0.00025628095689476184,2,0.9986201452807616
2.3720476880489487e-05,4.387850271990405e-05,0.9991503382070462,0.000644229523435341,0.00013783328991800382,2,0.9991503382070462
8.31678012593478e-06,2.1094080881946684e-05,7.643720687816557e-05,7.798286779265387e-05,0.9998161690643214,4,0.9998161690643214
1.8635835275081686e-05,0.001150466943586731,0.9987336665771499,3.701233838200404e-05,6.0218305606305776e-05,2,0.9987336665771499
4.02361961615678e-05,0.00010547936306404131,0.998723892492371,0.0009958957479955185,0.00013449620040788002,2,0.998723892492371
3.699553582176217e-05,8.797879968893705e-05,0.9988816509116216,0.00081808001939648,0.00017529473347128514,2,0.9988816509116216
2.180813703231845e-05,4.443579618817306e-05,0.9992151299515613,0.000580012998831248,0.00013861311638704794,2,0.9992151299515613
2.9571123083070434e-05,7.467518977131829e-05,0.9988199544538292,0.0009260480910190527,0.0001497511422971539,2,0.9988199544538292
8.128616065266817e-06,1.8595716608528252e-05,7.011984904853844e-05,7.557718524942722e-05,0.9998275786330282,4,0.9998275786330282
1.205290721945255e-05,2.665129180443444e-05,0.00010535205101209693,0.00010672790604376228,0.9997492158439204,4,0.9997492158439204
9.703845386742497e-06,2.0420643035239718e-05,8.72544088587717e-05,9.948707119594068e-05,0.9997831340315232,4,0.9997831340315232
8.82368142790172e-06,2.2484234235902352e-05,6.559873478313334e-05,9.069959889223087e-05,0.9998123937506608,4,0.9998123937506608
1.733504532909424e-05,3.835010751479867e-05,0.9994949882930676,0.00033948322002617275,0.00010984333406238503,2,0.9994949882930676
7.679032158752444e-06,1.8582435737751683e-05,6.048668723923427e-05,7.68169545997884e-05,0.9998364348902645,4,0.9998364348902645
4.392846089597128e-06,6.658687938950535e-05,0.9999081980272309,1.1620179249546445e-05,9.202068040582626e-06,2,0.9999081980272309
1.1746967442836098e-05,3.1646313287971054e-05,9.049671924090183e-05,0.00015729853281729207,0.999708811467211,4,0.999708811467211
8.128583421304041e-06,1.9827997213330942e-05,8.009877448802142e-05,6.838125060548482e-05,0.9998235633942719,4,0.9998235633942719
2.7986669021329905e-05,6.074369038274549e-05,0.998917305678846,0.0008321881279400772,0.0001617758338099643,2,0.998917305678846
7.168103655819106e-06,0.0001327245565566126,0.9998308037582401,1.6655887075683233e-05,1.264769447175043e-05,2,0.9998308037582401
1.533945541195426e-05,2.7841260799151684e-05,0.9995657839712925,0.00030599137976299317,8.504393273352641e-05,2,0.9995657839712925
9.231905871148569e-06,2.206168145550446e-05,9.201630096495301e-05,0.00012145574016140933,0.999755234371547,4,0.999755234371547
2.3686440223362897e-05,7.272557344547868e-05,0.9990852061692594,0.0006626775035394577,0.00015570431353218827,2,0.9990852061692594
7.678975077869715e-06,1.5982004839500163e-05,8.842351335255173e-05,5.891274399264595e-05,0.9998290027627375,4,0.9998290027627375
8.224347135185334e-06,0.00031188651565808203,0.9995771469281538,1.839568244450047e-05,8.434652660842498e-05,2,0.9995771469281538
1.3715484198577063e-05,0.00012186301540095586,0.9997685992142836,4.047771476571534e-05,5.534457135113173e-05,2,0.9997685992142836
7.598279726863782e-06,9.81146984327349e-05,0.9998609675733215,1.858494431617329e-05,1.4734504202626355e-05,2,0.9998609675733215
0.0001222585706210172,0.9984653760596145,0.0010697733852225687,9.179828127307542e-05,0.0002507937032688313,1,0.9984653760596145
3.07479501028634e-05,6.142868798275742e-05,0.9989008792123416,0.0008550387092475104,0.00015190544032500118,2,0.9989008792123416
5.60987889621687e-05,7.660134621816946e-05,0.9986908362509777,0.000942163184874946,0.00023430042896697525,2,0.9986908362509777
1.9945681328852775e-05,0.007622603078530881,0.9922656186866189,4.892482945407425e-05,4.290772406735213e-05,2,0.9922656186866189
3.412840263514809e-05,8.462947800125767e-05,0.9986346410212474,0.001028813334307525,0.00021778776380877417,2,0.9986346410212474
8.663412153680329e-06,0.00016097210663391082,0.9997726287586891,2.0207721257308098e-05,3.752800126611181e-05,2,0.9997726287586891
1.987257748130569e-05,4.3471290084444304e-05,0.9993797598985925,0.0004565222359234051,0.00010037399791822845,2,0.9993797598985925
1.190658283936523e-05,0.0005292335795416178,0.999392515539973,3.134864016536632e-05,3.499565748045606e-05,2,0.999392515539973
5.405872551062316e-06,5.418499206501359e-05,0.9999149478026893,1.4004464050074178e-05,1.1456868644576251e-05,2,0.9999149478026893
2.2121226856415753e-05,4.394453007187104e-05,0.9993204043070536,0.0004920065236237406,0.00012152341239422169,2,0.9993204043070536
3.775294983417612e-05,9.830790740652827e-05,0.9987455806263931,0.0009113389025963339,0.00020701961376974658,2,0.9987455806263931
3.452075494662779e-05,8.33602154117915e-05,0.9987089067443777,0.0010043382401398755,0.00016887404512395794,2,0.9987089067443777
1.5454266955808457e-05,3.638803782908513e-05,0.9996085163785843,0.00025498831216000996,8.465300447087158e-05,2,0.9996085163785843
2.914823966604788e-05,6.72622406150429e-05,0.9989262537803151,0.0007902911055218898,0.00018704463388176664,2,0.9989262537803151
3.531071014245475e-05,8.068545912415275e-05,0.9987016425604813,0.0010512119278447058,0.00013114934240740996,2,0.9987016425604813
0.0008084366322875534,0.963862846106104,0.03437366489074497,0.0005297698625482297,0.0004252825083155344,1,0.963862846106104
1.0315609484827074e-05,7.559449783093009e-05,0.9998578972045862,2.6923883064172634e-05,2.9268805033817377e-05,2,0.9998578972045862
1.9498886217914254e-05,3.799839683032475e-05,0.999572191829897,0.00031639391884389083,5.3916968210638864e-05,2,0.999572191829897
2.9488269342893078e-05,7.76841844762749e-05,0.9989224761548331,0.0007938919298441355,0.00017645946150347024,2,0.9989224761548331
2.5694505416626236e-05,3.602918792832531e-05,0.9992658378904556,0.0005025286051288427,0.00016990981107064979,2,0.9992658378904556
3.1191970196023624e-05,7.869400550821505e-05,0.9989847625411099,0.0007507133670998207,0.00015463811608615053,2,0.9989847625411099
1.216904351354519e-05,0.00027377341636132004,0.9996593092302798,2.8980773350135097e-05,2.576753649534711e-05,2,0.9996593092302798
3.090191955083207e-05,6.900215014092906e-05,0.9989327194087602,0.0007761522483736776,0.0001912242731744098,2,0.9989327194087602
2.0978211622281562e-05,5.1253252728017596e-05,0.9994467154542359,0.0003765819806728038,0.00010447110074095991,2,0.9994467154542359
2.2380752433728218e-05,3.160402421797403e-05,0.9995755151517999,0.0002814082104968074,8.90918610515144e-05,2,0.9995755151517999
1.2852479536561128e-05,2.667999356650733e-05,0.9996377927255621,0.0002358074174804048,8.68673838544947e-05,2,0.9996377927255621
3.269944165961565e-05,8.42036687250745e-05,0.9989002602592336,0.0008488719176773261,0.0001339647127045024,2,0.9989002602592336
2.1349698056962997e-05,4.2917392079088206e-05,0.999225554783079,0.000572693839700527,0.0001374842870845062,2,0.999225554783079
1.3936825215302214e-05,3.8371724292988774e-05,0.9996165238250869,0.0002835069590303071,4.766066637463414e-05,2,0.9996165238250869
6.480947788721065e-06,0.0002665803081843881,0.9996958374386002,1.7749431964114095e-05,1.3351873462451308e-05,2,0.9996958374386002
3.282031545126882e-05,9.556515923543358e-05,0.9988054222396318,0.0008818870328887159,0.00018430525279302182,2,0.9988054222396318
1.8669265135854742e-05,3.621017200082139e-05,0.9994863965884146,0.0003471949553062756,0.00011152901914230956,2,0.9994863965884146
0.0007143011628451199,0.2415291356508927,0.755537632954811,0.0012827097941168928,0.0009362204373340955,2,0.755537632954811
3.4632417680754976e-05,0.00010010752403726018,0.9988582522723367,0.0008170997187962761,0.0001899080671490236,2,0.9988582522723367
1.0620144572013357e-05,5.6878266591343524e-05,0.9998833697183912,2.4762483693080263e-05,2.436938675213523e-05,2,0.9998833697183912
0.0037836533608531695,0.9950481573522536,0.0005325034350667888,0.000338443012006105,0.000297242839820376,1,0.9950481573522536
1.3800264915849994e-05,3.0459012969225257e-05,0.9996261633521032,0.0002846245175967636,4.495285241483638e-05,2,0.9996261633521032
2.4549704661310644e-05,3.611737327493967e-05,0.9991941817444964,0.0005669218317009074,0.00017822934586650077,2,0.9991941817444964
0.00018002485447385862,0.9991123547555225,0.0004964938211684728,0.00010325804996876703,0.00010786851886642487,1,0.9991123547555225
2.9565696389412054e-05,5.641871906635966e-05,0.9989994599380411,0.0007134135519557841,0.00020114209454739283,2,0.9989994599380411
0.0029504606381953345,0.7311418074286684,0.26259590772635094,0.0019031710572722544,0.0014086531495131802,1,0.7311418074286684
1.3268988206062284e-05,0.000251383724692348,0.9996794813056579,3.153784701487106e-05,2.4328134428982043e-05,2,0.9996794813056579
6.8036446604401465e-06,0.0001638632642539405,0.9997811825192853,1.6335442880896706e-05,3.1815128919509365e-05,2,0.9997811825192853
2.9056330855598423e-05,5.6200034531335335e-05,0.9985332535423768,0.0011767515211471083,0.00020473857108909912,2,0.9985332535423768
1.850804771782805e-05,4.1770249633313385e-05,0.9993825961758378,0.00046165828839275276,9.546723841824085e-05,2,0.9993825961758378
1.957275945920462e-05,0.0006505644019199722,0.9991900666194575,5.126398269700982e-05,8.853223646619547e-05,2,0.9991900666194575
2.861989196620642e-05,8.403449084098694e-05,0.9988083237749256,0.000884041535480528,0.00019498030678693554,2,0.9988083237749256
2.9417352761021284e-05,0.0006704593733627089,0.9992184962443175,4.121891819118612e-05,4.040811136773066e-05,2,0.9992184962443175
8.591349757704112e-06,5.206079581144723e-05,0.9998887813860452,2.450638186564809e-05,2.6060086519943514e-05,2,0.9998887813860452
8.450412540974086e-06,0.00044059901019669864,0.9995172674228594,1.8124418104406495e-05,1.55587362985398e-05,2,0.9995172674228594
0.0002894131913805854,0.9790163030548102,0.02020024357797373,0.00023979646095600445,0.00025424371487934926,1,0.9790163030548102
7.204196333758065e-06,0.00033305868180807664,0.9996275956045646,1.8161767865071956e-05,1.3979749428682804e-05,2,0.9996275956045646
2.4634205485004488e-05,7.443792400655178e-05,0.9990925042918197,0.0006855570263754327,0.00012286655231317513,2,0.9990925042918197
1.9366317654141144e-05,5.3432515231460645e-05,0.9993188344716697,0.0005005174066551934,0.0001078492887893928,2,0.9993188344716697
3.1087920078650315e-05,6.92113910265633e-05,0.9988542462364749,0.0008648636426605729,0.00018059080975946662,2,0.9988542462364749
1.4125409473217938e-05,0.00018628075962829474,0.999741488140626,2.9397937798925934e-05,2.8707752473481753e-05,2,0.999741488140626
1.2164769605689404e-05,0.00042411303983216095,0.9995039010775751,3.0297096759247646e-05,2.9524016227570693e-05,2,0.9995039010775751
3.1696601975935384e-05,8.430535075844207e-05,0.9988375602401787,0.0008918889617661192,0.00015454884532056895,2,0.9988375602401787
1.1927573187898134e-05,0.000354329170638468,0.9995682720078529,3.20893269694934e-05,3.3381921351239746e-05,2,0.9995682720078529
3.232468389026882e-05,6.986718848928049e-05,0.9987589562719227,0.0009286308640060465,0.00021022099169166895,2,0.9987589562719227
3.27438727472774e-05,9.074842370021278e-05,0.9986335572912531,0.0010376169983263783,0.00020533341397275067,2,0.9986335572912531
2.6846933147216273e-05,5.865694355375129e-05,0.9989258295876717,0.0008140696569927322,0.0001745968786344969,2,0.9989258295876717
1.4450180688300548e-05,3.822894431799203e-05,0.9995661035665844,0.0002916019385277959,8.961536988145843e-05,2,0.9995661035665844
2.62372873149776e-05,5.266692029185082e-05,0.9991998854857849,0.0006324206323796278,8.878967422860964e-05,2,0.9991998854857849
3.710217066237776e-05,5.897499298810642e-05,0.9989256257346822,0.0008818609515693986,9.643615009776948e-05,2,0.9989256257346822
2.8482271226654427e-05,2.7719774542951698e-05,0.999558025874855,0.00027978846307528683,0.00010598361630018964,2,0.999558025874855
1.2096299212307369e-05,6.717635749195441e-05,0.999844380490878,3.428272544899778e-05,4.206412696886608e-05,2,0.999844380490878
2.0497271585876357e-05,4.2040995885223026e-05,0.9993228694679963,0.0004935121978514142,0.00012108006668126935,2,0.9993228694679963
2.835980280190505e-05,7.205609551256859e-05,0.9989034509434142,0.0008302432474809718,0.00016588991079032135,2,0.9989034509434142
1.8925408554470978e-05,0.001175620631565921,0.9986997138639581,4.4348446703335424e-05,6.13916492181091e-05,2,0.9986997138639581
1.8082943166488537e-05,0.0005428104354758966,0.9993680858841795,4.022962853576128e-05,3.079110864252458e-05,2,0.9993680858841795
2.967358555863561e-05,6.229948517293259e-05,0.9987190349275886,0.001004326793321704,0.0001846652083581109,2,0.9987190349275886
0.9991508491467168,0.0005822770144462336,0.00011087733379870706,5.851025068787018e-05,9.748625435053253e-05,0,0.9991508491467168
2.050420816954087e-05,4.1844552010844716e-05,0.9994649043635425,0.00039241960171744586,8.032727455975032e-05,2,0.9994649043635425
2.314716384633022e-05,5.6058839043282285e-05,0.9991503698983069,0.0006308831582872202,0.00013954094051633146,2,0.9991503698983069
2.9260689800458186e-05,6.483075851156367e-05,0.9988726843206891,0.0009296836216177905,0.00010354060938106384,2,0.9988726843206891
0.00013483026829091692,0.97333682824043,0.026106484927577722,0.00023835452978021273,0.00018350203392141303,1,0.97333682824043
3.4334964269779164e-05,9.273284223467627e-05,0.9985015604081746,0.001152175768984716,0.0002191960163362886,2,0.9985015604081746
2.3635758448443833e-05,5.501764664572891e-05,0.9993132583856214,0.0004828878867019125,0.0001252003225825019,2,0.9993132583856214
1.9026028171525697e-05,5.5788283439766044e-05,0.9993863597268564,0.00042083265828261613,0.00011799330324961131,2,0.9993863597268564
2.0824575756113812e-05,4.550301721989742e-05,0.9994329400831762,0.0004100686345946629,9.066368925334873e-05,2,0.9994329400831762
2.630514464524869e-05,5.3291161718984085e-05,0.9991299184182812,0.0006587568176866737,0.0001317284576679277,2,0.9991299184182812
1.3080917981717991e-05,2.604192856154311e-05,0.9996249057871787,0.0002528967301921467,8.307463608588778e-05,2,0.9996249057871787
3.390995740920387e-05,7.220482912442056e-05,0.9989570429241884,0.0007794622623302836,0.0001573800269476585,2,0.9989570429241884
3.057329420006174e-05,9.355603641698662e-05,0.9987996392028116,0.0009087976081974757,0.00016743385837371614,2,0.9987996392028116
1.4278808712411507e-05,3.448839310233121e-05,0.9995574707780321,0.00032619513883847413,6.756688131453705e-05,2,0.9995574707780321
1.6156243370389453e-05,3.7742458517940296e-05,0.9994812175039007,0.0003653866941650798,9.949710004583513e-05,2,0.9994812175039007
1.64198131614027e-05,4.019532615855317e-05,0.9995096404175057,0.0003403822367910557,9.336220638322678e-05,2,0.9995096404175057
2.607984735861976e-05,5.0954899130066266e-05,0.9989712032564444,0.0007797954693165698,0.000171966527750457,2,0.9989712032564444
3.322630826928456e-05,8.098630237116085e-05,0.9985694969625869,0.0010909457782997786,0.00022534464847259386,2,0.9985694969625869
3.32489008879175e-05,7.423867442024936e-05,0.9989670161816869,0.0007675931449169128,0.000157903098088188,2,0.9989670161816869
3.323991525412225e-05,7.809346328362338e-05,0.9987760190797992,0.0009208335811551021,0.00019181396050788077,2,0.9987760190797992
1.1265228367306026e-05,0.00028000982442078073,0.999656100560207,2.8979115913563966e-05,2.3645271091237466e-05,2,0.999656100560207
0.0022397170721560173,0.9958091904228116,0.0011022767876672035,0.00047851730824008355,0.00037029840912494825,1,0.9958091904228116
1.8737311467685956e-05,2.849355374691397e-05,0.9996164189485307,0.00024650712190896765,8.984306434578123e-05,2,0.9996164189485307
2.4440899636682614e-05,7.47950780876964e-05,0.9990590284328437,0.0006812901672257176,0.0001604454222062064,2,0.9990590284328437
2.584525744673383e-05,7.458641662562806e-05,0.9990632238922907,0.0007158792651977232,0.00012046516843926593,2,0.9990632238922907
1.881006285944562e-05,0.001420426242190438,0.9984732295643661,4.321760638194912e-05,4.431652420204529e-05,2,0.9984732295643661
1.5632610264408298e-05,0.0005307066831006781,0.9993653937412179,4.154788480104655e-05,4.6719080615994245e-05,2,0.9993653937412179
3.0409540922660996e-05,5.383582804264155e-05,0.998775539854158,0.000942074660206927,0.000198140116669723,2,0.998775539854158
2.1513621033700657e-05,4.04742255199607e-05,0.9994250063377811,0.0003974522498065135,0.00011555356585865627,2,0.9994250063377811
3.1198414989230495e-05,9.592850744179981e-05,0.9989195101503675,0.0007611713624067272,0.00019219156479470564,2,0.9989195101503675
1.0842730570955859e-05,0.00048597086198495695,0.9994476930909785,2.770823837892574e-05,2.778507808669121e-05,2,0.9994476930909785
2.875367780023713e-05,7.063410724142931e-05,0.9988964571394038,0.0008491260904171038,0.00015502898513741788,2,0.9988964571394038
1.5221536164419846e-05,2.70656899698351e-05,0.9996303210805574,0.0002456340580460013,8.175763526232618e-05,2,0.9996303210805574
2.5718675053519712e-05,6.823327849764775e-05,0.9991611799697268,0.0006538610872877033,9.100698943444928e-05,2,0.9991611799697268
2.096632623309197e-05,4.793501331129123e-05,0.999425272893353,0.0004031033933673173,0.00010272237373532318,2,0.999425272893353
3.451290932335591e-05,9.557371103236316e-05,0.9988880821654559,0.0008555148745308232,0.00012631633965780496,2,0.9988880821654559
1.8469779128550704e-05,0.0005080278879483892,0.999404625066679,3.486578645227824e-05,3.4011479791864845e-05,2,0.999404625066679
